/*--------------------------------*- C++ -*----------------------------------*\
  =========                 |
  \\      /  F ield         | OpenFOAM: The Open Source CFD Toolbox
   \\    /   O peration     | Website:  https://openfoam.org
    \\  /    A nd           | Version:  14
     \\/     M anipulation  |
\*---------------------------------------------------------------------------*/
FoamFile
{
    format      ascii;
    class       volScalarField;
    location    "3000";
    object      nut;
}
// * * * * * * * * * * * * * * * * * * * * * * * * * * * * * * * * * * * * * //

dimensions      [0 2 -1 0 0 0 0];

internalField   nonuniform List<scalar> 
47080
(
2.7779155e-19
2.4177669e-19
9.3817016e-19
1.7812818e-18
2.644907e-18
4.8612183e-18
1.5125622e-16
9.0052408e-16
3.0056181e-15
3.6760765e-15
3.3716786e-15
2.9020186e-15
2.4286902e-15
2.0305288e-15
1.6904101e-15
1.4024892e-15
1.1608893e-15
9.6491169e-16
8.0111115e-16
6.6439353e-16
5.5548648e-16
4.6904402e-16
4.0012865e-16
3.4779617e-16
3.0478706e-16
2.7203919e-16
2.55343e-16
2.4241444e-16
2.3193445e-16
2.2397754e-16
2.2011424e-16
2.2130273e-16
2.2731826e-16
2.3767584e-16
2.5117812e-16
2.6845482e-16
2.8748637e-16
3.1221974e-16
3.4367898e-16
3.8073622e-16
4.2841123e-16
4.8568294e-16
5.5675582e-16
6.4251073e-16
7.6619666e-16
8.2671623e-16
8.7115671e-16
9.1250432e-16
9.5459604e-16
9.9948114e-16
1.0487084e-15
1.1021356e-15
1.1586298e-15
1.2169254e-15
1.2800463e-15
1.3484927e-15
1.4226253e-15
1.4990316e-15
1.5784689e-15
1.6637688e-15
1.7570597e-15
1.8550659e-15
1.9566039e-15
2.0640942e-15
2.1811663e-15
2.3042917e-15
2.4296632e-15
2.5553535e-15
2.6932338e-15
2.8383932e-15
2.9860009e-15
3.1416589e-15
3.3109162e-15
3.4816021e-15
3.6586131e-15
3.8431721e-15
4.0374587e-15
4.2314831e-15
4.4307389e-15
4.6417144e-15
4.8558205e-15
5.0680416e-15
5.2938286e-15
5.5206821e-15
5.7500625e-15
5.9818649e-15
6.2252242e-15
6.4605194e-15
6.7034185e-15
6.95056e-15
7.1952512e-15
7.4411288e-15
7.6980243e-15
7.9435292e-15
8.2005954e-15
8.4544888e-15
8.7076738e-15
8.9694591e-15
9.2272289e-15
9.4794499e-15
9.7471038e-15
1.0003452e-14
1.0278408e-14
1.0537685e-14
1.0806794e-14
1.1075312e-14
1.1345979e-14
1.1618427e-14
1.1871649e-14
1.21648e-14
5.8878539e-17
5.123536e-17
1.9886618e-16
3.7749348e-16
5.6059405e-16
1.0295223e-15
3.203982e-14
1.9081802e-13
6.3713489e-13
7.7927722e-13
7.1488008e-13
6.152307e-13
5.1493913e-13
4.3053294e-13
3.5842405e-13
2.9737856e-13
2.4615745e-13
2.0460362e-13
1.6987174e-13
1.4087545e-13
1.177873e-13
9.9453944e-14
8.4849446e-14
7.3752874e-14
6.4632244e-14
5.7689969e-14
5.4171909e-14
5.1440205e-14
4.9218378e-14
4.7529054e-14
4.6706793e-14
4.6956679e-14
4.8230194e-14
5.0425621e-14
5.3287154e-14
5.6949293e-14
6.0981327e-14
6.6226475e-14
7.289745e-14
8.0755711e-14
9.0865653e-14
1.0301114e-13
1.1808496e-13
1.3626627e-13
1.6237301e-13
1.7519789e-13
1.8462129e-13
1.9337487e-13
2.0229852e-13
2.1180324e-13
2.2223599e-13
2.3355719e-13
2.4552282e-13
2.5787899e-13
2.7125499e-13
2.8575994e-13
3.0147065e-13
3.1766557e-13
3.3449982e-13
3.525774e-13
3.7234811e-13
3.9311832e-13
4.1463663e-13
4.3741758e-13
4.6222767e-13
4.8832174e-13
5.1489936e-13
5.4152868e-13
5.7076426e-13
6.0153102e-13
6.3279292e-13
6.658011e-13
7.0166321e-13
7.3784352e-13
7.7536934e-13
8.1449059e-13
8.5567173e-13
8.9679573e-13
9.3903474e-13
9.8375155e-13
1.029141e-12
1.0741249e-12
1.1219854e-12
1.1700752e-12
1.2187011e-12
1.2678415e-12
1.3194321e-12
1.3693187e-12
1.4208164e-12
1.473214e-12
1.5250925e-12
1.5772232e-12
1.6316898e-12
1.6837452e-12
1.738249e-12
1.7920825e-12
1.845768e-12
1.9012742e-12
1.9559321e-12
2.0094138e-12
2.066169e-12
2.1205315e-12
2.1788381e-12
2.2338206e-12
2.2908836e-12
2.3478203e-12
2.405219e-12
2.4629876e-12
2.5166967e-12
2.5788497e-12
1.6455053e-15
1.4313116e-15
5.545498e-15
1.0515292e-14
1.5608383e-14
2.864826e-14
8.920328e-13
5.3150111e-12
1.7759287e-11
2.1728065e-11
1.9943666e-11
1.716792e-11
1.4375005e-11
1.2021845e-11
1.0010443e-11
8.3068103e-12
6.8771029e-12
5.7167736e-12
4.7467289e-12
3.9365384e-12
3.2917021e-12
2.7793107e-12
2.3715181e-12
2.0614375e-12
1.8065255e-12
1.614191e-12
1.5423125e-12
1.4791808e-12
1.419745e-12
1.3727278e-12
1.3494585e-12
1.3568513e-12
1.3941648e-12
1.4584699e-12
1.5416252e-12
1.6476559e-12
1.7644092e-12
1.9162156e-12
2.1091778e-12
2.336554e-12
2.6289541e-12
2.9802778e-12
3.4163388e-12
3.9419784e-12
4.5339575e-12
4.8919268e-12
5.1550931e-12
5.3991572e-12
5.6482905e-12
5.9133451e-12
6.2044833e-12
6.5203687e-12
6.8540631e-12
7.1988911e-12
7.5720831e-12
7.976769e-12
8.4150922e-12
8.8669684e-12
9.3365743e-12
9.8408619e-12
1.0392338e-11
1.0971654e-11
1.1571803e-11
1.2207156e-11
1.2899013e-11
1.362665e-11
1.4367918e-11
1.5110187e-11
1.5925582e-11
1.6783344e-11
1.7654167e-11
1.857473e-11
1.9574044e-11
2.0582453e-11
2.1628416e-11
2.2718626e-11
2.3866121e-11
2.5011807e-11
2.618867e-11
2.7434244e-11
2.8698661e-11
2.9951522e-11
3.1284401e-11
3.2623591e-11
3.3977604e-11
3.5345834e-11
3.6782141e-11
3.8170999e-11
3.960457e-11
4.1063011e-11
4.2506874e-11
4.3957634e-11
4.547321e-11
4.6921639e-11
4.8437982e-11
4.9935528e-11
5.1428889e-11
5.297263e-11
5.4492669e-11
5.5979876e-11
5.7557931e-11
5.906941e-11
6.0690331e-11
6.2218673e-11
6.380457e-11
6.5386708e-11
6.6981731e-11
6.8586652e-11
7.0079286e-11
7.1804928e-11
1.7638129e-14
1.5338652e-14
5.8935631e-14
1.1113599e-13
1.6445016e-13
3.0167787e-13
9.4141686e-12
5.6187538e-11
1.8786635e-10
2.3011113e-10
2.116568e-10
1.8252442e-10
1.530885e-10
1.2819294e-10
1.068564e-10
8.8744675e-11
7.3522893e-11
6.1151092e-11
5.0796237e-11
4.2137546e-11
3.524645e-11
2.9763427e-11
2.5403776e-11
2.2084792e-11
1.9355123e-11
1.7279867e-11
1.6255764e-11
1.5452527e-11
1.478957e-11
1.4282734e-11
1.4034479e-11
1.4120533e-11
1.458499e-11
1.5387022e-11
1.6335699e-11
1.7486031e-11
1.876079e-11
2.0389504e-11
2.2445758e-11
2.4876632e-11
2.7986646e-11
3.1728779e-11
3.6373597e-11
4.1957597e-11
4.846007e-11
5.227754e-11
5.5084773e-11
5.7682929e-11
6.0338294e-11
6.3159753e-11
6.6260214e-11
6.9623741e-11
7.3173856e-11
7.6844571e-11
8.0815356e-11
8.5120324e-11
8.9782085e-11
9.4587372e-11
9.957861e-11
1.0493708e-10
1.1079497e-10
1.1694642e-10
1.2331699e-10
1.3005906e-10
1.3739749e-10
1.4511275e-10
1.5297127e-10
1.6083291e-10
1.694706e-10
1.785511e-10
1.8775782e-10
1.9749894e-10
2.080611e-10
2.1871584e-10
2.2976541e-10
2.412739e-10
2.5338137e-10
2.6546101e-10
2.7786683e-10
2.9098639e-10
3.0430019e-10
3.1748357e-10
3.3150173e-10
3.4557841e-10
3.5980408e-10
3.7417096e-10
3.8924423e-10
4.0381233e-10
4.1884186e-10
4.341217e-10
4.492412e-10
4.6442428e-10
4.8027583e-10
4.9541718e-10
5.1125939e-10
5.2689456e-10
5.4247938e-10
5.5857784e-10
5.7442048e-10
5.8991255e-10
6.0634024e-10
6.220663e-10
6.3892069e-10
6.5480253e-10
6.7127229e-10
6.8769051e-10
7.0423803e-10
7.2087495e-10
7.3635585e-10
7.5419213e-10
1.1303405e-13
9.8307121e-14
3.6883321e-13
6.8343078e-13
1.0007915e-12
1.8330763e-12
5.7524192e-11
3.4484346e-10
1.152882e-09
1.4164314e-09
1.3109564e-09
1.1373337e-09
9.590185e-10
8.0651569e-10
6.746517e-10
5.6193695e-10
4.6669537e-10
3.8892488e-10
3.235577e-10
2.6869864e-10
2.2495546e-10
1.9007561e-10
1.6233221e-10
1.4117946e-10
1.2376273e-10
1.104564e-10
1.0295931e-10
9.7356764e-11
9.3022018e-11
8.9767104e-11
8.8176285e-11
8.8641376e-11
9.1160478e-11
9.5530707e-11
1.010449e-10
1.0798645e-10
1.1563046e-10
1.2553839e-10
1.3810266e-10
1.5291307e-10
1.719202e-10
1.9479837e-10
2.232834e-10
2.5735254e-10
3.07766e-10
3.3182055e-10
3.4949049e-10
3.6580014e-10
3.8247866e-10
4.0016974e-10
4.1961106e-10
4.4068761e-10
4.6290521e-10
4.8587185e-10
5.106911e-10
5.375768e-10
5.6666718e-10
5.9662715e-10
6.2770468e-10
6.6103545e-10
6.9743226e-10
7.3561043e-10
7.7510007e-10
8.16841e-10
8.6221362e-10
9.0985649e-10
9.5832727e-10
1.0067127e-09
1.0598351e-09
1.1155818e-09
1.1719892e-09
1.2316367e-09
1.2961744e-09
1.3611865e-09
1.428522e-09
1.4985152e-09
1.5720258e-09
1.6452247e-09
1.7202993e-09
1.7995286e-09
1.8798051e-09
1.9591513e-09
2.0433726e-09
2.1277845e-09
2.2129559e-09
2.29881e-09
2.388724e-09
2.4754699e-09
2.564818e-09
2.65546e-09
2.7450077e-09
2.8347661e-09
2.9282955e-09
3.0174766e-09
3.1106241e-09
3.2023568e-09
3.293663e-09
3.3877649e-09
3.480213e-09
3.570457e-09
3.6659599e-09
3.7572163e-09
3.8548385e-09
3.9466546e-09
4.0417045e-09
4.1362433e-09
4.2314298e-09
4.3269222e-09
4.4158652e-09
4.5173774e-09
5.3076947e-13
4.6220286e-13
1.6489364e-12
2.9313816e-12
4.1859966e-12
7.6233112e-12
2.4150241e-10
1.4590363e-09
4.8659407e-09
6.0150542e-09
5.6437178e-09
4.9656796e-09
4.2408199e-09
3.6046811e-09
3.0426714e-09
2.5539295e-09
2.1351558e-09
1.7890736e-09
1.4947724e-09
1.2451446e-09
1.044716e-09
8.8409442e-10
7.5600603e-10
6.5813992e-10
5.7730974e-10
5.1530945e-10
4.7759667e-10
4.5012323e-10
4.2962136e-10
4.1436091e-10
4.068614e-10
4.0867408e-10
4.1889346e-10
4.3676222e-10
4.6055059e-10
4.9134467e-10
5.2504879e-10
5.6919079e-10
6.2529469e-10
6.9116333e-10
7.7574914e-10
8.7704686e-10
1.0024762e-09
1.1523462e-09
1.4105182e-09
1.5184383e-09
1.5973748e-09
1.6699198e-09
1.7440411e-09
1.8224561e-09
1.9085525e-09
2.0017196e-09
2.0997057e-09
2.200806e-09
2.3098146e-09
2.4276418e-09
2.5548686e-09
2.6855732e-09
2.8207306e-09
2.9653149e-09
3.1227702e-09
3.2874866e-09
3.4573295e-09
3.6362946e-09
3.8302186e-09
4.0332182e-09
4.2390665e-09
4.4435949e-09
4.6675784e-09
4.9016996e-09
5.1377118e-09
5.3865699e-09
5.6546864e-09
5.923845e-09
6.2016914e-09
6.4892426e-09
6.7900224e-09
7.0882551e-09
7.3930855e-09
7.7133655e-09
8.0366404e-09
8.3549214e-09
8.6914152e-09
9.0272072e-09
9.3648535e-09
9.7037622e-09
1.0057312e-08
1.039703e-08
1.0745718e-08
1.1097808e-08
1.1444467e-08
1.1790556e-08
1.2149711e-08
1.2490847e-08
1.2845885e-08
1.3193918e-08
1.3539297e-08
1.3893564e-08
1.4240368e-08
1.4577661e-08
1.4933145e-08
1.5271494e-08
1.5632098e-08
1.5969931e-08
1.6318508e-08
1.6663595e-08
1.7010358e-08
1.7356725e-08
1.7680041e-08
1.8041803e-08
2.0276126e-12
1.7732348e-12
5.8075821e-12
9.5536391e-12
1.300814e-11
2.3336555e-11
7.4730849e-10
4.5575175e-09
1.511191e-08
1.8864213e-08
1.8105989e-08
1.6329188e-08
1.4275298e-08
1.2386044e-08
1.0646311e-08
9.0797049e-09
7.6974471e-09
6.5255276e-09
5.5038838e-09
4.6182704e-09
3.8956155e-09
3.3089637e-09
2.8364235e-09
2.4739334e-09
2.1721282e-09
1.9397267e-09
1.7909064e-09
1.6841351e-09
1.6061389e-09
1.548143e-09
1.5191297e-09
1.5242279e-09
1.557589e-09
1.6168084e-09
1.6993273e-09
1.8084671e-09
1.927009e-09
2.0834597e-09
2.2823261e-09
2.5143735e-09
2.8117499e-09
3.1651058e-09
3.5989624e-09
4.1142037e-09
5.0990882e-09
5.4711722e-09
5.7404082e-09
5.9860613e-09
6.236188e-09
6.4997311e-09
6.7883872e-09
7.0996815e-09
7.4257735e-09
7.76067e-09
8.1202399e-09
8.5072401e-09
8.9234846e-09
9.3489478e-09
9.7863009e-09
1.0251845e-08
1.0756268e-08
1.1281345e-08
1.1819543e-08
1.2383307e-08
1.2990736e-08
1.3623043e-08
1.4260114e-08
1.4887808e-08
1.5571835e-08
1.6282097e-08
1.6993776e-08
1.7739939e-08
1.8538398e-08
1.9335125e-08
2.0152909e-08
2.0993028e-08
2.1865763e-08
2.2725095e-08
2.3598489e-08
2.4509673e-08
2.5423662e-08
2.6318048e-08
2.7257754e-08
2.8188942e-08
2.9120483e-08
3.0049284e-08
3.1012513e-08
3.1932252e-08
3.2871553e-08
3.3813168e-08
3.4735789e-08
3.5651455e-08
3.6596013e-08
3.7488014e-08
3.8411829e-08
3.931109e-08
4.0199969e-08
4.1105308e-08
4.1987201e-08
4.2840483e-08
4.3734597e-08
4.4580795e-08
4.5478167e-08
4.6314176e-08
4.7173302e-08
4.8018001e-08
4.8865132e-08
4.97061e-08
5.049526e-08
5.1349371e-08
6.6782908e-12
5.9004409e-12
1.709365e-11
2.4924001e-11
3.1475942e-11
5.4834885e-11
1.7701277e-09
1.087976e-08
3.5888965e-08
4.5429107e-08
4.4903904e-08
4.1871561e-08
3.7844591e-08
3.3866551e-08
2.9945498e-08
2.6198121e-08
2.2721491e-08
1.9641396e-08
1.6840126e-08
1.4324149e-08
1.2213644e-08
1.0461801e-08
9.0215286e-09
7.9034304e-09
6.9535703e-09
6.2127268e-09
5.7170739e-09
5.3650817e-09
5.1109762e-09
4.9203987e-09
4.8212982e-09
4.828267e-09
4.9160073e-09
5.0774645e-09
5.3132616e-09
5.631411e-09
5.9730174e-09
6.4270549e-09
7.0031595e-09
7.6686289e-09
8.5173113e-09
9.513379e-09
1.0720703e-08
1.2136597e-08
1.5094738e-08
1.6103092e-08
1.681692e-08
1.7460634e-08
1.8111574e-08
1.8793864e-08
1.9538362e-08
2.0337524e-08
2.1170076e-08
2.2018262e-08
2.2923451e-08
2.3891663e-08
2.492759e-08
2.5978357e-08
2.7048873e-08
2.8180394e-08
2.9397964e-08
3.0657152e-08
3.1936822e-08
3.3266277e-08
3.4688118e-08
3.6157602e-08
3.762458e-08
3.9052453e-08
4.0598978e-08
4.2192276e-08
4.377721e-08
4.5427024e-08
4.7178881e-08
4.8914376e-08
5.0684587e-08
5.2486967e-08
5.4343769e-08
5.6157437e-08
5.7989812e-08
5.9886433e-08
6.1776293e-08
6.3613854e-08
6.5532368e-08
6.7418642e-08
6.9297056e-08
7.1156609e-08
7.3074107e-08
7.4893008e-08
7.6742679e-08
7.858232e-08
8.0377528e-08
8.2148898e-08
8.3965628e-08
8.5671388e-08
8.7430889e-08
8.9130712e-08
9.0806205e-08
9.2500002e-08
9.4142758e-08
9.572464e-08
9.7373148e-08
9.8924384e-08
1.0056257e-07
1.0208011e-07
1.0363564e-07
1.0515355e-07
1.0667593e-07
1.0817766e-07
1.0960212e-07
1.1107264e-07
1.9598821e-11
1.7680858e-11
4.4031149e-11
5.3924131e-11
5.7742828e-11
9.461181e-11
3.0858724e-09
1.9545545e-08
6.7603347e-08
8.8192578e-08
9.0001835e-08
8.7037819e-08
8.1648956e-08
7.5703168e-08
6.9188129e-08
6.2407683e-08
5.5686101e-08
4.9380623e-08
4.3316977e-08
3.7612591e-08
3.2637512e-08
2.837478e-08
2.4758635e-08
2.1888688e-08
1.9381737e-08
1.7377602e-08
1.596318e-08
1.4945109e-08
1.4204245e-08
1.3633224e-08
1.3314534e-08
1.3285271e-08
1.3455192e-08
1.3803928e-08
1.4351166e-08
1.5110661e-08
1.5911818e-08
1.6988729e-08
1.8352895e-08
1.9905222e-08
2.1873092e-08
2.4143478e-08
2.6849396e-08
2.996592e-08
3.7178201e-08
3.9340658e-08
4.0812554e-08
4.211699e-08
4.3422977e-08
4.4786038e-08
4.6269452e-08
4.7857022e-08
4.9502873e-08
5.1161758e-08
5.2922043e-08
5.4793781e-08
5.6788819e-08
5.8795303e-08
6.0818283e-08
6.2942047e-08
6.521345e-08
6.7550495e-08
6.9904319e-08
7.2329877e-08
7.4907906e-08
7.7557232e-08
8.0175624e-08
8.2686494e-08
8.5394871e-08
8.8170188e-08
9.0915329e-08
9.3756602e-08
9.6758036e-08
9.9715835e-08
1.0272161e-07
1.0575892e-07
1.0886464e-07
1.118793e-07
1.1491463e-07
1.1803813e-07
1.211375e-07
1.2413893e-07
1.2726114e-07
1.3031168e-07
1.3334514e-07
1.3633216e-07
1.3940246e-07
1.4230078e-07
1.4524417e-07
1.4815236e-07
1.5098633e-07
1.5377192e-07
1.566181e-07
1.59279e-07
1.6201968e-07
1.646498e-07
1.6724156e-07
1.6984462e-07
1.7236285e-07
1.7477991e-07
1.7728883e-07
1.7963819e-07
1.8211368e-07
1.8439543e-07
1.867346e-07
1.8900021e-07
1.9127894e-07
1.9351357e-07
1.9566911e-07
1.9766036e-07
5.2163684e-11
4.8860674e-11
1.0339432e-10
9.6214839e-11
9.2614154e-11
1.4500947e-10
4.8063511e-09
3.0941123e-08
1.1014767e-07
1.4631875e-07
1.5414591e-07
1.5418336e-07
1.4948662e-07
1.4297484e-07
1.3453762e-07
1.2478951e-07
1.1444647e-07
1.0418028e-07
9.3733142e-08
8.3441019e-08
7.4070804e-08
6.574779e-08
5.8403646e-08
5.2386852e-08
4.6962919e-08
4.2496106e-08
3.9183657e-08
3.672874e-08
3.4878096e-08
3.33496e-08
3.2379705e-08
3.2101061e-08
3.2246563e-08
3.2762921e-08
3.3739361e-08
3.518577e-08
3.6672172e-08
3.8729255e-08
4.1349273e-08
4.4275474e-08
4.7982149e-08
5.2178052e-08
5.7097078e-08
6.2656522e-08
7.7569994e-08
8.1333637e-08
8.3731031e-08
8.5800774e-08
8.7847206e-08
8.9985776e-08
9.2321695e-08
9.4832465e-08
9.7435494e-08
1.0002751e-07
1.0277373e-07
1.0568844e-07
1.0880198e-07
1.1191228e-07
1.1501633e-07
1.1826387e-07
1.2173084e-07
1.2529813e-07
1.2886451e-07
1.3251924e-07
1.3639554e-07
1.4037438e-07
1.4426748e-07
1.4793116e-07
1.518864e-07
1.5594124e-07
1.5994226e-07
1.6407421e-07
1.6843788e-07
1.7273233e-07
1.7709791e-07
1.8148832e-07
1.8574492e-07
1.8982377e-07
1.9394045e-07
1.981736e-07
2.0238276e-07
2.0646326e-07
2.1071703e-07
2.1485568e-07
2.1899554e-07
2.2305906e-07
2.2724315e-07
2.3118168e-07
2.3519829e-07
2.3914404e-07
2.4300399e-07
2.4679087e-07
2.506562e-07
2.5425786e-07
2.5797703e-07
2.6151858e-07
2.6502247e-07
2.6851358e-07
2.7189104e-07
2.7512307e-07
2.7846859e-07
2.8158161e-07
2.8485903e-07
2.8786393e-07
2.9095919e-07
2.9392599e-07
2.9693702e-07
2.9986691e-07
3.0280048e-07
3.0538099e-07
1.2691853e-10
1.2622467e-10
2.2903565e-10
1.6586365e-10
1.4000099e-10
2.0812125e-10
7.1077412e-09
4.5129769e-08
1.5880182e-07
2.1748369e-07
2.3581889e-07
2.4235518e-07
2.4087967e-07
2.357739e-07
2.2672497e-07
2.1485427e-07
2.0143157e-07
1.8745412e-07
1.7252572e-07
1.5728977e-07
1.4289887e-07
1.2972758e-07
1.176438e-07
1.0739414e-07
9.7886254e-08
8.9824517e-08
8.3606018e-08
7.8874774e-08
7.5202324e-08
7.2006661e-08
6.9731607e-08
6.8713957e-08
6.8365109e-08
6.8600842e-08
6.9762215e-08
7.1853256e-08
7.3909588e-08
7.7020012e-08
8.1105663e-08
8.5583291e-08
9.1356477e-08
9.779043e-08
1.0526433e-07
1.1359662e-07
1.411867e-07
1.468532e-07
1.5009093e-07
1.527679e-07
1.5536221e-07
1.580943e-07
1.6111838e-07
1.6442477e-07
1.6788166e-07
1.7127094e-07
1.7488295e-07
1.7873721e-07
1.8290794e-07
1.8705634e-07
1.9115145e-07
1.9544447e-07
2.0004964e-07
2.0482718e-07
2.0957323e-07
2.1442574e-07
2.1958949e-07
2.2491502e-07
2.2973234e-07
2.3375652e-07
2.3824493e-07
2.4304769e-07
2.4780724e-07
2.5273419e-07
2.5804344e-07
2.6338651e-07
2.6883323e-07
2.7431723e-07
2.799846e-07
2.8552432e-07
2.9110875e-07
2.9686271e-07
3.0261346e-07
3.0818283e-07
3.1400342e-07
3.1965808e-07
3.2533569e-07
3.3089591e-07
3.3663159e-07
3.4202028e-07
3.4752862e-07
3.5292409e-07
3.5821308e-07
3.6339527e-07
3.6868377e-07
3.7359775e-07
3.7867963e-07
3.8349611e-07
3.8826956e-07
3.9300293e-07
3.9757941e-07
4.0194805e-07
4.0646278e-07
4.1064275e-07
4.1504073e-07
4.1905046e-07
4.2319706e-07
4.27141e-07
4.3116243e-07
4.3505121e-07
4.3903304e-07
4.423823e-07
2.8283622e-10
3.0577254e-10
4.4522044e-10
2.8356192e-10
2.0651563e-10
2.821569e-10
9.4281087e-09
5.253596e-08
2.0774745e-07
2.9641964e-07
3.2952305e-07
3.4594224e-07
3.5027512e-07
3.4886162e-07
3.4087935e-07
3.2820708e-07
3.1285757e-07
2.9613736e-07
2.7748547e-07
2.5796181e-07
2.389901e-07
2.2127657e-07
2.044859e-07
1.897926e-07
1.7589618e-07
1.6384896e-07
1.543122e-07
1.4693152e-07
1.4112228e-07
1.3598527e-07
1.3215032e-07
1.3017133e-07
1.2902701e-07
1.2847689e-07
1.2922936e-07
1.3143273e-07
1.3327815e-07
1.3688251e-07
1.4206505e-07
1.4763206e-07
1.5527416e-07
1.6372615e-07
1.7359621e-07
1.845511e-07
2.3091143e-07
2.3896548e-07
2.4293237e-07
2.4600771e-07
2.4889327e-07
2.5194516e-07
2.5537276e-07
2.5920514e-07
2.632624e-07
2.6714255e-07
2.7131878e-07
2.7582266e-07
2.8081895e-07
2.8576365e-07
2.9056134e-07
2.9563079e-07
3.0114082e-07
3.0697065e-07
3.1271672e-07
3.1859606e-07
3.2491502e-07
3.3151276e-07
3.3772806e-07
3.42215e-07
3.4734966e-07
3.5299125e-07
3.586493e-07
3.6457804e-07
3.7108308e-07
3.7770333e-07
3.845346e-07
3.914437e-07
3.9874818e-07
4.0594433e-07
4.1323915e-07
4.2078133e-07
4.2835486e-07
4.3570249e-07
4.4341779e-07
4.5090253e-07
4.5845187e-07
4.6584125e-07
4.734817e-07
4.8064672e-07
4.8799508e-07
4.9517697e-07
5.022309e-07
5.091403e-07
5.161947e-07
5.2273181e-07
5.2950516e-07
5.3589997e-07
5.4224672e-07
5.4851704e-07
5.5457495e-07
5.6034484e-07
5.6630188e-07
5.7178968e-07
5.7756145e-07
5.8278818e-07
5.8821112e-07
5.9333152e-07
5.9857111e-07
6.0360611e-07
6.0885835e-07
6.1311016e-07
5.7574625e-10
6.8525999e-10
7.4663439e-10
4.8611717e-10
3.0534834e-10
3.6811698e-10
9.7191397e-09
5.7627041e-08
2.4765291e-07
3.6707764e-07
4.1453877e-07
4.4380808e-07
4.6041107e-07
4.7128181e-07
4.6876787e-07
4.5721325e-07
4.4165841e-07
4.2369355e-07
4.0259812e-07
3.7997159e-07
3.5742182e-07
3.3606392e-07
3.1523393e-07
2.9650459e-07
2.7858951e-07
2.6282911e-07
2.5018176e-07
2.4032797e-07
2.325797e-07
2.2581976e-07
2.2077885e-07
2.1816574e-07
2.1662053e-07
2.1572241e-07
2.1636046e-07
2.187299e-07
2.2000474e-07
2.2344322e-07
2.28973e-07
2.3455241e-07
2.4329157e-07
2.529234e-07
2.6446513e-07
2.7737503e-07
3.4620207e-07
3.5756962e-07
3.6242136e-07
3.6593066e-07
3.6913475e-07
3.725068e-07
3.7630695e-07
3.8058809e-07
3.8514209e-07
3.8937939e-07
3.9394475e-07
3.9889163e-07
4.0450929e-07
4.095024e-07
4.1357485e-07
4.1802638e-07
4.231144e-07
4.2887154e-07
4.3451133e-07
4.4036817e-07
4.4689639e-07
4.540029e-07
4.6105858e-07
4.6745353e-07
4.7463303e-07
4.8228262e-07
4.8994963e-07
4.9796464e-07
5.0670597e-07
5.1542292e-07
5.2450038e-07
5.336323e-07
5.4328154e-07
5.527218e-07
5.6233802e-07
5.7224621e-07
5.8215742e-07
5.9177052e-07
6.0189015e-07
6.1165203e-07
6.2152411e-07
6.3117389e-07
6.4116056e-07
6.5049166e-07
6.6008817e-07
6.6941983e-07
6.785951e-07
6.8758029e-07
6.9675754e-07
7.052342e-07
7.1403367e-07
7.2231064e-07
7.3053405e-07
7.386319e-07
7.4644813e-07
7.5387514e-07
7.6153883e-07
7.6856216e-07
7.75948e-07
7.8258461e-07
7.8946052e-07
7.9589399e-07
8.0249642e-07
8.0879881e-07
8.1546112e-07
8.2072869e-07
9.7371146e-10
1.3369041e-09
1.0366647e-09
8.0751899e-10
4.6553956e-10
4.9172842e-10
9.0900235e-09
5.8189654e-08
2.6776283e-07
4.1905943e-07
4.8711219e-07
5.3314624e-07
5.6090558e-07
5.8141769e-07
5.9017136e-07
5.9056134e-07
5.8147345e-07
5.6415171e-07
5.4210089e-07
5.1760647e-07
4.9250188e-07
4.6851308e-07
4.4446986e-07
4.2227871e-07
4.0086532e-07
3.8181608e-07
3.6641757e-07
3.544092e-07
3.450579e-07
3.3714899e-07
3.3142e-07
3.2866715e-07
3.2736562e-07
3.2699983e-07
3.2848214e-07
3.3192386e-07
3.337837e-07
3.3790533e-07
3.4422682e-07
3.4982149e-07
3.5922339e-07
3.6925338e-07
3.8149208e-07
3.9305985e-07
4.7731845e-07
4.9088317e-07
4.9576122e-07
4.9884092e-07
5.0171447e-07
5.049019e-07
5.0863911e-07
5.1292966e-07
5.1762815e-07
5.2205414e-07
5.268853e-07
5.3217489e-07
5.3826935e-07
5.4422448e-07
5.4988204e-07
5.5590947e-07
5.6268683e-07
5.7007311e-07
5.7744832e-07
5.8496332e-07
5.9329598e-07
6.0223703e-07
6.1127835e-07
6.1988524e-07
6.2944386e-07
6.3943149e-07
6.4941675e-07
6.5982328e-07
6.7116609e-07
6.822869e-07
6.9395892e-07
7.0565937e-07
7.180221e-07
7.3005483e-07
7.4236054e-07
7.5501763e-07
7.6762765e-07
7.798363e-07
7.9274191e-07
8.0512673e-07
8.1769728e-07
8.2996252e-07
8.4268532e-07
8.5452711e-07
8.6673267e-07
8.7842405e-07
8.8993254e-07
9.0120389e-07
9.1272023e-07
9.2331911e-07
9.3434979e-07
9.4468309e-07
9.5496755e-07
9.6506506e-07
9.7480318e-07
9.8404268e-07
9.9357411e-07
1.0022682e-06
1.0114262e-06
1.0195908e-06
1.0279502e-06
1.0356074e-06
1.0434939e-06
1.0509689e-06
1.0588609e-06
1.0651468e-06
1.3578228e-09
1.9095294e-09
1.2128981e-09
1.1551573e-09
7.5152277e-10
7.0395329e-10
8.4988867e-09
5.822297e-08
2.5890369e-07
4.6249417e-07
5.5525967e-07
6.2139781e-07
6.6401558e-07
6.9651999e-07
7.1459932e-07
7.2195046e-07
7.2206857e-07
7.1543529e-07
6.9391887e-07
6.6852779e-07
6.4154719e-07
6.1566899e-07
5.8897182e-07
5.6365716e-07
5.3898157e-07
5.1678105e-07
4.9871353e-07
4.8460006e-07
4.7370594e-07
4.6482733e-07
4.586763e-07
4.5603459e-07
4.5533796e-07
4.5604131e-07
4.5900112e-07
4.6417604e-07
4.676409e-07
4.7348477e-07
4.8012848e-07
4.8226521e-07
4.8960123e-07
4.9837327e-07
5.1022002e-07
5.2341056e-07
6.095063e-07
6.3005109e-07
6.376389e-07
6.4215788e-07
6.4644827e-07
6.5109887e-07
6.5641585e-07
6.6227326e-07
6.685561e-07
6.746092e-07
6.8108989e-07
6.8806089e-07
6.9588676e-07
7.0373981e-07
7.1153414e-07
7.1967481e-07
7.2869585e-07
7.3816547e-07
7.4783234e-07
7.5753539e-07
7.6822879e-07
7.7949379e-07
7.9101965e-07
8.0204885e-07
8.1424431e-07
8.2685875e-07
8.3944798e-07
8.5253904e-07
8.668503e-07
8.8063687e-07
8.9523985e-07
9.0984224e-07
9.2528908e-07
9.402492e-07
9.5560714e-07
9.713902e-07
9.8689231e-07
1.0018533e-06
1.017744e-06
1.0328973e-06
1.0483531e-06
1.0633916e-06
1.0790337e-06
1.0935309e-06
1.1085117e-06
1.1221572e-06
1.1356114e-06
1.1488187e-06
1.1622833e-06
1.174623e-06
1.1875486e-06
1.1995588e-06
1.2115938e-06
1.2233711e-06
1.2347241e-06
1.245534e-06
1.2566761e-06
1.266816e-06
1.2775876e-06
1.2871095e-06
1.2971776e-06
1.3064187e-06
1.3159879e-06
1.3249689e-06
1.3346123e-06
1.3421266e-06
1.6768178e-09
1.9047185e-09
1.2632058e-09
1.3356218e-09
1.1339905e-09
1.0799013e-09
8.0573793e-09
4.5402866e-08
2.2086181e-07
4.8902226e-07
6.1791018e-07
7.0711155e-07
7.6840291e-07
8.1648539e-07
8.4704175e-07
8.6234052e-07
8.6930843e-07
8.7018524e-07
8.5888035e-07
8.3375878e-07
8.0565123e-07
7.7832791e-07
7.491471e-07
7.2065169e-07
6.9252069e-07
6.6688262e-07
6.4583156e-07
6.2929018e-07
6.1655455e-07
6.0650654e-07
5.9985955e-07
5.9726146e-07
5.9714137e-07
5.989276e-07
6.033873e-07
6.1027118e-07
6.1214154e-07
6.1317441e-07
6.1794756e-07
6.222217e-07
6.3227817e-07
6.4429315e-07
6.5984245e-07
6.7670004e-07
7.6153904e-07
7.9057884e-07
8.0229008e-07
8.0898266e-07
8.1522122e-07
8.2180733e-07
8.2918354e-07
8.3704593e-07
8.4532892e-07
8.5342423e-07
8.6197015e-07
8.7102848e-07
8.8100343e-07
8.9104966e-07
9.01162e-07
9.1160425e-07
9.231094e-07
9.3487825e-07
9.4714346e-07
9.5936918e-07
9.7278597e-07
9.8670289e-07
1.0011094e-06
1.0148524e-06
1.0300371e-06
1.0456666e-06
1.061226e-06
1.0773782e-06
1.0949772e-06
1.1115557e-06
1.1293328e-06
1.1470301e-06
1.1657824e-06
1.1838249e-06
1.2024134e-06
1.2215019e-06
1.2393705e-06
1.2565549e-06
1.2748625e-06
1.2921421e-06
1.3099063e-06
1.327113e-06
1.3450224e-06
1.3615619e-06
1.3789194e-06
1.3955278e-06
1.4119505e-06
1.4280947e-06
1.4445763e-06
1.4595961e-06
1.4754184e-06
1.4900349e-06
1.5047412e-06
1.5190767e-06
1.5329068e-06
1.5460442e-06
1.5596069e-06
1.571866e-06
1.5849421e-06
1.5963794e-06
1.6085738e-06
1.6196318e-06
1.631149e-06
1.6418354e-06
1.6534914e-06
1.6624586e-06
1.805174e-09
1.8171599e-09
1.2392547e-09
1.3584117e-09
1.407051e-09
1.5717797e-09
8.447855e-09
4.0314097e-08
1.6152745e-07
4.6478743e-07
6.6814648e-07
7.8770645e-07
8.7138516e-07
9.387487e-07
9.8566355e-07
1.0128255e-06
1.0285358e-06
1.0366088e-06
1.0349867e-06
1.0131704e-06
9.8493982e-07
9.5693062e-07
9.2567892e-07
8.9409325e-07
8.6241165e-07
8.3309915e-07
8.087842e-07
7.8953131e-07
7.7472136e-07
7.6330481e-07
7.5593513e-07
7.5320596e-07
7.5354345e-07
7.5631125e-07
7.6216747e-07
7.6861678e-07
7.6693448e-07
7.6849553e-07
7.7522728e-07
7.8330457e-07
7.9740581e-07
8.1387763e-07
8.3431708e-07
8.5526481e-07
9.3783936e-07
9.7576486e-07
9.9290021e-07
1.0025437e-06
1.0111206e-06
1.0199293e-06
1.0296319e-06
1.0397483e-06
1.0502699e-06
1.060645e-06
1.0715167e-06
1.0829216e-06
1.0952971e-06
1.1077024e-06
1.1202888e-06
1.1331959e-06
1.1474096e-06
1.161694e-06
1.1768323e-06
1.1918994e-06
1.2082066e-06
1.2249075e-06
1.2424005e-06
1.2589588e-06
1.2773407e-06
1.2962217e-06
1.3149053e-06
1.3343111e-06
1.3548188e-06
1.3734982e-06
1.3940517e-06
1.4142215e-06
1.4356565e-06
1.4561087e-06
1.4772765e-06
1.4989961e-06
1.5204181e-06
1.5411229e-06
1.5633308e-06
1.584074e-06
1.6055753e-06
1.6263127e-06
1.6479874e-06
1.6679108e-06
1.6890029e-06
1.7090627e-06
1.7289569e-06
1.7485553e-06
1.7685982e-06
1.7867341e-06
1.8059716e-06
1.8236299e-06
1.8414795e-06
1.8588079e-06
1.875553e-06
1.8914079e-06
1.9078233e-06
1.9225465e-06
1.9383345e-06
1.9519801e-06
1.9666651e-06
1.9798057e-06
1.9935813e-06
2.006195e-06
2.020154e-06
2.0308456e-06
1.7909034e-09
1.6738599e-09
1.1904856e-09
1.3290691e-09
1.5224259e-09
1.8284807e-09
7.1338167e-09
3.6485876e-08
1.0953251e-07
3.9875138e-07
6.6293542e-07
8.5582522e-07
9.7090463e-07
1.0609437e-06
1.1280502e-06
1.1714492e-06
1.199825e-06
1.2179997e-06
1.2242263e-06
1.2063844e-06
1.179466e-06
1.151857e-06
1.1191845e-06
1.0847475e-06
1.0494945e-06
1.0162907e-06
9.8840229e-07
9.6611053e-07
9.4894863e-07
9.3598492e-07
9.2780253e-07
9.2492639e-07
9.2582692e-07
9.2981095e-07
9.3738035e-07
9.4388145e-07
9.4290504e-07
9.4693445e-07
9.5693348e-07
9.6924721e-07
9.8779509e-07
1.009195e-06
1.0351807e-06
1.0604835e-06
1.1398283e-06
1.1863378e-06
1.210286e-06
1.2240701e-06
1.2355074e-06
1.2468608e-06
1.2590896e-06
1.2716375e-06
1.2845785e-06
1.2974209e-06
1.3108451e-06
1.3248222e-06
1.339569e-06
1.35427e-06
1.3692945e-06
1.3846719e-06
1.401673e-06
1.4185497e-06
1.436675e-06
1.4547247e-06
1.473317e-06
1.4922426e-06
1.5123566e-06
1.5309769e-06
1.5521185e-06
1.5737984e-06
1.5948428e-06
1.6170904e-06
1.642096e-06
1.6643291e-06
1.6893133e-06
1.7135245e-06
1.739326e-06
1.76375e-06
1.789072e-06
1.8151232e-06
1.8406776e-06
1.8653353e-06
1.8920344e-06
1.9166711e-06
1.9424945e-06
1.9672661e-06
1.9933143e-06
2.0171515e-06
2.0425705e-06
2.0666582e-06
2.0905994e-06
2.11426e-06
2.1385145e-06
2.1602557e-06
2.1835198e-06
2.2047177e-06
2.226264e-06
2.247087e-06
2.2672664e-06
2.2862881e-06
2.3060723e-06
2.3236578e-06
2.3426445e-06
2.3588357e-06
2.3764439e-06
2.3919677e-06
2.4083675e-06
2.4231549e-06
2.4397382e-06
2.4524741e-06
1.7089545e-09
1.5197466e-09
1.1548791e-09
1.2988336e-09
1.5361685e-09
1.8172145e-09
4.7972024e-09
2.9726547e-08
9.5562456e-08
2.8758592e-07
6.0667215e-07
8.6643932e-07
1.0569316e-06
1.1795255e-06
1.2724391e-06
1.3363477e-06
1.381682e-06
1.4136557e-06
1.4255691e-06
1.4124485e-06
1.3888816e-06
1.3632606e-06
1.3301803e-06
1.293408e-06
1.2547505e-06
1.2175437e-06
1.1858042e-06
1.1601472e-06
1.1403337e-06
1.1256213e-06
1.1165204e-06
1.113467e-06
1.115047e-06
1.1205084e-06
1.1301538e-06
1.141506e-06
1.1441128e-06
1.1515121e-06
1.1651614e-06
1.1817763e-06
1.2049041e-06
1.231516e-06
1.2636886e-06
1.2936858e-06
1.3685563e-06
1.4227469e-06
1.4548257e-06
1.4741789e-06
1.4890134e-06
1.5030194e-06
1.5175945e-06
1.5324138e-06
1.5476394e-06
1.562837e-06
1.5787596e-06
1.5951687e-06
1.6112495e-06
1.6273963e-06
1.6440069e-06
1.6611909e-06
1.6804308e-06
1.6993895e-06
1.7200398e-06
1.7405258e-06
1.7632464e-06
1.786317e-06
1.8109277e-06
1.8338344e-06
1.859617e-06
1.8858762e-06
1.9112412e-06
1.9379205e-06
1.968069e-06
1.9943395e-06
2.0241238e-06
2.0528596e-06
2.0835426e-06
2.112405e-06
2.1423605e-06
2.173334e-06
2.203547e-06
2.2326932e-06
2.2645395e-06
2.2936498e-06
2.3244097e-06
2.3538336e-06
2.384953e-06
2.4132895e-06
2.4437136e-06
2.4724842e-06
2.5011458e-06
2.5294706e-06
2.5588017e-06
2.5847106e-06
2.612723e-06
2.6380199e-06
2.6639098e-06
2.6888001e-06
2.7130288e-06
2.7357299e-06
2.759499e-06
2.7804016e-06
2.8031712e-06
2.8222915e-06
2.8433392e-06
2.8615838e-06
2.8810435e-06
2.8982788e-06
2.9178424e-06
2.9329895e-06
1.6008456e-09
1.370482e-09
1.1413111e-09
1.271936e-09
1.4958547e-09
1.7162868e-09
2.8363529e-09
1.8715426e-08
9.5938083e-08
1.8247435e-07
5.0113524e-07
8.2147074e-07
1.071796e-06
1.2743221e-06
1.4111766e-06
1.5020664e-06
1.5692733e-06
1.6180121e-06
1.6321639e-06
1.6296175e-06
1.6121704e-06
1.5907988e-06
1.5588512e-06
1.5206754e-06
1.4790837e-06
1.4379675e-06
1.4022122e-06
1.3729131e-06
1.350165e-06
1.3334935e-06
1.3233681e-06
1.3200984e-06
1.3224752e-06
1.3296954e-06
1.34182e-06
1.3588443e-06
1.3708204e-06
1.3832588e-06
1.4009173e-06
1.422011e-06
1.4499261e-06
1.4820725e-06
1.5210635e-06
1.5559428e-06
1.625538e-06
1.6859875e-06
1.7269072e-06
1.7519681e-06
1.7699644e-06
1.7854885e-06
1.8009443e-06
1.8167204e-06
1.8329453e-06
1.8494011e-06
1.8667909e-06
1.8851026e-06
1.9048277e-06
1.9246154e-06
1.945252e-06
1.9664383e-06
1.9901478e-06
2.013187e-06
2.0383921e-06
2.0634602e-06
2.0910744e-06
2.1188012e-06
2.1483331e-06
2.1761326e-06
2.2070292e-06
2.2382931e-06
2.2684923e-06
2.3000365e-06
2.3357493e-06
2.3666797e-06
2.4016657e-06
2.4354719e-06
2.4716184e-06
2.5054668e-06
2.5406689e-06
2.5771438e-06
2.6127337e-06
2.6469472e-06
2.6846451e-06
2.718931e-06
2.7553183e-06
2.7900665e-06
2.8270789e-06
2.8605498e-06
2.8967581e-06
2.9309334e-06
2.9651089e-06
2.9987457e-06
3.0340631e-06
3.0649208e-06
3.098561e-06
3.128534e-06
3.159537e-06
3.1891393e-06
3.2181458e-06
3.2451025e-06
3.2735948e-06
3.2983265e-06
3.3255825e-06
3.3480634e-06
3.3731723e-06
3.3945125e-06
3.4175576e-06
3.4375443e-06
3.4604977e-06
3.4784572e-06
1.5282703e-09
1.2384003e-09
1.1328739e-09
1.2360706e-09
1.4373187e-09
1.6418469e-09
2.107526e-09
5.8795457e-09
5.4425793e-08
1.3465397e-07
3.4444288e-07
7.2025484e-07
1.0360519e-06
1.3037154e-06
1.5028438e-06
1.6426726e-06
1.7424136e-06
1.8093178e-06
1.841917e-06
1.8556537e-06
1.8478639e-06
1.8333791e-06
1.8048043e-06
1.7667374e-06
1.7231407e-06
1.6785223e-06
1.6388047e-06
1.6057045e-06
1.579795e-06
1.5609736e-06
1.5497366e-06
1.5462007e-06
1.5494999e-06
1.5587779e-06
1.5738178e-06
1.594461e-06
1.6170224e-06
1.6399723e-06
1.6633113e-06
1.6899743e-06
1.7233714e-06
1.7614737e-06
1.8073882e-06
1.8462829e-06
1.9128313e-06
1.9777751e-06
2.0262026e-06
2.0515608e-06
2.0699221e-06
2.0878155e-06
2.1070356e-06
2.1264697e-06
2.1463535e-06
2.1666281e-06
2.188069e-06
2.2105271e-06
2.2345675e-06
2.2586148e-06
2.2839632e-06
2.3097792e-06
2.3386535e-06
2.3663414e-06
2.3966783e-06
2.4268765e-06
2.459961e-06
2.4928419e-06
2.5277802e-06
2.5609715e-06
2.5974827e-06
2.6341408e-06
2.6697786e-06
2.7066815e-06
2.7484177e-06
2.7846747e-06
2.8253773e-06
2.8648136e-06
2.9071307e-06
2.9465345e-06
2.9876996e-06
3.0302916e-06
3.0720823e-06
3.1119792e-06
3.1563338e-06
3.1965336e-06
3.2393667e-06
3.2801311e-06
3.324006e-06
3.3632897e-06
3.4061671e-06
3.446527e-06
3.4871718e-06
3.5267704e-06
3.569129e-06
3.6056902e-06
3.6462403e-06
3.6814644e-06
3.7185485e-06
3.7534692e-06
3.7881885e-06
3.8199851e-06
3.8541184e-06
3.883244e-06
3.9158409e-06
3.9421576e-06
3.9720861e-06
3.9969308e-06
4.0242057e-06
4.0472673e-06
4.0741089e-06
4.0953179e-06
1.4750841e-09
1.1979755e-09
1.0786647e-09
1.185297e-09
1.3683063e-09
1.5778704e-09
1.8348589e-09
2.9499083e-09
1.5783814e-08
7.9386489e-08
1.9684132e-07
5.6035314e-07
9.3807046e-07
1.2808585e-06
1.5453614e-06
1.7395335e-06
1.8847415e-06
1.9884043e-06
2.0490564e-06
2.084978e-06
2.092301e-06
2.089476e-06
2.0668166e-06
2.0311454e-06
1.9870756e-06
1.9398548e-06
1.8965645e-06
1.8597155e-06
1.8305487e-06
1.8094443e-06
1.7970418e-06
1.7932108e-06
1.7975613e-06
1.8092101e-06
1.8276318e-06
1.8525313e-06
1.8801477e-06
1.9109547e-06
1.9457248e-06
1.9816495e-06
2.0225323e-06
2.0670847e-06
2.1182922e-06
2.1573174e-06
2.2324866e-06
2.2999483e-06
2.349516e-06
2.3785133e-06
2.4020046e-06
2.4244301e-06
2.4482095e-06
2.4720309e-06
2.4962669e-06
2.5210398e-06
2.5472462e-06
2.5745402e-06
2.6036029e-06
2.6325381e-06
2.6632944e-06
2.6943596e-06
2.7290935e-06
2.7619922e-06
2.7980208e-06
2.8338757e-06
2.8729997e-06
2.9115348e-06
2.9523643e-06
2.991465e-06
3.0341393e-06
3.0767153e-06
3.1183431e-06
3.1611358e-06
3.2093339e-06
3.2517313e-06
3.2987038e-06
3.3443757e-06
3.3936636e-06
3.4392332e-06
3.4871838e-06
3.5365392e-06
3.5854667e-06
3.6316927e-06
3.683611e-06
3.7305222e-06
3.7807513e-06
3.828244e-06
3.8801137e-06
3.9259119e-06
3.9764664e-06
4.0238285e-06
4.0720628e-06
4.1182679e-06
4.1688588e-06
4.2118959e-06
4.2608706e-06
4.3021408e-06
4.3463667e-06
4.3873434e-06
4.4288368e-06
4.466096e-06
4.5070503e-06
4.5410053e-06
4.5801575e-06
4.6106394e-06
4.6464369e-06
4.6752139e-06
4.7075277e-06
4.7339942e-06
4.7653669e-06
4.7904858e-06
1.3179406e-09
1.1872085e-09
1.0076524e-09
1.1312271e-09
1.3114227e-09
1.4893307e-09
1.7092199e-09
2.2324271e-09
5.0280274e-09
4.2267962e-08
1.9849886e-07
3.3671544e-07
7.6979388e-07
1.1916763e-06
1.532795e-06
1.7949862e-06
1.9976025e-06
2.1483434e-06
2.2459322e-06
2.3118773e-06
2.3409057e-06
2.3543412e-06
2.342357e-06
2.3124922e-06
2.2703173e-06
2.2220659e-06
2.1760931e-06
2.1358875e-06
2.1035862e-06
2.0802088e-06
2.0663476e-06
2.0625337e-06
2.0680872e-06
2.0824362e-06
2.1047289e-06
2.1345287e-06
2.1682534e-06
2.2053807e-06
2.2467563e-06
2.2900765e-06
2.3387626e-06
2.3922337e-06
2.4538945e-06
2.4996847e-06
2.584863e-06
2.653304e-06
2.7029515e-06
2.7400723e-06
2.7699286e-06
2.7978496e-06
2.8270893e-06
2.8561198e-06
2.8854833e-06
2.9154846e-06
2.9472223e-06
2.9800741e-06
3.0149024e-06
3.0493603e-06
3.086229e-06
3.1231559e-06
3.1644478e-06
3.2031254e-06
3.2454072e-06
3.2874394e-06
3.3331836e-06
3.3778944e-06
3.425124e-06
3.4706736e-06
3.5201048e-06
3.5691655e-06
3.6173787e-06
3.6666627e-06
3.7218941e-06
3.7711934e-06
3.8250158e-06
3.8775454e-06
3.9346954e-06
3.987059e-06
4.0427353e-06
4.0994969e-06
4.1566037e-06
4.2098335e-06
4.2703135e-06
4.3248252e-06
4.3834771e-06
4.438448e-06
4.4994831e-06
4.5525836e-06
4.6120144e-06
4.6672822e-06
4.7243124e-06
4.7778894e-06
4.8379793e-06
4.8883409e-06
4.9472506e-06
4.9958524e-06
5.0483481e-06
5.0962566e-06
5.1456796e-06
5.1892022e-06
5.2382032e-06
5.2776617e-06
5.3246635e-06
5.3597751e-06
5.4027381e-06
5.43569e-06
5.4742517e-06
5.5041847e-06
5.5411754e-06
5.570888e-06
1.1837608e-09
1.1820143e-09
9.7817752e-10
1.077167e-09
1.2640129e-09
1.4175277e-09
1.6769295e-09
2.0310343e-09
2.2557762e-09
9.8251174e-09
9.883303e-08
1.7178826e-07
5.365626e-07
1.0250591e-06
1.4486208e-06
1.7928566e-06
2.0673943e-06
2.2773305e-06
2.4225614e-06
2.5281885e-06
2.5870775e-06
2.6236919e-06
2.627991e-06
2.6081005e-06
2.5709796e-06
2.5244355e-06
2.4773611e-06
2.434692e-06
2.3997341e-06
2.3743191e-06
2.3594397e-06
2.355418e-06
2.3623559e-06
2.379753e-06
2.4064299e-06
2.4417807e-06
2.4826773e-06
2.5273817e-06
2.5766107e-06
2.6286583e-06
2.6864734e-06
2.7502567e-06
2.8239935e-06
2.8783064e-06
2.964137e-06
3.0353299e-06
3.0921077e-06
3.1381416e-06
3.1757913e-06
3.2102833e-06
3.2459923e-06
3.2811348e-06
3.3164838e-06
3.3524941e-06
3.3905807e-06
3.4297407e-06
3.4711153e-06
3.5117405e-06
3.5554392e-06
3.5988391e-06
3.6473972e-06
3.6924404e-06
3.7415566e-06
3.7902939e-06
3.8432609e-06
3.894699e-06
3.9488736e-06
4.0014314e-06
4.0582553e-06
4.1144056e-06
4.1698343e-06
4.2262628e-06
4.2891932e-06
4.3460236e-06
4.4075128e-06
4.4674846e-06
4.5334435e-06
4.5932386e-06
4.6576017e-06
4.7224257e-06
4.7888643e-06
4.8497737e-06
4.9199211e-06
4.9828585e-06
5.0511092e-06
5.1143654e-06
5.1858594e-06
5.2471225e-06
5.316743e-06
5.3808919e-06
5.448054e-06
5.5099462e-06
5.5808557e-06
5.639375e-06
5.7097309e-06
5.7673312e-06
5.8295118e-06
5.8853321e-06
5.944021e-06
5.9947186e-06
6.0531628e-06
6.098987e-06
6.155214e-06
6.1957053e-06
6.2471023e-06
6.2848741e-06
6.3307989e-06
6.3646957e-06
6.4080975e-06
6.4431748e-06
1.1464027e-09
1.1835832e-09
9.6740818e-10
1.0265373e-09
1.2329282e-09
1.3769599e-09
1.6289714e-09
2.0143823e-09
2.4755012e-09
3.8922411e-09
2.5205143e-08
9.9761103e-08
2.841166e-07
7.7642067e-07
1.2773651e-06
1.7148877e-06
2.0769036e-06
2.3606787e-06
2.5662424e-06
2.7231669e-06
2.8217891e-06
2.8900822e-06
2.918116e-06
2.9139616e-06
2.8864599e-06
2.8446011e-06
2.7991881e-06
2.7558446e-06
2.7192092e-06
2.692348e-06
2.6767684e-06
2.6728068e-06
2.6813955e-06
2.7022254e-06
2.7338272e-06
2.7753781e-06
2.8244933e-06
2.8780886e-06
2.9364796e-06
2.9986681e-06
3.0670335e-06
3.1425996e-06
3.2300696e-06
3.2954815e-06
3.3818458e-06
3.4539966e-06
3.5190684e-06
3.5742891e-06
3.6212217e-06
3.6634135e-06
3.7066867e-06
3.7489246e-06
3.791202e-06
3.8340495e-06
3.8793543e-06
3.9255991e-06
3.9743443e-06
4.0217984e-06
4.0730673e-06
4.12356e-06
4.1801088e-06
4.2321317e-06
4.288698e-06
4.3446828e-06
4.4054995e-06
4.4642463e-06
4.5259501e-06
4.5860887e-06
4.6509697e-06
4.7148434e-06
4.7781407e-06
4.842391e-06
4.913717e-06
4.9786789e-06
5.0487441e-06
5.1167503e-06
5.1924614e-06
5.2603647e-06
5.3343998e-06
5.4080114e-06
5.484879e-06
5.5542283e-06
5.6352116e-06
5.7074403e-06
5.7865282e-06
5.8589332e-06
5.9422579e-06
6.0126128e-06
6.093843e-06
6.1679041e-06
6.246685e-06
6.3179201e-06
6.4012383e-06
6.4686506e-06
6.5520577e-06
6.620178e-06
6.6942104e-06
6.7590047e-06
6.8284852e-06
6.8873647e-06
6.9568683e-06
7.0100413e-06
7.0771029e-06
7.1238512e-06
7.1851926e-06
7.2285478e-06
7.2831917e-06
7.3216382e-06
7.3724528e-06
7.4137447e-06
1.1300618e-09
1.1605267e-09
9.7079822e-10
1.0031333e-09
1.2120102e-09
1.3396323e-09
1.6242191e-09
1.9990709e-09
2.5809519e-09
2.9252574e-09
7.0680404e-09
7.3469601e-08
2.8095094e-07
4.3919287e-07
1.0067942e-06
1.5433021e-06
2.0059517e-06
2.3797773e-06
2.6611122e-06
2.8828728e-06
3.0332511e-06
3.1435434e-06
3.2046791e-06
3.2237963e-06
3.2119713e-06
3.1796262e-06
3.1392137e-06
3.0977567e-06
3.0612845e-06
3.0340991e-06
3.0185085e-06
3.0151364e-06
3.0257493e-06
3.0504291e-06
3.0875034e-06
3.1359669e-06
3.1942559e-06
3.2581239e-06
3.3270052e-06
3.4007916e-06
3.4811661e-06
3.5700314e-06
3.6728173e-06
3.7533315e-06
3.8413789e-06
3.9126872e-06
3.9854576e-06
4.0496489e-06
4.1071035e-06
4.1581266e-06
4.2101125e-06
4.2604751e-06
4.3107005e-06
4.3612575e-06
4.4147051e-06
4.4688355e-06
4.5258212e-06
4.5807913e-06
4.6404036e-06
4.6986256e-06
4.7639077e-06
4.8235553e-06
4.8882304e-06
4.9520216e-06
5.0213338e-06
5.0879922e-06
5.1578475e-06
5.2261403e-06
5.299756e-06
5.3720018e-06
5.4438245e-06
5.5165713e-06
5.5970025e-06
5.670665e-06
5.7502634e-06
5.8268909e-06
5.9132867e-06
5.989979e-06
6.0746931e-06
6.1578033e-06
6.2462415e-06
6.3248005e-06
6.4178352e-06
6.5002184e-06
6.591468e-06
6.6739065e-06
6.7705036e-06
6.8509445e-06
6.9452894e-06
7.0303363e-06
7.1223763e-06
7.2040412e-06
7.3015177e-06
7.3788349e-06
7.47671e-06
7.556622e-06
7.6454364e-06
7.7205374e-06
7.8025329e-06
7.8707021e-06
7.9531322e-06
8.014773e-06
8.0945516e-06
8.1485831e-06
8.2216723e-06
8.2715185e-06
8.336538e-06
8.3802269e-06
8.4397537e-06
8.4881823e-06
1.1204167e-09
1.113788e-09
9.7479296e-10
1.0146335e-09
1.2073311e-09
1.3275819e-09
1.6666738e-09
2.0239981e-09
2.4420598e-09
2.8562473e-09
4.0895313e-09
1.6987052e-08
1.428075e-07
2.1591686e-07
6.5031146e-07
1.2634576e-06
1.8333941e-06
2.3121968e-06
2.686797e-06
2.9898442e-06
3.2062678e-06
3.3710454e-06
3.4764872e-06
3.5287123e-06
3.5403182e-06
3.5238935e-06
3.4935249e-06
3.4575927e-06
3.4237905e-06
3.3981662e-06
3.3838114e-06
3.3819292e-06
3.3951947e-06
3.4242601e-06
3.4674099e-06
3.5235098e-06
3.5917721e-06
3.6673225e-06
3.7480063e-06
3.8348147e-06
3.928608e-06
4.032189e-06
4.1523147e-06
4.2530784e-06
4.3432994e-06
4.4131027e-06
4.4921749e-06
4.5646227e-06
4.6332167e-06
4.6941242e-06
4.7559443e-06
4.8154689e-06
4.8747211e-06
4.9338883e-06
4.996453e-06
5.0592864e-06
5.1254277e-06
5.1886306e-06
5.2573999e-06
5.3240138e-06
5.3987873e-06
5.4667336e-06
5.5402206e-06
5.6123909e-06
5.6908526e-06
5.7660304e-06
5.8446922e-06
5.9217017e-06
6.0047222e-06
6.0859839e-06
6.1669781e-06
6.2488418e-06
6.3390796e-06
6.4219941e-06
6.5120592e-06
6.5978884e-06
6.6958618e-06
6.7819927e-06
6.8784127e-06
6.9716782e-06
7.0728479e-06
7.1613686e-06
7.2676968e-06
7.3610575e-06
7.4658732e-06
7.5592091e-06
7.6705907e-06
7.7621317e-06
7.8711862e-06
7.9682995e-06
8.075388e-06
8.16861e-06
8.2821417e-06
8.3706257e-06
8.484361e-06
8.5772722e-06
8.6835508e-06
8.7713371e-06
8.8677404e-06
8.946419e-06
9.0439279e-06
9.1153126e-06
9.2100062e-06
9.2725283e-06
9.3595202e-06
9.4169483e-06
9.4943739e-06
9.5441415e-06
9.6140859e-06
9.6706427e-06
1.1043703e-09
1.0780643e-09
9.5589369e-10
1.062767e-09
1.2298271e-09
1.3510816e-09
1.7486858e-09
2.1402819e-09
2.5209095e-09
3.1020853e-09
3.9296009e-09
4.7821341e-09
3.9528314e-08
1.2421907e-07
3.0527137e-07
8.7552245e-07
1.53874e-06
2.13364e-06
2.6184662e-06
3.0217467e-06
3.3216029e-06
3.55574e-06
3.7186273e-06
3.8164787e-06
3.8613037e-06
3.8690342e-06
3.8554352e-06
3.8301956e-06
3.8029455e-06
3.7815413e-06
3.770341e-06
3.7713848e-06
3.7882964e-06
3.8225129e-06
3.8724361e-06
3.936922e-06
4.0158975e-06
4.1042672e-06
4.1980484e-06
4.2991739e-06
4.4075734e-06
4.5274791e-06
4.6681567e-06
4.7936672e-06
4.8865859e-06
4.9556157e-06
5.0388852e-06
5.1183502e-06
5.1978012e-06
5.2693912e-06
5.3420275e-06
5.4116596e-06
5.48103e-06
5.5497073e-06
5.6224051e-06
5.6947647e-06
5.7710111e-06
5.8431925e-06
5.9219756e-06
5.997675e-06
6.082707e-06
6.1596462e-06
6.2426879e-06
6.3238168e-06
6.4120746e-06
6.4963641e-06
6.5845082e-06
6.6707709e-06
6.7638373e-06
6.8547304e-06
6.9455019e-06
7.036985e-06
7.1376948e-06
7.2304095e-06
7.3317911e-06
7.4273682e-06
7.5377364e-06
7.6338919e-06
7.7430356e-06
7.8470175e-06
7.9620674e-06
8.0612504e-06
8.18211e-06
8.2871879e-06
8.4070324e-06
8.5120734e-06
8.6397926e-06
8.7434224e-06
8.8688843e-06
8.9790968e-06
9.103164e-06
9.2090845e-06
9.3407007e-06
9.4416979e-06
9.573104e-06
9.6798622e-06
9.8058445e-06
9.9097285e-06
1.0022818e-05
1.0113368e-05
1.022843e-05
1.0311015e-05
1.0423182e-05
1.0495617e-05
1.0599085e-05
1.0665412e-05
1.0757735e-05
1.0814618e-05
1.0897218e-05
1.0963011e-05
1.0424642e-09
1.0590486e-09
9.3782467e-10
1.0971858e-09
1.2476171e-09
1.4203455e-09
1.8744887e-09
2.2401456e-09
2.7157129e-09
3.4029099e-09
4.2431476e-09
5.5077136e-09
7.133991e-09
2.1724974e-08
2.7814906e-07
4.1180164e-07
1.1118188e-06
1.8190298e-06
2.4286127e-06
2.9508635e-06
3.3544909e-06
3.6762147e-06
3.9121079e-06
4.0702894e-06
4.1610414e-06
4.2031852e-06
4.2150113e-06
4.2073723e-06
4.1920652e-06
4.178913e-06
4.1737047e-06
4.1797381e-06
4.2018642e-06
4.2423312e-06
4.2999125e-06
4.3735995e-06
4.4639499e-06
4.5659574e-06
4.6739212e-06
4.7903823e-06
4.9142774e-06
5.0540915e-06
5.2173049e-06
5.3712142e-06
5.4684525e-06
5.537872e-06
5.6231193e-06
5.7079113e-06
5.7968795e-06
5.8794535e-06
5.9635599e-06
6.0440299e-06
6.1245471e-06
6.2035741e-06
6.2874304e-06
6.3701114e-06
6.4574241e-06
6.5393459e-06
6.6290359e-06
6.7145495e-06
6.8106053e-06
6.8972423e-06
6.9906099e-06
7.0812724e-06
7.1799462e-06
7.2738991e-06
7.3722046e-06
7.4682167e-06
7.5719233e-06
7.6729648e-06
7.7741156e-06
7.875527e-06
7.9872705e-06
8.0902308e-06
8.2037007e-06
8.3095041e-06
8.4329572e-06
8.5396225e-06
8.6624544e-06
8.7775635e-06
8.9075858e-06
9.0180396e-06
9.1546158e-06
9.2720137e-06
9.4083761e-06
9.5258274e-06
9.6714364e-06
9.7880739e-06
9.9317249e-06
1.0055964e-05
1.019907e-05
1.0318808e-05
1.0470645e-05
1.0585551e-05
1.0736963e-05
1.0858082e-05
1.1006011e-05
1.1128779e-05
1.1262285e-05
1.1366259e-05
1.1501719e-05
1.1597174e-05
1.1729788e-05
1.1813818e-05
1.1936833e-05
1.2013664e-05
1.2123947e-05
1.2189289e-05
1.2287439e-05
1.2363748e-05
9.4130387e-10
1.0200834e-09
9.1032676e-10
1.0813796e-09
1.2112768e-09
1.4682139e-09
1.916691e-09
2.2667334e-09
2.8935105e-09
3.6991543e-09
4.6599827e-09
5.9041769e-09
8.4178412e-09
1.0105104e-08
1.3932406e-07
2.471895e-07
5.8281338e-07
1.35043e-06
2.0884911e-06
2.7452867e-06
3.2743204e-06
3.7048072e-06
4.0327773e-06
4.267923e-06
4.4210204e-06
4.5102068e-06
4.558255e-06
4.5771147e-06
4.5809712e-06
4.5816431e-06
4.5865981e-06
4.6006076e-06
4.6301302e-06
4.6784806e-06
4.7449035e-06
4.8287306e-06
4.9310731e-06
5.0471425e-06
5.1697917e-06
5.3022487e-06
5.4448055e-06
5.6068877e-06
5.7941241e-06
5.9777825e-06
6.0827437e-06
6.1538284e-06
6.2355409e-06
6.3161419e-06
6.4129595e-06
6.5132205e-06
6.6120234e-06
6.7036215e-06
6.7961201e-06
6.8861797e-06
6.9821775e-06
7.075885e-06
7.1751813e-06
7.267595e-06
7.3691026e-06
7.4651903e-06
7.5730173e-06
7.6700582e-06
7.7745384e-06
7.8752902e-06
7.9849506e-06
8.0890553e-06
8.1981798e-06
8.304379e-06
8.4192245e-06
8.5308066e-06
8.6428195e-06
8.7543133e-06
8.8774086e-06
8.9909697e-06
9.1171322e-06
9.2335117e-06
9.3705395e-06
9.4880525e-06
9.6254226e-06
9.7518424e-06
9.8978125e-06
1.001998e-05
1.0173373e-05
1.0303469e-05
1.0457821e-05
1.0588222e-05
1.0753211e-05
1.0883653e-05
1.1047329e-05
1.1186342e-05
1.1350662e-05
1.1485261e-05
1.1659532e-05
1.1789763e-05
1.1963705e-05
1.2100194e-05
1.2271863e-05
1.241481e-05
1.2574834e-05
1.2693871e-05
1.2852999e-05
1.2963261e-05
1.3119769e-05
1.3217393e-05
1.3363627e-05
1.3452932e-05
1.3584951e-05
1.3660613e-05
1.3777919e-05
1.386634e-05
8.4322049e-10
9.0832704e-10
8.4854648e-10
1.0628576e-09
1.1688956e-09
1.4735797e-09
1.8355336e-09
2.3175458e-09
3.1320054e-09
3.9180922e-09
5.0812552e-09
6.7785e-09
9.7651704e-09
6.899418e-09
4.3174275e-08
8.5922342e-08
4.6967844e-07
7.3783158e-07
1.5750991e-06
2.3711229e-06
3.0450814e-06
3.6074278e-06
4.0493896e-06
4.3818538e-06
4.6159571e-06
4.7687835e-06
4.8661571e-06
4.9225654e-06
4.954853e-06
4.9767547e-06
4.997577e-06
5.023969e-06
5.0638609e-06
5.1224028e-06
5.1993047e-06
5.2944128e-06
5.4093435e-06
5.5394706e-06
5.6762606e-06
5.8278022e-06
5.9914818e-06
6.1777209e-06
6.3877936e-06
6.6014272e-06
6.7186081e-06
6.7916169e-06
6.8614048e-06
6.9334602e-06
7.0259616e-06
7.1294461e-06
7.2423649e-06
7.3513225e-06
7.4648086e-06
7.573162e-06
7.6897823e-06
7.7965498e-06
7.908603e-06
8.0122019e-06
8.1264155e-06
8.2338525e-06
8.3541581e-06
8.4623109e-06
8.5786912e-06
8.6900519e-06
8.8111954e-06
8.9258643e-06
9.0464238e-06
9.1631506e-06
9.2894531e-06
9.4118607e-06
9.534964e-06
9.6565499e-06
9.7909666e-06
9.9152989e-06
1.0054509e-05
1.0181595e-05
1.0332379e-05
1.0460879e-05
1.0613425e-05
1.0751006e-05
1.0913697e-05
1.104778e-05
1.1218913e-05
1.1361764e-05
1.1535501e-05
1.1679135e-05
1.1864852e-05
1.2009713e-05
1.2195257e-05
1.2349509e-05
1.2537327e-05
1.2687687e-05
1.2886632e-05
1.3033601e-05
1.3232717e-05
1.3386184e-05
1.3583088e-05
1.3746478e-05
1.393932e-05
1.4076609e-05
1.4263208e-05
1.4390557e-05
1.4574944e-05
1.4688558e-05
1.4862406e-05
1.4966632e-05
1.5125066e-05
1.5213823e-05
1.5354475e-05
1.5457241e-05
8.0995596e-10
8.9300003e-10
8.7576658e-10
9.6124273e-10
1.1273199e-09
1.3501746e-09
1.7221466e-09
2.3753701e-09
3.1205863e-09
3.9918198e-09
5.5257715e-09
7.8241985e-09
1.0391958e-08
1.2123032e-08
1.4607985e-08
2.0061232e-08
3.2488423e-07
3.4600582e-07
9.0421e-07
1.8008668e-06
2.6259711e-06
3.3440918e-06
3.9236208e-06
4.3765497e-06
4.7131926e-06
4.9506845e-06
5.1137069e-06
5.2210226e-06
5.2933164e-06
5.345896e-06
5.3900305e-06
5.4347193e-06
5.4893013e-06
5.560997e-06
5.6506335e-06
5.7584807e-06
5.8866592e-06
6.0301149e-06
6.1828571e-06
6.3555254e-06
6.5424502e-06
6.7522449e-06
6.9833553e-06
7.2128605e-06
7.3587085e-06
7.42111e-06
7.4830686e-06
7.5496741e-06
7.6346197e-06
7.7314346e-06
7.8448567e-06
7.9579032e-06
8.0807855e-06
8.1988478e-06
8.3284508e-06
8.4524937e-06
8.586211e-06
8.7118874e-06
8.8477364e-06
8.9762445e-06
9.1132352e-06
9.2411782e-06
9.3735236e-06
9.4989189e-06
9.631161e-06
9.7573709e-06
9.8893581e-06
1.0017744e-05
1.0151941e-05
1.0285794e-05
1.0419609e-05
1.0550156e-05
1.0689924e-05
1.0822905e-05
1.0971641e-05
1.1104216e-05
1.1261714e-05
1.1397463e-05
1.1562967e-05
1.170184e-05
1.1880969e-05
1.2023135e-05
1.2208942e-05
1.2359297e-05
1.2554855e-05
1.2707831e-05
1.2912834e-05
1.3074005e-05
1.3283716e-05
1.3449766e-05
1.3669957e-05
1.3835242e-05
1.4062801e-05
1.4233122e-05
1.4460991e-05
1.4636006e-05
1.4867082e-05
1.5046523e-05
1.5289538e-05
1.5458879e-05
1.5693221e-05
1.5849009e-05
1.6065854e-05
1.6198371e-05
1.6405112e-05
1.6527349e-05
1.6718041e-05
1.6823765e-05
1.6993005e-05
1.7113235e-05
7.615302e-10
8.2954696e-10
8.3829606e-10
8.9380786e-10
1.1524843e-09
1.3251154e-09
1.6850659e-09
2.2333701e-09
2.9465374e-09
4.2478149e-09
5.9879232e-09
9.2165395e-09
1.1994303e-08
1.2943075e-08
1.4239117e-08
5.4420564e-09
1.3276019e-07
1.1131695e-07
4.6609621e-07
1.0416837e-06
1.9867863e-06
2.8670891e-06
3.6102285e-06
4.2086266e-06
4.67209e-06
5.017034e-06
5.2689438e-06
5.4426884e-06
5.5689152e-06
5.6638524e-06
5.7407534e-06
5.8113683e-06
5.8866817e-06
5.9753321e-06
6.0806259e-06
6.2030291e-06
6.3451921e-06
6.5026609e-06
6.674527e-06
6.8694029e-06
7.0796416e-06
7.3099007e-06
7.5605601e-06
7.7904969e-06
7.9480083e-06
8.0134784e-06
8.0817078e-06
8.1489815e-06
8.2290604e-06
8.31513e-06
8.4195269e-06
8.5247781e-06
8.6458663e-06
8.7634465e-06
8.8968465e-06
9.0262539e-06
9.1703789e-06
9.3075972e-06
9.457393e-06
9.5999783e-06
9.7511222e-06
9.8936296e-06
1.0041416e-05
1.0180716e-05
1.0326591e-05
1.0465172e-05
1.0611072e-05
1.0751459e-05
1.0897574e-05
1.1042189e-05
1.1187743e-05
1.132837e-05
1.1477266e-05
1.1620031e-05
1.1780765e-05
1.1922664e-05
1.2090782e-05
1.2234974e-05
1.2414289e-05
1.2559578e-05
1.2753228e-05
1.2904365e-05
1.3106155e-05
1.3264556e-05
1.3479385e-05
1.3642688e-05
1.3866934e-05
1.4040724e-05
1.4274132e-05
1.4452124e-05
1.4699428e-05
1.4880419e-05
1.5135093e-05
1.5324845e-05
1.5582803e-05
1.5777157e-05
1.6041658e-05
1.6237538e-05
1.6519049e-05
1.6717089e-05
1.6995681e-05
1.7183836e-05
1.7454576e-05
1.7626395e-05
1.7886176e-05
1.8047261e-05
1.829681e-05
1.844581e-05
1.8655906e-05
1.8798141e-05
7.6838006e-10
8.4909289e-10
8.7119573e-10
9.1484957e-10
1.0890192e-09
1.2629736e-09
1.6744704e-09
2.2976017e-09
3.0760661e-09
4.2627324e-09
5.9240024e-09
9.4788044e-09
1.2725903e-08
1.2653412e-08
1.5320109e-08
1.1890173e-08
2.8847264e-08
1.6430162e-08
4.3186794e-07
4.1498519e-07
1.1534432e-06
2.1423115e-06
3.0557569e-06
3.8270017e-06
4.443411e-06
4.92108e-06
5.2866696e-06
5.5491828e-06
5.7462394e-06
5.8973968e-06
6.0183878e-06
6.1244105e-06
6.2280828e-06
6.3395158e-06
6.4634018e-06
6.6024655e-06
6.7610972e-06
6.9370335e-06
7.1289331e-06
7.346992e-06
7.5757867e-06
7.8247322e-06
8.0923185e-06
8.3322543e-06
8.4864632e-06
8.5622783e-06
8.6442737e-06
8.7165698e-06
8.7946965e-06
8.8684992e-06
8.9574044e-06
9.0462477e-06
9.156009e-06
9.262946e-06
9.3901871e-06
9.5140272e-06
9.6566543e-06
9.7928045e-06
9.9452585e-06
1.0091569e-05
1.0250075e-05
1.0400276e-05
1.0559216e-05
1.0709245e-05
1.0868304e-05
1.1018633e-05
1.117845e-05
1.1329978e-05
1.1489125e-05
1.1642825e-05
1.1801391e-05
1.1951969e-05
1.211215e-05
1.2266625e-05
1.2441419e-05
1.2595298e-05
1.2777526e-05
1.2932968e-05
1.3127332e-05
1.3282798e-05
1.3491474e-05
1.3652888e-05
1.3872116e-05
1.4039898e-05
1.4273991e-05
1.444811e-05
1.4692957e-05
1.4878052e-05
1.5135702e-05
1.5325935e-05
1.5599309e-05
1.5795989e-05
1.6078578e-05
1.6285953e-05
1.6575597e-05
1.6788386e-05
1.7087675e-05
1.7301001e-05
1.7616671e-05
1.7838691e-05
1.8159773e-05
1.8377733e-05
1.8698093e-05
1.8905534e-05
1.9219644e-05
1.9417752e-05
1.9726121e-05
1.9918956e-05
2.0187733e-05
2.04336e-05
7.5499362e-10
8.2023378e-10
8.5654311e-10
9.1415207e-10
1.17694e-09
1.3957355e-09
1.6633521e-09
2.0417253e-09
2.6406058e-09
3.4674866e-09
4.7339553e-09
6.6971046e-09
9.7771359e-09
1.2015817e-08
1.3951701e-08
1.3629438e-08
1.6215496e-08
2.4329639e-08
1.4347365e-07
2.3551286e-07
4.7525026e-07
1.2135427e-06
2.2190692e-06
3.1712662e-06
3.968728e-06
4.606924e-06
5.111867e-06
5.4883967e-06
5.7792798e-06
6.0029056e-06
6.1818866e-06
6.3345766e-06
6.47589e-06
6.6173219e-06
6.7648543e-06
6.9251579e-06
7.1057157e-06
7.3022671e-06
7.5159205e-06
7.7525361e-06
7.9977912e-06
8.2623515e-06
8.5434136e-06
8.820276e-06
8.9701124e-06
9.0635522e-06
9.1594061e-06
9.2371471e-06
9.3124751e-06
9.371858e-06
9.4419656e-06
9.5104444e-06
9.6013363e-06
9.6883414e-06
9.7995673e-06
9.9064497e-06
1.0034205e-05
1.0154274e-05
1.0294883e-05
1.0431314e-05
1.0586616e-05
1.0734331e-05
1.0896035e-05
1.1048914e-05
1.1216001e-05
1.1374327e-05
1.1544568e-05
1.1704755e-05
1.1874518e-05
1.2034774e-05
1.2205163e-05
1.2363485e-05
1.2535182e-05
1.2701653e-05
1.2891331e-05
1.3057488e-05
1.3255407e-05
1.3424009e-05
1.3634672e-05
1.3801712e-05
1.4027008e-05
1.4200172e-05
1.4438262e-05
1.4617294e-05
1.4872303e-05
1.5058166e-05
1.5325878e-05
1.5523212e-05
1.580717e-05
1.6010316e-05
1.631204e-05
1.6524781e-05
1.6837609e-05
1.7062747e-05
1.7386331e-05
1.7617411e-05
1.7954566e-05
1.8186568e-05
1.8538376e-05
1.8781629e-05
1.9145289e-05
1.939261e-05
1.9762478e-05
2.0003838e-05
2.0375499e-05
2.0610919e-05
2.0981602e-05
2.121888e-05
2.1553612e-05
2.1863111e-05
8.0126657e-10
8.632434e-10
9.070445e-10
9.8978563e-10
1.1460005e-09
1.3384549e-09
1.4748519e-09
1.707219e-09
2.1536322e-09
2.6682318e-09
3.6122555e-09
4.4343567e-09
6.233091e-09
7.6520813e-09
1.138028e-08
1.2715626e-08
1.2984164e-08
1.2257586e-08
3.233321e-08
1.2300095e-07
2.0607285e-07
6.0165101e-07
1.1470733e-06
2.1959447e-06
3.1794475e-06
4.0075147e-06
4.6805225e-06
5.1961677e-06
5.6074929e-06
5.925493e-06
6.1773024e-06
6.3894582e-06
6.5796811e-06
6.7615945e-06
6.9444926e-06
7.1331452e-06
7.3370502e-06
7.5569038e-06
7.7895343e-06
8.0415442e-06
8.3023972e-06
8.5784982e-06
8.8687137e-06
9.1813494e-06
9.3674686e-06
9.4742581e-06
9.5695902e-06
9.6583729e-06
9.7333274e-06
9.7839872e-06
9.8470689e-06
9.8971347e-06
9.9645567e-06
1.0025224e-05
1.0110665e-05
1.0187703e-05
1.0284634e-05
1.0372305e-05
1.0486014e-05
1.0597792e-05
1.073645e-05
1.0866629e-05
1.1019328e-05
1.1161739e-05
1.1326721e-05
1.14858e-05
1.1658441e-05
1.1821737e-05
1.1996163e-05
1.2157861e-05
1.233463e-05
1.2495427e-05
1.2675648e-05
1.2849868e-05
1.3051435e-05
1.3225955e-05
1.343694e-05
1.3616275e-05
1.3842407e-05
1.4018936e-05
1.4261205e-05
1.4446346e-05
1.4703971e-05
1.489553e-05
1.5173313e-05
1.5372255e-05
1.5665175e-05
1.5876918e-05
1.6190076e-05
1.6407246e-05
1.6740739e-05
1.6970482e-05
1.7316125e-05
1.7559805e-05
1.7920035e-05
1.8169433e-05
1.8548525e-05
1.8800586e-05
1.9194256e-05
1.9459943e-05
1.9868738e-05
2.0147477e-05
2.0571775e-05
2.0849101e-05
2.1284763e-05
2.1560382e-05
2.2001127e-05
2.2284922e-05
2.2696372e-05
2.305099e-05
8.2102716e-10
8.7165323e-10
9.2105163e-10
1.0108291e-09
1.0966215e-09
1.3007482e-09
1.3486439e-09
1.5428862e-09
1.9368865e-09
2.2822496e-09
2.9259928e-09
3.5382808e-09
4.4963214e-09
5.2627988e-09
7.0418496e-09
8.6667975e-09
1.2538152e-08
1.2621552e-08
1.5284306e-08
2.8084531e-08
1.2763387e-07
2.6104392e-07
6.0902683e-07
9.9952783e-07
2.0326906e-06
3.0483071e-06
3.9168438e-06
4.5979646e-06
5.1570462e-06
5.5919554e-06
5.9383077e-06
6.227436e-06
6.4817717e-06
6.7154233e-06
6.9429553e-06
7.1692795e-06
7.401816e-06
7.6416769e-06
7.890995e-06
8.1573369e-06
8.4318154e-06
8.7162654e-06
9.0106232e-06
9.3190159e-06
9.5415178e-06
9.6122064e-06
9.7007055e-06
9.7839709e-06
9.8876088e-06
9.9814982e-06
1.0100528e-05
1.0143192e-05
1.0198744e-05
1.0235206e-05
1.0287641e-05
1.0323947e-05
1.0377911e-05
1.0423906e-05
1.0501618e-05
1.0577205e-05
1.0683118e-05
1.0779601e-05
1.0909291e-05
1.1027237e-05
1.1178242e-05
1.1328574e-05
1.148835e-05
1.1643094e-05
1.1814876e-05
1.1967623e-05
1.2136386e-05
1.2292959e-05
1.2472162e-05
1.2642096e-05
1.2844937e-05
1.3017237e-05
1.323139e-05
1.3412169e-05
1.3647832e-05
1.3826775e-05
1.408211e-05
1.4275289e-05
1.4550011e-05
1.4751563e-05
1.5051734e-05
1.5262908e-05
1.5580902e-05
1.580753e-05
1.6150458e-05
1.6381227e-05
1.6747447e-05
1.6993449e-05
1.73725e-05
1.763409e-05
1.8033069e-05
1.8300517e-05
1.8726011e-05
1.8999846e-05
1.9442827e-05
1.9736079e-05
2.0196082e-05
2.0510248e-05
2.0997348e-05
2.131603e-05
2.182505e-05
2.2145246e-05
2.2666761e-05
2.3000385e-05
2.3502676e-05
2.3903813e-05
9.0270711e-10
9.568713e-10
1.0022399e-09
1.1053276e-09
1.0652728e-09
1.2910241e-09
1.3731534e-09
1.4998997e-09
1.7605169e-09
2.0416802e-09
2.4560257e-09
3.0141727e-09
3.5290003e-09
4.3355514e-09
4.975874e-09
6.2716964e-09
7.4619599e-09
1.0142315e-08
1.2664518e-08
1.442948e-08
2.9674348e-08
1.2220858e-07
2.6406049e-07
6.0142229e-07
7.8960882e-07
1.7454761e-06
2.7454711e-06
3.6075819e-06
4.3429749e-06
4.9239137e-06
5.3828371e-06
5.7737908e-06
6.1062467e-06
6.4034712e-06
6.6864534e-06
6.9559991e-06
7.2213091e-06
7.4843267e-06
7.747164e-06
8.0258783e-06
8.3107289e-06
8.6022932e-06
8.8957656e-06
9.1933427e-06
9.4185613e-06
9.2928104e-06
9.4159806e-06
9.5242585e-06
9.651146e-06
9.7668421e-06
9.9149698e-06
1.001494e-05
1.0136991e-05
1.0172003e-05
1.0206561e-05
1.0220371e-05
1.025322e-05
1.0279311e-05
1.0325719e-05
1.0363361e-05
1.0425724e-05
1.0481967e-05
1.0581123e-05
1.0667023e-05
1.0792476e-05
1.0917496e-05
1.1052927e-05
1.1182558e-05
1.133335e-05
1.1461205e-05
1.1607166e-05
1.1745108e-05
1.1902187e-05
1.2048995e-05
1.2233515e-05
1.2385573e-05
1.2584436e-05
1.2751619e-05
1.2983832e-05
1.3152192e-05
1.3408862e-05
1.3598303e-05
1.3879747e-05
1.4080169e-05
1.4394013e-05
1.460893e-05
1.4943272e-05
1.5176575e-05
1.5541825e-05
1.5777654e-05
1.616998e-05
1.6424663e-05
1.6832257e-05
1.7107232e-05
1.7544599e-05
1.7828296e-05
1.8303875e-05
1.8600644e-05
1.9099892e-05
1.9427116e-05
1.9945836e-05
2.029957e-05
2.0855738e-05
2.1220087e-05
2.1810903e-05
2.2177994e-05
2.2791067e-05
2.3177641e-05
2.3788513e-05
2.4246803e-05
9.6696227e-10
9.943849e-10
1.0525123e-09
1.1106903e-09
1.1536525e-09
1.3047936e-09
1.3776513e-09
1.4647674e-09
1.676308e-09
1.8808067e-09
2.2935692e-09
2.6191093e-09
3.3027839e-09
3.7736268e-09
4.4393403e-09
5.1293978e-09
6.0423224e-09
7.2136272e-09
8.7374637e-09
1.0874898e-08
1.5115999e-08
2.8214891e-08
9.3192364e-08
2.7034383e-07
4.7323915e-07
7.9239209e-07
1.3095184e-06
2.1532484e-06
3.0783826e-06
3.8190468e-06
4.4272631e-06
4.9368761e-06
5.3586632e-06
5.732993e-06
6.0792535e-06
6.4012775e-06
6.7049348e-06
6.9931417e-06
7.2713461e-06
7.5581622e-06
7.8423923e-06
8.1370556e-06
8.4274055e-06
8.713136e-06
8.9225194e-06
8.6299308e-06
8.6854155e-06
8.73448e-06
8.8102712e-06
8.8748041e-06
8.9761749e-06
9.0666307e-06
9.198401e-06
9.3122222e-06
9.4496019e-06
9.57262e-06
9.7246872e-06
9.8343675e-06
9.8757534e-06
9.9058628e-06
9.9557572e-06
9.9973864e-06
1.0079062e-05
1.0139015e-05
1.02284e-05
1.0307905e-05
1.0409724e-05
1.0496214e-05
1.0599503e-05
1.0688625e-05
1.0793906e-05
1.0900926e-05
1.1011416e-05
1.111675e-05
1.125916e-05
1.1372247e-05
1.1535429e-05
1.1673035e-05
1.1881792e-05
1.2021425e-05
1.2257209e-05
1.2421864e-05
1.2686582e-05
1.2862894e-05
1.3166112e-05
1.3362664e-05
1.3687734e-05
1.3904079e-05
1.4268123e-05
1.4486334e-05
1.4884365e-05
1.5129569e-05
1.5552275e-05
1.5829316e-05
1.6298315e-05
1.6590251e-05
1.7113573e-05
1.7427919e-05
1.7983002e-05
1.834281e-05
1.8919003e-05
1.9307516e-05
1.9927779e-05
2.0329927e-05
2.1001574e-05
2.1409578e-05
2.2121744e-05
2.2562523e-05
2.3304174e-05
2.3831471e-05
1.1076203e-09
1.1113731e-09
1.1918909e-09
1.2234815e-09
1.2235783e-09
1.2124516e-09
1.4091919e-09
1.561886e-09
1.6256273e-09
1.8511652e-09
2.2276447e-09
2.4853173e-09
3.0671747e-09
3.5829203e-09
4.2683953e-09
4.7917308e-09
5.5973278e-09
6.3911872e-09
7.4586618e-09
8.5261753e-09
1.0289598e-08
1.3213588e-08
2.3122576e-08
6.1860776e-08
1.6978076e-07
3.8968543e-07
6.4640593e-07
8.6880115e-07
1.5349186e-06
2.1930484e-06
2.9601523e-06
3.6293865e-06
4.1522278e-06
4.5956213e-06
5.0000581e-06
5.3979218e-06
5.7436091e-06
6.0576573e-06
6.3513422e-06
6.6456234e-06
6.9205007e-06
7.2025579e-06
7.4763292e-06
7.7605833e-06
7.9340996e-06
7.5480528e-06
7.5389949e-06
7.5310933e-06
7.5597976e-06
7.5788155e-06
7.6371264e-06
7.6862458e-06
7.7861393e-06
7.8811926e-06
8.0157789e-06
8.1392452e-06
8.3036353e-06
8.4705238e-06
8.6571428e-06
8.8361891e-06
9.0390337e-06
9.1999102e-06
9.3442348e-06
9.3923116e-06
9.4424349e-06
9.4777873e-06
9.5405994e-06
9.5740826e-06
9.6363199e-06
9.7003513e-06
9.7634168e-06
9.8370599e-06
9.8975606e-06
9.9672274e-06
1.0063765e-05
1.0135083e-05
1.0248358e-05
1.0342235e-05
1.050181e-05
1.0591408e-05
1.0775504e-05
1.0889441e-05
1.1101176e-05
1.1223539e-05
1.1475558e-05
1.1619541e-05
1.1894953e-05
1.2063577e-05
1.238903e-05
1.2561613e-05
1.2934332e-05
1.3147517e-05
1.3562967e-05
1.3820583e-05
1.429901e-05
1.4575152e-05
1.5123687e-05
1.5428894e-05
1.6014809e-05
1.6379011e-05
1.6983101e-05
1.737617e-05
1.8031651e-05
1.843876e-05
1.9171436e-05
1.9600216e-05
2.0412515e-05
2.0902738e-05
2.1796146e-05
2.2396688e-05
1.2402484e-09
1.2280202e-09
1.2960094e-09
1.3005506e-09
1.3591644e-09
1.3355883e-09
1.6138491e-09
1.5999047e-09
1.6662539e-09
1.967393e-09
2.1855872e-09
2.5773158e-09
2.9359999e-09
3.487288e-09
4.2007734e-09
4.9025309e-09
5.6106143e-09
6.4340509e-09
7.2335078e-09
8.1795977e-09
9.2097193e-09
1.0700178e-08
1.2738139e-08
1.751272e-08
3.4927228e-08
8.8777162e-08
2.6292502e-07
4.7141933e-07
7.0654844e-07
9.7403404e-07
1.406315e-06
1.8704751e-06
2.3609434e-06
2.9269657e-06
3.4027522e-06
3.8340923e-06
4.1971963e-06
4.5386969e-06
4.8554078e-06
5.1578878e-06
5.4064836e-06
5.6737286e-06
5.9064182e-06
6.1754152e-06
6.3162742e-06
5.9969617e-06
5.9764246e-06
5.9599097e-06
5.9806491e-06
5.9889132e-06
6.0351725e-06
6.0632082e-06
6.1411112e-06
6.2092864e-06
6.3176904e-06
6.4114654e-06
6.5535468e-06
6.6922754e-06
6.8773951e-06
6.9734299e-06
7.0857366e-06
7.174828e-06
7.3013295e-06
7.3814318e-06
7.4961318e-06
7.595346e-06
7.7161726e-06
7.8096544e-06
7.9115864e-06
8.0513683e-06
8.1685477e-06
8.2753849e-06
8.4154211e-06
8.5248213e-06
8.6649372e-06
8.7190323e-06
8.779255e-06
8.8224456e-06
8.9211258e-06
8.9541491e-06
9.0739382e-06
9.132675e-06
9.2771024e-06
9.3420102e-06
9.5274805e-06
9.6130912e-06
9.823699e-06
9.9422807e-06
1.0214524e-05
1.0341328e-05
1.0671096e-05
1.0836684e-05
1.1209988e-05
1.1412649e-05
1.1848518e-05
1.2061323e-05
1.2570732e-05
1.2804193e-05
1.3348648e-05
1.3650661e-05
1.4219035e-05
1.4559676e-05
1.5198216e-05
1.5557612e-05
1.6317183e-05
1.6731464e-05
1.7627528e-05
1.8138518e-05
1.9170919e-05
1.9811053e-05
1.510621e-09
1.4841223e-09
1.5352899e-09
1.5235494e-09
1.484689e-09
1.4895276e-09
1.5282999e-09
1.7344734e-09
1.8952932e-09
2.0291675e-09
2.3084312e-09
2.696569e-09
3.0609694e-09
3.6420278e-09
4.2595942e-09
5.1100087e-09
6.0515847e-09
6.9732072e-09
7.8682297e-09
8.6753593e-09
9.5892805e-09
1.0634764e-08
1.1994545e-08
1.3521873e-08
1.6616891e-08
2.1494202e-08
3.9121707e-08
1.1079935e-07
2.6367806e-07
5.1046357e-07
6.7853959e-07
8.5833435e-07
1.1684971e-06
1.3951592e-06
1.6236306e-06
1.888365e-06
2.1501332e-06
2.4178416e-06
2.6923377e-06
2.9628616e-06
3.1551637e-06
3.4351194e-06
3.5817437e-06
3.8310227e-06
3.9229771e-06
3.9392099e-06
3.9526705e-06
3.9468198e-06
3.9614121e-06
3.9415305e-06
3.949829e-06
3.9198477e-06
3.9388679e-06
3.9281744e-06
3.9450457e-06
3.9430394e-06
3.9551898e-06
3.9908487e-06
4.0423509e-06
4.115357e-06
4.1693441e-06
4.2569553e-06
4.3308878e-06
4.4261747e-06
4.4876471e-06
4.5541141e-06
4.6482938e-06
4.7707309e-06
4.8240319e-06
4.9040006e-06
5.0081901e-06
5.0988928e-06
5.1946564e-06
5.308089e-06
5.442541e-06
5.5481848e-06
5.6613401e-06
5.7613228e-06
5.9303058e-06
6.020383e-06
6.2115994e-06
6.3365366e-06
6.5569561e-06
6.6839599e-06
6.9541831e-06
7.1025356e-06
7.3919567e-06
7.5720999e-06
7.929452e-06
8.112312e-06
8.4273872e-06
8.526863e-06
8.8048442e-06
8.9233261e-06
9.2544488e-06
9.3749063e-06
9.7814257e-06
9.9023824e-06
1.0356538e-05
1.0546626e-05
1.1051193e-05
1.1305137e-05
1.1912462e-05
1.2197258e-05
1.2958073e-05
1.3300374e-05
1.4207644e-05
1.4642205e-05
1.5692397e-05
1.6257558e-05
1.8635754e-09
1.8287448e-09
1.8298934e-09
1.7695176e-09
1.7788816e-09
1.7875218e-09
1.7162811e-09
2.1074282e-09
2.0757105e-09
2.2255967e-09
2.447214e-09
2.808594e-09
3.2342564e-09
3.8520528e-09
4.7234855e-09
6.0088869e-09
6.8510372e-09
8.1621432e-09
9.4272034e-09
1.0562466e-08
1.1457836e-08
1.2435387e-08
1.3326933e-08
1.4505039e-08
1.6262038e-08
1.8335373e-08
2.1217448e-08
2.5600165e-08
4.5545e-08
9.8380524e-08
2.0111518e-07
3.8164414e-07
5.6136734e-07
6.6950469e-07
8.1432371e-07
1.003955e-06
1.1908687e-06
1.3078091e-06
1.4000628e-06
1.486001e-06
1.544234e-06
1.6465482e-06
1.6777976e-06
1.774817e-06
1.8028263e-06
1.8163996e-06
1.8300062e-06
1.8331136e-06
1.8410986e-06
1.8391772e-06
1.8465438e-06
1.8441645e-06
1.8587133e-06
1.8616716e-06
1.8774958e-06
1.8823478e-06
1.9029427e-06
1.9175148e-06
1.9668924e-06
1.9835275e-06
2.0409382e-06
2.0792986e-06
2.1167695e-06
2.1366732e-06
2.1870339e-06
2.2023523e-06
2.2497269e-06
2.2796382e-06
2.2884294e-06
2.3376172e-06
2.3505604e-06
2.4096662e-06
2.407204e-06
2.4431172e-06
2.4935284e-06
2.5303706e-06
2.5675528e-06
2.6158535e-06
2.691252e-06
2.7370471e-06
2.8255134e-06
2.9037465e-06
3.0191882e-06
3.0936697e-06
3.2569255e-06
3.3428453e-06
3.5066297e-06
3.6215283e-06
3.8343155e-06
3.9514955e-06
4.216883e-06
4.3500728e-06
4.6366862e-06
4.8042628e-06
5.163464e-06
5.3465986e-06
5.8264719e-06
6.0090844e-06
6.6173915e-06
6.8330635e-06
7.5648517e-06
7.8476701e-06
8.6859946e-06
8.9906261e-06
9.7524853e-06
9.9281294e-06
1.0726936e-05
1.0954712e-05
1.187303e-05
1.2224402e-05
2.5976912e-09
2.5546471e-09
2.4712552e-09
2.3398959e-09
2.1933113e-09
2.1710376e-09
2.1560451e-09
2.167511e-09
2.3340064e-09
2.390428e-09
2.4659076e-09
2.730411e-09
3.0725251e-09
3.4464095e-09
4.0699228e-09
4.8923266e-09
6.1760781e-09
7.9264711e-09
1.0851005e-08
1.5147638e-08
1.7565874e-08
1.9066492e-08
1.9941573e-08
2.084962e-08
2.1673777e-08
2.2950542e-08
2.4412199e-08
2.6527234e-08
2.9629041e-08
3.4731949e-08
4.3822736e-08
6.2799923e-08
1.0989766e-07
1.7965859e-07
2.8525949e-07
4.1212867e-07
5.375375e-07
6.0645463e-07
6.7862993e-07
7.6729373e-07
8.5297035e-07
9.4716487e-07
1.006643e-06
1.0985763e-06
1.117043e-06
1.1255813e-06
1.1387711e-06
1.1450373e-06
1.1565695e-06
1.1615601e-06
1.1700654e-06
1.1736833e-06
1.1775447e-06
1.1815842e-06
1.1854763e-06
1.1882794e-06
1.1950007e-06
1.1902371e-06
1.2083157e-06
1.2296896e-06
1.2589122e-06
1.2804638e-06
1.3048458e-06
1.3244369e-06
1.351966e-06
1.3620495e-06
1.3833466e-06
1.4117161e-06
1.4240912e-06
1.4423491e-06
1.4646216e-06
1.4885442e-06
1.5067743e-06
1.5139217e-06
1.5412285e-06
1.547051e-06
1.6062072e-06
1.6203903e-06
1.6533783e-06
1.6681498e-06
1.745906e-06
1.761886e-06
1.832254e-06
1.8585944e-06
1.931684e-06
1.9571929e-06
2.0293959e-06
2.0813452e-06
2.1499284e-06
2.2255351e-06
2.3050079e-06
2.3923482e-06
2.4975544e-06
2.5892956e-06
2.6930292e-06
2.7933917e-06
2.914038e-06
3.0083656e-06
3.1886306e-06
3.260009e-06
3.5296013e-06
3.5652825e-06
4.0137971e-06
4.0691006e-06
4.7407754e-06
4.769772e-06
5.6456013e-06
5.7597157e-06
6.8237241e-06
7.1857283e-06
3.9099201e-09
3.8588413e-09
3.5905053e-09
3.3121418e-09
3.0972871e-09
2.9861604e-09
2.7882075e-09
2.4503411e-09
2.7520954e-09
2.5727279e-09
2.6077819e-09
2.806291e-09
3.0386054e-09
3.4115432e-09
3.7432853e-09
4.374363e-09
5.0640487e-09
6.2295867e-09
7.6519658e-09
1.0026241e-08
1.3174213e-08
1.8403132e-08
2.6376749e-08
3.5321665e-08
3.6207705e-08
3.6985094e-08
3.7776006e-08
3.8482069e-08
3.8692348e-08
3.9413145e-08
4.0424484e-08
4.2273653e-08
4.5130147e-08
4.9845731e-08
5.7410395e-08
7.1499987e-08
9.4478691e-08
1.2525154e-07
1.6331061e-07
2.0768065e-07
2.5563815e-07
3.0727568e-07
3.5310561e-07
4.0150396e-07
4.187627e-07
4.3219509e-07
4.4289047e-07
4.522141e-07
4.6070601e-07
4.6474802e-07
4.7730801e-07
4.8516787e-07
4.8266914e-07
4.9302805e-07
4.8740042e-07
4.9470248e-07
4.9228569e-07
4.8802049e-07
4.9668581e-07
4.9139203e-07
5.0368879e-07
5.1283299e-07
5.2166009e-07
5.3854716e-07
5.5147918e-07
5.6408623e-07
5.7559847e-07
5.8851034e-07
6.0113656e-07
6.1307968e-07
6.296746e-07
6.3813134e-07
6.4727238e-07
6.6212086e-07
6.7251289e-07
6.8677594e-07
7.0364665e-07
7.1967741e-07
7.3147363e-07
7.4932537e-07
7.7020046e-07
7.9306565e-07
8.2112096e-07
8.4504085e-07
8.8056597e-07
8.967775e-07
9.3692899e-07
9.5537756e-07
1.0001936e-06
1.0249896e-06
1.0781085e-06
1.1178652e-06
1.1826656e-06
1.2350723e-06
1.3012285e-06
1.3775427e-06
1.4375478e-06
1.5234285e-06
1.609518e-06
1.6942962e-06
1.8308377e-06
1.928411e-06
2.0285836e-06
2.1833077e-06
2.2782766e-06
2.4985981e-06
2.6845496e-06
2.8337803e-06
3.1343227e-06
3.3685722e-06
5.8066573e-09
5.6728262e-09
5.4930762e-09
5.2569995e-09
4.849853e-09
4.2947552e-09
3.8093627e-09
3.4068394e-09
3.1783253e-09
3.3189462e-09
3.1668137e-09
3.1405962e-09
3.3404361e-09
3.6962369e-09
3.9487992e-09
4.4239533e-09
4.8856618e-09
5.7129285e-09
6.5844328e-09
7.9955188e-09
9.6585558e-09
1.2032884e-08
1.5031906e-08
2.0105081e-08
2.7376731e-08
3.9601479e-08
4.0815166e-08
4.1815038e-08
4.3022572e-08
4.4197135e-08
4.5450052e-08
4.6677513e-08
4.8102187e-08
4.9979014e-08
5.2255353e-08
5.5350218e-08
5.9456992e-08
5.4328573e-08
6.9429696e-08
7.4342583e-08
7.9920608e-08
8.6491331e-08
9.4311278e-08
1.0258776e-07
1.0701023e-07
1.1012719e-07
1.1329154e-07
1.164127e-07
1.1955948e-07
1.2260897e-07
1.2569397e-07
1.2827532e-07
1.3195837e-07
1.3407959e-07
1.3628556e-07
1.3941567e-07
1.4207684e-07
1.4449139e-07
1.4737277e-07
1.4915689e-07
1.5187176e-07
1.5375557e-07
1.5700238e-07
1.5974429e-07
1.6275077e-07
1.6564615e-07
1.6857858e-07
1.7145402e-07
1.7442986e-07
1.7745915e-07
1.8045212e-07
1.8355067e-07
1.8662276e-07
1.8974835e-07
1.929033e-07
1.9620889e-07
1.9956275e-07
2.0303238e-07
2.0658148e-07
2.1029519e-07
2.1428462e-07
2.186232e-07
2.2332707e-07
2.2855345e-07
2.3445343e-07
2.4093079e-07
2.480902e-07
2.5646291e-07
2.6584379e-07
2.757883e-07
2.8785908e-07
3.0150429e-07
3.1756528e-07
3.3662602e-07
3.5848746e-07
3.8475997e-07
4.151842e-07
4.5038736e-07
4.9282227e-07
5.4287424e-07
6.024298e-07
6.7492197e-07
7.5441591e-07
8.508058e-07
9.6416429e-07
1.0834953e-06
1.2451588e-06
1.3406932e-06
1.503262e-06
1.6480359e-06
7.9211507e-09
7.7022517e-09
7.444931e-09
7.1127859e-09
6.8188555e-09
6.2414542e-09
5.8389718e-09
5.251776e-09
4.4177852e-09
4.5296955e-09
4.3679893e-09
4.0104178e-09
3.9770728e-09
4.1828155e-09
4.6096679e-09
5.0407221e-09
5.4692768e-09
6.0848837e-09
6.7898458e-09
7.7542864e-09
8.8549881e-09
1.0405639e-08
1.2146643e-08
1.4360237e-08
1.7321346e-08
2.1663314e-08
2.9132704e-08
4.0489723e-08
4.9281284e-08
5.1023649e-08
5.2927806e-08
5.4814771e-08
5.6841286e-08
5.9034391e-08
6.2025199e-08
6.2206069e-08
6.8964809e-08
7.299601e-08
6.0603663e-08
8.1516436e-08
8.6419377e-08
9.2149924e-08
9.8405555e-08
1.0472689e-07
1.0456168e-07
1.1129549e-07
1.1372753e-07
1.1609083e-07
1.1852224e-07
1.2093173e-07
1.234124e-07
1.2585848e-07
1.2829312e-07
1.3062603e-07
1.3308318e-07
1.353876e-07
1.3781155e-07
1.3994629e-07
1.4222653e-07
1.442649e-07
1.4648992e-07
1.4844923e-07
1.5047298e-07
1.5235743e-07
1.5432759e-07
1.5613158e-07
1.5792861e-07
1.5960261e-07
1.6133082e-07
1.6294243e-07
1.6450687e-07
1.6597185e-07
1.6749148e-07
1.688751e-07
1.7019643e-07
1.7147954e-07
1.7274667e-07
1.7393101e-07
1.750098e-07
1.7613883e-07
1.7717235e-07
1.7816601e-07
1.7914798e-07
1.8012809e-07
1.8105767e-07
1.8198554e-07
1.8294266e-07
1.8385276e-07
1.8476574e-07
1.8568973e-07
1.8657266e-07
1.8743635e-07
1.8834989e-07
1.8923499e-07
1.9028339e-07
1.9146304e-07
1.9279943e-07
1.9436181e-07
1.9609516e-07
1.981369e-07
2.0068673e-07
2.0399417e-07
2.0822536e-07
2.1399758e-07
2.2178022e-07
2.3305335e-07
2.4810539e-07
2.6916554e-07
2.9793344e-07
3.413695e-07
1.1278046e-08
1.0952034e-08
1.0484456e-08
9.9061473e-09
9.1910073e-09
8.3943354e-09
7.7791262e-09
7.3288232e-09
6.9076304e-09
6.1085367e-09
6.0465932e-09
5.417905e-09
4.899469e-09
4.7540942e-09
4.9558387e-09
5.2443475e-09
5.816284e-09
6.5357057e-09
7.8004712e-09
9.4667328e-09
1.0761009e-08
1.1623174e-08
1.2908912e-08
1.4405046e-08
1.6375492e-08
1.8283151e-08
2.185138e-08
2.6543902e-08
3.331799e-08
4.2888513e-08
5.8688059e-08
6.4313846e-08
6.7073226e-08
6.9799306e-08
7.3217669e-08
7.7091428e-08
8.1138669e-08
8.5430321e-08
8.0687243e-08
7.8500462e-08
1.0086331e-07
1.0629395e-07
1.1214902e-07
1.1801073e-07
1.2211748e-07
1.2453197e-07
1.2696277e-07
1.2932523e-07
1.3169017e-07
1.3395855e-07
1.3622394e-07
1.3842109e-07
1.4062299e-07
1.4271712e-07
1.4489982e-07
1.46924e-07
1.4901912e-07
1.5083133e-07
1.5273535e-07
1.54409e-07
1.5620079e-07
1.5776019e-07
1.5936203e-07
1.6083053e-07
1.6235941e-07
1.6371572e-07
1.6505672e-07
1.663045e-07
1.6758205e-07
1.6876836e-07
1.6990361e-07
1.7098934e-07
1.7205973e-07
1.7307769e-07
1.7401736e-07
1.7497159e-07
1.7586554e-07
1.7675311e-07
1.775439e-07
1.7840003e-07
1.7917972e-07
1.7997859e-07
1.8075411e-07
1.8155508e-07
1.8233252e-07
1.8313737e-07
1.8394878e-07
1.8474499e-07
1.855167e-07
1.8632383e-07
1.8708272e-07
1.878379e-07
1.8861726e-07
1.8934915e-07
1.9009264e-07
1.9079746e-07
1.9147794e-07
1.9211616e-07
1.9278623e-07
1.9345234e-07
1.941329e-07
1.9476082e-07
1.9538864e-07
1.9599316e-07
1.9653374e-07
1.9715661e-07
1.9769806e-07
1.9823298e-07
1.9941975e-07
2.0048865e-07
1.6323991e-08
1.5812455e-08
1.5152874e-08
1.4353785e-08
1.314912e-08
1.1956859e-08
1.0824813e-08
9.8252885e-09
9.0901997e-09
8.2603558e-09
7.8550285e-09
8.0459215e-09
7.1865506e-09
6.5075873e-09
6.0836787e-09
6.1332561e-09
6.2163027e-09
6.672244e-09
7.2556245e-09
8.2526951e-09
9.5878986e-09
1.1680906e-08
1.4676326e-08
1.9260651e-08
1.9998492e-08
2.1605014e-08
2.3455826e-08
2.6318544e-08
2.9739829e-08
3.4084021e-08
4.0716338e-08
5.0180244e-08
6.832019e-08
8.1616708e-08
8.5610517e-08
9.0199473e-08
9.4856294e-08
1.0002071e-07
1.0527867e-07
1.1130924e-07
1.1743248e-07
1.2335648e-07
1.2937688e-07
1.3528233e-07
1.3923904e-07
1.4155437e-07
1.4388202e-07
1.4604544e-07
1.480886e-07
1.5001581e-07
1.5184212e-07
1.5356294e-07
1.5520178e-07
1.5673097e-07
1.5825961e-07
1.5970448e-07
1.6119104e-07
1.6250468e-07
1.6389696e-07
1.651177e-07
1.6643365e-07
1.6759819e-07
1.6877614e-07
1.698914e-07
1.7102625e-07
1.7208187e-07
1.7309084e-07
1.7408203e-07
1.7505453e-07
1.7601404e-07
1.7691232e-07
1.7780381e-07
1.7865355e-07
1.7950005e-07
1.8024329e-07
1.8104616e-07
1.8177132e-07
1.8253443e-07
1.831883e-07
1.8397081e-07
1.8467072e-07
1.8543329e-07
1.8611714e-07
1.8686077e-07
1.874724e-07
1.8811161e-07
1.8865774e-07
1.8921166e-07
1.8968292e-07
1.9018046e-07
1.9059629e-07
1.9102916e-07
1.9140534e-07
1.9178592e-07
1.9212286e-07
1.9245988e-07
1.9276477e-07
1.9305888e-07
1.9334594e-07
1.9360808e-07
1.9386188e-07
1.9409166e-07
1.9429747e-07
1.9450841e-07
1.9469829e-07
1.9492663e-07
1.9515914e-07
1.9542528e-07
1.9573101e-07
1.9610473e-07
2.4361583e-08
2.3615517e-08
2.2602461e-08
2.1242969e-08
1.9208463e-08
1.7380467e-08
1.5654125e-08
1.3792916e-08
1.233454e-08
1.1358754e-08
1.0136951e-08
1.0074521e-08
1.0248462e-08
9.8227316e-09
9.0111824e-09
8.4759309e-09
8.4484607e-09
8.6818479e-09
8.7920132e-09
9.3288545e-09
9.9371494e-09
1.1084494e-08
1.2486657e-08
1.4934876e-08
1.8246894e-08
2.3787205e-08
3.1898355e-08
3.5386498e-08
3.746161e-08
3.957935e-08
4.2567776e-08
4.7803542e-08
5.6303932e-08
7.0515318e-08
9.1411108e-08
1.0442269e-07
1.1004366e-07
1.1557654e-07
1.2117625e-07
1.2680514e-07
1.3276042e-07
1.3845706e-07
1.4354557e-07
1.4792686e-07
1.5066796e-07
1.5232019e-07
1.538831e-07
1.5536124e-07
1.5666812e-07
1.5792955e-07
1.5914885e-07
1.6035098e-07
1.6146704e-07
1.6251983e-07
1.6354815e-07
1.6454448e-07
1.6556727e-07
1.6653982e-07
1.6756303e-07
1.6855328e-07
1.6958643e-07
1.7057213e-07
1.7153233e-07
1.725033e-07
1.7350723e-07
1.745204e-07
1.7550115e-07
1.7649031e-07
1.7745317e-07
1.7839671e-07
1.7927316e-07
1.801532e-07
1.8099307e-07
1.818323e-07
1.8259909e-07
1.8338822e-07
1.8407697e-07
1.8481329e-07
1.8542235e-07
1.8605686e-07
1.8651429e-07
1.870137e-07
1.8735437e-07
1.877718e-07
1.8801599e-07
1.8836007e-07
1.885317e-07
1.8881256e-07
1.8894042e-07
1.8915698e-07
1.8924036e-07
1.894233e-07
1.8946572e-07
1.8961703e-07
1.8965462e-07
1.8976771e-07
1.8981231e-07
1.8991623e-07
1.8994059e-07
1.9007605e-07
1.9008612e-07
1.9021958e-07
1.9025298e-07
1.9035606e-07
1.9040773e-07
1.9043445e-07
1.9052644e-07
1.9075685e-07
1.910003e-07
1.9135735e-07
3.6662575e-08
3.5697762e-08
3.4225139e-08
3.1986719e-08
2.9127066e-08
2.6362393e-08
2.3092705e-08
2.0343976e-08
1.8052374e-08
1.5915911e-08
1.4294207e-08
1.2762078e-08
1.2452752e-08
1.2274445e-08
1.1979198e-08
1.1580467e-08
1.1368934e-08
1.0782291e-08
1.0929285e-08
1.1604323e-08
1.2992614e-08
1.4952744e-08
1.5387901e-08
1.6468353e-08
1.7977358e-08
2.0522411e-08
2.4249266e-08
3.0338998e-08
4.0146072e-08
5.5232971e-08
6.1652433e-08
6.4658303e-08
6.8344934e-08
7.7469235e-08
8.90956e-08
1.0823504e-07
1.2503802e-07
1.3060752e-07
1.3553064e-07
1.405282e-07
1.450022e-07
1.4920632e-07
1.5332243e-07
1.5646548e-07
1.583255e-07
1.5945321e-07
1.6053168e-07
1.6157884e-07
1.6264934e-07
1.6375955e-07
1.6485489e-07
1.6595291e-07
1.6700441e-07
1.6807654e-07
1.691476e-07
1.7021762e-07
1.7130464e-07
1.7236285e-07
1.735042e-07
1.7459686e-07
1.7573125e-07
1.7678611e-07
1.7780836e-07
1.7877877e-07
1.7966319e-07
1.8049364e-07
1.8120619e-07
1.8189543e-07
1.8249402e-07
1.8307256e-07
1.8354416e-07
1.8403049e-07
1.8440715e-07
1.8482496e-07
1.8509621e-07
1.8543889e-07
1.8561623e-07
1.8588795e-07
1.8598852e-07
1.8618755e-07
1.8621661e-07
1.8636168e-07
1.8632454e-07
1.8640506e-07
1.8632385e-07
1.8637547e-07
1.8624738e-07
1.8627208e-07
1.8614186e-07
1.861338e-07
1.8599129e-07
1.8599632e-07
1.8583132e-07
1.858389e-07
1.8569363e-07
1.8568262e-07
1.855655e-07
1.8556373e-07
1.8543779e-07
1.8548992e-07
1.8535992e-07
1.8543045e-07
1.8534257e-07
1.8540959e-07
1.8539629e-07
1.8547278e-07
1.8549652e-07
1.8565717e-07
1.8589604e-07
1.8617447e-07
5.6041658e-08
5.5071997e-08
5.2947194e-08
4.9188254e-08
4.4932835e-08
4.0275646e-08
3.551488e-08
3.1237949e-08
2.6943879e-08
2.3316563e-08
2.0397128e-08
1.8171346e-08
1.6338209e-08
1.6067727e-08
1.5575383e-08
1.5227628e-08
1.4993273e-08
1.4695535e-08
1.4876474e-08
1.5355782e-08
1.5461137e-08
1.6192562e-08
1.7883391e-08
2.0499557e-08
2.4916838e-08
2.7497958e-08
2.9138391e-08
3.1683156e-08
3.6474166e-08
4.3639602e-08
5.5308189e-08
7.4012358e-08
1.0175823e-07
1.1362442e-07
1.2327315e-07
1.3313951e-07
1.3742392e-07
1.4217721e-07
1.4578528e-07
1.4948728e-07
1.5253897e-07
1.5549367e-07
1.5837919e-07
1.6118544e-07
1.6324992e-07
1.6438155e-07
1.6536556e-07
1.6648609e-07
1.6758581e-07
1.6879225e-07
1.7002128e-07
1.712904e-07
1.725026e-07
1.7370627e-07
1.7482801e-07
1.7582362e-07
1.7677719e-07
1.7759304e-07
1.7832506e-07
1.7899548e-07
1.7958392e-07
1.8014682e-07
1.8061625e-07
1.8108764e-07
1.8145183e-07
1.8184542e-07
1.8210081e-07
1.8242203e-07
1.8258131e-07
1.8283091e-07
1.8292336e-07
1.8310791e-07
1.8313183e-07
1.8324095e-07
1.8321966e-07
1.8327093e-07
1.83192e-07
1.8319703e-07
1.8310401e-07
1.8306927e-07
1.8293451e-07
1.8290517e-07
1.8274951e-07
1.8269764e-07
1.8253975e-07
1.8250055e-07
1.8231896e-07
1.8228349e-07
1.8212263e-07
1.820756e-07
1.8191956e-07
1.8190799e-07
1.8174374e-07
1.8175471e-07
1.8162263e-07
1.8163184e-07
1.8153609e-07
1.8156622e-07
1.8146832e-07
1.8155745e-07
1.8145802e-07
1.8157247e-07
1.8150989e-07
1.8162836e-07
1.8162963e-07
1.8176544e-07
1.8180706e-07
1.8199772e-07
1.8221961e-07
1.8254532e-07
8.652335e-08
8.5926909e-08
8.279539e-08
7.714278e-08
7.0839411e-08
6.3300048e-08
5.5850333e-08
4.8684892e-08
4.2004552e-08
3.6276555e-08
3.1082587e-08
2.6738208e-08
2.3312707e-08
2.0914754e-08
2.0146405e-08
1.9449835e-08
1.888707e-08
1.8422431e-08
1.8148343e-08
1.8465949e-08
1.9501323e-08
2.1593393e-08
2.348351e-08
2.5771493e-08
2.7916215e-08
3.0892019e-08
3.6307235e-08
4.4999511e-08
5.2213675e-08
5.720391e-08
6.4063428e-08
7.399327e-08
8.7871835e-08
1.0674691e-07
1.3282823e-07
1.4062278e-07
1.449505e-07
1.481421e-07
1.5151239e-07
1.5442588e-07
1.5771741e-07
1.6064923e-07
1.6419496e-07
1.6791259e-07
1.7010349e-07
1.7133315e-07
1.7240403e-07
1.7339229e-07
1.7434708e-07
1.7520975e-07
1.7596396e-07
1.766887e-07
1.7729005e-07
1.7781629e-07
1.7827745e-07
1.7871022e-07
1.7908714e-07
1.7944286e-07
1.7972412e-07
1.8000764e-07
1.8017756e-07
1.8038124e-07
1.8047743e-07
1.8061702e-07
1.8064799e-07
1.8072677e-07
1.8070833e-07
1.8074684e-07
1.8067379e-07
1.8067141e-07
1.8056734e-07
1.8054419e-07
1.8039639e-07
1.8034724e-07
1.8020166e-07
1.8014084e-07
1.799674e-07
1.7989725e-07
1.7973746e-07
1.7965065e-07
1.7947149e-07
1.7940938e-07
1.7922603e-07
1.7915434e-07
1.7898057e-07
1.7892967e-07
1.7874426e-07
1.7870694e-07
1.7854894e-07
1.7850973e-07
1.7836081e-07
1.7835582e-07
1.7819809e-07
1.7820985e-07
1.7807382e-07
1.7807804e-07
1.7796504e-07
1.779829e-07
1.7785835e-07
1.7792674e-07
1.7779432e-07
1.7788309e-07
1.7778193e-07
1.778718e-07
1.7783072e-07
1.7793633e-07
1.7795301e-07
1.7809136e-07
1.7826916e-07
1.7855842e-07
1.3654179e-07
1.3629916e-07
1.3156649e-07
1.2268819e-07
1.1323319e-07
1.0107115e-07
8.9863596e-08
7.7891648e-08
6.7457961e-08
5.7604304e-08
4.8841295e-08
4.1664124e-08
3.5814227e-08
3.0679772e-08
2.7366003e-08
2.5920199e-08
2.4764475e-08
2.4190984e-08
2.387818e-08
2.3817657e-08
2.3574785e-08
2.4218469e-08
2.5808337e-08
2.8624126e-08
3.257806e-08
3.7469078e-08
4.092952e-08
4.5762884e-08
5.1739248e-08
6.0294976e-08
7.3035487e-08
8.8927134e-08
9.9898284e-08
1.147739e-07
1.3262887e-07
1.4705427e-07
1.5082222e-07
1.5430154e-07
1.5799126e-07
1.6168942e-07
1.653054e-07
1.6871797e-07
1.7150521e-07
1.737576e-07
1.748486e-07
1.7537062e-07
1.7589774e-07
1.7630753e-07
1.7672045e-07
1.7709608e-07
1.7742816e-07
1.7766356e-07
1.7781302e-07
1.7799235e-07
1.7811697e-07
1.782628e-07
1.7832805e-07
1.7840455e-07
1.7840298e-07
1.7841224e-07
1.7835266e-07
1.7831771e-07
1.7824515e-07
1.781907e-07
1.7809181e-07
1.7802004e-07
1.7791774e-07
1.778393e-07
1.7770983e-07
1.7761276e-07
1.7748114e-07
1.77386e-07
1.7723336e-07
1.7713131e-07
1.7699481e-07
1.7689554e-07
1.7674442e-07
1.7665223e-07
1.7652206e-07
1.7642843e-07
1.7628643e-07
1.7622257e-07
1.7607843e-07
1.7600926e-07
1.7587132e-07
1.7581805e-07
1.7566218e-07
1.7561138e-07
1.7546665e-07
1.7540057e-07
1.7524667e-07
1.7520032e-07
1.7502375e-07
1.749837e-07
1.7482127e-07
1.7476845e-07
1.7462647e-07
1.7458606e-07
1.7443036e-07
1.7444104e-07
1.742749e-07
1.7430351e-07
1.7416645e-07
1.7419141e-07
1.7411366e-07
1.7415137e-07
1.7412945e-07
1.7424158e-07
1.7429544e-07
1.7457253e-07
1.4122768e-07
1.4127981e-07
1.4135786e-07
1.4146206e-07
1.4178058e-07
1.4212651e-07
1.4254103e-07
1.2696106e-07
1.1094967e-07
9.4189297e-08
8.0286199e-08
6.7558018e-08
5.6873837e-08
4.8409113e-08
4.1174447e-08
3.6865296e-08
3.4185149e-08
3.2247816e-08
3.1185089e-08
3.0535208e-08
3.0372456e-08
3.0608988e-08
3.1854622e-08
3.4506399e-08
3.6687679e-08
4.0162562e-08
4.5381337e-08
5.2497261e-08
6.2297994e-08
6.7335437e-08
7.5955465e-08
8.8981706e-08
1.0742442e-07
1.3327705e-07
1.5035454e-07
1.5406875e-07
1.5765601e-07
1.6206341e-07
1.6484733e-07
1.6825163e-07
1.7065791e-07
1.7247093e-07
1.7380739e-07
1.7463846e-07
1.7513567e-07
1.7531555e-07
1.7551839e-07
1.7570662e-07
1.7586925e-07
1.7596625e-07
1.7595995e-07
1.7600299e-07
1.7599582e-07
1.7603043e-07
1.7599621e-07
1.7599594e-07
1.7593269e-07
1.759132e-07
1.7584049e-07
1.7579655e-07
1.7570732e-07
1.7564474e-07
1.7556869e-07
1.754937e-07
1.7540289e-07
1.7531383e-07
1.7523228e-07
1.7514539e-07
1.7505246e-07
1.749567e-07
1.7487087e-07
1.7477804e-07
1.7467506e-07
1.7456867e-07
1.7447269e-07
1.7435599e-07
1.7423226e-07
1.7410496e-07
1.7398239e-07
1.7383713e-07
1.7368132e-07
1.7355032e-07
1.73372e-07
1.7322112e-07
1.7303081e-07
1.7288681e-07
1.7266519e-07
1.7251835e-07
1.723065e-07
1.7214356e-07
1.7192316e-07
1.7178897e-07
1.7154499e-07
1.7142392e-07
1.7119585e-07
1.7106246e-07
1.7085307e-07
1.7073259e-07
1.7049918e-07
1.7043417e-07
1.701817e-07
1.7013326e-07
1.6991127e-07
1.6985624e-07
1.6970337e-07
1.6966288e-07
1.6957444e-07
1.696177e-07
1.6961893e-07
1.6985326e-07
1.4094825e-07
1.410204e-07
1.4106186e-07
1.4121327e-07
1.4122306e-07
1.4127181e-07
1.4149831e-07
1.4170424e-07
1.4200346e-07
1.42467e-07
1.3342155e-07
1.1290016e-07
9.5578112e-08
7.9541707e-08
6.6875849e-08
5.6750134e-08
4.9666318e-08
4.5536888e-08
4.2156508e-08
4.0516401e-08
3.9989511e-08
4.0447672e-08
4.14039e-08
4.177217e-08
4.3437995e-08
4.7135163e-08
5.3469867e-08
6.0284598e-08
6.6429547e-08
7.4852286e-08
8.8076862e-08
1.0744137e-07
1.2263353e-07
1.4260778e-07
1.5635288e-07
1.5909514e-07
1.6302229e-07
1.658278e-07
1.6881122e-07
1.704671e-07
1.7199627e-07
1.7291356e-07
1.736e-07
1.739589e-07
1.7417027e-07
1.7423972e-07
1.743309e-07
1.7440892e-07
1.7441135e-07
1.7444432e-07
1.7442162e-07
1.744454e-07
1.7438894e-07
1.7438896e-07
1.7430058e-07
1.7427674e-07
1.7416925e-07
1.7414163e-07
1.7403672e-07
1.7399395e-07
1.7387306e-07
1.7380404e-07
1.7368703e-07
1.7359142e-07
1.7345157e-07
1.7332739e-07
1.7318764e-07
1.7304693e-07
1.7288272e-07
1.7271138e-07
1.7254294e-07
1.723551e-07
1.7215786e-07
1.7193849e-07
1.7175029e-07
1.7151083e-07
1.7129838e-07
1.7104194e-07
1.7084516e-07
1.7056419e-07
1.7034381e-07
1.7008004e-07
1.6985073e-07
1.6956771e-07
1.6934156e-07
1.6907402e-07
1.6882359e-07
1.6855951e-07
1.6832614e-07
1.6804636e-07
1.6780453e-07
1.6755601e-07
1.6728657e-07
1.6705014e-07
1.6679712e-07
1.6654622e-07
1.6631479e-07
1.6608101e-07
1.6582818e-07
1.6566209e-07
1.6539599e-07
1.6525934e-07
1.6503329e-07
1.6490194e-07
1.6475461e-07
1.6464793e-07
1.6457014e-07
1.6455345e-07
1.645664e-07
1.6471754e-07
1.397309e-07
1.3980538e-07
1.3985442e-07
1.3994182e-07
1.4028822e-07
1.4064255e-07
1.4105903e-07
1.4138268e-07
1.4163245e-07
1.4166592e-07
1.4187643e-07
1.4229965e-07
1.4276028e-07
1.3634018e-07
1.1462477e-07
9.5163461e-08
7.9986071e-08
6.980206e-08
6.2420744e-08
5.8012599e-08
5.4547402e-08
5.4745247e-08
5.5006172e-08
5.5491223e-08
5.6883168e-08
6.0135331e-08
6.5222119e-08
7.0413933e-08
7.8121826e-08
8.9998545e-08
1.0594529e-07
1.2061411e-07
1.4021232e-07
1.58101e-07
1.6008856e-07
1.6318341e-07
1.6515834e-07
1.677534e-07
1.6942122e-07
1.7064814e-07
1.7135783e-07
1.720509e-07
1.724563e-07
1.7257574e-07
1.7268094e-07
1.7267273e-07
1.7265609e-07
1.7265407e-07
1.7260234e-07
1.7258307e-07
1.7248575e-07
1.7243644e-07
1.7230978e-07
1.7225093e-07
1.7209753e-07
1.7200985e-07
1.7183083e-07
1.7173394e-07
1.7154237e-07
1.7141852e-07
1.7119977e-07
1.7105093e-07
1.7084181e-07
1.706728e-07
1.7044052e-07
1.702466e-07
1.7001544e-07
1.6981029e-07
1.6955707e-07
1.6932869e-07
1.6908306e-07
1.6885195e-07
1.6858899e-07
1.6833929e-07
1.6809652e-07
1.6783476e-07
1.6757018e-07
1.672952e-07
1.6704737e-07
1.6674871e-07
1.66477e-07
1.6619511e-07
1.6591465e-07
1.6560832e-07
1.6533244e-07
1.6503417e-07
1.6473754e-07
1.644355e-07
1.6416329e-07
1.638409e-07
1.6356903e-07
1.6327657e-07
1.6298564e-07
1.6270438e-07
1.6243814e-07
1.6214051e-07
1.6190198e-07
1.6161848e-07
1.6136006e-07
1.6113941e-07
1.6086621e-07
1.6066498e-07
1.6042981e-07
1.6022077e-07
1.6006287e-07
1.5986754e-07
1.5977606e-07
1.5966526e-07
1.596594e-07
1.5969958e-07
1.3939868e-07
1.3943955e-07
1.3946012e-07
1.3959786e-07
1.3964052e-07
1.3966739e-07
1.3982343e-07
1.3997713e-07
1.4020469e-07
1.4063274e-07
1.4116219e-07
1.4171553e-07
1.422826e-07
1.4266024e-07
1.4281953e-07
1.4353654e-07
1.3846731e-07
1.159299e-07
1.0082916e-07
8.9060463e-08
8.2425639e-08
7.6966066e-08
7.3770521e-08
7.4301154e-08
7.5958832e-08
8.0061914e-08
8.3971268e-08
8.8875999e-08
9.6727765e-08
1.1141508e-07
1.2520325e-07
1.451966e-07
1.5774419e-07
1.5973763e-07
1.6138775e-07
1.6331522e-07
1.6496029e-07
1.6700043e-07
1.683622e-07
1.6958767e-07
1.700789e-07
1.7072618e-07
1.7084023e-07
1.7086768e-07
1.7086975e-07
1.7082928e-07
1.7073688e-07
1.7070229e-07
1.7057641e-07
1.7050838e-07
1.7034462e-07
1.7025159e-07
1.7007451e-07
1.699667e-07
1.6976361e-07
1.6962982e-07
1.6940734e-07
1.6926228e-07
1.6903318e-07
1.6886375e-07
1.6861224e-07
1.6841786e-07
1.6817782e-07
1.6796268e-07
1.6770206e-07
1.6746512e-07
1.6721049e-07
1.6696441e-07
1.666873e-07
1.6641577e-07
1.6614225e-07
1.6585983e-07
1.6555891e-07
1.6524611e-07
1.6495766e-07
1.6462403e-07
1.6430786e-07
1.6395632e-07
1.6365788e-07
1.6327948e-07
1.6295329e-07
1.6259266e-07
1.6225407e-07
1.6186475e-07
1.6152703e-07
1.6114597e-07
1.6077915e-07
1.6039076e-07
1.6004598e-07
1.5962832e-07
1.5927702e-07
1.5888678e-07
1.585075e-07
1.5812224e-07
1.5776839e-07
1.5735683e-07
1.5703388e-07
1.5663365e-07
1.562875e-07
1.5595838e-07
1.5559736e-07
1.5529176e-07
1.5498059e-07
1.5466917e-07
1.5445561e-07
1.5416283e-07
1.5403335e-07
1.5383422e-07
1.5380277e-07
1.5373877e-07
1.3793973e-07
1.3791956e-07
1.3797906e-07
1.3806872e-07
1.384103e-07
1.3880049e-07
1.3923188e-07
1.3957522e-07
1.3981202e-07
1.3985229e-07
1.4005788e-07
1.4044435e-07
1.4078125e-07
1.4138094e-07
1.4235316e-07
1.4253093e-07
1.4299176e-07
1.4356973e-07
1.4388461e-07
1.4526761e-07
1.2764314e-07
1.1532454e-07
1.084633e-07
1.0246579e-07
1.035223e-07
1.0768205e-07
1.1379324e-07
1.1928879e-07
1.2719195e-07
1.4261339e-07
1.5467864e-07
1.5630209e-07
1.5753803e-07
1.5909448e-07
1.6055159e-07
1.6208593e-07
1.6383631e-07
1.6541328e-07
1.6729304e-07
1.6791822e-07
1.6880038e-07
1.6897968e-07
1.6900917e-07
1.6897303e-07
1.6886731e-07
1.6880673e-07
1.6863951e-07
1.6857747e-07
1.6838171e-07
1.6828046e-07
1.680482e-07
1.6791716e-07
1.676677e-07
1.6752937e-07
1.672554e-07
1.6708866e-07
1.6678447e-07
1.6660126e-07
1.6628632e-07
1.6607183e-07
1.6573015e-07
1.6548599e-07
1.6515542e-07
1.6488323e-07
1.6452461e-07
1.6421984e-07
1.6386061e-07
1.6353567e-07
1.6314491e-07
1.6278493e-07
1.6239573e-07
1.6202039e-07
1.6160026e-07
1.6119085e-07
1.6078952e-07
1.6035823e-07
1.5992714e-07
1.594759e-07
1.5906732e-07
1.5858442e-07
1.5814526e-07
1.5768479e-07
1.5723536e-07
1.5674525e-07
1.5630387e-07
1.5582915e-07
1.5536278e-07
1.5488789e-07
1.5445684e-07
1.539591e-07
1.5353351e-07
1.530785e-07
1.526354e-07
1.5219906e-07
1.5179685e-07
1.5134295e-07
1.5098453e-07
1.5054991e-07
1.5017745e-07
1.4982401e-07
1.4944558e-07
1.4912364e-07
1.4880417e-07
1.4848267e-07
1.4826694e-07
1.4796771e-07
1.4783793e-07
1.4763031e-07
1.4759357e-07
1.4751876e-07
1.3755224e-07
1.3752682e-07
1.3757263e-07
1.3771589e-07
1.377142e-07
1.3772237e-07
1.377967e-07
1.3787656e-07
1.3802714e-07
1.3845354e-07
1.390544e-07
1.3959188e-07
1.4020341e-07
1.4079886e-07
1.4061344e-07
1.409322e-07
1.4144596e-07
1.4205834e-07
1.4312481e-07
1.4401981e-07
1.4426863e-07
1.4530942e-07
1.4565573e-07
1.4694722e-07
1.4741273e-07
1.4886395e-07
1.4932262e-07
1.5086546e-07
1.5140327e-07
1.5303217e-07
1.5371426e-07
1.5537049e-07
1.5622525e-07
1.5792558e-07
1.5895159e-07
1.6068536e-07
1.6197145e-07
1.6372349e-07
1.6530838e-07
1.6604984e-07
1.6683122e-07
1.6688209e-07
1.6688518e-07
1.668177e-07
1.6657898e-07
1.6645584e-07
1.6625989e-07
1.6612989e-07
1.659003e-07
1.6572992e-07
1.6545976e-07
1.652576e-07
1.6496093e-07
1.6474831e-07
1.644157e-07
1.6417179e-07
1.6380301e-07
1.6354519e-07
1.6315912e-07
1.6286717e-07
1.624455e-07
1.6211795e-07
1.6170269e-07
1.6134253e-07
1.6089077e-07
1.6049432e-07
1.6004027e-07
1.596257e-07
1.5913754e-07
1.5868994e-07
1.5820698e-07
1.5774861e-07
1.5723477e-07
1.5674382e-07
1.5625594e-07
1.5574535e-07
1.552305e-07
1.5470421e-07
1.5422327e-07
1.5366971e-07
1.5316654e-07
1.526471e-07
1.5214456e-07
1.5160394e-07
1.5112275e-07
1.5060713e-07
1.5010957e-07
1.4960249e-07
1.491512e-07
1.4862885e-07
1.4819266e-07
1.4772151e-07
1.4727579e-07
1.4683248e-07
1.4642503e-07
1.4594063e-07
1.4557237e-07
1.4510808e-07
1.4474447e-07
1.44377e-07
1.4402457e-07
1.4370641e-07
1.4342367e-07
1.4312415e-07
1.4294733e-07
1.4268209e-07
1.4259124e-07
1.4241544e-07
1.4241169e-07
1.4237132e-07
1.3580164e-07
1.3585228e-07
1.3592107e-07
1.3598095e-07
1.3623723e-07
1.366401e-07
1.3707777e-07
1.3738906e-07
1.3762706e-07
1.3768786e-07
1.378527e-07
1.3820748e-07
1.3852257e-07
1.3877034e-07
1.3938978e-07
1.4003205e-07
1.404979e-07
1.4151145e-07
1.4208885e-07
1.421887e-07
1.4265318e-07
1.4346274e-07
1.4416173e-07
1.4512159e-07
1.4586465e-07
1.4690713e-07
1.4766745e-07
1.4881753e-07
1.4961776e-07
1.5090945e-07
1.5176194e-07
1.531787e-07
1.5412446e-07
1.5568189e-07
1.5674802e-07
1.584231e-07
1.5971217e-07
1.6150113e-07
1.6298221e-07
1.6397767e-07
1.6468302e-07
1.6474036e-07
1.6473018e-07
1.6456695e-07
1.6419191e-07
1.6402406e-07
1.6376705e-07
1.6357132e-07
1.6326691e-07
1.6302185e-07
1.6267221e-07
1.6238541e-07
1.6200293e-07
1.6169778e-07
1.6126886e-07
1.6092246e-07
1.6044676e-07
1.6008188e-07
1.5958483e-07
1.5918137e-07
1.5864038e-07
1.5819741e-07
1.5766556e-07
1.5718916e-07
1.566183e-07
1.5610693e-07
1.555405e-07
1.55018e-07
1.5441886e-07
1.5386741e-07
1.5328049e-07
1.5272786e-07
1.5211353e-07
1.5153788e-07
1.5096268e-07
1.5038048e-07
1.4978731e-07
1.4920186e-07
1.4865694e-07
1.4805599e-07
1.4750105e-07
1.4695223e-07
1.4641232e-07
1.4585865e-07
1.4533835e-07
1.4480227e-07
1.4427617e-07
1.4377329e-07
1.4331964e-07
1.4282817e-07
1.4242007e-07
1.4200159e-07
1.4161489e-07
1.4124684e-07
1.4093619e-07
1.4061599e-07
1.4039025e-07
1.4012075e-07
1.3992096e-07
1.3972105e-07
1.3954104e-07
1.3937585e-07
1.3924561e-07
1.3909397e-07
1.3903261e-07
1.3890193e-07
1.3889983e-07
1.388225e-07
1.3888556e-07
1.3890932e-07
1.3526255e-07
1.3525999e-07
1.3533669e-07
1.3547868e-07
1.3550464e-07
1.3553521e-07
1.3544148e-07
1.3540501e-07
1.3552288e-07
1.3593234e-07
1.3656357e-07
1.3707367e-07
1.3758075e-07
1.3810519e-07
1.3815887e-07
1.3832671e-07
1.3905923e-07
1.3964408e-07
1.3969343e-07
1.4031981e-07
1.412134e-07
1.4228779e-07
1.4280993e-07
1.4387366e-07
1.4436315e-07
1.4546695e-07
1.4603735e-07
1.4724751e-07
1.4792814e-07
1.4928568e-07
1.5004023e-07
1.515284e-07
1.5237595e-07
1.5401461e-07
1.5495782e-07
1.567194e-07
1.5783363e-07
1.5967394e-07
1.6097453e-07
1.6202926e-07
1.6248819e-07
1.6245088e-07
1.6228291e-07
1.6185103e-07
1.6134218e-07
1.6107046e-07
1.607126e-07
1.6040299e-07
1.5999942e-07
1.5964038e-07
1.5918422e-07
1.5877379e-07
1.5828093e-07
1.5785271e-07
1.5731348e-07
1.5684255e-07
1.5625834e-07
1.5577387e-07
1.5517443e-07
1.54652e-07
1.540114e-07
1.5345388e-07
1.5283551e-07
1.5225214e-07
1.5160135e-07
1.5099246e-07
1.5036105e-07
1.4975555e-07
1.4910167e-07
1.4847858e-07
1.4785431e-07
1.4724851e-07
1.4661532e-07
1.4600915e-07
1.4543888e-07
1.4485164e-07
1.4426022e-07
1.4367789e-07
1.4316465e-07
1.426054e-07
1.4212338e-07
1.4165202e-07
1.4122021e-07
1.4078606e-07
1.4043854e-07
1.400988e-07
1.3979674e-07
1.3951002e-07
1.3926989e-07
1.390059e-07
1.3880152e-07
1.3858669e-07
1.3839787e-07
1.3821524e-07
1.3806181e-07
1.3789092e-07
1.3777087e-07
1.3762226e-07
1.375105e-07
1.3740318e-07
1.3730114e-07
1.3721602e-07
1.3714346e-07
1.3706841e-07
1.3703853e-07
1.3697956e-07
1.3698916e-07
1.369694e-07
1.3702638e-07
1.3708192e-07
1.339481e-07
1.3402052e-07
1.3400554e-07
1.3404302e-07
1.3419308e-07
1.342562e-07
1.3439541e-07
1.3461333e-07
1.3490728e-07
1.3516255e-07
1.3531508e-07
1.3558097e-07
1.3582438e-07
1.3583278e-07
1.3623078e-07
1.3718413e-07
1.3786028e-07
1.3816268e-07
1.3868306e-07
1.3942886e-07
1.4028566e-07
1.405347e-07
1.4116025e-07
1.4169591e-07
1.4234514e-07
1.4321908e-07
1.4404293e-07
1.4503329e-07
1.4599828e-07
1.4705952e-07
1.4808028e-07
1.4924392e-07
1.5028968e-07
1.5164401e-07
1.5265108e-07
1.542382e-07
1.552167e-07
1.5703976e-07
1.5805186e-07
1.592661e-07
1.5934446e-07
1.5928285e-07
1.5902547e-07
1.5843056e-07
1.5783513e-07
1.5747336e-07
1.5705182e-07
1.5666331e-07
1.561898e-07
1.5573714e-07
1.5519081e-07
1.5468394e-07
1.5410084e-07
1.5358424e-07
1.5295162e-07
1.5239397e-07
1.5171592e-07
1.5115281e-07
1.504682e-07
1.4987717e-07
1.4915795e-07
1.4854272e-07
1.47864e-07
1.4723826e-07
1.4654682e-07
1.459195e-07
1.452765e-07
1.446601e-07
1.4398733e-07
1.4337845e-07
1.4278208e-07
1.4223843e-07
1.4168466e-07
1.4119335e-07
1.407418e-07
1.403101e-07
1.3993639e-07
1.3959305e-07
1.3930605e-07
1.3899771e-07
1.3874705e-07
1.3849724e-07
1.3828155e-07
1.3805404e-07
1.3787503e-07
1.3768135e-07
1.3751707e-07
1.3734581e-07
1.372139e-07
1.3705388e-07
1.3694108e-07
1.3680813e-07
1.3670239e-07
1.3658617e-07
1.3649981e-07
1.363879e-07
1.3631983e-07
1.3621941e-07
1.3615408e-07
1.360781e-07
1.3601584e-07
1.3595215e-07
1.3590709e-07
1.3584889e-07
1.3583176e-07
1.3578576e-07
1.3579599e-07
1.35782e-07
1.3582803e-07
1.3587633e-07
1.3350667e-07
1.3347831e-07
1.335576e-07
1.335743e-07
1.3356355e-07
1.3365612e-07
1.3374277e-07
1.3378408e-07
1.338987e-07
1.3398419e-07
1.3415073e-07
1.3432125e-07
1.3454141e-07
1.3488443e-07
1.3547515e-07
1.3577819e-07
1.3596995e-07
1.364397e-07
1.3673441e-07
1.3749871e-07
1.3774821e-07
1.3839831e-07
1.3910682e-07
1.3987791e-07
1.4069745e-07
1.4182932e-07
1.4244624e-07
1.4364624e-07
1.4420846e-07
1.4536476e-07
1.4611253e-07
1.4716256e-07
1.4821721e-07
1.4924064e-07
1.5047204e-07
1.5157759e-07
1.5291254e-07
1.5425824e-07
1.555507e-07
1.5648995e-07
1.5650893e-07
1.5635581e-07
1.5592423e-07
1.5507017e-07
1.5429921e-07
1.5379542e-07
1.5327539e-07
1.5274316e-07
1.5216297e-07
1.5156157e-07
1.5091575e-07
1.5026976e-07
1.495992e-07
1.489598e-07
1.4825024e-07
1.4759145e-07
1.4685746e-07
1.4622971e-07
1.4551863e-07
1.4485601e-07
1.4411768e-07
1.4348492e-07
1.4284156e-07
1.4225903e-07
1.4166517e-07
1.4114576e-07
1.4065076e-07
1.4023029e-07
1.3983532e-07
1.3949156e-07
1.3917067e-07
1.3888342e-07
1.3859995e-07
1.3834795e-07
1.3812156e-07
1.3789847e-07
1.376955e-07
1.3749658e-07
1.3733372e-07
1.3715146e-07
1.3700655e-07
1.3685442e-07
1.3672668e-07
1.365824e-07
1.364728e-07
1.3634394e-07
1.3623907e-07
1.3611839e-07
1.3602983e-07
1.3590867e-07
1.358267e-07
1.3571774e-07
1.3563464e-07
1.3553052e-07
1.3545741e-07
1.3534955e-07
1.3528696e-07
1.3518349e-07
1.3511898e-07
1.3503344e-07
1.349692e-07
1.3489135e-07
1.3484255e-07
1.347668e-07
1.3474494e-07
1.3467874e-07
1.3468273e-07
1.346456e-07
1.3468166e-07
1.3470124e-07
1.3320376e-07
1.332248e-07
1.3328417e-07
1.3327657e-07
1.3337021e-07
1.3336174e-07
1.334274e-07
1.3347813e-07
1.3347783e-07
1.3352695e-07
1.3360731e-07
1.3370495e-07
1.3383384e-07
1.3395989e-07
1.3412489e-07
1.3431678e-07
1.3458825e-07
1.3487296e-07
1.3557288e-07
1.3603025e-07
1.3658599e-07
1.3728155e-07
1.3783463e-07
1.3833459e-07
1.3931717e-07
1.3965163e-07
1.404958e-07
1.4102367e-07
1.416212e-07
1.4269093e-07
1.4319739e-07
1.4455989e-07
1.4520698e-07
1.4664285e-07
1.4749247e-07
1.4883004e-07
1.5007039e-07
1.5125159e-07
1.5272893e-07
1.5300947e-07
1.529017e-07
1.5256282e-07
1.5166785e-07
1.5047044e-07
1.4946592e-07
1.4885414e-07
1.4824132e-07
1.4762372e-07
1.4698812e-07
1.4633314e-07
1.456777e-07
1.4503546e-07
1.4440222e-07
1.4378009e-07
1.4315087e-07
1.4255329e-07
1.4196017e-07
1.4144188e-07
1.4092533e-07
1.40509e-07
1.4006984e-07
1.3971517e-07
1.3936446e-07
1.3905984e-07
1.3875006e-07
1.3848581e-07
1.3822881e-07
1.3800281e-07
1.3776963e-07
1.3757062e-07
1.3738005e-07
1.3720921e-07
1.3703491e-07
1.3687846e-07
1.3673262e-07
1.3658794e-07
1.3644974e-07
1.3631397e-07
1.3619522e-07
1.3606007e-07
1.3594164e-07
1.3581794e-07
1.3570184e-07
1.3557399e-07
1.3546323e-07
1.3534111e-07
1.3522673e-07
1.3510591e-07
1.3500231e-07
1.3487713e-07
1.3477758e-07
1.3466063e-07
1.345538e-07
1.3444029e-07
1.3434351e-07
1.3422748e-07
1.3414452e-07
1.340362e-07
1.3395556e-07
1.3386916e-07
1.337937e-07
1.3371858e-07
1.3366247e-07
1.3359294e-07
1.3356593e-07
1.3350663e-07
1.3350589e-07
1.3347111e-07
1.3349924e-07
1.3351051e-07
1.3307811e-07
1.3308756e-07
1.3311859e-07
1.3311694e-07
1.3314816e-07
1.3313672e-07
1.3317726e-07
1.3317923e-07
1.3324193e-07
1.3324646e-07
1.3329656e-07
1.3332299e-07
1.3338479e-07
1.3345141e-07
1.335309e-07
1.3362831e-07
1.3378642e-07
1.3396846e-07
1.3419822e-07
1.3446442e-07
1.3478713e-07
1.3520995e-07
1.35545e-07
1.3638161e-07
1.3666669e-07
1.3728589e-07
1.380601e-07
1.385273e-07
1.3971214e-07
1.4032984e-07
1.4147158e-07
1.4235737e-07
1.43239e-07
1.4446874e-07
1.4512788e-07
1.4656189e-07
1.4719437e-07
1.486382e-07
1.4926435e-07
1.4914641e-07
1.4882172e-07
1.4805025e-07
1.4692306e-07
1.4560566e-07
1.4460851e-07
1.4405549e-07
1.4350424e-07
1.4299072e-07
1.4245709e-07
1.4197158e-07
1.414784e-07
1.4099994e-07
1.4055932e-07
1.401739e-07
1.3978669e-07
1.3945257e-07
1.3911084e-07
1.3883558e-07
1.385405e-07
1.3829626e-07
1.380391e-07
1.378308e-07
1.3761873e-07
1.3743275e-07
1.3723733e-07
1.3706791e-07
1.3689734e-07
1.367446e-07
1.3658017e-07
1.3643285e-07
1.3628122e-07
1.3613995e-07
1.3598577e-07
1.3584183e-07
1.3570404e-07
1.3556269e-07
1.3542374e-07
1.3528272e-07
1.3515239e-07
1.3499661e-07
1.3485877e-07
1.3471201e-07
1.3457858e-07
1.3443054e-07
1.3431e-07
1.3417515e-07
1.3405927e-07
1.3393573e-07
1.3383985e-07
1.3372205e-07
1.3363802e-07
1.3353958e-07
1.3346435e-07
1.3337863e-07
1.3331877e-07
1.332378e-07
1.3319163e-07
1.331195e-07
1.3307696e-07
1.3302119e-07
1.329812e-07
1.3293479e-07
1.329049e-07
1.3286328e-07
1.3284878e-07
1.3281535e-07
1.3281645e-07
1.3280179e-07
1.3282357e-07
1.3284202e-07
1.3287532e-07
1.3287496e-07
1.3290977e-07
1.32893e-07
1.3292778e-07
1.3292036e-07
1.3296674e-07
1.3298289e-07
1.330328e-07
1.3305371e-07
1.3309211e-07
1.3315787e-07
1.3320551e-07
1.3322248e-07
1.332443e-07
1.3329161e-07
1.3334193e-07
1.3342527e-07
1.3354315e-07
1.3368776e-07
1.3385492e-07
1.340859e-07
1.3433785e-07
1.346739e-07
1.3495261e-07
1.3552555e-07
1.3592553e-07
1.3689034e-07
1.3742003e-07
1.3823441e-07
1.3895832e-07
1.3939751e-07
1.404421e-07
1.4091231e-07
1.419458e-07
1.4263318e-07
1.4350175e-07
1.4448466e-07
1.4450114e-07
1.4430979e-07
1.4386201e-07
1.4304441e-07
1.4217177e-07
1.4116773e-07
1.405486e-07
1.4023337e-07
1.3993864e-07
1.396533e-07
1.3937197e-07
1.3910631e-07
1.3883408e-07
1.3859244e-07
1.3835387e-07
1.3814575e-07
1.3792055e-07
1.3772819e-07
1.3751643e-07
1.3734516e-07
1.3714926e-07
1.3698304e-07
1.3679124e-07
1.3662708e-07
1.3645635e-07
1.3629967e-07
1.3613117e-07
1.3597397e-07
1.3581532e-07
1.3566066e-07
1.3548671e-07
1.3532012e-07
1.3515049e-07
1.3498973e-07
1.3481935e-07
1.3466434e-07
1.3451213e-07
1.3436608e-07
1.342208e-07
1.3408789e-07
1.3396939e-07
1.3385186e-07
1.3374828e-07
1.3365377e-07
1.3356391e-07
1.3347779e-07
1.3340217e-07
1.3332724e-07
1.3325836e-07
1.331892e-07
1.33132e-07
1.3306277e-07
1.3301285e-07
1.3295059e-07
1.3290591e-07
1.3284821e-07
1.3281296e-07
1.3275514e-07
1.3272883e-07
1.3267336e-07
1.3265047e-07
1.3260197e-07
1.3258239e-07
1.325372e-07
1.3252571e-07
1.324822e-07
1.3248265e-07
1.3244394e-07
1.324567e-07
1.3243047e-07
1.3245906e-07
1.3245661e-07
1.3279683e-07
1.3284469e-07
1.3284806e-07
1.3284806e-07
1.3285607e-07
1.3286432e-07
1.3286704e-07
1.3284734e-07
1.3285474e-07
1.3284296e-07
1.3286962e-07
1.3287648e-07
1.3289784e-07
1.3295765e-07
1.329832e-07
1.3307536e-07
1.3313004e-07
1.3319695e-07
1.3323408e-07
1.3328851e-07
1.3334662e-07
1.3345674e-07
1.3359974e-07
1.3377781e-07
1.3395051e-07
1.342098e-07
1.3446039e-07
1.3479028e-07
1.3513083e-07
1.3564269e-07
1.3600758e-07
1.3681774e-07
1.3726741e-07
1.381397e-07
1.3884669e-07
1.396061e-07
1.4025977e-07
1.4059691e-07
1.4060042e-07
1.4048065e-07
1.4015352e-07
1.3972348e-07
1.392513e-07
1.3872699e-07
1.3840156e-07
1.3823068e-07
1.3805587e-07
1.3788424e-07
1.3770959e-07
1.3754115e-07
1.3735718e-07
1.3718574e-07
1.3700131e-07
1.3683955e-07
1.3665187e-07
1.3649443e-07
1.3629652e-07
1.3613744e-07
1.35939e-07
1.3577568e-07
1.3557483e-07
1.3541382e-07
1.3523147e-07
1.3506794e-07
1.3488722e-07
1.3472965e-07
1.3456898e-07
1.3442368e-07
1.3428108e-07
1.3415587e-07
1.3403998e-07
1.3393307e-07
1.3382883e-07
1.3373326e-07
1.3364671e-07
1.3355989e-07
1.3347817e-07
1.3339947e-07
1.3332928e-07
1.3325819e-07
1.331934e-07
1.3313432e-07
1.3307439e-07
1.3301942e-07
1.3296472e-07
1.3291632e-07
1.3286221e-07
1.3281789e-07
1.3276855e-07
1.3272521e-07
1.3267783e-07
1.3263944e-07
1.3259161e-07
1.3255558e-07
1.3251098e-07
1.3247417e-07
1.3243326e-07
1.3239766e-07
1.3235701e-07
1.323262e-07
1.3228701e-07
1.3225708e-07
1.3222525e-07
1.3219457e-07
1.3217393e-07
1.321455e-07
1.3213599e-07
1.3211701e-07
1.3212127e-07
1.3212145e-07
1.327162e-07
1.327144e-07
1.3272868e-07
1.3272344e-07
1.3273197e-07
1.3272746e-07
1.3275276e-07
1.3276482e-07
1.3281192e-07
1.3282494e-07
1.3285584e-07
1.3287064e-07
1.3288006e-07
1.328416e-07
1.3282978e-07
1.3283652e-07
1.328376e-07
1.3289231e-07
1.3292261e-07
1.3304312e-07
1.331143e-07
1.3318891e-07
1.332327e-07
1.333116e-07
1.333875e-07
1.3354566e-07
1.3366513e-07
1.3384815e-07
1.3402375e-07
1.3429033e-07
1.3452421e-07
1.3484877e-07
1.3518124e-07
1.3558402e-07
1.3593448e-07
1.3634536e-07
1.3672659e-07
1.3707452e-07
1.3724831e-07
1.3727805e-07
1.3730205e-07
1.371336e-07
1.3697089e-07
1.3668416e-07
1.3651933e-07
1.3640866e-07
1.3630287e-07
1.361847e-07
1.3606867e-07
1.3593773e-07
1.3580678e-07
1.3566671e-07
1.3552864e-07
1.3539444e-07
1.3524577e-07
1.3510514e-07
1.3495261e-07
1.3482814e-07
1.3468527e-07
1.3456996e-07
1.3443305e-07
1.3432706e-07
1.3420803e-07
1.3410784e-07
1.3399446e-07
1.3389965e-07
1.33801e-07
1.3371728e-07
1.3362846e-07
1.3355108e-07
1.3347513e-07
1.3340429e-07
1.3333347e-07
1.332653e-07
1.3320251e-07
1.331354e-07
1.3307477e-07
1.330104e-07
1.3295781e-07
1.3289511e-07
1.3284444e-07
1.3278796e-07
1.3273974e-07
1.3268406e-07
1.3263887e-07
1.3258683e-07
1.3254133e-07
1.3249141e-07
1.3244943e-07
1.3239968e-07
1.3235878e-07
1.3231319e-07
1.3227179e-07
1.3222846e-07
1.321904e-07
1.3214685e-07
1.3211193e-07
1.3207083e-07
1.3203497e-07
1.3200059e-07
1.3196363e-07
1.319345e-07
1.3189937e-07
1.3187435e-07
1.3184454e-07
1.3182489e-07
1.3180135e-07
1.3179127e-07
1.3177647e-07
1.3178221e-07
1.3277505e-07
1.3279731e-07
1.328012e-07
1.3279407e-07
1.3280032e-07
1.3280041e-07
1.3279594e-07
1.3276896e-07
1.3276708e-07
1.3272248e-07
1.3274588e-07
1.3272812e-07
1.3274207e-07
1.3275513e-07
1.3279456e-07
1.3284423e-07
1.3285654e-07
1.3285642e-07
1.3284983e-07
1.3283228e-07
1.3279935e-07
1.3284921e-07
1.3290376e-07
1.330391e-07
1.3314421e-07
1.3323076e-07
1.3327369e-07
1.3337935e-07
1.3343767e-07
1.335633e-07
1.336727e-07
1.3386799e-07
1.3402385e-07
1.3425358e-07
1.3445434e-07
1.3471134e-07
1.3494763e-07
1.3515913e-07
1.3539655e-07
1.3553833e-07
1.35703e-07
1.3571928e-07
1.3570352e-07
1.355292e-07
1.3542111e-07
1.3532695e-07
1.3524588e-07
1.3514106e-07
1.3504785e-07
1.3493494e-07
1.3483561e-07
1.3471857e-07
1.3461959e-07
1.3451018e-07
1.3441117e-07
1.3430816e-07
1.342049e-07
1.3411142e-07
1.3401099e-07
1.3392623e-07
1.3382622e-07
1.3374862e-07
1.3365786e-07
1.3358427e-07
1.3349451e-07
1.3342511e-07
1.3334399e-07
1.3328013e-07
1.3320105e-07
1.3313982e-07
1.3306897e-07
1.3301254e-07
1.329458e-07
1.3289193e-07
1.3283572e-07
1.3278562e-07
1.3273331e-07
1.3268568e-07
1.3263993e-07
1.3259268e-07
1.3254833e-07
1.325042e-07
1.3246174e-07
1.3241666e-07
1.3237663e-07
1.3233294e-07
1.3229307e-07
1.3224964e-07
1.3221291e-07
1.3216862e-07
1.3213278e-07
1.3209117e-07
1.3205461e-07
1.3201463e-07
1.3197965e-07
1.3194017e-07
1.3190711e-07
1.318699e-07
1.3183677e-07
1.3180418e-07
1.3177183e-07
1.3174164e-07
1.3171264e-07
1.3168376e-07
1.3166011e-07
1.3163462e-07
1.3161604e-07
1.3159831e-07
1.315834e-07
1.3158018e-07
1.3273198e-07
1.3273356e-07
1.3273544e-07
1.3273159e-07
1.3273047e-07
1.3272757e-07
1.3273544e-07
1.3274616e-07
1.32768e-07
1.3278237e-07
1.3281e-07
1.3280134e-07
1.3280721e-07
1.3278656e-07
1.3277923e-07
1.3273223e-07
1.3273002e-07
1.3273103e-07
1.3274674e-07
1.3278803e-07
1.3281922e-07
1.3286715e-07
1.328668e-07
1.328529e-07
1.3283394e-07
1.328733e-07
1.3292825e-07
1.3307449e-07
1.3314249e-07
1.3323398e-07
1.3327907e-07
1.3336982e-07
1.3342492e-07
1.3352801e-07
1.3362008e-07
1.3379025e-07
1.3390419e-07
1.3405869e-07
1.3416137e-07
1.3429745e-07
1.3437723e-07
1.3442522e-07
1.3438603e-07
1.343088e-07
1.3425306e-07
1.3419763e-07
1.3415849e-07
1.340938e-07
1.3405248e-07
1.3398375e-07
1.3393578e-07
1.3386432e-07
1.3381271e-07
1.3374512e-07
1.3369113e-07
1.3362051e-07
1.3356026e-07
1.334964e-07
1.334391e-07
1.3337907e-07
1.3331804e-07
1.3326156e-07
1.3320323e-07
1.3315134e-07
1.3309228e-07
1.3304257e-07
1.3298609e-07
1.3294122e-07
1.3288748e-07
1.3284641e-07
1.3279746e-07
1.3275928e-07
1.3271116e-07
1.3267323e-07
1.3262847e-07
1.3259079e-07
1.3254636e-07
1.3250838e-07
1.3246713e-07
1.3242767e-07
1.3238641e-07
1.3234812e-07
1.3230758e-07
1.3226755e-07
1.3222872e-07
1.3218896e-07
1.321501e-07
1.3210982e-07
1.3207364e-07
1.3203156e-07
1.3199651e-07
1.3195556e-07
1.3192014e-07
1.3187943e-07
1.318458e-07
1.3180388e-07
1.3177208e-07
1.3173061e-07
1.3169815e-07
1.3165968e-07
1.3162706e-07
1.3158837e-07
1.3156015e-07
1.3151788e-07
1.3149882e-07
1.3145502e-07
1.314448e-07
1.3140402e-07
1.3140474e-07
1.3137065e-07
1.3279782e-07
1.3280541e-07
1.3280966e-07
1.3280038e-07
1.3280203e-07
1.3280401e-07
1.3279829e-07
1.3277633e-07
1.3277109e-07
1.3273315e-07
1.327399e-07
1.3271133e-07
1.3271315e-07
1.3270728e-07
1.3273636e-07
1.3277933e-07
1.3279344e-07
1.3279754e-07
1.3279103e-07
1.32762e-07
1.3274518e-07
1.3271955e-07
1.3272006e-07
1.3273645e-07
1.3276881e-07
1.3283038e-07
1.328439e-07
1.3284249e-07
1.3283962e-07
1.3287503e-07
1.3291468e-07
1.3301451e-07
1.3308358e-07
1.3319519e-07
1.3323254e-07
1.3331325e-07
1.3335387e-07
1.3343363e-07
1.3348073e-07
1.3357199e-07
1.3361224e-07
1.3367477e-07
1.3366665e-07
1.3364811e-07
1.3362125e-07
1.3359238e-07
1.3357498e-07
1.3353572e-07
1.3351925e-07
1.3347037e-07
1.3345208e-07
1.3339681e-07
1.3337435e-07
1.3332522e-07
1.332948e-07
1.3324435e-07
1.3321156e-07
1.331662e-07
1.3313274e-07
1.3308673e-07
1.3304888e-07
1.3300466e-07
1.3296814e-07
1.3292774e-07
1.3288634e-07
1.3284678e-07
1.3280564e-07
1.3277037e-07
1.3272648e-07
1.32691e-07
1.3264572e-07
1.3260973e-07
1.3256155e-07
1.3252395e-07
1.324771e-07
1.3243853e-07
1.323902e-07
1.3235074e-07
1.3230494e-07
1.3226402e-07
1.3221836e-07
1.3217912e-07
1.3213468e-07
1.3209454e-07
1.3205262e-07
1.3201343e-07
1.3197242e-07
1.3193354e-07
1.3189586e-07
1.3185597e-07
1.3182047e-07
1.317819e-07
1.3174711e-07
1.3170934e-07
1.3167655e-07
1.3163859e-07
1.3160753e-07
1.3157077e-07
1.3153908e-07
1.3150608e-07
1.3147301e-07
1.3144415e-07
1.3141036e-07
1.3138683e-07
1.313519e-07
1.3133413e-07
1.3129752e-07
1.3128828e-07
1.3125277e-07
1.3125344e-07
1.3276524e-07
1.3276644e-07
1.3276804e-07
1.3276786e-07
1.3276837e-07
1.3276008e-07
1.3276185e-07
1.3276976e-07
1.3278105e-07
1.328042e-07
1.3281904e-07
1.3281591e-07
1.3281795e-07
1.3281597e-07
1.328156e-07
1.3276754e-07
1.3274464e-07
1.3271134e-07
1.3271662e-07
1.3272215e-07
1.3273661e-07
1.3276678e-07
1.3277574e-07
1.3278663e-07
1.3279164e-07
1.3276147e-07
1.3273427e-07
1.3272737e-07
1.3274558e-07
1.3278481e-07
1.3280225e-07
1.3282715e-07
1.328168e-07
1.3283945e-07
1.3286641e-07
1.3293358e-07
1.3298496e-07
1.3308884e-07
1.3313878e-07
1.3318948e-07
1.3320859e-07
1.3324757e-07
1.3324521e-07
1.3325044e-07
1.3324496e-07
1.3323215e-07
1.3322847e-07
1.3320544e-07
1.3320084e-07
1.3316704e-07
1.3316363e-07
1.331191e-07
1.3311892e-07
1.3306757e-07
1.3306506e-07
1.3300807e-07
1.3300152e-07
1.329428e-07
1.3293147e-07
1.328703e-07
1.3285282e-07
1.3279218e-07
1.3277271e-07
1.3271327e-07
1.3268547e-07
1.3262976e-07
1.3259729e-07
1.3254548e-07
1.325048e-07
1.3245538e-07
1.3241077e-07
1.3236552e-07
1.3231696e-07
1.3227502e-07
1.322277e-07
1.3218882e-07
1.3214081e-07
1.3210519e-07
1.3206093e-07
1.3202722e-07
1.3198469e-07
1.3195444e-07
1.3191452e-07
1.3188519e-07
1.3184864e-07
1.3182064e-07
1.3178663e-07
1.3175877e-07
1.3172853e-07
1.3169951e-07
1.3167262e-07
1.316425e-07
1.3161861e-07
1.315865e-07
1.3156607e-07
1.315314e-07
1.3151428e-07
1.3147723e-07
1.3146289e-07
1.3142452e-07
1.3141327e-07
1.3137417e-07
1.3136468e-07
1.3132578e-07
1.3131677e-07
1.3127595e-07
1.3126853e-07
1.3122592e-07
1.3122143e-07
1.3117907e-07
1.3286787e-07
1.3287057e-07
1.328699e-07
1.3286416e-07
1.3286597e-07
1.3286533e-07
1.3286175e-07
1.3284145e-07
1.3283637e-07
1.3279662e-07
1.327917e-07
1.3275905e-07
1.3275419e-07
1.3274954e-07
1.3275572e-07
1.3276771e-07
1.3278762e-07
1.3281101e-07
1.3281616e-07
1.328075e-07
1.3279887e-07
1.3276698e-07
1.3275046e-07
1.3271854e-07
1.3270769e-07
1.3269812e-07
1.3271038e-07
1.3273827e-07
1.3274699e-07
1.3275065e-07
1.3274794e-07
1.327359e-07
1.3274106e-07
1.3275374e-07
1.3276169e-07
1.3277516e-07
1.327769e-07
1.3277144e-07
1.3277077e-07
1.3280265e-07
1.3280869e-07
1.328938e-07
1.3285039e-07
1.329539e-07
1.3291033e-07
1.3293172e-07
1.329037e-07
1.3290917e-07
1.3288049e-07
1.3287367e-07
1.3284806e-07
1.32828e-07
1.3280716e-07
1.3277278e-07
1.3275568e-07
1.3270682e-07
1.3269372e-07
1.3263528e-07
1.3262739e-07
1.3256059e-07
1.3255551e-07
1.3248386e-07
1.3248376e-07
1.3240987e-07
1.3241005e-07
1.3233729e-07
1.3233845e-07
1.3227053e-07
1.3226952e-07
1.3220874e-07
1.3220552e-07
1.3215366e-07
1.321463e-07
1.3210393e-07
1.3209293e-07
1.3205897e-07
1.3204319e-07
1.3201704e-07
1.3199687e-07
1.3197644e-07
1.3195169e-07
1.3193596e-07
1.3190683e-07
1.318946e-07
1.3186119e-07
1.3185141e-07
1.3181388e-07
1.3180566e-07
1.3176432e-07
1.3175674e-07
1.3171206e-07
1.3170447e-07
1.3165724e-07
1.3164867e-07
1.316002e-07
1.3158965e-07
1.3154095e-07
1.3152818e-07
1.3147957e-07
1.3146428e-07
1.3141595e-07
1.3139689e-07
1.3135112e-07
1.3132786e-07
1.3128652e-07
1.312604e-07
1.3122271e-07
1.3119512e-07
1.3116021e-07
1.311352e-07
1.3281746e-07
1.3282491e-07
1.3283187e-07
1.3283177e-07
1.3283447e-07
1.3282741e-07
1.3282844e-07
1.3283165e-07
1.3284079e-07
1.328635e-07
1.328771e-07
1.3287547e-07
1.3287859e-07
1.3288645e-07
1.328851e-07
1.3284846e-07
1.3283131e-07
1.327869e-07
1.3277658e-07
1.3275403e-07
1.3275853e-07
1.3276393e-07
1.3277283e-07
1.3278742e-07
1.3279042e-07
1.3279336e-07
1.3278458e-07
1.3275878e-07
1.3274278e-07
1.3271375e-07
1.3270889e-07
1.327032e-07
1.3270571e-07
1.3270646e-07
1.3270547e-07
1.3270016e-07
1.3269983e-07
1.3269625e-07
1.3270794e-07
1.3269963e-07
1.3272816e-07
1.3270652e-07
1.3269486e-07
1.3270581e-07
1.3264036e-07
1.326555e-07
1.3261353e-07
1.3263206e-07
1.3258696e-07
1.3260453e-07
1.3255822e-07
1.3257148e-07
1.3252726e-07
1.3253688e-07
1.3249677e-07
1.324995e-07
1.3246656e-07
1.3246193e-07
1.3243846e-07
1.3242453e-07
1.3241077e-07
1.3238696e-07
1.3238384e-07
1.3234981e-07
1.3235572e-07
1.3231197e-07
1.3232604e-07
1.3227374e-07
1.3229337e-07
1.3223401e-07
1.3225678e-07
1.3219282e-07
1.3221589e-07
1.321492e-07
1.3216989e-07
1.3210228e-07
1.3211836e-07
1.3205144e-07
1.3206231e-07
1.3199677e-07
1.3200122e-07
1.3193845e-07
1.31937e-07
1.3187635e-07
1.3186937e-07
1.3181181e-07
1.3179903e-07
1.3174463e-07
1.3172749e-07
1.316761e-07
1.3165406e-07
1.3160737e-07
1.3158017e-07
1.3153787e-07
1.3150703e-07
1.3146818e-07
1.3143434e-07
1.3139913e-07
1.3136196e-07
1.3133077e-07
1.3129129e-07
1.3126257e-07
1.3122258e-07
1.3119515e-07
1.311559e-07
1.3113092e-07
1.3109306e-07
1.3107084e-07
1.3103429e-07
1.3101415e-07
1.3296722e-07
1.3296344e-07
1.3295582e-07
1.3295115e-07
1.329513e-07
1.3294819e-07
1.3294856e-07
1.3292997e-07
1.3293044e-07
1.3289288e-07
1.3287712e-07
1.3284471e-07
1.3284404e-07
1.32835e-07
1.3281524e-07
1.3282229e-07
1.3283039e-07
1.3285017e-07
1.3286119e-07
1.3287716e-07
1.3287665e-07
1.3285957e-07
1.3284583e-07
1.3280492e-07
1.3278775e-07
1.3275183e-07
1.3274317e-07
1.3273085e-07
1.327321e-07
1.3273676e-07
1.3273881e-07
1.3273652e-07
1.3273135e-07
1.3271515e-07
1.3270658e-07
1.3268792e-07
1.3268029e-07
1.3266433e-07
1.326562e-07
1.3263933e-07
1.3262836e-07
1.325937e-07
1.3261379e-07
1.3256886e-07
1.3257241e-07
1.3256442e-07
1.3256123e-07
1.3255973e-07
1.3254976e-07
1.3255353e-07
1.3253652e-07
1.325445e-07
1.325208e-07
1.3253117e-07
1.3250119e-07
1.3251167e-07
1.3247697e-07
1.324857e-07
1.3244818e-07
1.3245263e-07
1.3241361e-07
1.3241187e-07
1.3237418e-07
1.3236488e-07
1.3232924e-07
1.3231109e-07
1.3228013e-07
1.3225293e-07
1.3222709e-07
1.3219023e-07
1.321712e-07
1.3212605e-07
1.3211269e-07
1.3206007e-07
1.3205271e-07
1.3199501e-07
1.3199121e-07
1.3193068e-07
1.3192984e-07
1.3186816e-07
1.3186809e-07
1.3180777e-07
1.3180758e-07
1.3174889e-07
1.3174822e-07
1.3169193e-07
1.3169024e-07
1.3163634e-07
1.3163372e-07
1.3158181e-07
1.315781e-07
1.3152801e-07
1.3152294e-07
1.3147469e-07
1.3146772e-07
1.3142128e-07
1.3141209e-07
1.3136696e-07
1.313558e-07
1.3131125e-07
1.3129941e-07
1.3125406e-07
1.312436e-07
1.311963e-07
1.3118729e-07
1.3113719e-07
1.3113036e-07
1.3107653e-07
1.3107274e-07
1.3101364e-07
1.3291169e-07
1.3292135e-07
1.3292742e-07
1.329284e-07
1.3292958e-07
1.3292263e-07
1.3292075e-07
1.3292321e-07
1.329281e-07
1.3294234e-07
1.3295827e-07
1.3296432e-07
1.3297967e-07
1.3296744e-07
1.329722e-07
1.3295975e-07
1.3294545e-07
1.3291111e-07
1.3289639e-07
1.3286296e-07
1.328499e-07
1.328248e-07
1.3282373e-07
1.3282234e-07
1.328286e-07
1.3283948e-07
1.3284164e-07
1.3283973e-07
1.3283016e-07
1.3280496e-07
1.3278906e-07
1.3275487e-07
1.3274157e-07
1.3271514e-07
1.3270734e-07
1.3269036e-07
1.3268342e-07
1.326663e-07
1.3265766e-07
1.3263628e-07
1.3262591e-07
1.3261517e-07
1.325883e-07
1.3257087e-07
1.3255756e-07
1.3254803e-07
1.3253847e-07
1.325282e-07
1.3251569e-07
1.3250575e-07
1.3248891e-07
1.3247972e-07
1.3245804e-07
1.3245062e-07
1.3242379e-07
1.3241748e-07
1.3238569e-07
1.3238056e-07
1.3234541e-07
1.323405e-07
1.3230304e-07
1.3229778e-07
1.3226054e-07
1.3225406e-07
1.3221806e-07
1.3220955e-07
1.3217698e-07
1.3216533e-07
1.3213729e-07
1.321212e-07
1.3209923e-07
1.320776e-07
1.3206224e-07
1.3203447e-07
1.3202566e-07
1.3199167e-07
1.3198894e-07
1.3194936e-07
1.3195083e-07
1.3190694e-07
1.319113e-07
1.3186413e-07
1.31869e-07
1.3182061e-07
1.3182386e-07
1.3177521e-07
1.3177564e-07
1.3172788e-07
1.3172404e-07
1.3167784e-07
1.3166949e-07
1.3162459e-07
1.3161187e-07
1.3156829e-07
1.3155114e-07
1.3150883e-07
1.3148747e-07
1.3144632e-07
1.3142102e-07
1.3138111e-07
1.3135138e-07
1.3131331e-07
1.3127853e-07
1.3124203e-07
1.3120399e-07
1.3116859e-07
1.3112859e-07
1.3109432e-07
1.3105356e-07
1.3102113e-07
1.3307532e-07
1.3307354e-07
1.3306513e-07
1.3306126e-07
1.3305844e-07
1.3305496e-07
1.3305383e-07
1.3304172e-07
1.3304485e-07
1.3301324e-07
1.3299234e-07
1.3296403e-07
1.3295718e-07
1.3294088e-07
1.3293047e-07
1.3291064e-07
1.329129e-07
1.3292554e-07
1.3293913e-07
1.3295257e-07
1.3295419e-07
1.3295229e-07
1.329483e-07
1.3293194e-07
1.3291946e-07
1.3288393e-07
1.3286754e-07
1.3282806e-07
1.3281493e-07
1.3279064e-07
1.3278598e-07
1.3277806e-07
1.3277595e-07
1.3276958e-07
1.3276411e-07
1.3274682e-07
1.3273469e-07
1.3270601e-07
1.3269046e-07
1.3265742e-07
1.3264098e-07
1.3260756e-07
1.325899e-07
1.3255163e-07
1.3254588e-07
1.3252755e-07
1.3252476e-07
1.3250523e-07
1.3250184e-07
1.324822e-07
1.3247737e-07
1.3245906e-07
1.3245174e-07
1.3243581e-07
1.324248e-07
1.324122e-07
1.3239668e-07
1.323881e-07
1.3236747e-07
1.3236295e-07
1.3233718e-07
1.3233659e-07
1.3230592e-07
1.3230819e-07
1.3227357e-07
1.3227745e-07
1.3223978e-07
1.3224321e-07
1.3220414e-07
1.3220522e-07
1.3216637e-07
1.3216277e-07
1.3212619e-07
1.3211593e-07
1.3208331e-07
1.3206483e-07
1.320377e-07
1.3200974e-07
1.3198888e-07
1.3195123e-07
1.3193685e-07
1.3188995e-07
1.3188143e-07
1.3182632e-07
1.318226e-07
1.3176141e-07
1.3176059e-07
1.3169536e-07
1.3169586e-07
1.3162859e-07
1.3162844e-07
1.3156135e-07
1.3155899e-07
1.314933e-07
1.3148812e-07
1.3142444e-07
1.3141589e-07
1.3135496e-07
1.3134232e-07
1.3128488e-07
1.3126802e-07
1.3121402e-07
1.3119316e-07
1.3114255e-07
1.311179e-07
1.3107053e-07
1.3104221e-07
1.3099796e-07
1.3096629e-07
1.3092516e-07
1.3303339e-07
1.3303718e-07
1.330419e-07
1.3304469e-07
1.3304649e-07
1.3304112e-07
1.3303809e-07
1.3303894e-07
1.330374e-07
1.3304517e-07
1.3305857e-07
1.3307213e-07
1.3309084e-07
1.330769e-07
1.3307643e-07
1.3307849e-07
1.3307695e-07
1.3306048e-07
1.3304885e-07
1.3299992e-07
1.329815e-07
1.3294776e-07
1.3293928e-07
1.329208e-07
1.329175e-07
1.3291101e-07
1.3291236e-07
1.3291437e-07
1.3291439e-07
1.3291102e-07
1.3290428e-07
1.3288468e-07
1.3286925e-07
1.3283344e-07
1.3281514e-07
1.3277518e-07
1.3275876e-07
1.3272491e-07
1.3271125e-07
1.3268487e-07
1.3266724e-07
1.3265656e-07
1.3261393e-07
1.3261169e-07
1.3258009e-07
1.3257367e-07
1.3255932e-07
1.3254778e-07
1.3253693e-07
1.3252059e-07
1.3251324e-07
1.324922e-07
1.3248752e-07
1.3246226e-07
1.3245946e-07
1.3243118e-07
1.3242908e-07
1.3239898e-07
1.3239589e-07
1.3236562e-07
1.3236002e-07
1.3233111e-07
1.3232099e-07
1.3229466e-07
1.3227884e-07
1.3225633e-07
1.3223375e-07
1.3221557e-07
1.3218616e-07
1.3217264e-07
1.3213681e-07
1.3212726e-07
1.3208625e-07
1.3207974e-07
1.3203515e-07
1.3202991e-07
1.3198384e-07
1.3197804e-07
1.3193257e-07
1.3192422e-07
1.318818e-07
1.3186867e-07
1.3183107e-07
1.318118e-07
1.317805e-07
1.317537e-07
1.3172951e-07
1.3169485e-07
1.316771e-07
1.3163523e-07
1.3162331e-07
1.3157475e-07
1.3156728e-07
1.3151366e-07
1.3150846e-07
1.314516e-07
1.3144713e-07
1.3138802e-07
1.3138347e-07
1.3132274e-07
1.3131696e-07
1.3125598e-07
1.3124766e-07
1.3118735e-07
1.3117572e-07
1.3111636e-07
1.3110151e-07
1.3104294e-07
1.3102511e-07
1.3096708e-07
1.3320867e-07
1.3320438e-07
1.3319884e-07
1.3319319e-07
1.3319032e-07
1.3318467e-07
1.3318345e-07
1.3317565e-07
1.331758e-07
1.3315716e-07
1.3313559e-07
1.3311326e-07
1.3309142e-07
1.3307053e-07
1.3306621e-07
1.3304919e-07
1.3304826e-07
1.3303617e-07
1.3303336e-07
1.3303871e-07
1.3304619e-07
1.3306188e-07
1.3306352e-07
1.3306044e-07
1.3305255e-07
1.3303145e-07
1.3301821e-07
1.3298608e-07
1.329697e-07
1.3293231e-07
1.3291699e-07
1.3288396e-07
1.3287223e-07
1.3284904e-07
1.3284199e-07
1.3282567e-07
1.3281832e-07
1.3280029e-07
1.3278833e-07
1.3275935e-07
1.3274297e-07
1.3270806e-07
1.3267184e-07
1.3265442e-07
1.3260704e-07
1.3260742e-07
1.3257889e-07
1.3258048e-07
1.3255125e-07
1.3255284e-07
1.3252417e-07
1.3252439e-07
1.3249721e-07
1.3249447e-07
1.3246997e-07
1.3246351e-07
1.3244268e-07
1.3243116e-07
1.3241424e-07
1.3239748e-07
1.3238491e-07
1.3236274e-07
1.3235338e-07
1.3232642e-07
1.3231991e-07
1.3228927e-07
1.3228371e-07
1.3225078e-07
1.3224506e-07
1.322118e-07
1.322038e-07
1.3217146e-07
1.3216027e-07
1.3213042e-07
1.3211429e-07
1.3208748e-07
1.320664e-07
1.320431e-07
1.3201618e-07
1.3199632e-07
1.3196445e-07
1.3194678e-07
1.3191063e-07
1.3189442e-07
1.3185521e-07
1.3183825e-07
1.3179809e-07
1.3177851e-07
1.3173886e-07
1.3171509e-07
1.3167782e-07
1.3164821e-07
1.3161444e-07
1.3157851e-07
1.3154838e-07
1.3150637e-07
1.3147968e-07
1.3143214e-07
1.3140831e-07
1.3135615e-07
1.3133408e-07
1.3127853e-07
1.3125707e-07
1.3119947e-07
1.3117749e-07
1.3111927e-07
1.3109556e-07
1.310381e-07
1.3101155e-07
1.3095621e-07
1.3317605e-07
1.3317705e-07
1.3318165e-07
1.3318369e-07
1.331862e-07
1.3318188e-07
1.3318099e-07
1.3317938e-07
1.3317583e-07
1.3317616e-07
1.3318674e-07
1.331998e-07
1.332164e-07
1.3321201e-07
1.3321467e-07
1.3321586e-07
1.3321764e-07
1.3320212e-07
1.3319462e-07
1.3317387e-07
1.3315816e-07
1.3311988e-07
1.3310208e-07
1.3306575e-07
1.3305446e-07
1.3303378e-07
1.3302987e-07
1.3302178e-07
1.3301976e-07
1.330143e-07
1.3301149e-07
1.3300226e-07
1.3299407e-07
1.3297399e-07
1.3296041e-07
1.3292741e-07
1.3290875e-07
1.3286712e-07
1.3284639e-07
1.3280258e-07
1.3278296e-07
1.3273833e-07
1.3272276e-07
1.3267388e-07
1.3267195e-07
1.3265433e-07
1.3265022e-07
1.3263462e-07
1.3262599e-07
1.3261301e-07
1.3260025e-07
1.325895e-07
1.3257221e-07
1.3256331e-07
1.3254168e-07
1.3253505e-07
1.3250936e-07
1.3250388e-07
1.324747e-07
1.3246964e-07
1.3243865e-07
1.3243263e-07
1.3240069e-07
1.3239237e-07
1.3236141e-07
1.3234975e-07
1.323203e-07
1.3230456e-07
1.3227738e-07
1.3225768e-07
1.3223226e-07
1.3220876e-07
1.3218495e-07
1.3215845e-07
1.3213503e-07
1.3210624e-07
1.3208289e-07
1.3205264e-07
1.3202794e-07
1.3199735e-07
1.3197077e-07
1.3194043e-07
1.3191086e-07
1.3188209e-07
1.3184873e-07
1.3182175e-07
1.3178468e-07
1.3175962e-07
1.3171897e-07
1.3169527e-07
1.3165232e-07
1.3162844e-07
1.3158463e-07
1.3155932e-07
1.3151565e-07
1.3148784e-07
1.3144541e-07
1.3141396e-07
1.3137375e-07
1.3133787e-07
1.3129983e-07
1.3125989e-07
1.312234e-07
1.3118009e-07
1.3114428e-07
1.3109846e-07
1.3106254e-07
1.3101502e-07
1.3097806e-07
1.3092975e-07
1.3336584e-07
1.3336197e-07
1.3335532e-07
1.3335102e-07
1.3334705e-07
1.333403e-07
1.3333945e-07
1.3333181e-07
1.3333008e-07
1.3332203e-07
1.333037e-07
1.3328753e-07
1.3325816e-07
1.3323279e-07
1.3323341e-07
1.332135e-07
1.3320212e-07
1.3318639e-07
1.3318326e-07
1.3317488e-07
1.3317489e-07
1.3317713e-07
1.3318142e-07
1.3318946e-07
1.3318992e-07
1.3318749e-07
1.3318039e-07
1.3316024e-07
1.3314554e-07
1.3311111e-07
1.3309367e-07
1.3305436e-07
1.3303668e-07
1.3299883e-07
1.3298419e-07
1.3295178e-07
1.3293946e-07
1.3291308e-07
1.3290117e-07
1.3287534e-07
1.3286175e-07
1.3283063e-07
1.328134e-07
1.3277827e-07
1.3276167e-07
1.3274344e-07
1.3273318e-07
1.3271338e-07
1.327016e-07
1.3268178e-07
1.3266769e-07
1.3264646e-07
1.3263414e-07
1.326097e-07
1.3259839e-07
1.3257292e-07
1.3256119e-07
1.3253599e-07
1.3252214e-07
1.3249868e-07
1.3248226e-07
1.3246119e-07
1.324411e-07
1.324222e-07
1.3239955e-07
1.3238247e-07
1.3235716e-07
1.323408e-07
1.3231399e-07
1.3229808e-07
1.3226947e-07
1.3225317e-07
1.3222351e-07
1.3220708e-07
1.3217549e-07
1.3215866e-07
1.3212596e-07
1.3210875e-07
1.3207403e-07
1.3205659e-07
1.3202071e-07
1.3200224e-07
1.319648e-07
1.3194633e-07
1.319068e-07
1.3188808e-07
1.3184648e-07
1.3182824e-07
1.3178333e-07
1.3176619e-07
1.3171807e-07
1.3170126e-07
1.3165027e-07
1.3163382e-07
1.3157974e-07
1.3156343e-07
1.315069e-07
1.3148964e-07
1.3143197e-07
1.3141257e-07
1.3135436e-07
1.3133275e-07
1.3127404e-07
1.312502e-07
1.3119101e-07
1.3116494e-07
1.311054e-07
1.3107714e-07
1.3101716e-07
1.3098694e-07
1.333424e-07
1.3334462e-07
1.3334904e-07
1.3335084e-07
1.3335248e-07
1.3334949e-07
1.3334909e-07
1.3334643e-07
1.333447e-07
1.3333789e-07
1.3334578e-07
1.3335275e-07
1.3336237e-07
1.3337475e-07
1.3337825e-07
1.3337329e-07
1.3337336e-07
1.3337142e-07
1.3336576e-07
1.3335102e-07
1.3334091e-07
1.3331534e-07
1.3330127e-07
1.33267e-07
1.3325052e-07
1.3321531e-07
1.3320221e-07
1.3317569e-07
1.3316702e-07
1.3314987e-07
1.3314517e-07
1.331338e-07
1.3312799e-07
1.3311419e-07
1.33106e-07
1.3308413e-07
1.3307047e-07
1.3303864e-07
1.3301951e-07
1.3297732e-07
1.3295506e-07
1.3290555e-07
1.3288208e-07
1.3283829e-07
1.3280736e-07
1.327947e-07
1.3277586e-07
1.3276597e-07
1.3274252e-07
1.3273761e-07
1.3271019e-07
1.3270761e-07
1.3267994e-07
1.3267484e-07
1.3265078e-07
1.3264193e-07
1.3262147e-07
1.3260818e-07
1.3258979e-07
1.3257328e-07
1.3255653e-07
1.3253754e-07
1.3252016e-07
1.3249929e-07
1.3248184e-07
1.324594e-07
1.3244078e-07
1.3241631e-07
1.3239749e-07
1.3237106e-07
1.3235158e-07
1.3232251e-07
1.3230337e-07
1.3227201e-07
1.3225222e-07
1.3221865e-07
1.321988e-07
1.3216347e-07
1.3214218e-07
1.3210585e-07
1.3208344e-07
1.3204587e-07
1.3202169e-07
1.3198394e-07
1.319575e-07
1.3191929e-07
1.3189077e-07
1.3185258e-07
1.3182107e-07
1.3178344e-07
1.3174891e-07
1.3171168e-07
1.3167404e-07
1.3163784e-07
1.3159641e-07
1.3156175e-07
1.3151641e-07
1.3148304e-07
1.3143426e-07
1.3140173e-07
1.3134975e-07
1.3131808e-07
1.3126295e-07
1.3123189e-07
1.311739e-07
1.3114298e-07
1.3108262e-07
1.3105139e-07
1.3098905e-07
1.309572e-07
1.3355095e-07
1.3354613e-07
1.3353922e-07
1.3353614e-07
1.3353173e-07
1.3352517e-07
1.3352415e-07
1.3351692e-07
1.3351397e-07
1.3350952e-07
1.3350177e-07
1.3348167e-07
1.3346104e-07
1.3344119e-07
1.3341947e-07
1.3340524e-07
1.3339772e-07
1.3337723e-07
1.3336789e-07
1.3335217e-07
1.3334795e-07
1.3333964e-07
1.3334041e-07
1.3334052e-07
1.3334148e-07
1.3334255e-07
1.3334093e-07
1.3333426e-07
1.3332589e-07
1.3330504e-07
1.332915e-07
1.3325903e-07
1.3324096e-07
1.3320093e-07
1.3318236e-07
1.3314008e-07
1.3312171e-07
1.3308201e-07
1.3306452e-07
1.330277e-07
1.3301148e-07
1.3297504e-07
1.3295869e-07
1.3291696e-07
1.3290398e-07
1.3288784e-07
1.3288004e-07
1.3286205e-07
1.3285352e-07
1.3283813e-07
1.3282138e-07
1.3281071e-07
1.3278879e-07
1.3277953e-07
1.3275431e-07
1.3274495e-07
1.3271802e-07
1.3270673e-07
1.3267843e-07
1.3266552e-07
1.3263677e-07
1.326225e-07
1.3259214e-07
1.3257703e-07
1.3254576e-07
1.3253048e-07
1.3249728e-07
1.3248181e-07
1.3244736e-07
1.3243202e-07
1.3239598e-07
1.3237985e-07
1.3234356e-07
1.3232629e-07
1.3228959e-07
1.3227023e-07
1.3223466e-07
1.3221263e-07
1.3217755e-07
1.3215294e-07
1.321193e-07
1.320913e-07
1.3205839e-07
1.3202824e-07
1.3199541e-07
1.3196278e-07
1.3193017e-07
1.3189564e-07
1.3186201e-07
1.3182623e-07
1.3179185e-07
1.3175411e-07
1.3171906e-07
1.3167998e-07
1.3164318e-07
1.3160349e-07
1.3156459e-07
1.3152405e-07
1.3148345e-07
1.3144164e-07
1.3139905e-07
1.3135675e-07
1.3131139e-07
1.3126903e-07
1.3122061e-07
1.3117797e-07
1.3112698e-07
1.3108351e-07
1.3103042e-07
1.309856e-07
1.335441e-07
1.3354621e-07
1.335508e-07
1.33552e-07
1.3355277e-07
1.3355005e-07
1.3355017e-07
1.335454e-07
1.3354456e-07
1.3353856e-07
1.335384e-07
1.3353904e-07
1.3354721e-07
1.3355771e-07
1.3356311e-07
1.3356801e-07
1.3356519e-07
1.3355821e-07
1.3355788e-07
1.3354894e-07
1.3354302e-07
1.3352885e-07
1.3351966e-07
1.3349452e-07
1.3347936e-07
1.3344388e-07
1.3342705e-07
1.3339009e-07
1.3337469e-07
1.3334294e-07
1.3333217e-07
1.3330897e-07
1.3329989e-07
1.3328047e-07
1.3327263e-07
1.3325216e-07
1.3324168e-07
1.3321729e-07
1.3320234e-07
1.3316923e-07
1.3315e-07
1.3310579e-07
1.3308254e-07
1.3302953e-07
1.3301051e-07
1.3298832e-07
1.32977e-07
1.3295317e-07
1.3294118e-07
1.3291585e-07
1.3290399e-07
1.3287806e-07
1.3286552e-07
1.3284163e-07
1.3282303e-07
1.3280256e-07
1.3278254e-07
1.3276194e-07
1.3274138e-07
1.3272052e-07
1.327006e-07
1.3267903e-07
1.3265848e-07
1.326359e-07
1.3261573e-07
1.3259251e-07
1.3257098e-07
1.3254708e-07
1.325244e-07
1.3250096e-07
1.3247544e-07
1.3245222e-07
1.3242451e-07
1.3240218e-07
1.3237099e-07
1.3234885e-07
1.3231585e-07
1.3229327e-07
1.3225774e-07
1.3223434e-07
1.3219807e-07
1.321721e-07
1.3213505e-07
1.3210735e-07
1.320694e-07
1.320391e-07
1.3200086e-07
1.3196836e-07
1.3192878e-07
1.3189464e-07
1.3185413e-07
1.3181756e-07
1.3177639e-07
1.3173782e-07
1.3169522e-07
1.3165517e-07
1.3161115e-07
1.3156924e-07
1.3152442e-07
1.3148017e-07
1.3143445e-07
1.3138846e-07
1.3134131e-07
1.3129397e-07
1.3124512e-07
1.3119646e-07
1.311461e-07
1.3109602e-07
1.310442e-07
1.3099268e-07
1.3376693e-07
1.3376305e-07
1.3375629e-07
1.3375379e-07
1.3374928e-07
1.3374398e-07
1.337428e-07
1.3373644e-07
1.337343e-07
1.3372857e-07
1.3372418e-07
1.3371287e-07
1.3369755e-07
1.3367851e-07
1.3365546e-07
1.336371e-07
1.3362287e-07
1.3360519e-07
1.3359609e-07
1.3357727e-07
1.3357076e-07
1.3355614e-07
1.3355173e-07
1.3353945e-07
1.335355e-07
1.335275e-07
1.3352586e-07
1.3352151e-07
1.3351776e-07
1.3350784e-07
1.3350034e-07
1.3347991e-07
1.3346566e-07
1.3343294e-07
1.3341545e-07
1.3337421e-07
1.3335397e-07
1.3330932e-07
1.3328744e-07
1.3324051e-07
1.332187e-07
1.3317e-07
1.3314868e-07
1.3309939e-07
1.3308318e-07
1.3306398e-07
1.3305457e-07
1.3303424e-07
1.3302431e-07
1.3300361e-07
1.3299377e-07
1.3297288e-07
1.3296197e-07
1.329415e-07
1.329262e-07
1.3290993e-07
1.3288901e-07
1.3287438e-07
1.328507e-07
1.328362e-07
1.3281084e-07
1.3279579e-07
1.3276773e-07
1.3275143e-07
1.3272274e-07
1.3270496e-07
1.3267478e-07
1.3265495e-07
1.3262429e-07
1.3260323e-07
1.3257076e-07
1.3254829e-07
1.3251458e-07
1.3249169e-07
1.3245514e-07
1.3243181e-07
1.3239352e-07
1.3236977e-07
1.3232873e-07
1.3230468e-07
1.3226238e-07
1.3223663e-07
1.321931e-07
1.3216637e-07
1.3212174e-07
1.3209299e-07
1.3204809e-07
1.3201752e-07
1.3197146e-07
1.3193948e-07
1.3189279e-07
1.3185852e-07
1.3181137e-07
1.317754e-07
1.3172677e-07
1.3168977e-07
1.3163947e-07
1.3160106e-07
1.3154969e-07
1.3150928e-07
1.3145658e-07
1.3141488e-07
1.3136009e-07
1.3131756e-07
1.3126028e-07
1.3121687e-07
1.3115739e-07
1.3111283e-07
1.3105123e-07
1.3100543e-07
1.3378565e-07
1.3378593e-07
1.3379135e-07
1.3379228e-07
1.3379303e-07
1.3379014e-07
1.3378945e-07
1.3378468e-07
1.3378439e-07
1.3377772e-07
1.3377587e-07
1.3377008e-07
1.3377328e-07
1.3377853e-07
1.3378281e-07
1.3378667e-07
1.3379544e-07
1.3378739e-07
1.3378481e-07
1.3378058e-07
1.3377689e-07
1.3376635e-07
1.3375898e-07
1.3373924e-07
1.3372753e-07
1.3370106e-07
1.3368712e-07
1.3365441e-07
1.3363724e-07
1.3359887e-07
1.3358244e-07
1.3354597e-07
1.335308e-07
1.3349923e-07
1.3348781e-07
1.3346041e-07
1.3344898e-07
1.3342295e-07
1.3340878e-07
1.3337765e-07
1.3336042e-07
1.3332021e-07
1.3329941e-07
1.3325e-07
1.3323188e-07
1.3321079e-07
1.3319984e-07
1.3317666e-07
1.3316478e-07
1.3314026e-07
1.3312804e-07
1.3310236e-07
1.3308887e-07
1.3306089e-07
1.3304705e-07
1.3301779e-07
1.330037e-07
1.3297323e-07
1.3295774e-07
1.3292702e-07
1.3290991e-07
1.328799e-07
1.3285978e-07
1.3283015e-07
1.3280882e-07
1.3277951e-07
1.3275606e-07
1.3272628e-07
1.327019e-07
1.3267227e-07
1.3264571e-07
1.3261569e-07
1.3258778e-07
1.3255839e-07
1.3252727e-07
1.3249842e-07
1.3246522e-07
1.3243718e-07
1.3240021e-07
1.3237331e-07
1.3233397e-07
1.3230668e-07
1.3226465e-07
1.3223806e-07
1.321932e-07
1.3216582e-07
1.3211927e-07
1.3209116e-07
1.3204192e-07
1.3201326e-07
1.3196223e-07
1.3193149e-07
1.3187928e-07
1.3184688e-07
1.3179245e-07
1.3175906e-07
1.3170234e-07
1.3166736e-07
1.3160927e-07
1.3157192e-07
1.315123e-07
1.3147347e-07
1.3141148e-07
1.3137173e-07
1.3130701e-07
1.3126621e-07
1.3119927e-07
1.3115694e-07
1.3108815e-07
1.3104394e-07
1.3402555e-07
1.34024e-07
1.3401656e-07
1.3401453e-07
1.3400851e-07
1.3400404e-07
1.3400269e-07
1.3399785e-07
1.3399494e-07
1.3398946e-07
1.339861e-07
1.3397821e-07
1.3397069e-07
1.3395389e-07
1.3393181e-07
1.339193e-07
1.3389719e-07
1.3387392e-07
1.3386846e-07
1.3385242e-07
1.3384305e-07
1.3382057e-07
1.3381263e-07
1.337938e-07
1.3378706e-07
1.3377252e-07
1.3376748e-07
1.3375535e-07
1.3374952e-07
1.3373674e-07
1.3373153e-07
1.3371769e-07
1.3370855e-07
1.3368722e-07
1.3367467e-07
1.3364201e-07
1.3362349e-07
1.3358095e-07
1.3355743e-07
1.3350633e-07
1.3348084e-07
1.3342385e-07
1.3339794e-07
1.3333864e-07
1.3331907e-07
1.3329599e-07
1.3328471e-07
1.3326042e-07
1.3324863e-07
1.3322398e-07
1.3321238e-07
1.331876e-07
1.3317504e-07
1.3314901e-07
1.3313635e-07
1.3311011e-07
1.3309728e-07
1.3307192e-07
1.3305359e-07
1.3302952e-07
1.330113e-07
1.3298626e-07
1.3296593e-07
1.3293977e-07
1.3291928e-07
1.3289196e-07
1.328699e-07
1.328405e-07
1.3281837e-07
1.3278739e-07
1.3276382e-07
1.3273042e-07
1.327067e-07
1.3267175e-07
1.3264584e-07
1.3260923e-07
1.3258248e-07
1.3254457e-07
1.3251484e-07
1.3247646e-07
1.3244492e-07
1.3240497e-07
1.323708e-07
1.3233101e-07
1.322936e-07
1.3225301e-07
1.3221322e-07
1.3217227e-07
1.3212898e-07
1.3208803e-07
1.3204215e-07
1.3199977e-07
1.3195205e-07
1.3190864e-07
1.3185825e-07
1.3181433e-07
1.3176134e-07
1.3171628e-07
1.3166158e-07
1.3161462e-07
1.3155813e-07
1.315101e-07
1.3145099e-07
1.314024e-07
1.313403e-07
1.31291e-07
1.3122634e-07
1.3117592e-07
1.31109e-07
1.3105713e-07
1.3407326e-07
1.3407197e-07
1.3407711e-07
1.3407824e-07
1.340797e-07
1.3407732e-07
1.3407619e-07
1.3407139e-07
1.340709e-07
1.3406494e-07
1.3406266e-07
1.3405556e-07
1.3405363e-07
1.3404806e-07
1.3405456e-07
1.3405718e-07
1.3405665e-07
1.340624e-07
1.3406844e-07
1.3405555e-07
1.3404963e-07
1.3403796e-07
1.3403382e-07
1.3402132e-07
1.3401257e-07
1.3399161e-07
1.339796e-07
1.3395161e-07
1.3393617e-07
1.3390202e-07
1.3388611e-07
1.3384901e-07
1.3383074e-07
1.3379058e-07
1.3377347e-07
1.337329e-07
1.3371581e-07
1.3367836e-07
1.3366079e-07
1.3362355e-07
1.3360567e-07
1.3356425e-07
1.3354466e-07
1.3349684e-07
1.334796e-07
1.3345944e-07
1.3344897e-07
1.3342644e-07
1.3341489e-07
1.3339097e-07
1.3337912e-07
1.33354e-07
1.3334058e-07
1.3331305e-07
1.3329905e-07
1.3327027e-07
1.3325571e-07
1.3322715e-07
1.3320585e-07
1.3317976e-07
1.3315673e-07
1.3312991e-07
1.3310423e-07
1.3307644e-07
1.3304996e-07
1.3302143e-07
1.3299271e-07
1.3296279e-07
1.3293327e-07
1.3290259e-07
1.3287113e-07
1.328388e-07
1.3280691e-07
1.327735e-07
1.3273973e-07
1.3270466e-07
1.326709e-07
1.3263396e-07
1.3259866e-07
1.3256016e-07
1.3252503e-07
1.3248343e-07
1.3244776e-07
1.3240479e-07
1.3236792e-07
1.3232264e-07
1.3228522e-07
1.3223838e-07
1.3219866e-07
1.3215104e-07
1.321097e-07
1.3205989e-07
1.3201739e-07
1.3196605e-07
1.3192112e-07
1.3186897e-07
1.3182159e-07
1.3176779e-07
1.3171915e-07
1.316626e-07
1.3161259e-07
1.3155431e-07
1.3150186e-07
1.3144251e-07
1.3138709e-07
1.3132649e-07
1.3126869e-07
1.3120621e-07
1.3114648e-07
1.3108165e-07
1.3433811e-07
1.3433682e-07
1.3433056e-07
1.3432796e-07
1.343208e-07
1.3431587e-07
1.3431451e-07
1.3431046e-07
1.3430703e-07
1.3430112e-07
1.3429799e-07
1.3429058e-07
1.3428483e-07
1.3427429e-07
1.3425976e-07
1.3424433e-07
1.3422648e-07
1.3421562e-07
1.3418899e-07
1.3416818e-07
1.3415961e-07
1.3414196e-07
1.341346e-07
1.3411238e-07
1.3410165e-07
1.3407817e-07
1.3406987e-07
1.3405153e-07
1.3404374e-07
1.3402672e-07
1.3402038e-07
1.3400358e-07
1.3399426e-07
1.3397308e-07
1.3396274e-07
1.3393487e-07
1.3391981e-07
1.338847e-07
1.3386376e-07
1.3381763e-07
1.3379248e-07
1.337348e-07
1.3370671e-07
1.336414e-07
1.3361894e-07
1.3359263e-07
1.3357953e-07
1.3355154e-07
1.3353778e-07
1.3350918e-07
1.3349561e-07
1.3346675e-07
1.3345207e-07
1.334217e-07
1.3340692e-07
1.3337625e-07
1.3336138e-07
1.3332942e-07
1.3331268e-07
1.3328394e-07
1.3326108e-07
1.3323438e-07
1.3320931e-07
1.3318163e-07
1.3315652e-07
1.3312808e-07
1.3310107e-07
1.3307107e-07
1.3304367e-07
1.3301306e-07
1.3298339e-07
1.3295133e-07
1.3292077e-07
1.3288837e-07
1.3285452e-07
1.3282137e-07
1.327862e-07
1.3275227e-07
1.3271364e-07
1.3267928e-07
1.3263941e-07
1.3260242e-07
1.3256082e-07
1.3252283e-07
1.3247926e-07
1.3243855e-07
1.3239437e-07
1.323513e-07
1.3230494e-07
1.3226013e-07
1.3221268e-07
1.3216433e-07
1.321165e-07
1.3206532e-07
1.320157e-07
1.3196262e-07
1.3191118e-07
1.3185536e-07
1.3180342e-07
1.317437e-07
1.3169115e-07
1.3162863e-07
1.3157441e-07
1.3150976e-07
1.3145343e-07
1.3138647e-07
1.3132869e-07
1.3125881e-07
1.3120002e-07
1.3112681e-07
1.3441664e-07
1.3441461e-07
1.3441931e-07
1.3442023e-07
1.34422e-07
1.3442166e-07
1.3442071e-07
1.3441612e-07
1.3441518e-07
1.3441042e-07
1.3440808e-07
1.3440093e-07
1.3439594e-07
1.343868e-07
1.3438802e-07
1.3438721e-07
1.3438971e-07
1.3438962e-07
1.3438421e-07
1.3438837e-07
1.3438357e-07
1.343759e-07
1.3436844e-07
1.3435028e-07
1.343423e-07
1.3432556e-07
1.3431739e-07
1.3429746e-07
1.3428479e-07
1.3425574e-07
1.3424104e-07
1.3420563e-07
1.3418674e-07
1.3414489e-07
1.341258e-07
1.3407953e-07
1.3405845e-07
1.3401147e-07
1.3398863e-07
1.3393994e-07
1.3391731e-07
1.3386584e-07
1.3384344e-07
1.3378958e-07
1.3377144e-07
1.3375013e-07
1.3373939e-07
1.3371596e-07
1.3370423e-07
1.3367976e-07
1.3366797e-07
1.3364265e-07
1.3362915e-07
1.3360129e-07
1.3358728e-07
1.3355833e-07
1.3354377e-07
1.3351206e-07
1.3349603e-07
1.334662e-07
1.334435e-07
1.3341523e-07
1.3338939e-07
1.333597e-07
1.3333321e-07
1.3330228e-07
1.3327334e-07
1.3324023e-07
1.3321076e-07
1.3317624e-07
1.3314469e-07
1.3310769e-07
1.3307588e-07
1.3303737e-07
1.3300309e-07
1.3296271e-07
1.3292794e-07
1.3288594e-07
1.3284821e-07
1.3280546e-07
1.327665e-07
1.3272143e-07
1.326802e-07
1.3263503e-07
1.325908e-07
1.3254422e-07
1.3249812e-07
1.324507e-07
1.3240107e-07
1.3235337e-07
1.3230144e-07
1.3225144e-07
1.3219815e-07
1.3214635e-07
1.3209046e-07
1.3203757e-07
1.3197923e-07
1.3192417e-07
1.318649e-07
1.3180627e-07
1.3174604e-07
1.3168497e-07
1.3162262e-07
1.3155982e-07
1.3149481e-07
1.3143008e-07
1.3136311e-07
1.3129576e-07
1.312273e-07
1.3115688e-07
1.3471396e-07
1.3471316e-07
1.3470802e-07
1.3470529e-07
1.3469787e-07
1.3469204e-07
1.3468976e-07
1.3468589e-07
1.3468223e-07
1.3467607e-07
1.346728e-07
1.3466403e-07
1.3465742e-07
1.3465197e-07
1.3464593e-07
1.3463014e-07
1.3461624e-07
1.3460166e-07
1.3458172e-07
1.3456772e-07
1.3454107e-07
1.3452642e-07
1.345086e-07
1.3449152e-07
1.344824e-07
1.344602e-07
1.3445027e-07
1.3442647e-07
1.3441504e-07
1.343898e-07
1.3438039e-07
1.3435694e-07
1.343455e-07
1.3432001e-07
1.3430918e-07
1.3427954e-07
1.3426509e-07
1.3423148e-07
1.3421203e-07
1.3416969e-07
1.3414662e-07
1.3409279e-07
1.340662e-07
1.3400223e-07
1.3397932e-07
1.3395254e-07
1.3393884e-07
1.3390942e-07
1.3389463e-07
1.3386394e-07
1.3384909e-07
1.3381754e-07
1.338011e-07
1.3376723e-07
1.3375047e-07
1.3371584e-07
1.3369881e-07
1.3366197e-07
1.3364372e-07
1.3361064e-07
1.3358321e-07
1.3355362e-07
1.3352359e-07
1.3349299e-07
1.3346285e-07
1.3343176e-07
1.3339923e-07
1.3336694e-07
1.333337e-07
1.3330137e-07
1.3326542e-07
1.3323175e-07
1.3319513e-07
1.3316092e-07
1.3312138e-07
1.3308553e-07
1.3304596e-07
1.3300797e-07
1.3296607e-07
1.3292627e-07
1.3288465e-07
1.3284062e-07
1.3279827e-07
1.3275257e-07
1.327085e-07
1.3265973e-07
1.3261492e-07
1.3256423e-07
1.3251607e-07
1.324647e-07
1.3241412e-07
1.3236008e-07
1.3230777e-07
1.322521e-07
1.3219617e-07
1.3214001e-07
1.3208045e-07
1.3202259e-07
1.3196125e-07
1.3189997e-07
1.3183688e-07
1.3177353e-07
1.3170734e-07
1.3164271e-07
1.315729e-07
1.3150658e-07
1.3143421e-07
1.3136516e-07
1.3129105e-07
1.3121847e-07
1.3483109e-07
1.3482936e-07
1.3483323e-07
1.3483342e-07
1.3483512e-07
1.3483691e-07
1.3483658e-07
1.348324e-07
1.3483106e-07
1.3482741e-07
1.3482499e-07
1.3481613e-07
1.3481396e-07
1.3480546e-07
1.3480131e-07
1.3479054e-07
1.3479502e-07
1.3479009e-07
1.3478612e-07
1.3477985e-07
1.3477982e-07
1.3477689e-07
1.34767e-07
1.347614e-07
1.3475036e-07
1.3472934e-07
1.3472134e-07
1.3470265e-07
1.3469163e-07
1.3466668e-07
1.3465438e-07
1.3462333e-07
1.3460556e-07
1.3456566e-07
1.3454665e-07
1.3449909e-07
1.3447637e-07
1.3442526e-07
1.3439916e-07
1.3434327e-07
1.3431642e-07
1.342551e-07
1.3422809e-07
1.341634e-07
1.3414191e-07
1.3411664e-07
1.3410411e-07
1.3407668e-07
1.340632e-07
1.3403501e-07
1.3402175e-07
1.3399314e-07
1.3397816e-07
1.3394717e-07
1.3393191e-07
1.3390032e-07
1.3388479e-07
1.3385064e-07
1.338336e-07
1.3380189e-07
1.3377776e-07
1.3374814e-07
1.3372097e-07
1.3368942e-07
1.3366268e-07
1.3362932e-07
1.3360037e-07
1.335643e-07
1.3353496e-07
1.3349785e-07
1.3346516e-07
1.3342627e-07
1.3339192e-07
1.3335292e-07
1.3331369e-07
1.3327404e-07
1.3323283e-07
1.3319228e-07
1.3314664e-07
1.3310541e-07
1.330586e-07
1.3301362e-07
1.3296528e-07
1.3291863e-07
1.3286847e-07
1.3281803e-07
1.3276772e-07
1.3271421e-07
1.3266144e-07
1.3260597e-07
1.3255187e-07
1.3249239e-07
1.3243761e-07
1.323754e-07
1.3231777e-07
1.3225432e-07
1.3219356e-07
1.3212791e-07
1.3206565e-07
1.3199631e-07
1.3193242e-07
1.3186092e-07
1.3179392e-07
1.3172114e-07
1.3165046e-07
1.3157603e-07
1.3150272e-07
1.3142563e-07
1.3135047e-07
1.3127001e-07
1.3516929e-07
1.3516834e-07
1.3516395e-07
1.3516132e-07
1.3515481e-07
1.3514952e-07
1.3514358e-07
1.3514058e-07
1.3513701e-07
1.3513089e-07
1.3512581e-07
1.3511838e-07
1.3511396e-07
1.3510416e-07
1.3509947e-07
1.3509009e-07
1.3508227e-07
1.3506395e-07
1.3504551e-07
1.3503673e-07
1.3501489e-07
1.3499597e-07
1.3497068e-07
1.349604e-07
1.3493342e-07
1.3492033e-07
1.3491105e-07
1.3488749e-07
1.3487436e-07
1.3484409e-07
1.3483168e-07
1.348008e-07
1.3478584e-07
1.3475282e-07
1.3473952e-07
1.3470379e-07
1.3468781e-07
1.3465105e-07
1.3463102e-07
1.3458793e-07
1.3456531e-07
1.3451174e-07
1.3448611e-07
1.3442261e-07
1.3439976e-07
1.3437307e-07
1.3435934e-07
1.3432949e-07
1.3431441e-07
1.3428309e-07
1.3426801e-07
1.3423562e-07
1.3421846e-07
1.3418315e-07
1.3416554e-07
1.3412923e-07
1.3411121e-07
1.3407198e-07
1.340523e-07
1.3401698e-07
1.3398645e-07
1.3395592e-07
1.3392117e-07
1.3388931e-07
1.3385488e-07
1.3382107e-07
1.337851e-07
1.3374769e-07
1.3371282e-07
1.3367296e-07
1.336367e-07
1.3359338e-07
1.3355754e-07
1.3351278e-07
1.3347353e-07
1.3342736e-07
1.3338706e-07
1.3334008e-07
1.3329513e-07
1.3324839e-07
1.3320164e-07
1.3315231e-07
1.3310287e-07
1.3305349e-07
1.3300094e-07
1.3294887e-07
1.3289545e-07
1.3284102e-07
1.3278459e-07
1.327284e-07
1.3267092e-07
1.3260987e-07
1.3255264e-07
1.3248772e-07
1.324285e-07
1.3236119e-07
1.3229976e-07
1.3222884e-07
1.3216713e-07
1.3209086e-07
1.3202841e-07
1.3194897e-07
1.3188357e-07
1.318024e-07
1.3173297e-07
1.3164987e-07
1.3157752e-07
1.3149132e-07
1.3141698e-07
1.3132671e-07
1.3533576e-07
1.3533439e-07
1.3533791e-07
1.3533757e-07
1.3533898e-07
1.3534106e-07
1.3534181e-07
1.353389e-07
1.3533679e-07
1.3533312e-07
1.3533105e-07
1.3532356e-07
1.3532017e-07
1.353118e-07
1.3530771e-07
1.3529584e-07
1.3529242e-07
1.3527988e-07
1.3528514e-07
1.3527498e-07
1.3526477e-07
1.3525722e-07
1.3525533e-07
1.3525084e-07
1.3523747e-07
1.3523629e-07
1.3521798e-07
1.3519584e-07
1.3518337e-07
1.3515657e-07
1.3514537e-07
1.3511666e-07
1.3510023e-07
1.3506312e-07
1.3504557e-07
1.3499968e-07
1.3497745e-07
1.349269e-07
1.348997e-07
1.3484112e-07
1.3481159e-07
1.3474322e-07
1.3471226e-07
1.3463789e-07
1.3461234e-07
1.3458302e-07
1.345684e-07
1.3453643e-07
1.3452077e-07
1.3448826e-07
1.3447261e-07
1.3443984e-07
1.3442266e-07
1.3438717e-07
1.3436985e-07
1.3433399e-07
1.3431654e-07
1.3427794e-07
1.3425887e-07
1.3422291e-07
1.3419638e-07
1.3416568e-07
1.3413102e-07
1.3410161e-07
1.3406579e-07
1.3403618e-07
1.3399671e-07
1.3396473e-07
1.3392516e-07
1.3389148e-07
1.3384971e-07
1.3381197e-07
1.3377129e-07
1.3373074e-07
1.3368759e-07
1.3364342e-07
1.3360119e-07
1.3355371e-07
1.3350814e-07
1.3345889e-07
1.3341279e-07
1.3335918e-07
1.3331059e-07
1.3325662e-07
1.3320402e-07
1.3314767e-07
1.3309277e-07
1.3303522e-07
1.3297502e-07
1.3291734e-07
1.3285393e-07
1.3279256e-07
1.3272776e-07
1.326634e-07
1.3259528e-07
1.3252898e-07
1.3245806e-07
1.3238776e-07
1.3231693e-07
1.3224009e-07
1.3216942e-07
1.32088e-07
1.3201549e-07
1.3193087e-07
1.3185548e-07
1.317675e-07
1.3169039e-07
1.3159797e-07
1.3151993e-07
1.3142234e-07
1.3572456e-07
1.3572392e-07
1.3571933e-07
1.3571703e-07
1.3571115e-07
1.3570734e-07
1.3569871e-07
1.3569592e-07
1.3569215e-07
1.3568671e-07
1.3568078e-07
1.3567382e-07
1.3566927e-07
1.3565915e-07
1.3565424e-07
1.3564269e-07
1.3563835e-07
1.3562611e-07
1.3561429e-07
1.3559266e-07
1.3557463e-07
1.3556548e-07
1.3554556e-07
1.3553312e-07
1.3550575e-07
1.3549116e-07
1.3545893e-07
1.3544541e-07
1.3543147e-07
1.3540278e-07
1.3538988e-07
1.3535557e-07
1.3533755e-07
1.3529741e-07
1.3528129e-07
1.3523876e-07
1.3522035e-07
1.3517801e-07
1.3515524e-07
1.351061e-07
1.3508111e-07
1.3502173e-07
1.3499498e-07
1.3492786e-07
1.3490432e-07
1.3487715e-07
1.3486327e-07
1.3483267e-07
1.3481734e-07
1.3478546e-07
1.3477021e-07
1.3473744e-07
1.347198e-07
1.3468346e-07
1.3466534e-07
1.3462793e-07
1.3460933e-07
1.3456822e-07
1.3454755e-07
1.3450848e-07
1.3448094e-07
1.3444449e-07
1.3440987e-07
1.3437311e-07
1.343377e-07
1.3430035e-07
1.3426042e-07
1.3422143e-07
1.3417982e-07
1.3414093e-07
1.3409474e-07
1.3405394e-07
1.3400661e-07
1.3396508e-07
1.3391341e-07
1.3386949e-07
1.3381814e-07
1.3377103e-07
1.337167e-07
1.3366691e-07
1.3361377e-07
1.3355755e-07
1.3350419e-07
1.3344544e-07
1.3339042e-07
1.3332706e-07
1.3327184e-07
1.3320577e-07
1.331462e-07
1.3307956e-07
1.330169e-07
1.3294679e-07
1.32882e-07
1.3281017e-07
1.3274023e-07
1.326685e-07
1.3259344e-07
1.3251975e-07
1.3244269e-07
1.3236407e-07
1.322853e-07
1.3220367e-07
1.3212122e-07
1.320377e-07
1.319508e-07
1.3186468e-07
1.3177513e-07
1.3168469e-07
1.3159381e-07
1.3149781e-07
1.3595552e-07
1.3595409e-07
1.3595812e-07
1.359576e-07
1.3595911e-07
1.3595998e-07
1.3596132e-07
1.3596021e-07
1.3595749e-07
1.3595337e-07
1.3595165e-07
1.3594606e-07
1.3594098e-07
1.3593253e-07
1.3592826e-07
1.3591608e-07
1.3591346e-07
1.3589574e-07
1.3589131e-07
1.3588098e-07
1.3587921e-07
1.358693e-07
1.3586337e-07
1.3585541e-07
1.3583902e-07
1.3583222e-07
1.358136e-07
1.3581671e-07
1.357893e-07
1.3576785e-07
1.3574994e-07
1.3571631e-07
1.3569935e-07
1.3566264e-07
1.3564717e-07
1.3560511e-07
1.3558364e-07
1.3553421e-07
1.3550574e-07
1.3544469e-07
1.3541372e-07
1.3534152e-07
1.3530914e-07
1.3522977e-07
1.3520225e-07
1.351706e-07
1.3515462e-07
1.3511948e-07
1.3510209e-07
1.3506597e-07
1.3504864e-07
1.3501192e-07
1.3499245e-07
1.3495223e-07
1.3493252e-07
1.348917e-07
1.348718e-07
1.3482759e-07
1.3480574e-07
1.3476618e-07
1.3473359e-07
1.3469917e-07
1.3465975e-07
1.3462456e-07
1.3458648e-07
1.345493e-07
1.3450872e-07
1.3446812e-07
1.34428e-07
1.3438645e-07
1.3434251e-07
1.3429855e-07
1.3425363e-07
1.3420979e-07
1.3415881e-07
1.3411409e-07
1.3406166e-07
1.3401573e-07
1.3395754e-07
1.3391092e-07
1.3385218e-07
1.3379979e-07
1.3373963e-07
1.3368513e-07
1.3362292e-07
1.335626e-07
1.3350125e-07
1.3343629e-07
1.3337174e-07
1.33304e-07
1.332383e-07
1.3316404e-07
1.3309836e-07
1.3301985e-07
1.3295017e-07
1.328702e-07
1.3279586e-07
1.3271281e-07
1.3263675e-07
1.325479e-07
1.3246973e-07
1.323781e-07
1.3229491e-07
1.3220234e-07
1.3211289e-07
1.3201876e-07
1.3192514e-07
1.3182736e-07
1.3173134e-07
1.3162818e-07
1.3640902e-07
1.36409e-07
1.3640373e-07
1.364014e-07
1.3639599e-07
1.3639303e-07
1.3638486e-07
1.3638131e-07
1.3637669e-07
1.3637221e-07
1.3636718e-07
1.3635966e-07
1.3635347e-07
1.3634447e-07
1.3633888e-07
1.3632597e-07
1.363187e-07
1.3630719e-07
1.3630447e-07
1.3628582e-07
1.3627565e-07
1.3625312e-07
1.3624197e-07
1.3622441e-07
1.3620318e-07
1.3619021e-07
1.361632e-07
1.3614752e-07
1.3610969e-07
1.3609276e-07
1.3606314e-07
1.3603924e-07
1.3602112e-07
1.3598198e-07
1.3596516e-07
1.3591926e-07
1.3589297e-07
1.3584364e-07
1.3581412e-07
1.3575849e-07
1.3573099e-07
1.3566559e-07
1.3563729e-07
1.3556452e-07
1.3553901e-07
1.3550974e-07
1.3549479e-07
1.3546136e-07
1.3544471e-07
1.3541005e-07
1.3539344e-07
1.35358e-07
1.353388e-07
1.3529922e-07
1.3527967e-07
1.3523931e-07
1.3521948e-07
1.3517506e-07
1.3515287e-07
1.3511247e-07
1.3507941e-07
1.3504385e-07
1.3500383e-07
1.3496747e-07
1.3492751e-07
1.3488953e-07
1.3484606e-07
1.3480389e-07
1.3476126e-07
1.3471676e-07
1.3467091e-07
1.3462196e-07
1.3457644e-07
1.3452582e-07
1.3447479e-07
1.3442194e-07
1.3436997e-07
1.3431538e-07
1.3425682e-07
1.3420208e-07
1.3414177e-07
1.340822e-07
1.340186e-07
1.3395876e-07
1.3389087e-07
1.338268e-07
1.33758e-07
1.3369067e-07
1.3361711e-07
1.3354786e-07
1.3347259e-07
1.3339645e-07
1.3332166e-07
1.332403e-07
1.3316237e-07
1.3307819e-07
1.3299697e-07
1.3290781e-07
1.3282678e-07
1.327295e-07
1.3264821e-07
1.3254629e-07
1.3246123e-07
1.3235706e-07
1.3226643e-07
1.3215975e-07
1.3206542e-07
1.3195435e-07
1.3185783e-07
1.3174086e-07
1.3672574e-07
1.3672398e-07
1.3672858e-07
1.3672825e-07
1.3672995e-07
1.3673005e-07
1.3673034e-07
1.3673062e-07
1.3672783e-07
1.3672403e-07
1.3672223e-07
1.3671701e-07
1.3671103e-07
1.3670332e-07
1.366969e-07
1.3668263e-07
1.3668118e-07
1.3667051e-07
1.3666233e-07
1.3664577e-07
1.366401e-07
1.3662732e-07
1.366262e-07
1.3661373e-07
1.3660215e-07
1.3658747e-07
1.3656723e-07
1.3655766e-07
1.3653606e-07
1.3652332e-07
1.3649679e-07
1.3648484e-07
1.364531e-07
1.364182e-07
1.3639847e-07
1.3634993e-07
1.363246e-07
1.3627511e-07
1.3624824e-07
1.3618986e-07
1.3615942e-07
1.3608617e-07
1.3605301e-07
1.3596874e-07
1.3593891e-07
1.3590481e-07
1.3588747e-07
1.3584899e-07
1.3582994e-07
1.3579051e-07
1.3577149e-07
1.3573158e-07
1.3571014e-07
1.3566598e-07
1.3564438e-07
1.3559978e-07
1.3557808e-07
1.3552938e-07
1.3550527e-07
1.3546139e-07
1.3542536e-07
1.3538716e-07
1.3534417e-07
1.3530543e-07
1.3526194e-07
1.3522271e-07
1.3517449e-07
1.3513192e-07
1.3508401e-07
1.3503992e-07
1.3498829e-07
1.349396e-07
1.3488905e-07
1.3483814e-07
1.3478284e-07
1.3472835e-07
1.3467413e-07
1.3461615e-07
1.3455666e-07
1.3449704e-07
1.3443774e-07
1.3437135e-07
1.3430976e-07
1.3424262e-07
1.3417674e-07
1.34105e-07
1.3403797e-07
1.339635e-07
1.3389001e-07
1.3381495e-07
1.3373821e-07
1.3365684e-07
1.3357939e-07
1.3349361e-07
1.3341129e-07
1.3332366e-07
1.3323666e-07
1.3314407e-07
1.3305715e-07
1.329552e-07
1.3286828e-07
1.3276078e-07
1.3266992e-07
1.3255952e-07
1.3246269e-07
1.3234898e-07
1.3224853e-07
1.3212919e-07
1.3202697e-07
1.3190015e-07
1.372635e-07
1.3726413e-07
1.3725848e-07
1.3725603e-07
1.3725111e-07
1.3724844e-07
1.3724194e-07
1.3723829e-07
1.3723245e-07
1.3722906e-07
1.3722542e-07
1.372171e-07
1.3720955e-07
1.3720072e-07
1.3719061e-07
1.3718155e-07
1.3717753e-07
1.3716349e-07
1.3715684e-07
1.3714312e-07
1.3713614e-07
1.371191e-07
1.3711233e-07
1.3708852e-07
1.370684e-07
1.3704661e-07
1.3702603e-07
1.3700813e-07
1.3698483e-07
1.369572e-07
1.3692935e-07
1.3690661e-07
1.3686386e-07
1.3684023e-07
1.3680518e-07
1.3676917e-07
1.3673782e-07
1.3669147e-07
1.3666127e-07
1.3659891e-07
1.3656742e-07
1.3649147e-07
1.3645934e-07
1.3637653e-07
1.3634734e-07
1.3631493e-07
1.3629849e-07
1.3626135e-07
1.3624309e-07
1.3620525e-07
1.3618706e-07
1.3614889e-07
1.36128e-07
1.360849e-07
1.3606384e-07
1.3602028e-07
1.3599908e-07
1.3595071e-07
1.3592669e-07
1.3588196e-07
1.3584783e-07
1.3580788e-07
1.3576557e-07
1.3572491e-07
1.3568201e-07
1.3564097e-07
1.3559215e-07
1.3554788e-07
1.3549858e-07
1.3545373e-07
1.3539876e-07
1.3535013e-07
1.3529487e-07
1.3524529e-07
1.3518306e-07
1.3513068e-07
1.3506863e-07
1.3501297e-07
1.3494445e-07
1.3488698e-07
1.3481896e-07
1.347531e-07
1.3468329e-07
1.3461562e-07
1.3454199e-07
1.34468e-07
1.3439416e-07
1.3431623e-07
1.3423574e-07
1.3415685e-07
1.3407292e-07
1.3398706e-07
1.3390213e-07
1.3381197e-07
1.3372086e-07
1.3362972e-07
1.3353241e-07
1.3343683e-07
1.3333882e-07
1.3323362e-07
1.3313507e-07
1.3302433e-07
1.3292111e-07
1.3280748e-07
1.3269768e-07
1.3258028e-07
1.3246702e-07
1.3234281e-07
1.3222859e-07
1.3209518e-07
1.3769705e-07
1.3769511e-07
1.3769972e-07
1.3769971e-07
1.3770137e-07
1.3770086e-07
1.3770049e-07
1.3770037e-07
1.3769824e-07
1.3769574e-07
1.3769334e-07
1.3768686e-07
1.3768032e-07
1.3767097e-07
1.3766412e-07
1.3765483e-07
1.3764945e-07
1.3763975e-07
1.376346e-07
1.3761945e-07
1.3761224e-07
1.3759619e-07
1.3759044e-07
1.3756917e-07
1.3756023e-07
1.3754414e-07
1.375278e-07
1.3751928e-07
1.3749226e-07
1.3747335e-07
1.3745196e-07
1.3742834e-07
1.374007e-07
1.3737544e-07
1.3734262e-07
1.3731192e-07
1.3727127e-07
1.3722882e-07
1.3719178e-07
1.3712919e-07
1.3709702e-07
1.3701956e-07
1.3698664e-07
1.3689984e-07
1.3686889e-07
1.3683424e-07
1.3681645e-07
1.367763e-07
1.3675629e-07
1.3671504e-07
1.3669496e-07
1.3665317e-07
1.3663009e-07
1.3658263e-07
1.3655939e-07
1.3651144e-07
1.3648812e-07
1.3643491e-07
1.3640852e-07
1.3635852e-07
1.3632278e-07
1.3627794e-07
1.3623273e-07
1.3618774e-07
1.3614196e-07
1.3609682e-07
1.3604489e-07
1.3599599e-07
1.3594439e-07
1.3589455e-07
1.3583744e-07
1.3578311e-07
1.3572641e-07
1.3567122e-07
1.3560675e-07
1.3554909e-07
1.3548462e-07
1.354244e-07
1.3535187e-07
1.3529096e-07
1.3521839e-07
1.3514906e-07
1.3507405e-07
1.3500356e-07
1.3492422e-07
1.3484674e-07
1.3476784e-07
1.3468559e-07
1.3460003e-07
1.3451612e-07
1.3442796e-07
1.3433504e-07
1.3424719e-07
1.3414848e-07
1.3405455e-07
1.3395432e-07
1.3385382e-07
1.3374839e-07
1.3364741e-07
1.3353103e-07
1.3342927e-07
1.3330732e-07
1.3319932e-07
1.3307542e-07
1.329585e-07
1.3283176e-07
1.3270966e-07
1.3257634e-07
1.324522e-07
1.3230917e-07
1.3834939e-07
1.3835025e-07
1.38345e-07
1.3834251e-07
1.3833824e-07
1.3833584e-07
1.3833072e-07
1.3832808e-07
1.3832143e-07
1.3831908e-07
1.3831598e-07
1.383069e-07
1.3829774e-07
1.3828891e-07
1.3827889e-07
1.3827121e-07
1.3826727e-07
1.3825722e-07
1.3824979e-07
1.3823403e-07
1.3822669e-07
1.3821115e-07
1.3819894e-07
1.3818343e-07
1.3816974e-07
1.3814041e-07
1.3812901e-07
1.3810491e-07
1.3807717e-07
1.380571e-07
1.3802325e-07
1.3800247e-07
1.37965e-07
1.3793389e-07
1.3789642e-07
1.3786361e-07
1.3781449e-07
1.377788e-07
1.3773398e-07
1.3767605e-07
1.3764259e-07
1.3756327e-07
1.3752919e-07
1.3743904e-07
1.374066e-07
1.3737127e-07
1.3735323e-07
1.3731256e-07
1.3729092e-07
1.3725005e-07
1.3722893e-07
1.3718778e-07
1.3716374e-07
1.3711625e-07
1.370927e-07
1.3704489e-07
1.3702185e-07
1.3696826e-07
1.3694185e-07
1.3689034e-07
1.3685768e-07
1.3681041e-07
1.3676656e-07
1.3671991e-07
1.3667478e-07
1.3662919e-07
1.3657589e-07
1.3652706e-07
1.3647347e-07
1.3642435e-07
1.3636407e-07
1.363098e-07
1.3625046e-07
1.3619475e-07
1.3612712e-07
1.3606773e-07
1.3600117e-07
1.35938e-07
1.3586273e-07
1.357984e-07
1.3572352e-07
1.3564938e-07
1.3557148e-07
1.3549676e-07
1.3541309e-07
1.3533129e-07
1.3524724e-07
1.3516123e-07
1.3506829e-07
1.3498171e-07
1.3488489e-07
1.347887e-07
1.3469188e-07
1.345895e-07
1.3448551e-07
1.3438158e-07
1.342703e-07
1.3416001e-07
1.3404914e-07
1.3392522e-07
1.3381471e-07
1.3368341e-07
1.3356682e-07
1.334325e-07
1.3330656e-07
1.3316829e-07
1.3303732e-07
1.3289082e-07
1.3275845e-07
1.3260013e-07
1.3894547e-07
1.389438e-07
1.3894768e-07
1.3894787e-07
1.3894922e-07
1.3894841e-07
1.3894766e-07
1.3894699e-07
1.3894434e-07
1.3894414e-07
1.3894084e-07
1.3893191e-07
1.3892501e-07
1.3891486e-07
1.3890841e-07
1.3890418e-07
1.3889762e-07
1.3888895e-07
1.3888258e-07
1.3886822e-07
1.3886086e-07
1.3884084e-07
1.3883485e-07
1.3882205e-07
1.3879841e-07
1.3878315e-07
1.3877254e-07
1.387499e-07
1.3873585e-07
1.387088e-07
1.3868446e-07
1.3866677e-07
1.3863121e-07
1.3860472e-07
1.3857326e-07
1.3854198e-07
1.3849504e-07
1.3846505e-07
1.384125e-07
1.3836319e-07
1.3831845e-07
1.3824432e-07
1.3820213e-07
1.381137e-07
1.3807902e-07
1.380435e-07
1.3802495e-07
1.3798285e-07
1.3796041e-07
1.3791825e-07
1.3789649e-07
1.3785409e-07
1.3782891e-07
1.3777922e-07
1.3775455e-07
1.3770454e-07
1.376804e-07
1.3762362e-07
1.3759559e-07
1.3754034e-07
1.3750706e-07
1.3745513e-07
1.3740975e-07
1.373579e-07
1.3731169e-07
1.3726105e-07
1.3720541e-07
1.3715173e-07
1.3709524e-07
1.3704256e-07
1.3697736e-07
1.3692027e-07
1.3685527e-07
1.3679801e-07
1.3672275e-07
1.3666228e-07
1.3658827e-07
1.3652394e-07
1.364403e-07
1.3637468e-07
1.3629261e-07
1.3621505e-07
1.3613084e-07
1.3605203e-07
1.359625e-07
1.3587475e-07
1.3578616e-07
1.3569306e-07
1.3559489e-07
1.3550117e-07
1.3539899e-07
1.3529421e-07
1.3519226e-07
1.3508086e-07
1.3497017e-07
1.3485801e-07
1.3473818e-07
1.3461959e-07
1.3449988e-07
1.3436598e-07
1.342464e-07
1.3410473e-07
1.3397746e-07
1.3383328e-07
1.336943e-07
1.3354652e-07
1.3340109e-07
1.3324448e-07
1.3309702e-07
1.3292719e-07
1.3976293e-07
1.3976357e-07
1.3975944e-07
1.3975718e-07
1.3975378e-07
1.3975161e-07
1.3974778e-07
1.3974571e-07
1.3974007e-07
1.3973873e-07
1.3973424e-07
1.3972458e-07
1.3971461e-07
1.3970591e-07
1.3970039e-07
1.3969364e-07
1.3968668e-07
1.3968115e-07
1.3967417e-07
1.3965721e-07
1.396485e-07
1.3962728e-07
1.396258e-07
1.3960398e-07
1.3958802e-07
1.3957341e-07
1.395546e-07
1.395335e-07
1.3951176e-07
1.394781e-07
1.3945564e-07
1.3943317e-07
1.3939242e-07
1.3936648e-07
1.3932802e-07
1.3929319e-07
1.392432e-07
1.3920785e-07
1.3915343e-07
1.3910305e-07
1.3905406e-07
1.3898375e-07
1.3893595e-07
1.3885322e-07
1.3881375e-07
1.3878035e-07
1.387596e-07
1.3871802e-07
1.3869384e-07
1.3865173e-07
1.3862876e-07
1.3858635e-07
1.3855977e-07
1.3850884e-07
1.384833e-07
1.3843219e-07
1.3840776e-07
1.3834908e-07
1.3832037e-07
1.3826165e-07
1.3823145e-07
1.3817581e-07
1.3813122e-07
1.380762e-07
1.3803147e-07
1.3797816e-07
1.3792293e-07
1.3786631e-07
1.3781063e-07
1.3775582e-07
1.3768986e-07
1.376306e-07
1.3756485e-07
1.3750649e-07
1.3742805e-07
1.3736699e-07
1.3728973e-07
1.3722525e-07
1.3713585e-07
1.3707104e-07
1.3698319e-07
1.3690494e-07
1.3681419e-07
1.3673544e-07
1.3663812e-07
1.365491e-07
1.364532e-07
1.3635801e-07
1.3625093e-07
1.3615511e-07
1.3604395e-07
1.3593442e-07
1.3582453e-07
1.3570678e-07
1.3558692e-07
1.3546847e-07
1.3533781e-07
1.3521196e-07
1.3508171e-07
1.3493763e-07
1.3480759e-07
1.3465488e-07
1.345151e-07
1.3436044e-07
1.3420583e-07
1.3404781e-07
1.3388513e-07
1.3371689e-07
1.3355207e-07
1.3336768e-07
1.4059306e-07
1.4059186e-07
1.4059458e-07
1.4059474e-07
1.4059562e-07
1.4059469e-07
1.4059383e-07
1.4059286e-07
1.4058991e-07
1.4059089e-07
1.4058647e-07
1.4057556e-07
1.4056841e-07
1.4056102e-07
1.4055621e-07
1.4055144e-07
1.4054635e-07
1.4054302e-07
1.405341e-07
1.4051484e-07
1.4050664e-07
1.4048897e-07
1.4048447e-07
1.4046996e-07
1.4045518e-07
1.4043629e-07
1.4041792e-07
1.4039863e-07
1.4038014e-07
1.4034992e-07
1.4033791e-07
1.4031064e-07
1.4027842e-07
1.4025343e-07
1.402147e-07
1.4018823e-07
1.401358e-07
1.4010845e-07
1.4005388e-07
1.400084e-07
1.3995781e-07
1.3989209e-07
1.3983992e-07
1.397609e-07
1.3971749e-07
1.3968562e-07
1.3966314e-07
1.3962181e-07
1.395956e-07
1.3955384e-07
1.3952954e-07
1.3948769e-07
1.3945961e-07
1.3940787e-07
1.3938154e-07
1.3932991e-07
1.3930542e-07
1.3924513e-07
1.3921576e-07
1.391521e-07
1.3912938e-07
1.3906647e-07
1.3902482e-07
1.389636e-07
1.3892286e-07
1.3886328e-07
1.3881084e-07
1.3874705e-07
1.3869475e-07
1.3863343e-07
1.3856886e-07
1.3850294e-07
1.3843842e-07
1.3837476e-07
1.3829445e-07
1.3822868e-07
1.3814962e-07
1.380807e-07
1.3798688e-07
1.3791837e-07
1.3782669e-07
1.3774254e-07
1.3764752e-07
1.3756377e-07
1.3746064e-07
1.3736562e-07
1.3726393e-07
1.3716297e-07
1.3704701e-07
1.3694699e-07
1.3682567e-07
1.3671004e-07
1.3659046e-07
1.364655e-07
1.3633421e-07
1.3620871e-07
1.3606518e-07
1.3593023e-07
1.3578893e-07
1.3563049e-07
1.354913e-07
1.353215e-07
1.351716e-07
1.3499921e-07
1.3483163e-07
1.3465528e-07
1.3447819e-07
1.3428951e-07
1.3411015e-07
1.3390178e-07
1.4166507e-07
1.4166541e-07
1.4166267e-07
1.4166094e-07
1.4165852e-07
1.4165671e-07
1.4165406e-07
1.416523e-07
1.4164794e-07
1.4164828e-07
1.4164114e-07
1.4163114e-07
1.4162316e-07
1.4161609e-07
1.416131e-07
1.4160739e-07
1.4160247e-07
1.416003e-07
1.4158605e-07
1.4156878e-07
1.4156083e-07
1.415434e-07
1.4154503e-07
1.4153001e-07
1.4151015e-07
1.4149076e-07
1.4147135e-07
1.4145792e-07
1.414377e-07
1.4141008e-07
1.4139215e-07
1.4136017e-07
1.4133301e-07
1.4129764e-07
1.4126342e-07
1.4123556e-07
1.411798e-07
1.4115333e-07
1.4109685e-07
1.4104861e-07
1.4099729e-07
1.4093338e-07
1.4087518e-07
1.4080454e-07
1.4075589e-07
1.4072778e-07
1.4070331e-07
1.4066401e-07
1.4063564e-07
1.4059598e-07
1.4057062e-07
1.4053102e-07
1.4050174e-07
1.4045036e-07
1.4042378e-07
1.4037288e-07
1.4034913e-07
1.4028816e-07
1.4025876e-07
1.4019482e-07
1.4017363e-07
1.4010845e-07
1.4006855e-07
1.4000463e-07
1.3996641e-07
1.3990485e-07
1.3985343e-07
1.3978646e-07
1.3973691e-07
1.3967263e-07
1.3960951e-07
1.3953952e-07
1.3947757e-07
1.3941107e-07
1.3932988e-07
1.3926207e-07
1.3918243e-07
1.3911236e-07
1.3901417e-07
1.3894606e-07
1.3885108e-07
1.3876412e-07
1.3866605e-07
1.3857992e-07
1.3847326e-07
1.3837278e-07
1.3826976e-07
1.3816193e-07
1.3804191e-07
1.3793617e-07
1.3780987e-07
1.376856e-07
1.3756141e-07
1.3742734e-07
1.3728726e-07
1.3715505e-07
1.3699826e-07
1.3685598e-07
1.3670184e-07
1.3653036e-07
1.3637919e-07
1.3619397e-07
1.3602904e-07
1.3584156e-07
1.3565336e-07
1.354621e-07
1.3526102e-07
1.3505526e-07
1.3485038e-07
1.3462082e-07
1.4285266e-07
1.428519e-07
1.4285351e-07
1.4285351e-07
1.4285399e-07
1.4285313e-07
1.4285238e-07
1.4285124e-07
1.4284911e-07
1.4284992e-07
1.4284379e-07
1.4283384e-07
1.4282777e-07
1.428238e-07
1.428211e-07
1.4281563e-07
1.4281415e-07
1.42811e-07
1.4279525e-07
1.4278038e-07
1.4277199e-07
1.427607e-07
1.4276415e-07
1.4274561e-07
1.4272577e-07
1.4270665e-07
1.4269321e-07
1.4268364e-07
1.4266489e-07
1.4263499e-07
1.4261693e-07
1.4259455e-07
1.4257078e-07
1.4253351e-07
1.4251128e-07
1.4248571e-07
1.424283e-07
1.4241308e-07
1.4235491e-07
1.4231132e-07
1.4226935e-07
1.4220451e-07
1.4215178e-07
1.4209035e-07
1.4203752e-07
1.4201491e-07
1.4198851e-07
1.4195306e-07
1.4192203e-07
1.4188672e-07
1.4186006e-07
1.4182513e-07
1.4179459e-07
1.4174527e-07
1.4171892e-07
1.4167058e-07
1.4164855e-07
1.4158832e-07
1.4155963e-07
1.4149646e-07
1.414785e-07
1.4141117e-07
1.4137787e-07
1.413088e-07
1.4127792e-07
1.412133e-07
1.4116592e-07
1.4109589e-07
1.4105128e-07
1.4098531e-07
1.4092467e-07
1.4085169e-07
1.4079404e-07
1.4072589e-07
1.4064506e-07
1.4057596e-07
1.40498e-07
1.4042764e-07
1.4032589e-07
1.402604e-07
1.4016243e-07
1.4007531e-07
1.3997286e-07
1.398894e-07
1.3977598e-07
1.3967548e-07
1.3956802e-07
1.3945878e-07
1.3933085e-07
1.3922476e-07
1.3909083e-07
1.3896058e-07
1.3883123e-07
1.3868934e-07
1.3853921e-07
1.3840256e-07
1.3822918e-07
1.3808266e-07
1.3791139e-07
1.3772922e-07
1.3756023e-07
1.3736333e-07
1.3717397e-07
1.3697713e-07
1.3675506e-07
1.365546e-07
1.3631572e-07
1.3609484e-07
1.3585341e-07
1.3559725e-07
1.4435056e-07
1.4435074e-07
1.4434928e-07
1.4434825e-07
1.443468e-07
1.4434556e-07
1.4434396e-07
1.4434265e-07
1.4434001e-07
1.4434057e-07
1.4433265e-07
1.4432429e-07
1.4431995e-07
1.4431621e-07
1.4431351e-07
1.4430971e-07
1.4430876e-07
1.4430374e-07
1.4428683e-07
1.4427497e-07
1.4426942e-07
1.4426125e-07
1.4426606e-07
1.4424477e-07
1.4422507e-07
1.4421088e-07
1.442013e-07
1.4419627e-07
1.4417264e-07
1.4414247e-07
1.4413276e-07
1.4411587e-07
1.44088e-07
1.4404985e-07
1.4404201e-07
1.440051e-07
1.4395451e-07
1.4394589e-07
1.4388335e-07
1.4385216e-07
1.4381198e-07
1.4374591e-07
1.4370552e-07
1.4364671e-07
1.4359361e-07
1.4357715e-07
1.4355105e-07
1.435208e-07
1.434878e-07
1.434598e-07
1.4343217e-07
1.4340617e-07
1.4337436e-07
1.4333023e-07
1.433048e-07
1.4326225e-07
1.4324378e-07
1.431867e-07
1.4316015e-07
1.4310036e-07
1.4308839e-07
1.4302503e-07
1.4299354e-07
1.4292496e-07
1.4290549e-07
1.4283798e-07
1.4280152e-07
1.4272668e-07
1.4269345e-07
1.4262627e-07
1.4257378e-07
1.4249835e-07
1.4245119e-07
1.4238414e-07
1.4230752e-07
1.4224054e-07
1.4216942e-07
1.421027e-07
1.4200115e-07
1.4194261e-07
1.418479e-07
1.4176272e-07
1.4166227e-07
1.4158581e-07
1.4147074e-07
1.4137453e-07
1.4126812e-07
1.4116356e-07
1.4103013e-07
1.4093184e-07
1.4079397e-07
1.4066169e-07
1.4053544e-07
1.4038602e-07
1.4023599e-07
1.4009276e-07
1.3991574e-07
1.3975687e-07
1.3958854e-07
1.3937807e-07
1.3921515e-07
1.3898747e-07
1.387922e-07
1.3857174e-07
1.3832328e-07
1.3810465e-07
1.3782612e-07
1.3758331e-07
1.3729596e-07
1.3700514e-07
1.4613951e-07
1.4613908e-07
1.4613994e-07
1.461399e-07
1.4614023e-07
1.4613972e-07
1.4613939e-07
1.4613855e-07
1.4613769e-07
1.4613779e-07
1.4613199e-07
1.4612645e-07
1.4612364e-07
1.4612179e-07
1.4612045e-07
1.4611783e-07
1.4611762e-07
1.461115e-07
1.4609807e-07
1.4609157e-07
1.4608784e-07
1.4608347e-07
1.4608785e-07
1.4606511e-07
1.4605218e-07
1.4604269e-07
1.4603991e-07
1.4603441e-07
1.460089e-07
1.4599019e-07
1.4598846e-07
1.4597374e-07
1.4594324e-07
1.4592279e-07
1.4592101e-07
1.4588128e-07
1.458509e-07
1.4584874e-07
1.4579121e-07
1.4577767e-07
1.4573873e-07
1.4568762e-07
1.456649e-07
1.4560968e-07
1.455685e-07
1.4556014e-07
1.4554097e-07
1.4551504e-07
1.4548536e-07
1.4546657e-07
1.4544235e-07
1.4543041e-07
1.4539747e-07
1.4536353e-07
1.4533987e-07
1.4530995e-07
1.4529767e-07
1.4524764e-07
1.4522537e-07
1.4517465e-07
1.4517323e-07
1.451183e-07
1.4509082e-07
1.4503222e-07
1.4502026e-07
1.449656e-07
1.4493328e-07
1.4486542e-07
1.4484797e-07
1.44787e-07
1.4474823e-07
1.4467316e-07
1.4464957e-07
1.4458517e-07
1.4452285e-07
1.4446035e-07
1.4440969e-07
1.4435051e-07
1.4425665e-07
1.4421435e-07
1.4413313e-07
1.4405455e-07
1.4396798e-07
1.4390759e-07
1.4380099e-07
1.4371655e-07
1.4362506e-07
1.43536e-07
1.4340225e-07
1.4333326e-07
1.4319312e-07
1.4307902e-07
1.4296051e-07
1.4282691e-07
1.4267432e-07
1.4255741e-07
1.4236955e-07
1.4222706e-07
1.4207178e-07
1.4183483e-07
1.4171131e-07
1.4143563e-07
1.412705e-07
1.4102052e-07
1.4075702e-07
1.4052895e-07
1.4020118e-07
1.3994965e-07
1.3959e-07
1.3925636e-07
1.4843279e-07
1.4843295e-07
1.4843251e-07
1.4843225e-07
1.4843183e-07
1.4843144e-07
1.48431e-07
1.4843068e-07
1.4843002e-07
1.4842987e-07
1.4842642e-07
1.4842373e-07
1.4842286e-07
1.4842213e-07
1.4842115e-07
1.4842016e-07
1.4841968e-07
1.4841558e-07
1.4840884e-07
1.4840654e-07
1.4840523e-07
1.4840364e-07
1.4840458e-07
1.4839137e-07
1.4838606e-07
1.4838325e-07
1.4838306e-07
1.4837667e-07
1.4836256e-07
1.4835702e-07
1.4835755e-07
1.4834449e-07
1.4832942e-07
1.4832429e-07
1.4832068e-07
1.4829463e-07
1.4828793e-07
1.4827994e-07
1.482502e-07
1.4824667e-07
1.4822012e-07
1.4819801e-07
1.4818666e-07
1.4815019e-07
1.4813348e-07
1.481341e-07
1.481229e-07
1.4810127e-07
1.4808577e-07
1.4807656e-07
1.480677e-07
1.4806609e-07
1.4803765e-07
1.4802063e-07
1.4800536e-07
1.4799919e-07
1.4799023e-07
1.4795885e-07
1.4794198e-07
1.4792171e-07
1.4792856e-07
1.4788938e-07
1.4786672e-07
1.478384e-07
1.4783776e-07
1.4780963e-07
1.477804e-07
1.4774565e-07
1.4774252e-07
1.4770971e-07
1.4767868e-07
1.4763518e-07
1.476377e-07
1.4758863e-07
1.4755211e-07
1.4751136e-07
1.4750143e-07
1.4745083e-07
1.473924e-07
1.473804e-07
1.4733053e-07
1.4727049e-07
1.4722939e-07
1.4719641e-07
1.4712327e-07
1.470682e-07
1.470293e-07
1.4695914e-07
1.4686951e-07
1.4685059e-07
1.4673448e-07
1.4667275e-07
1.4659613e-07
1.4650945e-07
1.4638584e-07
1.4635879e-07
1.4614695e-07
1.461468e-07
1.4594852e-07
1.458354e-07
1.4569712e-07
1.4545193e-07
1.4545767e-07
1.4512105e-07
1.4502731e-07
1.4470417e-07
1.4455237e-07
1.4411222e-07
1.4372409e-07
1.4315958e-07
1.2222776e-14
1.2231625e-14
1.2258247e-14
1.2277269e-14
1.2299086e-14
1.2258363e-14
1.2224095e-14
1.2215272e-14
1.2231509e-14
1.224337e-14
1.2201724e-14
1.2163976e-14
1.2170415e-14
1.2177681e-14
1.2154951e-14
1.2101275e-14
1.2059651e-14
1.2087527e-14
1.2056271e-14
1.2015457e-14
1.2066725e-14
1.2017962e-14
1.1980336e-14
1.192376e-14
1.1902298e-14
1.1843569e-14
1.1749196e-14
1.1682828e-14
1.1655316e-14
1.1558863e-14
1.1480834e-14
1.1379635e-14
1.1269271e-14
1.1163802e-14
1.1103306e-14
1.1034355e-14
1.0904499e-14
1.0786994e-14
1.0718968e-14
1.0543377e-14
1.0388994e-14
1.023577e-14
1.005489e-14
9.7874059e-15
9.6058064e-15
9.3285383e-15
9.1104942e-15
8.8937753e-15
8.7575404e-15
8.6030294e-15
8.3924812e-15
8.3055473e-15
8.0953601e-15
8.0256438e-15
7.8858993e-15
7.8824913e-15
7.7322586e-15
7.7783972e-15
7.7841338e-15
7.8321101e-15
8.0638587e-15
8.1655165e-15
8.2861835e-15
8.6588624e-15
9.3231947e-15
9.6386108e-15
1.0268596e-14
1.1445709e-14
1.4264781e-14
3.6768881e-14
2.5911788e-12
2.5930846e-12
2.5987242e-12
2.6027677e-12
2.6073903e-12
2.5987758e-12
2.5915317e-12
2.589659e-12
2.5931066e-12
2.5956181e-12
2.5868047e-12
2.5788206e-12
2.580193e-12
2.5817176e-12
2.5769204e-12
2.56556e-12
2.5567514e-12
2.5626584e-12
2.5560451e-12
2.5474097e-12
2.5582807e-12
2.547961e-12
2.5400108e-12
2.5280296e-12
2.5234617e-12
2.5110409e-12
2.4909552e-12
2.4770711e-12
2.4712823e-12
2.4506422e-12
2.4346053e-12
2.4121683e-12
2.3894596e-12
2.3669129e-12
2.3542431e-12
2.3394796e-12
2.3121841e-12
2.2870472e-12
2.2729991e-12
2.2353171e-12
2.2029086e-12
2.1699498e-12
2.1321184e-12
2.0753871e-12
2.0369097e-12
1.9781298e-12
1.931924e-12
1.8859968e-12
1.8571168e-12
1.82435e-12
1.7797272e-12
1.76131e-12
1.7167462e-12
1.7019762e-12
1.6723459e-12
1.6716267e-12
1.6397831e-12
1.6495645e-12
1.6507622e-12
1.6609266e-12
1.7100358e-12
1.7315519e-12
1.7570935e-12
1.8360846e-12
1.9767908e-12
2.0435819e-12
2.1769405e-12
2.4259733e-12
3.0210983e-12
7.5523129e-12
7.215067e-11
7.2205652e-11
7.2360213e-11
7.2473699e-11
7.2600772e-11
7.2364466e-11
7.2165491e-11
7.2111541e-11
7.220778e-11
7.2275773e-11
7.2033726e-11
7.1814109e-11
7.1850337e-11
7.1892172e-11
7.1759174e-11
7.1445985e-11
7.1203199e-11
7.1364971e-11
7.1183073e-11
7.094496e-11
7.1244651e-11
7.0959773e-11
7.0740858e-11
7.0406633e-11
7.0279954e-11
6.9934145e-11
6.9376506e-11
6.8996015e-11
6.883584e-11
6.825803e-11
6.7828319e-11
6.7173499e-11
6.6564501e-11
6.5934004e-11
6.5585263e-11
6.5171322e-11
6.4416386e-11
6.3717009e-11
6.3333772e-11
6.2273389e-11
6.1381755e-11
6.0456788e-11
5.9417097e-11
5.7839273e-11
5.6770085e-11
5.5135272e-11
5.3853098e-11
5.2576207e-11
5.1772554e-11
5.0859111e-11
4.9618589e-11
4.910715e-11
4.7867261e-11
4.7456884e-11
4.6632305e-11
4.6612699e-11
4.5726561e-11
4.5999535e-11
4.6028469e-11
4.6310634e-11
4.7673296e-11
4.8264415e-11
4.8972572e-11
5.116164e-11
5.5055933e-11
5.6897661e-11
6.0581814e-11
6.74313e-11
8.3756833e-11
2.0163429e-10
7.5789109e-10
7.5853783e-10
7.6004667e-10
7.6126295e-10
7.6252013e-10
7.6019297e-10
7.5822578e-10
7.5758159e-10
7.5859324e-10
7.5921433e-10
7.5681968e-10
7.5463647e-10
7.5491816e-10
7.5533669e-10
7.5394659e-10
7.5079718e-10
7.4836262e-10
7.49935e-10
7.481184e-10
7.4572333e-10
7.487188e-10
7.4582802e-10
7.4362938e-10
7.4008461e-10
7.3878855e-10
7.351534e-10
7.2944281e-10
7.2558837e-10
7.2390763e-10
7.1788945e-10
7.1368092e-10
7.0646542e-10
7.0040265e-10
6.9388473e-10
6.902905e-10
6.8589481e-10
6.7807882e-10
6.7088744e-10
6.6691408e-10
6.5574971e-10
6.4663878e-10
6.3696232e-10
6.2623097e-10
6.0981691e-10
5.9869075e-10
5.816317e-10
5.6838003e-10
5.5506609e-10
5.4665672e-10
5.3703127e-10
5.2409239e-10
5.1878178e-10
5.0582268e-10
5.0155171e-10
4.9292478e-10
4.9273963e-10
4.8345833e-10
4.8636729e-10
4.8647605e-10
4.8939723e-10
5.0352723e-10
5.0935398e-10
5.1666111e-10
5.3927778e-10
5.7915694e-10
5.9762449e-10
6.3532295e-10
7.0422411e-10
8.6841448e-10
1.9887581e-09
4.5402449e-09
4.5452126e-09
4.5525487e-09
4.5600371e-09
4.5663767e-09
4.5548109e-09
4.5450689e-09
4.540187e-09
4.5461496e-09
4.5484285e-09
4.5363381e-09
4.525321e-09
4.5255887e-09
4.5276968e-09
4.5194657e-09
4.5028543e-09
4.4902124e-09
4.497731e-09
4.4882549e-09
4.4756743e-09
4.4912128e-09
4.4754282e-09
4.4639061e-09
4.442332e-09
4.4350738e-09
4.4135379e-09
4.3817441e-09
4.3608359e-09
4.3507373e-09
4.3162189e-09
4.2938579e-09
4.2503325e-09
4.2162293e-09
4.1799872e-09
4.159576e-09
4.1324122e-09
4.0878952e-09
4.0469222e-09
4.0232685e-09
3.9583183e-09
3.9076785e-09
3.8507261e-09
3.7888347e-09
3.6937897e-09
3.6291657e-09
3.529255e-09
3.4536988e-09
3.3759439e-09
3.3263257e-09
3.2684626e-09
3.192575e-09
3.1618834e-09
3.0856128e-09
3.0607517e-09
3.0098324e-09
3.0090933e-09
2.9541088e-09
2.9721417e-09
2.9698899e-09
2.9864407e-09
3.0680539e-09
3.0968881e-09
3.13796e-09
3.2674367e-09
3.4903906e-09
3.5865709e-09
3.7967786e-09
4.1673231e-09
5.0597452e-09
1.0806837e-08
1.813531e-08
1.8163477e-08
1.8182095e-08
1.8212079e-08
1.8229227e-08
1.8198551e-08
1.8175654e-08
1.815105e-08
1.817346e-08
1.8172625e-08
1.8138853e-08
1.8111062e-08
1.8103934e-08
1.8108799e-08
1.8076555e-08
1.8025961e-08
1.799099e-08
1.8008811e-08
1.797966e-08
1.7943422e-08
1.7989059e-08
1.7935587e-08
1.7902474e-08
1.781614e-08
1.7790593e-08
1.7707472e-08
1.7598369e-08
1.7531768e-08
1.7492474e-08
1.7367626e-08
1.729622e-08
1.713041e-08
1.7007151e-08
1.6885785e-08
1.6814477e-08
1.6702056e-08
1.6541226e-08
1.6395107e-08
1.6302089e-08
1.6061847e-08
1.5889398e-08
1.5674892e-08
1.5446427e-08
1.5095994e-08
1.4856523e-08
1.4478531e-08
1.4208591e-08
1.3917913e-08
1.3728509e-08
1.3498336e-08
1.3209027e-08
1.3096503e-08
1.2805365e-08
1.2712931e-08
1.2517371e-08
1.2517801e-08
1.2304682e-08
1.2381699e-08
1.2353453e-08
1.240935e-08
1.271218e-08
1.2782474e-08
1.2919081e-08
1.33909e-08
1.4170535e-08
1.4445026e-08
1.5166585e-08
1.63827e-08
1.9389546e-08
3.6501719e-08
5.1611272e-08
5.1723728e-08
5.1747094e-08
5.1827574e-08
5.184927e-08
5.1809362e-08
5.1806705e-08
5.172954e-08
5.1786417e-08
5.1750809e-08
5.1697673e-08
5.1682018e-08
5.1642882e-08
5.1641794e-08
5.1551495e-08
5.1460334e-08
5.142291e-08
5.1438147e-08
5.1379467e-08
5.1331787e-08
5.1408818e-08
5.1283485e-08
5.1239499e-08
5.1003847e-08
5.0943056e-08
5.0720385e-08
5.0474312e-08
5.0351703e-08
5.025068e-08
4.9946797e-08
4.9809299e-08
4.9386865e-08
4.9082725e-08
4.8829916e-08
4.8675781e-08
4.8353202e-08
4.7955705e-08
4.7615818e-08
4.7363373e-08
4.6759547e-08
4.6385552e-08
4.5847689e-08
4.5277062e-08
4.4410177e-08
4.3816405e-08
4.283975e-08
4.2208316e-08
4.1482478e-08
4.0994453e-08
4.0356543e-08
3.9595044e-08
3.9321831e-08
3.8563729e-08
3.8335351e-08
3.7821463e-08
3.7838848e-08
3.726925e-08
3.7509665e-08
3.7369932e-08
3.7474597e-08
3.8241676e-08
3.8274091e-08
3.852128e-08
3.9681184e-08
4.1507345e-08
4.1870803e-08
4.3463101e-08
4.6103849e-08
5.294975e-08
8.7257004e-08
1.1160542e-07
1.1192347e-07
1.1194283e-07
1.1209823e-07
1.1209836e-07
1.1208186e-07
1.1221316e-07
1.1206357e-07
1.1217304e-07
1.1203635e-07
1.1197896e-07
1.1208382e-07
1.1199279e-07
1.1195804e-07
1.1176025e-07
1.1165362e-07
1.117123e-07
1.1170188e-07
1.1160331e-07
1.1162277e-07
1.1170645e-07
1.1146456e-07
1.1147729e-07
1.1101265e-07
1.1090356e-07
1.1045245e-07
1.1003929e-07
1.0992188e-07
1.0974411e-07
1.0919198e-07
1.0903212e-07
1.0825335e-07
1.0768645e-07
1.0733664e-07
1.0713405e-07
1.0645943e-07
1.0570704e-07
1.0514736e-07
1.046462e-07
1.0350709e-07
1.0294719e-07
1.0198794e-07
1.0094082e-07
9.9379124e-08
9.8318109e-08
9.6451203e-08
9.5406398e-08
9.4117106e-08
9.3217803e-08
9.1910633e-08
9.0408347e-08
8.9936543e-08
8.8494227e-08
8.8096867e-08
8.71104e-08
8.7192103e-08
8.6071716e-08
8.6642491e-08
8.6268247e-08
8.6339425e-08
8.7779094e-08
8.7522949e-08
8.7652449e-08
8.9727479e-08
9.2929053e-08
9.2853188e-08
9.5247774e-08
9.9567903e-08
1.1133246e-07
1.6234762e-07
1.985428e-07
1.9932577e-07
1.9938091e-07
1.9962533e-07
1.9957911e-07
1.9959149e-07
2.0003657e-07
1.9986006e-07
2.0004812e-07
1.9973811e-07
1.9965087e-07
2.000501e-07
1.9994532e-07
1.9984229e-07
1.9947056e-07
1.9936484e-07
1.9969016e-07
1.9967554e-07
1.9949855e-07
1.9972218e-07
1.9981215e-07
1.9936677e-07
1.9954693e-07
1.9882194e-07
1.9865678e-07
1.9788813e-07
1.9727451e-07
1.9728819e-07
1.9706422e-07
1.9621196e-07
1.9612313e-07
1.9496816e-07
1.9405993e-07
1.9370822e-07
1.9358907e-07
1.924687e-07
1.9122232e-07
1.9048156e-07
1.8968264e-07
1.8784926e-07
1.8718744e-07
1.8584028e-07
1.842546e-07
1.8194359e-07
1.8041418e-07
1.7744973e-07
1.7605581e-07
1.7424923e-07
1.7294846e-07
1.7077464e-07
1.6827522e-07
1.6761503e-07
1.6537399e-07
1.6483366e-07
1.6329277e-07
1.6352019e-07
1.6171846e-07
1.6282083e-07
1.6219656e-07
1.6205552e-07
1.643123e-07
1.6352225e-07
1.6300815e-07
1.660126e-07
1.7090048e-07
1.6968347e-07
1.7077646e-07
1.7649162e-07
1.9087095e-07
2.6764159e-07
3.0653009e-07
3.0803273e-07
3.0839876e-07
3.0868149e-07
3.0859515e-07
3.085127e-07
3.0977479e-07
3.0988008e-07
3.1016338e-07
3.0957827e-07
3.0923562e-07
3.1041746e-07
3.1057044e-07
3.1029724e-07
3.095887e-07
3.0942424e-07
3.1051656e-07
3.106822e-07
3.1024498e-07
3.1106557e-07
3.1124023e-07
3.1030029e-07
3.1096237e-07
3.1007438e-07
3.0981234e-07
3.0858544e-07
3.076109e-07
3.0814509e-07
3.0805614e-07
3.0682177e-07
3.0704098e-07
3.0578941e-07
3.0427734e-07
3.041994e-07
3.0470611e-07
3.0311337e-07
3.0099136e-07
3.0020101e-07
2.9914768e-07
2.963337e-07
2.9579364e-07
2.9448121e-07
2.9238377e-07
2.8944842e-07
2.8770241e-07
2.8339285e-07
2.8189526e-07
2.8012052e-07
2.7875284e-07
2.7555047e-07
2.7145301e-07
2.7068898e-07
2.6765866e-07
2.6713519e-07
2.6498008e-07
2.6559571e-07
2.630039e-07
2.6501067e-07
2.6462643e-07
2.6352427e-07
2.6669242e-07
2.6531204e-07
2.6224922e-07
2.6524063e-07
2.729684e-07
2.6950455e-07
2.6983347e-07
2.7867877e-07
3.0008869e-07
4.1223837e-07
4.4365812e-07
4.4596063e-07
4.4695531e-07
4.4737918e-07
4.4736711e-07
4.4696184e-07
4.4893762e-07
4.496371e-07
4.5020146e-07
4.4947802e-07
4.4862114e-07
4.5047334e-07
4.5119518e-07
4.5091432e-07
4.4983362e-07
4.4936405e-07
4.5117427e-07
4.5185569e-07
4.5109702e-07
4.5247872e-07
4.5300913e-07
4.5145079e-07
4.5247283e-07
4.5158254e-07
4.5128936e-07
4.4954716e-07
4.4794419e-07
4.4889558e-07
4.490914e-07
4.4738188e-07
4.4786857e-07
4.4650884e-07
4.4430536e-07
4.4428112e-07
4.4553838e-07
4.4371887e-07
4.4046486e-07
4.394555e-07
4.3822201e-07
4.3408288e-07
4.3328763e-07
4.3202428e-07
4.2933283e-07
4.2549673e-07
4.2341721e-07
4.1741091e-07
4.1534513e-07
4.134545e-07
4.1212855e-07
4.0797205e-07
4.0184572e-07
4.0068069e-07
3.9654416e-07
3.9592736e-07
3.9299812e-07
3.9399812e-07
3.9044613e-07
3.933584e-07
3.9374364e-07
3.9218104e-07
3.9673934e-07
3.9574616e-07
3.9072364e-07
3.938903e-07
4.0594097e-07
4.0215813e-07
4.0215375e-07
4.1566583e-07
4.4828075e-07
5.8134464e-07
6.1429012e-07
6.1746257e-07
6.1947673e-07
6.2019233e-07
6.2041706e-07
6.1944745e-07
6.2204462e-07
6.2373513e-07
6.2483414e-07
6.2416788e-07
6.2252186e-07
6.2495227e-07
6.2660952e-07
6.2654648e-07
6.2509619e-07
6.2405541e-07
6.2655709e-07
6.2815562e-07
6.2705769e-07
6.2902986e-07
6.3018664e-07
6.2791671e-07
6.2920601e-07
6.2851699e-07
6.2831254e-07
6.2602851e-07
6.2350755e-07
6.2479676e-07
6.2547578e-07
6.2324415e-07
6.2397918e-07
6.2257745e-07
6.1963764e-07
6.195323e-07
6.2162704e-07
6.1972773e-07
6.1529186e-07
6.1393777e-07
6.1255695e-07
6.0688966e-07
6.0558477e-07
6.0428638e-07
6.0100606e-07
5.9613351e-07
5.9367145e-07
5.8574612e-07
5.8284497e-07
5.8070531e-07
5.7952738e-07
5.7452137e-07
5.6617016e-07
5.6441938e-07
5.5891855e-07
5.5815494e-07
5.5438334e-07
5.5579214e-07
5.5115619e-07
5.5501663e-07
5.5637652e-07
5.5495997e-07
5.6129918e-07
5.6121931e-07
5.550295e-07
5.5870511e-07
5.7585983e-07
5.7291379e-07
5.742438e-07
5.9331499e-07
6.4009552e-07
7.8230173e-07
8.2170672e-07
8.2569014e-07
8.287644e-07
8.2996272e-07
8.305409e-07
8.2895108e-07
8.3200507e-07
8.3473977e-07
8.36586e-07
8.361563e-07
8.337087e-07
8.3657539e-07
8.3920588e-07
8.3955383e-07
8.3785426e-07
8.3616939e-07
8.3923943e-07
8.4188964e-07
8.4055559e-07
8.4310163e-07
8.4499152e-07
8.4205517e-07
8.4352926e-07
8.4303583e-07
8.430598e-07
8.4026399e-07
8.367541e-07
8.3825912e-07
8.394436e-07
8.3669179e-07
8.3761161e-07
8.3558908e-07
8.3250895e-07
8.3230254e-07
8.3441263e-07
8.3175334e-07
8.2693411e-07
8.2543415e-07
8.2350278e-07
8.1667627e-07
8.1524293e-07
8.1287377e-07
8.0884643e-07
8.0290115e-07
7.9968909e-07
7.9011153e-07
7.8687743e-07
7.8356489e-07
7.8174022e-07
7.7540517e-07
7.6609872e-07
7.6415552e-07
7.5719744e-07
7.563647e-07
7.5207277e-07
7.5374036e-07
7.479879e-07
7.5297308e-07
7.5329469e-07
7.5335561e-07
7.6124458e-07
7.5961165e-07
7.5514826e-07
7.6208662e-07
7.8028491e-07
7.7550211e-07
7.8482901e-07
8.0193213e-07
8.6087393e-07
1.0220404e-06
1.0668074e-06
1.0713367e-06
1.0735977e-06
1.0754338e-06
1.0758591e-06
1.0745239e-06
1.0781574e-06
1.0801132e-06
1.0824423e-06
1.0817735e-06
1.0796921e-06
1.0831223e-06
1.0851077e-06
1.0854652e-06
1.0837946e-06
1.0824112e-06
1.0860206e-06
1.0883049e-06
1.0870629e-06
1.0900847e-06
1.0920311e-06
1.0887079e-06
1.0904714e-06
1.0890471e-06
1.0892256e-06
1.085849e-06
1.0824243e-06
1.084293e-06
1.0850673e-06
1.0817864e-06
1.082948e-06
1.0805539e-06
1.0767822e-06
1.076772e-06
1.0797099e-06
1.0770762e-06
1.0709778e-06
1.0691788e-06
1.0670959e-06
1.0583536e-06
1.0563956e-06
1.053744e-06
1.0490532e-06
1.0419794e-06
1.0384544e-06
1.0265805e-06
1.0223188e-06
1.0187242e-06
1.0172776e-06
1.0100405e-06
9.9831868e-07
9.9572089e-07
9.869373e-07
9.8605979e-07
9.808672e-07
9.8317063e-07
9.7602319e-07
9.8242489e-07
9.8378665e-07
9.8458962e-07
9.9517237e-07
9.9430674e-07
9.8965599e-07
9.9777882e-07
1.0221146e-06
1.0184321e-06
1.0302346e-06
1.0524051e-06
1.124554e-06
1.3059629e-06
1.3433499e-06
1.3488984e-06
1.3522757e-06
1.3549042e-06
1.3558982e-06
1.3538242e-06
1.3580777e-06
1.3611826e-06
1.364611e-06
1.3644224e-06
1.3615121e-06
1.3655762e-06
1.3686615e-06
1.3696157e-06
1.3678918e-06
1.3657993e-06
1.3702284e-06
1.3738279e-06
1.3723701e-06
1.376311e-06
1.3792241e-06
1.3750639e-06
1.377116e-06
1.3758926e-06
1.3764724e-06
1.3725123e-06
1.3680296e-06
1.370244e-06
1.3715855e-06
1.3676583e-06
1.3691508e-06
1.3667969e-06
1.3623805e-06
1.3622208e-06
1.3663463e-06
1.3640074e-06
1.3565983e-06
1.3544316e-06
1.3522645e-06
1.3414126e-06
1.338367e-06
1.3355663e-06
1.330174e-06
1.321853e-06
1.3180582e-06
1.3036558e-06
1.2979477e-06
1.2939949e-06
1.2931251e-06
1.2851526e-06
1.2708765e-06
1.2674827e-06
1.2564984e-06
1.2555654e-06
1.2493244e-06
1.2523987e-06
1.2436285e-06
1.251402e-06
1.254309e-06
1.2559941e-06
1.2702097e-06
1.2706842e-06
1.2663136e-06
1.2762068e-06
1.3082666e-06
1.3063278e-06
1.3211534e-06
1.3493502e-06
1.4359765e-06
1.6381065e-06
1.66297e-06
1.669466e-06
1.6741795e-06
1.6778264e-06
1.679657e-06
1.6767543e-06
1.6814594e-06
1.6859114e-06
1.6907401e-06
1.6913805e-06
1.6876367e-06
1.6922328e-06
1.6966089e-06
1.6984398e-06
1.6968602e-06
1.6940008e-06
1.6991641e-06
1.7044306e-06
1.7028302e-06
1.7078198e-06
1.7118866e-06
1.7069369e-06
1.709221e-06
1.7083459e-06
1.7094938e-06
1.7050127e-06
1.6994169e-06
1.7018325e-06
1.7038415e-06
1.6992471e-06
1.7010321e-06
1.6988393e-06
1.6938848e-06
1.6934038e-06
1.6988041e-06
1.6970684e-06
1.6883832e-06
1.6857922e-06
1.6836078e-06
1.6705247e-06
1.6658946e-06
1.6628754e-06
1.6567101e-06
1.6469967e-06
1.6429664e-06
1.6258339e-06
1.6181839e-06
1.6137187e-06
1.6135762e-06
1.6050826e-06
1.5881737e-06
1.5838941e-06
1.5702995e-06
1.5692996e-06
1.5618078e-06
1.5658056e-06
1.5551378e-06
1.5642901e-06
1.5691035e-06
1.5717651e-06
1.5904939e-06
1.5931763e-06
1.5890179e-06
1.6018004e-06
1.6432467e-06
1.6435822e-06
1.6621772e-06
1.697347e-06
1.7995976e-06
2.0220636e-06
2.0304178e-06
2.0376359e-06
2.0439175e-06
2.0488057e-06
2.0517638e-06
2.0480324e-06
2.0529109e-06
2.0588837e-06
2.0654275e-06
2.0673032e-06
2.0628287e-06
2.067802e-06
2.0736355e-06
2.0766486e-06
2.0754708e-06
2.0718973e-06
2.0776046e-06
2.0849714e-06
2.0832948e-06
2.0894786e-06
2.094863e-06
2.0892489e-06
2.0916952e-06
2.0913406e-06
2.0932197e-06
2.0883249e-06
2.0816938e-06
2.0840705e-06
2.0868449e-06
2.0815788e-06
2.0835793e-06
2.0816675e-06
2.0763479e-06
2.0753456e-06
2.0820526e-06
2.0812534e-06
2.0713642e-06
2.0683238e-06
2.0661796e-06
2.0508318e-06
2.0440807e-06
2.0407045e-06
2.0336418e-06
2.0223509e-06
2.0180975e-06
1.9980699e-06
1.987931e-06
1.9827063e-06
1.983358e-06
1.9746155e-06
1.9549922e-06
1.9498138e-06
1.9332062e-06
1.93213e-06
1.9231325e-06
1.9282246e-06
1.9153285e-06
1.925844e-06
1.9328057e-06
1.9365525e-06
1.9604442e-06
1.9663744e-06
1.9623073e-06
1.9789307e-06
2.0314323e-06
2.034237e-06
2.0582999e-06
2.1013015e-06
2.2197374e-06
2.4613379e-06
2.45098e-06
2.4585464e-06
2.4666143e-06
2.4729305e-06
2.477315e-06
2.4728295e-06
2.47753e-06
2.4851726e-06
2.4937374e-06
2.4972816e-06
2.4923089e-06
2.4974222e-06
2.5048962e-06
2.5093781e-06
2.5089136e-06
2.5048445e-06
2.5107296e-06
2.520785e-06
2.5190557e-06
2.5265948e-06
2.5334349e-06
2.5273672e-06
2.5298826e-06
2.5302527e-06
2.5329951e-06
2.5278489e-06
2.5204088e-06
2.5224735e-06
2.5260638e-06
2.5201504e-06
2.522246e-06
2.5207218e-06
2.5152807e-06
2.5135329e-06
2.5215191e-06
2.521983e-06
2.5109752e-06
2.5075233e-06
2.5054645e-06
2.4879047e-06
2.4784997e-06
2.4745588e-06
2.4664141e-06
2.4533015e-06
2.4487996e-06
2.4257523e-06
2.4125558e-06
2.4062213e-06
2.4076209e-06
2.3988775e-06
2.376523e-06
2.3704492e-06
2.3504913e-06
2.349342e-06
2.3385352e-06
2.3449113e-06
2.3293963e-06
2.3412567e-06
2.3504357e-06
2.3553911e-06
2.3848117e-06
2.3950045e-06
2.3912306e-06
2.4120501e-06
2.4773757e-06
2.4827097e-06
2.5139336e-06
2.566615e-06
2.7002407e-06
2.9596308e-06
2.9304463e-06
2.9380656e-06
2.9477192e-06
2.9558127e-06
2.9618353e-06
2.9567247e-06
2.9608732e-06
2.970321e-06
2.9812394e-06
2.9867944e-06
2.9816612e-06
2.9866566e-06
2.995968e-06
3.002198e-06
3.0027751e-06
2.9985685e-06
3.0041518e-06
3.0176703e-06
3.015814e-06
3.0248823e-06
3.0332951e-06
3.0270629e-06
3.029559e-06
3.0308596e-06
3.0345579e-06
3.0293779e-06
3.0214973e-06
3.0229636e-06
3.0274005e-06
3.0209055e-06
3.0229084e-06
3.0218699e-06
3.0166169e-06
3.013884e-06
3.0230688e-06
3.0250673e-06
3.0130758e-06
3.0092835e-06
3.0073298e-06
2.9876817e-06
2.9751671e-06
2.9703858e-06
2.9609097e-06
2.9456555e-06
2.940825e-06
2.9146647e-06
2.8978652e-06
2.8899566e-06
2.8919224e-06
2.8833631e-06
2.8583293e-06
2.8513284e-06
2.8277895e-06
2.8265933e-06
2.8136393e-06
2.8215073e-06
2.8029237e-06
2.8161308e-06
2.8273737e-06
2.8336751e-06
2.8687032e-06
2.8840589e-06
2.8810342e-06
2.9060815e-06
2.9854241e-06
2.993519e-06
3.0336113e-06
3.0976179e-06
3.2456828e-06
3.5216293e-06
3.4752099e-06
3.4824112e-06
3.4933427e-06
3.5034384e-06
3.5112757e-06
3.5056764e-06
3.5090674e-06
3.5201979e-06
3.5339796e-06
3.541713e-06
3.5368203e-06
3.5414298e-06
3.5528309e-06
3.5610767e-06
3.5630131e-06
3.5591199e-06
3.5639757e-06
3.5817203e-06
3.5796308e-06
3.5904149e-06
3.6005186e-06
3.5944486e-06
3.5968552e-06
3.5992913e-06
3.6039763e-06
3.5990637e-06
3.5912242e-06
3.5918244e-06
3.5971279e-06
3.590189e-06
3.5918168e-06
3.5913521e-06
3.5866722e-06
3.582701e-06
3.5929581e-06
3.5966765e-06
3.5838725e-06
3.5798453e-06
3.5779904e-06
3.5564092e-06
3.540471e-06
3.5345178e-06
3.5234166e-06
3.5056045e-06
3.5002906e-06
3.4709405e-06
3.4500709e-06
3.4399907e-06
3.4422008e-06
3.4339071e-06
3.4062954e-06
3.3983072e-06
3.371048e-06
3.3698594e-06
3.3544059e-06
3.3639881e-06
3.3418376e-06
3.3563867e-06
3.3693757e-06
3.3771243e-06
3.4175927e-06
3.4388356e-06
3.4371402e-06
3.4664601e-06
3.5594766e-06
3.5712532e-06
3.622761e-06
3.6981138e-06
3.861231e-06
4.1517749e-06
4.0921263e-06
4.0982459e-06
4.1102375e-06
4.1220066e-06
4.1319635e-06
4.1260562e-06
4.1287525e-06
4.1411668e-06
4.1581331e-06
4.1683518e-06
4.1640223e-06
4.1682426e-06
4.1815681e-06
4.1923832e-06
4.1958841e-06
4.1928043e-06
4.1966974e-06
4.2192782e-06
4.2168657e-06
4.2295602e-06
4.241513e-06
4.235911e-06
4.2381956e-06
4.241953e-06
4.2475809e-06
4.2433722e-06
4.2360964e-06
4.2356086e-06
4.2418126e-06
4.2346174e-06
4.2355603e-06
4.2357303e-06
4.2320718e-06
4.2266011e-06
4.2377807e-06
4.2432733e-06
4.2298682e-06
4.2257312e-06
4.2239407e-06
4.2005578e-06
4.1811139e-06
4.17359e-06
4.1605601e-06
4.1396548e-06
4.1336131e-06
4.1010056e-06
4.0757488e-06
4.0627155e-06
4.0647313e-06
4.05664e-06
4.0266003e-06
4.0175107e-06
3.9864656e-06
3.9853658e-06
3.9670688e-06
3.9785904e-06
3.952348e-06
3.9681816e-06
3.9825394e-06
3.9917279e-06
4.0374007e-06
4.0648743e-06
4.065167e-06
4.0989802e-06
4.2023009e-06
4.2216033e-06
4.287079e-06
4.3714092e-06
4.5539037e-06
4.8536413e-06
4.7876647e-06
4.7925597e-06
4.8053175e-06
4.818203e-06
4.8305323e-06
4.8246169e-06
4.8267828e-06
4.8401765e-06
4.8600236e-06
4.873328e-06
4.8697234e-06
4.8738035e-06
4.8887193e-06
4.9027853e-06
4.9077391e-06
4.9060927e-06
4.9090577e-06
4.9371566e-06
4.9338225e-06
4.9490631e-06
4.9627566e-06
4.9579975e-06
4.9601981e-06
4.9654129e-06
4.9718921e-06
4.9689891e-06
4.962744e-06
4.961016e-06
4.9682124e-06
4.9610116e-06
4.9609485e-06
4.9617831e-06
4.9596464e-06
4.9524151e-06
4.9643715e-06
4.9715179e-06
4.957773e-06
4.953654e-06
4.951891e-06
4.9267116e-06
4.9039341e-06
4.8944447e-06
4.8792317e-06
4.8545293e-06
4.847423e-06
4.8115018e-06
4.7817435e-06
4.7647673e-06
4.7660592e-06
4.7579257e-06
4.7256549e-06
4.7152898e-06
4.6804225e-06
4.679506e-06
4.6580511e-06
4.6717135e-06
4.6408655e-06
4.6578725e-06
4.6732653e-06
4.6837815e-06
4.734365e-06
4.7679134e-06
4.7709094e-06
4.8097967e-06
4.9206703e-06
4.9482967e-06
5.0305817e-06
5.1213711e-06
5.326273e-06
5.6316275e-06
5.5683702e-06
5.5723481e-06
5.585755e-06
5.5989966e-06
5.614115e-06
5.6081021e-06
5.6100867e-06
5.6243867e-06
5.6463411e-06
5.6633943e-06
5.660534e-06
5.6649439e-06
5.6811261e-06
5.6988045e-06
5.7051858e-06
5.7055102e-06
5.7079718e-06
5.7420207e-06
5.7373607e-06
5.7553127e-06
5.7708883e-06
5.7672605e-06
5.7694948e-06
5.7762904e-06
5.7838332e-06
5.7824218e-06
5.7777561e-06
5.7749331e-06
5.7829586e-06
5.7762434e-06
5.7748665e-06
5.7763991e-06
5.776274e-06
5.767052e-06
5.7796791e-06
5.7881395e-06
5.7743879e-06
5.7703796e-06
5.7685304e-06
5.7415502e-06
5.7157744e-06
5.7040545e-06
5.6863915e-06
5.6571107e-06
5.6484484e-06
5.6091858e-06
5.5749278e-06
5.5530163e-06
5.55291e-06
5.544273e-06
5.5100149e-06
5.4981556e-06
5.4593945e-06
5.4587425e-06
5.4338641e-06
5.4497914e-06
5.4138914e-06
5.4319923e-06
5.447988e-06
5.4597823e-06
5.515051e-06
5.5537746e-06
5.5603541e-06
5.6045705e-06
5.7213707e-06
5.756655e-06
5.8570353e-06
5.9523705e-06
6.18072e-06
6.4881198e-06
6.4411731e-06
6.4445622e-06
6.4586916e-06
6.4714354e-06
6.4896819e-06
6.4835077e-06
6.485504e-06
6.5010696e-06
6.5238213e-06
6.5454891e-06
6.5431147e-06
6.5483391e-06
6.565588e-06
6.5868971e-06
6.5948183e-06
6.5977726e-06
6.6002248e-06
6.6402116e-06
6.6341013e-06
6.654581e-06
6.672394e-06
6.6700399e-06
6.6726256e-06
6.6810708e-06
6.6902874e-06
6.6899804e-06
6.6875171e-06
6.6839661e-06
6.6925663e-06
6.6870428e-06
6.6841094e-06
6.6863812e-06
6.6886604e-06
6.6773509e-06
6.6905564e-06
6.6997652e-06
6.6864318e-06
6.6825349e-06
6.6803974e-06
6.6516966e-06
6.6233304e-06
6.6092777e-06
6.5888306e-06
6.5543068e-06
6.5433549e-06
6.5007881e-06
6.4620988e-06
6.434344e-06
6.4320514e-06
6.4222109e-06
6.3862528e-06
6.3726746e-06
6.3298444e-06
6.3294815e-06
6.300992e-06
6.3191258e-06
6.2778952e-06
6.2968668e-06
6.3131152e-06
6.3261475e-06
6.3858753e-06
6.428748e-06
6.4392302e-06
6.4889578e-06
6.6106271e-06
6.6527322e-06
6.7705787e-06
6.8694133e-06
7.1198836e-06
7.4259804e-06
7.4126593e-06
7.4157963e-06
7.4308995e-06
7.4423693e-06
7.4639255e-06
7.4577181e-06
7.4595478e-06
7.4771353e-06
7.4991367e-06
7.5262273e-06
7.5239314e-06
7.5304207e-06
7.5487677e-06
7.5732745e-06
7.5828101e-06
7.5895323e-06
7.5919381e-06
7.6375221e-06
7.6302115e-06
7.6527555e-06
7.6733459e-06
7.6721648e-06
7.6758363e-06
7.6858603e-06
7.6972936e-06
7.6978757e-06
7.6979552e-06
7.69427e-06
7.7035855e-06
7.699493e-06
7.6951476e-06
7.6981702e-06
7.7030563e-06
7.6897602e-06
7.7036409e-06
7.7127258e-06
7.7003014e-06
7.6963224e-06
7.6936757e-06
7.6634867e-06
7.6329536e-06
7.6164896e-06
7.5930311e-06
7.5528312e-06
7.5385124e-06
7.4928164e-06
7.4497777e-06
7.4154326e-06
7.4100991e-06
7.3981183e-06
7.3607773e-06
7.3453083e-06
7.2980746e-06
7.2979127e-06
7.2657695e-06
7.2856671e-06
7.2391887e-06
7.2584335e-06
7.2750497e-06
7.2891035e-06
7.3528097e-06
7.3991217e-06
7.4132224e-06
7.4681718e-06
7.5943836e-06
7.6425756e-06
7.7754578e-06
7.8780664e-06
8.1462205e-06
8.4480961e-06
8.4886248e-06
8.4918722e-06
8.5083113e-06
8.5180592e-06
8.5428013e-06
8.5368729e-06
8.5382146e-06
8.5587398e-06
8.5783913e-06
8.6115168e-06
8.6088485e-06
8.6170099e-06
8.63654e-06
8.663551e-06
8.674988e-06
8.6864904e-06
8.6879289e-06
8.7388242e-06
8.7310429e-06
8.7549269e-06
8.7789982e-06
8.7788804e-06
8.7845503e-06
8.7961736e-06
8.809801e-06
8.8116921e-06
8.8139195e-06
8.8113513e-06
8.8217504e-06
8.8188353e-06
8.8138055e-06
8.8177575e-06
8.8248654e-06
8.8103419e-06
8.8245667e-06
8.8333286e-06
8.8212502e-06
8.8171255e-06
8.8139059e-06
8.7827247e-06
8.7503503e-06
8.7314222e-06
8.7047684e-06
8.6589594e-06
8.6396542e-06
8.5912921e-06
8.5439406e-06
8.5025025e-06
8.4932493e-06
8.4779894e-06
8.4395847e-06
8.4221745e-06
8.3700151e-06
8.3698084e-06
8.3342664e-06
8.3550243e-06
8.3035259e-06
8.3228398e-06
8.3393757e-06
8.3544256e-06
8.4214112e-06
8.4705142e-06
8.4877271e-06
8.5467706e-06
8.6790429e-06
8.7312373e-06
8.8753992e-06
8.9832171e-06
9.2615799e-06
9.558437e-06
9.6735354e-06
9.6772807e-06
9.6954062e-06
9.7036485e-06
9.7308308e-06
9.7259155e-06
9.7264327e-06
9.7506115e-06
9.7665235e-06
9.8058102e-06
9.8024746e-06
9.8125139e-06
9.8334102e-06
9.8622771e-06
9.8757216e-06
9.892744e-06
9.8918931e-06
9.9476436e-06
9.9406088e-06
9.9648586e-06
9.9932336e-06
9.9942654e-06
1.0002644e-05
1.0016087e-05
1.0031871e-05
1.0035744e-05
1.003964e-05
1.003938e-05
1.0051036e-05
1.0049218e-05
1.0044903e-05
1.0049568e-05
1.0058638e-05
1.004343e-05
1.0057594e-05
1.0067202e-05
1.0053188e-05
1.004905e-05
1.0045603e-05
1.0014347e-05
9.9802155e-06
9.9587317e-06
9.9287564e-06
9.8778763e-06
9.8517032e-06
9.8014167e-06
9.7496683e-06
9.7009937e-06
9.6869112e-06
9.6671146e-06
9.6279449e-06
9.6087055e-06
9.5509335e-06
9.5503057e-06
9.512207e-06
9.5323584e-06
9.4756428e-06
9.4950017e-06
9.5111923e-06
9.5272386e-06
9.5964665e-06
9.6474601e-06
9.6674231e-06
9.7297494e-06
9.8678712e-06
9.9233287e-06
1.007432e-05
1.0189563e-05
1.0462103e-05
1.0764201e-05
1.0969683e-05
1.097434e-05
1.0994443e-05
1.1001862e-05
1.1030642e-05
1.1027815e-05
1.1027061e-05
1.1054973e-05
1.1066529e-05
1.1110914e-05
1.1107468e-05
1.1119172e-05
1.1141792e-05
1.1172017e-05
1.1187268e-05
1.120979e-05
1.1205188e-05
1.126531e-05
1.1260758e-05
1.1283994e-05
1.1317727e-05
1.132045e-05
1.1331722e-05
1.1347681e-05
1.1365592e-05
1.1372075e-05
1.1378538e-05
1.1379984e-05
1.1393956e-05
1.1393406e-05
1.1390793e-05
1.1396347e-05
1.1407008e-05
1.139187e-05
1.1405046e-05
1.1417057e-05
1.1399492e-05
1.1394417e-05
1.1391815e-05
1.1361943e-05
1.1325656e-05
1.1301492e-05
1.1268215e-05
1.1213085e-05
1.1178587e-05
1.1126981e-05
1.1070691e-05
1.1015205e-05
1.0995176e-05
1.0969758e-05
1.0929967e-05
1.0909184e-05
1.0845106e-05
1.0843677e-05
1.0802924e-05
1.082201e-05
1.0759788e-05
1.0779014e-05
1.0794634e-05
1.0811507e-05
1.0881634e-05
1.0933094e-05
1.095595e-05
1.102004e-05
1.1162659e-05
1.1221638e-05
1.1373048e-05
1.1497902e-05
1.175319e-05
1.2065376e-05
1.2376086e-05
1.2382017e-05
1.2404401e-05
1.2411935e-05
1.244168e-05
1.2442361e-05
1.2439222e-05
1.2469933e-05
1.2476731e-05
1.2525502e-05
1.2523076e-05
1.253593e-05
1.2560576e-05
1.259142e-05
1.2608721e-05
1.2635094e-05
1.2603905e-05
1.2689978e-05
1.2690356e-05
1.2710341e-05
1.2751125e-05
1.2756752e-05
1.2770851e-05
1.2790266e-05
1.2809259e-05
1.282045e-05
1.2829673e-05
1.2832657e-05
1.2849679e-05
1.2851098e-05
1.2850569e-05
1.2857713e-05
1.2869671e-05
1.285566e-05
1.2867023e-05
1.2883014e-05
1.2863362e-05
1.285539e-05
1.2851869e-05
1.2826257e-05
1.2787517e-05
1.2760639e-05
1.2724418e-05
1.2665866e-05
1.2622743e-05
1.2569658e-05
1.2508859e-05
1.2447714e-05
1.2420141e-05
1.2388863e-05
1.2348017e-05
1.2326152e-05
1.225539e-05
1.2252677e-05
1.2209129e-05
1.2226634e-05
1.2158956e-05
1.2177708e-05
1.2192644e-05
1.220952e-05
1.2279545e-05
1.2330548e-05
1.2355083e-05
1.2421466e-05
1.256451e-05
1.262879e-05
1.2774462e-05
1.290805e-05
1.3142862e-05
1.3459391e-05
1.3886874e-05
1.3894392e-05
1.3919515e-05
1.3928056e-05
1.3958729e-05
1.3964058e-05
1.3933982e-05
1.3950222e-05
1.3942919e-05
1.4042999e-05
1.4043356e-05
1.4056546e-05
1.4082944e-05
1.4113388e-05
1.4133458e-05
1.4117143e-05
1.406534e-05
1.4193004e-05
1.4223659e-05
1.4186544e-05
1.4288136e-05
1.4298209e-05
1.4315044e-05
1.4338849e-05
1.4358894e-05
1.437566e-05
1.4388485e-05
1.4393214e-05
1.4413904e-05
1.4418573e-05
1.4419744e-05
1.4429564e-05
1.4442668e-05
1.4430976e-05
1.4440225e-05
1.4459858e-05
1.444077e-05
1.4430139e-05
1.4425469e-05
1.4403579e-05
1.4362939e-05
1.4333766e-05
1.4295654e-05
1.4234476e-05
1.4183551e-05
1.4129317e-05
1.4063982e-05
1.3998526e-05
1.3961915e-05
1.3926209e-05
1.3881912e-05
1.3859878e-05
1.3782499e-05
1.3777944e-05
1.3731372e-05
1.3747039e-05
1.3674458e-05
1.3692142e-05
1.3706769e-05
1.3720954e-05
1.379105e-05
1.384088e-05
1.3865746e-05
1.3932251e-05
1.4073422e-05
1.4143472e-05
1.4277386e-05
1.4420259e-05
1.4631402e-05
1.4942263e-05
1.5489102e-05
1.5498558e-05
1.5527209e-05
1.5537239e-05
1.556985e-05
1.556429e-05
1.5414828e-05
1.5441455e-05
1.5433867e-05
1.5548027e-05
1.5598753e-05
1.5592767e-05
1.560677e-05
1.5625603e-05
1.568831e-05
1.5640126e-05
1.5584332e-05
1.5719381e-05
1.5780942e-05
1.5715404e-05
1.5886298e-05
1.5933933e-05
1.5953186e-05
1.598247e-05
1.6004321e-05
1.6026932e-05
1.6044858e-05
1.6051699e-05
1.6076924e-05
1.6086104e-05
1.6088635e-05
1.6102343e-05
1.6117181e-05
1.6109092e-05
1.6116877e-05
1.6140196e-05
1.6123872e-05
1.6112338e-05
1.6109381e-05
1.6086352e-05
1.6045875e-05
1.601708e-05
1.5975284e-05
1.5912366e-05
1.5856892e-05
1.5800677e-05
1.5731111e-05
1.5662832e-05
1.5616107e-05
1.5578487e-05
1.5528773e-05
1.5507502e-05
1.542428e-05
1.5417419e-05
1.5367874e-05
1.5381546e-05
1.5305744e-05
1.5321109e-05
1.5337436e-05
1.5348309e-05
1.5414286e-05
1.5461271e-05
1.5484575e-05
1.554861e-05
1.5686337e-05
1.5761085e-05
1.5878704e-05
1.6026736e-05
1.6215171e-05
1.6511516e-05
1.7159949e-05
1.7171614e-05
1.7205125e-05
1.7205892e-05
1.7252848e-05
1.7153162e-05
1.6948558e-05
1.6985321e-05
1.6978668e-05
1.7086055e-05
1.7140643e-05
1.7061076e-05
1.7088602e-05
1.7113255e-05
1.7195407e-05
1.718627e-05
1.7148553e-05
1.7289806e-05
1.7357493e-05
1.729821e-05
1.7467052e-05
1.7520682e-05
1.7551549e-05
1.7637652e-05
1.7659112e-05
1.7730143e-05
1.7781637e-05
1.7786792e-05
1.7821878e-05
1.7836418e-05
1.7803792e-05
1.785558e-05
1.7877743e-05
1.7874475e-05
1.7883488e-05
1.7910217e-05
1.7899189e-05
1.7889345e-05
1.7891739e-05
1.7868302e-05
1.7827668e-05
1.7799624e-05
1.775469e-05
1.7691562e-05
1.7632792e-05
1.7573766e-05
1.7501369e-05
1.74321e-05
1.7375585e-05
1.7339286e-05
1.7281346e-05
1.7262193e-05
1.7173499e-05
1.7164352e-05
1.7111402e-05
1.7123352e-05
1.7049023e-05
1.705782e-05
1.707248e-05
1.708112e-05
1.71429e-05
1.7185921e-05
1.7207241e-05
1.7263717e-05
1.7396964e-05
1.7473376e-05
1.7574776e-05
1.7720191e-05
1.7887347e-05
1.8162771e-05
1.8857806e-05
1.8834136e-05
1.8894778e-05
1.8862007e-05
1.8913107e-05
1.877118e-05
1.8558486e-05
1.8609453e-05
1.8596633e-05
1.8692985e-05
1.8675495e-05
1.85016e-05
1.8572376e-05
1.862012e-05
1.8712795e-05
1.8767335e-05
1.8753541e-05
1.8906664e-05
1.8977313e-05
1.8926092e-05
1.9078016e-05
1.9106348e-05
1.9136872e-05
1.9249081e-05
1.9275975e-05
1.9347482e-05
1.9451745e-05
1.946168e-05
1.9536965e-05
1.9564368e-05
1.9510076e-05
1.9557047e-05
1.9687484e-05
1.9678066e-05
1.9717961e-05
1.9749424e-05
1.9746213e-05
1.9740736e-05
1.9753917e-05
1.9730705e-05
1.9691279e-05
1.9664846e-05
1.9619225e-05
1.9557403e-05
1.9496578e-05
1.9437583e-05
1.935919e-05
1.9291915e-05
1.9226714e-05
1.9193952e-05
1.9126481e-05
1.911278e-05
1.9019309e-05
1.900833e-05
1.8951619e-05
1.8961336e-05
1.8888068e-05
1.8893381e-05
1.8904252e-05
1.8909612e-05
1.8965446e-05
1.9003428e-05
1.9021907e-05
1.9068643e-05
1.9195758e-05
1.9269139e-05
1.9355669e-05
1.9491469e-05
1.9638944e-05
1.9885125e-05
2.0481706e-05
2.0442885e-05
2.0516415e-05
2.0477999e-05
2.0519354e-05
2.0380783e-05
2.0237489e-05
2.0304242e-05
2.02769e-05
2.0364641e-05
2.0234432e-05
2.0057098e-05
2.0153303e-05
2.0199842e-05
2.0287138e-05
2.0403978e-05
2.0399744e-05
2.0556463e-05
2.063459e-05
2.057829e-05
2.0713258e-05
2.0720123e-05
2.0748911e-05
2.0870452e-05
2.0895872e-05
2.0950766e-05
2.1098117e-05
2.1109542e-05
2.1177628e-05
2.1265213e-05
2.1220969e-05
2.1267052e-05
2.1444592e-05
2.1457652e-05
2.15201e-05
2.1629057e-05
2.1635656e-05
2.1636153e-05
2.1661017e-05
2.1640884e-05
2.1612819e-05
2.1587251e-05
2.1543547e-05
2.1487216e-05
2.1425401e-05
2.1371862e-05
2.128763e-05
2.1225784e-05
2.1149853e-05
2.1120693e-05
2.1044474e-05
2.1036798e-05
2.0942755e-05
2.093099e-05
2.0870344e-05
2.0876497e-05
2.0807203e-05
2.0808722e-05
2.0815653e-05
2.0816853e-05
2.0865485e-05
2.0896163e-05
2.0912292e-05
2.0949076e-05
2.1065814e-05
2.1133965e-05
2.1205343e-05
2.132814e-05
2.1454477e-05
2.1666969e-05
2.1977625e-05
2.1937258e-05
2.2031116e-05
2.1999618e-05
2.2030238e-05
2.1937217e-05
2.1906547e-05
2.1995275e-05
2.1956109e-05
2.2025114e-05
2.185825e-05
2.1748713e-05
2.1852261e-05
2.1863752e-05
2.1925372e-05
2.2073268e-05
2.206421e-05
2.2206814e-05
2.2287063e-05
2.2199406e-05
2.2327409e-05
2.2335148e-05
2.2371553e-05
2.2506419e-05
2.252046e-05
2.2558359e-05
2.2735456e-05
2.2743999e-05
2.2791971e-05
2.2951421e-05
2.2934691e-05
2.3002955e-05
2.3198772e-05
2.3234665e-05
2.329735e-05
2.3509394e-05
2.3527136e-05
2.3536066e-05
2.3572681e-05
2.3560344e-05
2.3542151e-05
2.3533814e-05
2.3490421e-05
2.3448666e-05
2.3387405e-05
2.3345171e-05
2.3254709e-05
2.320435e-05
2.3118301e-05
2.3099389e-05
2.3012526e-05
2.3013556e-05
2.2912409e-05
2.2903363e-05
2.283838e-05
2.2843871e-05
2.2779109e-05
2.2779211e-05
2.2782114e-05
2.2779077e-05
2.2819467e-05
2.2842142e-05
2.2854902e-05
2.2882737e-05
2.2984278e-05
2.3046296e-05
2.3101592e-05
2.3209532e-05
2.3312092e-05
2.3492027e-05
2.3241724e-05
2.3241658e-05
2.3364523e-05
2.3342597e-05
2.3380117e-05
2.3385448e-05
2.3426255e-05
2.3541086e-05
2.3508652e-05
2.3544317e-05
2.3461348e-05
2.3411849e-05
2.3535489e-05
2.352085e-05
2.3550318e-05
2.3700006e-05
2.367788e-05
2.3791118e-05
2.3841677e-05
2.3737417e-05
2.3868757e-05
2.3893355e-05
2.394315e-05
2.4106634e-05
2.4110564e-05
2.4134113e-05
2.4343581e-05
2.435198e-05
2.4403185e-05
2.4615969e-05
2.4626875e-05
2.4721173e-05
2.4935756e-05
2.4989656e-05
2.5053473e-05
2.5288884e-05
2.5364636e-05
2.5385016e-05
2.5433377e-05
2.543404e-05
2.5428556e-05
2.5440099e-05
2.5404724e-05
2.5383624e-05
2.5328598e-05
2.5303384e-05
2.521683e-05
2.5190114e-05
2.5091187e-05
2.5089052e-05
2.4997135e-05
2.5008658e-05
2.489811e-05
2.4900786e-05
2.4826456e-05
2.4833737e-05
2.476908e-05
2.4772774e-05
2.4766236e-05
2.476203e-05
2.4793604e-05
2.4809795e-05
2.4817673e-05
2.4837516e-05
2.4921782e-05
2.4975041e-05
2.5014809e-05
2.5105396e-05
2.5183842e-05
2.5333165e-05
2.4153839e-05
2.4224762e-05
2.4382557e-05
2.4370988e-05
2.4456373e-05
2.4554199e-05
2.4635656e-05
2.4767724e-05
2.4759613e-05
2.4756058e-05
2.4826692e-05
2.4824e-05
2.497784e-05
2.4968467e-05
2.4974396e-05
2.5131451e-05
2.510703e-05
2.5194341e-05
2.5176982e-05
2.5129004e-05
2.5291309e-05
2.5332718e-05
2.5381277e-05
2.5585086e-05
2.559288e-05
2.5613358e-05
2.5863712e-05
2.5880326e-05
2.5968519e-05
2.6213167e-05
2.6243022e-05
2.6351153e-05
2.6586236e-05
2.6660946e-05
2.673683e-05
2.6979454e-05
2.7068292e-05
2.7100782e-05
2.7166866e-05
2.7185984e-05
2.7198608e-05
2.7233253e-05
2.7215557e-05
2.7222e-05
2.7183132e-05
2.7180379e-05
2.7106358e-05
2.7100952e-05
2.7018534e-05
2.7016377e-05
2.6952111e-05
2.6972148e-05
2.6854868e-05
2.6874506e-05
2.6786864e-05
2.6797262e-05
2.6734105e-05
2.6736635e-05
2.6723036e-05
2.6719936e-05
2.6742291e-05
2.6753207e-05
2.6756364e-05
2.6769241e-05
2.6836315e-05
2.6878446e-05
2.6904597e-05
2.6974698e-05
2.7031432e-05
2.7151967e-05
2.4565266e-05
2.4681712e-05
2.4879172e-05
2.4889686e-05
2.5037784e-05
2.5185115e-05
2.5310208e-05
2.5464154e-05
2.5494916e-05
2.5488749e-05
2.5676907e-05
2.5732224e-05
2.5926783e-05
2.5945505e-05
2.5942158e-05
2.613553e-05
2.6144961e-05
2.6241947e-05
2.6275838e-05
2.6273886e-05
2.6471182e-05
2.653586e-05
2.6580495e-05
2.6818999e-05
2.684555e-05
2.6902182e-05
2.7185663e-05
2.7215556e-05
2.7337689e-05
2.7608535e-05
2.7660403e-05
2.7779288e-05
2.8035285e-05
2.8136278e-05
2.8237404e-05
2.8455295e-05
2.8523522e-05
2.8584551e-05
2.8665894e-05
2.8710344e-05
2.8749394e-05
2.8811128e-05
2.8825088e-05
2.8866554e-05
2.8859983e-05
2.8883559e-05
2.8841893e-05
2.8850552e-05
2.8816226e-05
2.881119e-05
2.8772974e-05
2.8798323e-05
2.871991e-05
2.8745444e-05
2.8659298e-05
2.8673054e-05
2.861089e-05
2.8613736e-05
2.8598237e-05
2.8594455e-05
2.8606951e-05
2.8613229e-05
2.8612037e-05
2.8619095e-05
2.8669807e-05
2.8700813e-05
2.8713766e-05
2.8764213e-05
2.880064e-05
2.8894864e-05
2.4247871e-05
2.438446e-05
2.4613843e-05
2.4662077e-05
2.4849483e-05
2.5032364e-05
2.5206836e-05
2.5385078e-05
2.5466038e-05
2.5535345e-05
2.5783805e-05
2.5887089e-05
2.6120695e-05
2.6178257e-05
2.6221356e-05
2.6458707e-05
2.6531647e-05
2.666523e-05
2.6861439e-05
2.6917159e-05
2.7125505e-05
2.7217685e-05
2.7318076e-05
2.7579006e-05
2.7632119e-05
2.7743143e-05
2.8065201e-05
2.812022e-05
2.8266371e-05
2.8561944e-05
2.865563e-05
2.8794449e-05
2.9082203e-05
2.9216014e-05
2.9353808e-05
2.9470092e-05
2.9573787e-05
2.9668525e-05
2.9780996e-05
2.9860499e-05
2.9939995e-05
3.0033681e-05
3.0099539e-05
3.0184793e-05
3.0234258e-05
3.0289118e-05
3.0304311e-05
3.0331188e-05
3.0349844e-05
3.0361141e-05
3.0365629e-05
3.0392282e-05
3.0362218e-05
3.0390963e-05
3.0343759e-05
3.0371005e-05
3.0306375e-05
3.0305129e-05
3.0303166e-05
3.0305243e-05
3.0308165e-05
3.031522e-05
3.0309737e-05
3.0310868e-05
3.0345325e-05
3.0365527e-05
3.0366388e-05
3.039946e-05
3.0419245e-05
3.0486858e-05
2.2932986e-05
2.3087321e-05
2.3339583e-05
2.3432836e-05
2.3648247e-05
2.3854771e-05
2.4078345e-05
2.4272853e-05
2.4413922e-05
2.4562646e-05
2.4862733e-05
2.5008381e-05
2.5274203e-05
2.5371867e-05
2.5528273e-05
2.5801588e-05
2.5946788e-05
2.612751e-05
2.6417014e-05
2.6552066e-05
2.6803187e-05
2.6941946e-05
2.7139837e-05
2.744102e-05
2.7561256e-05
2.7711959e-05
2.808115e-05
2.8195625e-05
2.838961e-05
2.8716826e-05
2.8882486e-05
2.9058319e-05
2.9399176e-05
2.9548859e-05
2.9715435e-05
2.9858198e-05
3.0015276e-05
3.0155147e-05
3.0315153e-05
3.044059e-05
3.0582419e-05
3.0714025e-05
3.0859443e-05
3.0999659e-05
3.1136719e-05
3.1232338e-05
3.1332076e-05
3.1389898e-05
3.1477167e-05
3.1514254e-05
3.1585458e-05
3.16186e-05
3.1653478e-05
3.168058e-05
3.1700259e-05
3.1747474e-05
3.1710932e-05
3.1719584e-05
3.1721485e-05
3.17277e-05
3.1725715e-05
3.1737477e-05
3.1735501e-05
3.173396e-05
3.1753251e-05
3.1764852e-05
3.1757873e-05
3.1776969e-05
3.1784864e-05
3.1827255e-05
2.0451602e-05
2.0619109e-05
2.0882499e-05
2.1016446e-05
2.1251008e-05
2.1466769e-05
2.1731966e-05
2.1926296e-05
2.2135865e-05
2.2302833e-05
2.2641306e-05
2.2830662e-05
2.3124701e-05
2.3269195e-05
2.3517391e-05
2.3815846e-05
2.4048957e-05
2.4254904e-05
2.4601543e-05
2.4803631e-05
2.5105959e-05
2.5314685e-05
2.5593446e-05
2.5931561e-05
2.616152e-05
2.6367527e-05
2.6789681e-05
2.6991754e-05
2.7265196e-05
2.7633346e-05
2.7906067e-05
2.8139954e-05
2.8556879e-05
2.8822314e-05
2.9113604e-05
2.9362146e-05
2.9595719e-05
2.9792468e-05
3.002159e-05
3.0202708e-05
3.043605e-05
3.0612952e-05
3.087283e-05
3.1082198e-05
3.1345299e-05
3.1496958e-05
3.1714006e-05
3.1820283e-05
3.2002741e-05
3.2076284e-05
3.2238933e-05
3.2297421e-05
3.2403167e-05
3.2449024e-05
3.2547687e-05
3.2582092e-05
3.2639698e-05
3.2694731e-05
3.2703187e-05
3.271755e-05
3.2691499e-05
3.2711378e-05
3.2705458e-05
3.2725376e-05
3.2738614e-05
3.2750853e-05
3.2744949e-05
3.2756001e-05
3.2757444e-05
3.2778806e-05
1.6929555e-05
1.7089086e-05
1.73406e-05
1.7491251e-05
1.7727017e-05
1.7926256e-05
1.8214594e-05
1.8385163e-05
1.8648228e-05
1.880289e-05
1.914888e-05
1.9356514e-05
1.9660818e-05
1.9842364e-05
2.0132573e-05
2.0418271e-05
2.0732562e-05
2.0947152e-05
2.1333131e-05
2.1582627e-05
2.1920558e-05
2.2182762e-05
2.2529345e-05
2.2875077e-05
2.3214976e-05
2.3474329e-05
2.394533e-05
2.4234422e-05
2.4601812e-05
2.5002066e-05
2.5400669e-05
2.5700043e-05
2.6205016e-05
2.6557845e-05
2.6977071e-05
2.7376498e-05
2.7872184e-05
2.8112682e-05
2.8599351e-05
2.8845408e-05
2.9204697e-05
2.9434478e-05
2.9849483e-05
3.0144641e-05
3.0578069e-05
3.0804598e-05
3.1179357e-05
3.135308e-05
3.1667856e-05
3.1792513e-05
3.207136e-05
3.2170433e-05
3.239139e-05
3.246382e-05
3.2656538e-05
3.2701497e-05
3.2831515e-05
3.2901804e-05
3.3020149e-05
3.3037666e-05
3.3060919e-05
3.3079984e-05
3.3099928e-05
3.3113856e-05
3.3126471e-05
3.3153206e-05
3.3151698e-05
3.3157063e-05
3.3154216e-05
3.3159111e-05
1.2846577e-05
1.2977146e-05
1.320224e-05
1.3341937e-05
1.3564797e-05
1.3726427e-05
1.4016178e-05
1.4145704e-05
1.4433505e-05
1.4559229e-05
1.4892226e-05
1.5087758e-05
1.5383864e-05
1.5568554e-05
1.5874187e-05
1.6112091e-05
1.6468554e-05
1.6662218e-05
1.7056772e-05
1.7315037e-05
1.7667626e-05
1.7940266e-05
1.8330809e-05
1.8645689e-05
1.9058583e-05
1.9332232e-05
1.9823546e-05
2.0151201e-05
2.0590017e-05
2.0979254e-05
2.1477798e-05
2.1808479e-05
2.2380796e-05
2.277953e-05
2.3313556e-05
2.3736314e-05
2.4358223e-05
2.4692193e-05
2.5360085e-05
2.5849818e-05
2.6421436e-05
2.6813644e-05
2.7429336e-05
2.7826992e-05
2.8480495e-05
2.8799332e-05
2.9380903e-05
2.9639327e-05
3.013382e-05
3.0322659e-05
3.0771009e-05
3.0916996e-05
3.127482e-05
3.139283e-05
3.169699e-05
3.1814031e-05
3.1991163e-05
3.2134288e-05
3.2278959e-05
3.2397368e-05
3.2537493e-05
3.2571758e-05
3.2646479e-05
3.2594874e-05
3.2625259e-05
3.2657461e-05
3.2687498e-05
3.2697457e-05
3.2693146e-05
3.2687014e-05
7.9608851e-06
8.0856771e-06
8.3387147e-06
8.4878972e-06
8.7637745e-06
8.8917087e-06
9.2331874e-06
9.342813e-06
9.7130309e-06
9.8312774e-06
1.0191115e-05
1.0375664e-05
1.0719441e-05
1.0912585e-05
1.1297643e-05
1.1468439e-05
1.1906422e-05
1.2081883e-05
1.2500588e-05
1.2758658e-05
1.3146045e-05
1.3355686e-05
1.3727917e-05
1.3950928e-05
1.4362084e-05
1.4578596e-05
1.5032801e-05
1.5314097e-05
1.5761914e-05
1.6070508e-05
1.6597426e-05
1.6888587e-05
1.7467414e-05
1.7834524e-05
1.8419773e-05
1.8799119e-05
1.9470501e-05
1.9829302e-05
2.0539414e-05
2.1021499e-05
2.1757356e-05
2.2188258e-05
2.3212778e-05
2.3726803e-05
2.4648351e-05
2.5074473e-05
2.591e-05
2.6270309e-05
2.6987395e-05
2.7257086e-05
2.7923862e-05
2.8122892e-05
2.8664994e-05
2.8847587e-05
2.9277258e-05
2.9490299e-05
2.974972e-05
2.9986389e-05
3.0179915e-05
3.0376731e-05
3.0565033e-05
3.0674294e-05
3.0826473e-05
3.0840372e-05
3.0897608e-05
3.0917639e-05
3.0957997e-05
3.0983248e-05
3.0982978e-05
3.095161e-05
3.5480285e-06
3.5860723e-06
3.6739007e-06
3.725743e-06
3.824731e-06
3.8847307e-06
4.0226446e-06
4.0705645e-06
4.2671573e-06
4.2727375e-06
4.5070887e-06
4.5440908e-06
4.7813383e-06
4.8434783e-06
5.1131383e-06
5.1811408e-06
5.5177967e-06
5.5561709e-06
5.923737e-06
6.013468e-06
6.3910607e-06
6.5028472e-06
6.9467279e-06
7.054806e-06
7.5509443e-06
7.6964653e-06
8.2050025e-06
8.4106769e-06
8.9711142e-06
9.1797882e-06
9.8163416e-06
1.0076354e-05
1.0722201e-05
1.10365e-05
1.1747469e-05
1.2060476e-05
1.2819552e-05
1.3213951e-05
1.3985114e-05
1.4379468e-05
1.5281183e-05
1.5666605e-05
1.6773356e-05
1.7390199e-05
1.8621188e-05
1.9165273e-05
2.0300625e-05
2.0780739e-05
2.1767693e-05
2.2138546e-05
2.3057592e-05
2.3338582e-05
2.4079715e-05
2.438867e-05
2.494565e-05
2.5278961e-05
2.5643408e-05
2.6008963e-05
2.6254754e-05
2.6570686e-05
2.6802353e-05
2.7001157e-05
2.7193474e-05
2.7357812e-05
2.7500605e-05
2.7581653e-05
2.7735286e-05
2.7760603e-05
2.7758311e-05
2.7790413e-05
1.6498481e-06
1.6799444e-06
1.7435225e-06
1.7920421e-06
1.8641899e-06
1.9922812e-06
1.9935626e-06
2.0275733e-06
2.067058e-06
2.1456595e-06
2.2335258e-06
2.4042557e-06
2.3949442e-06
2.4836602e-06
2.4959979e-06
2.6692959e-06
2.7472864e-06
2.978062e-06
3.0113499e-06
3.1629488e-06
3.1767305e-06
3.3235578e-06
3.3456602e-06
3.4784662e-06
3.562951e-06
3.6719812e-06
3.8267182e-06
3.9557927e-06
4.1667889e-06
4.2831525e-06
4.5928981e-06
4.6578195e-06
5.0562909e-06
5.1114068e-06
5.6257378e-06
5.666821e-06
6.2656467e-06
6.3585564e-06
6.9947391e-06
7.1562459e-06
7.9361478e-06
8.0723869e-06
9.1329895e-06
9.4763063e-06
1.0761266e-05
1.1173796e-05
1.2428213e-05
1.2898783e-05
1.4035354e-05
1.4487692e-05
1.5561059e-05
1.5937878e-05
1.6841482e-05
1.7285753e-05
1.7968015e-05
1.8436977e-05
1.8925236e-05
1.9418736e-05
1.9759639e-05
2.0195628e-05
2.0519565e-05
2.0814971e-05
2.1107979e-05
2.1352324e-05
2.1560086e-05
2.1727402e-05
2.1954175e-05
2.2063294e-05
2.2221112e-05
2.2300939e-05
3.492736e-07
3.5895212e-07
3.6982466e-07
3.8187345e-07
3.9479946e-07
4.1461364e-07
4.3021397e-07
4.5176524e-07
4.7990759e-07
5.0547608e-07
5.4170295e-07
5.6746608e-07
5.9594961e-07
6.4453209e-07
6.9383444e-07
7.5082615e-07
8.3159001e-07
9.1344806e-07
1.0293577e-06
1.1649426e-06
1.3140446e-06
1.4407882e-06
1.5569247e-06
1.6816585e-06
1.8180958e-06
1.9479285e-06
2.0903646e-06
2.2592646e-06
2.36188e-06
2.5370498e-06
2.6367885e-06
2.830626e-06
2.9412567e-06
3.245554e-06
3.2824425e-06
3.656918e-06
3.6672992e-06
3.9288271e-06
3.9512823e-06
4.2523055e-06
4.4241281e-06
4.6224758e-06
5.0138766e-06
5.2149552e-06
5.8084599e-06
5.9311297e-06
6.6145794e-06
6.8221686e-06
7.4948219e-06
7.7500511e-06
8.448856e-06
8.6780824e-06
9.3040993e-06
9.6525904e-06
1.015198e-05
1.0552993e-05
1.0942281e-05
1.1388478e-05
1.1692348e-05
1.2102879e-05
1.2389802e-05
1.2707663e-05
1.2981964e-05
1.3269258e-05
1.3476268e-05
1.3696166e-05
1.3918282e-05
1.4099763e-05
1.427057e-05
1.4412269e-05
2.0157125e-07
2.0151352e-07
2.0165265e-07
2.0187064e-07
2.0212332e-07
2.0259459e-07
2.0290541e-07
2.0348505e-07
2.0428095e-07
2.0496822e-07
2.0658804e-07
2.081673e-07
2.1013789e-07
2.1318223e-07
2.1620876e-07
2.2099122e-07
2.2682242e-07
2.3284838e-07
2.4325977e-07
2.5456147e-07
2.6198687e-07
2.5989309e-07
2.5929434e-07
2.5949523e-07
2.6236599e-07
2.6863543e-07
2.7593083e-07
2.881869e-07
3.0602857e-07
3.3048515e-07
3.6396129e-07
4.0468899e-07
4.5555568e-07
5.271047e-07
6.2254698e-07
7.3716373e-07
8.4903503e-07
9.9674734e-07
1.1716398e-06
1.4097165e-06
1.6500166e-06
2.0286263e-06
2.4519203e-06
3.2917915e-06
3.7133432e-06
4.1266568e-06
4.1769047e-06
4.5603062e-06
4.6885382e-06
5.0033549e-06
5.2333045e-06
5.437694e-06
5.6981198e-06
5.8960138e-06
6.1377526e-06
6.3604543e-06
6.5509005e-06
6.783387e-06
6.9412541e-06
7.1446119e-06
7.3097398e-06
7.4571423e-06
7.6270659e-06
7.7604633e-06
7.9008103e-06
7.9990024e-06
8.1538948e-06
8.2358689e-06
8.3630512e-06
8.4267833e-06
1.9635379e-07
1.9650525e-07
1.9661421e-07
1.9677563e-07
1.9691607e-07
1.9708067e-07
1.9727049e-07
1.9745129e-07
1.9766734e-07
1.9789312e-07
1.9811317e-07
1.9843448e-07
1.9866921e-07
1.9906553e-07
1.9935752e-07
1.9987647e-07
2.0037276e-07
2.0144483e-07
2.0220238e-07
2.0367116e-07
2.0468879e-07
2.0601142e-07
2.073023e-07
2.0920506e-07
2.1130654e-07
2.1428145e-07
2.1771749e-07
2.2296627e-07
2.2856622e-07
2.3687251e-07
2.3176343e-07
2.2888447e-07
2.2545275e-07
2.240953e-07
2.2459157e-07
2.2664224e-07
2.3127163e-07
2.3875947e-07
2.4971714e-07
2.6697304e-07
2.8972572e-07
3.2055872e-07
3.8112537e-07
4.7069615e-07
5.7147728e-07
6.994258e-07
8.7245874e-07
1.0163134e-06
1.2923404e-06
1.4602354e-06
1.785597e-06
1.9683088e-06
2.3103307e-06
2.5421601e-06
2.8892915e-06
3.1525053e-06
3.4637163e-06
3.7580227e-06
3.9702596e-06
4.2398646e-06
4.4368529e-06
4.6150431e-06
4.7826919e-06
4.9212504e-06
5.0165838e-06
5.082927e-06
5.2068514e-06
5.2789922e-06
5.3837207e-06
5.4369216e-06
1.9162791e-07
1.9181907e-07
1.9190837e-07
1.9214326e-07
1.9222696e-07
1.9249833e-07
1.9259338e-07
1.9290379e-07
1.930223e-07
1.9338782e-07
1.9351552e-07
1.9396551e-07
1.9409096e-07
1.9459193e-07
1.9476197e-07
1.9529619e-07
1.9552532e-07
1.9610838e-07
1.9637358e-07
1.9705388e-07
1.9736923e-07
1.9811801e-07
1.9854129e-07
1.9935843e-07
1.998947e-07
2.0085879e-07
2.0151013e-07
2.026635e-07
2.0348442e-07
2.0460104e-07
2.0697167e-07
2.0857517e-07
2.1232226e-07
2.1496386e-07
2.1963346e-07
2.2343612e-07
2.290202e-07
2.3540173e-07
2.3380556e-07
2.2942567e-07
2.2564593e-07
2.223907e-07
2.2855061e-07
2.3027978e-07
2.3922372e-07
2.4697885e-07
2.6736975e-07
2.8464255e-07
3.1296371e-07
3.4096975e-07
3.7542892e-07
4.1758095e-07
4.516904e-07
5.1602342e-07
5.4857994e-07
6.2533445e-07
6.566229e-07
7.2526173e-07
7.5616389e-07
8.2034381e-07
8.4875407e-07
9.0049276e-07
9.328826e-07
9.7921684e-07
1.0004591e-06
1.0358181e-06
1.0710818e-06
1.1008463e-06
1.1323151e-06
1.154118e-06
1.8642046e-07
1.8648083e-07
1.8662395e-07
1.8670574e-07
1.8687005e-07
1.8696414e-07
1.8717052e-07
1.8727302e-07
1.8751506e-07
1.8763543e-07
1.879153e-07
1.8807148e-07
1.8839176e-07
1.8857333e-07
1.8895973e-07
1.8916323e-07
1.8962497e-07
1.8987373e-07
1.9039228e-07
1.9072406e-07
1.9130953e-07
1.9170765e-07
1.9239852e-07
1.928639e-07
1.9365687e-07
1.9422602e-07
1.9511269e-07
1.9579616e-07
1.9677848e-07
1.9747095e-07
1.9850799e-07
1.9925838e-07
2.0035102e-07
2.0120219e-07
2.0243252e-07
2.0340074e-07
2.0479103e-07
2.060918e-07
2.0762574e-07
2.1092568e-07
2.1338074e-07
2.1867983e-07
2.2457753e-07
2.3657197e-07
2.4494299e-07
2.3860092e-07
2.3573532e-07
2.3195437e-07
2.3165054e-07
2.3028322e-07
2.3213153e-07
2.3269931e-07
2.3634296e-07
2.3898529e-07
2.4391166e-07
2.4553451e-07
2.5109059e-07
2.5625357e-07
2.618885e-07
2.6883047e-07
2.7460154e-07
2.8228914e-07
2.8750222e-07
2.9608866e-07
2.9771807e-07
3.1222394e-07
3.1407655e-07
3.3002753e-07
3.330567e-07
3.425754e-07
1.8278046e-07
1.8289603e-07
1.8302124e-07
1.8311927e-07
1.8329967e-07
1.8338207e-07
1.83611e-07
1.8369268e-07
1.8396688e-07
1.8404267e-07
1.8436049e-07
1.8444644e-07
1.8481523e-07
1.8491239e-07
1.8534717e-07
1.854493e-07
1.8596814e-07
1.8606458e-07
1.8666446e-07
1.8677496e-07
1.8746495e-07
1.8759655e-07
1.8839726e-07
1.8854678e-07
1.8944713e-07
1.896874e-07
1.9066646e-07
1.9101233e-07
1.9209524e-07
1.9249978e-07
1.9361625e-07
1.9406458e-07
1.9519543e-07
1.9569621e-07
1.9686149e-07
1.9740414e-07
1.985998e-07
1.9922259e-07
2.0044388e-07
2.0114336e-07
2.0249892e-07
2.0336585e-07
2.0519007e-07
2.0694963e-07
2.0991497e-07
2.1279528e-07
2.1870544e-07
2.2280043e-07
2.3153663e-07
2.3736311e-07
2.4961443e-07
2.5366748e-07
2.5545575e-07
2.4353279e-07
2.439635e-07
2.3224019e-07
2.3584488e-07
2.2562722e-07
2.2919561e-07
2.2078482e-07
2.2411556e-07
2.1494909e-07
2.1846587e-07
2.1276839e-07
2.1609649e-07
2.1139917e-07
2.1573856e-07
2.1197286e-07
2.1628126e-07
2.1107265e-07
1.7878323e-07
1.7884525e-07
1.789859e-07
1.7906453e-07
1.7922404e-07
1.793137e-07
1.7950603e-07
1.7960479e-07
1.7983223e-07
1.7994221e-07
1.8019632e-07
1.8035e-07
1.8060936e-07
1.8081759e-07
1.810982e-07
1.81354e-07
1.8165606e-07
1.819874e-07
1.8229264e-07
1.8272403e-07
1.8304115e-07
1.8355071e-07
1.8390927e-07
1.8450059e-07
1.848949e-07
1.8559595e-07
1.8602436e-07
1.8683535e-07
1.8732016e-07
1.8825573e-07
1.8876355e-07
1.8974185e-07
1.9024376e-07
1.9126423e-07
1.917813e-07
1.9283655e-07
1.9336656e-07
1.9448152e-07
1.9501859e-07
1.9617708e-07
1.9675044e-07
1.9797498e-07
1.9868281e-07
2.0049422e-07
2.0133546e-07
2.0306912e-07
2.0403923e-07
2.0583809e-07
2.070396e-07
2.0898139e-07
2.1055899e-07
2.1272928e-07
2.1561018e-07
2.1809869e-07
2.2229583e-07
2.2510481e-07
2.3024883e-07
2.3350101e-07
2.3908081e-07
2.428252e-07
2.4857556e-07
2.5247416e-07
2.5872893e-07
2.5613301e-07
2.5524227e-07
2.5026044e-07
2.5024744e-07
2.4610372e-07
2.4401045e-07
2.4057547e-07
1.7475965e-07
1.7481419e-07
1.7493348e-07
1.7500305e-07
1.7514474e-07
1.7521747e-07
1.7540395e-07
1.7547755e-07
1.7570889e-07
1.7578024e-07
1.7605537e-07
1.7613625e-07
1.7645743e-07
1.7654943e-07
1.7693125e-07
1.7703044e-07
1.7747242e-07
1.7759148e-07
1.7807677e-07
1.7825117e-07
1.7878336e-07
1.7899624e-07
1.7960245e-07
1.7985297e-07
1.805347e-07
1.8084824e-07
1.8160127e-07
1.8199246e-07
1.8283571e-07
1.8330731e-07
1.8424802e-07
1.8478957e-07
1.8574023e-07
1.8632194e-07
1.8729681e-07
1.8790576e-07
1.8889997e-07
1.8955844e-07
1.9056606e-07
1.9125028e-07
1.9231011e-07
1.9301586e-07
1.9433059e-07
1.9535679e-07
1.9682419e-07
1.9776608e-07
1.9911454e-07
1.9999786e-07
2.0122529e-07
2.0205911e-07
2.031974e-07
2.0401836e-07
2.0506837e-07
2.0594461e-07
2.0694861e-07
2.0790129e-07
2.0887142e-07
2.0993979e-07
2.1088838e-07
2.1201326e-07
2.1301784e-07
2.141107e-07
2.1517857e-07
2.163195e-07
2.1734897e-07
2.1843861e-07
2.1957358e-07
2.2065382e-07
2.2173725e-07
2.2272662e-07
1.699843e-07
1.7003086e-07
1.7012637e-07
1.7018603e-07
1.7030327e-07
1.7037196e-07
1.7052113e-07
1.7059748e-07
1.707778e-07
1.7086283e-07
1.7107177e-07
1.7117858e-07
1.7141496e-07
1.7154447e-07
1.7182025e-07
1.7196842e-07
1.722973e-07
1.7246079e-07
1.7283967e-07
1.7303869e-07
1.7346704e-07
1.7370201e-07
1.7420115e-07
1.7446623e-07
1.7503083e-07
1.7537935e-07
1.7592759e-07
1.7646548e-07
1.7697969e-07
1.776781e-07
1.7819119e-07
1.7907349e-07
1.7958123e-07
1.8056435e-07
1.8104476e-07
1.8210384e-07
1.8256589e-07
1.8371263e-07
1.8415929e-07
1.8536563e-07
1.8583702e-07
1.8710531e-07
1.8766917e-07
1.8954464e-07
1.9013977e-07
1.9190506e-07
1.9241105e-07
1.9407862e-07
1.9448777e-07
1.9603801e-07
1.9638383e-07
1.9781651e-07
1.981011e-07
1.9942244e-07
1.9966754e-07
2.0087341e-07
2.0108428e-07
2.0219877e-07
2.0238393e-07
2.0340665e-07
2.0357157e-07
2.0449167e-07
2.0466367e-07
2.0550811e-07
2.0566053e-07
2.0641991e-07
2.0658998e-07
2.0728401e-07
2.0743516e-07
2.0806081e-07
1.6485559e-07
1.6492487e-07
1.6498557e-07
1.6509584e-07
1.651543e-07
1.6529004e-07
1.6535236e-07
1.6551289e-07
1.6558527e-07
1.6577861e-07
1.6585474e-07
1.6609718e-07
1.6617059e-07
1.6646064e-07
1.6653617e-07
1.6687262e-07
1.6695962e-07
1.6734999e-07
1.6744731e-07
1.6791488e-07
1.6800913e-07
1.6855087e-07
1.6865343e-07
1.6927084e-07
1.6938885e-07
1.7009871e-07
1.7023558e-07
1.7103977e-07
1.712264e-07
1.7209587e-07
1.7234927e-07
1.733031e-07
1.7362172e-07
1.7466873e-07
1.7506799e-07
1.7612074e-07
1.7656542e-07
1.7764259e-07
1.7813269e-07
1.792063e-07
1.7976991e-07
1.8085933e-07
1.8158918e-07
1.8312667e-07
1.8399919e-07
1.8536792e-07
1.8621301e-07
1.8743547e-07
1.8822998e-07
1.893086e-07
1.900454e-07
1.9102696e-07
1.9166178e-07
1.9258751e-07
1.9311068e-07
1.9398971e-07
1.9440847e-07
1.9524105e-07
1.9557723e-07
1.9634248e-07
1.9663445e-07
1.9731157e-07
1.9757737e-07
1.9818241e-07
1.9841805e-07
1.9893688e-07
1.9917857e-07
1.9962064e-07
1.9984726e-07
2.0022155e-07
1.5983214e-07
1.5987854e-07
1.5992777e-07
1.6000531e-07
1.6005204e-07
1.6015578e-07
1.6020849e-07
1.6033021e-07
1.6040333e-07
1.6054144e-07
1.6063757e-07
1.6079371e-07
1.6092465e-07
1.6108047e-07
1.6127013e-07
1.6141218e-07
1.6166705e-07
1.6180758e-07
1.6211589e-07
1.6227751e-07
1.6263107e-07
1.6282112e-07
1.632228e-07
1.6343422e-07
1.6390035e-07
1.6414327e-07
1.64668e-07
1.6495242e-07
1.6555086e-07
1.6586976e-07
1.6655055e-07
1.6691966e-07
1.6764979e-07
1.6813432e-07
1.689034e-07
1.6951351e-07
1.7031145e-07
1.7099503e-07
1.7179644e-07
1.7251248e-07
1.7335925e-07
1.7411017e-07
1.7517261e-07
1.7625789e-07
1.7748085e-07
1.7845058e-07
1.7961473e-07
1.804737e-07
1.815682e-07
1.8231105e-07
1.8333385e-07
1.8400071e-07
1.8491295e-07
1.8553776e-07
1.8633219e-07
1.8691915e-07
1.8760022e-07
1.8815695e-07
1.8874243e-07
1.8924507e-07
1.8976444e-07
1.9020581e-07
1.9066335e-07
1.9106998e-07
1.9145219e-07
1.9181977e-07
1.9215375e-07
1.9249453e-07
1.9276251e-07
1.9308245e-07
1.5387545e-07
1.5391697e-07
1.5396445e-07
1.5403217e-07
1.5407741e-07
1.5416913e-07
1.5421947e-07
1.5432919e-07
1.5438949e-07
1.5452649e-07
1.5458906e-07
1.5476743e-07
1.548271e-07
1.5504416e-07
1.5510529e-07
1.5535895e-07
1.5543004e-07
1.5572592e-07
1.5580591e-07
1.5616452e-07
1.562415e-07
1.5665932e-07
1.5674441e-07
1.5722238e-07
1.5732226e-07
1.5788044e-07
1.5798462e-07
1.5862897e-07
1.5873777e-07
1.5946364e-07
1.5959271e-07
1.6041918e-07
1.6057636e-07
1.6149205e-07
1.6170915e-07
1.6269869e-07
1.6298543e-07
1.6407067e-07
1.6443445e-07
1.655468e-07
1.6596109e-07
1.6711783e-07
1.6762729e-07
1.6931826e-07
1.6988475e-07
1.7146713e-07
1.7196435e-07
1.7345409e-07
1.7386912e-07
1.7525179e-07
1.7559746e-07
1.7689064e-07
1.7715564e-07
1.7836631e-07
1.7857962e-07
1.7967102e-07
1.7985819e-07
1.8082915e-07
1.8101074e-07
1.818465e-07
1.8204966e-07
1.8274248e-07
1.8297062e-07
1.8354969e-07
1.837834e-07
1.8425193e-07
1.8450879e-07
1.8488775e-07
1.8514143e-07
1.8544381e-07
1.476316e-07
1.4765973e-07
1.4770575e-07
1.4774383e-07
1.4780172e-07
1.47847e-07
1.4792676e-07
1.4797558e-07
1.4808184e-07
1.481312e-07
1.4825809e-07
1.483233e-07
1.4846957e-07
1.4855018e-07
1.4872267e-07
1.4881515e-07
1.49022e-07
1.4912328e-07
1.4936057e-07
1.4948431e-07
1.4975004e-07
1.4989624e-07
1.5019953e-07
1.5037745e-07
1.5068584e-07
1.5095618e-07
1.5124135e-07
1.5157843e-07
1.5189545e-07
1.5226563e-07
1.526439e-07
1.5304153e-07
1.5349792e-07
1.5390942e-07
1.5448001e-07
1.5488342e-07
1.5558494e-07
1.5599366e-07
1.5683253e-07
1.5723871e-07
1.5824214e-07
1.5865796e-07
1.5999217e-07
1.6054891e-07
1.621255e-07
1.6259423e-07
1.64102e-07
1.6450904e-07
1.659117e-07
1.6627263e-07
1.6757707e-07
1.6787868e-07
1.6906598e-07
1.6935389e-07
1.7041718e-07
1.7068699e-07
1.716286e-07
1.7188591e-07
1.7271834e-07
1.7294686e-07
1.7369739e-07
1.7388442e-07
1.7456052e-07
1.7472807e-07
1.7531871e-07
1.7546252e-07
1.7599298e-07
1.7612516e-07
1.7658036e-07
1.7670363e-07
1.4246645e-07
1.4249845e-07
1.4253736e-07
1.4257699e-07
1.4262624e-07
1.426711e-07
1.4273645e-07
1.4278388e-07
1.4286861e-07
1.4291551e-07
1.4301987e-07
1.4307073e-07
1.4319585e-07
1.4325146e-07
1.4340409e-07
1.4346192e-07
1.4364874e-07
1.4370464e-07
1.4392306e-07
1.4398523e-07
1.4423695e-07
1.4430641e-07
1.4460474e-07
1.4467495e-07
1.4502072e-07
1.4509446e-07
1.4548617e-07
1.4556995e-07
1.4601942e-07
1.4610789e-07
1.4662558e-07
1.4671795e-07
1.4730313e-07
1.4740835e-07
1.480769e-07
1.4818587e-07
1.4894391e-07
1.4906514e-07
1.4991759e-07
1.5005459e-07
1.5103393e-07
1.5116822e-07
1.5250956e-07
1.5274966e-07
1.5435375e-07
1.5459673e-07
1.5604216e-07
1.5639e-07
1.5757869e-07
1.5801943e-07
1.5902033e-07
1.5949653e-07
1.6034105e-07
1.6083291e-07
1.6155986e-07
1.6203137e-07
1.6266283e-07
1.6310732e-07
1.6366593e-07
1.6405843e-07
1.6457579e-07
1.6490256e-07
1.6538095e-07
1.6566355e-07
1.6609317e-07
1.6632735e-07
1.6672862e-07
1.6692591e-07
1.672839e-07
1.6744862e-07
1.3899645e-07
1.3902702e-07
1.3906048e-07
1.3910112e-07
1.3913496e-07
1.3918283e-07
1.3923075e-07
1.3927226e-07
1.3934128e-07
1.3938383e-07
1.3946368e-07
1.3951095e-07
1.3960561e-07
1.396572e-07
1.3976965e-07
1.3982395e-07
1.3996048e-07
1.4001389e-07
1.4017272e-07
1.4023052e-07
1.4041475e-07
1.4047675e-07
1.4069288e-07
1.4075561e-07
1.4100406e-07
1.4106966e-07
1.4135228e-07
1.4142427e-07
1.4174928e-07
1.4182453e-07
1.4219801e-07
1.4227628e-07
1.4269825e-07
1.4278499e-07
1.4326674e-07
1.4335657e-07
1.4390299e-07
1.4400117e-07
1.4461647e-07
1.4472543e-07
1.4543167e-07
1.4554014e-07
1.4651e-07
1.4669085e-07
1.4788862e-07
1.4806239e-07
1.4926952e-07
1.4943822e-07
1.5062156e-07
1.5077299e-07
1.5187405e-07
1.5201165e-07
1.5299225e-07
1.5318877e-07
1.5397376e-07
1.5426013e-07
1.5487318e-07
1.552188e-07
1.556887e-07
1.5606179e-07
1.5643549e-07
1.5680828e-07
1.5710364e-07
1.5747234e-07
1.577036e-07
1.5804803e-07
1.5824461e-07
1.585597e-07
1.5872336e-07
1.5900172e-07
1.3715376e-07
1.3718216e-07
1.3720951e-07
1.3724309e-07
1.3727583e-07
1.3731208e-07
1.3735268e-07
1.3739073e-07
1.3744092e-07
1.3747996e-07
1.3754033e-07
1.375823e-07
1.3765256e-07
1.3769871e-07
1.3778036e-07
1.3783016e-07
1.3792611e-07
1.3797708e-07
1.3808971e-07
1.381433e-07
1.3827435e-07
1.3833049e-07
1.3848233e-07
1.3853971e-07
1.3871488e-07
1.3877427e-07
1.389745e-07
1.3903777e-07
1.3926729e-07
1.3933288e-07
1.3959536e-07
1.3966324e-07
1.3995977e-07
1.4003293e-07
1.4037028e-07
1.4044582e-07
1.4082768e-07
1.4090869e-07
1.4133841e-07
1.4142641e-07
1.4191751e-07
1.4200614e-07
1.4267852e-07
1.4282212e-07
1.4363373e-07
1.4381479e-07
1.4456803e-07
1.4480489e-07
1.4549934e-07
1.4576943e-07
1.4640162e-07
1.4669865e-07
1.4725201e-07
1.4758259e-07
1.480549e-07
1.4840983e-07
1.4880529e-07
1.4917487e-07
1.4950334e-07
1.4986831e-07
1.5014313e-07
1.5048485e-07
1.5071266e-07
1.5103425e-07
1.5122114e-07
1.5151318e-07
1.5167692e-07
1.5194019e-07
1.5207878e-07
1.5231134e-07
1.3593395e-07
1.3595715e-07
1.3597899e-07
1.360062e-07
1.360318e-07
1.3606206e-07
1.3609266e-07
1.3612755e-07
1.3616296e-07
1.3619896e-07
1.3624255e-07
1.3628083e-07
1.3633211e-07
1.3637353e-07
1.3643355e-07
1.364778e-07
1.3654901e-07
1.3659476e-07
1.3667801e-07
1.3672703e-07
1.3682108e-07
1.368733e-07
1.3698323e-07
1.370365e-07
1.371646e-07
1.3721915e-07
1.373657e-07
1.37423e-07
1.3759078e-07
1.3764974e-07
1.3784173e-07
1.379023e-07
1.3811903e-07
1.3818331e-07
1.3842943e-07
1.3849532e-07
1.3877315e-07
1.3884265e-07
1.391541e-07
1.3922815e-07
1.3958215e-07
1.3965654e-07
1.4014074e-07
1.4025609e-07
1.4084634e-07
1.409543e-07
1.4154417e-07
1.4164503e-07
1.422225e-07
1.4231564e-07
1.4287596e-07
1.4295845e-07
1.4349148e-07
1.4356709e-07
1.4406934e-07
1.4413687e-07
1.4460429e-07
1.4466711e-07
1.4509534e-07
1.451573e-07
1.4554798e-07
1.4560356e-07
1.4595714e-07
1.460101e-07
1.4632518e-07
1.4637242e-07
1.4665631e-07
1.4670103e-07
1.4694855e-07
1.4699057e-07
1.3474851e-07
1.3476538e-07
1.34783e-07
1.3480328e-07
1.3482397e-07
1.3484679e-07
1.3487159e-07
1.348972e-07
1.3492575e-07
1.3495528e-07
1.3498778e-07
1.3502137e-07
1.3505885e-07
1.3509509e-07
1.3513977e-07
1.3517831e-07
1.3523229e-07
1.352717e-07
1.353346e-07
1.3537694e-07
1.3544856e-07
1.3549464e-07
1.3557747e-07
1.3562618e-07
1.3572082e-07
1.3577412e-07
1.358738e-07
1.3594838e-07
1.3603647e-07
1.3614592e-07
1.3621866e-07
1.3635826e-07
1.3643202e-07
1.3658532e-07
1.3666801e-07
1.3683878e-07
1.3693062e-07
1.3711946e-07
1.3721973e-07
1.3742745e-07
1.3754397e-07
1.3776553e-07
1.3793129e-07
1.3826034e-07
1.3848193e-07
1.387833e-07
1.3902914e-07
1.3929042e-07
1.39563e-07
1.3977361e-07
1.4007478e-07
1.4023527e-07
1.4055434e-07
1.4067219e-07
1.4099822e-07
1.4108236e-07
1.414009e-07
1.4146516e-07
1.4176587e-07
1.4181712e-07
1.4209658e-07
1.4214016e-07
1.4239181e-07
1.4243651e-07
1.4265668e-07
1.42701e-07
1.4289543e-07
1.4294113e-07
1.4310627e-07
1.4315277e-07
1.335491e-07
1.3356167e-07
1.3357582e-07
1.3359096e-07
1.3360748e-07
1.3362453e-07
1.3364419e-07
1.3366334e-07
1.3368587e-07
1.3370796e-07
1.3373296e-07
1.3375894e-07
1.3378672e-07
1.3381614e-07
1.3384802e-07
1.3388091e-07
1.3391806e-07
1.3395186e-07
1.3399574e-07
1.3403174e-07
1.3408256e-07
1.3412134e-07
1.3418052e-07
1.3422128e-07
1.3428908e-07
1.3433424e-07
1.3440412e-07
1.3446761e-07
1.3452597e-07
1.3461667e-07
1.3466654e-07
1.3477214e-07
1.3482867e-07
1.3494529e-07
1.350066e-07
1.35135e-07
1.3520387e-07
1.3534735e-07
1.3542178e-07
1.3557982e-07
1.3566359e-07
1.3583713e-07
1.3595052e-07
1.3620425e-07
1.363795e-07
1.3657739e-07
1.3680205e-07
1.369446e-07
1.3720996e-07
1.3730105e-07
1.3759221e-07
1.376515e-07
1.3793891e-07
1.3799405e-07
1.3825827e-07
1.3830664e-07
1.3855302e-07
1.3859699e-07
1.3881983e-07
1.3886067e-07
1.3906494e-07
1.3910032e-07
1.3928551e-07
1.3931712e-07
1.3948225e-07
1.3951062e-07
1.3966064e-07
1.3968584e-07
1.3981858e-07
1.3984245e-07
1.3287116e-07
1.3288127e-07
1.3289182e-07
1.3290372e-07
1.3291589e-07
1.329292e-07
1.3294344e-07
1.329583e-07
1.3297449e-07
1.3299137e-07
1.3300934e-07
1.3302879e-07
1.3304879e-07
1.3307051e-07
1.3309312e-07
1.3311694e-07
1.3314244e-07
1.3316898e-07
1.3319713e-07
1.3322737e-07
1.3325824e-07
1.3329218e-07
1.3332737e-07
1.3336257e-07
1.334042e-07
1.3344076e-07
1.3348874e-07
1.3352755e-07
1.3358252e-07
1.3362332e-07
1.3368652e-07
1.3372917e-07
1.3380074e-07
1.3384636e-07
1.3392748e-07
1.3397544e-07
1.34066e-07
1.3411922e-07
1.3421812e-07
1.3427604e-07
1.343914e-07
1.3444568e-07
1.3461023e-07
1.3468633e-07
1.3489076e-07
1.3496078e-07
1.351685e-07
1.3523063e-07
1.3543285e-07
1.3548895e-07
1.3568592e-07
1.3573503e-07
1.3592246e-07
1.3596685e-07
1.3614362e-07
1.361826e-07
1.363465e-07
1.3638173e-07
1.3653145e-07
1.3656386e-07
1.3670084e-07
1.3672905e-07
1.3685371e-07
1.3687888e-07
1.3698938e-07
1.3701455e-07
1.3710929e-07
1.3714146e-07
1.372124e-07
1.3725446e-07
1.3248603e-07
1.3249056e-07
1.3250059e-07
1.3250643e-07
1.3251763e-07
1.3252453e-07
1.3253718e-07
1.3254523e-07
1.3255928e-07
1.325688e-07
1.3258416e-07
1.3259546e-07
1.3261224e-07
1.3262515e-07
1.3264375e-07
1.3265828e-07
1.3267901e-07
1.3269548e-07
1.3271805e-07
1.3273699e-07
1.3276157e-07
1.3278276e-07
1.3281001e-07
1.3283347e-07
1.328634e-07
1.3288977e-07
1.3292216e-07
1.3295305e-07
1.3298797e-07
1.3302023e-07
1.3306078e-07
1.3309535e-07
1.3313776e-07
1.3318212e-07
1.332208e-07
1.3327578e-07
1.3331612e-07
1.3337731e-07
1.3341896e-07
1.3348892e-07
1.3353367e-07
1.336096e-07
1.3367312e-07
1.3377986e-07
1.3387226e-07
1.3395808e-07
1.3406595e-07
1.34134e-07
1.3425024e-07
1.3430496e-07
1.3442162e-07
1.3446995e-07
1.3457838e-07
1.3462619e-07
1.3472221e-07
1.3477206e-07
1.3485352e-07
1.3490664e-07
1.3497408e-07
1.3502848e-07
1.3508468e-07
1.3513854e-07
1.3518432e-07
1.3523795e-07
1.3527424e-07
1.3532548e-07
1.3535587e-07
1.3540406e-07
1.3542874e-07
1.3547245e-07
1.3213439e-07
1.3213851e-07
1.3214328e-07
1.3214839e-07
1.321541e-07
1.3215999e-07
1.3216689e-07
1.3217367e-07
1.3218166e-07
1.3218957e-07
1.3219855e-07
1.3220786e-07
1.3221791e-07
1.3222851e-07
1.3224003e-07
1.3225187e-07
1.3226497e-07
1.3227828e-07
1.3229274e-07
1.3230799e-07
1.3232392e-07
1.3234088e-07
1.3235879e-07
1.3237747e-07
1.3239734e-07
1.324182e-07
1.3243993e-07
1.3246317e-07
1.3248721e-07
1.3251266e-07
1.3253926e-07
1.3256745e-07
1.3259637e-07
1.3262762e-07
1.3265984e-07
1.3269422e-07
1.3272806e-07
1.327681e-07
1.3280269e-07
1.3284858e-07
1.3288486e-07
1.3293668e-07
1.329828e-07
1.3306499e-07
1.3311674e-07
1.3319972e-07
1.3324757e-07
1.3332971e-07
1.3337308e-07
1.334516e-07
1.3349343e-07
1.3356616e-07
1.3360512e-07
1.3367318e-07
1.3370858e-07
1.3377184e-07
1.338034e-07
1.3386207e-07
1.3389027e-07
1.3394388e-07
1.3396913e-07
1.3401711e-07
1.3404026e-07
1.3408362e-07
1.3410368e-07
1.3414226e-07
1.3416073e-07
1.3419499e-07
1.3421138e-07
1.3424141e-07
1.3178111e-07
1.3178512e-07
1.3178552e-07
1.3179025e-07
1.3179134e-07
1.3179668e-07
1.3179863e-07
1.3180464e-07
1.3180741e-07
1.3181427e-07
1.3181778e-07
1.3182572e-07
1.3183003e-07
1.3183891e-07
1.3184428e-07
1.3185406e-07
1.3186059e-07
1.3187144e-07
1.3187896e-07
1.3189121e-07
1.3189981e-07
1.3191327e-07
1.3192332e-07
1.3193798e-07
1.3194948e-07
1.3196568e-07
1.3197853e-07
1.3199639e-07
1.3201092e-07
1.3203029e-07
1.320467e-07
1.3206792e-07
1.3208607e-07
1.3210934e-07
1.3212963e-07
1.3215485e-07
1.3217739e-07
1.3220509e-07
1.3222992e-07
1.3225986e-07
1.3228785e-07
1.3232018e-07
1.3235782e-07
1.3240846e-07
1.3245044e-07
1.3250257e-07
1.3254114e-07
1.3259337e-07
1.326282e-07
1.3267892e-07
1.3271095e-07
1.3275902e-07
1.3278853e-07
1.3283358e-07
1.3286058e-07
1.3290209e-07
1.329268e-07
1.3296522e-07
1.3298704e-07
1.3302262e-07
1.3304159e-07
1.3307381e-07
1.3309099e-07
1.3312043e-07
1.3313502e-07
1.3316154e-07
1.3317469e-07
1.3319837e-07
1.3320987e-07
1.3323083e-07
1.3157587e-07
1.3157764e-07
1.3157694e-07
1.315792e-07
1.31579e-07
1.3158166e-07
1.3158209e-07
1.3158518e-07
1.3158623e-07
1.3158989e-07
1.3159149e-07
1.3159584e-07
1.3159802e-07
1.3160299e-07
1.3160593e-07
1.3161149e-07
1.3161526e-07
1.3162152e-07
1.3162601e-07
1.3163322e-07
1.3163847e-07
1.3164649e-07
1.3165275e-07
1.3166158e-07
1.3166885e-07
1.3167869e-07
1.3168691e-07
1.3169785e-07
1.3170724e-07
1.3171916e-07
1.3172986e-07
1.3174299e-07
1.3175489e-07
1.3176936e-07
1.3178275e-07
1.3179849e-07
1.3181341e-07
1.3183081e-07
1.3184726e-07
1.3186618e-07
1.3188472e-07
1.319053e-07
1.3192999e-07
1.3196164e-07
1.3199154e-07
1.3202222e-07
1.3205163e-07
1.3208092e-07
1.3210926e-07
1.3213663e-07
1.3216421e-07
1.3218937e-07
1.3221453e-07
1.3223867e-07
1.3226144e-07
1.3228397e-07
1.3230459e-07
1.3232573e-07
1.3234389e-07
1.3236373e-07
1.3237953e-07
1.3239763e-07
1.3241184e-07
1.3242854e-07
1.3244067e-07
1.3245584e-07
1.3246671e-07
1.3248031e-07
1.3248997e-07
1.3250189e-07
1.3137661e-07
1.3137287e-07
1.3137486e-07
1.313715e-07
1.313738e-07
1.3137078e-07
1.3137349e-07
1.3137085e-07
1.3137393e-07
1.3137177e-07
1.3137516e-07
1.3137359e-07
1.3137733e-07
1.3137629e-07
1.3138051e-07
1.3137997e-07
1.3138471e-07
1.3138474e-07
1.3138994e-07
1.3139069e-07
1.3139638e-07
1.3139776e-07
1.3140413e-07
1.3140612e-07
1.3141316e-07
1.3141592e-07
1.3142359e-07
1.3142718e-07
1.3143562e-07
1.3143997e-07
1.3144927e-07
1.3145455e-07
1.3146461e-07
1.3147092e-07
1.3148193e-07
1.3148921e-07
1.315012e-07
1.3150972e-07
1.3152267e-07
1.3153231e-07
1.3154661e-07
1.3155746e-07
1.315762e-07
1.3159354e-07
1.3161579e-07
1.316332e-07
1.3165471e-07
1.3167185e-07
1.3169223e-07
1.3170865e-07
1.3172789e-07
1.3174355e-07
1.317612e-07
1.3177621e-07
1.317922e-07
1.3180636e-07
1.3182068e-07
1.3183404e-07
1.318468e-07
1.3185903e-07
1.3187066e-07
1.3188149e-07
1.3189209e-07
1.3190189e-07
1.3191126e-07
1.319199e-07
1.3192852e-07
1.3193619e-07
1.3194377e-07
1.3195056e-07
1.3123363e-07
1.3123499e-07
1.3122981e-07
1.3123146e-07
1.3122647e-07
1.3122835e-07
1.3122365e-07
1.3122576e-07
1.3122139e-07
1.3122375e-07
1.3121971e-07
1.3122235e-07
1.3121867e-07
1.3122153e-07
1.3121829e-07
1.3122136e-07
1.3121859e-07
1.312219e-07
1.3121954e-07
1.3122319e-07
1.3122125e-07
1.312252e-07
1.3122376e-07
1.31228e-07
1.3122704e-07
1.3123167e-07
1.3123115e-07
1.3123622e-07
1.3123623e-07
1.3124169e-07
1.3124229e-07
1.3124824e-07
1.312494e-07
1.312559e-07
1.3125776e-07
1.3126477e-07
1.3126737e-07
1.3127504e-07
1.312784e-07
1.3128668e-07
1.3129105e-07
1.3129997e-07
1.3130637e-07
1.3131998e-07
1.3132854e-07
1.3134169e-07
1.3135073e-07
1.3136328e-07
1.313724e-07
1.3138414e-07
1.313932e-07
1.3140417e-07
1.3141277e-07
1.3142312e-07
1.3143112e-07
1.3144077e-07
1.3144808e-07
1.3145711e-07
1.3146373e-07
1.3147197e-07
1.3147808e-07
1.3148539e-07
1.3149101e-07
1.3149763e-07
1.3150259e-07
1.3150844e-07
1.3151302e-07
1.3151822e-07
1.3152222e-07
1.315268e-07
1.311804e-07
1.311745e-07
1.3117509e-07
1.3116928e-07
1.3117001e-07
1.3116432e-07
1.311652e-07
1.311597e-07
1.3116068e-07
1.3115546e-07
1.3115648e-07
1.3115161e-07
1.3115265e-07
1.3114815e-07
1.3114922e-07
1.3114512e-07
1.3114622e-07
1.3114255e-07
1.3114365e-07
1.3114044e-07
1.3114158e-07
1.3113876e-07
1.3114003e-07
1.3113756e-07
1.3113898e-07
1.3113687e-07
1.3113847e-07
1.311367e-07
1.3113856e-07
1.3113709e-07
1.3113927e-07
1.3113814e-07
1.3114061e-07
1.3113987e-07
1.3114271e-07
1.3114232e-07
1.3114557e-07
1.3114562e-07
1.3114929e-07
1.3114972e-07
1.3115399e-07
1.3115481e-07
1.3116067e-07
1.3116255e-07
1.3116991e-07
1.3117223e-07
1.3117964e-07
1.3118226e-07
1.3118948e-07
1.3119223e-07
1.3119917e-07
1.3120202e-07
1.3120845e-07
1.3121143e-07
1.3121729e-07
1.312203e-07
1.3122557e-07
1.3122858e-07
1.3123331e-07
1.3123617e-07
1.3124051e-07
1.3124306e-07
1.3124707e-07
1.312494e-07
1.3125299e-07
1.3125503e-07
1.3125838e-07
1.3126016e-07
1.3126315e-07
1.3126466e-07
1.3111704e-07
1.3111453e-07
1.3111012e-07
1.3110761e-07
1.3110358e-07
1.3110097e-07
1.310974e-07
1.3109462e-07
1.3109155e-07
1.3108854e-07
1.3108602e-07
1.3108276e-07
1.3108083e-07
1.3107723e-07
1.3107598e-07
1.31072e-07
1.3107144e-07
1.3106709e-07
1.3106717e-07
1.3106254e-07
1.3106322e-07
1.3105834e-07
1.3105961e-07
1.3105455e-07
1.3105633e-07
1.3105124e-07
1.3105342e-07
1.3104841e-07
1.3105099e-07
1.3104609e-07
1.3104906e-07
1.3104436e-07
1.3104768e-07
1.3104322e-07
1.3104696e-07
1.310427e-07
1.3104688e-07
1.310429e-07
1.3104752e-07
1.3104378e-07
1.3104893e-07
1.310455e-07
1.3105216e-07
1.3104825e-07
1.3105585e-07
1.3105328e-07
1.3106032e-07
1.3105883e-07
1.3106521e-07
1.310645e-07
1.3107028e-07
1.3107017e-07
1.3107528e-07
1.3107567e-07
1.3108016e-07
1.3108085e-07
1.3108478e-07
1.3108569e-07
1.3108911e-07
1.3109008e-07
1.3109315e-07
1.3109405e-07
1.310968e-07
1.310977e-07
1.3110007e-07
1.311009e-07
1.3110303e-07
1.3110382e-07
1.3110564e-07
1.3110636e-07
1.309945e-07
1.3099163e-07
1.3098687e-07
1.3098393e-07
1.3097927e-07
1.3097631e-07
1.3097174e-07
1.3096889e-07
1.3096433e-07
1.3096169e-07
1.3095704e-07
1.3095474e-07
1.3094992e-07
1.3094801e-07
1.30943e-07
1.3094153e-07
1.3093628e-07
1.3093532e-07
1.3092978e-07
1.3092936e-07
1.3092355e-07
1.3092361e-07
1.3091762e-07
1.309181e-07
1.30912e-07
1.3091286e-07
1.309067e-07
1.3090788e-07
1.3090179e-07
1.309032e-07
1.3089726e-07
1.3089889e-07
1.3089312e-07
1.3089497e-07
1.3088944e-07
1.3089148e-07
1.308862e-07
1.308885e-07
1.3088345e-07
1.3088598e-07
1.3088121e-07
1.3088403e-07
1.3087848e-07
1.30883e-07
1.3087744e-07
1.3088189e-07
1.3087753e-07
1.3088161e-07
1.308784e-07
1.3088188e-07
1.3087977e-07
1.3088275e-07
1.3088141e-07
1.3088402e-07
1.3088322e-07
1.3088553e-07
1.3088507e-07
1.3088719e-07
1.3088693e-07
1.3088886e-07
1.3088877e-07
1.3089048e-07
1.3089049e-07
1.3089207e-07
1.3089206e-07
1.3089349e-07
1.3089352e-07
1.3089482e-07
1.3089481e-07
1.3089597e-07
1.3101361e-07
1.3100479e-07
1.3100502e-07
1.3099597e-07
1.3099647e-07
1.3098722e-07
1.3098798e-07
1.3097852e-07
1.3097956e-07
1.309699e-07
1.3097123e-07
1.3096137e-07
1.3096299e-07
1.3095293e-07
1.3095483e-07
1.3094457e-07
1.3094676e-07
1.3093629e-07
1.3093879e-07
1.3092811e-07
1.309309e-07
1.3092002e-07
1.3092309e-07
1.3091203e-07
1.3091534e-07
1.3090415e-07
1.3090766e-07
1.3089639e-07
1.3090002e-07
1.3088877e-07
1.3089245e-07
1.3088129e-07
1.3088495e-07
1.3087399e-07
1.3087756e-07
1.3086688e-07
1.3087029e-07
1.3085997e-07
1.3086317e-07
1.3085329e-07
1.3085629e-07
1.3084684e-07
1.3085036e-07
1.3083795e-07
1.3084174e-07
1.308315e-07
1.3083471e-07
1.308264e-07
1.3082902e-07
1.3082237e-07
1.3082444e-07
1.308191e-07
1.3082077e-07
1.3081645e-07
1.3081784e-07
1.3081431e-07
1.3081552e-07
1.3081261e-07
1.3081371e-07
1.3081127e-07
1.308123e-07
1.3081023e-07
1.3081123e-07
1.3080948e-07
1.3081041e-07
1.3080892e-07
1.3080982e-07
1.3080856e-07
1.308094e-07
1.3080832e-07
1.3099865e-07
1.3099456e-07
1.3098933e-07
1.3098511e-07
1.3098012e-07
1.3097571e-07
1.30971e-07
1.309664e-07
1.3096199e-07
1.3095719e-07
1.3095309e-07
1.3094808e-07
1.3094431e-07
1.3093907e-07
1.3093567e-07
1.3093018e-07
1.3092714e-07
1.3092142e-07
1.3091873e-07
1.3091279e-07
1.3091043e-07
1.3090429e-07
1.3090222e-07
1.3089592e-07
1.308941e-07
1.3088772e-07
1.3088605e-07
1.3087966e-07
1.3087808e-07
1.3087175e-07
1.308702e-07
1.3086401e-07
1.3086243e-07
1.3085642e-07
1.3085479e-07
1.3084897e-07
1.3084727e-07
1.3084168e-07
1.308399e-07
1.3083451e-07
1.3083271e-07
1.308275e-07
1.3082529e-07
1.3081843e-07
1.3081615e-07
1.3081028e-07
1.3080854e-07
1.3080342e-07
1.3080218e-07
1.3079766e-07
1.3079685e-07
1.3079285e-07
1.3079242e-07
1.3078887e-07
1.3078872e-07
1.3078556e-07
1.3078559e-07
1.3078283e-07
1.3078296e-07
1.3078055e-07
1.3078074e-07
1.3077864e-07
1.3077887e-07
1.3077707e-07
1.3077729e-07
1.3077575e-07
1.3077598e-07
1.3077467e-07
1.3077487e-07
1.3077376e-07
1.3090581e-07
1.309007e-07
1.3089609e-07
1.3089109e-07
1.3088644e-07
1.3088148e-07
1.3087692e-07
1.3087193e-07
1.3086753e-07
1.3086245e-07
1.3085824e-07
1.3085306e-07
1.3084907e-07
1.3084375e-07
1.3084001e-07
1.3083456e-07
1.3083106e-07
1.3082551e-07
1.3082221e-07
1.3081665e-07
1.3081351e-07
1.3080794e-07
1.3080501e-07
1.3079943e-07
1.3079672e-07
1.307911e-07
1.3078867e-07
1.3078294e-07
1.3078091e-07
1.3077491e-07
1.3077341e-07
1.3076704e-07
1.3076616e-07
1.3075932e-07
1.3075916e-07
1.3075173e-07
1.3075238e-07
1.3074432e-07
1.3074583e-07
1.3073704e-07
1.3073952e-07
1.3072996e-07
1.3073405e-07
1.3071984e-07
1.3072565e-07
1.3071234e-07
1.3071854e-07
1.3070621e-07
1.3071249e-07
1.3070113e-07
1.3070729e-07
1.3069696e-07
1.3070275e-07
1.306935e-07
1.306988e-07
1.306906e-07
1.3069536e-07
1.3068814e-07
1.3069237e-07
1.3068601e-07
1.3068976e-07
1.3068415e-07
1.3068746e-07
1.3068254e-07
1.3068541e-07
1.306811e-07
1.3068359e-07
1.3067986e-07
1.3068197e-07
1.3067875e-07
1.3095543e-07
1.3094814e-07
1.3094537e-07
1.3093826e-07
1.309354e-07
1.309284e-07
1.309255e-07
1.3091852e-07
1.3091565e-07
1.3090862e-07
1.3090583e-07
1.308987e-07
1.3089601e-07
1.308888e-07
1.3088619e-07
1.3087892e-07
1.3087637e-07
1.3086906e-07
1.3086656e-07
1.3085921e-07
1.3085674e-07
1.308494e-07
1.3084691e-07
1.3083958e-07
1.308371e-07
1.3082972e-07
1.3082731e-07
1.3081981e-07
1.308175e-07
1.3080983e-07
1.3080769e-07
1.3079975e-07
1.3079787e-07
1.3078958e-07
1.3078802e-07
1.3077935e-07
1.3077816e-07
1.3076906e-07
1.3076829e-07
1.3075875e-07
1.3075839e-07
1.3074842e-07
1.3074847e-07
1.3073428e-07
1.3073489e-07
1.3072214e-07
1.3072311e-07
1.3071172e-07
1.3071301e-07
1.3070291e-07
1.3070437e-07
1.3069549e-07
1.3069697e-07
1.3068923e-07
1.3069064e-07
1.3068394e-07
1.3068522e-07
1.3067945e-07
1.3068058e-07
1.3067563e-07
1.3067661e-07
1.3067236e-07
1.3067319e-07
1.3066956e-07
1.3067024e-07
1.3066717e-07
1.3066772e-07
1.3066516e-07
1.3066563e-07
1.3066345e-07
1.3093865e-07
1.3093262e-07
1.3092838e-07
1.3092289e-07
1.3091819e-07
1.3091323e-07
1.309081e-07
1.3090362e-07
1.3089809e-07
1.3089406e-07
1.3088817e-07
1.3088454e-07
1.3087833e-07
1.3087504e-07
1.3086857e-07
1.3086559e-07
1.3085889e-07
1.308562e-07
1.3084926e-07
1.3084687e-07
1.3083967e-07
1.3083758e-07
1.308301e-07
1.3082832e-07
1.3082052e-07
1.3081907e-07
1.3081093e-07
1.3080981e-07
1.3080134e-07
1.3080054e-07
1.3079177e-07
1.3079126e-07
1.3078222e-07
1.3078197e-07
1.3077274e-07
1.3077267e-07
1.3076334e-07
1.307634e-07
1.3075403e-07
1.3075414e-07
1.3074485e-07
1.3074492e-07
1.3073387e-07
1.307339e-07
1.307225e-07
1.3072234e-07
1.3071272e-07
1.3071237e-07
1.3070419e-07
1.3070364e-07
1.3069673e-07
1.3069602e-07
1.3069019e-07
1.3068939e-07
1.3068448e-07
1.3068363e-07
1.3067953e-07
1.3067866e-07
1.3067523e-07
1.3067439e-07
1.3067153e-07
1.3067076e-07
1.3066833e-07
1.3066767e-07
1.3066558e-07
1.3066505e-07
1.306632e-07
1.3066279e-07
1.306611e-07
1.3066081e-07
1.3090827e-07
1.3090266e-07
1.3089796e-07
1.3089256e-07
1.3088772e-07
1.3088245e-07
1.3087755e-07
1.3087235e-07
1.3086744e-07
1.308622e-07
1.3085735e-07
1.30852e-07
1.3084727e-07
1.3084174e-07
1.3083717e-07
1.3083142e-07
1.3082707e-07
1.308211e-07
1.3081697e-07
1.308108e-07
1.3080689e-07
1.3080056e-07
1.3079686e-07
1.3079039e-07
1.307869e-07
1.3078034e-07
1.30777e-07
1.307704e-07
1.3076722e-07
1.3076057e-07
1.3075755e-07
1.3075086e-07
1.3074799e-07
1.3074126e-07
1.3073857e-07
1.3073174e-07
1.3072927e-07
1.3072233e-07
1.307201e-07
1.3071301e-07
1.3071105e-07
1.3070379e-07
1.3070176e-07
1.3069151e-07
1.3068989e-07
1.3068069e-07
1.3067971e-07
1.3067151e-07
1.3067096e-07
1.306637e-07
1.3066345e-07
1.3065707e-07
1.30657e-07
1.3065143e-07
1.3065149e-07
1.3064663e-07
1.306471e-07
1.3064276e-07
1.3064353e-07
1.3063969e-07
1.3063956e-07
1.3063806e-07
1.3063656e-07
1.3063626e-07
1.3063447e-07
1.3063421e-07
1.3063264e-07
1.3063242e-07
1.30631e-07
1.3063083e-07
1.3095329e-07
1.3094968e-07
1.3094291e-07
1.3093918e-07
1.309326e-07
1.3092868e-07
1.3092233e-07
1.3091813e-07
1.3091206e-07
1.3090751e-07
1.3090177e-07
1.3089681e-07
1.3089142e-07
1.3088602e-07
1.3088097e-07
1.3087516e-07
1.3087042e-07
1.3086422e-07
1.3085981e-07
1.3085324e-07
1.3084914e-07
1.3084227e-07
1.3083844e-07
1.3083131e-07
1.3082775e-07
1.3082042e-07
1.3081711e-07
1.3080961e-07
1.3080651e-07
1.307989e-07
1.3079597e-07
1.3078828e-07
1.3078548e-07
1.3077772e-07
1.30775e-07
1.3076721e-07
1.307645e-07
1.3075669e-07
1.3075394e-07
1.3074617e-07
1.3074329e-07
1.307356e-07
1.3073187e-07
1.3072154e-07
1.3071721e-07
1.3070857e-07
1.3070444e-07
1.3069724e-07
1.3069332e-07
1.3068736e-07
1.3068366e-07
1.3067873e-07
1.3067528e-07
1.306712e-07
1.3066803e-07
1.3066462e-07
1.3066146e-07
1.3065868e-07
1.3065561e-07
1.3065328e-07
1.3065051e-07
1.3064851e-07
1.3064607e-07
1.3064433e-07
1.3064222e-07
1.3064074e-07
1.3063889e-07
1.3063763e-07
1.3063601e-07
1.3063494e-07
1.3092216e-07
1.3091865e-07
1.3091178e-07
1.309082e-07
1.3090143e-07
1.3089778e-07
1.3089113e-07
1.3088739e-07
1.3088087e-07
1.3087704e-07
1.3087066e-07
1.3086674e-07
1.308605e-07
1.3085648e-07
1.308504e-07
1.3084629e-07
1.3084033e-07
1.3083614e-07
1.3083031e-07
1.3082605e-07
1.3082031e-07
1.3081598e-07
1.3081032e-07
1.3080592e-07
1.3080033e-07
1.3079587e-07
1.3079033e-07
1.3078581e-07
1.3078031e-07
1.3077575e-07
1.3077027e-07
1.3076568e-07
1.307602e-07
1.3075559e-07
1.3075011e-07
1.307455e-07
1.3074e-07
1.3073539e-07
1.3072987e-07
1.3072526e-07
1.3071972e-07
1.3071511e-07
1.3070838e-07
1.3070208e-07
1.3069497e-07
1.3068949e-07
1.3068332e-07
1.3067854e-07
1.3067319e-07
1.3066903e-07
1.306644e-07
1.3066078e-07
1.3065676e-07
1.3065362e-07
1.3065013e-07
1.3064742e-07
1.3064439e-07
1.3064205e-07
1.3063942e-07
1.3063742e-07
1.3063512e-07
1.3063342e-07
1.3063141e-07
1.3062997e-07
1.3062821e-07
1.3062699e-07
1.3062544e-07
1.3062442e-07
1.3062304e-07
1.3062219e-07
1.3095571e-07
1.3095078e-07
1.3094507e-07
1.3094009e-07
1.3093441e-07
1.3092939e-07
1.3092374e-07
1.3091869e-07
1.3091307e-07
1.3090798e-07
1.3090242e-07
1.3089728e-07
1.3089176e-07
1.3088659e-07
1.3088111e-07
1.308759e-07
1.3087045e-07
1.308652e-07
1.3085979e-07
1.308545e-07
1.3084911e-07
1.3084379e-07
1.308384e-07
1.3083308e-07
1.3082768e-07
1.3082235e-07
1.3081694e-07
1.3081162e-07
1.3080617e-07
1.3080089e-07
1.3079538e-07
1.3079016e-07
1.3078459e-07
1.3077946e-07
1.3077379e-07
1.3076878e-07
1.3076302e-07
1.3075814e-07
1.3075228e-07
1.3074755e-07
1.3074157e-07
1.3073702e-07
1.3072965e-07
1.3072365e-07
1.3071567e-07
1.307107e-07
1.307036e-07
1.3069947e-07
1.3069317e-07
1.3068973e-07
1.3068417e-07
1.306813e-07
1.3067641e-07
1.3067399e-07
1.3066971e-07
1.3066765e-07
1.3066392e-07
1.3066216e-07
1.3065892e-07
1.3065738e-07
1.3065457e-07
1.3065323e-07
1.306508e-07
1.3064962e-07
1.3064752e-07
1.3064646e-07
1.3064464e-07
1.3064369e-07
1.3064212e-07
1.3064127e-07
1.3096362e-07
1.3095843e-07
1.3095307e-07
1.3094792e-07
1.3094253e-07
1.3093741e-07
1.3093198e-07
1.3092689e-07
1.3092142e-07
1.3091635e-07
1.3091082e-07
1.3090577e-07
1.3090019e-07
1.3089515e-07
1.3088951e-07
1.3088449e-07
1.308788e-07
1.308738e-07
1.3086807e-07
1.3086311e-07
1.3085734e-07
1.3085243e-07
1.3084663e-07
1.3084178e-07
1.3083596e-07
1.3083119e-07
1.3082535e-07
1.3082068e-07
1.3081481e-07
1.3081023e-07
1.3080433e-07
1.3079985e-07
1.3079391e-07
1.3078953e-07
1.3078354e-07
1.3077924e-07
1.3077319e-07
1.3076898e-07
1.3076286e-07
1.3075874e-07
1.3075253e-07
1.307485e-07
1.3074088e-07
1.3073542e-07
1.3072728e-07
1.3072264e-07
1.307155e-07
1.3071154e-07
1.3070529e-07
1.3070191e-07
1.3069645e-07
1.3069355e-07
1.3068878e-07
1.3068628e-07
1.3068213e-07
1.3067996e-07
1.3067635e-07
1.3067446e-07
1.3067132e-07
1.3066966e-07
1.3066693e-07
1.3066547e-07
1.306631e-07
1.306618e-07
1.3065974e-07
1.3065858e-07
1.306568e-07
1.3065577e-07
1.3065423e-07
1.306533e-07
1.3097068e-07
1.3096619e-07
1.3095998e-07
1.3095556e-07
1.3094928e-07
1.3094493e-07
1.3093861e-07
1.3093432e-07
1.3092796e-07
1.3092373e-07
1.3091736e-07
1.3091318e-07
1.3090681e-07
1.3090268e-07
1.3089633e-07
1.3089222e-07
1.308859e-07
1.3088181e-07
1.3087552e-07
1.3087142e-07
1.3086516e-07
1.3086104e-07
1.3085482e-07
1.3085064e-07
1.3084446e-07
1.3084022e-07
1.3083408e-07
1.3082977e-07
1.3082367e-07
1.3081929e-07
1.3081324e-07
1.3080879e-07
1.3080278e-07
1.3079828e-07
1.3079232e-07
1.3078776e-07
1.3078184e-07
1.3077723e-07
1.3077135e-07
1.3076671e-07
1.3076085e-07
1.3075617e-07
1.3074909e-07
1.3074262e-07
1.3073515e-07
1.3072949e-07
1.3072301e-07
1.3071806e-07
1.3071241e-07
1.3070807e-07
1.3070314e-07
1.3069935e-07
1.3069504e-07
1.3069172e-07
1.3068795e-07
1.3068504e-07
1.3068175e-07
1.306792e-07
1.3067634e-07
1.3067412e-07
1.3067163e-07
1.3066969e-07
1.3066753e-07
1.3066586e-07
1.3066399e-07
1.3066254e-07
1.3066093e-07
1.3065968e-07
1.3065829e-07
1.3065722e-07
1.3100597e-07
1.3100167e-07
1.3099526e-07
1.3099091e-07
1.3098455e-07
1.3098014e-07
1.3097384e-07
1.3096938e-07
1.3096316e-07
1.3095861e-07
1.3095248e-07
1.3094785e-07
1.309418e-07
1.3093709e-07
1.3093112e-07
1.3092631e-07
1.3092044e-07
1.3091554e-07
1.3090975e-07
1.3090476e-07
1.3089907e-07
1.3089398e-07
1.3088839e-07
1.3088322e-07
1.3087772e-07
1.3087247e-07
1.3086705e-07
1.3086172e-07
1.3085638e-07
1.3085097e-07
1.308457e-07
1.3084022e-07
1.30835e-07
1.3082945e-07
1.3082428e-07
1.3081866e-07
1.3081353e-07
1.3080786e-07
1.3080277e-07
1.3079705e-07
1.3079199e-07
1.3078625e-07
1.3078019e-07
1.307723e-07
1.3076594e-07
1.3075907e-07
1.3075357e-07
1.307476e-07
1.3074285e-07
1.3073768e-07
1.3073357e-07
1.307291e-07
1.3072555e-07
1.3072168e-07
1.3071863e-07
1.3071529e-07
1.3071265e-07
1.3070976e-07
1.3070749e-07
1.30705e-07
1.3070302e-07
1.3070087e-07
1.3069916e-07
1.306973e-07
1.3069581e-07
1.306942e-07
1.3069289e-07
1.306915e-07
1.3069036e-07
1.3068914e-07
1.3102007e-07
1.3101544e-07
1.3100942e-07
1.3100479e-07
1.3099879e-07
1.3099417e-07
1.3098817e-07
1.3098356e-07
1.3097757e-07
1.3097295e-07
1.3096697e-07
1.3096235e-07
1.3095638e-07
1.3095175e-07
1.3094579e-07
1.3094115e-07
1.309352e-07
1.3093053e-07
1.3092461e-07
1.3091991e-07
1.3091401e-07
1.3090927e-07
1.309034e-07
1.3089862e-07
1.3089279e-07
1.3088795e-07
1.3088217e-07
1.3087728e-07
1.3087156e-07
1.3086661e-07
1.3086095e-07
1.3085594e-07
1.3085035e-07
1.3084528e-07
1.3083975e-07
1.3083462e-07
1.3082917e-07
1.3082398e-07
1.3081859e-07
1.3081334e-07
1.3080801e-07
1.3080271e-07
1.3079633e-07
1.3078897e-07
1.3078231e-07
1.3077586e-07
1.3077013e-07
1.3076449e-07
1.3075956e-07
1.3075462e-07
1.3075038e-07
1.3074607e-07
1.3074242e-07
1.3073865e-07
1.3073551e-07
1.3073222e-07
1.3072951e-07
1.3072664e-07
1.3072429e-07
1.3072179e-07
1.3071976e-07
1.3071758e-07
1.3071581e-07
1.3071392e-07
1.3071237e-07
1.3071072e-07
1.3070937e-07
1.3070794e-07
1.3070675e-07
1.3070551e-07
1.3104877e-07
1.310432e-07
1.3103809e-07
1.3103254e-07
1.3102741e-07
1.3102188e-07
1.3101675e-07
1.3101124e-07
1.3100608e-07
1.3100061e-07
1.3099543e-07
1.3098998e-07
1.3098476e-07
1.3097934e-07
1.3097408e-07
1.3096869e-07
1.3096339e-07
1.3095802e-07
1.3095267e-07
1.3094732e-07
1.3094193e-07
1.3093659e-07
1.3093116e-07
1.3092583e-07
1.3092036e-07
1.3091504e-07
1.3090955e-07
1.3090421e-07
1.3089871e-07
1.3089337e-07
1.3088787e-07
1.3088251e-07
1.3087703e-07
1.3087165e-07
1.3086619e-07
1.3086078e-07
1.3085536e-07
1.3084991e-07
1.3084453e-07
1.3083906e-07
1.3083371e-07
1.308282e-07
1.3082179e-07
1.3081418e-07
1.3080746e-07
1.3080078e-07
1.3079498e-07
1.3078914e-07
1.3078412e-07
1.3077901e-07
1.3077467e-07
1.3077019e-07
1.3076644e-07
1.3076252e-07
1.3075927e-07
1.3075583e-07
1.3075302e-07
1.3075002e-07
1.3074758e-07
1.3074496e-07
1.3074285e-07
1.3074056e-07
1.3073873e-07
1.3073674e-07
1.3073516e-07
1.3073343e-07
1.3073206e-07
1.3073056e-07
1.3072938e-07
1.3072807e-07
1.3109509e-07
1.3108907e-07
1.3108436e-07
1.3107833e-07
1.3107361e-07
1.3106758e-07
1.3106286e-07
1.3105683e-07
1.3105209e-07
1.3104607e-07
1.3104131e-07
1.310353e-07
1.3103052e-07
1.3102454e-07
1.3101972e-07
1.3101378e-07
1.3100892e-07
1.3100303e-07
1.3099813e-07
1.3099229e-07
1.3098735e-07
1.3098156e-07
1.3097657e-07
1.3097084e-07
1.3096581e-07
1.3096013e-07
1.3095506e-07
1.3094942e-07
1.309443e-07
1.3093869e-07
1.3093354e-07
1.3092795e-07
1.3092277e-07
1.3091718e-07
1.3091197e-07
1.3090638e-07
1.3090116e-07
1.3089556e-07
1.3089034e-07
1.3088472e-07
1.3087951e-07
1.3087388e-07
1.3086761e-07
1.3085986e-07
1.3085327e-07
1.3084652e-07
1.3084084e-07
1.3083496e-07
1.3083006e-07
1.3082494e-07
1.3082072e-07
1.3081627e-07
1.3081264e-07
1.3080877e-07
1.3080564e-07
1.3080227e-07
1.3079958e-07
1.3079664e-07
1.3079431e-07
1.3079175e-07
1.3078974e-07
1.3078751e-07
1.3078575e-07
1.307838e-07
1.3078228e-07
1.3078057e-07
1.3077924e-07
1.3077775e-07
1.3077659e-07
1.3077528e-07
1.3111983e-07
1.3111436e-07
1.3110912e-07
1.3110365e-07
1.3109843e-07
1.3109295e-07
1.3108774e-07
1.3108225e-07
1.3107706e-07
1.3107153e-07
1.3106638e-07
1.310608e-07
1.3105566e-07
1.3105003e-07
1.3104492e-07
1.3103923e-07
1.3103414e-07
1.3102839e-07
1.3102333e-07
1.3101752e-07
1.3101249e-07
1.3100662e-07
1.310016e-07
1.3099569e-07
1.309907e-07
1.3098475e-07
1.3097977e-07
1.3097381e-07
1.3096884e-07
1.3096288e-07
1.3095792e-07
1.3095196e-07
1.3094701e-07
1.3094107e-07
1.3093611e-07
1.3093022e-07
1.3092525e-07
1.3091938e-07
1.309144e-07
1.3090858e-07
1.3090358e-07
1.3089779e-07
1.308917e-07
1.3088379e-07
1.3087733e-07
1.3087048e-07
1.3086484e-07
1.3085891e-07
1.3085398e-07
1.3084884e-07
1.3084454e-07
1.3084007e-07
1.3083632e-07
1.3083243e-07
1.3082916e-07
1.3082577e-07
1.3082292e-07
1.3081996e-07
1.3081749e-07
1.308149e-07
1.3081275e-07
1.3081049e-07
1.3080861e-07
1.3080664e-07
1.3080501e-07
1.3080329e-07
1.3080187e-07
1.3080036e-07
1.3079913e-07
1.3079781e-07
1.3117866e-07
1.311731e-07
1.3116771e-07
1.3116209e-07
1.3115672e-07
1.3115106e-07
1.3114572e-07
1.3114003e-07
1.3113473e-07
1.31129e-07
1.3112376e-07
1.3111798e-07
1.3111281e-07
1.31107e-07
1.3110188e-07
1.3109604e-07
1.3109097e-07
1.3108511e-07
1.310801e-07
1.310742e-07
1.3106924e-07
1.3106331e-07
1.310584e-07
1.3105244e-07
1.3104756e-07
1.3104158e-07
1.3103673e-07
1.3103072e-07
1.3102589e-07
1.3101985e-07
1.3101503e-07
1.3100897e-07
1.3100415e-07
1.3099807e-07
1.3099325e-07
1.3098715e-07
1.3098233e-07
1.3097622e-07
1.3097139e-07
1.3096528e-07
1.3096044e-07
1.3095433e-07
1.3094846e-07
1.3094009e-07
1.3093386e-07
1.3092661e-07
1.3092118e-07
1.309149e-07
1.3091017e-07
1.3090473e-07
1.3090061e-07
1.308959e-07
1.3089231e-07
1.3088823e-07
1.3088511e-07
1.3088157e-07
1.3087885e-07
1.3087577e-07
1.308734e-07
1.3087073e-07
1.3086866e-07
1.3086633e-07
1.3086452e-07
1.3086249e-07
1.3086091e-07
1.3085913e-07
1.3085776e-07
1.308562e-07
1.3085501e-07
1.3085365e-07
1.3122968e-07
1.3122403e-07
1.3121886e-07
1.3121321e-07
1.3120805e-07
1.3120239e-07
1.3119722e-07
1.3119156e-07
1.3118638e-07
1.311807e-07
1.3117552e-07
1.3116982e-07
1.3116462e-07
1.3115892e-07
1.3115371e-07
1.31148e-07
1.3114277e-07
1.3113706e-07
1.3113182e-07
1.311261e-07
1.3112086e-07
1.3111513e-07
1.3110988e-07
1.3110416e-07
1.3109891e-07
1.3109319e-07
1.3108794e-07
1.3108222e-07
1.3107698e-07
1.3107126e-07
1.3106604e-07
1.3106032e-07
1.3105512e-07
1.3104941e-07
1.3104423e-07
1.3103852e-07
1.3103336e-07
1.3102765e-07
1.3102252e-07
1.3101679e-07
1.3101168e-07
1.3100594e-07
1.3099975e-07
1.3099183e-07
1.3098531e-07
1.309784e-07
1.3097276e-07
1.3096672e-07
1.3096182e-07
1.3095655e-07
1.3095229e-07
1.3094768e-07
1.3094397e-07
1.3093994e-07
1.3093671e-07
1.3093317e-07
1.3093036e-07
1.3092727e-07
1.3092481e-07
1.3092211e-07
1.3091996e-07
1.3091762e-07
1.3091574e-07
1.3091371e-07
1.3091207e-07
1.3091031e-07
1.3090888e-07
1.3090737e-07
1.3090614e-07
1.3090484e-07
1.3128691e-07
1.3128074e-07
1.3127584e-07
1.3126967e-07
1.3126477e-07
1.3125861e-07
1.312537e-07
1.3124756e-07
1.3124266e-07
1.3123653e-07
1.3123164e-07
1.3122552e-07
1.3122065e-07
1.3121454e-07
1.3120967e-07
1.3120359e-07
1.3119872e-07
1.3119265e-07
1.3118779e-07
1.3118173e-07
1.3117687e-07
1.3117082e-07
1.3116595e-07
1.3115992e-07
1.3115504e-07
1.3114901e-07
1.3114411e-07
1.3113809e-07
1.3113316e-07
1.3112714e-07
1.3112218e-07
1.3111616e-07
1.3111117e-07
1.3110514e-07
1.3110012e-07
1.3109407e-07
1.3108902e-07
1.3108295e-07
1.3107788e-07
1.310718e-07
1.3106671e-07
1.3106061e-07
1.3105445e-07
1.3104607e-07
1.3103956e-07
1.3103226e-07
1.310266e-07
1.3102024e-07
1.3101533e-07
1.310098e-07
1.3100555e-07
1.3100073e-07
1.3099706e-07
1.3099287e-07
1.309897e-07
1.3098606e-07
1.3098333e-07
1.3098016e-07
1.309778e-07
1.3097505e-07
1.3097301e-07
1.3097062e-07
1.3096885e-07
1.3096678e-07
1.3096524e-07
1.3096344e-07
1.3096209e-07
1.3096052e-07
1.3095935e-07
1.3095798e-07
1.3138125e-07
1.3137512e-07
1.3137038e-07
1.3136426e-07
1.3135953e-07
1.3135343e-07
1.313487e-07
1.3134262e-07
1.3133787e-07
1.313318e-07
1.3132704e-07
1.3132097e-07
1.3131618e-07
1.3131012e-07
1.313053e-07
1.3129923e-07
1.3129436e-07
1.3128829e-07
1.3128338e-07
1.3127729e-07
1.3127234e-07
1.3126623e-07
1.3126124e-07
1.3125511e-07
1.312501e-07
1.3124394e-07
1.3123892e-07
1.3123274e-07
1.3122772e-07
1.3122153e-07
1.3121651e-07
1.312103e-07
1.312053e-07
1.3119909e-07
1.311941e-07
1.311879e-07
1.3118293e-07
1.3117672e-07
1.3117178e-07
1.3116556e-07
1.3116063e-07
1.3115442e-07
1.3114846e-07
1.3113991e-07
1.3113362e-07
1.3112618e-07
1.3112072e-07
1.3111425e-07
1.3110949e-07
1.3110387e-07
1.3109973e-07
1.3109483e-07
1.3109123e-07
1.3108696e-07
1.3108383e-07
1.3108011e-07
1.3107738e-07
1.3107414e-07
1.3107176e-07
1.3106894e-07
1.3106686e-07
1.3106441e-07
1.3106259e-07
1.3106046e-07
1.3105888e-07
1.3105703e-07
1.3105566e-07
1.3105405e-07
1.3105286e-07
1.3105146e-07
1.3145022e-07
1.3144437e-07
1.3143914e-07
1.3143327e-07
1.3142805e-07
1.3142213e-07
1.3141692e-07
1.3141096e-07
1.3140576e-07
1.3139976e-07
1.3139457e-07
1.3138853e-07
1.3138335e-07
1.3137728e-07
1.3137212e-07
1.3136602e-07
1.3136088e-07
1.3135476e-07
1.3134964e-07
1.313435e-07
1.3133841e-07
1.3133226e-07
1.3132718e-07
1.3132104e-07
1.3131597e-07
1.3130982e-07
1.3130476e-07
1.3129861e-07
1.3129355e-07
1.3128741e-07
1.3128233e-07
1.3127619e-07
1.3127111e-07
1.3126497e-07
1.3125988e-07
1.3125374e-07
1.3124865e-07
1.3124251e-07
1.3123741e-07
1.3123127e-07
1.3122617e-07
1.3122003e-07
1.3121385e-07
1.312054e-07
1.3119889e-07
1.3119154e-07
1.311859e-07
1.3117949e-07
1.3117461e-07
1.3116903e-07
1.311648e-07
1.3115994e-07
1.3115629e-07
1.3115205e-07
1.3114888e-07
1.3114518e-07
1.3114244e-07
1.311392e-07
1.3113682e-07
1.3113398e-07
1.311319e-07
1.3112942e-07
1.311276e-07
1.3112543e-07
1.3112383e-07
1.3112193e-07
1.3112051e-07
1.3111884e-07
1.311176e-07
1.3111614e-07
1.3157773e-07
1.3157173e-07
1.3156649e-07
1.3156046e-07
1.3155526e-07
1.3154921e-07
1.3154405e-07
1.3153798e-07
1.3153285e-07
1.3152675e-07
1.3152167e-07
1.3151553e-07
1.3151049e-07
1.3150432e-07
1.314993e-07
1.3149311e-07
1.3148811e-07
1.314819e-07
1.3147691e-07
1.3147067e-07
1.3146569e-07
1.3145944e-07
1.3145446e-07
1.314482e-07
1.3144322e-07
1.3143696e-07
1.3143197e-07
1.314257e-07
1.3142071e-07
1.3141444e-07
1.3140944e-07
1.3140317e-07
1.3139817e-07
1.3139189e-07
1.3138689e-07
1.313806e-07
1.313756e-07
1.3136929e-07
1.3136429e-07
1.3135796e-07
1.3135296e-07
1.3134662e-07
1.3134054e-07
1.313318e-07
1.3132537e-07
1.3131775e-07
1.3131216e-07
1.3130551e-07
1.3130064e-07
1.3129486e-07
1.3129061e-07
1.3128557e-07
1.3128186e-07
1.3127746e-07
1.3127423e-07
1.3127038e-07
1.3126755e-07
1.3126418e-07
1.312617e-07
1.3125875e-07
1.3125657e-07
1.3125399e-07
1.3125207e-07
1.312498e-07
1.3124812e-07
1.3124614e-07
1.3124466e-07
1.3124292e-07
1.3124164e-07
1.3124012e-07
1.3169019e-07
1.3168397e-07
1.3167896e-07
1.3167276e-07
1.3166771e-07
1.3166154e-07
1.3165645e-07
1.3165029e-07
1.3164518e-07
1.3163903e-07
1.316339e-07
1.3162775e-07
1.3162261e-07
1.3161645e-07
1.316113e-07
1.3160514e-07
1.3159999e-07
1.315938e-07
1.3158866e-07
1.3158244e-07
1.3157732e-07
1.3157106e-07
1.3156595e-07
1.3155966e-07
1.3155455e-07
1.3154822e-07
1.3154314e-07
1.3153677e-07
1.3153169e-07
1.315253e-07
1.3152023e-07
1.3151381e-07
1.3150876e-07
1.3150233e-07
1.3149727e-07
1.3149083e-07
1.3148578e-07
1.3147933e-07
1.3147428e-07
1.3146783e-07
1.3146276e-07
1.3145631e-07
1.3145016e-07
1.3144129e-07
1.3143477e-07
1.3142704e-07
1.3142136e-07
1.3141461e-07
1.3140966e-07
1.3140377e-07
1.3139944e-07
1.313943e-07
1.3139053e-07
1.3138603e-07
1.3138276e-07
1.3137882e-07
1.3137597e-07
1.3137254e-07
1.3137006e-07
1.3136708e-07
1.3136493e-07
1.3136235e-07
1.313605e-07
1.3135827e-07
1.3135668e-07
1.3135478e-07
1.3135341e-07
1.3135179e-07
1.3135063e-07
1.3134925e-07
1.3184704e-07
1.3184059e-07
1.3183563e-07
1.3182921e-07
1.3182424e-07
1.3181784e-07
1.3181284e-07
1.3180647e-07
1.3180146e-07
1.3179511e-07
1.3179007e-07
1.3178375e-07
1.3177869e-07
1.3177238e-07
1.3176729e-07
1.31761e-07
1.3175587e-07
1.3174959e-07
1.3174445e-07
1.3173816e-07
1.3173299e-07
1.317267e-07
1.3172151e-07
1.3171521e-07
1.3170999e-07
1.3170366e-07
1.3169843e-07
1.3169206e-07
1.3168682e-07
1.3168041e-07
1.3167517e-07
1.3166871e-07
1.3166347e-07
1.3165695e-07
1.3165172e-07
1.3164516e-07
1.3163995e-07
1.3163334e-07
1.3162815e-07
1.316215e-07
1.3161633e-07
1.3160965e-07
1.3160345e-07
1.3159424e-07
1.3158771e-07
1.3157967e-07
1.3157402e-07
1.3156701e-07
1.3156213e-07
1.3155603e-07
1.3155179e-07
1.3154649e-07
1.3154283e-07
1.3153821e-07
1.3153503e-07
1.3153101e-07
1.3152826e-07
1.3152475e-07
1.3152235e-07
1.3151929e-07
1.3151719e-07
1.3151453e-07
1.3151269e-07
1.3151036e-07
1.3150875e-07
1.3150672e-07
1.315053e-07
1.3150353e-07
1.315023e-07
1.3150076e-07
1.3203694e-07
1.3203052e-07
1.3202541e-07
1.3201896e-07
1.3201386e-07
1.3200737e-07
1.3200225e-07
1.3199575e-07
1.3199062e-07
1.3198409e-07
1.3197894e-07
1.319724e-07
1.3196723e-07
1.3196068e-07
1.3195549e-07
1.3194894e-07
1.3194372e-07
1.3193717e-07
1.3193193e-07
1.3192538e-07
1.3192014e-07
1.319136e-07
1.3190834e-07
1.3190182e-07
1.3189655e-07
1.3189004e-07
1.3188478e-07
1.3187828e-07
1.3187302e-07
1.3186654e-07
1.3186129e-07
1.3185481e-07
1.3184957e-07
1.3184309e-07
1.3183786e-07
1.3183138e-07
1.3182616e-07
1.3181966e-07
1.3181444e-07
1.3180791e-07
1.3180268e-07
1.3179612e-07
1.3178976e-07
1.3178068e-07
1.3177394e-07
1.3176598e-07
1.3176011e-07
1.3175313e-07
1.3174802e-07
1.3174189e-07
1.3173743e-07
1.3173204e-07
1.3172816e-07
1.3172343e-07
1.3172005e-07
1.3171589e-07
1.3171296e-07
1.3170933e-07
1.3170679e-07
1.3170362e-07
1.3170142e-07
1.3169868e-07
1.3169678e-07
1.3169441e-07
1.3169278e-07
1.3169075e-07
1.3168935e-07
1.316876e-07
1.316864e-07
1.316849e-07
1.3224572e-07
1.3223913e-07
1.3223387e-07
1.3222724e-07
1.3222199e-07
1.3221536e-07
1.3221011e-07
1.3220347e-07
1.3219824e-07
1.3219159e-07
1.3218638e-07
1.3217972e-07
1.3217453e-07
1.3216787e-07
1.3216269e-07
1.3215604e-07
1.3215085e-07
1.321442e-07
1.3213901e-07
1.3213236e-07
1.3212716e-07
1.3212051e-07
1.3211528e-07
1.3210863e-07
1.3210337e-07
1.3209671e-07
1.3209143e-07
1.3208475e-07
1.3207944e-07
1.3207276e-07
1.3206742e-07
1.3206071e-07
1.3205536e-07
1.3204863e-07
1.3204327e-07
1.3203652e-07
1.3203115e-07
1.3202437e-07
1.3201901e-07
1.3201221e-07
1.3200685e-07
1.3200003e-07
1.3199356e-07
1.3198415e-07
1.3197732e-07
1.319691e-07
1.3196318e-07
1.3195601e-07
1.3195088e-07
1.3194462e-07
1.3194017e-07
1.319347e-07
1.3193085e-07
1.3192607e-07
1.3192273e-07
1.3191855e-07
1.3191566e-07
1.31912e-07
1.3190949e-07
1.3190629e-07
1.319041e-07
1.3190132e-07
1.318994e-07
1.3189698e-07
1.3189531e-07
1.318932e-07
1.3189174e-07
1.3188991e-07
1.3188865e-07
1.3188706e-07
1.3253321e-07
1.3252642e-07
1.3252121e-07
1.325144e-07
1.325092e-07
1.3250237e-07
1.3249716e-07
1.3249032e-07
1.324851e-07
1.3247823e-07
1.32473e-07
1.3246612e-07
1.3246088e-07
1.3245398e-07
1.3244872e-07
1.3244182e-07
1.3243655e-07
1.3242964e-07
1.3242437e-07
1.3241745e-07
1.3241218e-07
1.3240526e-07
1.3239998e-07
1.3239306e-07
1.3238778e-07
1.3238085e-07
1.3237558e-07
1.3236864e-07
1.3236336e-07
1.3235641e-07
1.3235113e-07
1.3234416e-07
1.3233887e-07
1.3233189e-07
1.3232659e-07
1.3231958e-07
1.3231426e-07
1.3230723e-07
1.323019e-07
1.3229484e-07
1.3228947e-07
1.322824e-07
1.3227587e-07
1.3226613e-07
1.3225918e-07
1.3225069e-07
1.3224461e-07
1.3223721e-07
1.3223189e-07
1.3222545e-07
1.3222079e-07
1.3221518e-07
1.3221112e-07
1.3220622e-07
1.3220268e-07
1.3219841e-07
1.3219533e-07
1.321916e-07
1.3218893e-07
1.3218567e-07
1.3218334e-07
1.3218051e-07
1.3217848e-07
1.3217601e-07
1.3217424e-07
1.3217209e-07
1.3217055e-07
1.3216867e-07
1.3216733e-07
1.3216569e-07
1.3285268e-07
1.3284581e-07
1.3284034e-07
1.3283347e-07
1.32828e-07
1.3282112e-07
1.3281565e-07
1.3280876e-07
1.3280328e-07
1.3279637e-07
1.327909e-07
1.3278397e-07
1.327785e-07
1.3277153e-07
1.3276607e-07
1.3275907e-07
1.3275361e-07
1.3274656e-07
1.3274112e-07
1.3273402e-07
1.3272859e-07
1.3272145e-07
1.3271603e-07
1.3270885e-07
1.3270345e-07
1.3269624e-07
1.3269085e-07
1.3268361e-07
1.3267825e-07
1.3267099e-07
1.3266563e-07
1.3265837e-07
1.3265302e-07
1.3264575e-07
1.3264039e-07
1.3263312e-07
1.3262776e-07
1.3262048e-07
1.326151e-07
1.3260782e-07
1.326024e-07
1.3259511e-07
1.3258851e-07
1.3257846e-07
1.3257144e-07
1.3256267e-07
1.3255653e-07
1.3254887e-07
1.325435e-07
1.3253682e-07
1.3253212e-07
1.3252628e-07
1.3252217e-07
1.3251706e-07
1.3251347e-07
1.3250899e-07
1.3250587e-07
1.3250195e-07
1.3249923e-07
1.324958e-07
1.3249343e-07
1.3249045e-07
1.3248838e-07
1.324858e-07
1.32484e-07
1.3248176e-07
1.324802e-07
1.3247827e-07
1.3247692e-07
1.3247525e-07
1.3328539e-07
1.3327827e-07
1.3327259e-07
1.3326542e-07
1.3325973e-07
1.3325253e-07
1.3324684e-07
1.3323962e-07
1.3323393e-07
1.3322669e-07
1.3322102e-07
1.3321377e-07
1.3320812e-07
1.3320088e-07
1.3319524e-07
1.3318801e-07
1.3318238e-07
1.3317516e-07
1.3316955e-07
1.3316232e-07
1.3315674e-07
1.331495e-07
1.3314392e-07
1.3313667e-07
1.3313109e-07
1.331238e-07
1.3311822e-07
1.3311089e-07
1.331053e-07
1.3309793e-07
1.3309232e-07
1.330849e-07
1.3307928e-07
1.330718e-07
1.3306616e-07
1.3305864e-07
1.3305299e-07
1.3304542e-07
1.3303976e-07
1.3303217e-07
1.3302648e-07
1.3301887e-07
1.3301198e-07
1.330015e-07
1.3299419e-07
1.3298507e-07
1.3297868e-07
1.3297073e-07
1.3296517e-07
1.3295825e-07
1.3295339e-07
1.3294737e-07
1.3294313e-07
1.3293787e-07
1.3293418e-07
1.3292958e-07
1.3292637e-07
1.3292234e-07
1.3291954e-07
1.3291601e-07
1.3291356e-07
1.3291048e-07
1.3290834e-07
1.3290564e-07
1.3290377e-07
1.3290142e-07
1.3289979e-07
1.3289775e-07
1.3289634e-07
1.3289456e-07
1.3381287e-07
1.338054e-07
1.3379965e-07
1.3379217e-07
1.3378641e-07
1.3377893e-07
1.3377315e-07
1.3376566e-07
1.3375987e-07
1.3375236e-07
1.3374655e-07
1.3373904e-07
1.337332e-07
1.3372568e-07
1.3371981e-07
1.3371228e-07
1.3370638e-07
1.3369884e-07
1.3369291e-07
1.3368535e-07
1.3367942e-07
1.3367184e-07
1.3366588e-07
1.3365829e-07
1.3365233e-07
1.336447e-07
1.3363876e-07
1.336311e-07
1.3362516e-07
1.3361748e-07
1.3361155e-07
1.3360383e-07
1.3359792e-07
1.3359017e-07
1.3358427e-07
1.3357648e-07
1.3357058e-07
1.3356275e-07
1.3355684e-07
1.3354899e-07
1.3354305e-07
1.3353517e-07
1.3352795e-07
1.3351709e-07
1.335094e-07
1.3349994e-07
1.334932e-07
1.3348495e-07
1.3347906e-07
1.3347188e-07
1.3346673e-07
1.3346048e-07
1.33456e-07
1.3345055e-07
1.3344668e-07
1.3344193e-07
1.3343859e-07
1.3343446e-07
1.3343159e-07
1.33428e-07
1.3342554e-07
1.3342243e-07
1.3342031e-07
1.3341761e-07
1.334158e-07
1.3341346e-07
1.3341189e-07
1.3340984e-07
1.3340848e-07
1.3340669e-07
1.3451906e-07
1.3451131e-07
1.3450514e-07
1.3449741e-07
1.3449124e-07
1.3448352e-07
1.3447734e-07
1.3446962e-07
1.3446343e-07
1.3445568e-07
1.3444949e-07
1.3444169e-07
1.344355e-07
1.3442764e-07
1.3442143e-07
1.3441353e-07
1.344073e-07
1.3439934e-07
1.3439311e-07
1.3438509e-07
1.3437886e-07
1.343708e-07
1.3436457e-07
1.3435648e-07
1.3435025e-07
1.3434213e-07
1.3433592e-07
1.3432778e-07
1.3432158e-07
1.3431343e-07
1.3430723e-07
1.3429906e-07
1.3429287e-07
1.3428468e-07
1.3427848e-07
1.3427026e-07
1.3426405e-07
1.3425579e-07
1.3424956e-07
1.3424126e-07
1.3423498e-07
1.3422663e-07
1.34219e-07
1.3420747e-07
1.3419935e-07
1.3418926e-07
1.3418214e-07
1.3417331e-07
1.3416707e-07
1.3415936e-07
1.341539e-07
1.3414716e-07
1.3414239e-07
1.3413651e-07
1.3413236e-07
1.3412722e-07
1.3412363e-07
1.3411915e-07
1.3411604e-07
1.3411215e-07
1.3410946e-07
1.341061e-07
1.3410378e-07
1.3410087e-07
1.3409887e-07
1.3409635e-07
1.3409462e-07
1.3409244e-07
1.3409095e-07
1.3408906e-07
1.3548138e-07
1.3547303e-07
1.3546641e-07
1.3545792e-07
1.3545127e-07
1.3544267e-07
1.3543598e-07
1.3542729e-07
1.3542058e-07
1.3541183e-07
1.3540511e-07
1.3539634e-07
1.3538963e-07
1.3538088e-07
1.3537419e-07
1.353655e-07
1.3535884e-07
1.3535021e-07
1.3534361e-07
1.3533505e-07
1.353285e-07
1.3532001e-07
1.3531349e-07
1.3530505e-07
1.3529855e-07
1.3529014e-07
1.3528364e-07
1.3527521e-07
1.3526867e-07
1.3526021e-07
1.3525361e-07
1.3524507e-07
1.352384e-07
1.3522976e-07
1.3522299e-07
1.3521424e-07
1.3520739e-07
1.3519851e-07
1.3519158e-07
1.351826e-07
1.3517558e-07
1.3516651e-07
1.3515802e-07
1.3514554e-07
1.351365e-07
1.3512558e-07
1.3511767e-07
1.3510813e-07
1.3510123e-07
1.3509294e-07
1.3508695e-07
1.3507976e-07
1.3507459e-07
1.3506837e-07
1.3506394e-07
1.3505857e-07
1.3505479e-07
1.3505017e-07
1.3504695e-07
1.3504298e-07
1.3504023e-07
1.3503682e-07
1.3503447e-07
1.3503153e-07
1.3502951e-07
1.3502696e-07
1.3502522e-07
1.35023e-07
1.3502148e-07
1.3501953e-07
1.3686646e-07
1.3685727e-07
1.3684985e-07
1.3684058e-07
1.3683319e-07
1.3682387e-07
1.368165e-07
1.3680715e-07
1.3679983e-07
1.3679046e-07
1.367832e-07
1.367738e-07
1.367666e-07
1.3675721e-07
1.3675004e-07
1.3674067e-07
1.3673352e-07
1.3672415e-07
1.3671701e-07
1.3670764e-07
1.3670047e-07
1.366911e-07
1.3668387e-07
1.3667449e-07
1.3666716e-07
1.3665776e-07
1.3665031e-07
1.3664087e-07
1.3663329e-07
1.3662382e-07
1.3661609e-07
1.3660659e-07
1.3659874e-07
1.3658919e-07
1.3658124e-07
1.3657165e-07
1.3656364e-07
1.3655401e-07
1.3654599e-07
1.3653633e-07
1.3652833e-07
1.3651863e-07
1.3650907e-07
1.3649572e-07
1.364857e-07
1.3647403e-07
1.3646541e-07
1.3645521e-07
1.3644783e-07
1.3643894e-07
1.3643261e-07
1.3642487e-07
1.3641943e-07
1.3641269e-07
1.36408e-07
1.364021e-07
1.3639803e-07
1.3639287e-07
1.363893e-07
1.3638476e-07
1.3638159e-07
1.3637762e-07
1.3637477e-07
1.3637126e-07
1.3636872e-07
1.3636563e-07
1.3636334e-07
1.3636062e-07
1.363586e-07
1.3635622e-07
1.3908137e-07
1.3907115e-07
1.3906241e-07
1.3905216e-07
1.3904346e-07
1.3903318e-07
1.3902453e-07
1.3901421e-07
1.3900559e-07
1.3899525e-07
1.3898666e-07
1.3897627e-07
1.3896768e-07
1.3895727e-07
1.3894865e-07
1.3893819e-07
1.389295e-07
1.3891903e-07
1.3891026e-07
1.3889973e-07
1.3889087e-07
1.3888033e-07
1.3887136e-07
1.3886078e-07
1.388517e-07
1.388411e-07
1.3883194e-07
1.3882132e-07
1.3881208e-07
1.3880147e-07
1.3879217e-07
1.3878152e-07
1.3877218e-07
1.3876153e-07
1.3875219e-07
1.3874154e-07
1.3873221e-07
1.3872155e-07
1.3871225e-07
1.3870154e-07
1.3869223e-07
1.3868148e-07
1.3867021e-07
1.3865532e-07
1.3864339e-07
1.3863038e-07
1.3862002e-07
1.3860862e-07
1.3859962e-07
1.3858963e-07
1.3858178e-07
1.3857304e-07
1.3856617e-07
1.3855852e-07
1.3855254e-07
1.385458e-07
1.3854059e-07
1.3853469e-07
1.3853013e-07
1.3852497e-07
1.3852098e-07
1.3851649e-07
1.38513e-07
1.3850909e-07
1.3850605e-07
1.3850266e-07
1.3850001e-07
1.384971e-07
1.384948e-07
1.3849229e-07
1.430682e-07
1.4303592e-07
1.4301652e-07
1.4300162e-07
1.4298521e-07
1.4297614e-07
1.4296424e-07
1.4295118e-07
1.4293699e-07
1.429404e-07
1.4298099e-07
1.4294134e-07
1.4293027e-07
1.4294415e-07
1.4301192e-07
1.429621e-07
1.4294797e-07
1.4296061e-07
1.430318e-07
1.4298042e-07
1.4296417e-07
1.429738e-07
1.4303781e-07
1.4296763e-07
1.4293903e-07
1.429199e-07
1.4290616e-07
1.4287359e-07
1.4280902e-07
1.4288517e-07
1.4296298e-07
1.428954e-07
1.4284736e-07
1.4279996e-07
1.4274619e-07
1.4268167e-07
1.4258512e-07
1.4263547e-07
1.4267654e-07
1.4270905e-07
1.4270644e-07
1.4270829e-07
1.4274374e-07
1.4264225e-07
1.4251469e-07
1.4250706e-07
1.425028e-07
1.4250502e-07
1.4250021e-07
1.4255177e-07
1.4260605e-07
1.4266799e-07
1.4271767e-07
1.4266788e-07
1.4262455e-07
1.4259695e-07
1.4257938e-07
1.4257838e-07
1.4258485e-07
1.4260147e-07
1.426181e-07
1.4263351e-07
1.4263731e-07
1.4264122e-07
1.426308e-07
1.426207e-07
1.4261141e-07
1.4260691e-07
1.4259963e-07
1.4260118e-07
1.3488739e-08
1.2355705e-06
5.173215e-06
2.1396401e-06
2.5548194e-06
1.1839632e-05
1.2674616e-05
1.7368178e-05
1.9443378e-05
2.1376834e-05
2.3040853e-05
2.5850251e-05
2.7956173e-05
3.600014e-05
4.6750507e-05
2.711795e-05
2.9839327e-08
1.3210331e-06
4.9515762e-06
1.0167407e-06
1.1542143e-06
4.9195531e-06
2.8752582e-06
1.7338557e-05
1.9438136e-05
2.1371659e-05
2.3037901e-05
2.5844138e-05
2.7946303e-05
3.5967994e-05
4.6726901e-05
2.7097278e-05
6.6240763e-08
1.4622594e-06
1.7336323e-06
1.196619e-06
1.2567322e-06
1.7527951e-06
1.8194975e-06
4.5218012e-06
1.9421984e-05
2.1356993e-05
2.3032442e-05
2.5828203e-05
2.7920683e-05
3.5876619e-05
4.6643735e-05
2.7028753e-05
1.2868138e-07
1.6414058e-06
1.3444945e-06
2.5228146e-06
1.9932508e-06
1.3059638e-06
2.0289743e-06
2.4901464e-06
1.9394579e-05
2.1332678e-05
2.3024767e-05
2.5802615e-05
2.7880178e-05
3.5727645e-05
4.650124e-05
2.6916418e-05
2.1715788e-07
1.8468824e-06
5.4989504e-06
6.6160979e-06
3.149292e-06
1.9641692e-06
2.6822814e-06
2.5980041e-06
1.2850771e-05
2.1296502e-05
2.3014677e-05
2.5767024e-05
2.7823864e-05
3.5517198e-05
4.6293468e-05
2.6761061e-05
3.3410775e-07
2.0717275e-06
5.5892578e-06
6.9745095e-06
4.3021248e-06
3.1747249e-06
3.4313878e-06
3.3588143e-06
7.8251435e-06
2.1245559e-05
2.3001521e-05
2.5719686e-05
2.7751293e-05
3.5242098e-05
4.6014321e-05
2.6564891e-05
4.8162569e-07
2.3187731e-06
5.6953036e-06
6.1584934e-06
5.2438427e-06
4.3286641e-06
4.1254675e-06
4.303995e-06
5.5340405e-06
1.7154288e-05
2.2984527e-05
2.5659165e-05
2.7662243e-05
3.4899925e-05
4.5657903e-05
2.6322569e-05
6.5687088e-07
2.5866173e-06
5.8213173e-06
6.3043634e-06
6.1852569e-06
5.2801853e-06
4.8286025e-06
5.1533136e-06
4.8698314e-06
5.6312132e-06
1.6175225e-05
2.5584009e-05
2.2026231e-05
3.4489263e-05
4.5218975e-05
2.6060853e-05
8.5016789e-07
2.8685259e-06
5.9702937e-06
7.1855085e-06
7.482682e-06
6.3609306e-06
5.6786003e-06
5.872753e-06
5.1527063e-06
4.1987358e-06
1.1240318e-05
2.5492584e-05
1.2547431e-05
3.4010163e-05
4.4692401e-05
2.5773705e-05
1.0590782e-06
3.1606671e-06
6.1402033e-06
8.4898096e-06
9.3591424e-06
7.8865232e-06
6.8033865e-06
6.6159182e-06
5.9240019e-06
5.1048942e-06
9.0170542e-06
2.5383535e-05
9.4348258e-06
3.3465496e-05
4.4074403e-05
2.5467769e-05
1.2867466e-06
3.4621474e-06
6.3317406e-06
8.9461211e-06
1.1024223e-05
9.9613983e-06
8.2860465e-06
7.6253894e-06
7.0394059e-06
7.1328408e-06
8.8455306e-06
1.0678266e-05
1.0833054e-05
3.2863008e-05
4.3361579e-05
2.5144506e-05
1.5346981e-06
3.7698529e-06
6.5495727e-06
9.10009e-06
1.116549e-05
1.2274199e-05
1.015271e-05
8.2695753e-06
8.3691451e-06
9.4627768e-06
9.9340925e-06
6.8949524e-06
2.2261958e-05
3.2211505e-05
4.2552298e-05
2.4816846e-05
1.805467e-06
4.0865954e-06
6.7944037e-06
9.2710441e-06
1.1313839e-05
1.3398096e-05
1.2328215e-05
9.3473588e-06
9.941947e-06
1.1473688e-05
1.1659585e-05
7.8820684e-06
2.6450248e-05
3.152044e-05
4.1646486e-05
2.4486039e-05
2.1043801e-06
4.4196837e-06
7.0626843e-06
9.4641964e-06
1.1474675e-05
1.3511569e-05
1.4493981e-05
1.1256213e-05
1.189417e-05
1.3096069e-05
1.3621574e-05
1.1606729e-05
2.6313956e-05
3.0802093e-05
4.0645901e-05
2.4133533e-05
2.4389774e-06
4.7760178e-06
7.3591479e-06
9.6851772e-06
1.1654701e-05
1.3631925e-05
1.5645503e-05
1.3868465e-05
1.4239329e-05
1.4712011e-05
1.5710642e-05
1.6799197e-05
2.6174636e-05
3.0071896e-05
3.9555419e-05
2.3747859e-05
2.8165374e-06
5.1627671e-06
7.6869964e-06
9.9382666e-06
1.1861119e-05
1.3766967e-05
1.5736709e-05
1.6443996e-05
1.6827797e-05
1.6768997e-05
1.8008706e-05
2.1281191e-05
2.6036507e-05
2.9349409e-05
3.8384546e-05
1.4043206e-05
3.2454425e-06
5.5861388e-06
8.048705e-06
1.0234116e-05
1.2100746e-05
1.3926175e-05
1.5835917e-05
1.7811233e-05
1.9098152e-05
1.9286668e-05
2.0534323e-05
2.387764e-05
2.5901221e-05
2.865022e-05
3.7144914e-05
2.2783182e-05
3.7365109e-06
6.0520806e-06
8.4470322e-06
1.0573337e-05
1.2379731e-05
1.4119835e-05
1.5953559e-05
1.7886097e-05
1.9686444e-05
2.1522162e-05
2.281459e-05
2.4614619e-05
2.5767565e-05
2.7989238e-05
3.5860138e-05
2.2405625e-05
4.2997341e-06
6.5631031e-06
8.8875315e-06
1.0947478e-05
1.2708849e-05
1.4357969e-05
1.610221e-05
1.7976896e-05
1.9730278e-05
2.1540818e-05
2.3004456e-05
2.4549383e-05
2.5636917e-05
2.7401474e-05
3.455737e-05
2.1936875e-05
4.9312208e-06
7.1213339e-06
9.3756827e-06
1.1366658e-05
1.3090955e-05
1.465198e-05
1.6295436e-05
1.809615e-05
1.9789131e-05
2.1558543e-05
2.298105e-05
2.4476726e-05
2.550513e-05
2.6922785e-05
3.327252e-05
2.1451641e-05
5.6170133e-06
7.7337332e-06
9.9137891e-06
1.1836206e-05
1.3513391e-05
1.501162e-05
1.6546607e-05
1.8257823e-05
1.9877778e-05
2.1587783e-05
2.2962334e-05
2.4406055e-05
2.5382263e-05
2.6575558e-05
3.2052906e-05
1.122707e-05
6.360217e-06
8.4080439e-06
1.0505615e-05
1.2358679e-05
1.3986047e-05
1.5431646e-05
1.6868103e-05
1.8476184e-05
2.0012992e-05
2.1644289e-05
2.2962069e-05
2.4353059e-05
2.5274855e-05
2.6322436e-05
3.0943252e-05
6.324041e-06
7.1730826e-06
9.1511695e-06
1.1156933e-05
1.2937792e-05
1.451482e-05
1.5905025e-05
1.7269062e-05
1.8765038e-05
2.0211681e-05
2.1745845e-05
2.2996767e-05
2.4335831e-05
2.5197159e-05
2.6207561e-05
2.998721e-05
5.9904119e-06
8.0642755e-06
9.9647376e-06
1.1872975e-05
1.357818e-05
1.5101377e-05
1.6443068e-05
1.774007e-05
1.9130484e-05
2.0489618e-05
2.1910283e-05
2.3086641e-05
2.4374214e-05
2.516751e-05
2.6221204e-05
2.9193349e-05
5.4794581e-06
9.040036e-06
1.0847377e-05
1.2657429e-05
1.4284288e-05
1.5748393e-05
1.7044037e-05
1.8277936e-05
1.957831e-05
2.0854392e-05
2.2153617e-05
2.3250762e-05
2.4487656e-05
2.5205695e-05
2.6349308e-05
2.8542499e-05
4.907073e-06
1.0105959e-05
1.180093e-05
1.3512292e-05
1.5058139e-05
1.6459836e-05
1.7708616e-05
1.8881675e-05
2.0109822e-05
2.1304168e-05
2.2484393e-05
2.3511376e-05
2.4690127e-05
2.5329355e-05
2.6572739e-05
2.8066184e-05
4.2437187e-06
1.1265146e-05
1.2825315e-05
1.4436705e-05
1.590185e-05
1.7236777e-05
1.8436824e-05
1.9557271e-05
2.0712485e-05
2.1835644e-05
2.2907734e-05
2.38742e-05
2.4988454e-05
2.555468e-05
2.6871674e-05
2.7795459e-05
3.4095457e-06
1.251633e-05
1.3916897e-05
1.4729567e-05
1.6803267e-05
1.8070011e-05
1.9220776e-05
2.03016e-05
2.1383825e-05
2.2446225e-05
2.3429302e-05
2.4331641e-05
2.5378857e-05
2.5873258e-05
2.72495e-05
2.7738844e-05
3.0907126e-06
1.3863938e-05
1.5101394e-05
1.4596006e-05
1.6406491e-05
1.8422779e-05
2.0078637e-05
2.111504e-05
2.2130133e-05
2.3129751e-05
2.4045128e-05
2.4884095e-05
2.5851786e-05
2.6296321e-05
2.7693735e-05
2.7882469e-05
3.1188281e-06
1.5305825e-05
1.6383956e-05
1.5545831e-05
1.648473e-05
1.831741e-05
2.1013011e-05
2.2000878e-05
2.2949176e-05
2.388535e-05
2.4736685e-05
2.5529233e-05
2.6400255e-05
2.6847136e-05
2.8178793e-05
2.8183972e-05
3.2997477e-06
1.6835482e-05
1.7768454e-05
1.6920603e-05
1.7255967e-05
1.8943849e-05
2.1051247e-05
2.2955357e-05
2.3835547e-05
2.4710621e-05
2.5493746e-05
2.6253524e-05
2.7015035e-05
2.7520015e-05
2.8677097e-05
2.127248e-05
3.721763e-06
1.8444983e-05
1.9252242e-05
1.802564e-05
1.8380263e-05
1.9940854e-05
2.1498071e-05
2.3976511e-05
2.4783937e-05
2.5600557e-05
2.6310352e-05
2.7044533e-05
2.7696449e-05
2.8294355e-05
1.9040637e-05
1.0709401e-05
4.2962441e-06
2.013386e-05
2.0805351e-05
1.9493534e-05
1.9956867e-05
2.0954382e-05
2.2387806e-05
2.505681e-05
2.5787337e-05
2.6547144e-05
2.7181662e-05
2.7888581e-05
2.8446865e-05
2.9097751e-05
1.7930462e-05
1.000246e-05
5.0214187e-06
2.188568e-05
2.2427219e-05
2.1760045e-05
2.1623069e-05
2.2025215e-05
2.328817e-05
2.5740556e-05
2.6835997e-05
2.7539884e-05
2.8099974e-05
2.8773012e-05
2.9258541e-05
2.9925563e-05
2.0345241e-05
1.653347e-05
6.2328527e-06
2.3677516e-05
2.4104279e-05
2.4209696e-05
2.3126069e-05
2.3224185e-05
2.4051277e-05
2.6008441e-05
2.7126587e-05
2.8565919e-05
2.9054272e-05
2.9682191e-05
3.0115213e-05
3.076792e-05
2.4073762e-05
3.1963495e-05
8.6905577e-06
2.5481086e-05
2.5815546e-05
2.6159605e-05
2.4537445e-05
2.4344397e-05
2.4775074e-05
2.6130697e-05
2.7177066e-05
2.8476698e-05
2.9790278e-05
3.0601402e-05
2.9957361e-05
3.1635644e-05
2.5582695e-05
3.2577106e-05
1.3087983e-05
2.7262963e-05
2.7519111e-05
2.7959915e-05
2.6033818e-05
2.551699e-05
2.5660232e-05
2.6505513e-05
2.7314042e-05
2.8245663e-05
2.8960567e-05
3.1350203e-05
2.8720319e-05
3.1070846e-05
2.1191016e-05
3.3187978e-05
1.8684456e-05
2.8971649e-05
2.915452e-05
2.9476645e-05
2.7855803e-05
2.6969918e-05
2.6651311e-05
2.7063041e-05
2.7461983e-05
2.808827e-05
2.8338727e-05
2.9522808e-05
2.720289e-05
2.8001654e-05
1.8723812e-05
2.6274327e-05
2.0186958e-05
3.0534338e-05
3.065588e-05
3.0873549e-05
2.9984529e-05
2.8527838e-05
2.7801723e-05
2.7688802e-05
2.7680764e-05
2.7950827e-05
2.7769861e-05
2.8122004e-05
2.6073498e-05
2.6225792e-05
1.9572441e-05
1.9461024e-05
1.9416038e-05
3.1850742e-05
3.192443e-05
3.2056657e-05
3.2085978e-05
2.9980223e-05
2.8888392e-05
2.8308564e-05
2.793352e-05
2.777278e-05
2.7298321e-05
2.7178562e-05
2.5590085e-05
2.5211553e-05
2.1554001e-05
1.9989773e-05
1.8744843e-05
3.278616e-05
3.2823273e-05
3.2895298e-05
3.3023822e-05
3.1160795e-05
2.9705007e-05
2.8771013e-05
2.8063862e-05
2.7530282e-05
2.692586e-05
2.6464266e-05
2.5342203e-05
2.4744856e-05
2.2790753e-05
2.0744076e-05
1.9054811e-05
3.3158095e-05
3.317115e-05
3.3203749e-05
3.3269836e-05
3.1889089e-05
3.009384e-05
2.887572e-05
2.7913544e-05
2.7123956e-05
2.6401601e-05
2.5750967e-05
2.4925885e-05
2.4259641e-05
2.3041414e-05
2.1241872e-05
1.9557199e-05
3.269192e-05
3.2698893e-05
3.2717022e-05
3.2741073e-05
3.1781971e-05
2.9824215e-05
2.8446283e-05
2.7329199e-05
2.6346472e-05
2.5568338e-05
2.4926844e-05
2.4275514e-05
2.3714802e-05
2.2986947e-05
2.1797027e-05
2.0103195e-05
3.0996133e-05
3.1065433e-05
3.1096669e-05
3.1089717e-05
3.0500296e-05
2.8608832e-05
2.714745e-05
2.6021743e-05
2.5085215e-05
2.4323602e-05
2.3745136e-05
2.3286581e-05
2.2905293e-05
2.254964e-05
2.2109712e-05
2.0482165e-05
2.7843867e-05
2.7872745e-05
2.7928737e-05
2.791932e-05
2.7731407e-05
2.6121991e-05
2.4857221e-05
2.389752e-05
2.3075031e-05
2.2471278e-05
2.2046617e-05
2.1820521e-05
2.1677376e-05
2.1684159e-05
2.1857953e-05
2.0603695e-05
2.242515e-05
2.2570988e-05
2.2677228e-05
2.2787592e-05
2.286088e-05
2.2166813e-05
2.1297428e-05
2.0689172e-05
2.0188206e-05
1.9918807e-05
1.9782653e-05
1.9866857e-05
2.003677e-05
2.0407709e-05
2.0911565e-05
2.0515121e-05
1.456313e-05
1.4791904e-05
1.4937778e-05
1.5137799e-05
1.5254735e-05
1.5492515e-05
1.561403e-05
1.583482e-05
1.5943335e-05
1.6202256e-05
1.6353326e-05
1.6614527e-05
1.6770674e-05
1.7076566e-05
1.7311959e-05
1.7647091e-05
8.5486894e-06
8.6611171e-06
8.7946539e-06
8.8923807e-06
9.0156086e-06
9.1376044e-06
9.2738006e-06
9.3877715e-06
9.5223777e-06
9.6602299e-06
9.8295741e-06
9.9683363e-06
1.014673e-05
1.0311836e-05
1.0547829e-05
1.0729805e-05
5.4477911e-06
5.4331986e-06
5.4447759e-06
5.4825146e-06
5.4540287e-06
5.4629836e-06
5.4685484e-06
5.6358884e-06
5.8171409e-06
6.1158906e-06
6.4097409e-06
6.6008034e-06
6.8237831e-06
6.8272335e-06
7.0762401e-06
7.0908563e-06
1.187215e-06
1.2274696e-06
1.2669267e-06
1.300126e-06
1.3448856e-06
1.4043306e-06
1.47584e-06
1.5537346e-06
1.6523199e-06
1.768592e-06
1.9131297e-06
2.0641187e-06
2.262685e-06
2.4871577e-06
2.7905187e-06
3.1069071e-06
3.5082229e-07
3.6605236e-07
3.7240618e-07
3.8762779e-07
4.0012864e-07
4.1904652e-07
4.410159e-07
4.6409231e-07
4.9651704e-07
5.3034922e-07
5.7808896e-07
6.197098e-07
6.8469476e-07
7.4557736e-07
8.4199077e-07
9.2928911e-07
2.159293e-07
2.145877e-07
2.1758633e-07
2.1597056e-07
2.2217989e-07
2.2125588e-07
2.305218e-07
2.3291147e-07
2.4587184e-07
2.5230346e-07
2.7016592e-07
2.808605e-07
3.038758e-07
3.2004897e-07
3.5209503e-07
3.7659802e-07
2.434406e-07
2.3856916e-07
2.3556132e-07
2.3253799e-07
2.3277643e-07
2.2867051e-07
2.3118929e-07
2.2957944e-07
2.3472161e-07
2.3550553e-07
2.4341764e-07
2.4694847e-07
2.5778816e-07
2.6374236e-07
2.7824704e-07
2.8852178e-07
2.2417e-07
2.2569791e-07
2.2772036e-07
2.2933246e-07
2.3185007e-07
2.3384193e-07
2.3681317e-07
2.3901217e-07
2.4247629e-07
2.4521426e-07
2.4929793e-07
2.523656e-07
2.570127e-07
2.6083641e-07
2.6637877e-07
2.7083691e-07
2.082263e-07
2.0910696e-07
2.0931852e-07
2.1024317e-07
2.1048885e-07
2.1150782e-07
2.1181164e-07
2.1289643e-07
2.1326305e-07
2.1445078e-07
2.1495873e-07
2.1622405e-07
2.168386e-07
2.1823695e-07
2.1907137e-07
2.2060478e-07
2.0047621e-07
2.0096411e-07
2.0128551e-07
2.0175654e-07
2.0209915e-07
2.025838e-07
2.0295017e-07
2.0344011e-07
2.0381073e-07
2.0433292e-07
2.0472177e-07
2.052696e-07
2.0565794e-07
2.0624758e-07
2.0666873e-07
2.0728978e-07
1.9333665e-07
1.937999e-07
1.9406178e-07
1.9455621e-07
1.9479037e-07
1.9532623e-07
1.9554965e-07
1.9610258e-07
1.9631626e-07
1.9688838e-07
1.9711859e-07
1.9768635e-07
1.979312e-07
1.9849295e-07
1.9878122e-07
1.9932072e-07
1.85739e-07
1.8611663e-07
1.864928e-07
1.8683583e-07
1.8724595e-07
1.8757245e-07
1.8802273e-07
1.8831866e-07
1.8879754e-07
1.8907855e-07
1.8959512e-07
1.8985373e-07
1.9039067e-07
1.9063985e-07
1.912104e-07
1.9144463e-07
1.7717049e-07
1.7736525e-07
1.7788433e-07
1.7809769e-07
1.7859693e-07
1.7884683e-07
1.7933327e-07
1.7960417e-07
1.8006954e-07
1.803737e-07
1.8083067e-07
1.8115734e-07
1.8159298e-07
1.8195112e-07
1.8238195e-07
1.8276327e-07
1.6783273e-07
1.6805801e-07
1.6850856e-07
1.6872855e-07
1.6918794e-07
1.6941702e-07
1.6989217e-07
1.7011746e-07
1.7059782e-07
1.7083156e-07
1.7132751e-07
1.7156145e-07
1.7205754e-07
1.7230175e-07
1.7281121e-07
1.7306044e-07
1.5917236e-07
1.5954871e-07
1.5974614e-07
1.6012739e-07
1.6032484e-07
1.6072119e-07
1.6092872e-07
1.6132394e-07
1.6154359e-07
1.619335e-07
1.6218932e-07
1.625544e-07
1.6284274e-07
1.631838e-07
1.6352001e-07
1.6382668e-07
1.5245677e-07
1.5276783e-07
1.5294042e-07
1.5325046e-07
1.5342926e-07
1.5374431e-07
1.5393616e-07
1.5424763e-07
1.5444768e-07
1.5476082e-07
1.5497704e-07
1.5528635e-07
1.5551067e-07
1.5582097e-07
1.5606302e-07
1.5636896e-07
1.4725039e-07
1.4731838e-07
1.476166e-07
1.4769382e-07
1.4798825e-07
1.4808378e-07
1.4837554e-07
1.4848674e-07
1.4876921e-07
1.4890274e-07
1.4917959e-07
1.4933239e-07
1.4959745e-07
1.4977267e-07
1.5003356e-07
1.5022578e-07
1.4332096e-07
1.4339677e-07
1.4358167e-07
1.4367307e-07
1.4384447e-07
1.4396105e-07
1.4411656e-07
1.4425931e-07
1.4439238e-07
1.4456635e-07
1.446818e-07
1.4488002e-07
1.4498195e-07
1.451946e-07
1.4530255e-07
1.455187e-07
1.3997766e-07
1.4002562e-07
1.401674e-07
1.4023409e-07
1.4036017e-07
1.4044921e-07
1.4056225e-07
1.4066762e-07
1.4077073e-07
1.408878e-07
1.4099217e-07
1.4111044e-07
1.4122135e-07
1.4133515e-07
1.4146281e-07
1.415655e-07
1.373158e-07
1.3738922e-07
1.3744594e-07
1.3753296e-07
1.3758139e-07
1.3767773e-07
1.3772684e-07
1.378247e-07
1.3787525e-07
1.3797568e-07
1.3803358e-07
1.3812622e-07
1.3819968e-07
1.3827719e-07
1.3837484e-07
1.3843309e-07
1.3549833e-07
1.3555763e-07
1.3558793e-07
1.3564854e-07
1.3567965e-07
1.3574271e-07
1.3577488e-07
1.3583932e-07
1.3587208e-07
1.35939e-07
1.3597322e-07
1.3604176e-07
1.360765e-07
1.3614732e-07
1.3618456e-07
1.3625502e-07
1.3425904e-07
1.3429952e-07
1.3432011e-07
1.3436128e-07
1.3438239e-07
1.3442519e-07
1.3444698e-07
1.3449064e-07
1.345128e-07
1.3455806e-07
1.3458113e-07
1.3462743e-07
1.3465076e-07
1.3469866e-07
1.3472312e-07
1.3477234e-07
1.3324312e-07
1.3327136e-07
1.332857e-07
1.3331438e-07
1.3332906e-07
1.3335886e-07
1.33374e-07
1.3340436e-07
1.3341973e-07
1.3345116e-07
1.3346715e-07
1.3349925e-07
1.3351538e-07
1.3354854e-07
1.3356544e-07
1.3359947e-07
1.3251225e-07
1.3252846e-07
1.3254043e-07
1.3255697e-07
1.3256918e-07
1.3258654e-07
1.3259894e-07
1.3261678e-07
1.3262926e-07
1.3264794e-07
1.3266067e-07
1.3267993e-07
1.326926e-07
1.3271274e-07
1.3272569e-07
1.3274662e-07
1.3195879e-07
1.3196789e-07
1.319774e-07
1.3198673e-07
1.3199639e-07
1.3200631e-07
1.320161e-07
1.3202634e-07
1.3203618e-07
1.3204702e-07
1.3205703e-07
1.3206828e-07
1.3207826e-07
1.3209011e-07
1.321003e-07
1.3211268e-07
1.3153103e-07
1.3153733e-07
1.3154226e-07
1.3154869e-07
1.3155369e-07
1.3156045e-07
1.3156564e-07
1.3157251e-07
1.315778e-07
1.3158493e-07
1.315905e-07
1.3159774e-07
1.3160343e-07
1.3161088e-07
1.3161693e-07
1.3162447e-07
1.3126789e-07
1.3126997e-07
1.3127378e-07
1.3127585e-07
1.3127976e-07
1.3128194e-07
1.31286e-07
1.3128817e-07
1.3129232e-07
1.3129459e-07
1.312989e-07
1.313012e-07
1.3130559e-07
1.3130799e-07
1.3131257e-07
1.3131502e-07
1.3110827e-07
1.3110945e-07
1.3111161e-07
1.3111289e-07
1.3111503e-07
1.311165e-07
1.3111866e-07
1.3112021e-07
1.3112236e-07
1.3112406e-07
1.3112628e-07
1.3112805e-07
1.3113027e-07
1.3113215e-07
1.3113448e-07
1.3113643e-07
1.3089592e-07
1.3089758e-07
1.308975e-07
1.3089921e-07
1.3089911e-07
1.3090094e-07
1.3090087e-07
1.3090274e-07
1.3090267e-07
1.3090462e-07
1.3090462e-07
1.3090661e-07
1.3090663e-07
1.3090868e-07
1.309088e-07
1.3091087e-07
1.3080922e-07
1.3080785e-07
1.3080892e-07
1.3080753e-07
1.3080867e-07
1.3080729e-07
1.3080849e-07
1.3080709e-07
1.3080834e-07
1.3080695e-07
1.3080828e-07
1.3080686e-07
1.3080825e-07
1.3080684e-07
1.3080831e-07
1.3080689e-07
1.3077398e-07
1.307726e-07
1.3077285e-07
1.3077149e-07
1.3077176e-07
1.3077044e-07
1.3077075e-07
1.3076945e-07
1.3076977e-07
1.3076851e-07
1.3076887e-07
1.3076765e-07
1.3076803e-07
1.3076684e-07
1.3076731e-07
1.307661e-07
1.3068092e-07
1.3067693e-07
1.3067934e-07
1.3067543e-07
1.3067776e-07
1.3067399e-07
1.3067625e-07
1.3067257e-07
1.3067478e-07
1.3067114e-07
1.3067354e-07
1.3066953e-07
1.3067219e-07
1.3066951e-07
1.3066798e-07
1.3066608e-07
1.3066386e-07
1.3066114e-07
1.3066155e-07
1.306589e-07
1.3065928e-07
1.3065671e-07
1.3065705e-07
1.3065454e-07
1.3065486e-07
1.3065241e-07
1.306527e-07
1.3065031e-07
1.3065057e-07
1.3064826e-07
1.3064841e-07
1.3064624e-07
1.3065899e-07
1.3065871e-07
1.3065654e-07
1.3065631e-07
1.3065405e-07
1.3065387e-07
1.3065153e-07
1.3065137e-07
1.3064897e-07
1.3064881e-07
1.3064637e-07
1.3064619e-07
1.3064372e-07
1.306435e-07
1.3064104e-07
1.3064073e-07
1.3062928e-07
1.306291e-07
1.3062725e-07
1.3062711e-07
1.3062518e-07
1.3062508e-07
1.306231e-07
1.3062301e-07
1.3062099e-07
1.3062091e-07
1.3061887e-07
1.3061877e-07
1.3061672e-07
1.3061659e-07
1.3061456e-07
1.306144e-07
1.3063326e-07
1.3063195e-07
1.3063003e-07
1.3062878e-07
1.3062686e-07
1.3062568e-07
1.3062375e-07
1.3062263e-07
1.3062071e-07
1.3061963e-07
1.3061772e-07
1.3061669e-07
1.3061478e-07
1.3061379e-07
1.3061188e-07
1.3061093e-07
1.306207e-07
1.3061963e-07
1.3061789e-07
1.3061685e-07
1.3061505e-07
1.3061404e-07
1.3061219e-07
1.3061121e-07
1.306093e-07
1.3060835e-07
1.3060638e-07
1.3060546e-07
1.3060345e-07
1.3060255e-07
1.306005e-07
1.3059963e-07
1.3063964e-07
1.306385e-07
1.3063667e-07
1.306355e-07
1.3063368e-07
1.3063248e-07
1.3063069e-07
1.3062947e-07
1.306277e-07
1.3062645e-07
1.3062471e-07
1.3062344e-07
1.3062173e-07
1.3062045e-07
1.3061877e-07
1.3061748e-07
1.3065172e-07
1.3065053e-07
1.3064876e-07
1.3064755e-07
1.3064582e-07
1.3064459e-07
1.306429e-07
1.3064166e-07
1.3064001e-07
1.3063876e-07
1.3063716e-07
1.3063589e-07
1.3063433e-07
1.3063305e-07
1.3063153e-07
1.3063024e-07
1.3065579e-07
1.3065442e-07
1.3065281e-07
1.3065144e-07
1.3064984e-07
1.3064847e-07
1.3064688e-07
1.3064549e-07
1.3064391e-07
1.3064251e-07
1.3064094e-07
1.3063952e-07
1.3063796e-07
1.3063653e-07
1.3063497e-07
1.3063353e-07
1.3068793e-07
1.3068636e-07
1.3068497e-07
1.3068338e-07
1.3068199e-07
1.306804e-07
1.30679e-07
1.306774e-07
1.3067599e-07
1.3067439e-07
1.3067298e-07
1.3067137e-07
1.3066997e-07
1.3066836e-07
1.3066695e-07
1.3066534e-07
1.3070427e-07
1.3070268e-07
1.3070126e-07
1.3069969e-07
1.3069826e-07
1.3069671e-07
1.3069528e-07
1.3069374e-07
1.3069231e-07
1.3069079e-07
1.3068936e-07
1.3068786e-07
1.3068642e-07
1.3068494e-07
1.306835e-07
1.3068203e-07
1.3072685e-07
1.3072517e-07
1.3072378e-07
1.307221e-07
1.3072072e-07
1.3071904e-07
1.3071766e-07
1.3071598e-07
1.307146e-07
1.3071293e-07
1.3071155e-07
1.3070988e-07
1.3070851e-07
1.3070684e-07
1.3070547e-07
1.3070382e-07
1.3077406e-07
1.3077238e-07
1.3077099e-07
1.307693e-07
1.3076791e-07
1.3076621e-07
1.3076482e-07
1.3076311e-07
1.3076172e-07
1.3076001e-07
1.3075862e-07
1.307569e-07
1.307555e-07
1.3075378e-07
1.3075237e-07
1.3075065e-07
1.3079653e-07
1.3079485e-07
1.307934e-07
1.3079173e-07
1.3079029e-07
1.3078862e-07
1.3078719e-07
1.3078553e-07
1.3078411e-07
1.3078246e-07
1.3078106e-07
1.3077942e-07
1.3077803e-07
1.3077641e-07
1.3077502e-07
1.3077342e-07
1.3085242e-07
1.3085066e-07
1.3084928e-07
1.3084751e-07
1.3084614e-07
1.3084436e-07
1.3084301e-07
1.3084122e-07
1.3083988e-07
1.3083809e-07
1.3083677e-07
1.3083497e-07
1.3083367e-07
1.3083187e-07
1.3083057e-07
1.3082878e-07
1.3090356e-07
1.3090192e-07
1.3090047e-07
1.3089885e-07
1.3089741e-07
1.3089579e-07
1.3089437e-07
1.3089276e-07
1.3089133e-07
1.3088972e-07
1.308883e-07
1.3088669e-07
1.3088527e-07
1.3088364e-07
1.3088222e-07
1.3088057e-07
1.3095676e-07
1.30955e-07
1.309536e-07
1.3095185e-07
1.3095044e-07
1.309487e-07
1.309473e-07
1.3094556e-07
1.3094417e-07
1.3094245e-07
1.3094107e-07
1.3093937e-07
1.30938e-07
1.3093631e-07
1.3093495e-07
1.3093327e-07
1.3105022e-07
1.3104843e-07
1.3104702e-07
1.3104524e-07
1.3104383e-07
1.3104203e-07
1.3104061e-07
1.310388e-07
1.3103739e-07
1.3103557e-07
1.3103414e-07
1.3103231e-07
1.3103088e-07
1.3102903e-07
1.310276e-07
1.3102574e-07
1.3111485e-07
1.3111299e-07
1.3111152e-07
1.3110968e-07
1.3110821e-07
1.3110637e-07
1.3110492e-07
1.3110309e-07
1.3110165e-07
1.3109983e-07
1.3109841e-07
1.310966e-07
1.3109519e-07
1.310934e-07
1.31092e-07
1.3109022e-07
1.3123881e-07
1.3123689e-07
1.3123543e-07
1.3123353e-07
1.3123209e-07
1.312302e-07
1.312288e-07
1.3122692e-07
1.3122555e-07
1.3122369e-07
1.3122234e-07
1.312205e-07
1.3121918e-07
1.3121735e-07
1.3121604e-07
1.3121422e-07
1.3134804e-07
1.3134627e-07
1.313449e-07
1.3134314e-07
1.3134177e-07
1.3134001e-07
1.3133863e-07
1.3133686e-07
1.3133546e-07
1.3133368e-07
1.3133226e-07
1.3133046e-07
1.3132902e-07
1.313272e-07
1.3132574e-07
1.3132389e-07
1.3149949e-07
1.3149754e-07
1.3149609e-07
1.3149416e-07
1.3149273e-07
1.314908e-07
1.3148939e-07
1.3148747e-07
1.3148607e-07
1.3148416e-07
1.3148277e-07
1.3148087e-07
1.3147948e-07
1.3147758e-07
1.3147618e-07
1.3147428e-07
1.3168366e-07
1.3168175e-07
1.3168034e-07
1.3167843e-07
1.3167702e-07
1.316751e-07
1.3167368e-07
1.3167176e-07
1.3167033e-07
1.316684e-07
1.3166696e-07
1.3166502e-07
1.3166357e-07
1.3166162e-07
1.3166016e-07
1.3165819e-07
1.3188575e-07
1.3188372e-07
1.3188224e-07
1.3188022e-07
1.3187873e-07
1.3187671e-07
1.3187522e-07
1.318732e-07
1.3187171e-07
1.3186968e-07
1.3186818e-07
1.3186615e-07
1.3186465e-07
1.3186261e-07
1.3186109e-07
1.3185905e-07
1.3216432e-07
1.3216224e-07
1.3216069e-07
1.3215861e-07
1.3215708e-07
1.32155e-07
1.3215349e-07
1.3215141e-07
1.3214993e-07
1.3214785e-07
1.3214638e-07
1.3214431e-07
1.3214286e-07
1.321408e-07
1.3213936e-07
1.321373e-07
1.3247387e-07
1.3247175e-07
1.3247019e-07
1.3246808e-07
1.3246653e-07
1.3246442e-07
1.3246288e-07
1.3246077e-07
1.3245923e-07
1.3245713e-07
1.3245558e-07
1.3245347e-07
1.3245193e-07
1.3244982e-07
1.3244827e-07
1.3244615e-07
1.3289312e-07
1.3289088e-07
1.3288926e-07
1.3288702e-07
1.3288542e-07
1.3288318e-07
1.3288159e-07
1.3287935e-07
1.3287777e-07
1.3287553e-07
1.3287395e-07
1.3287171e-07
1.3287013e-07
1.3286788e-07
1.328663e-07
1.3286404e-07
1.3340525e-07
1.3340293e-07
1.3340127e-07
1.3339891e-07
1.3339722e-07
1.3339481e-07
1.3339308e-07
1.3339064e-07
1.3338888e-07
1.3338641e-07
1.3338461e-07
1.3338213e-07
1.3338031e-07
1.3337782e-07
1.3337599e-07
1.3337351e-07
1.3408751e-07
1.340851e-07
1.3408333e-07
1.3408091e-07
1.3407914e-07
1.340767e-07
1.3407492e-07
1.3407247e-07
1.3407068e-07
1.3406823e-07
1.3406643e-07
1.3406398e-07
1.3406219e-07
1.3405974e-07
1.3405794e-07
1.340555e-07
1.3501792e-07
1.3501536e-07
1.350135e-07
1.350109e-07
1.35009e-07
1.3500635e-07
1.3500443e-07
1.3500174e-07
1.3499979e-07
1.3499708e-07
1.349951e-07
1.3499238e-07
1.3499039e-07
1.3498767e-07
1.3498566e-07
1.3498294e-07
1.3635415e-07
1.363512e-07
1.363489e-07
1.3634599e-07
1.3634374e-07
1.3634087e-07
1.3633868e-07
1.3633585e-07
1.3633374e-07
1.3633095e-07
1.3632889e-07
1.3632612e-07
1.3632411e-07
1.3632134e-07
1.3631934e-07
1.3631656e-07
1.3848994e-07
1.3848679e-07
1.3848414e-07
1.3848102e-07
1.3847837e-07
1.3847526e-07
1.3847261e-07
1.3846951e-07
1.3846686e-07
1.3846374e-07
1.3846109e-07
1.3845795e-07
1.3845529e-07
1.3845212e-07
1.3844946e-07
1.3844626e-07
1.4258401e-07
1.4258783e-07
1.425754e-07
1.4257592e-07
1.4257109e-07
1.4256993e-07
1.4256669e-07
1.4256604e-07
1.4256447e-07
1.4256446e-07
1.4256436e-07
1.4256552e-07
1.4256671e-07
1.4256939e-07
1.4257267e-07
1.4257807e-07
5.3941038e-08
3.452732e-09
6.0592757e-09
5.9247705e-09
3.9503975e-09
3.7006663e-09
2.7528115e-09
2.4269277e-09
2.0576015e-09
1.5526766e-09
1.3724613e-09
3.4099179e-09
8.9405555e-08
1.1614978e-08
5.6339827e-09
5.9591665e-09
3.9693477e-09
3.6864674e-09
2.7549854e-09
2.4231418e-09
2.0588542e-09
1.5541785e-09
1.3660396e-09
8.6377592e-09
1.1308612e-07
3.0115971e-08
6.0071109e-09
5.9761925e-09
4.005752e-09
3.680383e-09
2.7644716e-09
2.4272139e-09
2.0674112e-09
1.5620605e-09
1.4514711e-09
1.6222373e-08
1.3942211e-07
6.2579318e-08
6.7063873e-09
5.9612025e-09
4.0543452e-09
3.679364e-09
2.7777801e-09
2.4351303e-09
2.0799112e-09
1.5740924e-09
1.7048914e-09
1.7064556e-08
1.8472731e-07
1.1132078e-07
7.7307885e-09
5.9573431e-09
4.1102212e-09
3.6811488e-09
2.7928326e-09
2.4445462e-09
2.0943776e-09
1.5889289e-09
2.0019394e-09
1.2614706e-08
2.2250138e-07
1.7350821e-07
8.3858057e-09
6.0072879e-09
4.1775135e-09
3.6869224e-09
2.8093919e-09
2.4555576e-09
2.1108854e-09
1.6058406e-09
2.2329112e-09
8.572895e-09
2.6286615e-07
2.5060797e-07
9.6636935e-09
6.1091e-09
4.2553986e-09
3.695968e-09
2.8273671e-09
2.4682396e-09
2.129559e-09
1.625209e-09
2.4038852e-09
5.7517559e-09
3.1108899e-07
3.8529019e-07
1.2398757e-08
6.3349184e-09
4.3584612e-09
3.7115472e-09
2.846893e-09
2.4826935e-09
2.1504831e-09
1.6475526e-09
2.5237296e-09
3.9748548e-09
3.7754802e-07
4.5760561e-07
1.655731e-08
6.7317694e-09
4.4728782e-09
3.7358618e-09
2.8676035e-09
2.4989655e-09
2.17387e-09
1.673024e-09
2.5944721e-09
2.8619808e-09
4.6946003e-07
4.9811099e-07
2.5589646e-08
7.4338456e-09
4.6399168e-09
3.7742588e-09
2.8913719e-09
2.5173487e-09
2.2000669e-09
1.7020885e-09
2.4500418e-09
1.9825965e-09
5.8234936e-07
5.8321471e-07
4.244978e-08
8.8015133e-09
4.8457389e-09
3.8421474e-09
2.9164694e-09
2.5376602e-09
2.2292646e-09
1.7353328e-09
2.2595395e-09
1.5147179e-09
8.1207632e-07
1.0221609e-06
7.906951e-08
1.1527008e-08
5.1766186e-09
3.9265187e-09
2.9489818e-09
2.5609363e-09
2.2618039e-09
1.7734745e-09
2.062847e-09
1.041277e-09
1.1051091e-06
2.4377322e-06
1.4550219e-07
1.6626366e-08
5.7305344e-09
4.0337836e-09
2.9907057e-09
2.5865389e-09
2.2977819e-09
1.8173394e-09
2.0517248e-09
9.3999351e-10
1.4834331e-06
3.3955137e-06
3.3513656e-07
2.6213406e-08
6.9470826e-09
4.2269007e-09
3.0584245e-09
2.61747e-09
2.3376126e-09
1.8670153e-09
2.0720793e-09
9.8807565e-10
1.9237556e-06
2.9094399e-06
9.5518813e-07
4.4015532e-08
9.5835739e-09
4.6275867e-09
3.1670826e-09
2.6550904e-09
2.3815347e-09
1.924145e-09
2.0941584e-09
1.0809835e-09
2.2948948e-06
2.4375592e-06
1.1975611e-06
7.6755112e-08
1.4949592e-08
5.387745e-09
3.3837117e-09
2.7094751e-09
2.4324348e-09
1.9896006e-09
2.1232078e-09
1.1987876e-09
2.6870034e-06
2.2121391e-06
1.5413599e-06
1.5106742e-07
2.5343255e-08
7.2216154e-09
3.8384451e-09
2.7991518e-09
2.4908609e-09
2.0648027e-09
2.1621405e-09
1.3433618e-09
5.5962075e-06
1.8903671e-06
3.4610672e-06
2.8980566e-07
4.2871317e-08
1.0961755e-08
4.7462027e-09
2.9819872e-09
2.5668771e-09
2.1535089e-09
2.2098796e-09
1.5222412e-09
1.2582805e-05
2.4385928e-06
3.4233446e-06
7.3820916e-07
7.4859843e-08
1.8681273e-08
6.3675294e-09
3.3936495e-09
2.6879048e-09
2.258988e-09
2.2683753e-09
1.7450795e-09
1.3812193e-05
3.5882008e-06
3.8283456e-06
2.0855971e-06
1.9163726e-07
3.32911e-08
1.0173066e-08
4.3576161e-09
2.9257183e-09
2.3983853e-09
2.34334e-09
2.0158415e-09
9.8345228e-06
5.1399303e-06
3.4480921e-06
3.5030487e-06
3.1258892e-07
7.2929001e-08
1.7961611e-08
6.58364e-09
3.4638668e-09
2.615012e-09
2.4411513e-09
2.3715558e-09
9.8995918e-06
7.0720385e-06
4.7428421e-06
3.4988227e-06
2.9154614e-06
1.5108472e-07
4.2589745e-08
1.144332e-08
4.8279575e-09
3.0289532e-09
2.6085487e-09
2.6262392e-09
1.6080874e-05
9.6049889e-06
6.8595283e-06
4.7032671e-06
3.1540619e-06
7.8942897e-07
9.0169916e-08
2.8850357e-08
8.5428619e-09
4.1628606e-09
2.9594663e-09
4.1375219e-09
1.8262631e-05
1.27627e-05
9.8962051e-06
7.6649583e-06
4.3439456e-06
2.9642185e-06
4.5758956e-07
7.0061813e-08
2.4007587e-08
8.0833787e-09
4.2200786e-09
3.7958369e-09
1.863995e-05
1.5708846e-05
1.4129358e-05
1.1003893e-05
7.0733788e-06
4.3835629e-06
2.8511481e-06
3.2463746e-07
6.5832463e-08
2.5773152e-08
9.8417686e-09
1.3129573e-08
1.8449578e-05
1.659695e-05
1.9806577e-05
1.5335006e-05
1.2857212e-05
6.6791762e-06
4.396736e-06
2.8983642e-06
3.3129659e-07
8.6631257e-08
3.63152e-08
1.8775632e-08
1.3849138e-05
1.6452841e-05
2.1420891e-05
1.9909299e-05
1.6898724e-05
1.3944481e-05
6.5840491e-06
4.4684904e-06
1.8831344e-06
3.671545e-07
1.3322022e-07
8.4582909e-08
9.6688357e-06
1.7095227e-05
2.2057422e-05
2.1537548e-05
2.0259472e-05
1.7150247e-05
1.4109393e-05
6.5930667e-06
4.1496311e-06
2.6793473e-06
5.9379598e-07
2.5194231e-07
7.8814015e-06
1.852874e-05
2.1875704e-05
2.2236974e-05
2.1530329e-05
1.9883782e-05
1.6207647e-05
1.3724278e-05
6.8277839e-06
4.2289042e-06
2.8635019e-06
1.2072558e-06
6.671433e-06
1.8037193e-05
2.1530955e-05
2.1789776e-05
2.2140511e-05
2.1766441e-05
1.8535114e-05
1.4874923e-05
1.2399178e-05
7.8503585e-06
4.6380251e-06
3.5011683e-06
5.9718276e-06
1.4595413e-05
2.1057562e-05
2.1283366e-05
2.1234408e-05
2.2452729e-05
2.2001293e-05
1.6912213e-05
1.3624379e-05
1.111979e-05
8.5959415e-06
4.7888412e-06
5.5193845e-06
1.0193294e-05
1.7975895e-05
2.1187778e-05
2.0872802e-05
2.0666468e-05
2.2836242e-05
2.0285167e-05
1.5527837e-05
1.2627821e-05
1.1262111e-05
8.5370443e-06
5.6268945e-06
8.0243531e-06
1.2918652e-05
1.8268932e-05
2.1454115e-05
2.0149552e-05
2.0424572e-05
2.260141e-05
1.8991182e-05
1.4851981e-05
1.2745562e-05
1.1012927e-05
5.9904126e-06
7.5511161e-06
1.0225892e-05
1.3243597e-05
1.7435625e-05
2.1599969e-05
1.9955278e-05
2.018789e-05
2.1700773e-05
1.8505077e-05
1.5382195e-05
1.3037903e-05
7.0237695e-06
7.536846e-06
9.5141099e-06
1.1587771e-05
1.3722282e-05
1.7509373e-05
2.0964187e-05
2.0190415e-05
2.0029882e-05
2.0541573e-05
1.9063586e-05
1.6588885e-05
8.6869839e-06
8.355645e-06
9.7479848e-06
1.1316415e-05
1.2843778e-05
1.5018683e-05
1.7482081e-05
2.0685422e-05
2.1635512e-05
2.0171294e-05
2.0058725e-05
1.952272e-05
1.0630437e-05
9.4907486e-06
1.0179592e-05
1.1358738e-05
1.289279e-05
1.4530189e-05
1.6280619e-05
1.8356162e-05
2.1664096e-05
2.3583029e-05
2.1839636e-05
2.0460774e-05
1.2913893e-05
1.1116079e-05
1.1257787e-05
1.2166706e-05
1.3481027e-05
1.4883247e-05
1.6411533e-05
1.792858e-05
2.0202178e-05
2.3152625e-05
2.6850403e-05
2.450204e-05
1.5006043e-05
1.2742757e-05
1.2543748e-05
1.3137788e-05
1.3996475e-05
1.5192308e-05
1.6669668e-05
1.8174833e-05
2.0047143e-05
2.2477697e-05
2.5970797e-05
2.9951763e-05
1.6042137e-05
1.3949071e-05
1.3584706e-05
1.3890471e-05
1.440659e-05
1.5401875e-05
1.6851683e-05
1.8349796e-05
2.0208352e-05
2.2512601e-05
2.5796955e-05
3.0063867e-05
1.7248045e-05
1.5579698e-05
1.5008515e-05
1.4947605e-05
1.529847e-05
1.6071839e-05
1.7358325e-05
1.8701515e-05
2.0567342e-05
2.2632239e-05
2.5809278e-05
2.9773011e-05
1.826327e-05
1.704351e-05
1.6371006e-05
1.6161804e-05
1.6541936e-05
1.7055682e-05
1.8043753e-05
1.9251644e-05
2.1013837e-05
2.2925307e-05
2.5735178e-05
2.9411135e-05
1.8982904e-05
1.8045751e-05
1.7422408e-05
1.7282447e-05
1.7628418e-05
1.7884993e-05
1.8641042e-05
1.9771974e-05
2.1340072e-05
2.3146403e-05
2.5481024e-05
2.8603768e-05
1.9427793e-05
1.8672228e-05
1.814659e-05
1.800079e-05
1.816284e-05
1.8406522e-05
1.897615e-05
1.9883331e-05
2.1216117e-05
2.2811027e-05
2.4801238e-05
2.7275349e-05
1.9551504e-05
1.8850245e-05
1.8378752e-05
1.8104927e-05
1.8157427e-05
1.8455664e-05
1.8780659e-05
1.9372924e-05
2.0406544e-05
2.1724767e-05
2.3328693e-05
2.519071e-05
1.9415424e-05
1.8670636e-05
1.8144287e-05
1.7768321e-05
1.7662457e-05
1.7803005e-05
1.8004871e-05
1.8283531e-05
1.8903821e-05
1.9807724e-05
2.0989517e-05
2.2347516e-05
1.7880936e-05
1.8140096e-05
1.7676983e-05
1.7176129e-05
1.6822234e-05
1.6686239e-05
1.6732744e-05
1.681081e-05
1.7073519e-05
1.743925e-05
1.8098828e-05
1.8907475e-05
1.0957834e-05
1.1106304e-05
1.1347209e-05
1.1514539e-05
1.1770095e-05
1.1952187e-05
1.2223964e-05
1.2419365e-05
1.2749152e-05
1.2961628e-05
1.3305302e-05
1.3534552e-05
7.3085199e-06
7.3357938e-06
7.5431295e-06
7.5776247e-06
7.7914667e-06
7.8408512e-06
8.0569737e-06
8.1214213e-06
8.3731862e-06
8.4439999e-06
8.7083122e-06
8.7865326e-06
3.4645949e-06
3.7124056e-06
3.853735e-06
3.9423801e-06
4.1173274e-06
4.2370025e-06
4.4555476e-06
4.6119934e-06
4.9102555e-06
5.1165825e-06
5.4916573e-06
5.7700759e-06
1.0419507e-06
1.1225333e-06
1.2312927e-06
1.2647698e-06
1.3375946e-06
1.3840351e-06
1.4713411e-06
1.5317626e-06
1.6481727e-06
1.7255938e-06
1.8651137e-06
1.9580481e-06
4.1257773e-07
4.3468045e-07
4.721658e-07
4.9722456e-07
5.1633652e-07
5.241433e-07
5.4720181e-07
5.5885955e-07
5.896732e-07
6.0601023e-07
6.4255931e-07
6.6399018e-07
3.0474855e-07
3.1348537e-07
3.2935267e-07
3.408862e-07
3.6110608e-07
3.5907647e-07
3.6369855e-07
3.6252761e-07
3.6951526e-07
3.699634e-07
3.7873773e-07
3.8063462e-07
2.7596776e-07
2.795442e-07
2.8457088e-07
2.8868493e-07
2.9420351e-07
2.988018e-07
3.0476568e-07
3.1024606e-07
3.175399e-07
3.2368574e-07
3.3181182e-07
3.3867862e-07
2.2144484e-07
2.226068e-07
2.2348384e-07
2.2476779e-07
2.2574518e-07
2.2715019e-07
2.2824459e-07
2.2977406e-07
2.3118112e-07
2.3287606e-07
2.3446409e-07
2.3634783e-07
2.0766184e-07
2.0810564e-07
2.084532e-07
2.0891295e-07
2.0928736e-07
2.0975699e-07
2.1016624e-07
2.1064457e-07
2.1113337e-07
2.1162838e-07
2.1216442e-07
2.1268026e-07
1.9959358e-07
1.9994528e-07
2.0020635e-07
2.0054221e-07
2.0082622e-07
2.0114561e-07
2.0145128e-07
2.0175714e-07
2.0210031e-07
2.0240068e-07
2.0275699e-07
2.0305695e-07
1.919394e-07
1.9209161e-07
1.9251738e-07
1.9266467e-07
1.930982e-07
1.9324045e-07
1.9368071e-07
1.9381837e-07
1.9428361e-07
1.9441363e-07
1.9488806e-07
1.9501206e-07
1.8310773e-07
1.8338403e-07
1.8366645e-07
1.8395821e-07
1.842289e-07
1.8453333e-07
1.8479365e-07
1.8510861e-07
1.8537686e-07
1.8570133e-07
1.859618e-07
1.8629473e-07
1.7348591e-07
1.7366286e-07
1.7401615e-07
1.7420459e-07
1.7454821e-07
1.7474734e-07
1.7508464e-07
1.7529302e-07
1.7563888e-07
1.7585569e-07
1.7619694e-07
1.7641948e-07
1.6414783e-07
1.6432842e-07
1.6462965e-07
1.6478285e-07
1.6511474e-07
1.6523744e-07
1.6560392e-07
1.6569503e-07
1.6610511e-07
1.6617288e-07
1.6660235e-07
1.6665998e-07
1.5658251e-07
1.5678687e-07
1.5697651e-07
1.5717673e-07
1.5737463e-07
1.5756812e-07
1.577776e-07
1.5796237e-07
1.5819176e-07
1.5837086e-07
1.5860573e-07
1.5878315e-07
1.5043888e-07
1.5057852e-07
1.5075534e-07
1.5090082e-07
1.5107785e-07
1.5122442e-07
1.5140726e-07
1.5155024e-07
1.51749e-07
1.5188653e-07
1.5209557e-07
1.522247e-07
1.4560887e-07
1.4576074e-07
1.4583825e-07
1.4599268e-07
1.4607098e-07
1.4622865e-07
1.4630653e-07
1.4646831e-07
1.4655088e-07
1.4671595e-07
1.4679977e-07
1.4696781e-07
1.416875e-07
1.4174901e-07
1.4186068e-07
1.4191595e-07
1.420349e-07
1.4208518e-07
1.4221075e-07
1.4225707e-07
1.4239183e-07
1.4243582e-07
1.4257488e-07
1.4261679e-07
1.3853509e-07
1.3856265e-07
1.3865856e-07
1.3867915e-07
1.3878038e-07
1.3879905e-07
1.3890214e-07
1.3892113e-07
1.3902869e-07
1.3904745e-07
1.3915643e-07
1.3917516e-07
1.3629098e-07
1.3633481e-07
1.363708e-07
1.3641085e-07
1.3645159e-07
1.364884e-07
1.3653327e-07
1.3656747e-07
1.366174e-07
1.3665022e-07
1.3670214e-07
1.3673444e-07
1.3479283e-07
1.3482722e-07
1.3484478e-07
1.3487983e-07
1.3489762e-07
1.3493331e-07
1.3495093e-07
1.3498739e-07
1.3500601e-07
1.3504311e-07
1.3506197e-07
1.3509951e-07
1.3361363e-07
1.3363743e-07
1.3364956e-07
1.3367382e-07
1.336861e-07
1.3371079e-07
1.3372292e-07
1.3374814e-07
1.3376095e-07
1.3378656e-07
1.3379951e-07
1.3382551e-07
1.3275722e-07
1.3277201e-07
1.3278087e-07
1.3279603e-07
1.3280492e-07
1.3282046e-07
1.3282906e-07
1.3284513e-07
1.3285399e-07
1.3287045e-07
1.3287935e-07
1.3289617e-07
1.3212107e-07
1.3212988e-07
1.3213687e-07
1.3214592e-07
1.3215293e-07
1.3216223e-07
1.3216903e-07
1.3217866e-07
1.3218563e-07
1.3219549e-07
1.3220248e-07
1.3221255e-07
1.3162965e-07
1.316348e-07
1.3163928e-07
1.3164449e-07
1.3164905e-07
1.3165431e-07
1.3165894e-07
1.3166424e-07
1.316692e-07
1.3167455e-07
1.3167961e-07
1.3168501e-07
1.3131889e-07
1.3132055e-07
1.3132384e-07
1.3132555e-07
1.3132888e-07
1.3133064e-07
1.3133403e-07
1.3133585e-07
1.3133943e-07
1.3134131e-07
1.3134496e-07
1.3134692e-07
1.3113837e-07
1.3113969e-07
1.3114136e-07
1.3114272e-07
1.311444e-07
1.3114578e-07
1.3114748e-07
1.3114889e-07
1.3115071e-07
1.3115214e-07
1.3115399e-07
1.3115545e-07
1.3091096e-07
1.3091234e-07
1.3091249e-07
1.3091389e-07
1.3091405e-07
1.3091545e-07
1.3091564e-07
1.3091704e-07
1.3091733e-07
1.3091875e-07
1.3091907e-07
1.3092049e-07
1.3080821e-07
1.3080728e-07
1.3080842e-07
1.3080749e-07
1.3080866e-07
1.3080772e-07
1.308089e-07
1.3080795e-07
1.3080918e-07
1.308082e-07
1.3080944e-07
1.3080844e-07
1.3076652e-07
1.3076587e-07
1.3076632e-07
1.3076562e-07
1.3076603e-07
1.3076542e-07
1.3076593e-07
1.3076527e-07
1.3076575e-07
1.3076516e-07
1.3076574e-07
1.3076508e-07
1.3067228e-07
1.3066333e-07
1.306538e-07
1.3065146e-07
1.3065886e-07
1.306553e-07
1.3064557e-07
1.306432e-07
1.3064994e-07
1.3064611e-07
1.3063673e-07
1.3063442e-07
1.3064638e-07
1.3064473e-07
1.3064475e-07
1.3064323e-07
1.3064339e-07
1.3064164e-07
1.3064157e-07
1.3064006e-07
1.3064016e-07
1.3063824e-07
1.3063809e-07
1.3063652e-07
1.3063869e-07
1.3063841e-07
1.3063674e-07
1.306364e-07
1.3063471e-07
1.3063444e-07
1.3063281e-07
1.3063238e-07
1.3063072e-07
1.3063056e-07
1.3062897e-07
1.3062859e-07
1.3061269e-07
1.3061255e-07
1.3061118e-07
1.3061103e-07
1.3060966e-07
1.3060949e-07
1.3060812e-07
1.3060795e-07
1.3060659e-07
1.3060642e-07
1.3060506e-07
1.3060488e-07
1.3060932e-07
1.3060871e-07
1.3060741e-07
1.3060682e-07
1.3060551e-07
1.3060495e-07
1.3060364e-07
1.306031e-07
1.3060179e-07
1.3060127e-07
1.3059996e-07
1.3059945e-07
1.3059785e-07
1.3059725e-07
1.3059578e-07
1.3059519e-07
1.3059371e-07
1.3059313e-07
1.3059164e-07
1.3059107e-07
1.3058958e-07
1.3058903e-07
1.3058754e-07
1.3058699e-07
1.3061609e-07
1.306152e-07
1.306141e-07
1.306132e-07
1.3061213e-07
1.3061123e-07
1.3061019e-07
1.3060929e-07
1.3060828e-07
1.3060738e-07
1.3060639e-07
1.306055e-07
1.3062901e-07
1.3062814e-07
1.3062716e-07
1.3062628e-07
1.3062532e-07
1.3062443e-07
1.3062348e-07
1.3062258e-07
1.3062165e-07
1.3062073e-07
1.306198e-07
1.3061887e-07
1.3063222e-07
1.3063121e-07
1.3063015e-07
1.3062914e-07
1.3062808e-07
1.3062706e-07
1.3062602e-07
1.3062499e-07
1.3062396e-07
1.3062293e-07
1.306219e-07
1.3062087e-07
1.3066416e-07
1.3066305e-07
1.306621e-07
1.30661e-07
1.3066005e-07
1.3065895e-07
1.3065801e-07
1.3065691e-07
1.3065597e-07
1.3065488e-07
1.3065395e-07
1.3065286e-07
1.3068083e-07
1.3067984e-07
1.3067886e-07
1.3067788e-07
1.306769e-07
1.3067591e-07
1.3067493e-07
1.3067394e-07
1.3067295e-07
1.3067196e-07
1.3067097e-07
1.3066997e-07
1.3070268e-07
1.3070156e-07
1.3070064e-07
1.3069953e-07
1.3069862e-07
1.3069752e-07
1.306966e-07
1.3069551e-07
1.3069459e-07
1.306935e-07
1.3069259e-07
1.3069149e-07
1.3074945e-07
1.3074826e-07
1.3074727e-07
1.3074608e-07
1.3074509e-07
1.307439e-07
1.3074292e-07
1.3074173e-07
1.3074075e-07
1.3073957e-07
1.307386e-07
1.3073743e-07
1.3077227e-07
1.307712e-07
1.3077027e-07
1.3076921e-07
1.3076829e-07
1.3076724e-07
1.3076632e-07
1.3076527e-07
1.3076436e-07
1.3076331e-07
1.3076239e-07
1.3076135e-07
1.308277e-07
1.3082649e-07
1.3082562e-07
1.3082441e-07
1.3082355e-07
1.3082234e-07
1.3082147e-07
1.3082027e-07
1.308194e-07
1.3081819e-07
1.3081731e-07
1.308161e-07
1.3087938e-07
1.3087825e-07
1.3087728e-07
1.3087614e-07
1.3087517e-07
1.3087401e-07
1.3087305e-07
1.3087189e-07
1.3087092e-07
1.3086975e-07
1.3086879e-07
1.3086763e-07
1.3093216e-07
1.3093104e-07
1.3093014e-07
1.3092903e-07
1.3092812e-07
1.30927e-07
1.3092609e-07
1.3092495e-07
1.3092402e-07
1.3092287e-07
1.3092192e-07
1.3092074e-07
1.3102452e-07
1.3102323e-07
1.3102223e-07
1.3102093e-07
1.3101994e-07
1.3101865e-07
1.3101766e-07
1.3101637e-07
1.3101539e-07
1.3101411e-07
1.3101314e-07
1.3101186e-07
1.3108906e-07
1.3108787e-07
1.3108693e-07
1.3108574e-07
1.3108481e-07
1.3108362e-07
1.3108269e-07
1.3108151e-07
1.3108058e-07
1.3107939e-07
1.3107847e-07
1.3107728e-07
1.3121315e-07
1.3121194e-07
1.3121107e-07
1.3120986e-07
1.3120899e-07
1.3120777e-07
1.312069e-07
1.3120566e-07
1.3120476e-07
1.3120352e-07
1.312026e-07
1.3120133e-07
1.3132265e-07
1.3132136e-07
1.3132034e-07
1.3131903e-07
1.31318e-07
1.3131668e-07
1.3131566e-07
1.3131433e-07
1.3131331e-07
1.3131198e-07
1.3131096e-07
1.3130964e-07
1.3147311e-07
1.3147182e-07
1.3147087e-07
1.3146956e-07
1.314686e-07
1.3146728e-07
1.314663e-07
1.3146497e-07
1.3146398e-07
1.3146264e-07
1.3146163e-07
1.3146028e-07
1.3165697e-07
1.3165562e-07
1.3165463e-07
1.3165327e-07
1.3165227e-07
1.3165091e-07
1.3164991e-07
1.3164854e-07
1.3164754e-07
1.3164616e-07
1.3164516e-07
1.3164377e-07
1.3185777e-07
1.3185636e-07
1.3185532e-07
1.3185392e-07
1.3185288e-07
1.3185147e-07
1.3185044e-07
1.3184904e-07
1.3184802e-07
1.3184662e-07
1.318456e-07
1.3184421e-07
1.3213611e-07
1.3213473e-07
1.3213378e-07
1.3213239e-07
1.3213144e-07
1.3213005e-07
1.3212909e-07
1.3212769e-07
1.3212672e-07
1.3212531e-07
1.3212433e-07
1.3212291e-07
1.3244486e-07
1.3244341e-07
1.3244236e-07
1.3244091e-07
1.3243986e-07
1.324384e-07
1.3243735e-07
1.3243588e-07
1.3243483e-07
1.3243335e-07
1.3243231e-07
1.3243082e-07
1.3286271e-07
1.3286117e-07
1.3286008e-07
1.3285853e-07
1.3285745e-07
1.328559e-07
1.3285481e-07
1.3285327e-07
1.3285217e-07
1.3285063e-07
1.3284954e-07
1.3284801e-07
1.3337194e-07
1.3337024e-07
1.3336898e-07
1.333673e-07
1.3336608e-07
1.3336444e-07
1.3336327e-07
1.3336167e-07
1.3336053e-07
1.3335898e-07
1.3335789e-07
1.3335637e-07
1.34054e-07
1.3405236e-07
1.3405115e-07
1.3404951e-07
1.3404832e-07
1.3404667e-07
1.340455e-07
1.3404385e-07
1.3404267e-07
1.3404101e-07
1.3403984e-07
1.3403816e-07
1.3498124e-07
1.3497938e-07
1.3497799e-07
1.3497615e-07
1.3497477e-07
1.3497294e-07
1.3497156e-07
1.3496973e-07
1.3496836e-07
1.3496653e-07
1.3496516e-07
1.3496333e-07
1.3631492e-07
1.3631305e-07
1.3631169e-07
1.3630978e-07
1.3630837e-07
1.363064e-07
1.3630493e-07
1.3630291e-07
1.3630137e-07
1.3629929e-07
1.362977e-07
1.3629558e-07
1.3844402e-07
1.3844181e-07
1.3843999e-07
1.3843776e-07
1.3843593e-07
1.3843367e-07
1.3843184e-07
1.3842956e-07
1.3842772e-07
1.3842543e-07
1.3842358e-07
1.3842129e-07
1.4258081e-07
1.4258554e-07
1.4259057e-07
1.425959e-07
1.4260142e-07
1.4260722e-07
1.4261313e-07
1.4262027e-07
1.4262806e-07
1.426371e-07
1.4264952e-07
1.4266918e-07
6.4403097e-16
6.1745807e-18
7.4063573e-18
2.7936574e-17
1.0727139e-16
4.0985144e-16
1.2420601e-15
4.7019892e-15
8.764571e-15
1.0675106e-14
1.085638e-14
1.0942727e-14
1.1170982e-14
1.1256632e-14
1.0806103e-14
1.0491504e-14
1.0520522e-14
1.0016301e-14
9.7442748e-15
9.709876e-15
9.3818194e-15
9.4423968e-15
9.0974031e-15
8.9134566e-15
8.6188913e-15
8.3548834e-15
8.0671307e-15
7.789496e-15
7.4349414e-15
7.187937e-15
6.6934244e-15
6.0148451e-15
5.3448391e-15
4.7708979e-15
4.214955e-15
3.6635669e-15
3.152481e-15
2.6574153e-15
2.1937368e-15
1.7833018e-15
1.4155557e-15
1.0905667e-15
8.267502e-16
6.1141558e-16
4.4237896e-16
3.1227394e-16
2.1785372e-16
1.5059304e-16
1.044873e-16
7.3641611e-17
5.4613778e-17
4.0529833e-17
2.955938e-17
2.2047656e-17
1.6014093e-17
1.1235191e-17
7.5093609e-18
4.16541e-18
1.8946348e-18
1.6894063e-18
3.1213568e-14
1.294727e-15
1.5687339e-15
5.9206648e-15
2.2734368e-14
8.6897129e-14
2.6329185e-13
9.969751e-13
1.8582194e-12
2.2631175e-12
2.3014683e-12
2.3196527e-12
2.3679206e-12
2.3859877e-12
2.2904441e-12
2.2237086e-12
2.2298355e-12
2.1229256e-12
2.0653209e-12
2.0580571e-12
1.9885346e-12
2.0013955e-12
1.9282656e-12
1.8893132e-12
1.826888e-12
1.7709512e-12
1.7099967e-12
1.6511291e-12
1.5760098e-12
1.5236342e-12
1.418823e-12
1.2749757e-12
1.1329695e-12
1.0112862e-12
8.9341976e-13
7.7651727e-13
6.6817096e-13
5.6320986e-13
4.6492285e-13
3.7791955e-13
2.9997834e-13
2.3109895e-13
1.7519498e-13
1.2955878e-13
9.3738796e-14
6.617106e-14
4.6159538e-14
3.191056e-14
2.2138128e-14
1.56051e-14
1.1567431e-14
8.5851427e-15
6.2592551e-15
4.6659414e-15
3.3877844e-15
2.3748359e-15
1.5862093e-15
8.7893681e-16
3.9896641e-16
3.1422927e-16
3.5336221e-13
3.4744607e-14
4.3659391e-14
1.6512422e-13
6.3435479e-13
2.4265821e-12
7.3499412e-12
2.7839677e-11
5.1863531e-11
6.3119761e-11
6.4169918e-11
6.466585e-11
6.5991253e-11
6.6471307e-11
6.3801992e-11
6.1943828e-11
6.2108752e-11
5.9130397e-11
5.7533513e-11
5.7330673e-11
5.5395604e-11
5.5754017e-11
5.3718867e-11
5.2642157e-11
5.0908839e-11
4.9357021e-11
4.7664785e-11
4.6026811e-11
4.3938838e-11
4.2481621e-11
3.9563055e-11
3.5559616e-11
3.1605722e-11
2.8214953e-11
2.4929441e-11
2.1670026e-11
1.8648843e-11
1.5720647e-11
1.2978654e-11
1.0550763e-11
8.3756643e-12
6.4528217e-12
4.8923856e-12
3.618138e-12
2.6179242e-12
1.8481916e-12
1.2891804e-12
8.9131048e-13
6.182863e-13
4.3589559e-13
3.2295754e-13
2.3973019e-13
1.7472107e-13
1.3017197e-13
9.4477788e-14
6.6173716e-14
4.4168651e-14
2.444795e-14
1.1074824e-14
8.1513502e-15
1.7980804e-12
3.3964947e-13
4.5964535e-13
1.756319e-12
6.7686789e-12
2.5925753e-11
7.8521264e-11
2.97282e-10
5.519175e-10
6.69206e-10
6.7895217e-10
6.8365295e-10
6.9684527e-10
7.0077447e-10
6.7215132e-10
6.526634e-10
6.5414432e-10
6.2281275e-10
6.0632977e-10
6.0415054e-10
5.8385385e-10
5.8761038e-10
5.6630142e-10
5.5533758e-10
5.3738543e-10
5.2135759e-10
5.0379918e-10
4.8670318e-10
4.6493206e-10
4.4971392e-10
4.1903371e-10
3.7710779e-10
3.3552358e-10
2.9980616e-10
2.6511054e-10
2.3064809e-10
1.9865714e-10
1.6758834e-10
1.3847068e-10
1.1264949e-10
8.9486279e-11
6.8984938e-11
5.2335016e-11
3.8720377e-11
2.8026334e-11
1.9792363e-11
1.3807305e-11
9.5482797e-12
6.6228043e-12
4.6704581e-12
3.4584288e-12
2.5681481e-12
1.8708213e-12
1.3930058e-12
1.0106391e-12
7.072235e-13
4.7171394e-13
2.6079972e-13
1.1789875e-13
8.3378279e-14
5.6950596e-12
1.7867418e-12
2.7762225e-12
1.093469e-11
4.2683848e-11
1.6406784e-10
4.9731233e-10
1.8725679e-09
3.4356709e-09
4.1200605e-09
4.1548756e-09
4.1731396e-09
4.2405777e-09
4.2466461e-09
4.0652041e-09
3.9480038e-09
3.9530584e-09
3.7655058e-09
3.6708265e-09
3.6572948e-09
3.5365829e-09
3.558732e-09
3.4328405e-09
3.3725543e-09
3.2698217e-09
3.1786807e-09
3.077497e-09
2.9776151e-09
2.8502049e-09
2.7610805e-09
2.5773553e-09
2.3289956e-09
2.0792216e-09
1.8638885e-09
1.6528749e-09
1.4424678e-09
1.2460837e-09
1.0541094e-09
8.735495e-10
7.1261054e-10
5.6747932e-10
4.3852439e-10
3.3340201e-10
2.4707979e-10
1.7908132e-10
1.2660728e-10
8.8382307e-11
6.1152814e-11
4.2425301e-11
2.9928622e-11
2.2153493e-11
1.6454687e-11
1.1981539e-11
8.9161227e-12
6.4659255e-12
4.5205009e-12
3.0127622e-12
1.6636224e-12
7.5038525e-13
5.1593502e-13
1.4212729e-11
6.1011628e-12
1.1002938e-11
4.6866586e-11
1.8975598e-10
7.3836425e-10
2.2383136e-09
8.2901735e-09
1.478285e-08
1.7351295e-08
1.7299207e-08
1.7281789e-08
1.7467227e-08
1.7370363e-08
1.6569923e-08
1.6089776e-08
1.6083527e-08
1.5339687e-08
1.4989038e-08
1.4936012e-08
1.4464e-08
1.4548748e-08
1.4062759e-08
1.3860484e-08
1.3493098e-08
1.3171193e-08
1.2804852e-08
1.2432491e-08
1.1953435e-08
1.1619634e-08
1.0894964e-08
9.9351882e-09
8.9414083e-09
8.0771525e-09
7.2129753e-09
6.3428174e-09
5.5201682e-09
4.7032692e-09
3.9275675e-09
3.2273876e-09
2.5873148e-09
2.0126675e-09
1.5393524e-09
1.1463142e-09
8.3414596e-10
5.9163226e-10
4.1393641e-10
2.8685882e-10
1.9919317e-10
1.406214e-10
1.0407887e-10
7.7328622e-11
5.6288594e-11
4.1863e-11
3.0344493e-11
2.1194019e-11
1.4112811e-11
7.7822887e-12
3.5018506e-12
2.3546993e-12
3.0059939e-11
1.2014088e-11
2.9661167e-11
1.4436775e-10
6.2795327e-10
2.5124914e-09
7.6101777e-09
2.71648e-08
4.6208531e-08
5.2834965e-08
5.1995362e-08
5.1552433e-08
5.1786134e-08
5.1121516e-08
4.8572143e-08
4.7118367e-08
4.7005272e-08
4.4928206e-08
4.4019581e-08
4.389157e-08
4.2607095e-08
4.282876e-08
4.1527614e-08
4.1088665e-08
4.0238693e-08
3.9515073e-08
3.8661708e-08
3.7749013e-08
3.6546936e-08
3.5726318e-08
3.3762932e-08
3.1240478e-08
2.8508179e-08
2.6097238e-08
2.3600992e-08
2.1042731e-08
1.8570324e-08
1.6044036e-08
1.3600916e-08
1.1343281e-08
9.2229509e-09
7.2781896e-09
5.6409927e-09
4.248428e-09
3.1212708e-09
2.231445e-09
1.5704858e-09
1.0928076e-09
7.6090138e-10
5.3814611e-10
3.985259e-10
2.9627782e-10
2.1564794e-10
1.6030916e-10
1.1615022e-10
8.1046403e-11
5.3919685e-11
2.9689833e-11
1.332634e-11
8.7915278e-12
5.9130695e-11
2.1000841e-11
5.1272785e-11
3.2435642e-10
1.5493025e-09
6.4691158e-09
1.9564169e-08
6.615135e-08
1.0714071e-07
1.206298e-07
1.17986e-07
1.1625392e-07
1.1628421e-07
1.1431237e-07
1.0832923e-07
1.0487589e-07
1.0442571e-07
1.000494e-07
9.8204978e-08
9.8011835e-08
9.5405635e-08
9.5830658e-08
9.3226417e-08
9.2519099e-08
9.1164301e-08
9.0087979e-08
8.8769916e-08
8.7245817e-08
8.5130448e-08
8.3770039e-08
7.995491e-08
7.5233327e-08
6.9843842e-08
6.5013186e-08
5.9777182e-08
5.4288131e-08
4.8843494e-08
4.3060032e-08
3.7328455e-08
3.1861458e-08
2.6514301e-08
2.1441452e-08
1.7018837e-08
1.3097052e-08
9.8083341e-09
7.1294806e-09
5.0837628e-09
3.57113e-09
2.5029316e-09
1.7780565e-09
1.319617e-09
9.8256751e-10
7.1558573e-10
5.31934e-10
3.8531908e-10
2.6865458e-10
1.7858863e-10
9.8195054e-11
4.3968936e-11
2.8504853e-11
1.2211499e-10
3.6279661e-11
8.2917921e-11
5.0550025e-10
2.7001157e-09
1.2285602e-08
3.7770305e-08
1.2272336e-07
1.9341671e-07
2.1897465e-07
2.1565734e-07
2.1223192e-07
2.1215435e-07
2.0865693e-07
1.9771985e-07
1.9094892e-07
1.8984031e-07
1.8222124e-07
1.7891228e-07
1.7871392e-07
1.7436894e-07
1.7503363e-07
1.7071897e-07
1.696475e-07
1.6797361e-07
1.6684699e-07
1.6544053e-07
1.6360273e-07
1.607425e-07
1.5914795e-07
1.5335822e-07
1.4643156e-07
1.3813026e-07
1.3061041e-07
1.220447e-07
1.1287044e-07
1.0358296e-07
9.3321219e-08
8.2931919e-08
7.2735907e-08
6.2310529e-08
5.203584e-08
4.270681e-08
3.3962399e-08
2.6240161e-08
1.9630863e-08
1.4345131e-08
1.0269059e-08
7.299144e-09
5.2356436e-09
3.9077435e-09
2.9202926e-09
2.1314115e-09
1.5859928e-09
1.1493697e-09
8.0118059e-10
5.3236497e-10
2.9239552e-10
1.3065192e-10
8.3302404e-11
2.4765412e-10
6.0652329e-11
1.4305386e-10
8.5501229e-10
3.9999933e-09
1.7329631e-08
5.2818367e-08
1.7107409e-07
2.8664841e-07
3.3622428e-07
3.3776586e-07
3.344483e-07
3.3546989e-07
3.3149056e-07
3.151567e-07
3.039065e-07
3.0165877e-07
2.892446e-07
2.8237861e-07
2.8218897e-07
2.7551384e-07
2.7611526e-07
2.6969075e-07
2.675297e-07
2.66285e-07
2.6615399e-07
2.6616948e-07
2.6552072e-07
2.6272281e-07
2.6149077e-07
2.540857e-07
2.4531692e-07
2.3435102e-07
2.2435343e-07
2.1236951e-07
1.992631e-07
1.8585091e-07
1.7053005e-07
1.5481701e-07
1.3916344e-07
1.2257763e-07
1.0573627e-07
8.9978684e-08
7.4386646e-08
5.9816614e-08
4.6587961e-08
3.5345453e-08
2.6119341e-08
1.9044144e-08
1.3918656e-08
1.0515593e-08
7.9223431e-09
5.8142603e-09
4.3408943e-09
3.152297e-09
2.1998026e-09
1.4625081e-09
8.0314542e-10
3.584341e-10
2.2483012e-10
4.0787147e-10
9.331315e-11
1.9930749e-10
1.3966205e-09
6.7030203e-09
2.6058951e-08
7.3811625e-08
2.1966498e-07
3.6048641e-07
4.5350936e-07
4.7279068e-07
4.7432366e-07
4.7969305e-07
4.7788349e-07
4.5751399e-07
4.4158982e-07
4.3804892e-07
4.2133731e-07
4.1070945e-07
4.1020082e-07
4.0122637e-07
4.0193384e-07
3.9329899e-07
3.8931528e-07
3.8766719e-07
3.8805385e-07
3.8925427e-07
3.8993662e-07
3.8772726e-07
3.8914985e-07
3.8196649e-07
3.7187661e-07
3.58716e-07
3.4664916e-07
3.3134851e-07
3.1419733e-07
2.9655971e-07
2.7583469e-07
2.5441723e-07
2.3303468e-07
2.098473e-07
1.8588247e-07
1.6320965e-07
1.3990395e-07
1.1712138e-07
9.5337211e-08
7.5705485e-08
5.8409136e-08
4.424755e-08
3.334762e-08
2.5754788e-08
1.9709541e-08
1.46359e-08
1.1013026e-08
8.0417192e-09
5.6340559e-09
3.756236e-09
2.0670081e-09
9.2294043e-10
5.6975871e-10
5.8145937e-10
1.4436945e-10
2.4963483e-10
1.8978407e-09
8.8759567e-09
3.5744776e-08
1.0777982e-07
2.7692095e-07
4.1729614e-07
5.3962181e-07
6.0176855e-07
6.204633e-07
6.3462159e-07
6.4061257e-07
6.1931597e-07
6.0041417e-07
5.9787031e-07
5.7884985e-07
5.6592029e-07
5.6526637e-07
5.5423274e-07
5.5543999e-07
5.4489462e-07
5.3851566e-07
5.3588187e-07
5.3655402e-07
5.3915123e-07
5.4192306e-07
5.4073621e-07
5.4470099e-07
5.3750112e-07
5.2682961e-07
5.1214432e-07
4.9856869e-07
4.8017387e-07
4.5886004e-07
4.3686126e-07
4.1034455e-07
3.8273586e-07
3.5531016e-07
3.2515709e-07
2.9367091e-07
2.6401956e-07
2.3293333e-07
2.0167253e-07
1.7074702e-07
1.4172084e-07
1.1454082e-07
9.0834157e-08
7.1319122e-08
5.6910038e-08
4.4688859e-08
3.3884314e-08
2.5886896e-08
1.9123141e-08
1.3521784e-08
9.0789994e-09
5.0281672e-09
2.2547419e-09
1.3707016e-09
7.1645267e-10
2.3491344e-10
3.0588683e-10
2.1720109e-09
9.8479978e-09
3.8650933e-08
1.2281909e-07
3.1612954e-07
4.5520818e-07
5.9584964e-07
6.9342005e-07
7.4715314e-07
7.8827481e-07
8.0808953e-07
7.919747e-07
7.7390277e-07
7.7440869e-07
7.5350342e-07
7.4390984e-07
7.4493477e-07
7.3267665e-07
7.358242e-07
7.2418247e-07
7.1581072e-07
7.1194758e-07
7.1267803e-07
7.1687914e-07
7.2250647e-07
7.2275947e-07
7.2824497e-07
7.2148798e-07
7.1134709e-07
6.9610255e-07
6.818143e-07
6.6072493e-07
6.3518147e-07
6.0867002e-07
5.7590018e-07
5.4143541e-07
5.0743994e-07
4.6977811e-07
4.3014395e-07
3.9328449e-07
3.5442748e-07
3.1477128e-07
2.7481035e-07
2.3656427e-07
1.992654e-07
1.6520717e-07
1.3552847e-07
1.1242513e-07
9.1354871e-08
7.1398031e-08
5.5870639e-08
4.2115582e-08
3.029537e-08
2.063578e-08
1.1591321e-08
5.2536136e-09
3.151582e-09
8.3037231e-10
3.8015737e-10
4.0139477e-10
2.321567e-09
9.4048401e-09
3.4784481e-08
1.1890206e-07
3.4586118e-07
4.7370625e-07
6.2114711e-07
7.4439836e-07
8.3456615e-07
9.0614148e-07
9.636423e-07
9.6479663e-07
9.528107e-07
9.605503e-07
9.4070944e-07
9.337475e-07
9.3914446e-07
9.2727905e-07
9.372762e-07
9.2477229e-07
9.184485e-07
9.1434885e-07
9.1542586e-07
9.2132889e-07
9.2947616e-07
9.2994321e-07
9.3739103e-07
9.3454648e-07
9.2660636e-07
9.1218988e-07
8.9832168e-07
8.7522287e-07
8.4552615e-07
8.1438921e-07
7.7489356e-07
7.3277243e-07
6.9147193e-07
6.4555122e-07
5.9683128e-07
5.521975e-07
5.053211e-07
4.5719567e-07
4.0828085e-07
3.6128536e-07
3.1443698e-07
2.7059485e-07
2.3089484e-07
1.9892963e-07
1.6774503e-07
1.3582428e-07
1.095958e-07
8.4989922e-08
6.2757324e-08
4.3773539e-08
2.5222138e-08
1.1695186e-08
6.9421363e-09
9.5056331e-10
5.7030528e-10
4.7206259e-10
2.2514049e-09
7.7059711e-09
2.7511819e-08
9.4291356e-08
3.2185397e-07
4.7847981e-07
6.1970506e-07
7.575333e-07
8.7515394e-07
9.7779817e-07
1.0680313e-06
1.1210396e-06
1.124104e-06
1.144312e-06
1.1313013e-06
1.1309188e-06
1.1430879e-06
1.1326528e-06
1.1504732e-06
1.1392197e-06
1.1370513e-06
1.1368048e-06
1.140773e-06
1.1482584e-06
1.1564092e-06
1.1601391e-06
1.1726752e-06
1.176674e-06
1.1733619e-06
1.1617566e-06
1.1499107e-06
1.125883e-06
1.0923689e-06
1.0566478e-06
1.0100162e-06
9.5938528e-07
9.0987978e-07
8.5476455e-07
7.9574139e-07
7.4239218e-07
6.8688948e-07
6.299032e-07
5.7178516e-07
5.162623e-07
4.6047058e-07
4.0792451e-07
3.5936187e-07
3.1981033e-07
2.7906218e-07
2.3394281e-07
1.9491045e-07
1.5613073e-07
1.1906081e-07
8.5759586e-08
5.1335004e-08
2.4725946e-08
1.4602963e-08
1.1016405e-09
7.6774e-10
6.2168958e-10
2.0383956e-09
5.1747232e-09
1.9596159e-08
6.2553302e-08
2.3155305e-07
4.7713798e-07
5.9927344e-07
7.3810618e-07
8.7272238e-07
9.975917e-07
1.1176207e-06
1.2114602e-06
1.26356e-06
1.3069106e-06
1.3137622e-06
1.3226161e-06
1.3486631e-06
1.3425791e-06
1.3718241e-06
1.3648798e-06
1.3679209e-06
1.3713459e-06
1.3795722e-06
1.3906877e-06
1.4044024e-06
1.4129749e-06
1.432274e-06
1.4469031e-06
1.4516255e-06
1.4455976e-06
1.4379914e-06
1.4146517e-06
1.3780457e-06
1.3380148e-06
1.2839962e-06
1.2240264e-06
1.1653156e-06
1.0999621e-06
1.0291924e-06
9.6585653e-07
9.0075526e-07
8.3416295e-07
7.6618504e-07
7.0190258e-07
6.3737763e-07
5.7716923e-07
5.2116333e-07
4.7603675e-07
4.2766638e-07
3.696029e-07
3.1707986e-07
2.6209874e-07
2.0659059e-07
1.5420713e-07
9.6737944e-08
4.9172356e-08
2.900537e-08
1.3049907e-09
8.824575e-10
8.5896772e-10
1.2800666e-09
3.0750415e-09
1.1946733e-08
3.5552754e-08
1.2523367e-07
3.682778e-07
5.6784448e-07
6.9697101e-07
8.3412321e-07
9.7280784e-07
1.109664e-06
1.2380361e-06
1.3301048e-06
1.4062831e-06
1.4587387e-06
1.4925344e-06
1.5393641e-06
1.5463647e-06
1.5900235e-06
1.592115e-06
1.6057645e-06
1.6158782e-06
1.6305621e-06
1.6478212e-06
1.6693236e-06
1.6848374e-06
1.7129788e-06
1.742998e-06
1.7603464e-06
1.7636514e-06
1.7632714e-06
1.7429242e-06
1.704488e-06
1.6608207e-06
1.5994425e-06
1.5294492e-06
1.4605112e-06
1.3838111e-06
1.2996786e-06
1.2247725e-06
1.1487311e-06
1.0714634e-06
9.9255239e-07
9.1873841e-07
8.4513579e-07
7.7803812e-07
7.1592753e-07
6.6744082e-07
6.1417678e-07
5.4442903e-07
4.7877444e-07
4.0689934e-07
3.3051659e-07
2.5526508e-07
1.6806607e-07
9.0984423e-08
5.482013e-08
1.5584006e-09
9.3080298e-10
9.4866132e-10
1.2062433e-09
1.8850959e-09
7.0813063e-09
1.7408019e-08
7.2671149e-08
1.7433248e-07
4.3734624e-07
6.4272141e-07
7.7385635e-07
9.1186368e-07
1.0554638e-06
1.2011053e-06
1.3259095e-06
1.4339017e-06
1.5267574e-06
1.5967504e-06
1.6727553e-06
1.718362e-06
1.7840584e-06
1.808357e-06
1.8393364e-06
1.8602774e-06
1.8854301e-06
1.9117546e-06
1.9446728e-06
1.9693769e-06
2.0096505e-06
2.0607361e-06
2.096812e-06
2.1145085e-06
2.1253572e-06
2.1112148e-06
2.0729571e-06
2.0268784e-06
1.9586308e-06
1.8782549e-06
1.7981933e-06
1.7090385e-06
1.6098156e-06
1.5214971e-06
1.4328275e-06
1.3435052e-06
1.2521621e-06
1.1674234e-06
1.0837115e-06
1.0104095e-06
9.4369268e-07
8.9343235e-07
8.377882e-07
7.5837714e-07
6.8100362e-07
5.9262363e-07
4.9395511e-07
3.9304712e-07
2.7042194e-07
1.5597441e-07
9.6031491e-08
1.9931964e-09
8.8549073e-10
9.7588327e-10
1.2111021e-09
1.4541154e-09
3.7528871e-09
1.1310775e-08
2.7564516e-08
9.595463e-08
1.8525604e-07
4.6537447e-07
6.9790928e-07
8.3133489e-07
9.6841062e-07
1.1176767e-06
1.2592813e-06
1.3902894e-06
1.5172166e-06
1.6256342e-06
1.7324213e-06
1.8176838e-06
1.916837e-06
1.9932441e-06
2.0465264e-06
2.0904354e-06
2.1284552e-06
2.1683154e-06
2.2206295e-06
2.2571186e-06
2.314868e-06
2.393417e-06
2.4561926e-06
2.4949698e-06
2.5223123e-06
2.5187401e-06
2.4836302e-06
2.4371435e-06
2.3631705e-06
2.2725498e-06
2.1807516e-06
2.0782454e-06
1.9622833e-06
1.8586154e-06
1.7553668e-06
1.6521822e-06
1.5464316e-06
1.4486266e-06
1.3539264e-06
1.2743712e-06
1.2042763e-06
1.1530544e-06
1.097191e-06
1.01049e-06
9.2321332e-07
8.1957228e-07
6.9841357e-07
5.7019976e-07
4.0733878e-07
2.4864525e-07
1.5460238e-07
2.4031145e-09
8.680647e-10
9.5621338e-10
1.1165983e-09
1.3451203e-09
1.5780536e-09
4.5818204e-09
1.2292098e-08
4.1442537e-08
1.0403757e-07
2.044992e-07
4.5130282e-07
7.3217953e-07
8.6107182e-07
1.0077157e-06
1.1499024e-06
1.2889394e-06
1.4394323e-06
1.577896e-06
1.7132609e-06
1.8351631e-06
1.9697835e-06
2.0918226e-06
2.1807913e-06
2.2558798e-06
2.3239725e-06
2.3860491e-06
2.4659851e-06
2.5287558e-06
2.6153038e-06
2.7311965e-06
2.8310039e-06
2.8995371e-06
2.9502083e-06
2.9630118e-06
2.935251e-06
2.891376e-06
2.8137289e-06
2.7137438e-06
2.610083e-06
2.4936998e-06
2.3595654e-06
2.2386068e-06
2.1186532e-06
1.9996226e-06
1.8770678e-06
1.7636984e-06
1.6568165e-06
1.5702559e-06
1.497352e-06
1.4449294e-06
1.3908438e-06
1.2994952e-06
1.2043949e-06
1.0873579e-06
9.4408839e-07
7.8785892e-07
5.8141291e-07
3.7258111e-07
2.30755e-07
2.5608652e-09
8.5280182e-10
9.0648897e-10
1.0636023e-09
1.1781647e-09
1.4870354e-09
1.9262798e-09
4.4407546e-09
1.2530638e-08
3.5893941e-08
1.1890356e-07
2.0500202e-07
4.1773455e-07
6.6352456e-07
8.7658067e-07
1.0207229e-06
1.1557837e-06
1.3119439e-06
1.4666609e-06
1.6200303e-06
1.7722989e-06
1.9346027e-06
2.09307e-06
2.2258752e-06
2.3397638e-06
2.4490841e-06
2.54381e-06
2.6571791e-06
2.7471589e-06
2.8649213e-06
3.060024e-06
3.2110261e-06
3.3198986e-06
3.4026031e-06
3.4393528e-06
3.4246436e-06
3.3877056e-06
3.3096403e-06
3.2022056e-06
3.0873295e-06
2.9571654e-06
2.8038705e-06
2.6638827e-06
2.5250571e-06
2.3880202e-06
2.2457637e-06
2.1146079e-06
1.9936029e-06
1.8988753e-06
1.8221872e-06
1.7680689e-06
1.7170405e-06
1.6236395e-06
1.522894e-06
1.394818e-06
1.2306948e-06
1.0467712e-06
7.943349e-07
5.3066897e-07
3.254713e-07
2.4721968e-09
9.4538699e-10
9.1304743e-10
9.6594817e-10
1.1054323e-09
1.2300726e-09
1.5082273e-09
1.954994e-09
4.3878089e-09
1.0330499e-08
4.0340526e-08
1.1031479e-07
1.9358804e-07
3.1562083e-07
5.6223262e-07
8.6004691e-07
1.0044606e-06
1.1658447e-06
1.3222093e-06
1.4743247e-06
1.6435312e-06
1.8190497e-06
2.0017049e-06
2.1745916e-06
2.3300757e-06
2.4852603e-06
2.6207378e-06
2.77425e-06
2.8986367e-06
3.0514482e-06
3.322738e-06
3.5835026e-06
3.7445082e-06
3.87015e-06
3.9405017e-06
3.9462997e-06
3.9222605e-06
3.848564e-06
3.7369438e-06
3.6125494e-06
3.4696207e-06
3.2968984e-06
3.1365629e-06
2.9768543e-06
2.819665e-06
2.6543463e-06
2.5037755e-06
2.366001e-06
2.261125e-06
2.1786071e-06
2.1216945e-06
2.07412e-06
1.980963e-06
1.8767325e-06
1.7402944e-06
1.5572672e-06
1.3470125e-06
1.0476938e-06
7.2606436e-07
4.4048668e-07
2.1163644e-09
1.0459169e-09
9.5631819e-10
9.5781266e-10
1.0235896e-09
1.1561488e-09
1.3490663e-09
1.8904367e-09
2.6653709e-09
5.2783078e-09
1.3110114e-08
3.5848869e-08
8.3612368e-08
1.4089991e-07
2.8609696e-07
4.7567574e-07
7.0390903e-07
1.0049539e-06
1.1605767e-06
1.3098576e-06
1.4828581e-06
1.6516907e-06
1.8431853e-06
2.03873e-06
2.2265462e-06
2.422922e-06
2.6012459e-06
2.7991818e-06
2.9659912e-06
3.158157e-06
3.494265e-06
3.8996319e-06
4.1592562e-06
4.340399e-06
4.4563572e-06
4.4919522e-06
4.4887534e-06
4.4260914e-06
4.3152271e-06
4.184435e-06
4.0310433e-06
3.839662e-06
3.6584054e-06
3.4761932e-06
3.2968802e-06
3.1054861e-06
2.9333905e-06
2.7760926e-06
2.6582022e-06
2.5670955e-06
2.5054372e-06
2.460664e-06
2.3694283e-06
2.2635973e-06
2.1216433e-06
1.9222888e-06
1.6881619e-06
1.3427128e-06
9.6213985e-07
5.7840462e-07
2.4296562e-09
1.2752838e-09
1.1141504e-09
1.0628304e-09
1.0415401e-09
1.1142773e-09
1.2791347e-09
1.7062846e-09
2.5833554e-09
4.6683954e-09
7.4539198e-09
1.580867e-08
2.4768966e-08
5.6862469e-08
1.1931775e-07
2.3483994e-07
3.1282212e-07
5.7191872e-07
8.6064376e-07
1.133075e-06
1.30796e-06
1.4710097e-06
1.6605032e-06
1.8535795e-06
2.0540017e-06
2.2735853e-06
2.4843763e-06
2.7207675e-06
2.9339014e-06
3.1680335e-06
3.5717713e-06
4.0911774e-06
4.5302354e-06
4.7984217e-06
4.9741734e-06
5.0503796e-06
5.0784182e-06
5.0356242e-06
4.932322e-06
4.7999884e-06
4.6401392e-06
4.4321824e-06
4.2305197e-06
4.0248616e-06
3.8219093e-06
3.6020557e-06
3.4061203e-06
3.2265352e-06
3.0920042e-06
2.9888069e-06
2.9195247e-06
2.8756914e-06
2.787207e-06
2.6811972e-06
2.5364918e-06
2.3237346e-06
2.0692465e-06
1.6802324e-06
1.2426575e-06
7.4309602e-07
3.8170794e-09
1.7839118e-09
1.4691339e-09
1.3303298e-09
1.2539928e-09
1.2596341e-09
1.3043086e-09
1.5601168e-09
2.4456168e-09
3.9738505e-09
6.79679e-09
8.953071e-09
1.4506914e-08
1.6643993e-08
4.5834929e-08
7.9056285e-08
1.6491516e-07
2.5914224e-07
4.1741413e-07
6.5874912e-07
9.717725e-07
1.281456e-06
1.4684683e-06
1.6590676e-06
1.8588231e-06
2.0747448e-06
2.2972242e-06
2.5514972e-06
2.7993292e-06
3.0715085e-06
3.5484612e-06
4.1717889e-06
4.7379441e-06
5.2110248e-06
5.4689472e-06
5.6073289e-06
5.6802952e-06
5.6684762e-06
5.5813992e-06
5.4544638e-06
5.2943702e-06
5.0734164e-06
4.8533579e-06
4.6242716e-06
4.3968809e-06
4.1474125e-06
3.9253569e-06
3.7205793e-06
3.5652144e-06
3.4456995e-06
3.3650241e-06
3.3189995e-06
3.232901e-06
3.1273452e-06
2.9823237e-06
2.7592475e-06
2.4888149e-06
2.0604776e-06
1.5711622e-06
9.3936216e-07
8.8440865e-09
3.9800079e-09
2.7201466e-09
2.220501e-09
1.9166012e-09
1.8252052e-09
1.7916292e-09
1.843949e-09
2.5130949e-09
3.971554e-09
6.747091e-09
1.0019407e-08
1.235554e-08
1.4390043e-08
1.9977138e-08
3.7324772e-08
5.0147629e-08
1.2342833e-07
1.8083963e-07
3.0592187e-07
4.6628439e-07
7.3035367e-07
1.0593375e-06
1.4355964e-06
1.6530274e-06
1.867746e-06
2.0883564e-06
2.332118e-06
2.5914961e-06
2.8830033e-06
3.4260934e-06
4.1469691e-06
4.8178962e-06
5.4281257e-06
5.916093e-06
6.1345868e-06
6.2667078e-06
6.30498e-06
6.2509688e-06
6.1407953e-06
5.9903485e-06
5.7610677e-06
5.52663e-06
5.2752694e-06
5.0236845e-06
4.7458697e-06
4.495269e-06
4.2622392e-06
4.0816349e-06
3.9409217e-06
3.8442264e-06
3.7914944e-06
3.7060495e-06
3.6005225e-06
3.4568954e-06
3.2262443e-06
2.9449336e-06
2.4829597e-06
1.9522189e-06
1.1706448e-06
3.7457734e-08
1.462525e-08
8.2512735e-09
6.1568098e-09
4.9015186e-09
4.3880928e-09
3.9047664e-09
3.737477e-09
3.8986369e-09
5.3635197e-09
8.4426891e-09
1.5027639e-08
2.271342e-08
2.9792965e-08
3.11782e-08
3.7177437e-08
4.7145161e-08
5.9093805e-08
9.5102812e-08
1.3983801e-07
2.6360518e-07
3.5741137e-07
5.1707228e-07
8.233838e-07
1.189382e-06
1.6297915e-06
1.868852e-06
2.1096316e-06
2.3677515e-06
2.6537314e-06
3.2277625e-06
4.0305081e-06
4.7906386e-06
5.5021127e-06
6.157462e-06
6.6119714e-06
6.822016e-06
6.9244352e-06
6.9200084e-06
6.8395755e-06
6.7114832e-06
6.4891863e-06
6.2475665e-06
5.9790086e-06
5.7057298e-06
5.4004985e-06
5.1200716e-06
4.8564152e-06
4.6463295e-06
4.4789495e-06
4.3609643e-06
4.2956717e-06
4.2074839e-06
4.1000948e-06
3.9585053e-06
3.7222829e-06
3.435357e-06
2.9463576e-06
2.3886322e-06
1.4420298e-06
1.6298783e-07
5.9801112e-08
3.010356e-08
2.2339319e-08
1.7688433e-08
1.5793308e-08
1.3854878e-08
1.2641541e-08
1.2510958e-08
1.4778349e-08
2.1156478e-08
3.1704109e-08
5.0745583e-08
7.8030508e-08
9.126352e-08
1.006279e-07
1.0958353e-07
1.2945612e-07
1.3887914e-07
1.7268394e-07
2.0177176e-07
2.5196578e-07
3.2181025e-07
4.5820596e-07
6.8085598e-07
9.9759533e-07
1.4322719e-06
1.9010694e-06
2.1676543e-06
2.4486063e-06
3.0134316e-06
3.85415e-06
4.6784935e-06
5.4658122e-06
6.2162993e-06
6.8886875e-06
7.3222368e-06
7.5082689e-06
7.5721829e-06
7.5387807e-06
7.4447883e-06
7.2436755e-06
7.0059389e-06
6.7301903e-06
6.4418509e-06
6.1131487e-06
5.8037336e-06
5.5085708e-06
5.2653973e-06
5.0659392e-06
4.9210913e-06
4.8362464e-06
4.7401311e-06
4.6271455e-06
4.4866286e-06
4.2452154e-06
3.9576123e-06
3.4488283e-06
2.8811697e-06
1.7630979e-06
5.6693134e-07
3.9774901e-07
1.5628915e-07
1.015522e-07
7.5164423e-08
6.5969163e-08
5.7641052e-08
5.2932814e-08
5.2620669e-08
5.7799838e-08
6.8595315e-08
8.4140037e-08
1.0458126e-07
1.3982965e-07
1.6712875e-07
2.1056059e-07
2.5695336e-07
2.9752134e-07
3.4795903e-07
3.9684298e-07
4.1207217e-07
4.6655033e-07
5.4345837e-07
6.0270286e-07
7.2311192e-07
8.5054643e-07
1.1005743e-06
1.4454329e-06
1.9513461e-06
2.2963191e-06
2.8427735e-06
3.6636017e-06
4.5211873e-06
5.3539888e-06
6.1658159e-06
6.9284261e-06
7.6301593e-06
8.032488e-06
8.1860026e-06
8.2201731e-06
8.1772194e-06
8.0141935e-06
7.7957347e-06
7.5226563e-06
7.2271679e-06
6.8828507e-06
6.5486097e-06
6.2243556e-06
5.9450165e-06
5.7095126e-06
5.5323913e-06
5.4202129e-06
5.3093488e-06
5.184896e-06
5.0424502e-06
4.7936225e-06
4.5092269e-06
3.9880744e-06
3.4275148e-06
2.1470878e-06
1.8064725e-06
2.0415981e-06
1.0375169e-06
5.815865e-07
3.9949481e-07
3.3953669e-07
2.8646421e-07
2.5742054e-07
2.4896686e-07
2.6225603e-07
2.7300888e-07
2.8552417e-07
3.2450945e-07
3.706641e-07
4.1345156e-07
4.463033e-07
5.3769342e-07
5.8347837e-07
6.4795627e-07
7.1913989e-07
7.725005e-07
8.405044e-07
8.8808824e-07
9.4244077e-07
9.85401e-07
1.0973876e-06
1.1838856e-06
1.3762528e-06
1.7007747e-06
2.0947179e-06
2.7259751e-06
3.5184461e-06
4.3547452e-06
5.2167027e-06
6.0639131e-06
6.8635064e-06
7.6381395e-06
8.3810132e-06
8.7355694e-06
8.8616789e-06
8.8904163e-06
8.7857559e-06
8.6056076e-06
8.3508238e-06
8.0597326e-06
7.7090532e-06
7.3560741e-06
7.0062538e-06
6.6920154e-06
6.4179765e-06
6.2040751e-06
6.0569247e-06
5.9233566e-06
5.7792927e-06
5.6292387e-06
5.3660198e-06
5.0873894e-06
4.5611831e-06
4.025635e-06
2.6048207e-06
4.419892e-06
3.6567941e-06
3.1469057e-06
2.8395378e-06
2.5475975e-06
2.4102463e-06
2.0976514e-06
1.8116257e-06
1.7105043e-06
1.8105711e-06
1.8454579e-06
1.8738149e-06
1.9756408e-06
2.094568e-06
2.1076975e-06
2.1671151e-06
2.3220566e-06
2.3595074e-06
2.4479637e-06
2.5799992e-06
2.6097056e-06
2.7318793e-06
2.7434203e-06
2.7791303e-06
2.7338038e-06
2.5870041e-06
2.4002584e-06
2.2466469e-06
2.140475e-06
2.188326e-06
2.7022589e-06
3.5039627e-06
4.2976671e-06
5.1131838e-06
5.95833e-06
6.7907416e-06
7.573571e-06
8.3729201e-06
9.1043271e-06
9.4338297e-06
9.5602967e-06
9.5388412e-06
9.4199182e-06
9.2036052e-06
8.9329809e-06
8.5891786e-06
8.2271769e-06
7.8578868e-06
7.5125547e-06
7.1992867e-06
6.9453502e-06
6.7556086e-06
6.5911111e-06
6.4178502e-06
6.2526093e-06
5.9669743e-06
5.6977215e-06
5.1627553e-06
4.6734021e-06
3.1381882e-06
6.6140377e-06
6.6240355e-06
5.4864119e-06
4.8395459e-06
4.3504037e-06
4.1937691e-06
3.9815355e-06
3.864123e-06
3.8981707e-06
3.9795513e-06
4.0134753e-06
4.0766138e-06
4.1944055e-06
4.3512945e-06
4.4012473e-06
4.5103279e-06
4.6644672e-06
4.7306286e-06
4.7348767e-06
4.9101946e-06
4.8417914e-06
5.0269729e-06
4.9389339e-06
4.9671919e-06
4.8760359e-06
4.8176973e-06
4.7042808e-06
4.562832e-06
4.2879415e-06
4.2377686e-06
4.055778e-06
3.9303041e-06
4.534864e-06
5.1925457e-06
5.939371e-06
6.7543848e-06
7.5658514e-06
8.3369669e-06
9.104102e-06
9.8231727e-06
1.0150727e-05
1.0244997e-05
1.0215025e-05
1.0062546e-05
9.8340305e-06
9.5153573e-06
9.1586639e-06
8.779356e-06
8.4095525e-06
8.0581869e-06
7.7621987e-06
7.5214827e-06
7.3168441e-06
7.1048177e-06
6.9155876e-06
6.611683e-06
6.3626897e-06
5.8242699e-06
5.3631088e-06
3.7499207e-06
1.005374e-05
9.9391423e-06
1.0301226e-05
1.086438e-05
9.7840719e-06
9.3624662e-06
8.8138243e-06
8.5531336e-06
8.3206643e-06
8.3908806e-06
8.2904101e-06
8.2619561e-06
8.202924e-06
8.3003295e-06
8.23433e-06
8.1809146e-06
8.2409865e-06
8.2172556e-06
8.0594668e-06
8.1822061e-06
7.9597999e-06
8.052692e-06
7.8851695e-06
7.865831e-06
7.6857345e-06
7.5652374e-06
7.3057107e-06
7.1283587e-06
6.7938717e-06
6.5095623e-06
5.8499023e-06
5.4969511e-06
4.9424793e-06
5.3605282e-06
6.2046331e-06
6.8489393e-06
7.5970649e-06
8.3910705e-06
9.146722e-06
9.8654713e-06
1.0568052e-05
1.0859989e-05
1.0952924e-05
1.0896571e-05
1.0739448e-05
1.0471005e-05
1.0139597e-05
9.7641482e-06
9.3793671e-06
8.9911658e-06
8.650288e-06
8.3507631e-06
8.097481e-06
7.8383051e-06
7.6265197e-06
7.304185e-06
7.0706454e-06
6.5278147e-06
6.121113e-06
4.4456375e-06
1.1885288e-05
1.1863158e-05
1.2648875e-05
1.3684157e-05
1.4188435e-05
1.4960205e-05
1.4413731e-05
1.3986734e-05
1.3581743e-05
1.3456767e-05
1.3181322e-05
1.29966e-05
1.2776185e-05
1.2714981e-05
1.2510115e-05
1.2325609e-05
1.2234098e-05
1.2101474e-05
1.1812939e-05
1.1824608e-05
1.1484731e-05
1.1465813e-05
1.1171877e-05
1.1049068e-05
1.076782e-05
1.0585042e-05
1.0275242e-05
1.0067467e-05
9.6956098e-06
9.3734226e-06
8.6034491e-06
7.3918062e-06
6.8281942e-06
6.1140978e-06
6.0902071e-06
6.7930821e-06
7.7494962e-06
8.4839844e-06
9.234543e-06
9.995531e-06
1.0703304e-05
1.1276836e-05
1.1571689e-05
1.1654907e-05
1.1609649e-05
1.1425722e-05
1.1145474e-05
1.0791061e-05
1.0403151e-05
9.9822694e-06
9.5937169e-06
9.2399457e-06
8.9433579e-06
8.6390608e-06
8.3987544e-06
8.0399758e-06
7.8076506e-06
7.2554491e-06
6.9309386e-06
5.241502e-06
1.4539997e-05
1.4012805e-05
1.4357041e-05
1.4943255e-05
1.5686831e-05
1.6317673e-05
1.7009316e-05
1.7613529e-05
1.7856742e-05
1.768315e-05
1.7380428e-05
1.7142912e-05
1.6853403e-05
1.6695737e-05
1.642243e-05
1.6174866e-05
1.5979313e-05
1.5781127e-05
1.5417399e-05
1.5339812e-05
1.4944434e-05
1.4840799e-05
1.4483461e-05
1.428353e-05
1.3937598e-05
1.3686044e-05
1.3309267e-05
1.3032402e-05
1.261796e-05
1.2280907e-05
1.1605348e-05
1.0343256e-05
8.927952e-06
8.0995116e-06
7.436242e-06
6.9511276e-06
7.3335738e-06
8.1820603e-06
9.182e-06
1.0100422e-05
1.0886043e-05
1.1521669e-05
1.1940828e-05
1.2257823e-05
1.2382743e-05
1.2326525e-05
1.2129721e-05
1.1819014e-05
1.1447297e-05
1.1020438e-05
1.0606015e-05
1.020765e-05
9.8703203e-06
9.5215577e-06
9.2468827e-06
8.8711526e-06
8.6161858e-06
8.0422522e-06
7.7572502e-06
6.1445553e-06
1.8159341e-05
1.7792408e-05
1.7873301e-05
1.7930539e-05
1.8054613e-05
1.8377101e-05
1.8846859e-05
1.9475367e-05
2.0027228e-05
2.0086928e-05
1.9980183e-05
1.987183e-05
1.9683613e-05
1.9572637e-05
1.9367626e-05
1.9177478e-05
1.8973933e-05
1.8815462e-05
1.8493801e-05
1.8395501e-05
1.8018554e-05
1.7873849e-05
1.7518382e-05
1.7291159e-05
1.6934015e-05
1.6654892e-05
1.6263656e-05
1.5937879e-05
1.5517478e-05
1.5142227e-05
1.4434419e-05
1.3370957e-05
1.2059835e-05
1.0402176e-05
9.4703933e-06
8.6717518e-06
8.0687173e-06
7.8434295e-06
8.5703912e-06
9.5670958e-06
1.0610935e-05
1.1556879e-05
1.2157519e-05
1.2586263e-05
1.2916596e-05
1.3082427e-05
1.3022681e-05
1.281305e-05
1.2503016e-05
1.2101466e-05
1.1685969e-05
1.1258921e-05
1.0887637e-05
1.0498427e-05
1.018981e-05
9.7895543e-06
9.4978502e-06
8.9148326e-06
8.6294746e-06
7.136337e-06
2.0234252e-05
2.0124077e-05
2.0264438e-05
2.0613964e-05
2.0853348e-05
2.098183e-05
2.1050208e-05
2.103894e-05
2.1031323e-05
2.1016316e-05
2.0967059e-05
2.0874895e-05
2.0815394e-05
2.079309e-05
2.0751659e-05
2.0696568e-05
2.0622465e-05
2.0569745e-05
2.0395525e-05
2.0362997e-05
2.0126675e-05
2.0048386e-05
1.9805956e-05
1.9647286e-05
1.9376685e-05
1.9160621e-05
1.8843846e-05
1.858836e-05
1.8216041e-05
1.7854545e-05
1.7179367e-05
1.6165935e-05
1.5058148e-05
1.3686918e-05
1.1984614e-05
1.0706179e-05
9.8920004e-06
9.159107e-06
8.7198866e-06
8.8858324e-06
9.8448417e-06
1.0933347e-05
1.2052072e-05
1.2759676e-05
1.3183559e-05
1.3519265e-05
1.3737438e-05
1.371955e-05
1.3528439e-05
1.319789e-05
1.2819017e-05
1.2388982e-05
1.1999799e-05
1.1575338e-05
1.1245741e-05
1.0801137e-05
1.0531659e-05
9.8984779e-06
9.5796306e-06
8.1817843e-06
2.2828233e-05
2.1484411e-05
2.0592748e-05
2.0080754e-05
1.9881842e-05
1.9783473e-05
1.9827667e-05
1.9907764e-05
2.0060689e-05
2.021389e-05
2.041768e-05
2.0780782e-05
2.0883226e-05
2.100612e-05
2.1179868e-05
2.1284138e-05
2.1325326e-05
2.1388498e-05
2.1294501e-05
2.1297468e-05
2.1171559e-05
2.118451e-05
2.1066772e-05
2.1027094e-05
2.0901308e-05
2.080293e-05
2.0611962e-05
2.0461659e-05
2.0241739e-05
2.0003553e-05
1.9536143e-05
1.8753526e-05
1.7789066e-05
1.6662917e-05
1.5279332e-05
1.3632762e-05
1.2028597e-05
1.10768e-05
1.0365277e-05
9.7177633e-06
9.3803122e-06
1.0058555e-05
1.1192054e-05
1.2422408e-05
1.3299392e-05
1.3757856e-05
1.4075197e-05
1.4350292e-05
1.44414e-05
1.4252952e-05
1.3967458e-05
1.3575022e-05
1.3198004e-05
1.2749637e-05
1.2414812e-05
1.1929126e-05
1.1654866e-05
1.1065927e-05
1.0657086e-05
9.1400363e-06
2.8249626e-05
2.6409771e-05
2.456804e-05
2.3145153e-05
2.1879766e-05
2.0981049e-05
2.0248986e-05
1.9757801e-05
1.9402856e-05
1.9236997e-05
1.9131303e-05
1.9228522e-05
1.93182e-05
1.9509414e-05
1.9629703e-05
1.9962147e-05
2.0146157e-05
2.0441976e-05
2.074808e-05
2.1037309e-05
2.1213763e-05
2.1433881e-05
2.1590783e-05
2.1688763e-05
2.1700601e-05
2.169251e-05
2.1604601e-05
2.1561413e-05
2.1448195e-05
2.1346711e-05
2.1151916e-05
2.0719831e-05
2.0087121e-05
1.9254774e-05
1.8243451e-05
1.6837113e-05
1.5359161e-05
1.3379989e-05
1.2311806e-05
1.148209e-05
1.0776199e-05
1.0194755e-05
1.0261833e-05
1.1320426e-05
1.2647881e-05
1.3766559e-05
1.430206e-05
1.4617987e-05
1.4938211e-05
1.5127162e-05
1.5060294e-05
1.4767743e-05
1.4451453e-05
1.4006174e-05
1.3681237e-05
1.3180216e-05
1.2876303e-05
1.2269585e-05
1.1893277e-05
1.0188163e-05
3.242264e-05
3.166855e-05
3.0171727e-05
2.8880016e-05
2.7102601e-05
2.5849812e-05
2.4399516e-05
2.33122e-05
2.2244863e-05
2.1493145e-05
2.0757029e-05
2.0200621e-05
1.972551e-05
1.9414698e-05
1.9165324e-05
1.9031987e-05
1.9046601e-05
1.9091394e-05
1.9292608e-05
1.945923e-05
1.9780182e-05
1.9986202e-05
2.0375657e-05
2.0712797e-05
2.1042238e-05
2.1391311e-05
2.1683526e-05
2.1886343e-05
2.2056299e-05
2.2128933e-05
2.2172365e-05
2.1911322e-05
2.1637487e-05
2.1196047e-05
2.0584642e-05
1.9606499e-05
1.8406555e-05
1.693145e-05
1.4952092e-05
1.3435879e-05
1.2538592e-05
1.1891079e-05
1.1160359e-05
1.0756391e-05
1.1355204e-05
1.2787314e-05
1.4078548e-05
1.4800544e-05
1.5164344e-05
1.5482698e-05
1.5780068e-05
1.5854949e-05
1.5700912e-05
1.5313717e-05
1.5011779e-05
1.4537855e-05
1.4193047e-05
1.3620115e-05
1.3278787e-05
1.1475901e-05
3.4145532e-05
3.3998139e-05
3.3569897e-05
3.3143227e-05
3.2221593e-05
3.1498385e-05
3.0174323e-05
2.9068007e-05
2.7743704e-05
2.6694294e-05
2.5572949e-05
2.4571502e-05
2.3629194e-05
2.2819842e-05
2.2076248e-05
2.1352135e-05
2.0838707e-05
2.0333121e-05
1.9935445e-05
1.9654767e-05
1.9472618e-05
1.9324454e-05
1.939799e-05
1.9498637e-05
1.9747581e-05
1.9975546e-05
2.0364229e-05
2.0653868e-05
2.1104214e-05
2.1490199e-05
2.2311198e-05
2.2511781e-05
2.2544207e-05
2.2435911e-05
2.2108569e-05
2.1646389e-05
2.087561e-05
1.9850544e-05
1.8418757e-05
1.6641838e-05
1.4661037e-05
1.370615e-05
1.2923442e-05
1.2247826e-05
1.1563884e-05
1.1547875e-05
1.2699651e-05
1.4277821e-05
1.5208936e-05
1.5659635e-05
1.5988886e-05
1.6354345e-05
1.6612925e-05
1.6577605e-05
1.6379025e-05
1.5977701e-05
1.5609779e-05
1.5131657e-05
1.4770252e-05
1.3082936e-05
3.4705258e-05
3.477419e-05
3.4734861e-05
3.4665911e-05
3.4465199e-05
3.4280776e-05
3.3804684e-05
3.3452179e-05
3.2723961e-05
3.2172561e-05
3.1263397e-05
3.0449291e-05
2.9399528e-05
2.8553907e-05
2.7487885e-05
2.6572946e-05
2.556278e-05
2.4799563e-05
2.3739421e-05
2.3146112e-05
2.2268333e-05
2.1705119e-05
2.1125591e-05
2.0628315e-05
2.033939e-05
2.0016604e-05
1.9963513e-05
1.9875272e-05
2.0127329e-05
2.0227018e-05
2.1028804e-05
2.1705341e-05
2.2886619e-05
2.3105937e-05
2.3004838e-05
2.2841356e-05
2.2476873e-05
2.1954499e-05
2.1127946e-05
1.9859652e-05
1.8329375e-05
1.6042664e-05
1.4781128e-05
1.393513e-05
1.330799e-05
1.2538998e-05
1.2101503e-05
1.254157e-05
1.4288478e-05
1.5413188e-05
1.6070639e-05
1.6440951e-05
1.6813228e-05
1.7200482e-05
1.7420716e-05
1.7341239e-05
1.7143548e-05
1.6643542e-05
1.6361931e-05
1.5049704e-05
3.3060893e-05
3.4684345e-05
3.4776207e-05
3.4851915e-05
3.4870369e-05
3.4891503e-05
3.4835472e-05
3.4815297e-05
3.4657152e-05
3.4594307e-05
3.4272816e-05
3.4107931e-05
3.3554615e-05
3.3317818e-05
3.2562243e-05
3.2124357e-05
3.1222376e-05
3.0699256e-05
2.9552678e-05
2.901124e-05
2.7783793e-05
2.7077759e-05
2.5967972e-05
2.5171202e-05
2.4183599e-05
2.3426856e-05
2.2613547e-05
2.1989593e-05
2.1487684e-05
2.0946063e-05
2.0710398e-05
2.0649973e-05
2.1636874e-05
2.233218e-05
2.3411978e-05
2.3641469e-05
2.3438306e-05
2.3176371e-05
2.2782906e-05
2.2139646e-05
2.1215444e-05
1.9856381e-05
1.7805534e-05
1.5922489e-05
1.5060237e-05
1.4337152e-05
1.3699834e-05
1.2930547e-05
1.2804106e-05
1.3917096e-05
1.5547563e-05
1.6339212e-05
1.6825637e-05
1.7240918e-05
1.765357e-05
1.8022398e-05
1.824317e-05
1.8179978e-05
1.8080327e-05
1.6867851e-05
3.0686787e-05
3.36681e-05
3.3847862e-05
3.4022369e-05
3.4152462e-05
3.4284451e-05
3.4373476e-05
3.4498032e-05
3.4547347e-05
3.4664172e-05
3.4668656e-05
3.477445e-05
3.4708594e-05
3.4794953e-05
3.4623668e-05
3.4644989e-05
3.4348932e-05
3.4229131e-05
3.3735927e-05
3.3503833e-05
3.276895e-05
3.2402062e-05
3.1467224e-05
3.0838892e-05
2.9715715e-05
2.8937277e-05
2.7738179e-05
2.6887711e-05
2.5757889e-05
2.4845196e-05
2.3394938e-05
2.1825226e-05
2.140804e-05
2.1399636e-05
2.2174353e-05
2.2903236e-05
2.3924459e-05
2.4009846e-05
2.3784564e-05
2.3498652e-05
2.2923079e-05
2.2329671e-05
2.1173696e-05
1.9622525e-05
1.7282442e-05
1.6191825e-05
1.5370919e-05
1.4746576e-05
1.4004918e-05
1.3488917e-05
1.3726506e-05
1.5254148e-05
1.6441521e-05
1.7134008e-05
1.7582561e-05
1.8050722e-05
1.8493873e-05
1.8825414e-05
1.9084999e-05
1.877887e-05
2.7599923e-05
3.0730026e-05
3.1733516e-05
3.1988698e-05
3.2225785e-05
3.2449058e-05
3.2657309e-05
3.2891406e-05
3.3071803e-05
3.3294474e-05
3.3454687e-05
3.3691449e-05
3.3833193e-05
3.4065695e-05
3.4184201e-05
3.4417731e-05
3.449774e-05
3.4673823e-05
3.4695444e-05
3.4805333e-05
3.4685041e-05
3.4732262e-05
3.4404794e-05
3.4329399e-05
3.3756833e-05
3.3449101e-05
3.2630207e-05
3.2010164e-05
3.0978448e-05
3.0117688e-05
2.830579e-05
2.5942467e-05
2.3976699e-05
2.2561684e-05
2.2124026e-05
2.1989966e-05
2.2733047e-05
2.3414184e-05
2.437738e-05
2.4298843e-05
2.3982526e-05
2.3650162e-05
2.3010785e-05
2.2320867e-05
2.1080814e-05
1.9207297e-05
1.730362e-05
1.6514445e-05
1.5756367e-05
1.51725e-05
1.4452173e-05
1.4146371e-05
1.4675079e-05
1.6191987e-05
1.7223961e-05
1.7854417e-05
1.8363077e-05
1.8789903e-05
1.9296925e-05
1.9599683e-05
2.3987691e-05
2.5958951e-05
2.8110611e-05
2.8434107e-05
2.8791555e-05
2.9097298e-05
2.9441971e-05
2.9782495e-05
3.0108568e-05
3.0433383e-05
3.074502e-05
3.1101519e-05
3.1405133e-05
3.1752783e-05
3.205296e-05
3.2430406e-05
3.2713791e-05
3.3071195e-05
3.3375194e-05
3.3701637e-05
3.3957345e-05
3.4290142e-05
3.4439247e-05
3.4743454e-05
3.4751804e-05
3.4954385e-05
3.478296e-05
3.4769291e-05
3.4364549e-05
3.4056131e-05
3.2894129e-05
3.0894968e-05
2.8767441e-05
2.6503915e-05
2.4887415e-05
2.3406267e-05
2.2838341e-05
2.2525127e-05
2.3203179e-05
2.3844815e-05
2.4715032e-05
2.4534149e-05
2.4045359e-05
2.3675067e-05
2.3062928e-05
2.2194291e-05
2.0891249e-05
1.8985905e-05
1.7629671e-05
1.6959835e-05
1.6256388e-05
1.5712913e-05
1.5060098e-05
1.4850831e-05
1.5413751e-05
1.6832883e-05
1.7829893e-05
1.8492354e-05
1.9017007e-05
1.95924e-05
1.9981408e-05
2.1125772e-05
2.2277935e-05
2.2652705e-05
2.3131531e-05
2.3513118e-05
2.4004554e-05
2.4456866e-05
2.4952474e-05
2.5400533e-05
2.5896374e-05
2.6402233e-05
2.6909091e-05
2.7404317e-05
2.7920679e-05
2.8473265e-05
2.8977671e-05
2.9516812e-05
3.0089972e-05
3.0600169e-05
3.11684e-05
3.1716931e-05
3.2228705e-05
3.2806982e-05
3.3255097e-05
3.3799229e-05
3.4176935e-05
3.4611021e-05
3.4873327e-05
3.5119171e-05
3.5168322e-05
3.4602117e-05
3.3217285e-05
3.1352257e-05
2.9555564e-05
2.7411463e-05
2.5878544e-05
2.4455661e-05
2.3563622e-05
2.3081597e-05
2.3569157e-05
2.4197928e-05
2.4965067e-05
2.4669572e-05
2.4100147e-05
2.3604034e-05
2.2912212e-05
2.2111628e-05
2.0821271e-05
1.9102528e-05
1.81041e-05
1.7467383e-05
1.6806333e-05
1.6321594e-05
1.5745356e-05
1.5497828e-05
1.5944914e-05
1.70818e-05
1.8262536e-05
1.9223172e-05
1.3891517e-05
1.4149002e-05
1.4586289e-05
1.4880809e-05
1.5358432e-05
1.5686353e-05
1.6202541e-05
1.6628152e-05
1.7181934e-05
1.7637099e-05
1.8223947e-05
1.8769558e-05
1.9406331e-05
1.9974333e-05
2.0654943e-05
2.1317101e-05
2.2021794e-05
2.2696758e-05
2.3526191e-05
2.421268e-05
2.5102722e-05
2.5871107e-05
2.6777436e-05
2.7626395e-05
2.8552864e-05
2.9427274e-05
3.0375944e-05
3.1228043e-05
3.2158041e-05
3.2938745e-05
3.4236196e-05
3.5270655e-05
3.5684618e-05
3.5087234e-05
3.3890008e-05
3.2307134e-05
3.0591155e-05
2.8671806e-05
2.6988158e-05
2.5631569e-05
2.4494585e-05
2.3782748e-05
2.3981666e-05
2.4354907e-05
2.5179274e-05
2.4834409e-05
2.4115813e-05
2.3469232e-05
2.2705322e-05
2.1948663e-05
2.0779991e-05
1.9478801e-05
1.8609153e-05
1.8040742e-05
1.7464722e-05
1.6843588e-05
1.6600644e-05
1.6097411e-05
1.6365416e-05
1.7530651e-05
9.0591745e-06
9.1588751e-06
9.4777163e-06
9.5893443e-06
9.9376039e-06
1.0068546e-05
1.044122e-05
1.0643572e-05
1.1043168e-05
1.1279034e-05
1.1708701e-05
1.2021487e-05
1.2504605e-05
1.2857433e-05
1.3398808e-05
1.3849345e-05
1.4453442e-05
1.4953745e-05
1.5700487e-05
1.6253237e-05
1.7118575e-05
1.7822357e-05
1.8781955e-05
1.9652597e-05
2.072604e-05
2.1731367e-05
2.2934926e-05
2.4052028e-05
2.535539e-05
2.6586018e-05
2.8772565e-05
3.1683966e-05
3.3823881e-05
3.5607158e-05
3.6041736e-05
3.5738714e-05
3.4655402e-05
3.3308983e-05
3.1727915e-05
3.0120696e-05
2.8322844e-05
2.6887568e-05
2.5714884e-05
2.4771469e-05
2.431539e-05
2.4606534e-05
2.5129594e-05
2.5100436e-05
2.4179138e-05
2.3399944e-05
2.2610077e-05
2.1870074e-05
2.0885023e-05
1.9990288e-05
1.9148855e-05
1.8570254e-05
1.8070045e-05
1.7502899e-05
1.7305695e-05
1.6793291e-05
6.1035056e-06
6.1729876e-06
6.3953209e-06
6.4678779e-06
6.7260437e-06
6.7815616e-06
7.0879043e-06
7.1566349e-06
7.5158175e-06
7.5697156e-06
7.9790285e-06
8.0563379e-06
8.5288978e-06
8.5975599e-06
9.1332021e-06
9.2451772e-06
9.8265345e-06
9.9810569e-06
1.0663926e-05
1.0838216e-05
1.1569163e-05
1.1851585e-05
1.2617657e-05
1.3044051e-05
1.3890187e-05
1.4477493e-05
1.5452918e-05
1.6240079e-05
1.7375466e-05
1.8408625e-05
2.0530175e-05
2.3878637e-05
2.712864e-05
3.0314782e-05
3.3134577e-05
3.5425542e-05
3.612508e-05
3.6121212e-05
3.5425952e-05
3.4306465e-05
3.3074611e-05
3.1575014e-05
3.0001747e-05
2.8400306e-05
2.7143222e-05
2.6052145e-05
2.5232252e-05
2.5029848e-05
2.5056408e-05
2.5302286e-05
2.4608e-05
2.3624083e-05
2.2840884e-05
2.1982684e-05
2.119723e-05
2.0435195e-05
1.9727143e-05
1.9196501e-05
1.8673087e-05
1.7972211e-05
2.1219399e-06
2.243029e-06
2.4660472e-06
2.6172288e-06
2.889997e-06
3.056576e-06
3.406818e-06
3.6372362e-06
4.0550751e-06
4.3220948e-06
4.7934093e-06
5.0896079e-06
5.6041502e-06
5.7074871e-06
6.087044e-06
6.2067877e-06
6.6137382e-06
6.7760289e-06
7.2207301e-06
7.4481619e-06
7.8725176e-06
8.2363131e-06
8.6297606e-06
9.1300251e-06
9.5309667e-06
1.0158766e-05
1.0610856e-05
1.1376714e-05
1.1920095e-05
1.285251e-05
1.383793e-05
1.6421422e-05
1.878644e-05
2.1966954e-05
2.5071472e-05
2.852725e-05
3.1868077e-05
3.4769278e-05
3.5648447e-05
3.6000302e-05
3.5749526e-05
3.5104952e-05
3.4150559e-05
3.3078037e-05
3.1771643e-05
3.0356569e-05
2.8876855e-05
2.7760764e-05
2.668581e-05
2.5882146e-05
2.5567378e-05
2.5233552e-05
2.5235237e-05
2.4301167e-05
2.3363405e-05
2.2463496e-05
2.1711181e-05
2.099483e-05
2.0320368e-05
1.9521618e-05
7.0629856e-07
7.347055e-07
7.8926048e-07
8.2616037e-07
8.9333696e-07
9.372604e-07
1.0270505e-06
1.0905187e-06
1.1999881e-06
1.2674442e-06
1.3981321e-06
1.4821247e-06
1.647109e-06
1.7396359e-06
1.9454771e-06
2.0826865e-06
2.3393303e-06
2.5420636e-06
2.9070432e-06
3.1592367e-06
3.6344774e-06
3.9942481e-06
4.5944602e-06
5.1172167e-06
5.9149353e-06
6.6437387e-06
7.5216536e-06
7.659938e-06
8.6224782e-06
8.7156731e-06
1.0396752e-05
1.1097561e-05
1.3539013e-05
1.5128977e-05
1.7525401e-05
2.000768e-05
2.2810837e-05
2.6216818e-05
3.0023515e-05
3.3403915e-05
3.4855095e-05
3.5492367e-05
3.5709353e-05
3.5453106e-05
3.4997105e-05
3.4197966e-05
3.3420985e-05
3.2224771e-05
3.1154451e-05
2.9735185e-05
2.8803307e-05
2.760306e-05
2.6876712e-05
2.6043065e-05
2.5849833e-05
2.514616e-05
2.4711006e-05
2.3564281e-05
2.2904045e-05
2.1595035e-05
3.9143593e-07
3.9453635e-07
4.0908442e-07
4.1415338e-07
4.326213e-07
4.3924475e-07
4.6700658e-07
4.7921937e-07
5.1258513e-07
5.254151e-07
5.6581746e-07
5.8129743e-07
6.3158895e-07
6.4930041e-07
7.1323087e-07
7.3973355e-07
8.1923235e-07
8.6118734e-07
9.7065341e-07
1.0349279e-06
1.1869481e-06
1.2833558e-06
1.4982076e-06
1.6699663e-06
1.9788879e-06
2.2333787e-06
2.6789453e-06
3.0924129e-06
3.7279407e-06
4.3979559e-06
5.8858813e-06
8.4211726e-06
8.9883341e-06
1.1498668e-05
1.2029021e-05
1.4944356e-05
1.5777128e-05
1.8673842e-05
2.0541361e-05
2.3714546e-05
2.7129248e-05
3.0852612e-05
3.3581615e-05
3.4375191e-05
3.4927808e-05
3.5128936e-05
3.5116392e-05
3.4686153e-05
3.4340203e-05
3.3628785e-05
3.3063536e-05
3.1987877e-05
3.1189908e-05
2.993718e-05
2.9292114e-05
2.8039621e-05
2.7481059e-05
2.6575762e-05
2.6126366e-05
2.4910571e-05
3.4776424e-07
3.562462e-07
3.6801774e-07
3.7834906e-07
3.9199993e-07
3.9391012e-07
4.008685e-07
4.0197035e-07
4.1446826e-07
4.1477794e-07
4.2924739e-07
4.2847835e-07
4.4564269e-07
4.4415558e-07
4.65185e-07
4.6402952e-07
4.89966e-07
4.9033841e-07
5.2574921e-07
5.294915e-07
5.7973128e-07
5.9030566e-07
6.6156821e-07
6.8896284e-07
7.8334604e-07
8.5257325e-07
9.7777593e-07
1.1178165e-06
1.2954044e-06
1.5526347e-06
1.9850097e-06
3.2960119e-06
4.7764611e-06
7.2776839e-06
8.9921934e-06
9.8251236e-06
1.2132573e-05
1.2768628e-05
1.5538868e-05
1.6315285e-05
1.9330582e-05
2.0783701e-05
2.3990063e-05
2.7232029e-05
3.0621918e-05
3.2907353e-05
3.3902191e-05
3.4146394e-05
3.4467323e-05
3.4461278e-05
3.442699e-05
3.4120491e-05
3.389343e-05
3.3438297e-05
3.3064013e-05
3.2304014e-05
3.1733805e-05
3.0781036e-05
3.0220639e-05
2.8755854e-05
2.3811161e-07
2.4052253e-07
2.4273212e-07
2.4583687e-07
2.4849974e-07
2.5246856e-07
2.559439e-07
2.6150708e-07
2.6590681e-07
2.7310468e-07
2.7902052e-07
2.8914478e-07
2.9704546e-07
3.1046655e-07
3.2173842e-07
3.4071824e-07
3.5573903e-07
3.8317646e-07
4.0527038e-07
4.4329076e-07
4.7607903e-07
5.2682077e-07
5.1889958e-07
5.4571462e-07
5.4333176e-07
5.7925599e-07
5.9221126e-07
6.3241447e-07
6.9831965e-07
7.0897854e-07
9.5806793e-07
1.1462509e-06
1.8824331e-06
2.5232797e-06
4.1430005e-06
5.7301212e-06
8.4323041e-06
8.9807697e-06
1.0769421e-05
1.2086436e-05
1.3519207e-05
1.5356005e-05
1.6811544e-05
1.8936665e-05
2.0890856e-05
2.3104724e-05
2.647367e-05
2.8922279e-05
3.1653552e-05
3.2819442e-05
3.3401619e-05
3.3573381e-05
3.376835e-05
3.3780469e-05
3.3847453e-05
3.366935e-05
3.3540865e-05
3.329125e-05
3.310628e-05
3.2510872e-05
2.1327029e-07
2.1383312e-07
2.145723e-07
2.1522463e-07
2.161034e-07
2.1688324e-07
2.1793143e-07
2.1898679e-07
2.2026601e-07
2.2159682e-07
2.2316986e-07
2.2502774e-07
2.270674e-07
2.295239e-07
2.3224791e-07
2.3583071e-07
2.401095e-07
2.4504811e-07
2.5219122e-07
2.5905646e-07
2.7035581e-07
2.8058587e-07
2.9787391e-07
3.1377249e-07
3.3980506e-07
3.6476962e-07
4.0197575e-07
4.4522847e-07
4.9494083e-07
6.0072911e-07
6.4005295e-07
8.4172566e-07
8.674549e-07
1.2755556e-06
1.5287562e-06
2.4106093e-06
3.135475e-06
4.8260247e-06
6.4475862e-06
8.2171076e-06
9.5888645e-06
1.0676918e-05
1.2302868e-05
1.3357584e-05
1.5161217e-05
1.63781e-05
1.8292845e-05
2.0077963e-05
2.1951284e-05
2.4125582e-05
2.6973494e-05
2.8797241e-05
3.0890383e-05
3.2149259e-05
3.2745912e-05
3.2953036e-05
3.3086204e-05
3.3121129e-05
3.3162699e-05
3.3086391e-05
2.0342504e-07
2.0373916e-07
2.0416146e-07
2.045058e-07
2.0497315e-07
2.05361e-07
2.0587142e-07
2.0635118e-07
2.0691008e-07
2.0747364e-07
2.0808867e-07
2.087941e-07
2.0950008e-07
2.1034542e-07
2.1118387e-07
2.1225997e-07
2.1331003e-07
2.1464033e-07
2.1614417e-07
2.1787088e-07
2.2000741e-07
2.2250288e-07
2.2561095e-07
2.2941752e-07
2.3448808e-07
2.4060813e-07
2.5028558e-07
2.5971993e-07
2.7884215e-07
2.9394764e-07
3.7091617e-07
4.8779612e-07
7.4116469e-07
8.7284453e-07
1.0837253e-06
1.2021558e-06
1.5415177e-06
2.0048805e-06
2.6411409e-06
3.6797024e-06
4.9943045e-06
6.9002302e-06
7.9416529e-06
9.4805495e-06
1.0337811e-05
1.1850381e-05
1.2790773e-05
1.4362892e-05
1.5480957e-05
1.709652e-05
1.8427253e-05
2.0304929e-05
2.1695634e-05
2.337172e-05
2.5444137e-05
2.7386963e-05
2.8960144e-05
3.0411352e-05
3.1301919e-05
3.218582e-05
1.9549502e-07
1.9562303e-07
1.9615771e-07
1.962928e-07
1.9687171e-07
1.9703271e-07
1.9762586e-07
1.9786809e-07
1.9847209e-07
1.9877683e-07
1.993918e-07
1.9978826e-07
2.0043229e-07
2.0089715e-07
2.0158893e-07
2.0214647e-07
2.0290734e-07
2.0353573e-07
2.0442863e-07
2.0515593e-07
2.0617906e-07
2.0710245e-07
2.0828659e-07
2.0951452e-07
2.1098582e-07
2.1265173e-07
2.1474488e-07
2.1717878e-07
2.2034898e-07
2.2525844e-07
2.3740105e-07
2.8412596e-07
3.3410725e-07
4.4322986e-07
5.5972114e-07
7.800504e-07
1.0147206e-06
1.4155431e-06
1.4963041e-06
1.9487856e-06
2.2129943e-06
3.0507647e-06
3.6270862e-06
5.2110172e-06
6.2715383e-06
7.7352226e-06
8.552299e-06
9.8512728e-06
1.0673371e-05
1.2018353e-05
1.2881502e-05
1.4314955e-05
1.5216887e-05
1.6678877e-05
1.7639454e-05
1.9280436e-05
2.0243204e-05
2.1896407e-05
2.2776517e-05
2.4916764e-05
1.8654931e-07
1.8690161e-07
1.8718123e-07
1.8756959e-07
1.8786373e-07
1.8829267e-07
1.8860211e-07
1.8909602e-07
1.8942374e-07
1.899642e-07
1.9031456e-07
1.9092202e-07
1.913095e-07
1.9196177e-07
1.9239855e-07
1.9311603e-07
1.9361054e-07
1.9437004e-07
1.9496437e-07
1.9577395e-07
1.9644853e-07
1.9735548e-07
1.9810327e-07
1.9913512e-07
1.9998619e-07
2.0115436e-07
2.0216881e-07
2.0351758e-07
2.0478524e-07
2.0642612e-07
2.0928499e-07
2.1573359e-07
2.3374403e-07
2.5347553e-07
2.992853e-07
3.4543141e-07
4.4447283e-07
5.4298452e-07
7.3631666e-07
9.258377e-07
1.2624492e-06
1.586061e-06
2.1123773e-06
2.5944236e-06
3.1105835e-06
3.8824676e-06
4.5708456e-06
5.6333185e-06
6.5168056e-06
7.5140913e-06
8.3259909e-06
9.4642613e-06
1.0187535e-05
1.1401723e-05
1.2120827e-05
1.3362695e-05
1.4088139e-05
1.5352558e-05
1.6067744e-05
1.7737281e-05
1.7675987e-07
1.7699467e-07
1.7736943e-07
1.7762688e-07
1.7802803e-07
1.7831333e-07
1.7873912e-07
1.7907936e-07
1.7952806e-07
1.7991034e-07
1.8038197e-07
1.8082977e-07
1.8133387e-07
1.8182996e-07
1.8237409e-07
1.829404e-07
1.8353126e-07
1.8414436e-07
1.8482407e-07
1.8548272e-07
1.8624085e-07
1.8697653e-07
1.8781223e-07
1.886347e-07
1.8957176e-07
1.9047636e-07
1.915441e-07
1.9254269e-07
1.9375691e-07
1.9488805e-07
1.9718651e-07
2.0024945e-07
2.0439828e-07
2.0989034e-07
2.1803254e-07
2.3212099e-07
2.5181112e-07
2.8800292e-07
3.2792386e-07
4.0261329e-07
4.8050128e-07
6.2059012e-07
7.6239313e-07
1.0011943e-06
1.2352355e-06
1.6036441e-06
1.9561475e-06
2.4726859e-06
2.9619316e-06
3.5862637e-06
4.2201147e-06
4.934412e-06
5.6725099e-06
6.4836233e-06
7.2373226e-06
8.1292308e-06
8.8495947e-06
9.8132114e-06
1.0464453e-05
1.1877653e-05
1.6709845e-07
1.671604e-07
1.6763937e-07
1.6770667e-07
1.6823102e-07
1.6829552e-07
1.6887433e-07
1.6895278e-07
1.6958978e-07
1.6966689e-07
1.7036676e-07
1.7046206e-07
1.7123468e-07
1.7133264e-07
1.7217773e-07
1.7230851e-07
1.7322945e-07
1.7337793e-07
1.7439403e-07
1.7458838e-07
1.7565816e-07
1.759478e-07
1.7706415e-07
1.77467e-07
1.7863004e-07
1.7916533e-07
1.8038208e-07
1.8107783e-07
1.8234457e-07
1.8323253e-07
1.854776e-07
1.8793197e-07
1.9129475e-07
1.9386828e-07
1.9784201e-07
2.0117154e-07
2.0706513e-07
2.1348825e-07
2.2453631e-07
2.3834614e-07
2.6512851e-07
2.9171306e-07
3.4412035e-07
3.9304173e-07
4.8582467e-07
5.7001471e-07
7.2212904e-07
8.5743213e-07
1.089091e-06
1.2911888e-06
1.6169455e-06
1.8987252e-06
2.3247934e-06
2.6922746e-06
3.21089e-06
3.6530113e-06
4.2567326e-06
4.7508511e-06
5.5141834e-06
6.3789684e-06
1.590215e-07
1.5920799e-07
1.5946666e-07
1.5967526e-07
1.5994902e-07
1.601831e-07
1.6047443e-07
1.607459e-07
1.6106234e-07
1.6135397e-07
1.6170877e-07
1.6202183e-07
1.6243756e-07
1.627469e-07
1.6324301e-07
1.6354833e-07
1.6414654e-07
1.6442181e-07
1.6515764e-07
1.6539999e-07
1.6626826e-07
1.6649491e-07
1.6750392e-07
1.6771749e-07
1.6888766e-07
1.6908521e-07
1.7043686e-07
1.7062843e-07
1.7217501e-07
1.7237389e-07
1.7530437e-07
1.7586148e-07
1.802096e-07
1.8088007e-07
1.852236e-07
1.8620455e-07
1.9050574e-07
1.9219074e-07
1.9682919e-07
1.9994507e-07
2.0626019e-07
2.1250074e-07
2.2260429e-07
2.3720812e-07
2.5488153e-07
2.8369702e-07
3.1311189e-07
3.6160733e-07
4.0923829e-07
4.8555267e-07
5.589142e-07
6.7108364e-07
7.7855222e-07
9.3470711e-07
1.0846457e-06
1.2922708e-06
1.4915486e-06
1.7778896e-06
2.0185313e-06
2.604842e-06
1.5244922e-07
1.5257022e-07
1.5283416e-07
1.529478e-07
1.5325612e-07
1.5335729e-07
1.5371897e-07
1.5381242e-07
1.5423629e-07
1.5430926e-07
1.5479889e-07
1.5486412e-07
1.5541998e-07
1.5548381e-07
1.5609378e-07
1.5617261e-07
1.5684535e-07
1.5693258e-07
1.5769042e-07
1.5777993e-07
1.586251e-07
1.5872272e-07
1.5966137e-07
1.597821e-07
1.607952e-07
1.6100433e-07
1.6205232e-07
1.6238295e-07
1.634552e-07
1.6394945e-07
1.6577919e-07
1.6744881e-07
1.6974764e-07
1.7186151e-07
1.7385333e-07
1.7632089e-07
1.7811468e-07
1.8081624e-07
1.8261297e-07
1.8543534e-07
1.8757925e-07
1.9057706e-07
1.9357112e-07
1.9721558e-07
2.0190931e-07
2.0739778e-07
2.1507915e-07
2.2375775e-07
2.3757994e-07
2.5173481e-07
2.7529302e-07
2.9653188e-07
3.3223636e-07
3.6343033e-07
4.1455937e-07
4.5869058e-07
5.3237499e-07
5.930488e-07
7.1490163e-07
8.4382862e-07
1.4705184e-07
1.4722808e-07
1.4732485e-07
1.4751466e-07
1.4762556e-07
1.478261e-07
1.4795843e-07
1.4817049e-07
1.4833451e-07
1.4854673e-07
1.4874765e-07
1.4896764e-07
1.4920991e-07
1.4943675e-07
1.4971773e-07
1.4996296e-07
1.5029087e-07
1.505419e-07
1.5093894e-07
1.5119589e-07
1.5165587e-07
1.5193791e-07
1.5245634e-07
1.5277764e-07
1.5335801e-07
1.5372737e-07
1.5437975e-07
1.5480335e-07
1.5554162e-07
1.5602538e-07
1.574351e-07
1.5871863e-07
1.6095271e-07
1.6218127e-07
1.6463656e-07
1.6573047e-07
1.684342e-07
1.6934408e-07
1.7230053e-07
1.7302874e-07
1.7621123e-07
1.7683294e-07
1.801665e-07
1.8088366e-07
1.8429505e-07
1.8540977e-07
1.890054e-07
1.9087043e-07
1.9494677e-07
1.9804946e-07
2.0330741e-07
2.0825584e-07
2.1541591e-07
2.2297752e-07
2.3275994e-07
2.44816e-07
2.5838032e-07
2.7925198e-07
2.9770503e-07
3.430514e-07
1.4276184e-07
1.4280236e-07
1.4296716e-07
1.4300684e-07
1.4319222e-07
1.4323015e-07
1.434393e-07
1.4347949e-07
1.4371613e-07
1.4375357e-07
1.4401819e-07
1.4406021e-07
1.4435684e-07
1.4440065e-07
1.4472934e-07
1.4478257e-07
1.4514825e-07
1.4520701e-07
1.4561585e-07
1.4569685e-07
1.4612604e-07
1.4625402e-07
1.4670303e-07
1.4687913e-07
1.4736301e-07
1.4757912e-07
1.4811997e-07
1.4837205e-07
1.4898481e-07
1.4927989e-07
1.504385e-07
1.5128933e-07
1.5301957e-07
1.5400534e-07
1.5574672e-07
1.568747e-07
1.5858791e-07
1.5986616e-07
1.6149387e-07
1.6294082e-07
1.6444253e-07
1.6606674e-07
1.6742699e-07
1.6923049e-07
1.7045545e-07
1.7241413e-07
1.7357358e-07
1.7566519e-07
1.7684158e-07
1.7908745e-07
1.8039307e-07
1.8290515e-07
1.8443468e-07
1.8740705e-07
1.8927956e-07
1.9292928e-07
1.9534955e-07
1.9992021e-07
2.0375212e-07
2.1231601e-07
1.3928629e-07
1.3930662e-07
1.3942945e-07
1.3945155e-07
1.3958719e-07
1.396097e-07
1.3976044e-07
1.3978704e-07
1.3995494e-07
1.3998216e-07
1.4016784e-07
1.4020022e-07
1.4040638e-07
1.4044585e-07
1.4065855e-07
1.4073629e-07
1.4093117e-07
1.4106321e-07
1.4123829e-07
1.4142811e-07
1.41589e-07
1.4183245e-07
1.4199249e-07
1.4228228e-07
1.4245721e-07
1.4278864e-07
1.4298792e-07
1.4336672e-07
1.4359337e-07
1.4403078e-07
1.4445905e-07
1.456582e-07
1.4632467e-07
1.4761417e-07
1.4831869e-07
1.4968946e-07
1.5042974e-07
1.5186813e-07
1.526371e-07
1.5413164e-07
1.5491371e-07
1.5644379e-07
1.5723725e-07
1.587864e-07
1.5958097e-07
1.6113909e-07
1.6193748e-07
1.6349915e-07
1.642988e-07
1.6586555e-07
1.6667399e-07
1.6825404e-07
1.690798e-07
1.7069789e-07
1.7155513e-07
1.7324184e-07
1.7415419e-07
1.7595477e-07
1.769627e-07
1.7963513e-07
1.3678802e-07
1.3682153e-07
1.3688113e-07
1.3691851e-07
1.3698236e-07
1.3702556e-07
1.3709281e-07
1.3714623e-07
1.3721617e-07
1.372801e-07
1.3735077e-07
1.3743053e-07
1.375016e-07
1.375987e-07
1.3766712e-07
1.3778775e-07
1.3785456e-07
1.3799491e-07
1.3806981e-07
1.3822652e-07
1.383119e-07
1.3848858e-07
1.3858482e-07
1.3878622e-07
1.3889502e-07
1.3912472e-07
1.39249e-07
1.3951124e-07
1.396547e-07
1.3995549e-07
1.4023548e-07
1.4105808e-07
1.414985e-07
1.4238851e-07
1.4285943e-07
1.4381103e-07
1.4431221e-07
1.4531746e-07
1.4584644e-07
1.4690128e-07
1.4744877e-07
1.4854035e-07
1.4910466e-07
1.5021962e-07
1.507909e-07
1.5191854e-07
1.5249521e-07
1.53627e-07
1.5420315e-07
1.5533367e-07
1.5590894e-07
1.5703206e-07
1.5760403e-07
1.5871925e-07
1.5928612e-07
1.6039159e-07
1.6095468e-07
1.6205335e-07
1.6261394e-07
1.6401681e-07
1.3511875e-07
1.3515775e-07
1.3517992e-07
1.3522249e-07
1.3524659e-07
1.352935e-07
1.3531968e-07
1.3537285e-07
1.3540167e-07
1.3546012e-07
1.3549169e-07
1.3555756e-07
1.3559269e-07
1.3566524e-07
1.3570463e-07
1.3578691e-07
1.358295e-07
1.3592151e-07
1.3597025e-07
1.3607242e-07
1.3612796e-07
1.3624316e-07
1.3630571e-07
1.3643667e-07
1.3650719e-07
1.3665619e-07
1.3673661e-07
1.3690648e-07
1.3699916e-07
1.3719377e-07
1.3737462e-07
1.3790688e-07
1.3819104e-07
1.387667e-07
1.390709e-07
1.3968722e-07
1.4001178e-07
1.4066459e-07
1.4100859e-07
1.4169673e-07
1.4205524e-07
1.4277267e-07
1.4314565e-07
1.4388566e-07
1.4426703e-07
1.4502277e-07
1.4541104e-07
1.4617566e-07
1.4656605e-07
1.4733424e-07
1.4772559e-07
1.4849128e-07
1.4888075e-07
1.4964115e-07
1.5002591e-07
1.5077644e-07
1.511552e-07
1.5189324e-07
1.5226406e-07
1.531775e-07
1.3383844e-07
1.3386574e-07
1.338802e-07
1.3391002e-07
1.3392597e-07
1.3395842e-07
1.3397602e-07
1.3401255e-07
1.3403182e-07
1.3407174e-07
1.3409314e-07
1.34138e-07
1.3416161e-07
1.3421085e-07
1.342375e-07
1.3429319e-07
1.3432198e-07
1.3438417e-07
1.3441706e-07
1.3448599e-07
1.3452339e-07
1.3460093e-07
1.3464293e-07
1.3473085e-07
1.3477804e-07
1.3487772e-07
1.3493133e-07
1.3504453e-07
1.3510604e-07
1.3523513e-07
1.3535429e-07
1.357044e-07
1.3588966e-07
1.3626451e-07
1.3646108e-07
1.3685898e-07
1.3706714e-07
1.3748561e-07
1.3770491e-07
1.3814353e-07
1.3837118e-07
1.3882694e-07
1.3906349e-07
1.3953343e-07
1.3977568e-07
1.4025662e-07
1.4050398e-07
1.409921e-07
1.4124165e-07
1.4173369e-07
1.4198464e-07
1.4247658e-07
1.4272701e-07
1.432168e-07
1.4346474e-07
1.4394914e-07
1.4419354e-07
1.446704e-07
1.4490962e-07
1.4549794e-07
1.3290492e-07
1.3292281e-07
1.3293237e-07
1.3295204e-07
1.3296262e-07
1.3298402e-07
1.3299567e-07
1.3301986e-07
1.330326e-07
1.3305905e-07
1.3307321e-07
1.3310292e-07
1.3311855e-07
1.3315116e-07
1.331688e-07
1.3320568e-07
1.3322472e-07
1.3326589e-07
1.3328764e-07
1.3333326e-07
1.3335799e-07
1.3340928e-07
1.3343704e-07
1.3349516e-07
1.3352632e-07
1.3359215e-07
1.3362752e-07
1.337022e-07
1.3374272e-07
1.3382776e-07
1.3390596e-07
1.3413559e-07
1.3425638e-07
1.3450063e-07
1.3462791e-07
1.3488532e-07
1.350191e-07
1.352878e-07
1.3542767e-07
1.3570716e-07
1.358513e-07
1.3613962e-07
1.3628845e-07
1.3658395e-07
1.3673563e-07
1.370367e-07
1.3719104e-07
1.3749568e-07
1.3765105e-07
1.3795753e-07
1.3811355e-07
1.3841961e-07
1.3857518e-07
1.3887968e-07
1.3903364e-07
1.3933468e-07
1.3948644e-07
1.3978284e-07
1.399313e-07
1.4029577e-07
1.3221942e-07
1.3223013e-07
1.3223761e-07
1.3224938e-07
1.3225762e-07
1.3227041e-07
1.322795e-07
1.32294e-07
1.3230388e-07
1.3231974e-07
1.323307e-07
1.3234867e-07
1.3236059e-07
1.3238039e-07
1.3239381e-07
1.3241645e-07
1.3243062e-07
1.3245632e-07
1.32472e-07
1.3250076e-07
1.3251844e-07
1.3255089e-07
1.3257062e-07
1.3260762e-07
1.326294e-07
1.3267174e-07
1.3269589e-07
1.3274441e-07
1.3277112e-07
1.3282723e-07
1.3287843e-07
1.3302923e-07
1.3310797e-07
1.3326744e-07
1.3335e-07
1.33517e-07
1.336033e-07
1.3377653e-07
1.3386614e-07
1.3404506e-07
1.3413674e-07
1.3431996e-07
1.3441393e-07
1.3460034e-07
1.3469544e-07
1.3488405e-07
1.3498019e-07
1.3516982e-07
1.3526604e-07
1.3545573e-07
1.3555186e-07
1.3574034e-07
1.3583575e-07
1.3602244e-07
1.3611649e-07
1.3630034e-07
1.3639273e-07
1.3657318e-07
1.3666327e-07
1.368838e-07
1.3169018e-07
1.3169583e-07
1.3170168e-07
1.3170784e-07
1.3171431e-07
1.3172104e-07
1.3172818e-07
1.3173589e-07
1.3174378e-07
1.317522e-07
1.3176102e-07
1.317706e-07
1.3178019e-07
1.3179083e-07
1.3180155e-07
1.3181388e-07
1.3182527e-07
1.3183939e-07
1.3185197e-07
1.3186784e-07
1.3188196e-07
1.3189997e-07
1.3191568e-07
1.3193636e-07
1.319537e-07
1.3197753e-07
1.3199676e-07
1.3202423e-07
1.3204579e-07
1.3207751e-07
1.3211829e-07
1.3220645e-07
1.3226542e-07
1.3236288e-07
1.3242081e-07
1.325269e-07
1.32583e-07
1.3269579e-07
1.3275379e-07
1.3286984e-07
1.3292904e-07
1.330475e-07
1.33108e-07
1.3322802e-07
1.33289e-07
1.3340992e-07
1.3347127e-07
1.3359224e-07
1.3365333e-07
1.3377372e-07
1.3383445e-07
1.3395347e-07
1.3401344e-07
1.3413074e-07
1.3418957e-07
1.3430452e-07
1.3436203e-07
1.3447434e-07
1.3453015e-07
1.3466642e-07
1.3135064e-07
1.3135276e-07
1.3135692e-07
1.3135929e-07
1.3136385e-07
1.313665e-07
1.313715e-07
1.3137466e-07
1.3138013e-07
1.3138363e-07
1.3138963e-07
1.313937e-07
1.3140033e-07
1.3140484e-07
1.3141216e-07
1.314174e-07
1.3142545e-07
1.3143125e-07
1.3144046e-07
1.3144687e-07
1.3145716e-07
1.3146457e-07
1.3147597e-07
1.3148458e-07
1.3149734e-07
1.3150724e-07
1.3152171e-07
1.3153309e-07
1.3154957e-07
1.3156276e-07
1.3159428e-07
1.3163303e-07
1.3167754e-07
1.3172362e-07
1.317668e-07
1.3181941e-07
1.3186148e-07
1.3191955e-07
1.3196076e-07
1.3202375e-07
1.3206361e-07
1.3213079e-07
1.3216945e-07
1.3224006e-07
1.3227684e-07
1.3234984e-07
1.3238688e-07
1.3246004e-07
1.3249702e-07
1.3256999e-07
1.3260683e-07
1.3267907e-07
1.3271548e-07
1.3278673e-07
1.3282248e-07
1.3289232e-07
1.3292728e-07
1.3299552e-07
1.3302943e-07
1.3311232e-07
1.3115732e-07
1.3115888e-07
1.31161e-07
1.3116272e-07
1.3116505e-07
1.3116696e-07
1.3116951e-07
1.3117178e-07
1.3117458e-07
1.3117711e-07
1.3118018e-07
1.3118313e-07
1.3118654e-07
1.3118983e-07
1.3119359e-07
1.3119745e-07
1.3120157e-07
1.3120589e-07
1.3121062e-07
1.3121545e-07
1.3122071e-07
1.312263e-07
1.3123206e-07
1.3123857e-07
1.3124495e-07
1.3125243e-07
1.3125959e-07
1.3126817e-07
1.3127624e-07
1.3128616e-07
1.3130135e-07
1.3132856e-07
1.3135183e-07
1.3138062e-07
1.3140547e-07
1.3143513e-07
1.3146182e-07
1.3149183e-07
1.3152079e-07
1.315516e-07
1.3157945e-07
1.3161293e-07
1.3163977e-07
1.3167523e-07
1.3170103e-07
1.3173798e-07
1.3176289e-07
1.3180092e-07
1.3182481e-07
1.3186356e-07
1.3188648e-07
1.3192556e-07
1.3194751e-07
1.3198666e-07
1.3200755e-07
1.3204648e-07
1.3206612e-07
1.3210464e-07
1.321236e-07
1.321702e-07
1.3092084e-07
1.3092234e-07
1.3092283e-07
1.3092447e-07
1.3092505e-07
1.3092684e-07
1.3092753e-07
1.3092959e-07
1.3093041e-07
1.3093265e-07
1.3093361e-07
1.3093616e-07
1.3093732e-07
1.309401e-07
1.3094148e-07
1.3094463e-07
1.3094625e-07
1.3094969e-07
1.3095175e-07
1.309555e-07
1.3095793e-07
1.3096218e-07
1.3096499e-07
1.3096981e-07
1.3097312e-07
1.3097853e-07
1.3098247e-07
1.3098855e-07
1.3099324e-07
1.310001e-07
1.3100936e-07
1.3102747e-07
1.3104309e-07
1.3106154e-07
1.3107907e-07
1.3109769e-07
1.3111686e-07
1.3113556e-07
1.3115594e-07
1.3117483e-07
1.3119607e-07
1.3121489e-07
1.3123695e-07
1.3125554e-07
1.3127816e-07
1.3129639e-07
1.3131946e-07
1.3133723e-07
1.3136072e-07
1.3137819e-07
1.3140069e-07
1.3141864e-07
1.3144011e-07
1.3145833e-07
1.3147872e-07
1.31497e-07
1.3151636e-07
1.3153459e-07
1.3155528e-07
1.3157977e-07
1.3080969e-07
1.3080864e-07
1.3080999e-07
1.3080881e-07
1.3081027e-07
1.3080896e-07
1.3081054e-07
1.3080914e-07
1.3081087e-07
1.3080933e-07
1.3081122e-07
1.308096e-07
1.3081169e-07
1.3080993e-07
1.3081224e-07
1.308104e-07
1.3081296e-07
1.3081098e-07
1.3081393e-07
1.3081181e-07
1.3081514e-07
1.3081295e-07
1.3081666e-07
1.3081439e-07
1.3081853e-07
1.3081618e-07
1.3082085e-07
1.3081845e-07
1.3082376e-07
1.3082138e-07
1.3083148e-07
1.3082669e-07
1.3084174e-07
1.3083867e-07
1.3085398e-07
1.3085242e-07
1.3086795e-07
1.3086772e-07
1.3088337e-07
1.3088441e-07
1.3089981e-07
1.3090182e-07
1.3091719e-07
1.3092009e-07
1.3093503e-07
1.3093867e-07
1.3095331e-07
1.3095768e-07
1.3097194e-07
1.3097694e-07
1.3099079e-07
1.3099627e-07
1.3100969e-07
1.3101556e-07
1.3102851e-07
1.3103463e-07
1.3104712e-07
1.3105339e-07
1.3106524e-07
1.3107826e-07
1.3076556e-07
1.3076491e-07
1.3076552e-07
1.3076481e-07
1.3076539e-07
1.3076454e-07
1.3076515e-07
1.3076427e-07
1.3076491e-07
1.3076396e-07
1.3076461e-07
1.3076352e-07
1.3076417e-07
1.3076317e-07
1.3076421e-07
1.3076344e-07
1.3076469e-07
1.3076393e-07
1.3076515e-07
1.3076417e-07
1.3076499e-07
1.3076384e-07
1.3076461e-07
1.3076402e-07
1.3076559e-07
1.307658e-07
1.3076785e-07
1.3076823e-07
1.3077026e-07
1.3077081e-07
1.3077378e-07
1.3077617e-07
1.3078066e-07
1.3078407e-07
1.3078907e-07
1.3079289e-07
1.3079797e-07
1.3080288e-07
1.3080798e-07
1.3081177e-07
1.3081917e-07
1.3082623e-07
1.3083176e-07
1.3083787e-07
1.3084561e-07
1.3085303e-07
1.3086012e-07
1.3086693e-07
1.3087333e-07
1.3087971e-07
1.3088567e-07
1.3089186e-07
1.3089745e-07
1.3090364e-07
1.3090881e-07
1.3091499e-07
1.3091979e-07
1.3092595e-07
1.3092712e-07
1.3093951e-07
1.3063897e-07
1.3063915e-07
1.3063205e-07
1.3062585e-07
1.3062906e-07
1.3062844e-07
1.3063184e-07
1.3063089e-07
1.3063442e-07
1.3062916e-07
1.3062634e-07
1.3062614e-07
1.3063657e-07
1.3063286e-07
1.3062834e-07
1.3061761e-07
1.3061024e-07
1.3059725e-07
1.3058725e-07
1.3057062e-07
1.3057536e-07
1.3058274e-07
1.3060011e-07
1.3061054e-07
1.3060998e-07
1.3059695e-07
1.3058832e-07
1.3056925e-07
1.3054426e-07
1.3054193e-07
1.3056201e-07
1.3055625e-07
1.3056854e-07
1.3056102e-07
1.3057244e-07
1.3056522e-07
1.3058233e-07
1.3056632e-07
1.3055338e-07
1.3058641e-07
1.3057876e-07
1.3053617e-07
1.3054577e-07
1.3055203e-07
1.3055682e-07
1.3055406e-07
1.3055891e-07
1.3056067e-07
1.3057145e-07
1.3057635e-07
1.3058595e-07
1.3059074e-07
1.305929e-07
1.3059998e-07
1.3060036e-07
1.3060923e-07
1.3060865e-07
1.306171e-07
1.3061551e-07
1.3062623e-07
1.3063658e-07
1.3063475e-07
1.3063449e-07
1.3063256e-07
1.3063242e-07
1.3063048e-07
1.306303e-07
1.3062824e-07
1.3062803e-07
1.3062587e-07
1.3062577e-07
1.3062385e-07
1.3062379e-07
1.3062127e-07
1.3062027e-07
1.3061719e-07
1.306159e-07
1.3061287e-07
1.3061181e-07
1.3060932e-07
1.3060918e-07
1.3060736e-07
1.3060731e-07
1.3060455e-07
1.3060275e-07
1.3059847e-07
1.3059578e-07
1.30591e-07
1.3058836e-07
1.3058468e-07
1.3058137e-07
1.3057359e-07
1.3056779e-07
1.3056431e-07
1.3055799e-07
1.3055711e-07
1.3055058e-07
1.3055017e-07
1.3054374e-07
1.305456e-07
1.3053712e-07
1.3053678e-07
1.3053015e-07
1.3053118e-07
1.3052343e-07
1.3052379e-07
1.3051705e-07
1.3051822e-07
1.305126e-07
1.3051446e-07
1.3050963e-07
1.3051186e-07
1.3050768e-07
1.3050943e-07
1.3050716e-07
1.3050918e-07
1.3049742e-07
1.3050816e-07
1.3050272e-07
1.3049968e-07
1.3062694e-07
1.3062674e-07
1.3062515e-07
1.3062493e-07
1.3062316e-07
1.3062296e-07
1.3062104e-07
1.3062092e-07
1.3061882e-07
1.3061877e-07
1.3061638e-07
1.3061629e-07
1.3061369e-07
1.3061399e-07
1.3061143e-07
1.3061192e-07
1.3060901e-07
1.3060944e-07
1.3060609e-07
1.306065e-07
1.306027e-07
1.3060318e-07
1.30599e-07
1.305999e-07
1.3059574e-07
1.3059702e-07
1.3059233e-07
1.3059359e-07
1.3058831e-07
1.3058975e-07
1.3057996e-07
1.3058375e-07
1.305706e-07
1.3057299e-07
1.3056107e-07
1.3056256e-07
1.3055217e-07
1.3055325e-07
1.305445e-07
1.305451e-07
1.3053749e-07
1.3053757e-07
1.3053095e-07
1.305307e-07
1.3052474e-07
1.3052411e-07
1.3051879e-07
1.3051801e-07
1.3051334e-07
1.3051249e-07
1.3050849e-07
1.3050764e-07
1.3050434e-07
1.3050348e-07
1.3050095e-07
1.3049987e-07
1.304976e-07
1.3049701e-07
1.3049472e-07
1.3049339e-07
1.3060351e-07
1.3060335e-07
1.3060191e-07
1.3060175e-07
1.3060017e-07
1.3060003e-07
1.305983e-07
1.305982e-07
1.305963e-07
1.3059624e-07
1.3059413e-07
1.3059413e-07
1.3059183e-07
1.3059191e-07
1.3058942e-07
1.3058956e-07
1.3058684e-07
1.30587e-07
1.3058402e-07
1.3058418e-07
1.3058094e-07
1.3058117e-07
1.3057771e-07
1.3057802e-07
1.3057431e-07
1.3057463e-07
1.3057063e-07
1.3057094e-07
1.3056666e-07
1.3056694e-07
1.3055934e-07
1.3055982e-07
1.3055033e-07
1.3055036e-07
1.305422e-07
1.3054176e-07
1.3053474e-07
1.305339e-07
1.3052794e-07
1.3052681e-07
1.3052173e-07
1.3052038e-07
1.3051605e-07
1.3051454e-07
1.3051081e-07
1.3050924e-07
1.3050607e-07
1.3050449e-07
1.3050176e-07
1.305002e-07
1.3049778e-07
1.3049626e-07
1.3049401e-07
1.3049259e-07
1.3049043e-07
1.3048919e-07
1.3048725e-07
1.3048607e-07
1.3048434e-07
1.3048342e-07
1.3059814e-07
1.3059762e-07
1.3059623e-07
1.3059567e-07
1.3059418e-07
1.3059356e-07
1.3059195e-07
1.3059128e-07
1.3058956e-07
1.3058881e-07
1.3058698e-07
1.3058615e-07
1.3058419e-07
1.3058323e-07
1.3058113e-07
1.3058006e-07
1.3057784e-07
1.3057666e-07
1.3057435e-07
1.3057305e-07
1.3057063e-07
1.3056916e-07
1.3056658e-07
1.3056492e-07
1.3056222e-07
1.3056038e-07
1.3055758e-07
1.3055555e-07
1.3055265e-07
1.3055041e-07
1.3054536e-07
1.3053989e-07
1.3053352e-07
1.3052852e-07
1.3052295e-07
1.3051846e-07
1.3051355e-07
1.3050957e-07
1.3050514e-07
1.3050166e-07
1.3049762e-07
1.3049461e-07
1.304909e-07
1.3048832e-07
1.3048489e-07
1.3048271e-07
1.3047957e-07
1.3047774e-07
1.3047487e-07
1.3047334e-07
1.3047072e-07
1.3046944e-07
1.3046703e-07
1.3046596e-07
1.3046375e-07
1.3046283e-07
1.304608e-07
1.3046001e-07
1.3045828e-07
1.3045758e-07
1.3058551e-07
1.3058496e-07
1.3058342e-07
1.3058282e-07
1.305812e-07
1.3058055e-07
1.3057884e-07
1.3057813e-07
1.3057633e-07
1.3057555e-07
1.3057367e-07
1.3057282e-07
1.3057086e-07
1.3056992e-07
1.3056786e-07
1.3056684e-07
1.3056469e-07
1.3056356e-07
1.3056131e-07
1.3056008e-07
1.3055771e-07
1.3055636e-07
1.3055386e-07
1.3055238e-07
1.3054972e-07
1.3054811e-07
1.3054528e-07
1.3054352e-07
1.305405e-07
1.3053857e-07
1.3053298e-07
1.3052816e-07
1.3052084e-07
1.3051646e-07
1.3050984e-07
1.3050587e-07
1.3049987e-07
1.3049628e-07
1.3049084e-07
1.3048758e-07
1.3048265e-07
1.3047968e-07
1.3047521e-07
1.3047251e-07
1.3046844e-07
1.3046598e-07
1.3046228e-07
1.3046004e-07
1.3045668e-07
1.3045463e-07
1.3045161e-07
1.3044976e-07
1.3044704e-07
1.3044538e-07
1.3044293e-07
1.3044143e-07
1.3043924e-07
1.3043789e-07
1.3043592e-07
1.3043469e-07
1.3060452e-07
1.3060362e-07
1.306026e-07
1.3060161e-07
1.3060052e-07
1.3059945e-07
1.3059828e-07
1.3059711e-07
1.3059584e-07
1.3059457e-07
1.3059319e-07
1.305918e-07
1.3059029e-07
1.3058877e-07
1.3058713e-07
1.3058547e-07
1.3058368e-07
1.3058188e-07
1.3057991e-07
1.3057795e-07
1.3057581e-07
1.3057368e-07
1.3057135e-07
1.3056903e-07
1.3056651e-07
1.30564e-07
1.3056127e-07
1.3055855e-07
1.3055562e-07
1.3055268e-07
1.3054752e-07
1.3054051e-07
1.3053373e-07
1.3052729e-07
1.3052114e-07
1.3051522e-07
1.3050965e-07
1.3050422e-07
1.3049918e-07
1.304942e-07
1.3048965e-07
1.304851e-07
1.3048099e-07
1.3047683e-07
1.3047314e-07
1.3046934e-07
1.3046602e-07
1.3046256e-07
1.3045958e-07
1.3045643e-07
1.3045373e-07
1.3045084e-07
1.3044841e-07
1.3044575e-07
1.3044355e-07
1.3044112e-07
1.3043912e-07
1.304369e-07
1.3043508e-07
1.3043306e-07
1.3061794e-07
1.3061698e-07
1.3061599e-07
1.3061493e-07
1.3061386e-07
1.306127e-07
1.3061153e-07
1.3061027e-07
1.3060901e-07
1.3060763e-07
1.3060627e-07
1.3060477e-07
1.3060331e-07
1.3060169e-07
1.3060011e-07
1.3059836e-07
1.3059667e-07
1.3059478e-07
1.3059296e-07
1.3059094e-07
1.3058898e-07
1.3058682e-07
1.3058471e-07
1.305824e-07
1.3058014e-07
1.3057766e-07
1.3057524e-07
1.3057258e-07
1.3056998e-07
1.3056714e-07
1.3056243e-07
1.3055554e-07
1.3054931e-07
1.3054301e-07
1.3053735e-07
1.3053158e-07
1.3052642e-07
1.3052114e-07
1.3051644e-07
1.305116e-07
1.3050731e-07
1.3050287e-07
1.3049895e-07
1.3049487e-07
1.304913e-07
1.3048755e-07
1.3048429e-07
1.3048085e-07
1.3047787e-07
1.3047472e-07
1.3047199e-07
1.3046912e-07
1.3046663e-07
1.30464e-07
1.3046173e-07
1.3045934e-07
1.3045727e-07
1.304551e-07
1.3045322e-07
1.3045125e-07
1.3061985e-07
1.306188e-07
1.3061774e-07
1.306166e-07
1.3061547e-07
1.3061425e-07
1.3061303e-07
1.3061172e-07
1.3061042e-07
1.3060901e-07
1.3060762e-07
1.306061e-07
1.3060462e-07
1.3060298e-07
1.3060139e-07
1.3059963e-07
1.3059793e-07
1.3059603e-07
1.305942e-07
1.3059217e-07
1.305902e-07
1.3058802e-07
1.305859e-07
1.3058356e-07
1.3058128e-07
1.3057877e-07
1.3057631e-07
1.3057361e-07
1.3057096e-07
1.3056807e-07
1.3056321e-07
1.3055621e-07
1.3054977e-07
1.3054341e-07
1.3053754e-07
1.3053176e-07
1.3052641e-07
1.3052116e-07
1.3051628e-07
1.3051151e-07
1.3050706e-07
1.3050271e-07
1.3049867e-07
1.304947e-07
1.30491e-07
1.3048737e-07
1.3048398e-07
1.3048065e-07
1.3047755e-07
1.3047448e-07
1.3047163e-07
1.304688e-07
1.3046617e-07
1.3046354e-07
1.3046112e-07
1.3045867e-07
1.3045643e-07
1.3045415e-07
1.3045207e-07
1.3044994e-07
1.3065193e-07
1.3065082e-07
1.3064984e-07
1.3064864e-07
1.3064759e-07
1.3064629e-07
1.3064514e-07
1.3064373e-07
1.306425e-07
1.3064096e-07
1.3063963e-07
1.3063796e-07
1.3063652e-07
1.3063471e-07
1.3063315e-07
1.3063119e-07
1.306295e-07
1.3062738e-07
1.3062556e-07
1.3062328e-07
1.3062132e-07
1.3061885e-07
1.3061675e-07
1.3061409e-07
1.3061184e-07
1.3060898e-07
1.3060657e-07
1.306035e-07
1.3060091e-07
1.305976e-07
1.3059299e-07
1.3058499e-07
1.305789e-07
1.3057157e-07
1.3056602e-07
1.3055931e-07
1.3055425e-07
1.3054811e-07
1.3054349e-07
1.3053787e-07
1.3053366e-07
1.3052852e-07
1.3052468e-07
1.3051999e-07
1.3051648e-07
1.3051219e-07
1.3050898e-07
1.3050506e-07
1.3050214e-07
1.3049855e-07
1.3049588e-07
1.3049261e-07
1.3049017e-07
1.3048718e-07
1.3048495e-07
1.3048223e-07
1.3048019e-07
1.3047771e-07
1.3047585e-07
1.3047359e-07
1.3066897e-07
1.3066796e-07
1.306669e-07
1.306658e-07
1.3066466e-07
1.3066347e-07
1.3066224e-07
1.3066095e-07
1.3065963e-07
1.3065824e-07
1.3065682e-07
1.3065531e-07
1.3065379e-07
1.3065217e-07
1.3065054e-07
1.3064879e-07
1.3064704e-07
1.3064515e-07
1.3064328e-07
1.3064124e-07
1.3063923e-07
1.3063702e-07
1.3063488e-07
1.3063249e-07
1.3063019e-07
1.306276e-07
1.3062513e-07
1.3062235e-07
1.306197e-07
1.3061669e-07
1.3061188e-07
1.3060458e-07
1.3059822e-07
1.3059153e-07
1.3058573e-07
1.3057961e-07
1.3057432e-07
1.3056872e-07
1.3056389e-07
1.3055877e-07
1.3055435e-07
1.3054967e-07
1.3054563e-07
1.3054134e-07
1.3053764e-07
1.305337e-07
1.3053031e-07
1.305267e-07
1.3052359e-07
1.3052027e-07
1.3051742e-07
1.3051436e-07
1.3051174e-07
1.3050892e-07
1.3050652e-07
1.3050392e-07
1.3050171e-07
1.3049931e-07
1.3049728e-07
1.3049506e-07
1.3069058e-07
1.3068946e-07
1.3068849e-07
1.3068727e-07
1.3068622e-07
1.306849e-07
1.3068376e-07
1.3068232e-07
1.3068109e-07
1.3067953e-07
1.306782e-07
1.3067651e-07
1.3067507e-07
1.3067324e-07
1.306717e-07
1.3066972e-07
1.3066806e-07
1.3066593e-07
1.3066414e-07
1.3066185e-07
1.3065992e-07
1.3065747e-07
1.306554e-07
1.3065276e-07
1.3065054e-07
1.3064769e-07
1.3064531e-07
1.3064225e-07
1.3063969e-07
1.306364e-07
1.3063173e-07
1.3062372e-07
1.3061753e-07
1.306102e-07
1.3060454e-07
1.3059783e-07
1.3059265e-07
1.305865e-07
1.3058177e-07
1.3057613e-07
1.3057179e-07
1.3056663e-07
1.3056265e-07
1.3055792e-07
1.3055426e-07
1.3054992e-07
1.3054656e-07
1.3054257e-07
1.3053948e-07
1.3053582e-07
1.3053297e-07
1.305296e-07
1.3052698e-07
1.3052388e-07
1.3052147e-07
1.3051861e-07
1.3051639e-07
1.3051375e-07
1.3051171e-07
1.3050929e-07
1.3073647e-07
1.3073529e-07
1.307343e-07
1.3073304e-07
1.3073197e-07
1.3073062e-07
1.307295e-07
1.3072805e-07
1.3072684e-07
1.3072529e-07
1.30724e-07
1.3072232e-07
1.3072095e-07
1.3071914e-07
1.3071767e-07
1.3071572e-07
1.3071413e-07
1.3071202e-07
1.3071031e-07
1.3070803e-07
1.3070619e-07
1.3070372e-07
1.3070174e-07
1.3069906e-07
1.3069692e-07
1.3069402e-07
1.3069172e-07
1.3068858e-07
1.3068609e-07
1.3068269e-07
1.3067817e-07
1.3066991e-07
1.306639e-07
1.3065632e-07
1.3065081e-07
1.3064386e-07
1.306388e-07
1.3063243e-07
1.3062778e-07
1.3062194e-07
1.3061767e-07
1.3061232e-07
1.306084e-07
1.3060349e-07
1.3059989e-07
1.305954e-07
1.305921e-07
1.3058798e-07
1.3058495e-07
1.3058118e-07
1.3057841e-07
1.3057496e-07
1.3057242e-07
1.3056927e-07
1.3056694e-07
1.3056406e-07
1.3056193e-07
1.305593e-07
1.3055736e-07
1.3055495e-07
1.3076043e-07
1.3075937e-07
1.3075839e-07
1.3075723e-07
1.3075617e-07
1.3075491e-07
1.3075376e-07
1.3075239e-07
1.3075113e-07
1.3074964e-07
1.3074828e-07
1.3074665e-07
1.3074517e-07
1.307434e-07
1.307418e-07
1.3073988e-07
1.3073815e-07
1.3073607e-07
1.307342e-07
1.3073195e-07
1.3072993e-07
1.307275e-07
1.3072533e-07
1.307227e-07
1.3072038e-07
1.3071754e-07
1.3071504e-07
1.3071198e-07
1.307093e-07
1.30706e-07
1.3070119e-07
1.3069322e-07
1.3068686e-07
1.3067954e-07
1.3067374e-07
1.3066702e-07
1.3066171e-07
1.3065555e-07
1.306507e-07
1.3064504e-07
1.3064061e-07
1.3063542e-07
1.3063137e-07
1.3062661e-07
1.306229e-07
1.3061853e-07
1.3061514e-07
1.3061113e-07
1.3060802e-07
1.3060434e-07
1.306015e-07
1.3059812e-07
1.3059552e-07
1.3059242e-07
1.3059004e-07
1.3058719e-07
1.3058501e-07
1.305824e-07
1.3058039e-07
1.3057799e-07
1.3081521e-07
1.3081399e-07
1.3081303e-07
1.308117e-07
1.3081066e-07
1.3080922e-07
1.3080809e-07
1.3080653e-07
1.308053e-07
1.3080362e-07
1.3080229e-07
1.3080048e-07
1.3079903e-07
1.3079709e-07
1.3079553e-07
1.3079343e-07
1.3079175e-07
1.3078949e-07
1.3078768e-07
1.3078525e-07
1.3078331e-07
1.3078068e-07
1.3077859e-07
1.3077575e-07
1.3077351e-07
1.3077045e-07
1.3076804e-07
1.3076473e-07
1.3076214e-07
1.3075857e-07
1.3075393e-07
1.3074529e-07
1.3073914e-07
1.3073119e-07
1.3072556e-07
1.3071825e-07
1.3071309e-07
1.3070637e-07
1.3070164e-07
1.3069547e-07
1.3069114e-07
1.3068548e-07
1.3068152e-07
1.3067632e-07
1.306727e-07
1.3066793e-07
1.3066462e-07
1.3066026e-07
1.3065723e-07
1.3065324e-07
1.3065048e-07
1.3064683e-07
1.3064431e-07
1.3064097e-07
1.3063868e-07
1.3063564e-07
1.3063355e-07
1.3063077e-07
1.3062887e-07
1.3062634e-07
1.3086668e-07
1.308655e-07
1.3086451e-07
1.3086324e-07
1.3086217e-07
1.3086081e-07
1.3085966e-07
1.3085819e-07
1.3085696e-07
1.3085538e-07
1.3085406e-07
1.3085235e-07
1.3085092e-07
1.3084908e-07
1.3084754e-07
1.3084555e-07
1.3084389e-07
1.3084175e-07
1.3083995e-07
1.3083765e-07
1.308357e-07
1.3083321e-07
1.3083111e-07
1.3082843e-07
1.3082617e-07
1.3082327e-07
1.3082084e-07
1.308177e-07
1.3081509e-07
1.308117e-07
1.3080696e-07
1.3079873e-07
1.3079245e-07
1.3078488e-07
1.3077914e-07
1.3077218e-07
1.3076693e-07
1.3076054e-07
1.3075574e-07
1.3074987e-07
1.3074549e-07
1.3074009e-07
1.3073609e-07
1.3073113e-07
1.3072747e-07
1.3072292e-07
1.3071957e-07
1.307154e-07
1.3071234e-07
1.3070851e-07
1.307057e-07
1.3070219e-07
1.3069963e-07
1.306964e-07
1.3069406e-07
1.306911e-07
1.3068896e-07
1.3068625e-07
1.3068428e-07
1.306818e-07
1.3091978e-07
1.3091857e-07
1.3091754e-07
1.3091621e-07
1.3091509e-07
1.3091363e-07
1.3091242e-07
1.3091083e-07
1.3090952e-07
1.3090779e-07
1.3090638e-07
1.3090451e-07
1.30903e-07
1.3090098e-07
1.3089935e-07
1.3089718e-07
1.3089544e-07
1.308931e-07
1.3089123e-07
1.3088872e-07
1.3088672e-07
1.3088402e-07
1.3088188e-07
1.3087898e-07
1.3087669e-07
1.3087358e-07
1.3087112e-07
1.3086779e-07
1.3086515e-07
1.3086157e-07
1.3085682e-07
1.3084816e-07
1.3084185e-07
1.3083391e-07
1.3082813e-07
1.3082085e-07
1.3081556e-07
1.3080889e-07
1.3080405e-07
1.3079793e-07
1.3079351e-07
1.3078789e-07
1.3078385e-07
1.3077869e-07
1.3077499e-07
1.3077026e-07
1.3076688e-07
1.3076253e-07
1.3075944e-07
1.3075544e-07
1.3075261e-07
1.3074893e-07
1.3074634e-07
1.3074296e-07
1.3074059e-07
1.3073747e-07
1.3073529e-07
1.3073242e-07
1.3073042e-07
1.3072777e-07
1.3101091e-07
1.3100963e-07
1.3100863e-07
1.3100726e-07
1.310062e-07
1.3100473e-07
1.310036e-07
1.3100202e-07
1.3100082e-07
1.3099912e-07
1.3099784e-07
1.3099601e-07
1.3099463e-07
1.3099267e-07
1.309912e-07
1.3098908e-07
1.309875e-07
1.3098523e-07
1.3098352e-07
1.3098108e-07
1.3097924e-07
1.309766e-07
1.3097462e-07
1.3097176e-07
1.3096964e-07
1.3096654e-07
1.3096424e-07
1.3096089e-07
1.309584e-07
1.3095477e-07
1.3095019e-07
1.3094132e-07
1.309352e-07
1.3092704e-07
1.3092141e-07
1.3091392e-07
1.3090873e-07
1.3090185e-07
1.3089707e-07
1.3089075e-07
1.3088636e-07
1.3088055e-07
1.3087651e-07
1.3087117e-07
1.3086746e-07
1.3086256e-07
1.3085915e-07
1.3085466e-07
1.3085152e-07
1.3084739e-07
1.3084451e-07
1.3084073e-07
1.3083808e-07
1.308346e-07
1.3083217e-07
1.3082898e-07
1.3082675e-07
1.3082381e-07
1.3082176e-07
1.3081907e-07
1.3107637e-07
1.3107517e-07
1.310742e-07
1.3107291e-07
1.3107187e-07
1.3107048e-07
1.3106935e-07
1.3106784e-07
1.3106663e-07
1.3106499e-07
1.3106368e-07
1.310619e-07
1.3106049e-07
1.3105856e-07
1.3105703e-07
1.3105494e-07
1.3105328e-07
1.3105101e-07
1.3104921e-07
1.3104675e-07
1.310448e-07
1.3104212e-07
1.3104001e-07
1.310371e-07
1.3103482e-07
1.3103166e-07
1.3102919e-07
1.3102578e-07
1.3102311e-07
1.3101941e-07
1.3101462e-07
1.3100567e-07
1.3099929e-07
1.3099106e-07
1.309852e-07
1.3097763e-07
1.3097223e-07
1.3096528e-07
1.3096032e-07
1.3095393e-07
1.3094939e-07
1.3094352e-07
1.3093935e-07
1.3093396e-07
1.3093015e-07
1.309252e-07
1.3092171e-07
1.3091717e-07
1.3091397e-07
1.309098e-07
1.3090687e-07
1.3090304e-07
1.3090037e-07
1.3089684e-07
1.3089439e-07
1.3089115e-07
1.3088891e-07
1.3088593e-07
1.3088387e-07
1.3088112e-07
1.3120041e-07
1.3119912e-07
1.3119812e-07
1.3119672e-07
1.3119562e-07
1.311941e-07
1.3119291e-07
1.3119126e-07
1.3118997e-07
1.3118818e-07
1.311868e-07
1.3118486e-07
1.3118337e-07
1.3118128e-07
1.3117968e-07
1.3117742e-07
1.3117571e-07
1.3117328e-07
1.3117143e-07
1.3116881e-07
1.3116683e-07
1.31164e-07
1.3116187e-07
1.3115881e-07
1.3115653e-07
1.3115322e-07
1.3115078e-07
1.3114721e-07
1.3114458e-07
1.3114072e-07
1.3113601e-07
1.3112666e-07
1.3112039e-07
1.3111177e-07
1.3110601e-07
1.3109809e-07
1.3109279e-07
1.310855e-07
1.3108063e-07
1.3107393e-07
1.3106946e-07
1.3106329e-07
1.3105918e-07
1.3105351e-07
1.3104974e-07
1.3104453e-07
1.3104107e-07
1.3103628e-07
1.310331e-07
1.310287e-07
1.3102578e-07
1.3102174e-07
1.3101906e-07
1.3101535e-07
1.310129e-07
1.3100949e-07
1.3100724e-07
1.3100412e-07
1.3100206e-07
1.3099921e-07
1.3130864e-07
1.3130731e-07
1.3130628e-07
1.3130486e-07
1.3130376e-07
1.3130222e-07
1.3130106e-07
1.312994e-07
1.3129815e-07
1.3129636e-07
1.3129502e-07
1.3129309e-07
1.3129165e-07
1.3128956e-07
1.3128801e-07
1.3128575e-07
1.3128408e-07
1.3128165e-07
1.3127983e-07
1.3127722e-07
1.3127526e-07
1.3127243e-07
1.3127032e-07
1.3126728e-07
1.31265e-07
1.3126172e-07
1.3125926e-07
1.3125572e-07
1.3125308e-07
1.3124926e-07
1.3124449e-07
1.3123519e-07
1.3122884e-07
1.3122029e-07
1.3121445e-07
1.3120658e-07
1.3120123e-07
1.3119399e-07
1.3118907e-07
1.3118242e-07
1.3117791e-07
1.311718e-07
1.3116765e-07
1.3116204e-07
1.3115824e-07
1.3115308e-07
1.3114958e-07
1.3114484e-07
1.3114163e-07
1.3113727e-07
1.3113432e-07
1.3113031e-07
1.3112759e-07
1.311239e-07
1.311214e-07
1.31118e-07
1.311157e-07
1.3111257e-07
1.3111046e-07
1.3110757e-07
1.3145927e-07
1.314579e-07
1.3145684e-07
1.3145536e-07
1.3145421e-07
1.314526e-07
1.3145137e-07
1.3144962e-07
1.314483e-07
1.3144641e-07
1.3144499e-07
1.3144294e-07
1.3144142e-07
1.3143921e-07
1.3143758e-07
1.3143519e-07
1.3143345e-07
1.3143088e-07
1.3142901e-07
1.3142625e-07
1.3142425e-07
1.3142128e-07
1.3141915e-07
1.3141595e-07
1.3141367e-07
1.3141023e-07
1.3140779e-07
1.314041e-07
1.3140147e-07
1.3139751e-07
1.3139274e-07
1.3138308e-07
1.3137671e-07
1.3136785e-07
1.3136198e-07
1.3135385e-07
1.3134845e-07
1.3134099e-07
1.3133603e-07
1.3132918e-07
1.3132462e-07
1.3131832e-07
1.3131413e-07
1.3130834e-07
1.3130449e-07
1.3129917e-07
1.3129563e-07
1.3129072e-07
1.3128748e-07
1.3128295e-07
1.3127997e-07
1.312758e-07
1.3127307e-07
1.3126922e-07
1.312667e-07
1.3126315e-07
1.3126084e-07
1.3125756e-07
1.3125543e-07
1.312524e-07
1.3164279e-07
1.316414e-07
1.3164037e-07
1.3163887e-07
1.3163776e-07
1.3163615e-07
1.3163497e-07
1.3163322e-07
1.3163195e-07
1.3163007e-07
1.3162871e-07
1.3162669e-07
1.3162523e-07
1.3162305e-07
1.3162148e-07
1.3161913e-07
1.3161744e-07
1.3161492e-07
1.3161309e-07
1.3161037e-07
1.3160841e-07
1.3160547e-07
1.3160335e-07
1.3160017e-07
1.315979e-07
1.3159446e-07
1.3159201e-07
1.3158828e-07
1.3158564e-07
1.3158161e-07
1.3157679e-07
1.3156693e-07
1.3156051e-07
1.3155141e-07
1.3154551e-07
1.3153712e-07
1.3153168e-07
1.3152396e-07
1.3151896e-07
1.3151184e-07
1.3150723e-07
1.3150069e-07
1.3149644e-07
1.3149042e-07
1.3148649e-07
1.3148095e-07
1.3147733e-07
1.3147223e-07
1.3146888e-07
1.3146419e-07
1.3146108e-07
1.3145676e-07
1.3145389e-07
1.314499e-07
1.3144725e-07
1.3144357e-07
1.3144112e-07
1.3143773e-07
1.3143546e-07
1.3143234e-07
1.3184322e-07
1.3184184e-07
1.3184081e-07
1.3183932e-07
1.3183822e-07
1.3183661e-07
1.3183543e-07
1.3183369e-07
1.3183242e-07
1.3183054e-07
1.3182918e-07
1.3182714e-07
1.3182567e-07
1.3182347e-07
1.3182189e-07
1.318195e-07
1.318178e-07
1.3181523e-07
1.3181338e-07
1.318106e-07
1.318086e-07
1.3180559e-07
1.3180344e-07
1.3180018e-07
1.3179786e-07
1.3179433e-07
1.3179181e-07
1.3178799e-07
1.3178526e-07
1.3178113e-07
1.3177615e-07
1.3176605e-07
1.3175939e-07
1.3175006e-07
1.317439e-07
1.3173529e-07
1.317296e-07
1.3172164e-07
1.3171639e-07
1.3170903e-07
1.317042e-07
1.3169739e-07
1.3169293e-07
1.3168664e-07
1.3168254e-07
1.3167672e-07
1.3167295e-07
1.3166758e-07
1.3166412e-07
1.3165917e-07
1.31656e-07
1.3165145e-07
1.3164854e-07
1.3164436e-07
1.316417e-07
1.3163787e-07
1.3163543e-07
1.3163193e-07
1.3162971e-07
1.3162651e-07
1.3212193e-07
1.3212051e-07
1.3211947e-07
1.3211792e-07
1.3211679e-07
1.3211511e-07
1.3211388e-07
1.3211206e-07
1.3211073e-07
1.3210875e-07
1.3210732e-07
1.3210518e-07
1.3210363e-07
1.3210132e-07
1.3209965e-07
1.3209714e-07
1.3209535e-07
1.3209264e-07
1.320907e-07
1.3208778e-07
1.320857e-07
1.3208253e-07
1.320803e-07
1.3207687e-07
1.3207448e-07
1.3207078e-07
1.320682e-07
1.320642e-07
1.3206143e-07
1.320571e-07
1.3205211e-07
1.3204155e-07
1.3203489e-07
1.3202514e-07
1.3201899e-07
1.3201001e-07
1.3200433e-07
1.3199605e-07
1.3199082e-07
1.3198318e-07
1.3197835e-07
1.3197132e-07
1.3196685e-07
1.3196038e-07
1.3195625e-07
1.3195028e-07
1.3194647e-07
1.3194098e-07
1.3193747e-07
1.319324e-07
1.3192916e-07
1.319245e-07
1.3192152e-07
1.3191722e-07
1.3191448e-07
1.3191052e-07
1.31908e-07
1.3190435e-07
1.3190203e-07
1.3189868e-07
1.324298e-07
1.3242832e-07
1.3242725e-07
1.3242565e-07
1.3242451e-07
1.3242278e-07
1.3242155e-07
1.3241968e-07
1.3241837e-07
1.3241635e-07
1.3241494e-07
1.3241275e-07
1.3241123e-07
1.3240887e-07
1.3240722e-07
1.3240466e-07
1.3240288e-07
1.3240012e-07
1.3239817e-07
1.3239518e-07
1.3239306e-07
1.3238982e-07
1.3238753e-07
1.3238401e-07
1.3238152e-07
1.3237771e-07
1.3237502e-07
1.3237088e-07
1.3236798e-07
1.323635e-07
1.3235829e-07
1.3234741e-07
1.3234047e-07
1.3233041e-07
1.3232401e-07
1.3231473e-07
1.3230884e-07
1.3230029e-07
1.3229487e-07
1.3228699e-07
1.3228201e-07
1.3227476e-07
1.3227019e-07
1.3226352e-07
1.3225931e-07
1.3225318e-07
1.322493e-07
1.3224367e-07
1.3224009e-07
1.322349e-07
1.3223159e-07
1.3222681e-07
1.3222376e-07
1.3221934e-07
1.3221651e-07
1.3221243e-07
1.3220982e-07
1.3220605e-07
1.3220363e-07
1.3220014e-07
1.3284694e-07
1.3284542e-07
1.3284431e-07
1.3284267e-07
1.3284147e-07
1.328397e-07
1.3283841e-07
1.3283649e-07
1.328351e-07
1.3283302e-07
1.3283151e-07
1.3282925e-07
1.3282762e-07
1.3282517e-07
1.3282341e-07
1.3282074e-07
1.3281885e-07
1.3281596e-07
1.3281391e-07
1.3281079e-07
1.3280859e-07
1.3280521e-07
1.3280286e-07
1.327992e-07
1.3279667e-07
1.3279272e-07
1.3279002e-07
1.3278575e-07
1.3278284e-07
1.3277824e-07
1.3277294e-07
1.3276167e-07
1.327546e-07
1.3274418e-07
1.3273766e-07
1.3272804e-07
1.3272202e-07
1.3271313e-07
1.3270756e-07
1.3269934e-07
1.326942e-07
1.3268659e-07
1.3268183e-07
1.3267479e-07
1.3267038e-07
1.3266386e-07
1.3265978e-07
1.3265374e-07
1.3264996e-07
1.3264438e-07
1.3264088e-07
1.3263573e-07
1.3263249e-07
1.3262775e-07
1.3262476e-07
1.3262041e-07
1.3261766e-07
1.3261367e-07
1.3261115e-07
1.3260749e-07
1.3335535e-07
1.3335386e-07
1.3335282e-07
1.3335123e-07
1.3335011e-07
1.3334838e-07
1.3334717e-07
1.3334527e-07
1.3334394e-07
1.3334186e-07
1.333404e-07
1.3333811e-07
1.333365e-07
1.3333399e-07
1.3333222e-07
1.3332946e-07
1.3332752e-07
1.3332451e-07
1.3332238e-07
1.3331912e-07
1.333168e-07
1.3331326e-07
1.3331076e-07
1.3330691e-07
1.3330422e-07
1.3330007e-07
1.3329717e-07
1.3329269e-07
1.3328958e-07
1.3328474e-07
1.3327915e-07
1.3326738e-07
1.3325991e-07
1.3324903e-07
1.3324215e-07
1.332321e-07
1.3322575e-07
1.3321647e-07
1.3321062e-07
1.3320204e-07
1.3319664e-07
1.3318871e-07
1.3318373e-07
1.331764e-07
1.331718e-07
1.3316503e-07
1.3316078e-07
1.3315452e-07
1.331506e-07
1.3314482e-07
1.331412e-07
1.3313587e-07
1.3313253e-07
1.3312762e-07
1.3312455e-07
1.3312004e-07
1.3311721e-07
1.3311307e-07
1.3311048e-07
1.3310668e-07
1.3403701e-07
1.3403534e-07
1.3403414e-07
1.3403231e-07
1.3403101e-07
1.3402902e-07
1.340276e-07
1.3402543e-07
1.3402389e-07
1.3402154e-07
1.3401987e-07
1.3401731e-07
1.3401551e-07
1.3401275e-07
1.3401079e-07
1.340078e-07
1.340057e-07
1.3400247e-07
1.3400018e-07
1.3399671e-07
1.3399424e-07
1.3399048e-07
1.3398781e-07
1.3398375e-07
1.3398087e-07
1.3397648e-07
1.3397338e-07
1.3396862e-07
1.3396529e-07
1.3396015e-07
1.3395418e-07
1.3394169e-07
1.3393372e-07
1.3392217e-07
1.339148e-07
1.3390415e-07
1.3389735e-07
1.3388754e-07
1.3388126e-07
1.3387224e-07
1.3386647e-07
1.3385818e-07
1.3385287e-07
1.3384526e-07
1.3384039e-07
1.3383341e-07
1.3382895e-07
1.3382253e-07
1.3381844e-07
1.3381254e-07
1.338088e-07
1.3380336e-07
1.3379993e-07
1.3379491e-07
1.3379175e-07
1.337871e-07
1.3378419e-07
1.3377987e-07
1.3377718e-07
1.3377316e-07
1.34962e-07
1.3496018e-07
1.3495881e-07
1.3495683e-07
1.3495537e-07
1.3495322e-07
1.3495166e-07
1.3494932e-07
1.3494764e-07
1.3494511e-07
1.3494332e-07
1.3494058e-07
1.3493866e-07
1.349357e-07
1.3493366e-07
1.3493046e-07
1.3492827e-07
1.3492485e-07
1.3492247e-07
1.3491881e-07
1.3491625e-07
1.3491231e-07
1.3490955e-07
1.3490532e-07
1.3490234e-07
1.3489779e-07
1.3489457e-07
1.3488966e-07
1.3488617e-07
1.3488086e-07
1.3487444e-07
1.3486138e-07
1.3485279e-07
1.3484068e-07
1.3483277e-07
1.3482153e-07
1.3481425e-07
1.3480381e-07
1.3479712e-07
1.3478743e-07
1.3478126e-07
1.3477227e-07
1.3476658e-07
1.3475824e-07
1.3475298e-07
1.3474524e-07
1.3474037e-07
1.3473321e-07
1.3472869e-07
1.3472206e-07
1.3471786e-07
1.3471173e-07
1.3470782e-07
1.3470217e-07
1.3469854e-07
1.3469333e-07
1.3468998e-07
1.3468519e-07
1.346821e-07
1.346777e-07
1.3629398e-07
1.3629188e-07
1.3629022e-07
1.3628795e-07
1.3628618e-07
1.3628376e-07
1.3628188e-07
1.3627929e-07
1.3627733e-07
1.3627457e-07
1.3627251e-07
1.3626957e-07
1.3626741e-07
1.3626427e-07
1.36262e-07
1.3625863e-07
1.3625622e-07
1.3625261e-07
1.3625003e-07
1.3624613e-07
1.3624335e-07
1.3623913e-07
1.3623612e-07
1.3623154e-07
1.3622827e-07
1.3622329e-07
1.3621972e-07
1.3621431e-07
1.3621041e-07
1.3620452e-07
1.3619732e-07
1.361829e-07
1.3617317e-07
1.361598e-07
1.3615075e-07
1.3613834e-07
1.3612992e-07
1.361184e-07
1.3611059e-07
1.3609988e-07
1.3609266e-07
1.360827e-07
1.3607605e-07
1.3606679e-07
1.3606067e-07
1.3605208e-07
1.3604647e-07
1.3603851e-07
1.3603338e-07
1.3602603e-07
1.3602135e-07
1.3601458e-07
1.3601033e-07
1.3600413e-07
1.3600026e-07
1.359946e-07
1.359911e-07
1.3598595e-07
1.3598277e-07
1.359781e-07
1.384195e-07
1.3841726e-07
1.3841542e-07
1.3841301e-07
1.3841103e-07
1.3840844e-07
1.3840631e-07
1.3840352e-07
1.3840123e-07
1.3839824e-07
1.3839578e-07
1.3839254e-07
1.3838991e-07
1.3838643e-07
1.383836e-07
1.3837985e-07
1.3837682e-07
1.3837278e-07
1.3836954e-07
1.3836517e-07
1.3836171e-07
1.3835699e-07
1.3835328e-07
1.3834818e-07
1.383442e-07
1.3833869e-07
1.383344e-07
1.3832844e-07
1.383238e-07
1.3831735e-07
1.3830878e-07
1.3829297e-07
1.3828143e-07
1.3826683e-07
1.3825611e-07
1.3824263e-07
1.3823265e-07
1.3822019e-07
1.3821092e-07
1.381994e-07
1.381908e-07
1.3818013e-07
1.3817218e-07
1.381623e-07
1.3815497e-07
1.3814582e-07
1.3813909e-07
1.3813063e-07
1.3812447e-07
1.3811665e-07
1.3811103e-07
1.3810383e-07
1.380987e-07
1.3809208e-07
1.3808741e-07
1.3808134e-07
1.3807708e-07
1.3807151e-07
1.3806762e-07
1.3806251e-07
1.4268642e-07
1.4269513e-07
1.4270948e-07
1.4271899e-07
1.4273075e-07
1.4273948e-07
1.4274834e-07
1.427565e-07
1.4276474e-07
1.4277529e-07
1.4279646e-07
1.4278435e-07
1.4279669e-07
1.4277276e-07
1.4278415e-07
1.4275562e-07
1.4276464e-07
1.4273351e-07
1.4274293e-07
1.4270566e-07
1.42681e-07
1.4269447e-07
1.4265608e-07
1.4266346e-07
1.4260989e-07
1.4256423e-07
1.4252561e-07
1.4249298e-07
1.4246569e-07
1.4244341e-07
1.4241252e-07
1.4238486e-07
1.4236327e-07
1.423449e-07
1.4232908e-07
1.4231531e-07
1.4230348e-07
1.4229313e-07
1.4228389e-07
1.4227611e-07
1.4226967e-07
1.4226361e-07
1.4225879e-07
1.4225495e-07
1.4225201e-07
1.4224943e-07
1.4224785e-07
1.4224699e-07
1.4224683e-07
1.4224746e-07
1.422489e-07
1.4225116e-07
1.4225424e-07
1.4225816e-07
1.4226297e-07
1.4226866e-07
1.4227529e-07
1.4228287e-07
1.4229233e-07
1.4230036e-07
1.639911e-06
1.5600768e-05
1.2143661e-05
1.0450434e-05
1.2761436e-05
1.7554759e-05
2.3668735e-05
3.0768689e-05
3.8370413e-05
4.6023886e-05
5.3544744e-05
6.0819855e-05
6.7777505e-05
7.4377937e-05
8.0608265e-05
8.646822e-05
9.194491e-05
9.7054076e-05
0.00010181145
0.00010623094
0.00011032768
0.00011411335
0.00011760579
0.00012081756
0.00012376678
0.00012646495
0.00012893356
0.00013118295
0.00013323354
0.00013509923
0.00013679358
0.00013833516
0.00013973519
0.00014100744
0.00014216761
0.00014322698
0.00014419755
0.00014509585
0.00014593362
0.0001467276
0.00014749578
0.00014826015
0.00014904625
0.00014988708
0.00015082292
0.00015190259
0.00015318079
0.00015472299
0.00015660144
0.00015888593
0.00016164634
0.00016494009
0.00016881253
0.00017329497
0.00017839389
0.00018409755
0.00019041039
0.00019729997
0.00020475362
0.0002127339
0.00022123931
0.00023024242
0.00023974618
0.00024971806
0.00026017708
0.000271082
0.00028246125
0.00029427811
0.00030655039
0.0003192354
0.00033236008
0.0003458747
0.00035980473
0.00037409379
0.00038874505
0.00040374546
0.00041905745
0.00043467897
0.0004505716
0.00046671489
0.00048310224
0.00049967991
0.00051643432
0.00053335162
0.000550371
0.00056747938
0.00058466572
0.00060187223
0.00061908189
0.00063628592
0.00065344656
0.00067052937
0.00068752891
0.00070443435
0.00072119668
0.00073780967
0.00075426906
0.00077055984
0.00078664425
0.00080252354
0.00081819529
0.00083365228
0.00084886043
0.00086382295
0.00087854022
0.00089301465
0.00090722116
0.00092115169
0.00093481177
0.00094820156
0.00096132543
0.00097415995
0.00098670423
0.0009989647
0.0010109419
0.0010226381
0.0010340452
0.0010451482
0.0010559551
0.0010664754
0.0010767054
0.0010866496
0.0010962997
0.0011056459
0.0011146842
0.0011234331
0.0011318885
0.0011400623
0.0011479405
0.0011555363
0.0011628207
0.0011698133
0.0011765061
0.0011829174
0.0011890404
0.0011948833
0.001200449
0.0012057244
0.001210727
0.0012154089
0.0012198543
0.0012239518
0.0012278698
0.0012313838
0.0012347991
0.0012377188
0.0012406616
0.0012429619
0.0012454551
0.0012470947
0.0012491852
0.0012501315
0.0012518773
0.0012520873
0.0012535418
0.0012529648
0.0012541376
0.001252694
0.0012535539
0.0012404841
1.8698681e-06
1.5592581e-05
1.2142899e-05
1.044025e-05
1.2740638e-05
1.7525597e-05
2.3632126e-05
3.0725957e-05
3.8322299e-05
4.597146e-05
5.3488672e-05
6.0760714e-05
6.7715788e-05
7.4314073e-05
8.0542538e-05
8.6401e-05
9.1876499e-05
9.6984655e-05
0.0001017412
0.00010616003
0.00011025626
0.00011404152
0.00011753369
0.00012074528
0.00012369441
0.00012639256
0.00012886123
0.00013111074
0.00013316152
0.00013502745
0.00013672208
0.00013826397
0.00013966435
0.00014093699
0.00014209757
0.00014315738
0.0001441284
0.00014502716
0.00014586538
0.00014665983
0.00014742846
0.00014819326
0.00014897974
0.00014982089
0.00015075699
0.00015183681
0.00015311506
0.00015465715
0.00015653536
0.00015881945
0.00016157931
0.00016487242
0.00016874412
0.00017322584
0.00017832408
0.00018402713
0.00019033952
0.00019722891
0.00020468264
0.00021266328
0.00022116936
0.0002301735
0.00023967864
0.0002496523
0.0002601135
0.00027102106
0.00028240339
0.00029422383
0.00030650018
0.00031918981
0.00033231966
0.00034584005
0.00035977643
0.0003740725
0.00038873139
0.00040374009
0.00041906102
0.0004346921
0.00045059491
0.00046674901
0.00048314777
0.00049973746
0.00051650448
0.0005334349
0.00055046791
0.00056759038
0.00058479121
0.00060201259
0.00061923744
0.00063645691
0.00065363322
0.00067073187
0.00068774737
0.00070466886
0.00072144729
0.00073807639
0.00075455185
0.00077085864
0.00078695898
0.00080285409
0.00081854152
0.00083401403
0.00084923753
0.0008642152
0.00087894742
0.00089343659
0.00090765762
0.00092160243
0.00093527654
0.00094868011
0.0009618175
0.00097466529
0.00098722259
0.00099949581
0.0010114855
0.0010231939
0.0010346129
0.0010457276
0.0010565459
0.0010670773
0.0010773181
0.0010872729
0.0010969333
0.0011062895
0.0011153376
0.0011240961
0.0011325606
0.0011407434
0.0011486303
0.0011562345
0.0011635271
0.0011705275
0.001177228
0.0011836467
0.0011897768
0.0011956266
0.001201199
0.0012064808
0.0012114896
0.0012161775
0.0012206285
0.0012247317
0.0012286548
0.0012321741
0.0012355941
0.0012385187
0.0012414655
0.0012437705
0.0012462673
0.0012479112
0.0012500048
0.0012509551
0.0012527035
0.0012529173
0.0012543738
0.0012538005
0.0012549747
0.0012535348
0.0012543955
0.0012413095
2.0715965e-06
1.5572387e-05
1.2141078e-05
1.041552e-05
1.2689922e-05
1.745435e-05
2.3542615e-05
3.0621557e-05
3.8204734e-05
4.5843354e-05
5.3351653e-05
6.0616198e-05
6.7564982e-05
7.4157959e-05
8.0381904e-05
8.623676e-05
9.1709356e-05
9.6815051e-05
0.00010156959
0.00010598681
0.00011008177
0.00011386609
0.00011735757
0.00012056872
0.00012351763
0.00012621577
0.00012868459
0.00013093441
0.00013298564
0.00013485214
0.00013654747
0.00013809013
0.00013949138
0.00014076497
0.00014192655
0.00014298742
0.00014395954
0.00014485943
0.00014569879
0.00014649437
0.0001472641
0.00014802993
0.00014881735
0.00014965931
0.00015059603
0.00015167623
0.00015295457
0.00015449643
0.00015637402
0.00015865714
0.00016141568
0.00016470721
0.0001685771
0.00017305703
0.0001781536
0.00018385514
0.00019016643
0.00019705534
0.00020450922
0.00021249072
0.00022099843
0.00023000503
0.00023951352
0.0002494915
0.000259958
0.00027087194
0.00028226174
0.00029409085
0.00030637708
0.00031907792
0.00033222031
0.0003457547
0.00035970653
0.00037401959
0.00038869704
0.00040372588
0.00041906855
0.00043472286
0.00045065045
0.00046683086
0.00048325739
0.00049987635
0.00051667403
0.00053363639
0.0005507026
0.00056785938
0.00058509551
0.00060235309
0.00061961492
0.000636872
0.00065408647
0.00067122372
0.00068827812
0.00070523869
0.00072205636
0.00073872469
0.00075523931
0.00077158511
0.00078772427
0.00080365792
0.00081938353
0.00083489386
0.00085015476
0.00086516938
0.00087993803
0.0008944631
0.00090871951
0.00092269912
0.00093640743
0.00094984457
0.00096301494
0.00097589509
0.00098848411
0.0010007884
0.0010128085
0.0010245466
0.0010359948
0.0010471379
0.001057984
0.0010685425
0.0010788098
0.0010887904
0.0010984759
0.0011078567
0.0011169285
0.0011257101
0.0011341972
0.0011424018
0.0011503098
0.0011579346
0.001165247
0.0011722669
0.0011789859
0.0011854228
0.0011915702
0.001197437
0.0012030255
0.0012083232
0.0012133469
0.0012180496
0.0012225144
0.0012266314
0.001230567
0.0012340991
0.0012375304
0.001240467
0.001243424
0.0012457401
0.0012482458
0.0012499001
0.0012520013
0.0012529616
0.0012547161
0.0012549394
0.0012564008
0.0012558367
0.0012570141
0.0012555835
0.0012564461
0.001243321
2.2468683e-06
1.5541561e-05
1.2138408e-05
1.0378545e-05
1.2613545e-05
1.7346687e-05
2.340744e-05
3.0463792e-05
3.8027004e-05
4.5649662e-05
5.3144468e-05
6.0397665e-05
6.7336929e-05
7.3921843e-05
8.0139043e-05
8.5988383e-05
9.1456598e-05
9.6558576e-05
0.00010131009
0.00010572487
0.00010981792
0.00011360081
0.00011709127
0.00012030177
0.00012325036
0.00012594848
0.00012841753
0.00013066784
0.00013271974
0.00013458713
0.0001362835
0.00013782735
0.00013922991
0.00014050494
0.00014166805
0.00014273053
0.00014370432
0.00014460591
0.000145447
0.0001462443
0.00014701568
0.00014778309
0.00014857194
0.00014941512
0.00015035277
0.00015143355
0.00015271203
0.00015425353
0.0001561302
0.00015841184
0.00016116836
0.00016445749
0.00016832464
0.00017280184
0.00017789586
0.00018359509
0.00018990467
0.00019679281
0.00020424686
0.0002122296
0.00022073969
0.00022974993
0.00023926338
0.00024924778
0.00025972215
0.00027064561
0.00028204654
0.0002938886
0.00030618959
0.00031890718
0.00033206833
0.00034562367
0.0003595986
0.00037393712
0.00038864237
0.00040370138
0.00041907665
0.00043476583
0.00045073064
0.00046695057
0.00048341882
0.00050008176
0.00051692551
0.0005339359
0.00055105204
0.00056826042
0.00058554964
0.00060286171
0.00062017918
0.00063749287
0.00065476478
0.00067196013
0.00068907308
0.0007060925
0.00072296923
0.00073969664
0.00075627023
0.00077267478
0.0007888724
0.00080486408
0.00082064722
0.0008362145
0.00085153176
0.00086660201
0.00088142555
0.00089600472
0.00091031442
0.00092434646
0.00093810631
0.00095159406
0.0009648141
0.00097774303
0.00099037987
0.001002731
0.0010147969
0.00102658
0.001038072
0.0010492581
0.001060146
0.0010707455
0.0010810527
0.0010910722
0.0011007956
0.0011102133
0.0011193211
0.0011281377
0.0011366586
0.0011448962
0.0011528362
0.0011604921
0.0011678345
0.0011748836
0.0011816307
0.001188095
0.0011942687
0.0012001611
0.001205774
0.0012110957
0.001216142
0.0012208672
0.0012253527
0.0012294906
0.0012334452
0.0012369968
0.0012404453
0.0012434
0.0012463722
0.0012487054
0.0012512245
0.0012528948
0.0012550075
0.0012559827
0.0012577468
0.0012579844
0.0012594532
0.0012589031
0.0012600855
0.0012586688
0.0012595343
0.0012463519
2.4007266e-06
1.5499372e-05
1.2135029e-05
1.0329448e-05
1.2511034e-05
1.7201503e-05
2.3225311e-05
3.0251039e-05
3.7787206e-05
4.5388288e-05
5.2864858e-05
6.0102723e-05
6.7029131e-05
7.3603239e-05
7.9811291e-05
8.5653139e-05
9.1115456e-05
9.6212424e-05
0.00010095985
0.00010537136
0.00010946185
0.00011324282
0.00011673191
0.00011994155
0.00012288971
0.00012558782
0.0001280572
0.00013030817
0.00013236101
0.00013422959
0.00013592738
0.00013747283
0.00013887719
0.00014015417
0.00014131934
0.000142384
0.00014336006
0.00014426395
0.00014510738
0.00014590699
0.00014668063
0.00014745016
0.00014824094
0.00014908577
0.00015002469
0.00015110625
0.00015238493
0.00015392594
0.00015580137
0.00015808101
0.00016083479
0.00016412067
0.00016798408
0.00017245758
0.0001775481
0.00018324414
0.00018955134
0.00019643834
0.00020389251
0.00021187679
0.00022038994
0.00022940492
0.00023892486
0.00024891771
0.00025940248
0.00027033851
0.00028175417
0.00029361339
0.00030593395
0.00031867377
0.00033185983
0.000345443
0.00035944866
0.00037382105
0.00038856331
0.00040366254
0.00041908128
0.00043481704
0.00045083156
0.00046710432
0.00048362835
0.00050035012
0.00051725553
0.00053433021
0.0005515132
0.00056879069
0.00058615104
0.00060353612
0.00062092818
0.00063831777
0.00065566669
0.00067293995
0.00069013143
0.0007072298
0.00072418576
0.00074099244
0.00075764514
0.00077412852
0.0007904046
0.00080647417
0.00082233451
0.00083797824
0.00085337113
0.00086851608
0.00088341331
0.0008980651
0.00091244638
0.00092654884
0.0009403779
0.00095393362
0.0009672204
0.00098021486
0.00099291595
0.00100533
0.0010174576
0.0010293009
0.001040852
0.0010520958
0.0010630401
0.0010736946
0.0010840555
0.0010941274
0.0011039018
0.0011133693
0.0011225255
0.0011313891
0.0011399557
0.0011482378
0.0011562207
0.0011639185
0.0011713015
0.00117839
0.001185175
0.0011916763
0.0011978853
0.0012038124
0.0012094582
0.0012148124
0.0012198891
0.0012246447
0.0012291583
0.0012333245
0.0012373047
0.0012408827
0.0012443543
0.0012473337
0.0012503266
0.0012526828
0.0012552201
0.001256912
0.0012590403
0.001260036
0.0012618129
0.0012620701
0.0012635488
0.0012630178
0.001264207
0.0012628093
0.0012636789
0.001250422
2.536234e-06
1.5444777e-05
1.2131179e-05
1.0268501e-05
1.238188e-05
1.7017471e-05
2.2994592e-05
2.9981307e-05
3.7483001e-05
4.5056652e-05
5.2510045e-05
5.9728431e-05
6.663851e-05
7.3198947e-05
7.9395378e-05
8.5227673e-05
9.0682529e-05
9.5773151e-05
0.00010051542
0.00010492279
0.00010901005
0.0001127886
0.00011627597
0.00011948453
0.00012243218
0.00012513028
0.0001276001
0.00012985193
0.00013190597
0.00013377609
0.00013547569
0.00013702321
0.00013842985
0.00013970931
0.00014087712
0.00014194456
0.0001429235
0.00014383033
0.00014467674
0.0001454793
0.0001462558
0.00014702803
0.00014782127
0.0001486682
0.00014960874
0.00015069129
0.00015197024
0.00015351062
0.00015538447
0.00015766156
0.00016041186
0.00016369358
0.0001675522
0.00017202093
0.00017710694
0.00018279883
0.00018910288
0.00019598827
0.00020344242
0.00021142844
0.00021994522
0.00022896593
0.00023849381
0.00024849703
0.00025899458
0.00026994613
0.00028138001
0.00029326047
0.0003056053
0.00031837271
0.00033158972
0.00034520753
0.00035925144
0.00037366603
0.00038845446
0.00040360388
0.00041907694
0.00043487098
0.00045094776
0.0004672867
0.00048388067
0.00050067623
0.00051765902
0.00053481441
0.00055208137
0.0005694457
0.00058689546
0.00060437234
0.00062185821
0.00063934327
0.00065678909
0.00067416041
0.00069145074
0.00070864849
0.00072570421
0.0007426107
0.00075936303
0.0007759457
0.00079232059
0.00080848829
0.00082444589
0.00084018594
0.00085567413
0.00087091322
0.00088590331
0.00090064666
0.00091511815
0.00092930939
0.00094322574
0.00095686717
0.00097023814
0.00098331527
0.00099609742
0.0010085909
0.0010207963
0.0010327158
0.0010443413
0.001055658
0.0010666735
0.0010773975
0.0010878263
0.0010979644
0.0011078034
0.0011173338
0.0011265512
0.0011354744
0.0011440988
0.0011524371
0.0011604746
0.0011682255
0.0011756597
0.0011827981
0.0011896312
0.0011961794
0.0012024333
0.0012084044
0.001214092
0.0012194874
0.0012246029
0.001229397
0.0012339463
0.0012381485
0.0012421614
0.001245773
0.0012492741
0.0012522849
0.0012553042
0.0012576898
0.0012602502
0.0012619698
0.0012641179
0.0012651398
0.0012669331
0.0012672154
0.001268707
0.0012682003
0.0012693984
0.0012680251
0.0012688998
0.0012555533
2.6552651e-06
1.5376742e-05
1.2127209e-05
1.0196246e-05
1.2225708e-05
1.6793268e-05
2.2713595e-05
2.965252e-05
3.7111916e-05
4.4652023e-05
5.2077084e-05
5.927167e-05
6.6161808e-05
7.2705586e-05
7.8887846e-05
8.4708432e-05
9.0154221e-05
9.5237119e-05
9.9973104e-05
0.00010437545
0.00010845879
0.00011223443
0.00011571974
0.00011892701
0.00012187405
0.00012457219
0.00012704258
0.00012929548
0.00013135101
0.00013322303
0.00013492487
0.00013647493
0.00013788439
0.0001391669
0.00014033794
0.00014140878
0.00014239126
0.0001433017
0.00014415174
0.00014495792
0.00014573793
0.00014651347
0.00014730973
0.00014815923
0.00014910175
0.00015018552
0.00015146479
0.00015300442
0.00015487634
0.0001571503
0.00015989632
0.00016317293
0.00016702563
0.00017148845
0.00017656884
0.00018225552
0.00018855553
0.00019543873
0.00020289258
0.00021088041
0.00021940126
0.00022842856
0.00023796566
0.000247981
0.00025849358
0.00026946342
0.00028091882
0.00029282444
0.00030519803
0.00031799822
0.00033125203
0.00034491105
0.00035900055
0.00037346549
0.00038830904
0.00040351847
0.00041905654
0.00043492046
0.00045107198
0.00046749042
0.00048416846
0.00050105276
0.00051812868
0.00053538125
0.00055274938
0.0005702184
0.00058777597
0.00060536359
0.00062296268
0.00064056298
0.00065812581
0.00067561557
0.00069302531
0.00071034312
0.0007275194
0.00074454652
0.00076141927
0.00077812197
0.00079461633
0.00081090267
0.00082697789
0.00084283442
0.00085843789
0.00087379086
0.00088889331
0.00090374744
0.00091832812
0.00093262682
0.00094664883
0.00096039406
0.00097386698
0.00098704424
0.00099992462
0.0010125144
0.001024814
0.0010368258
0.0010485417
0.0010599469
0.0010710488
0.0010818571
0.0010923683
0.0011025868
0.0011125041
0.001122111
0.0011314028
0.0011403985
0.0011490931
0.0011574999
0.0011656036
0.0011734192
0.0011809158
0.0011881152
0.0011950068
0.0012016122
0.0012079209
0.0012139457
0.0012196842
0.00122513
0.0012302929
0.0012351341
0.0012397271
0.0012439734
0.0012480262
0.0012516789
0.0012552162
0.0012582655
0.0012613172
0.0012637389
0.0012663279
0.0012680814
0.001270254
0.0012713081
0.0012731217
0.0012734348
0.0012749423
0.0012744658
0.0012756748
0.0012743317
0.001275213
0.0012617642
2.759094e-06
1.5295337e-05
1.2123598e-05
1.0113566e-05
1.2042357e-05
1.6527666e-05
2.2380636e-05
2.9262586e-05
3.6671418e-05
4.4171593e-05
5.1562943e-05
5.8729227e-05
6.5595665e-05
7.2119672e-05
7.8285135e-05
8.409176e-05
8.9526834e-05
9.4600588e-05
9.9329149e-05
0.00010372557
0.0001078043
0.00011157652
0.00011505941
0.00011826521
0.00012121158
0.0001239098
0.0001263809
0.00012863512
0.00013069246
0.00013256678
0.00013427131
0.00013582442
0.00013723725
0.00013852342
0.00013969832
0.00014077324
0.00014175994
0.00014267467
0.00014352906
0.00014433955
0.00014512375
0.00014590323
0.00014670309
0.00014755566
0.00014850055
0.00014958579
0.00015086545
0.00015240418
0.00015427379
0.00015654403
0.00015928493
0.0001625554
0.000166401
0.00017085667
0.00017593022
0.0001816105
0.00018790545
0.00019478573
0.00020223884
0.00021022839
0.00021875358
0.00022778813
0.00023733553
0.00024736454
0.00025789417
0.00026888484
0.00028036482
0.00029229924
0.00030470583
0.00031754368
0.00033083984
0.00034454637
0.00035868848
0.0003732116
0.00038811894
0.00040339789
0.00041901138
0.00043495651
0.00045119505
0.00046770613
0.0004844822
0.00050147008
0.00051865476
0.00053602092
0.00055350736
0.00057109886
0.00058878265
0.0006065
0.00062423174
0.00064196714
0.00065966716
0.00067729582
0.00069484564
0.00071230434
0.0007296221
0.00074679082
0.00076380495
0.00078064857
0.00079728324
0.00081370891
0.0008299223
0.00084591567
0.00086165459
0.00087714138
0.00089237589
0.00090736024
0.00092206929
0.00093649436
0.00095064065
0.00096450798
0.00097810086
0.00099139598
0.001004392
0.0010170951
0.0010295058
0.0010416264
0.0010534488
0.0010649582
0.0010761619
0.0010870698
0.0010976781
0.0011079915
0.0011180014
0.0011276987
0.0011370783
0.0011461596
0.0011549374
0.0011634252
0.0011716074
0.0011794995
0.0011870701
0.0011943416
0.0012013027
0.001207976
0.0012143496
0.0012204381
0.0012262373
0.0012317429
0.0012369621
0.0012418594
0.0012465043
0.0012508031
0.0012549035
0.0012586054
0.0012621859
0.0012652811
0.0012683715
0.0012708364
0.0012734596
0.0012752538
0.0012774558
0.0012785485
0.0012803865
0.0012807368
0.0012822633
0.0012818232
0.0012830453
0.0012817387
0.0012826279
0.0012690674
2.848753e-06
1.5199886e-05
1.2120963e-05
1.0021775e-05
1.1831952e-05
1.6219606e-05
2.1994064e-05
2.8809412e-05
3.615892e-05
4.3612486e-05
5.096451e-05
5.8097801e-05
6.4936631e-05
7.1437633e-05
7.7583597e-05
8.3373904e-05
8.8796575e-05
9.3859732e-05
9.85797e-05
0.00010296928
0.0001070427
0.00011081099
0.00011429114
0.00011749528
0.00012044093
0.00012313931
0.00012561129
0.0001278671
0.00012992661
0.00013180364
0.00013351137
0.00013506807
0.00013648486
0.00013777533
0.00013895476
0.00014003446
0.0001410261
0.00014194587
0.00014280535
0.00014362088
0.00014440998
0.00014519408
0.00014599814
0.00014685431
0.00014780198
0.00014888894
0.00015016906
0.00015170676
0.00015357368
0.00015583955
0.00015857443
0.00016183769
0.00016567489
0.00017012208
0.00017518745
0.00018086
0.00018714871
0.00019402517
0.00020147694
0.00020946791
0.0002179975
0.00022703973
0.00023659827
0.00024664225
0.00025719065
0.00026820439
0.0002797117
0.00029167821
0.00030412168
0.0003170017
0.00033034536
0.00034410529
0.00035830661
0.00037289533
0.00038787468
0.00040323223
0.00041893113
0.00043496836
0.00045130583
0.00046792237
0.00048481013
0.00050191614
0.00051922496
0.00053672088
0.00055434258
0.00057207419
0.00058990246
0.00060776837
0.00062565211
0.00064354237
0.00066139971
0.0006791877
0.00069689826
0.00071451865
0.00073199883
0.00074933012
0.0007665066
0.00078351208
0.00080030791
0.00081689368
0.00083326582
0.00084941646
0.00086531108
0.00088095171
0.00089633807
0.00091147218
0.0009263289
0.00094089938
0.00095518869
0.00096919658
0.00098292758
0.00099635844
0.0010094877
0.0010223214
0.0010348601
0.0010471061
0.0010590513
0.001070681
0.0010820024
0.0010930252
0.0011037458
0.0011141688
0.0011242857
0.0011340875
0.0011435688
0.0011527493
0.0011616234
0.001170205
0.0011784781
0.0011864589
0.0011941154
0.0012014707
0.0012085125
0.0012152646
0.0012217138
0.0012278765
0.0012337462
0.0012393215
0.0012446063
0.0012495691
0.0012542747
0.0012586348
0.0012627908
0.0012665501
0.0012701812
0.0012733302
0.0012764661
0.0012789816
0.0012816449
0.001283487
0.0012857234
0.0012868617
0.0012887284
0.0012891226
0.0012906717
0.0012902746
0.0012915123
0.001290249
0.0012911477
0.0012774698
2.9252967e-06
1.5087222e-05
1.2120062e-05
9.9227085e-06
1.1594996e-05
1.5868301e-05
2.1552277e-05
2.8290921e-05
3.5571789e-05
4.2971755e-05
5.0278588e-05
5.7373997e-05
6.4181154e-05
7.0655793e-05
7.6779479e-05
8.2551014e-05
8.7959548e-05
9.3010623e-05
9.7720808e-05
0.00010210262
0.00010617002
0.00010993389
0.00011341099
0.00011661331
0.00011955821
0.00012225685
0.00012472993
0.00012698763
0.00012904971
0.00013092992
0.00013264137
0.00013420225
0.00013562364
0.00013691909
0.00013810377
0.00013918898
0.00014018634
0.00014111191
0.00014197726
0.0001427986
0.00014359335
0.00014438278
0.0001451917
0.00014605202
0.0001470029
0.00014809185
0.00014937252
0.00015090903
0.00015277285
0.00015503368
0.00015776161
0.00016101648
0.00016484391
0.00016928117
0.00017433688
0.00018000023
0.00018628133
0.00019315288
0.00020060248
0.00020859435
0.00021712813
0.00022617822
0.00023574845
0.00024580835
0.00025637692
0.00026741561
0.00027895258
0.00029095408
0.00030343786
0.00031636409
0.00032975992
0.00034357861
0.00035784521
0.00037250638
0.00038756542
0.00040301009
0.0004188038
0.00043494343
0.00045139117
0.00046812552
0.00048513819
0.00050237644
0.00051982438
0.00053746583
0.00055523937
0.0005731284
0.0005911191
0.00060915214
0.00062720697
0.00064527161
0.0006633062
0.00068127377
0.00069916553
0.00071696826
0.00073463163
0.00075214635
0.00076950603
0.0007866942
0.00080367197
0.00082043849
0.00083698991
0.00085331818
0.00086938868
0.00088520315
0.00090076112
0.00091606453
0.00093108821
0.00094582313
0.00096027424
0.00097444118
0.00098832852
0.0010019131
0.0010151932
0.0010281749
0.0010408586
0.0010532469
0.0010653315
0.0010770976
0.0010885525
0.0010997058
0.0011105539
0.0011211017
0.0011313403
0.0011412609
0.001150858
0.0011601514
0.0011691352
0.0011778237
0.0011862007
0.0011942828
0.0012020373
0.0012094883
0.0012166223
0.0012234646
0.0012300003
0.0012362479
0.0012421985
0.0012478537
0.0012532139
0.0012582518
0.0012630271
0.0012674578
0.0012716779
0.0012755033
0.0012791927
0.0012824039
0.0012855922
0.0012881663
0.001290876
0.0012927735
0.00129505
0.0012962412
0.0012981412
0.0012985865
0.001300162
0.0012998152
0.0013010711
0.0012998584
0.0013007683
0.0012869715
2.9900264e-06
1.495534e-05
1.2121796e-05
9.8188115e-06
1.133253e-05
1.5473371e-05
2.1053755e-05
2.7705052e-05
3.4907357e-05
4.2246372e-05
4.9501879e-05
5.6554309e-05
6.3325567e-05
6.9770356e-05
7.586891e-05
8.1619119e-05
8.7011731e-05
9.2049222e-05
9.6748416e-05
0.00010112152
0.00010518222
0.00010894119
0.00011241493
0.00011561529
0.00011855947
0.00012125851
0.00012373293
0.00012599288
0.00012805794
0.00012994184
0.00013165759
0.00013322328
0.00013464997
0.00013595112
0.0001371418
0.00013823332
0.0001392372
0.0001401694
0.00014104144
0.00014186941
0.00014267059
0.0001434661
0.00014428055
0.0001451456
0.00014610015
0.00014719138
0.00014847269
0.00015000786
0.00015186816
0.00015412324
0.00015684321
0.00016008848
0.00016390465
0.00016833038
0.00017337482
0.0001790273
0.00018529925
0.00019216457
0.00019961092
0.00020760291
0.0002161404
0.00022519819
0.00023478032
0.00024485676
0.00025544649
0.00026651157
0.00027808008
0.00029011897
0.00030264595
0.00031562187
0.00032907395
0.00034295613
0.00035729344
0.00037203325
0.00038717895
0.00040271855
0.00041861578
0.00043486741
0.00045143595
0.00046829978
0.00048544996
0.00050283397
0.00052043543
0.00053823766
0.0005561791
0.00057424236
0.00059241297
0.00061063128
0.00062887588
0.00064713405
0.00066536544
0.00068353247
0.00070162559
0.00071963099
0.00073749806
0.00075521677
0.00077278025
0.00079017167
0.00080735191
0.00082431963
0.00084107064
0.0008575967
0.00087386309
0.00088987121
0.00090562041
0.0009211125
0.00093632232
0.00095124061
0.0009658722
0.00098021662
0.00099427848
0.0010080346
0.0010214833
0.0010346304
0.0010474763
0.0010600236
0.0010722641
0.001084183
0.0010957873
0.0011070869
0.001118078
0.0011287656
0.0011391407
0.0011491948
0.001158922
0.0011683423
0.0011774494
0.0011862584
0.0011947522
0.0012029484
0.0012108134
0.0012183724
0.0012256105
0.0012325548
0.0012391882
0.0012455319
0.001251574
0.0012573197
0.0012627654
0.0012678885
0.0012727431
0.0012772539
0.0012815469
0.0012854477
0.0012892034
0.0012924856
0.0012957337
0.0012983749
0.0013011376
0.0013030987
0.0013054211
0.001306673
0.0013086114
0.0013091156
0.0013107213
0.0013104325
0.0013117096
0.0013105556
0.0013114786
0.001297566
3.0443585e-06
1.4802317e-05
1.2127196e-05
9.7132975e-06
1.1046298e-05
1.5034938e-05
2.0497099e-05
2.7049784e-05
3.4162922e-05
4.1433225e-05
4.863098e-05
5.563511e-05
6.236607e-05
6.8777391e-05
7.4847881e-05
8.057412e-05
8.5948957e-05
9.0971352e-05
9.5658335e-05
0.00010002181
0.00010407512
0.00010782872
0.00011129884
0.00011449715
0.00011744064
0.00012014026
0.00012261632
0.00012487891
0.00012694745
0.0001288356
0.00013055628
0.00013212747
0.00013356017
0.00013486781
0.00013606531
0.00013716397
0.00013817523
0.00013911492
0.00013999453
0.00014082999
0.00014163844
0.0001424408
0.0001432615
0.00014413191
0.0001450906
0.00014618442
0.00014746647
0.00014900015
0.00015085649
0.00015310508
0.00015581602
0.00015905036
0.00016285366
0.00016726616
0.00017229754
0.0001779373
0.00018419829
0.00019105582
0.0001984976
0.00020648861
0.000215029
0.000224094
0.00023368784
0.00024378101
0.00025439245
0.00026548487
0.00027708629
0.00028916438
0.00030173685
0.0003147653
0.000328277
0.0003422267
0.00035663937
0.00037146321
0.00038670173
0.00040234324
0.00041835183
0.00043472418
0.0004514232
0.00046842715
0.00048572667
0.00050326923
0.00052103789
0.00053901541
0.00055714014
0.00057539379
0.00059376117
0.00061218225
0.00063063474
0.00064910505
0.00066755225
0.00068593814
0.00070425229
0.00072248024
0.00074057104
0.00075851389
0.00077630134
0.00079391619
0.00081131905
0.00082850803
0.00084547859
0.00086222227
0.00087870424
0.00089492554
0.00091088529
0.00092658519
0.00094200007
0.00095712046
0.00097195104
0.00098649119
0.0010007456
0.0010146911
0.0010283258
0.0010416556
0.0010546808
0.0010674039
0.0010798168
0.0010919049
0.0011036747
0.0011151364
0.001126286
0.0011371286
0.0011476552
0.0011578575
0.0011677292
0.0011772907
0.0011865351
0.001195478
0.001204102
0.0012124254
0.0012204137
0.0012280933
0.0012354476
0.0012425059
0.0012492487
0.0012557
0.0012618446
0.0012676919
0.0012732334
0.0012784524
0.001283396
0.001287997
0.0012923721
0.0012963579
0.0013001886
0.0013035509
0.0013068667
0.0013095838
0.0013124067
0.00131444
0.0013168145
0.0013181356
0.0013201177
0.0013206891
0.0013223294
0.0013221071
0.0013234085
0.0013223217
0.00132326
0.0013092397
3.0898964e-06
1.4626209e-05
1.2137401e-05
9.6103213e-06
1.0739009e-05
1.4553262e-05
1.98811e-05
2.6323162e-05
3.3335772e-05
4.0529113e-05
4.7662369e-05
5.4612634e-05
6.1298714e-05
6.7672809e-05
7.3712221e-05
7.9411767e-05
8.4766885e-05
8.977268e-05
9.4446226e-05
9.8799132e-05
0.00010284439
0.0001065922
0.00011005846
0.00011325466
0.00011619756
0.000118898
0.00012137604
0.00012364173
0.00012571428
0.0001276073
0.0001293336
0.00013091102
0.00013235055
0.0001336655
0.00013487068
0.00013597738
0.00013699694
0.00013794504
0.00013883313
0.00013967699
0.00014049359
0.00014130364
0.00014213134
0.00014300776
0.00014397111
0.00014506786
0.00014635075
0.00014788278
0.00014973469
0.000151976
0.00015467678
0.00015789878
0.0001616875
0.00016608487
0.00017110124
0.00017672621
0.00018297422
0.00018982211
0.00019725768
0.00020524632
0.00021378843
0.00022285974
0.0002324647
0.00024257431
0.00025320749
0.00026432766
0.00027596274
0.00028808121
0.00030070079
0.00031378386
0.00032735778
0.00034137818
0.00035587001
0.00037078237
0.00038611893
0.00040186834
0.00041799514
0.00043449593
0.00045133408
0.00046848775
0.00048594723
0.0005036602
0.00052160883
0.00053977531
0.00055809786
0.00057655722
0.00059513744
0.00061377807
0.00063245581
0.00065115613
0.0006698375
0.00068846098
0.00070701518
0.00072548492
0.0007438189
0.00076200544
0.00078003647
0.00079789438
0.00081553948
0.00083296928
0.00085017885
0.00086715951
0.0008838763
0.00090032986
0.00091651908
0.00093244553
0.00094808406
0.00096342493
0.00097847267
0.00099322652
0.0010076912
0.0010218437
0.0010356818
0.0010492115
0.0010624328
0.0010753484
0.0010879502
0.0011002236
0.001112175
0.0011238145
0.0011351381
0.0011461511
0.0011568443
0.0011672097
0.0011772405
0.0011869574
0.0011963531
0.001205444
0.0012142116
0.0012226756
0.0012308002
0.0012386131
0.0012460963
0.0012532808
0.001260145
0.0012667157
0.0012729743
0.0012789346
0.0012845828
0.0012899085
0.0012949515
0.0012996532
0.00130412
0.0013082009
0.0013121156
0.0013155677
0.0013189596
0.0013217619
0.0013246525
0.0013267671
0.0013292005
0.0013305998
0.0013326313
0.0013332788
0.0013349585
0.0013348117
0.0013361409
0.0013351307
0.0013360867
0.0013219718
3.1285902e-06
1.4425055e-05
1.2153607e-05
9.5151735e-06
1.04147e-05
1.4029269e-05
1.9204845e-05
2.5523305e-05
3.2423222e-05
3.9530753e-05
4.6592396e-05
5.3482964e-05
6.0119381e-05
6.6452341e-05
7.2457572e-05
7.8127654e-05
8.3460973e-05
8.8448693e-05
9.3107571e-05
9.7448996e-05
0.00010148557
0.00010522717
0.00010868938
0.00011188347
0.00011482594
0.00011752749
0.00012000792
0.00012227722
0.0001243544
0.00012625296
0.00012798564
0.00012957011
0.0001310173
0.00013234047
0.00013355426
0.00013466996
0.00013569878
0.00013665628
0.00013755383
0.00013840704
0.00013923272
0.00014005134
0.00014088685
0.00014176996
0.00014273852
0.00014383855
0.0001451224
0.00014665263
0.0001484996
0.00015073281
0.00015342222
0.00015663037
0.00016040265
0.00016478286
0.00016978205
0.00017538993
0.00018162267
0.00018845878
0.00019588617
0.00020387065
0.00021241293
0.00022148923
0.00023110422
0.00024122948
0.00025188388
0.00026303161
0.00027470046
0.00028685979
0.00029952731
0.00031266629
0.00032630417
0.00034039754
0.00035497134
0.0003699757
0.00038541446
0.00040127666
0.00041752739
0.00043416319
0.00045114794
0.00046845977
0.00048608857
0.00050398237
0.00052212269
0.00054049074
0.00055902463
0.00057770406
0.00059651222
0.00061538822
0.00063430768
0.00065325504
0.00067218806
0.00069106703
0.0007098795
0.00072860951
0.00074720536
0.00076565441
0.00078394792
0.00080206781
0.00081997408
0.00083766362
0.00085513103
0.0008723674
0.00088933766
0.00090604201
0.00092247909
0.00093865032
0.00095453058
0.00097010987
0.00098539253
0.0010003777
0.00101507
0.0010294467
0.0010435054
0.0010572516
0.0010706858
0.0010838105
0.0010966174
0.0011090923
0.0011212412
0.0011330741
0.0011445873
0.001155786
0.0011666608
0.0011772042
0.0011874088
0.0011972957
0.0012068569
0.0012161096
0.0012250347
0.0012336527
0.001241927
0.0012498864
0.0012575112
0.0012648346
0.0012718325
0.0012785348
0.0012849191
0.0012910041
0.0012967703
0.0013022141
0.0013073671
0.0013121805
0.0013167492
0.0013209357
0.0013249439
0.001328496
0.0013319727
0.0013348702
0.0013378366
0.0013400422
0.0013425416
0.0013440287
0.0013461157
0.0013468491
0.0013485731
0.0013485117
0.0013498725
0.001348949
0.0013499253
0.0013357342
3.1627699e-06
1.4196974e-05
1.217699e-05
9.4344935e-06
1.0079247e-05
1.3464836e-05
1.8467875e-05
2.464682e-05
3.1422815e-05
3.8434788e-05
4.541729e-05
5.2242022e-05
5.8823772e-05
6.5111525e-05
7.1079366e-05
7.6717208e-05
8.2026438e-05
8.6994668e-05
9.1637652e-05
9.5966696e-05
9.9993973e-05
0.00010372902
0.00010718704
0.00011037906
0.00011332131
0.00011602434
0.00011850764
0.00012078114
0.00012286364
0.0001247685
0.00012650839
0.00012810078
0.00012955658
0.00013088894
0.00013211233
0.00013323805
0.00013427717
0.00013524511
0.00013615316
0.00013701675
0.00013785249
0.0001386806
0.00013952477
0.00014041531
0.00014138965
0.00014249333
0.00014377828
0.00014530653
0.00014714807
0.00014937229
0.00015204905
0.00015524172
0.00015899556
0.00016335639
0.00016833602
0.00017392426
0.00018013912
0.00018696099
0.00019437788
0.00020235604
0.00021089649
0.00021997598
0.00022959942
0.00023973899
0.00025041348
0.00026158792
0.00027328994
0.00028548984
0.00029820532
0.00031140061
0.00032510323
0.00033927083
0.00035392836
0.00036902706
0.000384571
0.00040054969
0.00041692881
0.00043370489
0.0004508424
0.00046831947
0.00048612562
0.0005042093
0.00052255134
0.00054113231
0.00055988989
0.00057880258
0.00059785266
0.00061697876
0.00063615533
0.00065536571
0.00067456688
0.00069371826
0.00071280627
0.00073181409
0.00075068957
0.00076941907
0.00078799308
0.00080639304
0.00082457861
0.00084254598
0.0008602893
0.00087779937
0.00089504102
0.00091201399
0.00092871665
0.00094515026
0.00096128974
0.0009771248
0.00099265961
0.0010078931
0.0010228301
0.0010374478
0.0010517436
0.0010657231
0.0010793864
0.0010927363
0.0011057645
0.0011184567
0.0011308188
0.0011428609
0.001154579
0.0011659786
0.0011770502
0.0011877864
0.0011981796
0.0012082509
0.001217992
0.0012274207
0.001236517
0.001245303
0.0012537403
0.0012618596
0.001269639
0.0012771144
0.0012842584
0.001291105
0.0012976271
0.001303849
0.0013097448
0.0013153185
0.0013205927
0.0013255291
0.0013302103
0.0013345135
0.0013386251
0.0013422881
0.0013458587
0.0013488621
0.0013519126
0.0013542197
0.0013567927
0.0013583778
0.001360527
0.0013613566
0.0013631304
0.0013631649
0.0013645614
0.0013637357
0.0013647353
0.0013504925
3.195092e-06
1.3940299e-05
1.2208586e-05
9.3764739e-06
9.7410635e-06
1.2863226e-05
1.767044e-05
2.3693554e-05
3.0332066e-05
3.7237821e-05
4.4133161e-05
5.0885571e-05
5.7407392e-05
6.3645683e-05
6.9572789e-05
7.5175673e-05
8.0458214e-05
8.5405651e-05
9.0031521e-05
9.4347306e-05
9.8364726e-05
0.00010209291
0.00010554666
0.00010873674
0.00011167906
0.000114384
0.00011687074
0.00011914913
0.0001212377
0.0001231497
0.00012489772
0.000126499
0.00012796442
0.00012930701
0.00013054109
0.00013167792
0.00013272845
0.00013370793
0.00013462758
0.00013550263
0.00013634948
0.00013718806
0.00013804179
0.00013894054
0.00013992128
0.00014102902
0.0001423152
0.00014384131
0.00014567687
0.00014789116
0.00015055391
0.00015372937
0.0001574626
0.00016180163
0.0001667591
0.00017232486
0.00017851893
0.00018532375
0.00019272742
0.00020069667
0.00020923283
0.00021831322
0.00022794297
0.00023809491
0.00024878772
0.00025998733
0.00027172114
0.0002839605
0.00029672308
0.00030997413
0.00032374124
0.00033798325
0.00035272511
0.00036791929
0.00038357012
0.00039966763
0.00041617822
0.00043309844
0.00045039342
0.00046804134
0.0004860314
0.0005043125
0.00052286477
0.00054166815
0.00056066019
0.00057981803
0.00059912269
0.00061851239
0.00063796022
0.0006574484
0.00067693303
0.0006963726
0.00071575231
0.00073505439
0.00075422622
0.00077325306
0.00079212458
0.0008108217
0.00082930373
0.0008475661
0.00086560247
0.00088340335
0.00090093348
0.00091819208
0.00093517725
0.00095189008
0.00096830554
0.00098441307
0.0010002166
0.001015715
0.0010309129
0.0010457879
0.001060337
0.0010745658
0.0010884742
0.0011020652
0.0011153304
0.0011282556
0.0011408464
0.0011531129
0.0011650512
0.0011766669
0.0011879502
0.0011988942
0.0012094906
0.0012197609
0.0012296963
0.0012393152
0.001248597
0.0012575647
0.0012661788
0.0012744716
0.0012824189
0.0012900594
0.0012973626
0.0013043662
0.0013110387
0.0013174099
0.0013234475
0.0013291633
0.0013345702
0.0013396417
0.0013444463
0.0013488778
0.0013531032
0.0013568884
0.0013605629
0.0013636831
0.0013668269
0.0013692463
0.0013719011
0.0013735952
0.0013758138
0.0013767506
0.0013785801
0.001378722
0.0013801588
0.0013794427
0.0013804688
0.0013662053
3.2280759e-06
1.3653795e-05
1.2249124e-05
9.3510124e-06
9.4120493e-06
1.2229753e-05
1.6813897e-05
2.2662111e-05
2.9149023e-05
3.5936464e-05
4.273603e-05
4.9409213e-05
5.586555e-05
6.2049909e-05
6.7932712e-05
7.349811e-05
7.8750945e-05
8.3676421e-05
8.828397e-05
9.2585643e-05
9.6592693e-05
0.00010031375
0.00010376323
0.00010695157
0.00010989435
0.00011260174
0.00011509256
0.00011737662
0.00011947213
0.00012139221
0.00012314937
0.00012476058
0.00012623674
0.00012759069
0.00012883661
0.00012998573
0.00013104886
0.00013204107
0.0001329735
0.00013386115
0.00013472022
0.00013557032
0.00013643455
0.00013734234
0.00013833013
0.00013944235
0.00014072994
0.00014225372
0.00014408273
0.00014628612
0.00014893337
0.00015208976
0.00015580005
0.00016011465
0.00016504708
0.00017058725
0.00017675728
0.00018354183
0.00019092916
0.00019888646
0.00020741538
0.00021649382
0.00022612718
0.00023628891
0.00024699758
0.00025822006
0.0002699835
0.00028226033
0.0002950682
0.00030837344
0.00032220374
0.00033651916
0.00035134472
0.00036663419
0.00038239224
0.00039860949
0.00041525316
0.00043231982
0.0004497754
0.00046759818
0.00048577705
0.00050426146
0.00052303086
0.00054206449
0.00056129985
0.00058071269
0.00060028311
0.00061994848
0.00063968033
0.00065945974
0.00067924181
0.00069898408
0.00071867038
0.00073828192
0.00075776561
0.0007771055
0.00079629038
0.00081530064
0.00083409517
0.00085266864
0.00087101417
0.00088912196
0.00090695666
0.00092451696
0.00094180066
0.00095880869
0.00097551606
0.00099191195
0.0010080001
0.001023779
0.0010392537
0.0010544016
0.0010692197
0.0010837132
0.0010978823
0.0011117297
0.0011252472
0.0011384207
0.0011512555
0.0011637616
0.0011759351
0.0011877818
0.0011992917
0.0012104582
0.0012212725
0.0012317565
0.0012419005
0.001251724
0.0012612052
0.0012703687
0.0012791735
0.0012876535
0.0012957824
0.0013036015
0.0013110771
0.001318251
0.0013250866
0.0013316202
0.0013378119
0.0013436825
0.0013492341
0.001354453
0.0013593927
0.0013639646
0.0013683148
0.0013722341
0.0013760226
0.0013792715
0.0013825181
0.0013850616
0.0013878068
0.0013896217
0.0013919171
0.0013929731
0.0013948647
0.0013951263
0.0013966083
0.0013960146
0.001397071
0.0013828245
3.2649037e-06
1.3337006e-05
1.2298817e-05
9.3697268e-06
9.1087899e-06
1.1572806e-05
1.5901343e-05
2.1551456e-05
2.7872437e-05
3.452743e-05
4.1221876e-05
4.7808421e-05
5.4193358e-05
6.0319061e-05
6.6153834e-05
7.1679162e-05
7.6899075e-05
8.1801465e-05
8.63895e-05
9.0676242e-05
9.4672465e-05
9.8386217e-05
0.0001018315
0.00010501839
0.00010796209
0.00011067257
0.00011316825
0.00011545885
0.00011756228
0.00011949147
0.0001212589
0.00012288121
0.0001243693
0.00012573585
0.00012699486
0.00012815754
0.00012923454
0.00013024074
0.0001311872
0.00013208869
0.00013296115
0.00013382388
0.00013469962
0.00013561731
0.00013661285
0.00013773003
0.00013901918
0.00014054046
0.00014236231
0.00014455374
0.00014718394
0.00015031926
0.00015400408
0.00015829138
0.00016319564
0.00016870676
0.00017484912
0.0001816098
0.0001889772
0.00019691902
0.00020543721
0.00021451032
0.00022414395
0.00023431223
0.00024503358
0.00025627585
0.00026806591
0.00028037731
0.00029322768
0.00030658448
0.00032047549
0.0003348621
0.00034976943
0.00036515263
0.00038101679
0.00039735316
0.00041412988
0.00043134365
0.00044896125
0.00046696116
0.00048533199
0.00050402383
0.00052301543
0.0005422854
0.00056177117
0.00058144709
0.00060129222
0.00062124323
0.00064127028
0.00066135287
0.00068144486
0.00070150289
0.00072150927
0.00074144409
0.00076125379
0.00078092113
0.00080043394
0.00081977202
0.0008388939
0.00085779337
0.00087646299
0.00089489264
0.00091304692
0.00093092393
0.00094852117
0.00096583938
0.00098285367
0.00099955291
0.0010159406
0.0010320151
0.0010477814
0.0010632172
0.0010783192
0.0010930925
0.001107537
0.0011216558
0.0011354405
0.0011488772
0.0011619707
0.0011747312
0.0011871548
0.0011992472
0.0012109983
0.001222402
0.0012334488
0.0012441609
0.001254528
0.0012645704
0.0012742653
0.0012836389
0.0012926483
0.0013013296
0.0013096537
0.0013176653
0.0013253267
0.0013326844
0.0013396964
0.0013464057
0.0013527643
0.0013588028
0.0013645117
0.0013698909
0.0013749775
0.0013797026
0.0013841891
0.0013882549
0.0013921685
0.0013955584
0.0013989178
0.0014015979
0.0014044426
0.0014063908
0.0014087713
0.0014099592
0.0014119198
0.0014123142
0.0014138469
0.0014133894
0.0014144801
0.0014002952
3.309071e-06
1.2990755e-05
1.2357463e-05
9.4454782e-06
8.8535418e-06
1.0905687e-05
1.4938208e-05
2.0362342e-05
2.650143e-05
3.3007682e-05
3.9586731e-05
4.6078586e-05
5.2385764e-05
5.8447773e-05
6.4230576e-05
6.9713163e-05
7.4896924e-05
7.9774803e-05
8.4342294e-05
8.8613318e-05
9.2598319e-05
9.6304654e-05
9.9745906e-05
0.00010293174
0.00010587696
0.00010859128
0.00011109268
0.00011339084
0.0001155033
0.00011744275
0.00011922169
0.00012085636
0.00012235771
0.00012373819
0.00012501167
0.00012618926
0.00012728151
0.00012830305
0.00012926488
0.0001301815
0.0001310686
0.00013194513
0.00013283347
0.000133762
0.00013476602
0.00013588863
0.00013717954
0.00013869812
0.00014051217
0.00014269053
0.00014530201
0.00014841409
0.00015207072
0.00015632761
0.00016120026
0.00016667852
0.00017278919
0.00017952193
0.00018686535
0.00019478764
0.00020329107
0.00021235481
0.00022198473
0.00023215563
0.00024288573
0.0002541439
0.00026595669
0.00027829881
0.00029118784
0.00030459248
0.00031854054
0.00033299485
0.00034798064
0.00036345457
0.00037942218
0.00039587543
0.00041278352
0.00043014329
0.00044792256
0.00046609997
0.00048466401
0.00050356548
0.00052278245
0.0005422929
0.00056203425
0.00058197944
0.00060210638
0.0006223511
0.00064268219
0.00066307761
0.0006834903
0.00070387551
0.00072421396
0.00074448436
0.00076463272
0.00078464049
0.00080449435
0.00082417357
0.00084363627
0.00086287533
0.00088188268
0.00090064791
0.00091913555
0.00093734311
0.00095526777
0.00097291006
0.00099024523
0.0010072618
0.0010239631
0.0010403473
0.0010564194
0.0010721572
0.0010875572
0.0011026245
0.0011173588
0.0011317633
0.0011458295
0.0011595438
0.0011729104
0.0011859398
0.0011986278
0.0012109804
0.0012229872
0.0012346425
0.0012459362
0.001256891
0.0012674954
0.0012777711
0.0012876941
0.0012972919
0.0013065201
0.0013154168
0.0013239502
0.0013321682
0.0013400292
0.0013475845
0.0013547865
0.0013616851
0.001368224
0.0013744438
0.0013803229
0.0013858758
0.0013911219
0.0013960134
0.0014006482
0.0014048737
0.0014089236
0.0014124676
0.0014159507
0.0014187804
0.0014217346
0.0014238293
0.0014263036
0.001427637
0.001429674
0.0014302154
0.0014318047
0.0014314982
0.0014326277
0.0014185559
3.3635162e-06
1.2617557e-05
1.2424275e-05
9.5916065e-06
8.6739986e-06
1.0250039e-05
1.3933899e-05
1.9097595e-05
2.5036334e-05
3.1374675e-05
3.7826834e-05
4.4215117e-05
5.0437605e-05
5.6430482e-05
6.2157103e-05
6.7594107e-05
7.2738688e-05
7.7589994e-05
8.2136191e-05
8.6390744e-05
9.0364191e-05
9.4063082e-05
9.7500568e-05
0.00010068585
0.00010363329
0.00010635235
0.00010886048
0.00011116736
0.00011329007
0.00011524107
0.0001170329
0.00011868132
0.00012019738
0.00012159326
0.00012288267
0.00012407665
0.00012518561
0.00012622395
0.00012720258
0.00012813573
0.0001290388
0.00012993038
0.00013083245
0.00013177279
0.00013278609
0.00013391466
0.00013520751
0.0001367232
0.00013852878
0.00014069286
0.00014328383
0.00014637036
0.00014999585
0.00015421894
0.00015905619
0.00016449741
0.00017057193
0.00017727219
0.00018458705
0.0001924852
0.00020096923
0.00021001898
0.00021964052
0.00022980937
0.0002405435
0.00025181285
0.00026364355
0.00027601155
0.00028893438
0.00030238197
0.00031638219
0.00033089938
0.00034595893
0.00036151907
0.00037758586
0.00039415208
0.00041118807
0.00042869092
0.00044662956
0.00046498289
0.00048373939
0.00050285065
0.00052229409
0.0005420471
0.00056204717
0.00058226577
0.00060267962
0.00062322414
0.0006438662
0.00066458225
0.00068532407
0.00070604553
0.00072672578
0.00074734239
0.00076784045
0.00078820003
0.00080840657
0.00082843872
0.00084825424
0.00086784505
0.00088720239
0.00090631554
0.00092514903
0.00094369973
0.00096196445
0.00097994355
0.00099761242
0.0010149593
0.0010319872
0.0010486942
0.0010650851
0.0010811383
0.0010968498
0.0011122246
0.0011272622
0.001141966
0.0011563275
0.0011703331
0.0011839869
0.0011972991
0.0012102655
0.0012228925
0.0012351691
0.0012470903
0.0012586452
0.0012698569
0.0012807131
0.0012912364
0.0013014016
0.0013112379
0.0013206992
0.0013298256
0.0013385824
0.001347021
0.0013550957
0.0013628629
0.0013702685
0.0013773705
0.0013841033
0.0013905185
0.0013965811
0.0014023215
0.0014077402
0.0014128119
0.0014176075
0.0014220065
0.0014262048
0.0014299167
0.0014335347
0.0014365278
0.0014396019
0.0014418572
0.0014444347
0.001445928
0.0014480495
0.001448753
0.0014504053
0.0014502658
0.001451439
0.0014375387
3.4311214e-06
1.222905e-05
1.2497536e-05
9.8207197e-06
8.6042592e-06
9.6392617e-06
1.2904189e-05
1.7763507e-05
2.347896e-05
2.9627209e-05
3.5938901e-05
4.2213609e-05
4.8343719e-05
5.4261496e-05
5.9927367e-05
6.5315614e-05
7.0418584e-05
7.5240043e-05
7.9764671e-05
8.4002027e-05
8.7963652e-05
9.1655156e-05
9.5089248e-05
9.8274612e-05
0.00010122511
0.00010394993
0.00010646595
0.00010878285
0.0001109172
0.00011288119
0.00011468743
0.00011635115
0.00011788351
0.00011929637
0.00012060331
0.00012181528
0.00012294253
0.00012399924
0.0001249962
0.00012594734
0.00012686781
0.00012777576
0.00012869276
0.00012964598
0.00013066937
0.00013180446
0.00013309947
0.00013461205
0.00013640844
0.00013855698
0.0001411255
0.00014418398
0.00014777513
0.00015196073
0.00015675846
0.00016215802
0.00016819147
0.0001748542
0.00018213537
0.00019000416
0.00019846353
0.00020749397
0.00021710175
0.00022726313
0.00023799576
0.00024927068
0.00026111358
0.00027350162
0.00028645227
0.00029993677
0.00031398302
0.0003285569
0.00034368405
0.00035932433
0.0003754844
0.00039215791
0.00040931651
0.00042695756
0.00044505128
0.00046357691
0.00048252305
0.00050184206
0.00052151089
0.00054150636
0.00056176609
0.00058226008
0.00060296385
0.00062381213
0.00064477006
0.00066581249
0.00068688991
0.00070795482
0.00072898466
0.00074995569
0.00077081215
0.00079153265
0.0008121016
0.00083249683
0.0008526756
0.00087262881
0.00089234692
0.00091181889
0.00093100928
0.00094991435
0.0009685305
0.00098685784
0.001004872
0.001022561
0.0010399274
0.0010569692
0.0010736913
0.0010900721
0.0011061076
0.0011218024
0.0011371562
0.0011521722
0.0011668421
0.0011811523
0.0011951066
0.0012087151
0.0012219736
0.0012348886
0.001247449
0.00125965
0.0012714802
0.0012829629
0.001294085
0.0013048702
0.0013152919
0.0013253811
0.0013350897
0.0013444602
0.0013534547
0.0013621285
0.001370431
0.0013784244
0.0013860479
0.0013933677
0.0014003083
0.0014069333
0.0014131932
0.0014191356
0.0014247404
0.0014300066
0.0014349761
0.0014395629
0.0014439221
0.0014478163
0.0014515812
0.0014547523
0.0014579574
0.0014603883
0.0014630788
0.0014647476
0.0014669621
0.0014678438
0.0014695662
0.0014696106
0.001470833
0.0014571695
3.5141381e-06
1.1841746e-05
1.2574355e-05
1.0142822e-05
8.6829222e-06
9.123753e-06
1.1875218e-05
1.6372245e-05
2.18327e-05
2.776711e-05
3.392057e-05
4.0070135e-05
4.6099137e-05
5.1935124e-05
5.7535185e-05
6.2870851e-05
6.7930568e-05
7.2717648e-05
7.7220854e-05
8.1440304e-05
8.5389886e-05
8.9074148e-05
9.2505329e-05
9.569153e-05
9.8646074e-05
0.00010137785
0.00010390306
0.00010623146
0.00010837901
0.00011035758
0.00011217993
0.00011386064
0.00011541104
0.00011684262
0.00011816883
0.0001194005
0.00012054775
0.0001216245
0.00012264143
0.00012361216
0.00012455152
0.00012547726
0.00012641048
0.00012737766
0.00012841205
0.00012955424
0.00013085163
0.00013236088
0.0001341473
0.00013627893
0.00013882293
0.00014185066
0.00014540402
0.00014954811
0.00015430179
0.00015965464
0.00016564157
0.00017226114
0.0001795029
0.00018733649
0.00019576527
0.00020477037
0.00021435826
0.00022450596
0.00023523072
0.00024650474
0.00025835313
0.00027075436
0.00028372577
0.00029723996
0.0003113248
0.00032594784
0.00034113494
0.0003568477
0.00037309346
0.0003898668
0.00040714081
0.00042491322
0.00044315565
0.00046184787
0.00048097851
0.00050050101
0.00052039187
0.0005406274
0.00056114545
0.00058191451
0.00060290892
0.00062406273
0.00064533924
0.00066671167
0.00068812912
0.00070954262
0.00073092785
0.0007522596
0.00077348128
0.00079456998
0.0008155089
0.00083627503
0.00085682517
0.0008771492
0.000897237
0.0009170771
0.00093663396
0.00095590319
0.00097488079
0.00099356647
0.0010119363
0.0010299778
0.0010476936
0.0010650811
0.0010821453
0.0010988652
0.0011152362
0.0011312629
0.0011469447
0.0011622852
0.0011772757
0.0011919032
0.0012061706
0.0012200884
0.0012336523
0.0012468686
0.0012597261
0.0012722207
0.0012843399
0.0012961076
0.0013075097
0.0013185708
0.0013292632
0.0013396196
0.0013495899
0.001359219
0.0013684657
0.0013773891
0.0013859339
0.0013941682
0.001402024
0.0014095763
0.0014167391
0.0014235886
0.0014300601
0.0014362192
0.0014420241
0.0014474997
0.0014526568
0.0014574464
0.0014619798
0.0014660714
0.0014699956
0.0014733602
0.0014767079
0.0014793301
0.0014821443
0.0014840049
0.0014863215
0.0014873987
0.0014891986
0.0014894452
0.0014907227
0.0014773677
3.6146196e-06
1.1465636e-05
1.266053e-05
1.0563162e-05
8.9476243e-06
8.77607e-06
1.0890182e-05
1.4946202e-05
2.0103683e-05
2.58011e-05
3.1771151e-05
3.7781747e-05
4.3699428e-05
4.9445913e-05
5.4974411e-05
6.0253229e-05
6.5267709e-05
7.0016192e-05
7.4497096e-05
7.8698353e-05
8.2635702e-05
8.6312945e-05
8.9741805e-05
9.2929733e-05
9.5889451e-05
9.8629535e-05
0.00010116543
0.000103507
0.00010566948
0.0001076644
0.00010950473
0.00011120428
0.00011277464
0.00011422682
0.00011557421
0.00011682745
0.00011799653
0.00011909513
0.00012013377
0.00012112577
0.00012208565
0.00012303066
0.00012398145
0.00012496379
0.00012601009
0.00012716001
0.00012846002
0.00012996571
0.00013174133
0.00013385459
0.00013637184
0.00013936591
0.00014287771
0.00014697592
0.00015168058
0.00015698115
0.00016291558
0.00016948576
0.00017668172
0.00018447357
0.00019286512
0.0002018381
0.0002113992
0.00022152619
0.00023223587
0.00024350158
0.00025534782
0.00026775434
0.00028073833
0.0002942738
0.00030838851
0.00032305177
0.00033828969
0.0003540657
0.00037038782
0.00038725171
0.00040463199
0.00042252687
0.00044090952
0.00045976032
0.00047906811
0.00049878751
0.00051889465
0.00053936542
0.00056013801
0.00058117946
0.00060246286
0.00062392162
0.00064551714
0.00066722096
0.00068898068
0.00071074581
0.00073249011
0.00075418687
0.00077577863
0.00079724085
0.00081855543
0.00083969847
0.00086062635
0.00088132786
0.00090179226
0.00092200756
0.00094193822
0.0009615792
0.00098092619
0.00099997882
0.0010187131
0.0010371166
0.0010551912
0.0010729342
0.0010903506
0.0011074196
0.0011241367
0.0011405061
0.0011565271
0.0011722033
0.0011875261
0.0012024827
0.0012170755
0.0012313149
0.0012451966
0.0012587272
0.0012718949
0.0012846962
0.0012971179
0.0013091844
0.0013208802
0.0013322313
0.0013432084
0.0013538464
0.0013640928
0.0013739949
0.0013835083
0.001392696
0.0014014979
0.0014099878
0.0014180906
0.0014258904
0.0014332902
0.0014403793
0.0014470771
0.0014534682
0.0014594876
0.001465188
0.0014705469
0.0014755547
0.001480276
0.0014845809
0.0014886776
0.0014922518
0.0014957545
0.0014985846
0.0015015337
0.0015036033
0.001506032
0.0015073229
0.0015092084
0.0015096764
0.0015110155
0.0014980468
3.7388871e-06
1.1112955e-05
1.2753942e-05
1.1079788e-05
9.4252565e-06
8.6881672e-06
1.0021925e-05
1.3523596e-05
1.8308902e-05
2.3739886e-05
2.9492891e-05
3.5347339e-05
4.1141291e-05
4.6789063e-05
5.223923e-05
5.7456239e-05
6.2422787e-05
6.7129914e-05
7.1584873e-05
7.5768661e-05
7.9693568e-05
8.3364073e-05
8.6791298e-05
8.9981968e-05
9.2948136e-05
9.5698067e-05
9.8246296e-05
0.00010060289
0.00010278223
0.00010479548
0.00010665584
0.00010837628
0.0001099687
0.00011144355
0.00011281417
0.00011409099
0.0001152839
0.00011640626
0.00011746851
0.00011848358
0.00011946567
0.00012043155
0.00012140136
0.00012240008
0.0001234593
0.0001246176
0.00012592048
0.00012742233
0.00012918627
0.0001312796
0.0001337677
0.00013672496
0.00014019112
0.00014423868
0.00014888888
0.00015413103
0.00016000636
0.00016652026
0.00017366333
0.00018140617
0.00018975306
0.00019868636
0.00020821294
0.00021831134
0.00022899783
0.00024024689
0.00025208237
0.00026448524
0.00027747253
0.00029101966
0.00030515427
0.00031984741
0.00033512554
0.00035095393
0.00036734137
0.00038428468
0.00040176014
0.00041976652
0.00043827871
0.00045727782
0.00047675304
0.00049666033
0.00051697551
0.00053767421
0.00055869507
0.00058000369
0.00060157197
0.00062333266
0.00064524524
0.00066727948
0.00068938143
0.00071149899
0.00073360391
0.00075566789
0.0007776325
0.00079947156
0.00082116556
0.00084268965
0.0008639998
0.00088508367
0.00090592978
0.00092652568
0.00094683587
0.00096685464
0.00098657736
0.0010060034
0.0010251091
0.0010438815
0.0010623224
0.0010804289
0.0010982062
0.0011156336
0.0011327062
0.0011494282
0.0011657985
0.0011818208
0.0011974867
0.0012127835
0.0012277132
0.0012422859
0.0012564974
0.0012703546
0.0012838451
0.001296966
0.0013097034
0.001322082
0.0013340851
0.00134574
0.0013570158
0.0013679495
0.0013784862
0.001388676
0.0013984705
0.0014079374
0.0014170111
0.0014257718
0.0014341364
0.0014421989
0.0014498507
0.001457195
0.0014641339
0.0014707727
0.0014770216
0.0014829627
0.0014885381
0.0014937803
0.0014987038
0.0015032383
0.0015075214
0.001511322
0.0015149926
0.0015180481
0.0015211439
0.0015234409
0.0015259919
0.0015275158
0.0015294958
0.0015302056
0.0015316134
0.0015191139
3.8939514e-06
1.0800426e-05
1.2848581e-05
1.1677838e-05
1.012338e-05
8.9495486e-06
9.3927143e-06
1.2170422e-05
1.6483119e-05
2.1599705e-05
2.709587e-05
3.2769163e-05
3.8423584e-05
4.3961153e-05
4.9324684e-05
5.4473871e-05
5.9388202e-05
6.4053427e-05
6.8475505e-05
7.2643553e-05
7.6555711e-05
8.0219777e-05
8.3646113e-05
8.6840649e-05
8.9814676e-05
9.2576159e-05
9.5138561e-05
9.7512239e-05
9.9710584e-05
0.00010174433
0.00010362699
0.00010537054
0.00010698732
0.00010848708
0.00010988317
0.00011118576
0.00011240461
0.00011355283
0.00011464068
0.00011568073
0.00011668685
0.00011767528
0.00011866562
0.00011968205
0.00012075522
0.0001219226
0.0001232286
0.00012472635
0.00012647765
0.00012854935
0.00013100573
0.00013392275
0.00013733885
0.00014133057
0.00014592032
0.00015109731
0.00015690627
0.00016335625
0.00017043859
0.00017812432
0.00018641832
0.0001953035
0.00020478697
0.000214848
0.0002255023
0.00023672542
0.00024854052
0.00026092976
0.00027390995
0.00028745796
0.0003016012
0.00031631254
0.00033161877
0.00034748708
0.00036392707
0.00038093684
0.00039849439
0.00041659923
0.00043522806
0.00045436289
0.0004739934
0.00049407707
0.00051458953
0.00053550626
0.00055676652
0.00057833451
0.00060018097
0.00062223804
0.00064446323
0.0006668245
0.00068926629
0.00071173478
0.0007341996
0.00075663082
0.00077896899
0.00080118612
0.00082326131
0.00084516865
0.00086686372
0.00088833298
0.00090956416
0.00093054436
0.00095123814
0.00097163911
0.0009917423
0.0010115468
0.0010310292
0.0010501763
0.0010689896
0.0010874662
0.001105611
0.0011234038
0.0011408394
0.0011579219
0.0011746502
0.0011910281
0.001207047
0.0012226943
0.0012379716
0.0012528886
0.0012674414
0.0012816369
0.0012954623
0.0013089153
0.001321981
0.0013346847
0.0013470085
0.0013589808
0.0013705691
0.0013818124
0.0013926537
0.0014031456
0.0014132359
0.0014229968
0.0014323571
0.0014414038
0.0014500454
0.0014583861
0.001466305
0.0014739203
0.0014811157
0.0014880183
0.0014945119
0.0015007102
0.0015065171
0.0015120105
0.001517151
0.0015219323
0.001526416
0.0015304607
0.0015343128
0.0015376119
0.0015408669
0.0015434103
0.0015460949
0.0015478721
0.0015499559
0.0015509292
0.0015524132
0.00154047
4.0878411e-06
1.0551812e-05
1.2941171e-05
1.2331187e-05
1.1019833e-05
9.619808e-06
9.1771787e-06
1.1001108e-05
1.4692344e-05
1.9404236e-05
2.4606973e-05
3.0055523e-05
3.5549183e-05
4.0961432e-05
4.6227611e-05
5.1301311e-05
5.6158074e-05
6.0779618e-05
6.51638e-05
6.9313988e-05
7.3214325e-05
7.687219e-05
8.0298383e-05
8.3497968e-05
8.6481361e-05
8.9256252e-05
9.1834838e-05
9.422785e-05
9.6447529e-05
9.8504153e-05
0.00010041158
0.00010218068
0.00010382431
0.00010535142
0.0001067754
0.00010810609
0.00010935318
0.00011052947
0.00011164507
0.00011271215
0.00011374421
0.00011475697
0.00011576946
0.00011680496
0.00011789318
0.00011907037
0.00012037975
0.00012187309
0.00012361074
0.00012565901
0.00012808086
0.00013095397
0.00013431518
0.0001382454
0.00014276814
0.00014787251
0.00015360712
0.00015998472
0.00016699761
0.00017461725
0.00018284921
0.00019167694
0.00020110777
0.00021112171
0.00022173387
0.00023292079
0.0002447049
0.00025706948
0.00027003109
0.00028356803
0.00029770737
0.00031242386
0.00032774464
0.00034363885
0.00036011692
0.00037717833
0.00039480293
0.00041299106
0.00043172143
0.00045097703
0.00047074824
0.00049099426
0.00051169063
0.00053281284
0.00055430093
0.00057611782
0.00059823311
0.00062057838
0.00064310915
0.00066579155
0.00068856832
0.00071138388
0.00073420559
0.00075700184
0.0007797121
0.00080230643
0.00082476251
0.00084705334
0.00086913408
0.00089098988
0.0009126077
0.00093397417
0.00095505391
0.00097583986
0.00099632667
0.0010165132
0.0010363762
0.0010559023
0.0010750928
0.0010939446
0.0011124625
0.0011306266
0.0011484316
0.0011658813
0.0011829749
0.0011997159
0.0012160957
0.0012321019
0.0012477357
0.0012630071
0.0012779117
0.0012924567
0.0013066286
0.0013204257
0.0013338318
0.0013468733
0.0013595308
0.0013718338
0.0013837481
0.0013953148
0.0014064747
0.0014172833
0.0014276839
0.0014377536
0.0014474154
0.0014567633
0.0014656971
0.0014743316
0.0014825332
0.0014904354
0.001497903
0.0015050858
0.0015118398
0.001518312
0.0015243661
0.0015301279
0.0015355006
0.0015405464
0.0015452456
0.0015495527
0.0015536004
0.0015571623
0.0015605896
0.0015633996
0.0015662293
0.0015682812
0.0015704787
0.0015717382
0.0015733067
0.0015620098
4.3302161e-06
1.0397832e-05
1.303584e-05
1.3005172e-05
1.2062553e-05
1.0687011e-05
9.5581409e-06
1.0212216e-05
1.3052592e-05
1.7216567e-05
2.2064226e-05
2.7226642e-05
3.252836e-05
3.7794157e-05
4.2948327e-05
4.7936201e-05
5.2728205e-05
5.7301018e-05
6.1647983e-05
6.5770132e-05
6.9661966e-05
7.331366e-05
7.6740329e-05
7.9946119e-05
8.2940415e-05
8.5730669e-05
8.8327592e-05
9.0742349e-05
9.2985873e-05
9.5067967e-05
9.7002821e-05
9.8800095e-05
0.00010047327
0.00010203036
0.00010348484
0.00010484615
0.00010612392
0.00010733066
0.00010847627
0.00010957252
0.00011063257
0.00011167152
0.00011270783
0.00011376385
0.00011486828
0.00011605602
0.00011736906
0.00011885765
0.00012058055
0.00012260345
0.00012498777
0.00012781297
0.00013111405
0.0001349766
0.00013942512
0.00014444865
0.00015010009
0.00015639598
0.00016332976
0.00017087348
0.00017903307
0.00018779305
0.00019716087
0.00020711692
0.00021767592
0.00022881532
0.00024055689
0.00025288473
0.00026581517
0.00027932792
0.00029344964
0.00030815692
0.00032347728
0.00033938182
0.00035588183
0.00037297829
0.00039065292
0.00040890713
0.00042772168
0.00044708076
0.00046697562
0.00048736737
0.00050823162
0.00052954404
0.00055124566
0.00057329821
0.00059567025
0.00061829282
0.00064111951
0.00066411456
0.00068721895
0.00071037525
0.00073354848
0.00075670526
0.00077978392
0.00080275244
0.0008255871
0.00084825961
0.00087072483
0.00089296646
0.00091497069
0.00093672365
0.00095819004
0.00097936211
0.0010002341
0.0010208046
0.0010410507
0.0010609588
0.0010805299
0.0010997608
0.0011186562
0.0011371963
0.0011553758
0.0011731986
0.0011906635
0.0012077743
0.001224522
0.0012408947
0.001256893
0.0012725271
0.0012877923
0.0013026959
0.001317224
0.0013313755
0.0013451338
0.0013585252
0.0013715289
0.0013841757
0.0013964292
0.001408333
0.0014198254
0.0014309648
0.0014416902
0.0014520835
0.0014620617
0.0014717261
0.0014809674
0.0014899114
0.0014984112
0.0015066167
0.0015143724
0.001521852
0.0015288824
0.0015356457
0.001541963
0.0015480107
0.0015536315
0.00155896
0.00156389
0.0015684785
0.0015727365
0.001576581
0.0015801944
0.0015832919
0.001586279
0.0015886279
0.0015909498
0.0015925193
0.001594181
0.0015836217
4.6314503e-06
1.0357454e-05
1.3148687e-05
1.3662716e-05
1.3179943e-05
1.2053902e-05
1.0612645e-05
1.0098922e-05
1.176872e-05
1.516339e-05
1.9518816e-05
2.4339565e-05
2.9385176e-05
3.4472927e-05
3.9493708e-05
4.4380913e-05
4.9097867e-05
5.3614791e-05
5.7922581e-05
6.2010223e-05
6.588988e-05
6.953735e-05
7.2964771e-05
7.6177728e-05
7.9184359e-05
8.1991927e-05
8.4609413e-05
8.7048416e-05
8.9318426e-05
9.1428751e-05
9.3393874e-05
9.5222095e-05
9.6927708e-05
9.8517563e-05
0.00010000533
0.00010139994
0.00010271097
0.00010395065
0.00010512868
0.00010625637
0.00010734651
0.00010841361
0.00010947549
0.00011055354
0.00011167535
0.00011287444
0.00011419141
0.00011567489
0.00011738187
0.00011937732
0.00012172087
0.00012449385
0.00012772911
0.00013151725
0.00013588363
0.0001408172
0.00014637577
0.00015257982
0.00015942353
0.00016688032
0.00017495627
0.00018363705
0.00019293023
0.00020281662
0.00021331056
0.00022439023
0.00023607629
0.00024835431
0.00026123997
0.00027471431
0.00028880348
0.00030348593
0.00031878952
0.00033468737
0.00035119153
0.00036830471
0.00038601047
0.00040431147
0.00042319067
0.00044263356
0.00046263253
0.00048315081
0.00050416426
0.00052564886
0.00054754689
0.00056981906
0.00059243296
0.00061531918
0.0006384294
0.00066172594
0.00068514802
0.00070863625
0.00073215321
0.00075566368
0.00077910483
0.00080244236
0.00082565118
0.00084870157
0.00087154811
0.00089417299
0.00091656158
0.0009386995
0.00096055156
0.00098210927
0.0010033665
0.0010243215
0.0010449518
0.0010652434
0.0010851972
0.0011048098
0.0011240856
0.0011430055
0.0011615637
0.0011797641
0.0011976055
0.0012150917
0.0012322136
0.0012489594
0.0012653294
0.0012813338
0.0012969677
0.0013122385
0.0013271317
0.0013416472
0.0013557674
0.0013695189
0.0013828794
0.001395881
0.0014084861
0.00142074
0.0014325785
0.0014440629
0.0014551276
0.0014658589
0.0014761683
0.0014861645
0.0014957286
0.001504998
0.0015138117
0.0015223368
0.0015303965
0.00153819
0.0015455129
0.0015525847
0.0015591814
0.0015655332
0.0015714183
0.0015770482
0.0015822249
0.0015871143
0.0015915979
0.0015957455
0.0015995591
0.001602966
0.0016061233
0.0016087926
0.0016112499
0.0016131545
0.0016149188
0.0016051876
5.0014901e-06
1.0454252e-05
1.3299676e-05
1.4275691e-05
1.4286536e-05
1.3568026e-05
1.2232837e-05
1.0933903e-05
1.1170967e-05
1.3470778e-05
1.7105566e-05
2.1472635e-05
2.6175998e-05
3.1028994e-05
3.5883014e-05
4.0646802e-05
4.5272991e-05
4.9723045e-05
5.3983984e-05
5.8037978e-05
6.1890787e-05
6.5538192e-05
6.8966025e-05
7.2186616e-05
7.5206667e-05
7.8033295e-05
8.0673512e-05
8.3139215e-05
8.5438368e-05
8.7579787e-05
8.957812e-05
9.1440173e-05
9.3181236e-05
9.480679e-05
9.6330774e-05
9.7761464e-05
9.9108477e-05
0.00010038371
0.00010159664
0.00010275811
0.00010388055
0.0001049778
0.00010606706
0.00010716867
0.00010830909
0.00010952032
0.00011084148
0.00011231946
0.00011400924
0.00011597503
0.00011827435
0.00012099046
0.00012415372
0.00012786014
0.00013213565
0.00013696917
0.00014242417
0.00014852484
0.00015526684
0.00016262419
0.00017060399
0.00017919289
0.00018839863
0.0001982024
0.00020861818
0.00021962466
0.00023124173
0.00024345554
0.0002562815
0.00026970223
0.00028374278
0.00029838356
0.00031365273
0.00032952544
0.00034601446
0.00036312433
0.00038084043
0.00039916697
0.00041808911
0.00043759387
0.00045767495
0.00047829795
0.00049943921
0.00052107518
0.00054314967
0.00056562256
0.00058846056
0.00061159394
0.00063497252
0.00065855669
0.00068228388
0.00070609271
0.00072994316
0.00075379812
0.00077759359
0.00080129274
0.00082486923
0.00084829166
0.00087151444
0.00089451811
0.00091728723
0.00093980687
0.00096204193
0.0009839832
0.0010056241
0.0010269627
0.0010479767
0.0010686522
0.0010889894
0.001108985
0.0011286432
0.0011479453
0.0011668853
0.0011854669
0.001203689
0.0012215552
0.0012390566
0.0012561815
0.0012729296
0.0012893111
0.0013053209
0.0013209669
0.0013362337
0.001351122
0.0013656133
0.0013797346
0.0013934622
0.0014068293
0.0014197968
0.0014324121
0.0014446081
0.0014564494
0.001467866
0.0014789496
0.0014896047
0.0014999479
0.0015098501
0.0015194608
0.0015286038
0.0015374649
0.0015458449
0.0015539694
0.0015616012
0.0015689992
0.0015758919
0.0015825661
0.0015887319
0.0015946823
0.001600122
0.0016053324
0.0016100573
0.0016145291
0.0016185577
0.0016222965
0.0016256373
0.0016286512
0.0016312558
0.0016335213
0.0016353981
0.0016265824
5.4481931e-06
1.0694662e-05
1.3499636e-05
1.4866248e-05
1.5312812e-05
1.5074781e-05
1.4138376e-05
1.2674668e-05
1.1683226e-05
1.2519223e-05
1.5090447e-05
1.8760171e-05
2.3024702e-05
2.7527315e-05
3.2159175e-05
3.676232e-05
4.1272179e-05
4.5637516e-05
4.9839334e-05
5.3853915e-05
5.7676596e-05
6.1308313e-05
6.4741539e-05
6.7969181e-05
7.1002942e-05
7.3849804e-05
7.6514598e-05
7.9009157e-05
8.1339919e-05
8.3515244e-05
8.5549693e-05
8.7448442e-05
8.9227999e-05
9.0892227e-05
9.2455423e-05
9.3925049e-05
9.5310803e-05
9.6624265e-05
9.7874631e-05
9.9072263e-05
0.00010022922
0.00010135865
0.00010247711
0.00010360382
0.00010476408
0.00010598823
0.00010731382
0.00010878586
0.00011045711
0.00011239088
0.00011464226
0.0001172965
0.00012038108
0.0001239978
0.00012817288
0.00013289515
0.00013823478
0.00014421945
0.00015084648
0.00015809053
0.00016596027
0.00017444323
0.00018354736
0.00019325428
0.0002035775
0.00021449619
0.00022602938
0.00023816369
0.00025091451
0.00026426464
0.00027823956
0.00029282071
0.00030803657
0.00032386438
0.00034031747
0.00035740245
0.00037510635
0.00039343528
0.00041237653
0.00043191892
0.0004520577
0.00047276106
0.00049400604
0.0005157698
0.00053799791
0.00056064972
0.00058369116
0.00060705232
0.00063068128
0.00065453647
0.00067855351
0.00070266901
0.00072684025
0.00075102809
0.00077516743
0.00079921864
0.00082315419
0.00084694084
0.00087053286
0.00089390898
0.00091705305
0.00093994944
0.00096256322
0.00098488439
0.001006906
0.0010286258
0.0010500218
0.0010710799
0.0010918001
0.0011121788
0.0011322203
0.0011519059
0.0011712296
0.0011901949
0.0012088008
0.0012270511
0.0012449364
0.0012624454
0.001279577
0.0012963418
0.0013127343
0.0013287626
0.0013444109
0.0013596803
0.0013745514
0.0013890518
0.001403156
0.001416899
0.0014302394
0.0014432268
0.0014557916
0.0014680016
0.001479782
0.0014912302
0.0015022434
0.0015129464
0.0015231998
0.0015331663
0.0015426543
0.0015518677
0.001560584
0.0015690567
0.0015770139
0.0015847559
0.0015919612
0.0015989766
0.0016054399
0.0016117303
0.0016174494
0.0016230014
0.0016279836
0.0016328015
0.0016370601
0.0016411541
0.0016446924
0.001648076
0.00165084
0.0016534933
0.001655493
0.0016476745
5.9763975e-06
1.10751e-05
1.3798909e-05
1.5426565e-05
1.6269171e-05
1.6462127e-05
1.6039071e-05
1.4936016e-05
1.3440348e-05
1.2803906e-05
1.3916416e-05
1.652498e-05
2.0085739e-05
2.4136533e-05
2.8411282e-05
3.2788966e-05
3.7138305e-05
4.1388344e-05
4.550996e-05
4.9470126e-05
5.3257036e-05
5.6862256e-05
6.0289332e-05
6.3526874e-05
6.6573016e-05
6.9440038e-05
7.2130437e-05
7.4655238e-05
7.7019495e-05
7.9231191e-05
8.1304369e-05
8.3242433e-05
8.5063362e-05
8.6769111e-05
8.8374442e-05
8.9885777e-05
9.1312978e-05
9.2667286e-05
9.3957583e-05
9.5193707e-05
9.6387359e-05
9.7550951e-05
9.8700384e-05
9.9853696e-05
0.00010103497
0.0001022728
0.000103603
0.0001050686
0.00010671988
0.00010861914
0.00011081865
0.00011340567
0.00011640435
0.00011992275
0.00012398686
0.00012858606
0.0001337959
0.00013965205
0.00014614846
0.00015326386
0.00016100799
0.00016936935
0.00017835617
0.00018795053
0.00019816542
0.00020898042
0.00022041363
0.00023245197
0.00024511069
0.00025837311
0.00027226397
0.00028676597
0.00030190874
0.00031767065
0.00033406567
0.00035110269
0.00036877019
0.00038707656
0.00040601109
0.00042556471
0.0004457344
0.00046649121
0.00048781318
0.00050967836
0.00053203437
0.00055484037
0.00057806167
0.00060162833
0.0006254868
0.00064959358
0.0006738825
0.00069828814
0.00072276497
0.00074727166
0.00077174217
0.00079613367
0.0008204176
0.00084455862
0.00086851099
0.00089225144
0.00091576311
0.00093902965
0.00096201626
0.00098471216
0.00100711
0.0010292071
0.0010509821
0.0010724204
0.0010935218
0.0011142827
0.001134707
0.0011547765
0.0011744848
0.0011938355
0.0012128274
0.0012314646
0.0012497375
0.0012676348
0.0012851548
0.0013023081
0.0013190893
0.0013355066
0.0013515436
0.0013672017
0.0013824608
0.0013973489
0.0014118392
0.0014259676
0.001439691
0.0014530611
0.0014660055
0.0014785957
0.0014907517
0.0015025764
0.0015139598
0.0015250354
0.0015356529
0.0015459886
0.0015558347
0.0015654144
0.0015744806
0.0015833166
0.001591615
0.0015997186
0.0016072534
0.0016146288
0.0016214066
0.0016280566
0.0016340718
0.0016399863
0.0016452423
0.0016504286
0.0016549327
0.0016594058
0.0016631558
0.001666935
0.0016698711
0.0016729398
0.0016750736
0.0016683253
6.5889119e-06
1.157995e-05
1.4224503e-05
1.6001136e-05
1.7134425e-05
1.772315e-05
1.7760938e-05
1.7213028e-05
1.5983698e-05
1.4576742e-05
1.416034e-05
1.5293957e-05
1.7757413e-05
2.106948e-05
2.4856823e-05
2.8853062e-05
3.2961394e-05
3.7041151e-05
4.1044616e-05
4.4923352e-05
4.8653756e-05
5.2226665e-05
5.5628551e-05
5.886571e-05
6.1924723e-05
6.4809325e-05
6.7524601e-05
7.0079389e-05
7.2477739e-05
7.4727376e-05
7.6841108e-05
7.882044e-05
8.0685091e-05
8.2434766e-05
8.4084812e-05
8.5640314e-05
8.7111404e-05
8.8508947e-05
8.9841452e-05
9.1118196e-05
9.2350535e-05
9.3550101e-05
9.473212e-05
9.5913394e-05
9.7116734e-05
9.8368889e-05
9.9703801e-05
0.0001011624
0.00010279215
0.00010465428
0.00010679776
0.00010931185
0.00011221688
0.0001156277
0.00011956927
0.00012403154
0.00012909719
0.00013480982
0.00014115836
0.00014812789
0.00015572897
0.00016395124
0.00017280325
0.00018226764
0.00019235685
0.0002030508
0.00021436655
0.0002262912
0.00023883972
0.00025199583
0.00026578334
0.00028018663
0.00029523422
0.00031090847
0.00032722207
0.00034418672
0.00036179208
0.00038004928
0.00039894938
0.00041848573
0.00043865732
0.0004594382
0.00048080778
0.00050274528
0.00052520061
0.00054813315
0.00057150775
0.00059525467
0.0006193189
0.000643655
0.00066819509
0.0006928717
0.0007176364
0.00074244551
0.00076723218
0.00079195002
0.00081656958
0.00084105319
0.00086535514
0.00088945
0.00091332025
0.0009369487
0.00096030073
0.0009833647
0.0010061329
0.0010286023
0.0010507517
0.0010725666
0.0010940464
0.0011151873
0.0011359929
0.0011564456
0.0011765385
0.001196275
0.0012156543
0.0012346804
0.0012533438
0.0012716329
0.0012895453
0.0013070918
0.0013242668
0.0013410792
0.0013575114
0.0013735654
0.0013892201
0.0014045042
0.0014193892
0.0014339123
0.0014480284
0.0014617914
0.001475126
0.0014881073
0.0015006502
0.0015128631
0.0015246289
0.0015360895
0.0015470837
0.0015578018
0.001568019
0.0015779788
0.0015874086
0.0015966225
0.001605276
0.0016137567
0.0016216348
0.0016293864
0.0016364935
0.0016435228
0.0016498509
0.001656149
0.0016616954
0.0016672731
0.0016720383
0.0016769147
0.001680891
0.0016850924
0.0016882139
0.0016917265
0.0016940057
0.00168839
7.2867049e-06
1.2188175e-05
1.4798851e-05
1.6634621e-05
1.7952115e-05
1.8837687e-05
1.9288872e-05
1.9236211e-05
1.859449e-05
1.7346208e-05
1.6070648e-05
1.570577e-05
1.6669022e-05
1.8823453e-05
2.1793654e-05
2.5251632e-05
2.8923424e-05
3.2730631e-05
3.6545068e-05
4.0291335e-05
4.3926753e-05
4.7440188e-05
5.0806789e-05
5.4017959e-05
5.7074706e-05
5.9975472e-05
6.2711359e-05
6.5292622e-05
6.7723074e-05
7.0010294e-05
7.2164714e-05
7.4185839e-05
7.6095375e-05
7.7890365e-05
7.9586881e-05
8.1188255e-05
8.2705042e-05
8.414765e-05
8.5524132e-05
8.6843164e-05
8.8115764e-05
8.935274e-05
9.0568623e-05
9.1778923e-05
9.3005129e-05
9.4272049e-05
9.5611587e-05
9.7062459e-05
9.8669013e-05
0.00010049123
0.00010257433
0.00010500946
0.00010781259
0.00011110593
0.00011491225
0.00011922103
0.00012412954
0.0001296797
0.00013586155
0.00014266582
0.00015010422
0.0001581677
0.0001668653
0.00017618033
0.00018612464
0.00019667849
0.00020785776
0.00021964961
0.00023206855
0.0002450986
0.0002587624
0.00027304578
0.00028797667
0.00030353957
0.00031974696
0.0003366139
0.00035412999
0.00037230993
0.00039114613
0.00041063476
0.00043077711
0.00045155034
0.00047293561
0.00049491366
0.00051743687
0.00054046539
0.00056396377
0.00058786275
0.00061210604
0.00063664635
0.00066141411
0.00068633988
0.0007113722
0.00073646486
0.00076155043
0.00078657849
0.00081151889
0.00083633138
0.0008609703
0.00088540792
0.0009096261
0.00093360664
0.00095731521
0.00098073915
0.0010038704
0.0010267056
0.001049224
0.0010714107
0.0010932647
0.0011147823
0.001135967
0.0011568011
0.0011772775
0.0011973997
0.0012171667
0.0012365829
0.0012556387
0.0012743223
0.0012926306
0.0013105741
0.0013281476
0.0013453603
0.0013621937
0.0013786502
0.0013947076
0.0014103953
0.0014256833
0.00144061
0.0014551281
0.0014692937
0.0014830285
0.0014964116
0.0015093525
0.001521965
0.0015341247
0.0015459828
0.001557366
0.0015684793
0.0015790805
0.0015894341
0.001599241
0.0016088474
0.0016178697
0.0016267425
0.0016349782
0.0016431222
0.0016505731
0.0016579986
0.0016646535
0.0016713536
0.0016772041
0.001683194
0.0016882361
0.0016935407
0.0016977581
0.0017024088
0.0017057294
0.0017097149
0.0017121514
0.0017077192
8.0739968e-06
1.2885831e-05
1.552725e-05
1.7363659e-05
1.8776104e-05
1.9855596e-05
2.0611412e-05
2.0983627e-05
2.0857905e-05
2.0209948e-05
1.9049263e-05
1.7903494e-05
1.7467398e-05
1.8131278e-05
1.9855094e-05
2.2380768e-05
2.5440738e-05
2.8724049e-05
3.2215294e-05
3.5730924e-05
3.9197428e-05
4.2599706e-05
4.5890915e-05
4.9057275e-05
5.2081718e-05
5.4969785e-05
5.7724412e-05
6.0322336e-05
6.2777929e-05
6.5098539e-05
6.7290393e-05
6.935103e-05
7.1304244e-05
7.3143897e-05
7.4886942e-05
7.6534368e-05
7.809738e-05
7.9585756e-05
8.1006967e-05
8.2369041e-05
8.3682665e-05
8.4957763e-05
8.620815e-05
8.7447978e-05
8.8697366e-05
8.9979098e-05
9.1322851e-05
9.2765051e-05
9.4346521e-05
9.6125901e-05
9.8144076e-05
0.00010049392
0.00010318642
0.00010635187
0.00011000944
0.00011414597
0.00011888338
0.00012424971
0.00013024371
0.0001368608
0.00014411429
0.00015199671
0.0001605178
0.00016966168
0.00017943965
0.00018983232
0.00020085427
0.00021249258
0.00022476113
0.00023764413
0.00025116272
0.00026530401
0.00028009503
0.00029552251
0.00031159907
0.00032834039
0.00034573926
0.00036381258
0.00038255382
0.00040196255
0.00042204263
0.0004427742
0.00046414077
0.00048612505
0.00050868193
0.00053177297
0.00055536269
0.00057938255
0.00060377528
0.00062849179
0.00065346095
0.00067861139
0.00070388855
0.00072924345
0.00075460837
0.0007799284
0.00080517281
0.00083029859
0.00085526008
0.00088002713
0.000904581
0.0009289023
0.00095295712
0.0009767316
0.0010002175
0.0010234108
0.0010462914
0.0010688439
0.0010910671
0.0011129571
0.0011345173
0.0011557304
0.0011765884
0.0011970949
0.0012172491
0.0012370558
0.0012565053
0.0012755856
0.0012942922
0.0013126361
0.001330612
0.0013482295
0.0013654696
0.0013823346
0.0013988013
0.0014148997
0.0014305984
0.001445937
0.0014608659
0.0014754435
0.0014895882
0.0015033835
0.0015167329
0.0015297562
0.0015423213
0.0015545887
0.001566373
0.0015778941
0.001588892
0.0015996529
0.0016098501
0.0016198631
0.0016292678
0.0016385481
0.0016471554
0.0016557078
0.0016635166
0.0016713554
0.0016783512
0.0016854717
0.0016916402
0.0016980626
0.0017033944
0.0017091489
0.0017136191
0.0017187434
0.0017222749
0.0017267628
0.0017293687
0.0017261594
8.9517553e-06
1.3668277e-05
1.6398843e-05
1.8210783e-05
1.9651238e-05
2.0839602e-05
2.1794691e-05
2.245081e-05
2.2753657e-05
2.2630631e-05
2.2068371e-05
2.1073374e-05
2.0053923e-05
1.9527897e-05
1.9817645e-05
2.1024935e-05
2.304341e-05
2.5570799e-05
2.8452387e-05
3.1545791e-05
3.4702457e-05
3.7894565e-05
4.1033143e-05
4.4095813e-05
4.70517e-05
4.9900022e-05
5.2615261e-05
5.5225249e-05
5.7689672e-05
6.0032097e-05
6.225162e-05
6.4344182e-05
6.6335362e-05
6.8215145e-05
7.0001537e-05
7.1692314e-05
7.3299665e-05
7.4832395e-05
7.6297195e-05
7.7701393e-05
7.9055323e-05
8.036795e-05
8.1652329e-05
8.2921192e-05
8.4193213e-05
8.5489101e-05
8.6836083e-05
8.8268236e-05
8.9822427e-05
9.1555816e-05
9.3504367e-05
9.5762303e-05
9.8335067e-05
0.00010136187
0.00010485392
0.00010880173
0.00011335019
0.00011850941
0.00012429169
0.00013069676
0.00013774001
0.00014541599
0.00015373542
0.00016268349
0.00017227097
0.00018247893
0.0001933205
0.00020478259
0.00021687822
0.0002295917
0.00024294235
0.00025691826
0.00027154534
0.0002868124
0.00030273176
0.00031931996
0.0003365733
0.00035450784
0.00037312224
0.00039241741
0.00041240049
0.00043305433
0.00045436546
0.0004763192
0.00049887289
0.00052199015
0.00054563585
0.00056974247
0.00059425205
0.00061911389
0.00064425537
0.0006696033
0.00069509998
0.00072069339
0.00074631585
0.00077190747
0.00079743703
0.00082285868
0.00084812657
0.00087320812
0.0008980839
0.00092273315
0.00094712259
0.00097123688
0.00099506758
0.0010186103
0.0010418452
0.0010647566
0.0010873427
0.0011096
0.0011315314
0.0011531198
0.0011743569
0.0011952457
0.0012157858
0.0012359825
0.0012558263
0.0012753045
0.0012944116
0.0013131583
0.0013315398
0.0013495662
0.0013672179
0.0013844968
0.0014013788
0.0014178944
0.0014340111
0.0014497694
0.0014651176
0.0014801161
0.00149468
0.0015088972
0.0015226656
0.0015361103
0.0015490918
0.0015617802
0.0015739774
0.0015859185
0.0015973253
0.001608507
0.0016191075
0.0016295411
0.0016393416
0.0016490442
0.001658037
0.001667014
0.0016751945
0.0016834638
0.0016908145
0.0016983741
0.0017048743
0.0017117494
0.0017173837
0.0017236102
0.0017283452
0.0017339675
0.001737721
0.0017427374
0.0017455226
0.0017435699
9.9119958e-06
1.4545629e-05
1.7391985e-05
1.9173981e-05
2.0607545e-05
2.185405e-05
2.2900389e-05
2.3718534e-05
2.4298751e-05
2.4602586e-05
2.4514582e-05
2.4144525e-05
2.3356249e-05
2.2521504e-05
2.1894152e-05
2.1859598e-05
2.2577199e-05
2.3953084e-05
2.5912459e-05
2.8319504e-05
3.0875433e-05
3.3678407e-05
3.6518555e-05
3.9366355e-05
4.2166257e-05
4.4906821e-05
4.7551705e-05
5.0100523e-05
5.2543561e-05
5.488828e-05
5.7113472e-05
5.9220598e-05
6.1235722e-05
6.3143983e-05
6.4964567e-05
6.6690729e-05
6.8336176e-05
6.9908024e-05
7.1411893e-05
7.2854331e-05
7.424525e-05
7.5592539e-05
7.6908408e-05
7.8204088e-05
7.9496712e-05
8.0804875e-05
8.2153092e-05
8.3573074e-05
8.5097246e-05
8.6781119e-05
8.8655157e-05
9.08143e-05
9.3257969e-05
9.6137734e-05
9.944046e-05
0.00010318772
0.00010752378
0.00011245105
0.00011799475
0.00012415954
0.0001309636
0.00013840404
0.00014649294
0.00015521694
0.00016458644
0.00017458306
0.00018521845
0.00019647921
0.00020837728
0.00022089699
0.00023405549
0.0002478415
0.00026227954
0.00027736029
0.00029309538
0.00030950207
0.00032657972
0.00034434409
0.0003627986
0.00038194554
0.00040179402
0.00042233276
0.00044355062
0.00046543366
0.0004879447
0.00051104928
0.00053471276
0.00055886911
0.00058346003
0.00060843342
0.00063371531
0.00065923085
0.00068491916
0.00071072611
0.00073658056
0.0007624214
0.00078821542
0.00081391375
0.00083947011
0.00086484967
0.00089003212
0.0009149951
0.00093970626
0.00096414842
0.00098831303
0.0010121952
0.0010357755
0.0010590377
0.0010819799
0.0011045982
0.0011268955
0.0011488551
0.0011704677
0.001191736
0.00121266
0.0012332455
0.0012534832
0.0012733603
0.0012928692
0.0013120208
0.0013308103
0.0013492489
0.0013673164
0.0013850142
0.0014023171
0.001419256
0.0014357974
0.0014519826
0.001467758
0.001483186
0.001498178
0.0015128265
0.0015270237
0.0015409003
0.0015543087
0.0015674295
0.0015800509
0.001592424
0.0016042519
0.0016158672
0.0016268838
0.0016377518
0.0016479611
0.0016581009
0.0016674929
0.0016769103
0.0016854763
0.001694193
0.0017019125
0.0017099298
0.0017167754
0.0017241233
0.0017300732
0.001736794
0.0017418058
0.0017479508
0.0017519375
0.0017575089
0.0017604834
0.0017598097
1.0926975e-05
1.5569135e-05
1.8477804e-05
2.022925e-05
2.1658091e-05
2.292765e-05
2.3968788e-05
2.4859536e-05
2.5596677e-05
2.6172311e-05
2.6482997e-05
2.6565932e-05
2.6301918e-05
2.5854456e-05
2.5121313e-05
2.4580698e-05
2.4339046e-05
2.4568177e-05
2.536944e-05
2.6723696e-05
2.8463418e-05
3.0547669e-05
3.2838878e-05
3.5277962e-05
3.7765824e-05
4.0273017e-05
4.2747899e-05
4.516942e-05
4.7527423e-05
4.9788363e-05
5.1994399e-05
5.4081233e-05
5.6091386e-05
5.8003778e-05
5.9838739e-05
6.1583e-05
6.3252643e-05
6.4851677e-05
6.6384201e-05
6.7855885e-05
6.9276036e-05
7.0651255e-05
7.1992743e-05
7.3310121e-05
7.4618813e-05
7.5935288e-05
7.7281032e-05
7.8685395e-05
8.017585e-05
8.1806029e-05
8.3600376e-05
8.5653528e-05
8.7958763e-05
9.0681053e-05
9.3772531e-05
9.7305458e-05
0.00010140325
0.00010607148
0.00011134641
0.00011723876
0.00012377036
0.00013094163
0.0001387666
0.00014723382
0.00015635364
0.0001661084
0.00017650827
0.00018753949
0.00019921267
0.00021151206
0.0002244523
0.00023802239
0.00025224505
0.00026711263
0.0002826356
0.00029883172
0.00031570297
0.00033326493
0.00035152512
0.00037048786
0.00039016432
0.00041054848
0.00043163234
0.00045340361
0.00047583021
0.00049888044
0.00052252075
0.00054668694
0.00057132077
0.00059636906
0.00062175667
0.00064740722
0.0006732567
0.00069924849
0.00072530871
0.0007513755
0.00077741047
0.00080336311
0.00082918899
0.0008548486
0.00088032103
0.00090558215
0.00093060089
0.00095535785
0.00097984433
0.0010040551
0.0010279708
0.001051575
0.0010748652
0.0010978375
0.0011204948
0.0011428205
0.0011648045
0.0011864488
0.0012077538
0.001228726
0.001249357
0.001269633
0.0012895447
0.0013091025
0.001328302
0.0013471555
0.0013656425
0.0013837636
0.0014014925
0.0014188601
0.0014358322
0.0014524512
0.0014686613
0.001484527
0.0014999554
0.0015150442
0.0015296797
0.0015439981
0.0015578438
0.0015714078
0.0015844645
0.0015972811
0.0016095418
0.0016216035
0.0016330486
0.0016443643
0.0016549953
0.0016655868
0.0016753916
0.001685265
0.0016942301
0.001703411
0.0017115132
0.0017200067
0.0017272113
0.0017350521
0.0017413305
0.0017485681
0.0017538689
0.0017605614
0.0017647923
0.0017709454
0.00177412
0.0017747342
1.1984345e-05
1.6752509e-05
1.9637235e-05
2.1342888e-05
2.2795009e-05
2.4020632e-05
2.5022555e-05
2.5923135e-05
2.6724273e-05
2.7442275e-05
2.7999751e-05
2.8413728e-05
2.8565734e-05
2.8544194e-05
2.8240687e-05
2.7877503e-05
2.7412096e-05
2.7111896e-05
2.7042689e-05
2.7351246e-05
2.806261e-05
2.9212053e-05
3.0733035e-05
3.244476e-05
3.4385473e-05
3.6458335e-05
3.8596144e-05
4.0750197e-05
4.2907671e-05
4.5013727e-05
4.7102955e-05
4.9083782e-05
5.1051001e-05
5.292159e-05
5.4732862e-05
5.6462078e-05
5.8129076e-05
5.973197e-05
6.1272784e-05
6.2756164e-05
6.4190391e-05
6.5580404e-05
6.6936086e-05
6.8265259e-05
6.9581367e-05
7.0898738e-05
7.2235441e-05
7.3618473e-05
7.5069842e-05
7.6640958e-05
7.8349885e-05
8.0289362e-05
8.244722e-05
8.4998616e-05
8.7861467e-05
9.1162892e-05
9.4995159e-05
9.937468e-05
0.00010434715
0.00010993051
0.00011615135
0.00012301438
0.00013053639
0.00013870855
0.00014754158
0.00015701894
0.00016714933
0.00017791874
0.00018933612
0.00020138561
0.000214079
0.00022740514
0.0002413845
0.00025601082
0.00027129296
0.00028724874
0.00030388237
0.00032120914
0.00033924019
0.00035798195
0.00037744785
0.0003976368
0.00041854459
0.00044016106
0.00046245919
0.00048541105
0.00050898461
0.00053311797
0.00055775343
0.00058283712
0.00060829291
0.00063404315
0.00066002074
0.00068616638
0.00071240369
0.00073866954
0.00076492079
0.00079110672
0.00081718009
0.00084309825
0.00086884359
0.00089438593
0.00091969694
0.00094475456
0.00096954975
0.00099407721
0.0010183174
0.001042254
0.0010658833
0.0010892018
0.0011122121
0.0011348982
0.0011572489
0.0011792652
0.0012009477
0.0012223038
0.0012433264
0.001264001
0.001284316
0.0013042809
0.0013238917
0.001343162
0.0013620718
0.0013806202
0.0013987796
0.0014165808
0.0014339893
0.0014510485
0.0014677001
0.0014840113
0.0014998841
0.0015154215
0.0015305045
0.0015452744
0.0015595671
0.0015735849
0.0015870877
0.001600359
0.0016130637
0.0016255841
0.0016374699
0.0016492465
0.0016603115
0.0016713691
0.0016815999
0.0016919448
0.0017013222
0.001710984
0.0017194826
0.0017284707
0.0017360476
0.0017444015
0.0017510214
0.0017587982
0.0017644003
0.0017716649
0.0017761515
0.001782913
0.0017862992
0.0017881965
1.324056e-05
1.8019596e-05
2.0820379e-05
2.2485864e-05
2.3944563e-05
2.5077608e-05
2.6029974e-05
2.6906618e-05
2.771906e-05
2.8490708e-05
2.9173565e-05
2.9783888e-05
3.0223521e-05
3.0542331e-05
3.0619214e-05
3.0610242e-05
3.0359988e-05
3.0167697e-05
2.9968814e-05
2.9703431e-05
2.9677924e-05
2.998723e-05
3.0592475e-05
3.1512284e-05
3.2673396e-05
3.4054164e-05
3.5637364e-05
3.7328216e-05
3.9110459e-05
4.0912136e-05
4.2754809e-05
4.4552337e-05
4.6343232e-05
4.8093039e-05
4.9823988e-05
5.1480035e-05
5.3097117e-05
5.4662186e-05
5.6174931e-05
5.7638777e-05
5.9060112e-05
6.0441565e-05
6.1791156e-05
6.3114599e-05
6.4422905e-05
6.5728201e-05
6.7044659e-05
6.8396899e-05
6.9800974e-05
7.1305563e-05
7.2922246e-05
7.4739493e-05
7.6741836e-05
7.9104031e-05
8.172944e-05
8.4777996e-05
8.8316464e-05
9.2375327e-05
9.7008174e-05
0.00010224129
0.0001081073
0.00011461656
0.00012178966
0.00012962143
0.00013812366
0.00014728148
0.00015710239
0.00016757222
0.00017869807
0.00019046391
0.00020287839
0.00021592973
0.00022963568
0.00024399095
0.00025900235
0.00027468721
0.00029105145
0.0003081098
0.00032587654
0.00034436015
0.00036357626
0.00038352855
0.00040421709
0.00042563419
0.00044775796
0.00047056521
0.00049402602
0.00051808126
0.0005426743
0.00056775107
0.00059323471
0.00061904656
0.00064511656
0.00067138259
0.00069776599
0.00072420204
0.00075064286
0.00077703719
0.00080333523
0.00082949346
0.00085548997
0.00088129433
0.00090688191
0.00093222511
0.00095731471
0.0009821461
0.0010066991
0.0010309576
0.0010549164
0.0010785723
0.001101928
0.0011249681
0.0011476801
0.0011700637
0.0011921196
0.0012138562
0.0012352682
0.0012563405
0.0012770587
0.0012974312
0.0013174541
0.0013371426
0.0013564776
0.0013754569
0.0013940511
0.0014122905
0.0014301403
0.0014476454
0.0014647452
0.0014815092
0.0014978341
0.001513828
0.0015293671
0.0015445978
0.0015593468
0.0015738286
0.0015877878
0.0016015247
0.0016146841
0.0016276753
0.0016400137
0.0016522639
0.0016637751
0.0016753127
0.0016859825
0.0016968141
0.0017066168
0.0017167758
0.0017256843
0.0017351854
0.0017431481
0.0017520348
0.0017590092
0.0017673476
0.0017732634
0.0017811248
0.0017858785
0.0017932754
0.001796885
0.001800049
1.4646578e-05
1.9452558e-05
2.1954363e-05
2.3620041e-05
2.4980727e-05
2.6013301e-05
2.6916454e-05
2.7757785e-05
2.8556592e-05
2.9334647e-05
3.0065687e-05
3.076327e-05
3.1363634e-05
3.1894544e-05
3.2256142e-05
3.2528364e-05
3.2610577e-05
3.2616997e-05
3.2569414e-05
3.2386501e-05
3.2228156e-05
3.2133662e-05
3.2136588e-05
3.2375743e-05
3.2839296e-05
3.3481164e-05
3.4333519e-05
3.5395144e-05
3.6620555e-05
3.7942232e-05
3.9370702e-05
4.0831498e-05
4.2334431e-05
4.3849098e-05
4.5352178e-05
4.68627e-05
4.8356649e-05
4.981568e-05
5.1240792e-05
5.2633918e-05
5.3997961e-05
5.5332294e-05
5.6642243e-05
5.7930937e-05
5.9206286e-05
6.0478038e-05
6.17559e-05
6.3061968e-05
6.4405946e-05
6.5833036e-05
6.7348571e-05
6.9033475e-05
7.0877827e-05
7.3026536e-05
7.5407714e-05
7.8181968e-05
8.1398826e-05
8.5103723e-05
8.9356847e-05
9.4193773e-05
9.9654612e-05
0.00010575699
0.00011252681
0.00011996398
0.00012808245
0.00013686992
0.0001463332
0.00015645809
0.00016725011
0.0001786927
0.00019079126
0.00020353291
0.00021693208
0.00023098401
0.00024569295
0.00026107506
0.00027713735
0.00029389359
0.00031136059
0.00032954868
0.00034847548
0.00036814915
0.0003885745
0.00040974656
0.00043164858
0.00045426312
0.00047756298
0.00050149235
0.00052599625
0.00055102105
0.00057648944
0.00060232204
0.00062844611
0.00065479656
0.00068129268
0.00070786782
0.00073446951
0.00076104566
0.00078754383
0.00081391927
0.00084014638
0.00086619675
0.00089203817
0.00091765205
0.00094302101
0.00096814266
0.00099299563
0.0010175648
0.0010418428
0.0010658267
0.0010895194
0.0011129065
0.0011359739
0.0011587195
0.0011811441
0.0012032571
0.0012250555
0.0012465241
0.0012676453
0.0012884255
0.0013088608
0.0013289681
0.0013487303
0.0013681436
0.0013871765
0.0014058582
0.0014241539
0.0014421103
0.0014596639
0.001476888
0.0014936721
0.00151013
0.0015261336
0.0015418338
0.0015570481
0.0015720036
0.0015864295
0.0016006424
0.001614267
0.0016277405
0.0016405432
0.0016532795
0.0016652486
0.0016772797
0.0016884014
0.0016997346
0.0017099755
0.0017206478
0.0017299794
0.0017400116
0.0017483733
0.0017578126
0.0017651542
0.0017740766
0.0017803186
0.0017888015
0.0017938341
0.001801893
0.0018057386
0.0018101457
1.6433029e-05
2.0896363e-05
2.2938061e-05
2.4575492e-05
2.5776521e-05
2.6725611e-05
2.7579547e-05
2.8384363e-05
2.9159313e-05
2.9920531e-05
3.0656481e-05
3.1376195e-05
3.2044194e-05
3.2671421e-05
3.3202663e-05
3.3659488e-05
3.3993429e-05
3.4212511e-05
3.4373445e-05
3.4405591e-05
3.4365023e-05
3.4288467e-05
3.4180804e-05
3.4129318e-05
3.4174373e-05
3.4333307e-05
3.4607339e-05
3.504187e-05
3.5659521e-05
3.6407195e-05
3.7298151e-05
3.8283691e-05
3.9359719e-05
4.0503033e-05
4.1682736e-05
4.2897371e-05
4.4159568e-05
4.5425796e-05
4.6677276e-05
4.7924837e-05
4.9165495e-05
5.0394582e-05
5.1613818e-05
5.282324e-05
5.4026852e-05
5.5231705e-05
5.6442472e-05
5.7678377e-05
5.894258e-05
6.0275798e-05
6.1677668e-05
6.3218136e-05
6.489758e-05
6.6817384e-05
6.894526e-05
7.1423699e-05
7.4294349e-05
7.7612381e-05
8.1444155e-05
8.5835076e-05
9.0834095e-05
9.646811e-05
0.00010277024
0.00010974754
0.0001174177
0.00012577245
0.00013481882
0.00014454322
0.00015494946
0.00016602097
0.00017775937
0.00019015039
0.0002032045
0.00021691686
0.00023128871
0.00024633414
0.0002620606
0.00027848024
0.00029561169
0.00031346676
0.00033206469
0.00035141765
0.00037153551
0.00039241618
0.00041404798
0.00043642022
0.00045950906
0.00048326263
0.0005076282
0.00053255333
0.00055796064
0.00058377035
0.00060990744
0.00063630375
0.00066287675
0.00068955761
0.00071628937
0.00074301879
0.00076969084
0.00079625925
0.00082269476
0.00084896991
0.00087505061
0.00090091509
0.00092654406
0.00095194313
0.00097708244
0.0010019505
0.0010265363
0.0010508381
0.0010748584
0.001098585
0.0011220014
0.0011451034
0.0011678915
0.001190376
0.001212557
0.00123442
0.0012559435
0.0012771312
0.0012979788
0.0013185053
0.0013386959
0.0013585459
0.001378021
0.0013971489
0.0014158944
0.0014343071
0.00145232
0.0014700108
0.0014872613
0.0015041901
0.001520666
0.0015368445
0.0015525326
0.001567971
0.0015828736
0.0015975726
0.0016116724
0.0016256394
0.0016389178
0.0016521524
0.0016645908
0.0016771284
0.0016887146
0.0017005643
0.001711256
0.0017224572
0.0017322251
0.0017428064
0.0017515804
0.0017615917
0.0017693134
0.0017788419
0.0017854227
0.0017945515
0.001799875
0.0018086224
0.0018127172
0.0018183425
1.8595687e-05
2.1813337e-05
2.3619855e-05
2.5105968e-05
2.6146521e-05
2.7036664e-05
2.7851152e-05
2.8621738e-05
2.9366516e-05
3.0096698e-05
3.081095e-05
3.1513907e-05
3.219112e-05
3.28429e-05
3.3449074e-05
3.3999647e-05
3.4485139e-05
3.4873642e-05
3.51972e-05
3.5426854e-05
3.5569742e-05
3.564483e-05
3.5644315e-05
3.5607676e-05
3.5562922e-05
3.554119e-05
3.5553384e-05
3.5625949e-05
3.5802757e-05
3.6076014e-05
3.6467995e-05
3.6961989e-05
3.7560784e-05
3.8252332e-05
3.9024971e-05
3.9859876e-05
4.0766572e-05
4.1725031e-05
4.2712671e-05
4.3725314e-05
4.4759613e-05
4.5807941e-05
4.6868314e-05
4.7937697e-05
4.9015756e-05
5.0106583e-05
5.1209573e-05
5.2340564e-05
5.3496377e-05
5.4712136e-05
5.5982402e-05
5.7364054e-05
5.8866002e-05
6.0550055e-05
6.2414497e-05
6.457942e-05
6.7083274e-05
6.9984877e-05
7.3355031e-05
7.7248569e-05
8.1724092e-05
8.6819881e-05
9.2578609e-05
9.9017232e-05
0.00010615967
0.00011400388
0.00012255878
0.00013181252
0.00014176764
0.00015240779
0.00016373122
0.0001757215
0.00018838463
0.00020171494
0.00021571018
0.00023038145
0.00024573568
0.00026178259
0.00027854184
0.00029602606
0.00031425551
0.0003332458
0.00035301185
0.00037355454
0.00039486705
0.00041694636
0.00043977265
0.00046329858
0.00048747439
0.0005122497
0.00053754742
0.00056328783
0.00058939413
0.0006157951
0.00064240656
0.00066915733
0.00069598615
0.00072283822
0.00074965602
0.00077639143
0.00080301161
0.00082948924
0.00085578867
0.00088188591
0.0009077634
0.00093341494
0.00095882875
0.0009839834
0.0010088651
0.0010334738
0.0010578115
0.0010818694
0.0011056277
0.0011290802
0.0011522258
0.0011750767
0.0011976358
0.0012198904
0.0012418153
0.0012634101
0.0012846698
0.0013056151
0.0013262346
0.0013465237
0.0013664442
0.0013860221
0.0014052209
0.0014240944
0.0014425714
0.0014607353
0.0014784592
0.0014958653
0.0015128211
0.0015294862
0.0015456563
0.0015615867
0.0015769756
0.0015921708
0.0016067552
0.0016212266
0.001634992
0.001648737
0.0016616556
0.0016747126
0.0016867756
0.0016991565
0.0017103114
0.0017220569
0.0017322739
0.0017434221
0.0017526217
0.0017632244
0.0017713389
0.0017814954
0.0017884281
0.0017982269
0.0018038538
0.0018133157
0.0018176734
0.0018244958
1.9921839e-05
2.2232102e-05
2.3880919e-05
2.5125604e-05
2.606019e-05
2.689152e-05
2.7662428e-05
2.8389831e-05
2.909113e-05
2.9774819e-05
3.0445982e-05
3.110595e-05
3.1753487e-05
3.2382691e-05
3.299203e-05
3.3564211e-05
3.4103061e-05
3.4580736e-05
3.5006337e-05
3.5367198e-05
3.565426e-05
3.5876381e-05
3.6024236e-05
3.6110916e-05
3.6145808e-05
3.6148457e-05
3.613246e-05
3.610739e-05
3.610716e-05
3.6138102e-05
3.6226087e-05
3.6374283e-05
3.6596546e-05
3.6893085e-05
3.7269697e-05
3.771631e-05
3.8239197e-05
3.8833687e-05
3.948831e-05
4.0194094e-05
4.0947977e-05
4.1742128e-05
4.2572691e-05
4.3435156e-05
4.4325875e-05
4.5246356e-05
4.6191607e-05
4.7173706e-05
4.8184166e-05
4.9251777e-05
5.0366443e-05
5.1573006e-05
5.2878775e-05
5.4327529e-05
5.5921241e-05
5.7760381e-05
5.9884241e-05
6.2347757e-05
6.5222499e-05
6.8570628e-05
7.2459752e-05
7.6941166e-05
8.2069461e-05
8.787508e-05
9.4391686e-05
0.00010162696
0.00010959461
0.0001182866
0.00012770564
0.00013783588
0.00014867282
0.00016019828
0.00017241241
0.00018530804
0.000198879
0.00021313227
0.00022807318
0.00024370797
0.00026005628
0.00027713073
0.00029495172
0.00031353739
0.0003329075
0.00035306573
0.00037400973
0.00039574496
0.00041825614
0.00044150113
0.00046543383
0.00049000688
0.00051514398
0.00054076589
0.00056679476
0.00059315641
0.00061976517
0.00064654747
0.00067343792
0.00070037973
0.00072731312
0.00075418766
0.00078096705
0.00080762335
0.00083411996
0.00086043053
0.00088653713
0.00091243215
0.00093809705
0.00096352307
0.00098868991
0.0010135937
0.0010382377
0.0010626179
0.0010867106
0.0011105071
0.001134004
0.0011572154
0.0011801472
0.0012027901
0.0012251151
0.0012471164
0.0012687876
0.001290151
0.0013111991
0.0013319293
0.0013522982
0.0013723298
0.0013919851
0.0014113236
0.001430269
0.001448912
0.0014671163
0.0014850059
0.0015024486
0.0015196088
0.0015362687
0.0015526997
0.0015685846
0.0015842859
0.0015993641
0.0016143504
0.0016286139
0.0016428814
0.001656291
0.0016698797
0.0016824317
0.0016953585
0.0017069891
0.0017192938
0.0017299726
0.0017417054
0.001751344
0.0017625572
0.0017710772
0.0017818833
0.0017891813
0.0017996743
0.0018056172
0.0018158193
0.0018204544
0.0018284547
2.0608138e-05
2.2331941e-05
2.384767e-05
2.4897592e-05
2.5700892e-05
2.6394186e-05
2.7028529e-05
2.7627903e-05
2.8211694e-05
2.8786835e-05
2.9359776e-05
2.9929583e-05
3.0499292e-05
3.1062026e-05
3.162145e-05
3.2164568e-05
3.2693871e-05
3.3194335e-05
3.3661939e-05
3.4090904e-05
3.4470992e-05
3.4802026e-05
3.5075455e-05
3.5292342e-05
3.5453034e-05
3.5562511e-05
3.5631238e-05
3.5660228e-05
3.5668128e-05
3.5660986e-05
3.5657937e-05
3.5666212e-05
3.570199e-05
3.5771093e-05
3.5886659e-05
3.6050098e-05
3.6269726e-05
3.6548707e-05
3.6889154e-05
3.7286774e-05
3.7742562e-05
3.8252602e-05
3.8814736e-05
3.9426274e-05
4.0083434e-05
4.0786627e-05
4.1529478e-05
4.2320548e-05
4.3148624e-05
4.4036305e-05
4.4969588e-05
4.5985202e-05
4.707571e-05
4.8293346e-05
4.9617743e-05
5.1125523e-05
5.2869185e-05
5.4887318e-05
5.7247343e-05
6.0014251e-05
6.3261192e-05
6.705235e-05
7.145544e-05
7.6518264e-05
8.2288903e-05
8.8790085e-05
9.6045155e-05
0.00010405393
0.00011282221
0.00012233632
0.00013258952
0.00014356263
0.00015525059
0.00016764216
0.00018072724
0.00019450755
0.00020898533
0.00022416214
0.00024005628
0.00025667913
0.0002740501
0.00029218863
0.00031111861
0.00033084603
0.00035137244
0.00037271237
0.00039485538
0.00041776506
0.00044139973
0.0004657161
0.00049063919
0.00051609062
0.00054199254
0.00056826795
0.00059482991
0.00062160249
0.00064851645
0.00067551254
0.00070252901
0.00072951268
0.00075642382
0.00078323323
0.00080990377
0.00083640675
0.00086272236
0.00088884212
0.00091475009
0.00094043038
0.00096585729
0.00099104862
0.0010159867
0.0010406799
0.0010650983
0.0010892319
0.0011130734
0.0011366393
0.0011599373
0.0011829644
0.0012056879
0.0012280948
0.0012501769
0.0012719573
0.001293433
0.0013146058
0.0013354256
0.001355915
0.0013760294
0.0013958371
0.0014152546
0.0014343825
0.0014530744
0.0014714534
0.0014893897
0.0015070532
0.0015242108
0.0015411506
0.0015575411
0.0015737585
0.0015893395
0.0016048507
0.0016196236
0.0016344258
0.0016483372
0.0016624694
0.0016755224
0.0016890098
0.0017011287
0.0017140075
0.0017251606
0.0017374955
0.001747587
0.0017594296
0.0017683678
0.001779845
0.001787522
0.001798733
0.0018050055
0.0018159729
0.0018209007
0.001830057
2.0777202e-05
2.2322663e-05
2.3393363e-05
2.4060721e-05
2.4588084e-05
2.5044503e-05
2.5477186e-05
2.5902565e-05
2.6331504e-05
2.6766811e-05
2.7212215e-05
2.7666535e-05
2.8131239e-05
2.8601917e-05
2.9080649e-05
2.9561051e-05
3.0042369e-05
3.0518478e-05
3.0982904e-05
3.1431207e-05
3.1854945e-05
3.2250051e-05
3.2609724e-05
3.2929527e-05
3.3207038e-05
3.3438629e-05
3.3628745e-05
3.3774419e-05
3.3883528e-05
3.395781e-05
3.4008095e-05
3.4038899e-05
3.4062414e-05
3.4084087e-05
3.4115938e-05
3.4163258e-05
3.4236174e-05
3.4339373e-05
3.4482074e-05
3.4665668e-05
3.4895912e-05
3.5174406e-05
3.550266e-05
3.5882284e-05
3.6312845e-05
3.6795045e-05
3.7326014e-05
3.7911182e-05
3.8541213e-05
3.9232883e-05
3.9972074e-05
4.0787717e-05
4.1664773e-05
4.2646646e-05
4.372069e-05
4.4910363e-05
4.6288323e-05
4.7875487e-05
4.9726431e-05
5.1901961e-05
5.4473139e-05
5.7513242e-05
6.110031e-05
6.5301768e-05
7.0184763e-05
7.5794409e-05
8.2171594e-05
8.9331409e-05
9.7288865e-05
0.00010603618
0.00011556729
0.00012586314
0.00013691315
0.00014870322
0.00016121699
0.00017444956
0.00018839832
0.00020305877
0.00021844622
0.00023456903
0.0002514441
0.00026909047
0.00028753491
0.00030678473
0.00032684441
0.00034773801
0.00036945965
0.00039197898
0.00041525954
0.0004392631
0.00046391657
0.00048914276
0.00051486519
0.00054100429
0.00056747211
0.00059419051
0.00062108678
0.00064809874
0.00067516299
0.00070222325
0.00072923631
0.0007561712
0.00078299036
0.00080966295
0.00083616608
0.00086249097
0.00088862286
0.00091454197
0.00094022786
0.00096567299
0.00099089634
0.0010158933
0.0010406281
0.0010650912
0.0010892699
0.0011131839
0.0011368407
0.0011602466
0.0011833667
0.0012061781
0.0012286707
0.001250867
0.0012727681
0.0012943847
0.0013156575
0.0013366088
0.0013571849
0.0013774657
0.0013973588
0.0014169767
0.0014361638
0.001455038
0.0014734744
0.0014916496
0.0015093128
0.0015267692
0.0015436749
0.0015604189
0.0015765115
0.0015925575
0.0016078509
0.0016232004
0.0016376243
0.0016523118
0.0016658779
0.0016799408
0.0016925608
0.0017060282
0.0017176681
0.0017306226
0.0017411811
0.0017536722
0.0017630417
0.0017752108
0.0017832813
0.0017952341
0.0018018504
0.0018136076
0.0018188443
0.0018291327
2.0491834e-05
2.162856e-05
2.2045114e-05
2.2320379e-05
2.2530149e-05
2.2716543e-05
2.2912045e-05
2.3128895e-05
2.3369257e-05
2.3633441e-05
2.3920621e-05
2.4231701e-05
2.4562943e-05
2.4914698e-05
2.5285208e-05
2.5672165e-05
2.6073581e-05
2.6485841e-05
2.6904205e-05
2.7324904e-05
2.7743257e-05
2.8154714e-05
2.8554614e-05
2.8937438e-05
2.9299933e-05
2.9635068e-05
2.99432e-05
3.0218556e-05
3.0461774e-05
3.0671526e-05
3.0852003e-05
3.1003723e-05
3.1133306e-05
3.1243172e-05
3.1341342e-05
3.1431315e-05
3.1522273e-05
3.1617112e-05
3.1725594e-05
3.1850778e-05
3.1999923e-05
3.21782e-05
3.2388643e-05
3.2636878e-05
3.2926009e-05
3.3256058e-05
3.3632258e-05
3.4054916e-05
3.4522538e-05
3.5043514e-05
3.561354e-05
3.6243728e-05
3.6939867e-05
3.7683283e-05
3.8553636e-05
3.9476827e-05
4.0511335e-05
4.1710609e-05
4.3092397e-05
4.4707194e-05
4.6612723e-05
4.8882655e-05
5.1594051e-05
5.4830166e-05
5.8676932e-05
6.320897e-05
6.8495304e-05
7.4579099e-05
8.1496928e-05
8.9255363e-05
9.7856155e-05
0.00010728569
0.00011752913
0.0001285673
0.00014038036
0.000152955
0.00016627878
0.00018034035
0.00019514992
0.00021071017
0.00022703323
0.00024413569
0.00026204496
0.00028076774
0.0003003103
0.00032070624
0.00034195309
0.00036402644
0.00038689584
0.00041052893
0.00043485511
0.00045979846
0.00048528559
0.00051123479
0.00053755745
0.00056417349
0.00059100721
0.0006179931
0.00064506644
0.00067216765
0.00069924986
0.00072627996
0.00075321989
0.00078003697
0.00080670425
0.00083321266
0.00085954862
0.00088568912
0.00091161596
0.00093731701
0.00096279345
0.00098807809
0.0010131239
0.0010379078
0.0010624158
0.0010866713
0.0011106784
0.0011344565
0.0011579706
0.001181185
0.0012040875
0.0012266986
0.0012490222
0.001271083
0.0012928103
0.0013142285
0.0013352685
0.0013560264
0.0013763982
0.0013965105
0.001416201
0.0014355765
0.001454519
0.0014732146
0.0014913914
0.0015093722
0.0015268029
0.0015440845
0.0015606978
0.001577288
0.0015931133
0.0016090232
0.0016239709
0.001639225
0.0016533161
0.0016679698
0.0016811046
0.0016951752
0.0017073143
0.0017209059
0.0017319464
0.001745105
0.0017549192
0.0017678009
0.00177628
0.0017889984
0.0017959737
0.0018085448
0.0018141073
0.0018255015
1.9728854e-05
1.9974699e-05
1.9821534e-05
1.9674528e-05
1.9588424e-05
1.954436e-05
1.9548372e-05
1.960621e-05
1.96931e-05
1.9810579e-05
1.9951025e-05
2.012245e-05
2.0314846e-05
2.0544149e-05
2.0797195e-05
2.1075986e-05
2.1376558e-05
2.1692818e-05
2.2023509e-05
2.2368381e-05
2.272762e-05
2.3099097e-05
2.3479686e-05
2.386709e-05
2.4259203e-05
2.4642882e-05
2.5023362e-05
2.5396157e-05
2.5752167e-05
2.6092273e-05
2.6417918e-05
2.6725836e-05
2.7017245e-05
2.7290665e-05
2.7549473e-05
2.7793375e-05
2.8028316e-05
2.825384e-05
2.8476939e-05
2.8699051e-05
2.8924906e-05
2.9161829e-05
2.9408541e-05
2.967498e-05
2.9962841e-05
3.0269724e-05
3.0610748e-05
3.0974996e-05
3.1374229e-05
3.1801703e-05
3.227355e-05
3.2775875e-05
3.334069e-05
3.3925432e-05
3.4594223e-05
3.5310113e-05
3.6103776e-05
3.6956849e-05
3.794172e-05
3.9073859e-05
4.03862e-05
4.1941971e-05
4.3795483e-05
4.6032225e-05
4.8740767e-05
5.2022805e-05
5.5980077e-05
6.0699217e-05
6.6258639e-05
7.2697331e-05
8.0044063e-05
8.8304913e-05
9.7467668e-05
0.00010751103
0.0001184107
0.00013014512
0.00014269062
0.00015602445
0.00017014739
0.00018505306
0.00020074562
0.00021723632
0.00023454945
0.00025268775
0.00027165787
0.00029150241
0.00031221953
0.00033378984
0.00035618965
0.00037939284
0.00040333174
0.00042793141
0.00045312366
0.00047882526
0.00050494731
0.00053140827
0.00055813009
0.00058504356
0.00061208304
0.00063918554
0.00066630037
0.00069339205
0.00072042163
0.00074735506
0.00077416059
0.00080082836
0.00082734629
0.00085368864
0.00087983769
0.00090577641
0.00093150884
0.0009570623
0.00098238093
0.0010074882
0.001032317
0.0010569068
0.0010812551
0.0011053966
0.0011293014
0.0011529168
0.0011762287
0.0011992537
0.001221996
0.0012445008
0.0012666835
0.0012885738
0.0013100801
0.0013313191
0.0013521726
0.0013727832
0.0013929859
0.001412869
0.0014323233
0.0014515482
0.0014702475
0.0014887601
0.0015067258
0.0015245569
0.0015417004
0.0015588441
0.0015752128
0.0015916971
0.0016071807
0.0016230129
0.001637641
0.001652901
0.0016665652
0.001681254
0.0016939048
0.0017081509
0.0017196893
0.001733535
0.001743808
0.0017574226
0.0017663264
0.0017798341
0.0017871851
0.0018005936
0.0018064999
0.0018189717
1.7515024e-05
1.7457614e-05
1.7506348e-05
1.7606377e-05
1.7708521e-05
1.7782187e-05
1.7866978e-05
1.7943564e-05
1.804532e-05
1.8150697e-05
1.8265199e-05
1.8389792e-05
1.8514896e-05
1.865275e-05
1.8781593e-05
1.8934268e-05
1.9087699e-05
1.923809e-05
1.9409182e-05
1.9609251e-05
1.983635e-05
2.0085101e-05
2.0354333e-05
2.0638226e-05
2.0944787e-05
2.1233237e-05
2.1532718e-05
2.1874049e-05
2.220474e-05
2.2544608e-05
2.2904893e-05
2.3276e-05
2.3653561e-05
2.4033016e-05
2.4413729e-05
2.4792253e-05
2.5170224e-05
2.5544053e-05
2.5916583e-05
2.6286471e-05
2.6652753e-05
2.7026578e-05
2.7392947e-05
2.7770661e-05
2.8152616e-05
2.8533782e-05
2.8931908e-05
2.9322377e-05
2.9732514e-05
3.0138946e-05
3.0579696e-05
3.1013985e-05
3.1500333e-05
3.1967624e-05
3.2507176e-05
3.3031195e-05
3.3657943e-05
3.4232511e-05
3.4925498e-05
3.5673466e-05
3.6523784e-05
3.7506732e-05
3.8633817e-05
3.998202e-05
4.1606408e-05
4.3615292e-05
4.6114302e-05
4.9226196e-05
5.3078202e-05
5.776337e-05
6.3381071e-05
6.9993777e-05
7.7615627e-05
8.6243496e-05
9.5860587e-05
0.000106436
0.00011792753
0.00013030561
0.00014355741
0.00015765535
0.00017259017
0.00018836474
0.00020499348
0.00022246921
0.00024079758
0.00026002848
0.00028015499
0.00030116047
0.00032302882
0.00034573934
0.0003692274
0.00039341815
0.00041825093
0.00044364184
0.00046950213
0.00049574943
0.00052230411
0.00054909309
0.00057605009
0.00060310898
0.00063021488
0.00065732993
0.00068441369
0.00071143129
0.00073834564
0.00076514527
0.00079182004
0.00081834184
0.00084469179
0.00087084949
0.00089681665
0.00092262346
0.00094823201
0.00097360908
0.00099875742
0.0010236761
0.0010483564
0.0010728501
0.0010971412
0.0011211547
0.001144875
0.0011683134
0.0011914701
0.0012144178
0.0012370553
0.0012594237
0.0012813988
0.001303123
0.0013244618
0.0013455732
0.0013662976
0.0013866958
0.0014066672
0.001426431
0.0014456624
0.0014647143
0.001483225
0.0015016187
0.0015193029
0.0015370093
0.0015539333
0.0015710069
0.0015870398
0.0016034615
0.0016186388
0.0016345215
0.0016487311
0.0016640534
0.001677229
0.0016921471
0.0017042003
0.0017187536
0.0017295002
0.0017438679
0.0017532135
0.0017675345
0.0017752798
0.0017895487
0.0017958178
0.0018093396
1.7384137e-05
1.7774956e-05
1.8002412e-05
1.818088e-05
1.8316893e-05
1.8429299e-05
1.8539395e-05
1.8620457e-05
1.8700168e-05
1.8772856e-05
1.8860289e-05
1.8947099e-05
1.9036423e-05
1.9132849e-05
1.9236255e-05
1.935214e-05
1.9477432e-05
1.9620591e-05
1.976771e-05
1.9939412e-05
2.012177e-05
2.0324353e-05
2.0510231e-05
2.0833935e-05
2.102825e-05
2.1086832e-05
2.1398483e-05
2.1786062e-05
2.2089983e-05
2.2423853e-05
2.2790776e-05
2.3173071e-05
2.3566546e-05
2.396759e-05
2.4374739e-05
2.4785458e-05
2.5199996e-05
2.5615461e-05
2.6032924e-05
2.6451186e-05
2.6872621e-05
2.7305431e-05
2.7728923e-05
2.8151077e-05
2.8596801e-05
2.9007309e-05
2.9409842e-05
2.9794386e-05
3.0193805e-05
3.0571564e-05
3.0974508e-05
3.1350049e-05
3.1764988e-05
3.2140434e-05
3.2570516e-05
3.294907e-05
3.3420319e-05
3.3739371e-05
3.4195304e-05
3.4741294e-05
3.5317527e-05
3.5845876e-05
3.6440077e-05
3.71427e-05
3.7944346e-05
3.8957438e-05
4.0220826e-05
4.1845349e-05
4.3937587e-05
4.6612187e-05
5.0070829e-05
5.4459262e-05
5.9866609e-05
6.6392168e-05
7.4077062e-05
8.2904881e-05
9.2823482e-05
0.00010381378
0.00011583771
0.00012883592
0.00014277991
0.00015765253
0.00017344415
0.00019012873
0.00020771039
0.00022624143
0.0002456983
0.00026606311
0.0002873281
0.00030947483
0.00033244089
0.00035614963
0.00038055037
0.00040555935
0.0004310885
0.00045705525
0.00048337939
0.00050998382
0.00053680192
0.00056376494
0.00059081341
0.00061790731
0.00064500382
0.0006720678
0.00069905655
0.00072595597
0.00075275821
0.00077943314
0.00080595919
0.00083231414
0.00085849421
0.00088453513
0.00091041319
0.00093608517
0.00096151177
0.00098672821
0.0010117459
0.0010365768
0.0010612485
0.0010856562
0.0011097831
0.0011336346
0.0011572011
0.0011805892
0.0012036799
0.0012265325
0.0012489795
0.001271193
0.0012930212
0.0013146348
0.0013358912
0.001356813
0.0013773069
0.0013976192
0.001417394
0.0014369926
0.0014560587
0.0014750296
0.0014932664
0.0015115448
0.0015290363
0.0015467155
0.0015633127
0.0015803361
0.0015960752
0.0016125975
0.0016273703
0.0016433426
0.0016570565
0.0016726642
0.0016852509
0.0017005331
0.0017117698
0.0017269104
0.0017367162
0.001751875
0.0017600353
0.0017751875
0.0017818397
0.0017963896
1.8433932e-05
1.8822974e-05
1.9152102e-05
1.9402101e-05
1.9606276e-05
1.9804391e-05
1.9998718e-05
2.0202864e-05
2.0415103e-05
2.0638323e-05
2.0868647e-05
2.1109248e-05
2.1360767e-05
2.1620089e-05
2.1887546e-05
2.2161341e-05
2.2441093e-05
2.2727366e-05
2.3017352e-05
2.331428e-05
2.3614407e-05
2.3917589e-05
2.4228084e-05
2.4548085e-05
2.4858899e-05
2.5165983e-05
2.549367e-05
2.5818985e-05
2.6137882e-05
2.6461731e-05
2.6793023e-05
2.7127299e-05
2.7465385e-05
2.7802725e-05
2.8143296e-05
2.8480161e-05
2.8820483e-05
2.9154232e-05
2.949118e-05
2.9820324e-05
3.0150052e-05
3.0476101e-05
3.079825e-05
3.111426e-05
3.1433589e-05
3.1735754e-05
3.204614e-05
3.2334566e-05
3.2629983e-05
3.2901702e-05
3.3186913e-05
3.3444743e-05
3.3725687e-05
3.3973292e-05
3.4251027e-05
3.4492631e-05
3.476896e-05
3.5009198e-05
3.5261827e-05
3.5516403e-05
3.5807431e-05
3.6088299e-05
3.6393534e-05
3.6717761e-05
3.7082806e-05
3.7508326e-05
3.8020015e-05
3.8716344e-05
3.9546488e-05
4.062966e-05
4.2197511e-05
4.433327e-05
4.718595e-05
5.0961844e-05
5.5891227e-05
6.2019644e-05
6.9417595e-05
7.8204536e-05
8.8290033e-05
9.9583177e-05
0.00011204626
0.00012563428
0.00014028292
0.00015592572
0.00017256709
0.00019024869
0.00020890638
0.00022851544
0.00024907711
0.00027056631
0.00029292018
0.00031605683
0.0003399375
0.0003644788
0.0003895937
0.00041519994
0.00044121762
0.00046756556
0.00049417693
0.00052098108
0.00054791353
0.00057493267
0.00060199201
0.00062905657
0.00065607805
0.0006830387
0.0007099331
0.00073672941
0.00076340171
0.00078992784
0.00081629516
0.00084254703
0.00086867308
0.00089462008
0.00092033695
0.00094586107
0.00097112752
0.00099631012
0.0010213545
0.0010461516
0.0010706813
0.0010949454
0.0011189177
0.001142742
0.0011662827
0.0011896253
0.001212548
0.0012352544
0.0012575778
0.0012796932
0.0013014925
0.0013229484
0.0013439699
0.001364841
0.0013851723
0.0014053256
0.0014249574
0.0014445219
0.0014633254
0.0014821855
0.001500257
0.0015185595
0.0015357389
0.0015533769
0.0015696906
0.0015868705
0.0016022268
0.0016188671
0.0016331339
0.001649449
0.0016625892
0.0016786236
0.0016903687
0.0017063023
0.001716588
0.0017326095
0.0017412085
0.001757267
0.0017643235
0.0017798981
1.9841152e-05
2.0230915e-05
2.0611043e-05
2.0966431e-05
2.1293902e-05
2.1617353e-05
2.1936807e-05
2.2255895e-05
2.257787e-05
2.2904406e-05
2.3235671e-05
2.3570881e-05
2.3910615e-05
2.4254292e-05
2.4602877e-05
2.4954968e-05
2.531108e-05
2.5669611e-05
2.6030772e-05
2.6393088e-05
2.6756749e-05
2.7119596e-05
2.7483033e-05
2.7844067e-05
2.8203112e-05
2.8558402e-05
2.8912287e-05
2.9260187e-05
2.9603552e-05
2.9940688e-05
3.0273896e-05
3.059973e-05
3.0921219e-05
3.1233537e-05
3.1542004e-05
3.1839382e-05
3.2133686e-05
3.2415536e-05
3.2694822e-05
3.2960944e-05
3.3224573e-05
3.3473725e-05
3.372107e-05
3.3951364e-05
3.4183452e-05
3.4395623e-05
3.4611005e-05
3.4810258e-05
3.5010039e-05
3.519451e-05
3.5380899e-05
3.5549761e-05
3.5725917e-05
3.5882871e-05
3.6048179e-05
3.6196279e-05
3.6350441e-05
3.6488456e-05
3.6626422e-05
3.6747776e-05
3.6879653e-05
3.6997422e-05
3.7131337e-05
3.7258736e-05
3.741233e-05
3.7568352e-05
3.7766846e-05
3.7988987e-05
3.8313655e-05
3.8651546e-05
3.9234907e-05
4.0009069e-05
4.0994987e-05
4.2492594e-05
4.4649212e-05
4.7718461e-05
5.1796525e-05
5.7232782e-05
6.4145774e-05
7.2519712e-05
8.2471218e-05
9.3931904e-05
0.0001067258
0.00012075324
0.00013604146
0.00015255862
0.0001701471
0.00018877762
0.00020845861
0.00022913439
0.00025073556
0.00027316852
0.00029640666
0.00032036459
0.00034495599
0.00037009845
0.00039571252
0.00042171266
0.00044803138
0.00047459706
0.00050133947
0.00052821649
0.00055517622
0.00058218381
0.00060918556
0.00063615936
0.00066310201
0.00068998018
0.00071676153
0.00074342638
0.00076994992
0.00079638424
0.00082273176
0.0008489332
0.0008749254
0.00090073239
0.00092630759
0.00095173389
0.00097714808
0.0010023395
0.0010272652
0.00105194
0.0010763155
0.0011005695
0.0011245555
0.001148393
0.0011717961
0.0011949983
0.0012178249
0.00124044
0.0012627929
0.001284796
0.0013063501
0.0013277905
0.0013486941
0.0013694106
0.001389619
0.001409795
0.0014291826
0.0014486345
0.0014672993
0.0014862445
0.0015040271
0.001522294
0.0015391963
0.0015570524
0.0015730154
0.001590344
0.0016051799
0.0016222205
0.0016359365
0.0016527484
0.0016650226
0.0016817695
0.0016925569
0.0017094667
0.0017185314
0.00173552
0.0017430033
0.001759639
2.204328e-05
2.2619149e-05
2.3153375e-05
2.3631105e-05
2.4039161e-05
2.4413091e-05
2.4764517e-05
2.5104164e-05
2.5430122e-05
2.5745332e-05
2.6052122e-05
2.6350768e-05
2.6641589e-05
2.6928151e-05
2.7211469e-05
2.7491742e-05
2.7768401e-05
2.8040998e-05
2.8311367e-05
2.8578566e-05
2.8845409e-05
2.911016e-05
2.9374981e-05
2.9637858e-05
2.9901139e-05
3.0162684e-05
3.0424847e-05
3.0685097e-05
3.0945699e-05
3.1204016e-05
3.1462563e-05
3.1717757e-05
3.1973102e-05
3.2223553e-05
3.2474603e-05
3.2719752e-05
3.296559e-05
3.320528e-05
3.344514e-05
3.3678053e-05
3.3911551e-05
3.4134776e-05
3.4359364e-05
3.4569334e-05
3.4781419e-05
3.4978507e-05
3.5176026e-05
3.536518e-05
3.5550821e-05
3.573168e-05
3.5908115e-05
3.6077716e-05
3.6246975e-05
3.6407735e-05
3.6568052e-05
3.6719418e-05
3.6872418e-05
3.7004502e-05
3.7124425e-05
3.7233453e-05
3.7340966e-05
3.7420784e-05
3.7497329e-05
3.757523e-05
3.7675168e-05
3.7777627e-05
3.790083e-05
3.8025766e-05
3.8185154e-05
3.8370604e-05
3.8597632e-05
3.8916445e-05
3.9290695e-05
3.982491e-05
4.0633702e-05
4.1643361e-05
4.3113079e-05
4.5358757e-05
4.8650228e-05
5.3230078e-05
5.9155947e-05
6.6892824e-05
7.6202986e-05
8.7257772e-05
0.0001002176
0.0001147764
0.00013062121
0.00014775216
0.00016615878
0.00018568977
0.00020625941
0.00022774884
0.00025013774
0.00027332766
0.00029722997
0.0003217585
0.00034683151
0.00037235755
0.00039826665
0.00042448653
0.00045093989
0.00047758558
0.00050436374
0.00053123883
0.00055815192
0.00058507643
0.00061201062
0.0006389197
0.00066576196
0.00069252354
0.0007191645
0.00074574547
0.00077228151
0.00079871019
0.0008249546
0.00085102406
0.00087688479
0.00090261286
0.00092835238
0.0009538342
0.00097919299
0.0010042728
0.0010290517
0.0010537255
0.0010781509
0.0011024856
0.0011263754
0.0011500747
0.0011734157
0.0011965264
0.0012194432
0.0012420099
0.0012641016
0.0012861222
0.0013076169
0.0013289062
0.0013497023
0.0013705098
0.0013905026
0.0014105576
0.0014298299
0.0014494389
0.0014678498
0.0014867621
0.0015042678
0.0015228203
0.0015394165
0.0015574568
0.0015728801
0.001590665
0.001604981
0.0016225987
0.0016354265
0.0016530078
0.0016643204
0.0016821451
0.0016917068
0.0017096506
0.0017175845
0.0017353628
2.5414151e-05
2.6062927e-05
2.6590183e-05
2.7038201e-05
2.7435253e-05
2.7783962e-05
2.8086209e-05
2.8345839e-05
2.8567673e-05
2.8768255e-05
2.8952306e-05
2.9122481e-05
2.9283651e-05
2.9431527e-05
2.9567221e-05
2.9694482e-05
2.9815728e-05
2.9931733e-05
3.0045378e-05
3.015614e-05
3.0265214e-05
3.0371318e-05
3.0478427e-05
3.0585182e-05
3.0695215e-05
3.0807666e-05
3.0924694e-05
3.1045547e-05
3.1171654e-05
3.1301745e-05
3.1437706e-05
3.1576808e-05
3.1722492e-05
3.1870792e-05
3.2027582e-05
3.2187356e-05
3.235643e-05
3.2530145e-05
3.2712057e-05
3.2899745e-05
3.309578e-05
3.3291604e-05
3.3494437e-05
3.3691838e-05
3.3896679e-05
3.409781e-05
3.4305519e-05
3.4518321e-05
3.4733904e-05
3.4958222e-05
3.5181616e-05
3.541173e-05
3.5641474e-05
3.5877758e-05
3.6112608e-05
3.6330764e-05
3.6582662e-05
3.6791978e-05
3.6937054e-05
3.7104573e-05
3.7311399e-05
3.7459247e-05
3.7538332e-05
3.766188e-05
3.783019e-05
3.8023771e-05
3.8222217e-05
3.8430656e-05
3.8670333e-05
3.8936408e-05
3.9217135e-05
3.9465911e-05
3.9796635e-05
4.0047811e-05
4.0526474e-05
4.0831446e-05
4.1545901e-05
4.2498179e-05
4.3877805e-05
4.5846642e-05
4.8030515e-05
5.1045567e-05
5.5628176e-05
6.228816e-05
7.0943368e-05
8.1585174e-05
9.3823005e-05
0.00010809452
0.00012422846
0.00014177167
0.00016063634
0.00018064615
0.00020175817
0.00022382247
0.00024673685
0.00027039623
0.00029470548
0.00031956105
0.00034488457
0.00037060086
0.00039662247
0.00042291063
0.00044939305
0.00047603122
0.00050276058
0.00052955091
0.00055640041
0.000583272
0.00061011056
0.00063691224
0.00066362016
0.00069030195
0.00071698497
0.00074360423
0.00077006856
0.0007963736
0.00082249745
0.00084849472
0.00087454005
0.0009004142
0.00092605859
0.00095152806
0.00097673741
0.0010018165
0.0010266758
0.0010515058
0.0010758902
0.0011000848
0.0011239556
0.0011475563
0.0011710462
0.0011941967
0.0012168312
0.001239443
0.0012615512
0.0012834242
0.0013048202
0.0013262808
0.0013469052
0.0013675761
0.0013874713
0.0014077669
0.0014268365
0.0014464133
0.0014645391
0.0014838092
0.0015010694
0.0015198489
0.0015358812
0.0015544299
0.0015693727
0.0015878278
0.0016012381
0.0016196762
0.0016315403
0.0016503076
0.0016604024
0.0016793288
0.0016877384
0.0017067531
2.9305659e-05
2.9904028e-05
3.0340411e-05
3.0645575e-05
3.0875074e-05
3.1050852e-05
3.1191726e-05
3.1303174e-05
3.1396919e-05
3.1472094e-05
3.1528584e-05
3.1577295e-05
3.1614864e-05
3.1653188e-05
3.1692323e-05
3.1733863e-05
3.1777871e-05
3.1822665e-05
3.1871809e-05
3.1920269e-05
3.1971731e-05
3.20226e-05
3.207637e-05
3.2132397e-05
3.2194484e-05
3.2262395e-05
3.2335618e-05
3.241162e-05
3.2489877e-05
3.2575856e-05
3.2668165e-05
3.2764187e-05
3.2866396e-05
3.2970854e-05
3.3084408e-05
3.3199378e-05
3.3327159e-05
3.3461567e-05
3.3606721e-05
3.3765666e-05
3.3932418e-05
3.4105765e-05
3.4284197e-05
3.4463887e-05
3.4651879e-05
3.484477e-05
3.5050918e-05
3.5274098e-05
3.5511031e-05
3.5765246e-05
3.602604e-05
3.6305362e-05
3.6575111e-05
3.6885678e-05
3.7195394e-05
3.7287329e-05
3.7706049e-05
3.8132201e-05
3.8123584e-05
3.8101979e-05
3.8603385e-05
3.9076384e-05
3.8997543e-05
3.9135103e-05
3.9460141e-05
3.9784448e-05
4.0096239e-05
4.0469239e-05
4.0905814e-05
4.1320162e-05
4.1603114e-05
4.1847796e-05
4.2113725e-05
4.2378296e-05
4.2656918e-05
4.3016875e-05
4.3255511e-05
4.3676002e-05
4.4353213e-05
4.5176024e-05
4.6130949e-05
4.7598716e-05
4.946977e-05
5.3027552e-05
5.6334222e-05
6.1289656e-05
6.7699026e-05
7.6891458e-05
8.8325043e-05
0.00010160792
0.00011702467
0.00013421943
0.00015302804
0.00017314787
0.00019443618
0.00021671353
0.00023983657
0.00026366928
0.00028810695
0.00031306067
0.00033842452
0.00036416119
0.00039017631
0.00041642355
0.00044283062
0.00046936531
0.00049602305
0.00052276102
0.0005495057
0.00057626814
0.0006029746
0.00062969718
0.00065647397
0.00068323366
0.00070987269
0.00073637466
0.00076273114
0.0007889693
0.00081529367
0.00084152577
0.0008675422
0.00089341189
0.00091883285
0.00094439205
0.0009696829
0.00099499945
0.0010198888
0.0010445723
0.0010689928
0.0010930772
0.0011171477
0.0011409063
0.0011640887
0.0011873036
0.0012100514
0.001232521
0.0012545304
0.0012766675
0.0012979562
0.0013192575
0.0013397933
0.0013608004
0.0013805649
0.0014008289
0.0014195939
0.001439605
0.0014575644
0.0014771156
0.0014937829
0.0015131167
0.0015287156
0.0015480438
0.0015620714
0.0015813908
0.0015938358
0.001613575
0.0016242442
0.0016441846
0.0016530964
0.0016733981
3.2568223e-05
3.2792366e-05
3.3013652e-05
3.3186233e-05
3.3317197e-05
3.3430276e-05
3.3527495e-05
3.3612382e-05
3.3668314e-05
3.3729559e-05
3.3784931e-05
3.3849131e-05
3.3906564e-05
3.3971292e-05
3.403247e-05
3.4103267e-05
3.4171876e-05
3.4247985e-05
3.4324565e-05
3.4406949e-05
3.4490424e-05
3.4582335e-05
3.4673793e-05
3.477077e-05
3.4865873e-05
3.49643e-05
3.5076965e-05
3.519972e-05
3.5327e-05
3.5456599e-05
3.5585439e-05
3.5715118e-05
3.5845326e-05
3.59722e-05
3.61113e-05
3.6255731e-05
3.6431744e-05
3.6604259e-05
3.6781844e-05
3.6977421e-05
3.7175732e-05
3.7388603e-05
3.7582644e-05
3.7774828e-05
3.7968572e-05
3.8169477e-05
3.8386441e-05
3.8631211e-05
3.8894721e-05
3.9177987e-05
3.9471538e-05
3.9774986e-05
4.0080351e-05
4.0398214e-05
4.0721201e-05
4.1050229e-05
4.141557e-05
4.1767329e-05
4.2074885e-05
4.2386684e-05
4.2718144e-05
4.3011108e-05
4.3240556e-05
4.348468e-05
4.3748583e-05
4.4022505e-05
4.429955e-05
4.4565693e-05
4.484828e-05
4.5126297e-05
4.539423e-05
4.5660635e-05
4.5926421e-05
4.6185222e-05
4.6481094e-05
4.6748143e-05
4.712263e-05
4.7390815e-05
4.7862382e-05
4.8176584e-05
4.8850723e-05
4.9288615e-05
5.0094883e-05
5.1275095e-05
5.2475297e-05
5.4887272e-05
5.7507626e-05
6.2400665e-05
6.6564234e-05
7.3482869e-05
8.2779e-05
9.4533997e-05
0.00010854524
0.00012474352
0.00014290473
0.00016261781
0.00018362352
0.00020569857
0.00022865835
0.00025236419
0.00027666844
0.00030152299
0.00032678705
0.00035239655
0.00037826519
0.00040436014
0.0004306675
0.0004571295
0.00048364893
0.00051025692
0.00053686548
0.00056354797
0.00059034903
0.00061717945
0.00064392885
0.00067057078
0.00069711713
0.00072356134
0.0007501348
0.00077669144
0.00080304442
0.00082928329
0.00085509479
0.00088103295
0.00090655683
0.00093244462
0.00095785185
0.00098301054
0.0010080053
0.0010325682
0.0010572262
0.001081621
0.0011053552
0.0011291874
0.0011526045
0.0011756853
0.0011983245
0.001221164
0.0012431569
0.0012651048
0.0012863025
0.0013080489
0.0013285511
0.0013495291
0.0013689561
0.0013897342
0.0014084331
0.0014287948
0.001446129
0.0014662715
0.0014825596
0.0015028008
0.0015174879
0.0015377159
0.0015507758
0.0015715181
0.001582809
0.0016038
0.0016132424
0.0016348896
3.32431e-05
3.352771e-05
3.3342826e-05
3.3619032e-05
3.3362728e-05
3.3604646e-05
3.3355226e-05
3.359944e-05
3.3365858e-05
3.3612587e-05
3.3393601e-05
3.3636251e-05
3.3437666e-05
3.3688578e-05
3.3523395e-05
3.3797562e-05
3.3673073e-05
3.3979545e-05
3.3897403e-05
3.4241509e-05
3.4203214e-05
3.4578367e-05
3.4574259e-05
3.4983096e-05
3.5013575e-05
3.5015433e-05
3.5010877e-05
3.5411852e-05
3.5472769e-05
3.5917871e-05
3.6014162e-05
3.6497404e-05
3.6637526e-05
3.6703036e-05
3.6772496e-05
3.7003953e-05
3.7395962e-05
3.7737644e-05
3.8013745e-05
3.8259136e-05
3.8494867e-05
3.9213336e-05
3.9564857e-05
3.9860962e-05
4.0131966e-05
4.0403916e-05
4.069253e-05
4.1020671e-05
4.1368237e-05
4.173881e-05
4.2116202e-05
4.2488875e-05
4.2859102e-05
4.3226697e-05
4.359797e-05
4.3980165e-05
4.4365202e-05
4.4762514e-05
4.5161532e-05
4.553021e-05
4.5890297e-05
4.6226602e-05
4.6538866e-05
4.6785845e-05
4.7090508e-05
4.7190955e-05
4.7546089e-05
4.7616922e-05
4.7875744e-05
4.8112399e-05
4.8082706e-05
4.8467179e-05
4.86174e-05
4.909347e-05
4.9516639e-05
4.9820754e-05
5.0273607e-05
5.0661552e-05
5.1100675e-05
5.1455828e-05
5.1957037e-05
5.2357027e-05
5.283422e-05
5.3291506e-05
5.3981086e-05
5.4603714e-05
5.5694997e-05
5.7311594e-05
5.9120443e-05
6.1512862e-05
6.473269e-05
6.9835078e-05
7.7091579e-05
8.6619654e-05
9.8613807e-05
0.00011308166
0.00012977145
0.00014837317
0.00016851385
0.00018992155
0.00021234902
0.00023567947
0.00025966119
0.00028419172
0.00030915392
0.00033450872
0.00036021427
0.00038617424
0.00041226702
0.00043854726
0.00046491722
0.00049144753
0.00051817949
0.00054498105
0.00057174758
0.00059844557
0.00062512041
0.00065172671
0.00067851651
0.00070535292
0.00073200327
0.00075856792
0.00078474089
0.00081104562
0.0008370256
0.00086337954
0.00088904026
0.00091478811
0.00094038218
0.0009654241
0.00099067932
0.0010157408
0.0010400267
0.0010644972
0.0010886156
0.0011123236
0.0011356142
0.0011591853
0.0011819311
0.0012045424
0.001226429
0.001248947
0.0012702368
0.0012919604
0.0013120771
0.0013336525
0.0013531374
0.0013743553
0.0013923954
0.0014133745
0.0014303893
0.0014515887
0.0014669861
0.0014881542
0.0015018689
0.0015236486
0.0015356147
0.0015577
0.0015677037
0.0015907648
3.2228452e-05
3.2292599e-05
3.2350754e-05
3.2389917e-05
3.2430143e-05
3.2453852e-05
3.2469216e-05
3.2481719e-05
3.2496488e-05
3.2517321e-05
3.254397e-05
3.2578328e-05
3.2618812e-05
3.2667934e-05
3.272374e-05
3.2788836e-05
3.2860887e-05
3.2942591e-05
3.3031356e-05
3.3133191e-05
3.3240426e-05
3.3356611e-05
3.3476277e-05
3.3604769e-05
3.3735829e-05
3.387508e-05
3.4018631e-05
3.4172253e-05
3.434046e-05
3.4517228e-05
3.4678534e-05
3.4809675e-05
3.4917742e-05
3.4953761e-05
3.4934969e-05
3.5009332e-05
3.5378627e-05
3.5505905e-05
3.6073849e-05
3.6370387e-05
3.6655715e-05
3.6923379e-05
3.7182074e-05
3.7488912e-05
3.7707422e-05
3.8054607e-05
3.8294306e-05
3.8701353e-05
3.9031777e-05
3.9478145e-05
3.990192e-05
4.0305882e-05
4.084346e-05
4.1234144e-05
4.1528442e-05
4.1972087e-05
4.1960883e-05
4.2266427e-05
4.282207e-05
4.3175619e-05
4.3834939e-05
4.4239391e-05
4.4339883e-05
4.4563129e-05
4.5024384e-05
4.5306349e-05
4.5756454e-05
4.6206792e-05
4.665118e-05
4.7069799e-05
4.7477438e-05
4.7880598e-05
4.8284952e-05
4.8693443e-05
4.9113937e-05
4.9529919e-05
4.9967878e-05
5.0403755e-05
5.0855091e-05
5.1313708e-05
5.1790712e-05
5.2271627e-05
5.2764944e-05
5.3270388e-05
5.3855e-05
5.4297813e-05
5.4949859e-05
5.549842e-05
5.6326049e-05
5.7369769e-05
5.8546152e-05
6.0125718e-05
6.250234e-05
6.6006352e-05
7.093794e-05
7.7807394e-05
8.6926105e-05
9.8741924e-05
0.00011299486
0.0001296064
0.00014827409
0.00016861661
0.00019014331
0.00021268148
0.00023602856
0.00026009824
0.00028475879
0.00030981896
0.00033515391
0.00036083446
0.00038675435
0.0004129733
0.0004395042
0.00046612697
0.00049277199
0.00051940393
0.00054611985
0.00057283324
0.00059980588
0.00062686294
0.00065374678
0.00068057934
0.00070708878
0.00073374209
0.00076015572
0.00078696151
0.00081316136
0.00083938161
0.00086531851
0.00089087885
0.00091680678
0.00094256754
0.00096739037
0.00099253831
0.0010173899
0.0010417405
0.0010657125
0.0010900514
0.0011136075
0.0011368971
0.001159509
0.001182839
0.0012049734
0.0012274792
0.0012483199
0.0012707298
0.0012910548
0.0013131825
0.0013319759
0.0013538257
0.0013716123
0.0013938197
0.001409989
0.0014321337
0.001446551
0.0014694074
0.0014821084
0.0015053415
0.0015159399
0.0015404956
2.4717382e-05
2.4252399e-05
2.3829824e-05
2.345761e-05
2.3130309e-05
2.2864202e-05
2.2644969e-05
2.2464858e-05
2.23176e-05
2.2199671e-05
2.2106432e-05
2.2035607e-05
2.1984426e-05
2.1951143e-05
2.1934277e-05
2.1932834e-05
2.1944505e-05
2.1971742e-05
2.2009951e-05
2.2061277e-05
2.2123024e-05
2.220356e-05
2.2296061e-05
2.2406118e-05
2.2525575e-05
2.2660855e-05
2.2803589e-05
2.2958656e-05
2.3122248e-05
2.3295503e-05
2.3477826e-05
2.3665099e-05
2.3862168e-05
2.4060521e-05
2.4271499e-05
2.4487314e-05
2.4713559e-05
2.4949725e-05
2.5191892e-05
2.5451783e-05
2.5714775e-05
2.5993129e-05
2.6268532e-05
2.6560095e-05
2.6844365e-05
2.7180445e-05
2.7373604e-05
2.7739023e-05
2.8114264e-05
2.8353927e-05
2.8759881e-05
2.9145189e-05
2.9582004e-05
2.9943288e-05
3.0305159e-05
3.0574304e-05
3.1005595e-05
3.1412372e-05
3.192857e-05
3.234616e-05
3.2956594e-05
3.3514887e-05
3.4084833e-05
3.463279e-05
3.5286016e-05
3.580752e-05
3.6368324e-05
3.6978705e-05
3.7612714e-05
3.817067e-05
3.8769553e-05
3.9515251e-05
4.0067903e-05
4.0851691e-05
4.1470562e-05
4.2237727e-05
4.2844723e-05
4.3705353e-05
4.4151913e-05
4.5173515e-05
4.5699092e-05
4.6606561e-05
4.7085744e-05
4.7769739e-05
4.844544e-05
4.9246361e-05
5.0000451e-05
5.0804302e-05
5.10105e-05
5.1736397e-05
5.2454632e-05
5.3074288e-05
5.4035618e-05
5.5267704e-05
5.6904405e-05
5.9168936e-05
6.2256308e-05
6.6706146e-05
7.2858073e-05
8.1254893e-05
9.2764415e-05
0.00010639578
0.00012232034
0.00014061337
0.00016071857
0.00018232253
0.00020498417
0.00022830525
0.00025227654
0.00027690149
0.00030204204
0.00032771613
0.00035383607
0.00038002967
0.00040633876
0.00043273142
0.00045937162
0.00048613028
0.00051325683
0.00054045057
0.00056746799
0.00059448894
0.00062129599
0.00064828694
0.0006751474
0.0007023776
0.00072907128
0.00075575732
0.00078228405
0.00080842661
0.00083488004
0.00086115519
0.00088657932
0.00091249968
0.00093810585
0.00096311271
0.00098781081
0.0010129676
0.0010373977
0.001061374
0.0010847632
0.0011089609
0.0011320023
0.0011553312
0.0011769392
0.001200232
0.0012214612
0.0012445606
0.0012641631
0.0012869266
0.0013055425
0.0013288136
0.0013458281
0.0013689917
0.001384171
0.0014081512
0.0014216533
0.0014460994
0.0014573299
0.001483477
1.7617203e-05
1.7454044e-05
1.7288558e-05
1.7128951e-05
1.6982256e-05
1.6848303e-05
1.672578e-05
1.6614382e-05
1.6514112e-05
1.6424303e-05
1.6344075e-05
1.6273294e-05
1.6210486e-05
1.6156393e-05
1.6108381e-05
1.6069135e-05
1.6034159e-05
1.6007616e-05
1.5983565e-05
1.5965823e-05
1.5954571e-05
1.5943158e-05
1.5943306e-05
1.593877e-05
1.5945003e-05
1.5952819e-05
1.5964805e-05
1.5978616e-05
1.6001967e-05
1.6025172e-05
1.6057096e-05
1.607912e-05
1.6100951e-05
1.6106287e-05
1.6115546e-05
1.6088109e-05
1.6080063e-05
1.6025119e-05
1.604182e-05
1.6011862e-05
1.6130576e-05
1.6260974e-05
1.6378937e-05
1.6497393e-05
1.6614969e-05
1.6742212e-05
1.6876408e-05
1.7013633e-05
1.7158398e-05
1.7299999e-05
1.7453622e-05
1.7609779e-05
1.7780179e-05
1.7954022e-05
1.8140506e-05
1.8335699e-05
1.8547682e-05
1.8776006e-05
1.9023281e-05
1.928884e-05
1.9569116e-05
1.9877459e-05
2.0198118e-05
2.0547355e-05
2.0907896e-05
2.1301972e-05
2.1700633e-05
2.2133825e-05
2.2570743e-05
2.3044931e-05
2.3525539e-05
2.4046197e-05
2.4572987e-05
2.5141552e-05
2.5717352e-05
2.6336068e-05
2.6962763e-05
2.7629751e-05
2.8308198e-05
2.9039851e-05
2.9800127e-05
3.059268e-05
3.1398258e-05
3.2249312e-05
3.3098283e-05
3.4007271e-05
3.4939838e-05
3.577365e-05
3.674969e-05
3.7760821e-05
3.8751474e-05
3.9659271e-05
4.0625342e-05
4.1650244e-05
4.2757196e-05
4.3934528e-05
4.5246498e-05
4.6785272e-05
4.8790749e-05
5.1451446e-05
5.5223122e-05
6.0522579e-05
6.787268e-05
7.7860864e-05
9.0829031e-05
0.00010638647
0.0001238272
0.00014292207
0.00016423142
0.00018692444
0.00021072383
0.00023545969
0.00026070682
0.00028595922
0.0003115829
0.00033750454
0.00036394426
0.00039071011
0.00041797343
0.00044515501
0.00047214456
0.00049925337
0.00052631926
0.00055365897
0.00058100806
0.00060862971
0.0006357788
0.00066290984
0.00068998975
0.00071677921
0.0007438107
0.0007707775
0.00079702126
0.00082346138
0.00084981228
0.00087535
0.00090094872
0.00092700228
0.00095236329
0.0009770225
0.0010012686
0.001026417
0.0010504287
0.0010746267
0.001097056
0.0011212985
0.0011435098
0.001167652
0.0011881247
0.0012118583
0.0012313817
0.0012557784
0.0012737249
0.0012979547
0.0013139715
0.0013391357
0.0013535117
0.0013792496
0.0013911552
0.0014190119
1.1713997e-05
1.151194e-05
1.1335989e-05
1.1182126e-05
1.104703e-05
1.0929092e-05
1.0823676e-05
1.0730907e-05
1.0647485e-05
1.0573905e-05
1.0509992e-05
1.0453576e-05
1.0404407e-05
1.0362043e-05
1.0325662e-05
1.029422e-05
1.0269716e-05
1.0246344e-05
1.02323e-05
1.0216774e-05
1.020939e-05
1.0203149e-05
1.0200708e-05
1.0201138e-05
1.0204335e-05
1.0210363e-05
1.0217281e-05
1.0239801e-05
1.0188576e-05
1.0227427e-05
1.0222623e-05
1.0224576e-05
1.0199645e-05
1.0183145e-05
1.0132751e-05
1.0136465e-05
1.0093428e-05
1.0155922e-05
1.0197733e-05
1.0227224e-05
1.0252175e-05
1.0303883e-05
1.0337199e-05
1.0386149e-05
1.0427787e-05
1.0451216e-05
1.0484746e-05
1.0526875e-05
1.0567204e-05
1.060898e-05
1.0652355e-05
1.0705763e-05
1.076305e-05
1.0815623e-05
1.0865283e-05
1.0925587e-05
1.0976883e-05
1.1045699e-05
1.1097815e-05
1.1154175e-05
1.1233122e-05
1.1308825e-05
1.1403819e-05
1.1490446e-05
1.1582609e-05
1.1686244e-05
1.1793897e-05
1.190519e-05
1.2023758e-05
1.2170139e-05
1.2307409e-05
1.2454128e-05
1.2628773e-05
1.2813584e-05
1.2991783e-05
1.3204754e-05
1.3435959e-05
1.3681121e-05
1.3925341e-05
1.4215969e-05
1.4525445e-05
1.4851497e-05
1.5211956e-05
1.5585318e-05
1.6035433e-05
1.6483084e-05
1.6993827e-05
1.7515342e-05
1.8134512e-05
1.8759683e-05
1.9448833e-05
2.0156667e-05
2.0915686e-05
2.1694872e-05
2.2513995e-05
2.3380106e-05
2.4313858e-05
2.5305579e-05
2.6358302e-05
2.756499e-05
2.89351e-05
3.0671385e-05
3.2755216e-05
3.5746529e-05
3.9624903e-05
4.5408141e-05
5.3250103e-05
6.4087196e-05
7.8208454e-05
9.5767289e-05
0.0001161218
0.00013799459
0.00016007206
0.00018281232
0.00020722569
0.00023245283
0.00025870666
0.00028557864
0.00031291597
0.00033968184
0.00036636176
0.00039347746
0.00042082622
0.00044860406
0.00047653469
0.00050447965
0.00053200121
0.0005595665
0.00058722381
0.00061474455
0.00064242001
0.00067008042
0.00069709503
0.00072420208
0.00075127346
0.0007779641
0.00080430673
0.00083103929
0.00085732285
0.00088263542
0.00090792892
0.0009341557
0.00095918796
0.00098431214
0.0010076246
0.0010329193
0.0010562019
0.0010814725
0.0011028733
0.0011276528
0.0011481969
0.0011737884
0.0011927677
0.0012181128
0.0012350672
0.001261496
0.0012768254
0.0013039492
0.0013165802
0.0013462938
6.3929101e-06
6.3496193e-06
6.28351e-06
6.2088509e-06
6.1328667e-06
6.0594417e-06
5.9901215e-06
5.9258305e-06
5.8674252e-06
5.8144208e-06
5.7677727e-06
5.7258492e-06
5.6901805e-06
5.658309e-06
5.6320798e-06
5.6093189e-06
5.5911665e-06
5.5758865e-06
5.5654102e-06
5.5563267e-06
5.5515844e-06
5.5493693e-06
5.5495584e-06
5.5518478e-06
5.5568524e-06
5.5635524e-06
5.5784049e-06
5.5568384e-06
5.5815194e-06
5.5829717e-06
5.5895275e-06
5.5845783e-06
5.5781356e-06
5.5579718e-06
5.5467853e-06
5.5270336e-06
5.5397404e-06
5.5532691e-06
5.5735468e-06
5.5961301e-06
5.6266159e-06
5.6601469e-06
5.6958145e-06
5.7323583e-06
5.7676955e-06
5.8024867e-06
5.8410163e-06
5.8788074e-06
5.918148e-06
5.9695195e-06
6.0043207e-06
6.035762e-06
6.0678548e-06
6.0958419e-06
6.1256683e-06
6.1498055e-06
6.1804609e-06
6.2048774e-06
6.2397084e-06
6.2672846e-06
6.3071135e-06
6.338168e-06
6.381654e-06
6.4153565e-06
6.460353e-06
6.4963588e-06
6.5411965e-06
6.5806195e-06
6.6250313e-06
6.6693458e-06
6.7142869e-06
6.7642924e-06
6.81103e-06
6.8660976e-06
6.9172148e-06
6.9755215e-06
7.0345274e-06
7.094839e-06
7.1659592e-06
7.2276911e-06
7.3140797e-06
7.380398e-06
7.4843406e-06
7.5599312e-06
7.6817416e-06
7.7727414e-06
7.9144763e-06
8.0263511e-06
8.1919592e-06
8.33313e-06
8.5277026e-06
8.7069619e-06
8.9291891e-06
9.1599564e-06
9.4098809e-06
9.7025507e-06
9.9869681e-06
1.0348521e-05
1.0673032e-05
1.1113478e-05
1.1505063e-05
1.2053782e-05
1.2581235e-05
1.3294255e-05
1.429165e-05
1.5419486e-05
1.7786846e-05
2.0016877e-05
2.4568281e-05
2.8969072e-05
3.5898057e-05
4.4769529e-05
5.7560452e-05
7.4163195e-05
9.491803e-05
0.00011893729
0.0001452724
0.00017184815
0.00019755601
0.0002219275
0.00024788317
0.00027525236
0.00030323054
0.00033177511
0.00036037324
0.00038834938
0.00041606209
0.00044412123
0.00047245286
0.00050086748
0.00052928444
0.00055759289
0.00058537911
0.00061327724
0.00064111885
0.00066895858
0.00069620969
0.00072373862
0.00075092739
0.00077764148
0.00080385211
0.00083086277
0.00085699535
0.00088308672
0.00090737097
0.00093394736
0.00095833927
0.00098486907
0.0010072251
0.0010331642
0.0010548997
0.0010817599
0.0011018873
0.0011283886
0.0011464201
0.0011742263
0.0011905962
0.001219214
0.0012326321
0.0012643901
2.5568115e-06
2.5437852e-06
2.5187741e-06
2.4913449e-06
2.4636495e-06
2.4360563e-06
2.4102888e-06
2.3859481e-06
2.3637866e-06
2.3433247e-06
2.3253882e-06
2.3087735e-06
2.2951276e-06
2.2822151e-06
2.2722732e-06
2.2629481e-06
2.2561279e-06
2.2501131e-06
2.2461491e-06
2.2433958e-06
2.2412362e-06
2.241168e-06
2.2417075e-06
2.2433618e-06
2.2454453e-06
2.2479784e-06
2.2502559e-06
2.2519132e-06
2.2525154e-06
2.2496717e-06
2.2482489e-06
2.2426976e-06
2.2405627e-06
2.2298252e-06
2.2343636e-06
2.2350646e-06
2.2469758e-06
2.2470645e-06
2.2635183e-06
2.2763772e-06
2.2804016e-06
2.2874346e-06
2.2993698e-06
2.3092457e-06
2.3106987e-06
2.3280303e-06
2.3362592e-06
2.3507147e-06
2.3519948e-06
2.3665008e-06
2.3753651e-06
2.3949642e-06
2.4077712e-06
2.4245041e-06
2.4474784e-06
2.4694754e-06
2.4942069e-06
2.512845e-06
2.5403123e-06
2.5558721e-06
2.584092e-06
2.6025504e-06
2.6289561e-06
2.6519352e-06
2.6805195e-06
2.7033036e-06
2.7333845e-06
2.7584756e-06
2.7887309e-06
2.8167104e-06
2.8473601e-06
2.8781932e-06
2.9095897e-06
2.9427461e-06
2.9754961e-06
3.0100574e-06
3.0449196e-06
3.0802159e-06
3.1177625e-06
3.1534683e-06
3.1942581e-06
3.230246e-06
3.2748036e-06
3.3115476e-06
3.3596384e-06
3.3987383e-06
3.4496438e-06
3.4923822e-06
3.5462413e-06
3.5937691e-06
3.6513947e-06
3.7059683e-06
3.7688966e-06
3.8334694e-06
3.9037365e-06
3.9818128e-06
4.0636291e-06
4.1584635e-06
4.2568141e-06
4.3682314e-06
4.4779472e-06
4.6035248e-06
4.7276123e-06
4.8770195e-06
5.0296378e-06
5.2491112e-06
5.5066378e-06
5.8865352e-06
6.4322616e-06
7.2300529e-06
8.5458215e-06
1.0564189e-05
1.4027728e-05
1.9045669e-05
2.6157194e-05
3.3734403e-05
4.3889267e-05
5.5296199e-05
7.3343223e-05
9.5298971e-05
0.00012135037
0.00014983094
0.00017895312
0.00020793381
0.00023541901
0.0002615191
0.00028911279
0.00031809669
0.00034741565
0.00037697718
0.00040606718
0.0004347783
0.00046330459
0.00049215561
0.00052090496
0.00054992522
0.00057814709
0.00060655656
0.00063468348
0.00066273792
0.00069011648
0.00071809294
0.00074525807
0.000772746
0.00079835485
0.00082590249
0.00085139863
0.00087916615
0.00090247954
0.00092976826
0.00095292815
0.00098107484
0.001002447
0.0010300812
0.0010493681
0.0010786728
0.0010961468
0.0011263349
0.0011405978
0.0011745843
8.5124923e-07
8.4874234e-07
8.4484915e-07
8.4001561e-07
8.3548456e-07
8.3121929e-07
8.2683419e-07
8.2241962e-07
8.181107e-07
8.1410425e-07
8.1038022e-07
8.0706669e-07
8.0397853e-07
8.0140647e-07
7.9911796e-07
7.9738208e-07
7.9604697e-07
7.9470723e-07
7.9401351e-07
7.932923e-07
7.9270759e-07
7.9218742e-07
7.9221227e-07
7.9190095e-07
7.9165915e-07
7.9074411e-07
7.8960176e-07
7.8823453e-07
7.849432e-07
7.8493386e-07
7.8523637e-07
7.8251134e-07
7.8477714e-07
7.8722699e-07
7.85788e-07
7.8896131e-07
7.9101792e-07
7.9668589e-07
7.9716842e-07
8.0000368e-07
8.0347465e-07
8.0541322e-07
8.0812935e-07
8.1050515e-07
8.1451313e-07
8.1443678e-07
8.1705397e-07
8.1943065e-07
8.1936369e-07
8.197326e-07
8.2312454e-07
8.2414522e-07
8.2912153e-07
8.3391327e-07
8.3480598e-07
8.3723865e-07
8.4166311e-07
8.4468197e-07
8.4757684e-07
8.5252771e-07
8.568121e-07
8.5736921e-07
8.6250686e-07
8.6609488e-07
8.6946149e-07
8.7395012e-07
8.7702103e-07
8.8279374e-07
8.8812363e-07
8.8983251e-07
8.96861e-07
9.0274642e-07
9.0535604e-07
9.1460155e-07
9.1950595e-07
9.252721e-07
9.3464838e-07
9.3926936e-07
9.5210583e-07
9.5683242e-07
9.6399429e-07
9.7696832e-07
9.8269223e-07
9.904993e-07
1.0041657e-06
1.0110614e-06
1.023343e-06
1.0333359e-06
1.0451153e-06
1.0613472e-06
1.0799485e-06
1.0961345e-06
1.1086032e-06
1.1191104e-06
1.1307137e-06
1.1459766e-06
1.1670623e-06
1.1941725e-06
1.2209993e-06
1.2435267e-06
1.2636767e-06
1.2847174e-06
1.3078234e-06
1.3327811e-06
1.3611424e-06
1.3957176e-06
1.4378642e-06
1.4857922e-06
1.5395025e-06
1.6023018e-06
1.6865988e-06
1.8091769e-06
2.0230176e-06
2.4136743e-06
3.1623929e-06
4.4938535e-06
6.8171745e-06
1.070252e-05
1.7450229e-05
2.7761733e-05
3.7847145e-05
4.8244704e-05
6.042088e-05
7.7774789e-05
0.00010074953
0.00012754993
0.00015706315
0.00018725805
0.00021710219
0.00024700151
0.00027481284
0.0003029279
0.00033239152
0.00036247741
0.00039235773
0.00042244452
0.00045145637
0.00048078433
0.00050994676
0.00053935228
0.00056807794
0.00059713987
0.00062528045
0.00065421004
0.00068117049
0.00070999417
0.00073658203
0.00076563728
0.00079058934
0.00081922223
0.00084330317
0.00087285756
0.0008955788
0.0009242346
0.00094503949
0.0009759768
0.00099458655
0.0010263877
0.0010415581
0.00107795
3.414346e-07
3.3998125e-07
3.3963879e-07
3.3820487e-07
3.3783392e-07
3.3680576e-07
3.3661585e-07
3.3579255e-07
3.3562738e-07
3.3483911e-07
3.3472459e-07
3.3417137e-07
3.3411178e-07
3.3349643e-07
3.3239267e-07
3.3299175e-07
3.3341735e-07
3.3275705e-07
3.3348216e-07
3.3356074e-07
3.3296732e-07
3.3236389e-07
3.3196293e-07
3.3145858e-07
3.3164788e-07
3.3229643e-07
3.3251701e-07
3.3322508e-07
3.3409483e-07
3.3439551e-07
3.3438527e-07
3.3409549e-07
3.3376042e-07
3.3353052e-07
3.3337624e-07
3.3343319e-07
3.3355041e-07
3.3405837e-07
3.3372762e-07
3.3405612e-07
3.3475444e-07
3.3533035e-07
3.3623201e-07
3.3665792e-07
3.374404e-07
3.3832043e-07
3.3856711e-07
3.3867519e-07
3.3851234e-07
3.3884407e-07
3.3963916e-07
3.3944317e-07
3.4073417e-07
3.405899e-07
3.417175e-07
3.4224869e-07
3.432352e-07
3.437236e-07
3.445985e-07
3.4552954e-07
3.4665964e-07
3.4798225e-07
3.4931122e-07
3.4923889e-07
3.507694e-07
3.515243e-07
3.5175839e-07
3.5210577e-07
3.5241813e-07
3.5264183e-07
3.5283174e-07
3.5313369e-07
3.528909e-07
3.5407836e-07
3.5405742e-07
3.555154e-07
3.5600892e-07
3.5701518e-07
3.5703554e-07
3.5838496e-07
3.5846736e-07
3.5988554e-07
3.6008217e-07
3.6195091e-07
3.6238829e-07
3.6420029e-07
3.6465728e-07
3.664186e-07
3.673649e-07
3.6877332e-07
3.699231e-07
3.7189683e-07
3.7322154e-07
3.7524031e-07
3.7722482e-07
3.7898258e-07
3.7949502e-07
3.8230871e-07
3.8428852e-07
3.8673978e-07
3.8851556e-07
3.9091538e-07
3.9341146e-07
3.9689225e-07
3.9884063e-07
4.0273283e-07
4.0622674e-07
4.1002379e-07
4.1431221e-07
4.1875063e-07
4.2401699e-07
4.2955439e-07
4.3659587e-07
4.4522108e-07
4.5847683e-07
4.8074266e-07
5.2527915e-07
6.2597344e-07
8.8369424e-07
1.5500067e-06
2.9156735e-06
5.4167721e-06
9.6947889e-06
1.6976436e-05
2.85018e-05
4.1142413e-05
5.2314526e-05
6.4995343e-05
8.3530641e-05
0.00010674011
0.0001344404
0.00016496459
0.00019575885
0.00022649762
0.0002567412
0.00028625934
0.00031502658
0.00034539129
0.00037582805
0.00040661803
0.00043679697
0.00046681652
0.00049591126
0.00052629102
0.00055473412
0.00058504636
0.00061281811
0.00064317033
0.00066962178
0.00069983646
0.00072513694
0.0007560956
0.00078018501
0.00081087463
0.00083274376
0.00086497012
0.00088501721
0.00091829726
0.00093461605
0.00097355951
2.1261361e-07
2.1269494e-07
2.1270937e-07
2.1270473e-07
2.1255142e-07
2.1228166e-07
2.1226145e-07
2.1235915e-07
2.1221643e-07
2.120842e-07
2.1195758e-07
2.118007e-07
2.1163472e-07
2.1150771e-07
2.1138774e-07
2.1131118e-07
2.1123722e-07
2.11126e-07
2.1108684e-07
2.1094427e-07
2.1093753e-07
2.1082398e-07
2.1082645e-07
2.107631e-07
2.1077839e-07
2.1071163e-07
2.1075657e-07
2.1064532e-07
2.1070274e-07
2.1056045e-07
2.1058479e-07
2.1045885e-07
2.1046269e-07
2.1035623e-07
2.1034668e-07
2.1021608e-07
2.1021528e-07
2.1005082e-07
2.1005824e-07
2.0989389e-07
2.0993536e-07
2.0979163e-07
2.0984121e-07
2.0970257e-07
2.0974813e-07
2.0970523e-07
2.1006273e-07
2.1050119e-07
2.1118876e-07
2.1160754e-07
2.1230827e-07
2.1313546e-07
2.135408e-07
2.1377715e-07
2.1389843e-07
2.1402611e-07
2.1411086e-07
2.1417675e-07
2.1425817e-07
2.1427292e-07
2.1434791e-07
2.1434208e-07
2.143811e-07
2.1437747e-07
2.1439743e-07
2.1439388e-07
2.1444977e-07
2.1440276e-07
2.144767e-07
2.1441603e-07
2.1449648e-07
2.1451001e-07
2.1466805e-07
2.1481162e-07
2.1505085e-07
2.1534401e-07
2.1558057e-07
2.1595335e-07
2.1617729e-07
2.1650926e-07
2.1674408e-07
2.1694562e-07
2.1714525e-07
2.1722117e-07
2.1727116e-07
2.1735092e-07
2.1730014e-07
2.1741907e-07
2.174995e-07
2.176262e-07
2.1782775e-07
2.1785487e-07
2.1813962e-07
2.1825238e-07
2.1864553e-07
2.1890148e-07
2.1937786e-07
2.1969839e-07
2.2006284e-07
2.2032537e-07
2.2052153e-07
2.208217e-07
2.2102626e-07
2.2131056e-07
2.214703e-07
2.2177549e-07
2.2185805e-07
2.2253526e-07
2.2391744e-07
2.2537483e-07
2.2614645e-07
2.2664683e-07
2.2728456e-07
2.2790074e-07
2.284943e-07
2.2884493e-07
2.293901e-07
2.2987477e-07
2.3114733e-07
2.3510262e-07
2.4503066e-07
2.7206611e-07
3.4578502e-07
5.6169855e-07
1.1797382e-06
2.5636916e-06
5.1448324e-06
9.6124774e-06
1.7307305e-05
2.9356989e-05
4.2743672e-05
5.4783649e-05
6.801306e-05
8.8123084e-05
0.00011149405
0.00014021346
0.00017139534
0.00020337544
0.00023457334
0.00026570142
0.00029655466
0.00032602628
0.00035617947
0.00038813659
0.00041814161
0.00045010948
0.000479013
0.00051058508
0.00053854413
0.00057045961
0.00059727273
0.00062967676
0.00065515382
0.00068773479
0.00071102233
0.00074474684
0.00076623036
0.00080127658
0.00081972216
0.00085997902
1.7961201e-07
1.7958787e-07
1.7951806e-07
1.7946147e-07
1.79363e-07
1.7928611e-07
1.7916982e-07
1.7907238e-07
1.7894394e-07
1.788337e-07
1.7870056e-07
1.7858027e-07
1.7844807e-07
1.7832434e-07
1.7819598e-07
1.7807168e-07
1.7794884e-07
1.778267e-07
1.7771096e-07
1.775938e-07
1.7748528e-07
1.7737559e-07
1.7727411e-07
1.7717357e-07
1.7707899e-07
1.7698745e-07
1.7690015e-07
1.768171e-07
1.7673783e-07
1.7666299e-07
1.7659213e-07
1.7652522e-07
1.7646189e-07
1.7640184e-07
1.7634483e-07
1.7629106e-07
1.7623962e-07
1.7619156e-07
1.7614542e-07
1.7610249e-07
1.7606152e-07
1.7602317e-07
1.7598716e-07
1.7595333e-07
1.7592212e-07
1.7589262e-07
1.7586579e-07
1.7584006e-07
1.7581733e-07
1.7579503e-07
1.7577597e-07
1.7575727e-07
1.7574078e-07
1.7572643e-07
1.7571163e-07
1.7570145e-07
1.7568815e-07
1.7568111e-07
1.7566993e-07
1.7566463e-07
1.7565612e-07
1.7565141e-07
1.7564601e-07
1.7564086e-07
1.7563933e-07
1.7563265e-07
1.7563559e-07
1.756271e-07
1.7563384e-07
1.7562492e-07
1.7563366e-07
1.7562681e-07
1.7563645e-07
1.7563316e-07
1.7564257e-07
1.7564464e-07
1.7565208e-07
1.7566216e-07
1.7566534e-07
1.7568557e-07
1.7568413e-07
1.7571321e-07
1.7571107e-07
1.7574307e-07
1.7574755e-07
1.7577462e-07
1.7579389e-07
1.7581045e-07
1.7584922e-07
1.7585574e-07
1.7591139e-07
1.7591359e-07
1.7597698e-07
1.7598585e-07
1.7604565e-07
1.7607217e-07
1.7611809e-07
1.7616765e-07
1.7619485e-07
1.7626401e-07
1.7627596e-07
1.7635474e-07
1.7636259e-07
1.7643828e-07
1.7645472e-07
1.7651485e-07
1.7655085e-07
1.7658774e-07
1.7665006e-07
1.7665919e-07
1.7675109e-07
1.767332e-07
1.7685438e-07
1.768274e-07
1.7695604e-07
1.7695548e-07
1.770536e-07
1.7710769e-07
1.7717224e-07
1.7726569e-07
1.773615e-07
1.7742595e-07
1.7757319e-07
1.7767524e-07
1.8071133e-07
1.8900308e-07
2.1359808e-07
2.8347814e-07
4.9439866e-07
1.10485e-06
2.4841113e-06
5.0820795e-06
9.594709e-06
1.7531201e-05
2.9826746e-05
4.3693444e-05
5.6495426e-05
7.0633094e-05
9.1152046e-05
0.00011577226
0.00014463196
0.00017745435
0.00020922473
0.00024203669
0.00027258876
0.00030559598
0.00033441569
0.00036687017
0.00039652708
0.0004301558
0.00045876606
0.00049247492
0.00051930567
0.00055377132
0.00057870597
0.00061416118
0.00063710909
0.00067417559
0.00069392442
0.00073686904
1.6404436e-07
1.6408702e-07
1.6411866e-07
1.6413038e-07
1.6413833e-07
1.6413004e-07
1.6411797e-07
1.6409153e-07
1.6406165e-07
1.6402075e-07
1.6397706e-07
1.639254e-07
1.6387155e-07
1.6381229e-07
1.6375141e-07
1.6368704e-07
1.636215e-07
1.6355388e-07
1.634855e-07
1.6341606e-07
1.6334628e-07
1.6327618e-07
1.6320612e-07
1.6313628e-07
1.6306677e-07
1.6299794e-07
1.6292957e-07
1.6286227e-07
1.6279536e-07
1.6272988e-07
1.6266458e-07
1.6260107e-07
1.6253739e-07
1.6247587e-07
1.6241376e-07
1.6235411e-07
1.622935e-07
1.6223547e-07
1.6217642e-07
1.6211968e-07
1.6206232e-07
1.6200656e-07
1.6195105e-07
1.6189609e-07
1.6184245e-07
1.6178833e-07
1.6173633e-07
1.6168339e-07
1.6163251e-07
1.6158124e-07
1.6153071e-07
1.6148166e-07
1.6143063e-07
1.6138407e-07
1.6133184e-07
1.6128761e-07
1.612339e-07
1.6119117e-07
1.6113631e-07
1.610935e-07
1.6103856e-07
1.6099336e-07
1.609401e-07
1.6088978e-07
1.6084031e-07
1.6078234e-07
1.6073834e-07
1.6067136e-07
1.6063312e-07
1.6055782e-07
1.6052344e-07
1.6044302e-07
1.6040836e-07
1.6032804e-07
1.6028752e-07
1.602133e-07
1.6016147e-07
1.6009838e-07
1.6003143e-07
1.5998205e-07
1.5989906e-07
1.5986264e-07
1.5976604e-07
1.5973843e-07
1.5963375e-07
1.5960801e-07
1.5950301e-07
1.5947055e-07
1.5937402e-07
1.5932617e-07
1.592462e-07
1.5917616e-07
1.5911818e-07
1.5902288e-07
1.5898821e-07
1.5886922e-07
1.5885485e-07
1.5871779e-07
1.5871754e-07
1.5857067e-07
1.5857633e-07
1.5842976e-07
1.5843115e-07
1.5829716e-07
1.5828186e-07
1.5817415e-07
1.5812978e-07
1.5805922e-07
1.5797896e-07
1.5794828e-07
1.5783427e-07
1.5783882e-07
1.5769777e-07
1.5773344e-07
1.5756753e-07
1.5763501e-07
1.5744404e-07
1.5754028e-07
1.5733639e-07
1.5744057e-07
1.5725802e-07
1.5732838e-07
1.5720626e-07
1.5721935e-07
1.5715988e-07
1.5713612e-07
1.5725252e-07
1.5652248e-07
1.5718244e-07
1.5976474e-07
1.6765672e-07
1.9103701e-07
2.5802037e-07
4.6350773e-07
1.056142e-06
2.4057916e-06
4.9679503e-06
9.4911715e-06
1.7419005e-05
2.9880149e-05
4.4133059e-05
5.7504167e-05
7.1430793e-05
9.4663291e-05
0.00011788641
0.00014892387
0.00018066439
0.00021527801
0.00024608861
0.00028003225
0.00031012208
0.00034352238
0.00037173351
0.00040814971
0.00043484655
0.00047222693
0.00049666583
0.00053588466
0.00055627524
0.00060274263
1.5320663e-07
1.5324683e-07
1.532759e-07
1.5329905e-07
1.5331287e-07
1.5332165e-07
1.5332182e-07
1.5331717e-07
1.5330517e-07
1.5328912e-07
1.5326713e-07
1.5324175e-07
1.532117e-07
1.5317894e-07
1.5314263e-07
1.5310424e-07
1.5306325e-07
1.5302074e-07
1.5297646e-07
1.5293112e-07
1.5288472e-07
1.528376e-07
1.5279006e-07
1.5274199e-07
1.5269407e-07
1.5264569e-07
1.5259789e-07
1.5254969e-07
1.5250229e-07
1.5245463e-07
1.5240772e-07
1.5236085e-07
1.5231442e-07
1.5226847e-07
1.5222251e-07
1.5217739e-07
1.5213206e-07
1.5208744e-07
1.5204309e-07
1.5199839e-07
1.5195554e-07
1.5191011e-07
1.5186925e-07
1.5182262e-07
1.5178395e-07
1.5173616e-07
1.516993e-07
1.5165112e-07
1.5161495e-07
1.5156785e-07
1.5153063e-07
1.5148647e-07
1.5144622e-07
1.5140664e-07
1.5136186e-07
1.5132753e-07
1.5127779e-07
1.5124789e-07
1.511943e-07
1.5116634e-07
1.511114e-07
1.510817e-07
1.5102871e-07
1.5099332e-07
1.5094538e-07
1.5090117e-07
1.5086017e-07
1.5080585e-07
1.5077167e-07
1.5070833e-07
1.5067856e-07
1.5060966e-07
1.5057989e-07
1.5051063e-07
1.5047533e-07
1.5041144e-07
1.5036525e-07
1.5031156e-07
1.5025075e-07
1.5020971e-07
1.5013339e-07
1.5010409e-07
1.5001493e-07
1.4999279e-07
1.4989686e-07
1.4987425e-07
1.4977999e-07
1.4974768e-07
1.4966419e-07
1.4961339e-07
1.4954824e-07
1.494728e-07
1.4942994e-07
1.4932826e-07
1.4930645e-07
1.4918259e-07
1.4917481e-07
1.4903842e-07
1.4903258e-07
1.4889765e-07
1.4887831e-07
1.4876099e-07
1.4871202e-07
1.4862747e-07
1.4853566e-07
1.4849394e-07
1.4835336e-07
1.4835541e-07
1.481704e-07
1.4820655e-07
1.4799178e-07
1.4804295e-07
1.4782205e-07
1.4786112e-07
1.4766506e-07
1.4765868e-07
1.4752139e-07
1.4743868e-07
1.4738496e-07
1.4721172e-07
1.472458e-07
1.4698702e-07
1.4709791e-07
1.4676717e-07
1.4694058e-07
1.4655769e-07
1.467627e-07
1.4637743e-07
1.4653806e-07
1.4625091e-07
1.4627607e-07
1.4619399e-07
1.4548257e-07
1.4641218e-07
1.4843031e-07
1.5605352e-07
1.7731513e-07
2.4072347e-07
4.3385105e-07
9.947189e-07
2.2761713e-06
4.7355229e-06
9.0210804e-06
1.6966263e-05
2.9102182e-05
4.3906532e-05
5.8004878e-05
7.398952e-05
9.3664527e-05
0.00012142175
0.00014854002
0.000185374
0.00021568116
0.00025316273
0.00028071827
0.00031935244
0.00034489979
0.00038525592
0.00040631732
0.00045652439
1.4552255e-07
1.4555643e-07
1.4558489e-07
1.4560835e-07
1.4562739e-07
1.4564149e-07
1.4565124e-07
1.4565623e-07
1.4565737e-07
1.4565419e-07
1.4564772e-07
1.4563738e-07
1.456243e-07
1.4560787e-07
1.4558921e-07
1.4556775e-07
1.4554449e-07
1.45519e-07
1.4549209e-07
1.4546351e-07
1.4543383e-07
1.4540297e-07
1.4537132e-07
1.4533881e-07
1.4530586e-07
1.4527223e-07
1.4523849e-07
1.4520418e-07
1.451699e-07
1.4513537e-07
1.4510055e-07
1.450663e-07
1.4503073e-07
1.4499725e-07
1.4496066e-07
1.4492826e-07
1.4489053e-07
1.4485916e-07
1.4482055e-07
1.4478965e-07
1.4475091e-07
1.4471944e-07
1.4468166e-07
1.4464839e-07
1.4461265e-07
1.4457664e-07
1.4454349e-07
1.4450458e-07
1.4447359e-07
1.4443273e-07
1.4440239e-07
1.4436147e-07
1.4432952e-07
1.442908e-07
1.44255e-07
1.4422017e-07
1.4417929e-07
1.4414855e-07
1.4410304e-07
1.4407472e-07
1.4402686e-07
1.4399761e-07
1.4395089e-07
1.4391673e-07
1.438746e-07
1.4383233e-07
1.4379678e-07
1.4374532e-07
1.4371581e-07
1.4365699e-07
1.436301e-07
1.4356841e-07
1.4353862e-07
1.4348001e-07
1.434413e-07
1.433912e-07
1.4333913e-07
1.4330043e-07
1.4323395e-07
1.4320552e-07
1.4312788e-07
1.4310428e-07
1.4302262e-07
1.4299522e-07
1.4291884e-07
1.428781e-07
1.4281576e-07
1.4275418e-07
1.4271114e-07
1.4262598e-07
1.4260177e-07
1.4249669e-07
1.4248425e-07
1.4236922e-07
1.42356e-07
1.4224526e-07
1.4221612e-07
1.4212456e-07
1.4206585e-07
1.4200473e-07
1.419085e-07
1.418816e-07
1.4174874e-07
1.417502e-07
1.4159139e-07
1.4160603e-07
1.4144008e-07
1.414464e-07
1.4129606e-07
1.4127124e-07
1.4115775e-07
1.4108342e-07
1.4102099e-07
1.4088839e-07
1.4087959e-07
1.4069272e-07
1.4072687e-07
1.4050254e-07
1.4055772e-07
1.4032231e-07
1.4036954e-07
1.4015379e-07
1.401614e-07
1.3999652e-07
1.3993568e-07
1.3984689e-07
1.3969853e-07
1.3969603e-07
1.3946028e-07
1.3953274e-07
1.3923265e-07
1.3934685e-07
1.3902146e-07
1.3913782e-07
1.3881682e-07
1.3893518e-07
1.3858998e-07
1.3791985e-07
1.3889582e-07
1.4051816e-07
1.475402e-07
1.6619441e-07
2.223609e-07
3.9666693e-07
8.9810973e-07
2.0780146e-06
4.3752972e-06
8.6079e-06
1.5854093e-05
2.7968587e-05
4.2401039e-05
5.7565641e-05
7.2037527e-05
9.898304e-05
0.00011611859
0.0001542483
0.00018047703
0.00022482268
0.00024743225
0.00029873735
1.4031591e-07
1.4034445e-07
1.4036916e-07
1.4039129e-07
1.4041022e-07
1.4042617e-07
1.4043886e-07
1.4044853e-07
1.4045525e-07
1.40459e-07
1.4046016e-07
1.4045845e-07
1.4045449e-07
1.4044787e-07
1.4043933e-07
1.4042841e-07
1.4041586e-07
1.4040126e-07
1.4038532e-07
1.4036761e-07
1.403489e-07
1.403286e-07
1.4030776e-07
1.4028527e-07
1.4026287e-07
1.4023855e-07
1.4021506e-07
1.4018924e-07
1.4016496e-07
1.4013799e-07
1.4011305e-07
1.4008532e-07
1.4005965e-07
1.4003157e-07
1.4000501e-07
1.3997697e-07
1.3994934e-07
1.3992157e-07
1.3989278e-07
1.3986535e-07
1.3983546e-07
1.3980819e-07
1.3977745e-07
1.3974995e-07
1.3971876e-07
1.3969053e-07
1.3965933e-07
1.3962989e-07
1.3959903e-07
1.3956804e-07
1.3953764e-07
1.3950505e-07
1.3947488e-07
1.39441e-07
1.3941046e-07
1.3937593e-07
1.3934414e-07
1.3930977e-07
1.3927577e-07
1.3924226e-07
1.3920537e-07
1.3917295e-07
1.3913311e-07
1.3910125e-07
1.3905927e-07
1.3902657e-07
1.3898402e-07
1.3894848e-07
1.3890729e-07
1.3886694e-07
1.3882863e-07
1.3878234e-07
1.3874719e-07
1.3869543e-07
1.386619e-07
1.3860705e-07
1.385718e-07
1.3851775e-07
1.3847641e-07
1.3842742e-07
1.3837603e-07
1.3833509e-07
1.3827179e-07
1.3823903e-07
1.381654e-07
1.3813718e-07
1.3805857e-07
1.3802776e-07
1.3795237e-07
1.3791004e-07
1.3784657e-07
1.3778477e-07
1.3773936e-07
1.3765424e-07
1.3762759e-07
1.3752183e-07
1.3750749e-07
1.3739104e-07
1.3737578e-07
1.3726429e-07
1.3723085e-07
1.371419e-07
1.3707367e-07
1.3702143e-07
1.36908e-07
1.368978e-07
1.3673984e-07
1.3676429e-07
1.3657603e-07
1.3661422e-07
1.3642232e-07
1.3644306e-07
1.3628142e-07
1.3625021e-07
1.3615152e-07
1.3603983e-07
1.3602591e-07
1.3582073e-07
1.3589385e-07
1.3560517e-07
1.3574252e-07
1.3540585e-07
1.3555994e-07
1.3523265e-07
1.3533873e-07
1.3509006e-07
1.3507805e-07
1.3497446e-07
1.3478626e-07
1.3487206e-07
1.3448315e-07
1.3475843e-07
1.3419543e-07
1.3460709e-07
1.3394647e-07
1.3439882e-07
1.3375284e-07
1.3411841e-07
1.3361998e-07
1.3377287e-07
1.3354529e-07
1.3290989e-07
1.3276099e-07
1.3326543e-07
1.3505881e-07
1.4034699e-07
1.5704913e-07
2.0490792e-07
3.5196636e-07
7.8921887e-07
1.8218628e-06
3.8975458e-06
7.5435111e-06
1.4932714e-05
2.5313846e-05
4.0735641e-05
5.6491353e-05
7.5362104e-05
9.0194619e-05
0.00013273887
1.368989e-07
1.3691997e-07
1.3693891e-07
1.3695611e-07
1.3697149e-07
1.3698472e-07
1.3699595e-07
1.3700499e-07
1.370122e-07
1.3701712e-07
1.3702046e-07
1.3702139e-07
1.3702108e-07
1.3701827e-07
1.3701453e-07
1.3700835e-07
1.3700142e-07
1.3699227e-07
1.369824e-07
1.3697073e-07
1.3695818e-07
1.3694442e-07
1.3692947e-07
1.3691396e-07
1.3689696e-07
1.3687992e-07
1.3686128e-07
1.3684281e-07
1.3682295e-07
1.3680308e-07
1.3678236e-07
1.3676116e-07
1.3673979e-07
1.367174e-07
1.366954e-07
1.3667212e-07
1.3664931e-07
1.3662551e-07
1.3660163e-07
1.3657763e-07
1.3655251e-07
1.3652844e-07
1.3650213e-07
1.3647776e-07
1.3645066e-07
1.3642546e-07
1.3639816e-07
1.3637145e-07
1.3634452e-07
1.3631586e-07
1.3628943e-07
1.3625889e-07
1.3623248e-07
1.3620082e-07
1.3617328e-07
1.3614172e-07
1.3611168e-07
1.3608139e-07
1.3604784e-07
1.3601926e-07
1.3598222e-07
1.3595455e-07
1.3591536e-07
1.3588652e-07
1.3584757e-07
1.3581484e-07
1.3577863e-07
1.3573979e-07
1.3570768e-07
1.3566224e-07
1.3563339e-07
1.3558332e-07
1.3555444e-07
1.3550391e-07
1.3547004e-07
1.3542409e-07
1.3538043e-07
1.3534283e-07
1.3528695e-07
1.352581e-07
1.3519165e-07
1.3516754e-07
1.3509654e-07
1.3506926e-07
1.3500266e-07
1.3496279e-07
1.3490933e-07
1.3484952e-07
1.3481403e-07
1.3473249e-07
1.3471296e-07
1.3461549e-07
1.3460224e-07
1.3450168e-07
1.3447937e-07
1.3439217e-07
1.3434443e-07
1.342852e-07
1.3420053e-07
1.3417611e-07
1.3405325e-07
1.3405853e-07
1.3390903e-07
1.3392623e-07
1.3377305e-07
1.3377538e-07
1.3364717e-07
1.3360623e-07
1.3352861e-07
1.3342383e-07
1.3341005e-07
1.332372e-07
1.3328114e-07
1.3305717e-07
1.3313123e-07
1.3289312e-07
1.3295286e-07
1.3274957e-07
1.3274483e-07
1.3262401e-07
1.3251339e-07
1.3250664e-07
1.3227138e-07
1.3238168e-07
1.3203657e-07
1.3223031e-07
1.3182714e-07
1.3203688e-07
1.3165372e-07
1.317966e-07
1.3151594e-07
1.3151306e-07
1.3140904e-07
1.3119206e-07
1.3132226e-07
1.3085639e-07
1.3121539e-07
1.3056153e-07
1.310299e-07
1.3034715e-07
1.307639e-07
1.3017646e-07
1.3046795e-07
1.300146e-07
1.3013759e-07
1.2993792e-07
1.2885635e-07
1.2927332e-07
1.2924996e-07
1.3089281e-07
1.3489086e-07
1.4849216e-07
1.849889e-07
3.0786868e-07
6.5186432e-07
1.5421999e-06
3.3638204e-06
7.0623383e-06
1.2820068e-05
2.5463233e-05
1.3467649e-07
1.3468972e-07
1.3470229e-07
1.3471322e-07
1.3472355e-07
1.3473207e-07
1.3473955e-07
1.3474548e-07
1.3475009e-07
1.3475344e-07
1.3475519e-07
1.3475596e-07
1.3475493e-07
1.3475315e-07
1.3474951e-07
1.3474526e-07
1.3473921e-07
1.3473259e-07
1.3472435e-07
1.3471552e-07
1.347053e-07
1.3469447e-07
1.3468244e-07
1.3466984e-07
1.3465618e-07
1.3464201e-07
1.346269e-07
1.3461132e-07
1.3459495e-07
1.345781e-07
1.3456063e-07
1.3454261e-07
1.3452416e-07
1.3450511e-07
1.3448571e-07
1.3446579e-07
1.3444542e-07
1.3442479e-07
1.344034e-07
1.3438215e-07
1.3435978e-07
1.3433785e-07
1.3431465e-07
1.3429184e-07
1.3426807e-07
1.3424412e-07
1.3421996e-07
1.3419473e-07
1.3417016e-07
1.3414377e-07
1.3411847e-07
1.3409131e-07
1.3406471e-07
1.340373e-07
1.3400889e-07
1.339815e-07
1.3395114e-07
1.3392353e-07
1.338917e-07
1.33863e-07
1.3383067e-07
1.3379971e-07
1.3376793e-07
1.3373377e-07
1.3370298e-07
1.3366559e-07
1.3363514e-07
1.3359566e-07
1.3356377e-07
1.3352425e-07
1.3348862e-07
1.3345111e-07
1.3341001e-07
1.3337544e-07
1.333288e-07
1.3329604e-07
1.3324596e-07
1.3321187e-07
1.331621e-07
1.331225e-07
1.3307698e-07
1.3302847e-07
1.3298938e-07
1.3293123e-07
1.3289738e-07
1.3283258e-07
1.327991e-07
1.3273387e-07
1.3269355e-07
1.326352e-07
1.3258123e-07
1.3253506e-07
1.3246419e-07
1.3243062e-07
1.3234547e-07
1.3231859e-07
1.3222787e-07
1.3219659e-07
1.3211274e-07
1.3206424e-07
1.31999e-07
1.3192373e-07
1.3188313e-07
1.3177937e-07
1.3176001e-07
1.3163628e-07
1.3162463e-07
1.314985e-07
1.3147397e-07
1.3136725e-07
1.3130851e-07
1.3123989e-07
1.311326e-07
1.3111023e-07
1.309536e-07
1.3096996e-07
1.3077978e-07
1.3081116e-07
1.3061769e-07
1.3062915e-07
1.3046948e-07
1.3042465e-07
1.3033118e-07
1.3020457e-07
1.3019309e-07
1.2998081e-07
1.3004177e-07
1.2976735e-07
1.2986351e-07
1.2957599e-07
1.2964991e-07
1.2941046e-07
1.2940235e-07
1.2926483e-07
1.2912927e-07
1.2913014e-07
1.2884001e-07
1.2899378e-07
1.2855459e-07
1.2882501e-07
1.2831145e-07
1.2858883e-07
1.2812628e-07
1.2829919e-07
1.2796089e-07
1.2799535e-07
1.2780707e-07
1.2763127e-07
1.2774744e-07
1.2714699e-07
1.27684e-07
1.2644209e-07
1.2646132e-07
1.2669823e-07
1.2741967e-07
1.3112001e-07
1.4067192e-07
1.7281756e-07
2.6557638e-07
5.8499478e-07
1.3311786e-07
1.3312533e-07
1.3313187e-07
1.3313789e-07
1.3314316e-07
1.3314755e-07
1.3315109e-07
1.3315368e-07
1.3315545e-07
1.3315621e-07
1.3315616e-07
1.3315505e-07
1.3315316e-07
1.3315019e-07
1.3314647e-07
1.3314168e-07
1.3313616e-07
1.3312962e-07
1.3312237e-07
1.3311416e-07
1.3310526e-07
1.3309548e-07
1.3308503e-07
1.3307379e-07
1.3306189e-07
1.330493e-07
1.3303607e-07
1.3302221e-07
1.3300777e-07
1.3299274e-07
1.3297718e-07
1.3296107e-07
1.3294444e-07
1.3292736e-07
1.329097e-07
1.3289173e-07
1.3287307e-07
1.3285425e-07
1.3283467e-07
1.3281496e-07
1.3279455e-07
1.327739e-07
1.3275275e-07
1.3273111e-07
1.3270923e-07
1.3268663e-07
1.3266394e-07
1.3264049e-07
1.3261679e-07
1.3259268e-07
1.3256777e-07
1.3254309e-07
1.325169e-07
1.3249156e-07
1.3246423e-07
1.3243789e-07
1.3240976e-07
1.3238197e-07
1.3235339e-07
1.3232381e-07
1.3229484e-07
1.3226355e-07
1.3223378e-07
1.3220132e-07
1.3216993e-07
1.3213712e-07
1.3210321e-07
1.3207069e-07
1.3203382e-07
1.3200155e-07
1.3196214e-07
1.3192912e-07
1.3188846e-07
1.3185304e-07
1.3181279e-07
1.3177333e-07
1.3173463e-07
1.3169053e-07
1.3165307e-07
1.316054e-07
1.3156716e-07
1.3151852e-07
1.3147634e-07
1.3142989e-07
1.3138079e-07
1.3133865e-07
1.3128152e-07
1.3124333e-07
1.3117999e-07
1.3114232e-07
1.3107736e-07
1.3103471e-07
1.3097386e-07
1.3092084e-07
1.3086828e-07
1.3080246e-07
1.3075822e-07
1.3068225e-07
1.3064078e-07
1.3056278e-07
1.3051374e-07
1.3044539e-07
1.3037654e-07
1.3032936e-07
1.3023079e-07
1.3021186e-07
1.3007992e-07
1.3008864e-07
1.2992813e-07
1.2995544e-07
1.2977885e-07
1.2980943e-07
1.2963353e-07
1.2965031e-07
1.2949076e-07
1.2948077e-07
1.2934632e-07
1.2930598e-07
1.2919406e-07
1.2913243e-07
1.290275e-07
1.2896587e-07
1.2884205e-07
1.2880909e-07
1.2863705e-07
1.2866024e-07
1.2841696e-07
1.285123e-07
1.2819089e-07
1.2835452e-07
1.2797043e-07
1.2817538e-07
1.2776574e-07
1.279669e-07
1.2758163e-07
1.2772781e-07
1.2741557e-07
1.2746442e-07
1.2725689e-07
1.2719207e-07
1.2708565e-07
1.2693367e-07
1.2687988e-07
1.2670504e-07
1.2663307e-07
1.2650593e-07
1.2634349e-07
1.2635064e-07
1.2598207e-07
1.262682e-07
1.2555146e-07
1.2619357e-07
1.2517899e-07
1.2598919e-07
1.2490058e-07
1.2577689e-07
1.2409961e-07
1.2454507e-07
1.2417462e-07
1.2591759e-07
1.321728e-07
1.3217595e-07
1.321785e-07
1.3218073e-07
1.3218244e-07
1.3218361e-07
1.3218413e-07
1.3218412e-07
1.3218343e-07
1.3218217e-07
1.3218021e-07
1.3217766e-07
1.3217438e-07
1.321705e-07
1.3216588e-07
1.3216067e-07
1.3215471e-07
1.3214816e-07
1.3214088e-07
1.3213301e-07
1.3212443e-07
1.3211529e-07
1.3210545e-07
1.3209507e-07
1.3208402e-07
1.3207245e-07
1.3206024e-07
1.3204754e-07
1.320342e-07
1.3202043e-07
1.3200601e-07
1.3199124e-07
1.3197575e-07
1.3196003e-07
1.3194352e-07
1.3192689e-07
1.3190939e-07
1.3189187e-07
1.3187341e-07
1.3185499e-07
1.3183563e-07
1.3181631e-07
1.3179605e-07
1.3177586e-07
1.3175465e-07
1.3173363e-07
1.3171141e-07
1.3168963e-07
1.316663e-07
1.316438e-07
1.3161931e-07
1.3159605e-07
1.3157041e-07
1.3154635e-07
1.3151951e-07
1.3149466e-07
1.3146649e-07
1.3144104e-07
1.3141114e-07
1.3138556e-07
1.3135324e-07
1.3132824e-07
1.3129267e-07
1.3126896e-07
1.3122946e-07
1.3120747e-07
1.3116373e-07
1.311434e-07
1.3109567e-07
1.3107644e-07
1.3102534e-07
1.3100642e-07
1.3095262e-07
1.3093341e-07
1.3087716e-07
1.3085766e-07
1.3079854e-07
1.3077941e-07
1.3071647e-07
1.3069868e-07
1.3063097e-07
1.3061518e-07
1.3054236e-07
1.3052833e-07
1.3045113e-07
1.3043755e-07
1.3035759e-07
1.3034251e-07
1.3026161e-07
1.3024341e-07
1.301625e-07
1.3014093e-07
1.3005912e-07
1.3003597e-07
1.2995036e-07
1.2992912e-07
1.2983559e-07
1.2982027e-07
1.2971513e-07
1.2970835e-07
1.2959017e-07
1.2959156e-07
1.2946238e-07
1.2946805e-07
1.2933312e-07
1.2933675e-07
1.2920259e-07
1.2919802e-07
1.2906939e-07
1.2905386e-07
1.289307e-07
1.2890727e-07
1.2878322e-07
1.2876115e-07
1.2862451e-07
1.2861689e-07
1.2845418e-07
1.284734e-07
1.2827451e-07
1.2832708e-07
1.2809004e-07
1.2817266e-07
1.2790621e-07
1.2800488e-07
1.2772747e-07
1.2782047e-07
1.2755551e-07
1.2761955e-07
1.2738819e-07
1.2740608e-07
1.2721997e-07
1.2718664e-07
1.2704377e-07
1.2696779e-07
1.2685428e-07
1.2675262e-07
1.26651e-07
1.2653884e-07
1.2643805e-07
1.263215e-07
1.2621964e-07
1.2609808e-07
1.2599614e-07
1.2586942e-07
1.2576649e-07
1.2563598e-07
1.2553104e-07
1.2539718e-07
1.2529008e-07
1.2515304e-07
1.2504414e-07
1.249023e-07
1.2479514e-07
1.246438e-07
1.2454246e-07
1.2438011e-07
1.242841e-07
1.2410829e-07
1.2401964e-07
1.2379806e-07
1.3157975e-07
1.3157885e-07
1.3157767e-07
1.3157618e-07
1.3157441e-07
1.3157223e-07
1.3156959e-07
1.3156663e-07
1.315631e-07
1.3155931e-07
1.3155481e-07
1.3155015e-07
1.3154462e-07
1.3153905e-07
1.3153244e-07
1.3152595e-07
1.3151822e-07
1.315108e-07
1.3150191e-07
1.3149358e-07
1.3148349e-07
1.3147429e-07
1.3146296e-07
1.3145297e-07
1.3144033e-07
1.3142965e-07
1.3141565e-07
1.3140441e-07
1.3138895e-07
1.3137729e-07
1.3136028e-07
1.3134835e-07
1.3132969e-07
1.3131766e-07
1.3129725e-07
1.3128522e-07
1.3126303e-07
1.3125107e-07
1.3122707e-07
1.312152e-07
1.3118943e-07
1.311776e-07
1.3115011e-07
1.3113827e-07
1.3110911e-07
1.3109717e-07
1.3106641e-07
1.3105428e-07
1.3102197e-07
1.3100955e-07
1.3097572e-07
1.3096292e-07
1.3092758e-07
1.3091436e-07
1.3087744e-07
1.308638e-07
1.308252e-07
1.3081121e-07
1.3077072e-07
1.3075653e-07
1.3071392e-07
1.3069966e-07
1.3065475e-07
1.3064046e-07
1.3059318e-07
1.3057879e-07
1.3052917e-07
1.3051455e-07
1.3046263e-07
1.304477e-07
1.3039338e-07
1.3037824e-07
1.303212e-07
1.3030616e-07
1.3024594e-07
1.3023134e-07
1.3016754e-07
1.3015345e-07
1.3008611e-07
1.3007202e-07
1.3000186e-07
1.2998652e-07
1.2991496e-07
1.2989652e-07
1.2982539e-07
1.2980188e-07
1.2973286e-07
1.2970277e-07
1.2963684e-07
1.2959959e-07
1.2953672e-07
1.2949277e-07
1.29432e-07
1.293826e-07
1.2932245e-07
1.2926913e-07
1.2920811e-07
1.2915216e-07
1.2908922e-07
1.2903138e-07
1.2896603e-07
1.289065e-07
1.2883875e-07
1.2877733e-07
1.2870745e-07
1.2864378e-07
1.2857211e-07
1.285059e-07
1.2843265e-07
1.2836377e-07
1.2828895e-07
1.2821755e-07
1.2814089e-07
1.2806736e-07
1.2798841e-07
1.2791321e-07
1.2783148e-07
1.2775501e-07
1.2767016e-07
1.275925e-07
1.2750451e-07
1.2742533e-07
1.2733457e-07
1.2725313e-07
1.2716029e-07
1.2707561e-07
1.2698149e-07
1.268926e-07
1.2679785e-07
1.2670412e-07
1.2660904e-07
1.2651027e-07
1.2641472e-07
1.2631117e-07
1.2621476e-07
1.2610691e-07
1.2600925e-07
1.2589738e-07
1.2579843e-07
1.256825e-07
1.2558256e-07
1.2546228e-07
1.2536175e-07
1.2523679e-07
1.2513604e-07
1.2500608e-07
1.2490554e-07
1.2477005e-07
1.2467031e-07
1.2452867e-07
1.2443029e-07
1.2428193e-07
1.2418537e-07
1.2402978e-07
1.239356e-07
1.2377191e-07
1.2368131e-07
1.2350894e-07
1.2342204e-07
1.2320098e-07
1.3107652e-07
1.3107501e-07
1.3107122e-07
1.3106946e-07
1.3106498e-07
1.3106294e-07
1.3105754e-07
1.3105518e-07
1.3104879e-07
1.3104612e-07
1.3103864e-07
1.3103564e-07
1.3102699e-07
1.3102365e-07
1.3101377e-07
1.3101007e-07
1.3099892e-07
1.3099481e-07
1.309824e-07
1.3097785e-07
1.3096417e-07
1.3095914e-07
1.3094422e-07
1.3093868e-07
1.3092253e-07
1.3091646e-07
1.308991e-07
1.308925e-07
1.3087393e-07
1.3086682e-07
1.3084703e-07
1.3083943e-07
1.308184e-07
1.3081034e-07
1.3078806e-07
1.3077956e-07
1.30756e-07
1.3074707e-07
1.3072224e-07
1.3071285e-07
1.3068677e-07
1.3067687e-07
1.3064959e-07
1.3063907e-07
1.3061068e-07
1.3059937e-07
1.3057003e-07
1.305577e-07
1.3052761e-07
1.3051395e-07
1.3048337e-07
1.3046806e-07
1.3043725e-07
1.3041998e-07
1.3038915e-07
1.3036969e-07
1.3033891e-07
1.3031719e-07
1.3028641e-07
1.3026247e-07
1.302315e-07
1.3020553e-07
1.3017408e-07
1.301463e-07
1.3011406e-07
1.3008471e-07
1.3005142e-07
1.3002063e-07
1.299861e-07
1.2995398e-07
1.2991808e-07
1.2988464e-07
1.2984731e-07
1.2981256e-07
1.2977373e-07
1.2973767e-07
1.2969731e-07
1.2965992e-07
1.29618e-07
1.2957924e-07
1.2953578e-07
1.2949557e-07
1.2945061e-07
1.2940883e-07
1.2936244e-07
1.2931897e-07
1.2927119e-07
1.2922591e-07
1.2917673e-07
1.2912957e-07
1.2907893e-07
1.2902984e-07
1.2897763e-07
1.2892659e-07
1.2887268e-07
1.2881969e-07
1.2876396e-07
1.28709e-07
1.2865134e-07
1.2859438e-07
1.2853472e-07
1.2847569e-07
1.2841398e-07
1.2835282e-07
1.28289e-07
1.2822561e-07
1.2815962e-07
1.2809389e-07
1.2802563e-07
1.2795743e-07
1.2788683e-07
1.2781602e-07
1.2774299e-07
1.2766943e-07
1.2759391e-07
1.2751749e-07
1.2743944e-07
1.2736009e-07
1.2727951e-07
1.2719716e-07
1.2711411e-07
1.2702875e-07
1.2694333e-07
1.2685492e-07
1.2676726e-07
1.266758e-07
1.2658603e-07
1.2649147e-07
1.2639975e-07
1.2630202e-07
1.2620846e-07
1.2610746e-07
1.2601218e-07
1.2590774e-07
1.2581088e-07
1.2570278e-07
1.2560446e-07
1.2549246e-07
1.2539283e-07
1.2527666e-07
1.2517593e-07
1.2505524e-07
1.2495368e-07
1.2482814e-07
1.2472608e-07
1.245953e-07
1.2449317e-07
1.2435672e-07
1.2425504e-07
1.2411242e-07
1.2401182e-07
1.2386246e-07
1.2376367e-07
1.2360688e-07
1.2351076e-07
1.2334575e-07
1.232533e-07
1.2307909e-07
1.2299143e-07
1.2276928e-07
1.3093501e-07
1.3093317e-07
1.3092511e-07
1.3092307e-07
1.3091442e-07
1.309121e-07
1.3090279e-07
1.3090014e-07
1.3089015e-07
1.3088713e-07
1.3087644e-07
1.3087299e-07
1.3086161e-07
1.3085769e-07
1.3084561e-07
1.3084115e-07
1.3082838e-07
1.3082331e-07
1.3080988e-07
1.308041e-07
1.3079007e-07
1.3078348e-07
1.3076889e-07
1.3076138e-07
1.3074633e-07
1.3073779e-07
1.3072234e-07
1.3071268e-07
1.3069688e-07
1.3068604e-07
1.3066992e-07
1.3065786e-07
1.3064138e-07
1.3062813e-07
1.3061123e-07
1.3059682e-07
1.3057941e-07
1.3056389e-07
1.3054586e-07
1.3052931e-07
1.3051054e-07
1.3049301e-07
1.304734e-07
1.3045493e-07
1.3043442e-07
1.3041502e-07
1.3039355e-07
1.303732e-07
1.3035075e-07
1.3032943e-07
1.3030599e-07
1.3028365e-07
1.302592e-07
1.3023582e-07
1.3021034e-07
1.3018587e-07
1.3015935e-07
1.3013375e-07
1.3010616e-07
1.3007941e-07
1.3005071e-07
1.3002278e-07
1.2999292e-07
1.2996379e-07
1.2993273e-07
1.2990238e-07
1.2987007e-07
1.2983848e-07
1.2980488e-07
1.2977203e-07
1.2973709e-07
1.2970294e-07
1.2966664e-07
1.2963116e-07
1.2959347e-07
1.2955662e-07
1.2951751e-07
1.2947927e-07
1.2943871e-07
1.2939906e-07
1.2935702e-07
1.2931592e-07
1.2927238e-07
1.292298e-07
1.2918472e-07
1.2914061e-07
1.2909395e-07
1.2904827e-07
1.2899998e-07
1.2895267e-07
1.2890269e-07
1.2885369e-07
1.2880195e-07
1.2875118e-07
1.2869763e-07
1.2864502e-07
1.2858959e-07
1.2853506e-07
1.284777e-07
1.2842118e-07
1.2836182e-07
1.2830323e-07
1.2824182e-07
1.2818108e-07
1.2811755e-07
1.2805456e-07
1.2798883e-07
1.2792346e-07
1.2785544e-07
1.2778755e-07
1.2771714e-07
1.276466e-07
1.275737e-07
1.2750035e-07
1.2742488e-07
1.2734859e-07
1.2727051e-07
1.2719119e-07
1.271105e-07
1.2702808e-07
1.2694483e-07
1.2685926e-07
1.2677355e-07
1.2668482e-07
1.2659678e-07
1.2650489e-07
1.2641466e-07
1.2631959e-07
1.2622734e-07
1.2612904e-07
1.2603494e-07
1.2593332e-07
1.2583751e-07
1.2573243e-07
1.2563506e-07
1.2552632e-07
1.2542753e-07
1.2531488e-07
1.2521481e-07
1.2509795e-07
1.249968e-07
1.2487538e-07
1.2477338e-07
1.2464702e-07
1.2454448e-07
1.2441277e-07
1.243101e-07
1.2417258e-07
1.2407029e-07
1.2392647e-07
1.2382519e-07
1.236745e-07
1.2357498e-07
1.2341674e-07
1.2331988e-07
1.231533e-07
1.2306011e-07
1.2288425e-07
1.227959e-07
1.2257281e-07
1.3062141e-07
1.306173e-07
1.3060932e-07
1.3060487e-07
1.3059676e-07
1.3059177e-07
1.3058339e-07
1.3057778e-07
1.3056912e-07
1.3056285e-07
1.305539e-07
1.3054694e-07
1.3053766e-07
1.3052999e-07
1.3052031e-07
1.3051193e-07
1.3050181e-07
1.3049274e-07
1.3048215e-07
1.3047242e-07
1.304613e-07
1.3045093e-07
1.3043926e-07
1.3042823e-07
1.3041595e-07
1.3040424e-07
1.303913e-07
1.3037889e-07
1.3036525e-07
1.303521e-07
1.3033773e-07
1.3032383e-07
1.3030872e-07
1.3029404e-07
1.3027817e-07
1.3026272e-07
1.3024608e-07
1.3022985e-07
1.3021241e-07
1.3019538e-07
1.3017712e-07
1.3015928e-07
1.3014017e-07
1.3012149e-07
1.301015e-07
1.3008195e-07
1.3006104e-07
1.3004058e-07
1.300187e-07
1.299973e-07
1.2997443e-07
1.2995205e-07
1.2992815e-07
1.2990476e-07
1.2987979e-07
1.2985536e-07
1.2982929e-07
1.298038e-07
1.297766e-07
1.2975001e-07
1.2972166e-07
1.2969393e-07
1.2966438e-07
1.2963549e-07
1.2960471e-07
1.2957462e-07
1.2954257e-07
1.2951123e-07
1.2947788e-07
1.2944525e-07
1.2941054e-07
1.293766e-07
1.2934049e-07
1.2930517e-07
1.2926762e-07
1.2923088e-07
1.2919184e-07
1.2915364e-07
1.2911307e-07
1.2907337e-07
1.2903124e-07
1.2898999e-07
1.2894627e-07
1.2890346e-07
1.2885811e-07
1.2881371e-07
1.2876672e-07
1.287207e-07
1.2867204e-07
1.2862435e-07
1.2857398e-07
1.2852458e-07
1.2847245e-07
1.2842127e-07
1.2836732e-07
1.2831428e-07
1.2825845e-07
1.2820348e-07
1.2814569e-07
1.2808871e-07
1.2802891e-07
1.2796984e-07
1.2790796e-07
1.2784672e-07
1.2778273e-07
1.2771923e-07
1.2765307e-07
1.2758725e-07
1.2751888e-07
1.2745065e-07
1.2738003e-07
1.273093e-07
1.2723641e-07
1.2716311e-07
1.2708792e-07
1.2701197e-07
1.269345e-07
1.2685584e-07
1.267761e-07
1.2669468e-07
1.2661273e-07
1.2652851e-07
1.2644441e-07
1.2635734e-07
1.2627119e-07
1.2618121e-07
1.2609309e-07
1.2600012e-07
1.2591011e-07
1.2581404e-07
1.2572222e-07
1.256229e-07
1.2552937e-07
1.2542661e-07
1.2533148e-07
1.2522508e-07
1.2512848e-07
1.2501821e-07
1.2492032e-07
1.2480595e-07
1.2470701e-07
1.2458826e-07
1.2448856e-07
1.2436512e-07
1.2426502e-07
1.2413655e-07
1.2403647e-07
1.2390254e-07
1.2380296e-07
1.2366307e-07
1.2356456e-07
1.234181e-07
1.2332131e-07
1.2316758e-07
1.2307328e-07
1.2291141e-07
1.2282051e-07
1.2264951e-07
1.2256307e-07
1.223431e-07
1.3049525e-07
1.3049077e-07
1.3048462e-07
1.304784e-07
1.3047129e-07
1.3046462e-07
1.3045722e-07
1.3045017e-07
1.3044237e-07
1.3043487e-07
1.3042665e-07
1.3041868e-07
1.3040999e-07
1.3040154e-07
1.3039235e-07
1.3038338e-07
1.3037365e-07
1.3036412e-07
1.3035382e-07
1.3034371e-07
1.303328e-07
1.3032208e-07
1.3031054e-07
1.302992e-07
1.3028701e-07
1.3027502e-07
1.3026215e-07
1.302495e-07
1.3023592e-07
1.3022259e-07
1.3020828e-07
1.3019424e-07
1.3017919e-07
1.3016442e-07
1.3014859e-07
1.3013307e-07
1.3011645e-07
1.3010016e-07
1.3008272e-07
1.3006564e-07
1.3004737e-07
1.3002948e-07
1.3001037e-07
1.2999167e-07
1.2997169e-07
1.2995215e-07
1.2993128e-07
1.2991088e-07
1.298891e-07
1.298678e-07
1.2984507e-07
1.2982284e-07
1.2979912e-07
1.2977591e-07
1.2975114e-07
1.2972692e-07
1.2970107e-07
1.2967578e-07
1.296488e-07
1.2962242e-07
1.2959427e-07
1.2956674e-07
1.2953738e-07
1.2950867e-07
1.2947806e-07
1.2944813e-07
1.2941622e-07
1.2938502e-07
1.2935176e-07
1.2931922e-07
1.2928455e-07
1.2925062e-07
1.2921448e-07
1.291791e-07
1.2914142e-07
1.2910452e-07
1.2906527e-07
1.2902682e-07
1.2898594e-07
1.2894592e-07
1.2890341e-07
1.288618e-07
1.2881767e-07
1.2877447e-07
1.2872873e-07
1.2868396e-07
1.286366e-07
1.2859026e-07
1.2854129e-07
1.2849335e-07
1.2844274e-07
1.2839317e-07
1.2834088e-07
1.282896e-07
1.2823556e-07
1.2818249e-07
1.2812661e-07
1.2807166e-07
1.2801386e-07
1.2795692e-07
1.2789713e-07
1.278381e-07
1.2777623e-07
1.2771502e-07
1.2765102e-07
1.2758755e-07
1.2752137e-07
1.2745556e-07
1.2738716e-07
1.2731894e-07
1.272483e-07
1.271776e-07
1.2710469e-07
1.2703144e-07
1.2695626e-07
1.2688039e-07
1.2680295e-07
1.2672441e-07
1.2664473e-07
1.2656346e-07
1.2648159e-07
1.2639754e-07
1.2631354e-07
1.2622665e-07
1.2614059e-07
1.260508e-07
1.2596278e-07
1.2587e-07
1.257801e-07
1.2568423e-07
1.2559253e-07
1.2549342e-07
1.2540003e-07
1.2529751e-07
1.2520253e-07
1.2509638e-07
1.2499994e-07
1.2488994e-07
1.247922e-07
1.2467809e-07
1.2457928e-07
1.2446079e-07
1.243612e-07
1.2423802e-07
1.24138e-07
1.240098e-07
1.2390977e-07
1.2377613e-07
1.236766e-07
1.2353704e-07
1.234386e-07
1.2329254e-07
1.2319584e-07
1.2304258e-07
1.2294842e-07
1.2278711e-07
1.2269639e-07
1.2252602e-07
1.2243983e-07
1.2222022e-07
1.3048919e-07
1.3048264e-07
1.3047552e-07
1.3046855e-07
1.3046106e-07
1.3045372e-07
1.3044583e-07
1.3043811e-07
1.3042981e-07
1.3042169e-07
1.3041295e-07
1.3040439e-07
1.303952e-07
1.3038619e-07
1.3037651e-07
1.3036703e-07
1.3035684e-07
1.3034686e-07
1.3033614e-07
1.3032563e-07
1.3031434e-07
1.3030328e-07
1.302914e-07
1.3027975e-07
1.3026726e-07
1.3025501e-07
1.3024187e-07
1.3022899e-07
1.3021519e-07
1.3020165e-07
1.3018716e-07
1.3017296e-07
1.3015775e-07
1.3014286e-07
1.3012692e-07
1.3011131e-07
1.3009461e-07
1.3007826e-07
1.3006078e-07
1.3004368e-07
1.3002539e-07
1.300075e-07
1.2998838e-07
1.2996968e-07
1.299497e-07
1.2993016e-07
1.2990929e-07
1.2988887e-07
1.2986707e-07
1.2984574e-07
1.2982298e-07
1.2980071e-07
1.2977693e-07
1.2975368e-07
1.2972887e-07
1.2970459e-07
1.2967869e-07
1.2965336e-07
1.2962634e-07
1.2959991e-07
1.2957172e-07
1.2954415e-07
1.2951476e-07
1.2948601e-07
1.2945537e-07
1.2942541e-07
1.2939347e-07
1.2936224e-07
1.2932896e-07
1.292964e-07
1.2926173e-07
1.2922779e-07
1.2919166e-07
1.2915629e-07
1.2911865e-07
1.290818e-07
1.290426e-07
1.2900423e-07
1.2896345e-07
1.2892352e-07
1.2888114e-07
1.2883964e-07
1.2879564e-07
1.2875257e-07
1.2870693e-07
1.2866227e-07
1.28615e-07
1.2856872e-07
1.2851978e-07
1.2847186e-07
1.2842121e-07
1.2837157e-07
1.2831916e-07
1.2826774e-07
1.282135e-07
1.2816022e-07
1.2810407e-07
1.2804883e-07
1.279907e-07
1.2793342e-07
1.2787325e-07
1.2781385e-07
1.2775156e-07
1.2768996e-07
1.2762553e-07
1.2756166e-07
1.2749505e-07
1.2742885e-07
1.2736003e-07
1.2729144e-07
1.272204e-07
1.2714938e-07
1.2707612e-07
1.270026e-07
1.2692712e-07
1.2685105e-07
1.2677338e-07
1.266947e-07
1.2661486e-07
1.2653351e-07
1.2645153e-07
1.2636744e-07
1.2628336e-07
1.2619646e-07
1.2611033e-07
1.2602053e-07
1.2593241e-07
1.2583959e-07
1.2574956e-07
1.2565359e-07
1.2556172e-07
1.2546245e-07
1.2536884e-07
1.2526611e-07
1.2517088e-07
1.250645e-07
1.249678e-07
1.2485754e-07
1.2475958e-07
1.246452e-07
1.245462e-07
1.2442743e-07
1.2432767e-07
1.242042e-07
1.2410404e-07
1.2397548e-07
1.2387532e-07
1.2374126e-07
1.2364157e-07
1.2350149e-07
1.2340284e-07
1.2325613e-07
1.2315917e-07
1.2300513e-07
1.2291065e-07
1.2274843e-07
1.2265734e-07
1.2248597e-07
1.2239936e-07
1.2217907e-07
1.3047897e-07
1.3047197e-07
1.3046447e-07
1.3045715e-07
1.304493e-07
1.3044161e-07
1.3043337e-07
1.304253e-07
1.3041665e-07
1.3040818e-07
1.303991e-07
1.303902e-07
1.3038067e-07
1.3037134e-07
1.3036133e-07
1.3035154e-07
1.3034104e-07
1.3033076e-07
1.3031974e-07
1.3030895e-07
1.3029739e-07
1.3028606e-07
1.3027392e-07
1.3026203e-07
1.302493e-07
1.3023683e-07
1.3022347e-07
1.3021039e-07
1.3019639e-07
1.3018267e-07
1.30168e-07
1.3015364e-07
1.3013828e-07
1.3012324e-07
1.3010717e-07
1.3009144e-07
1.3007463e-07
1.3005819e-07
1.3004062e-07
1.3002343e-07
1.3000507e-07
1.2998712e-07
1.2996794e-07
1.2994919e-07
1.2992916e-07
1.2990957e-07
1.2988866e-07
1.298682e-07
1.2984636e-07
1.29825e-07
1.298022e-07
1.297799e-07
1.2975609e-07
1.2973281e-07
1.2970795e-07
1.2968365e-07
1.2965771e-07
1.2963235e-07
1.296053e-07
1.2957884e-07
1.2955062e-07
1.2952303e-07
1.2949361e-07
1.2946485e-07
1.2943419e-07
1.2940422e-07
1.2937228e-07
1.2934105e-07
1.2930779e-07
1.2927526e-07
1.2924062e-07
1.2920674e-07
1.2917068e-07
1.291354e-07
1.2909787e-07
1.2906115e-07
1.290221e-07
1.2898389e-07
1.2894329e-07
1.2890356e-07
1.2886138e-07
1.288201e-07
1.2877631e-07
1.2873345e-07
1.2868802e-07
1.2864355e-07
1.2859645e-07
1.2855033e-07
1.2850151e-07
1.2845368e-07
1.2840309e-07
1.2835349e-07
1.2830108e-07
1.2824963e-07
1.2819533e-07
1.2814197e-07
1.280857e-07
1.2803034e-07
1.2797206e-07
1.2791462e-07
1.2785426e-07
1.2779467e-07
1.2773219e-07
1.2767039e-07
1.2760574e-07
1.2754167e-07
1.2747483e-07
1.2740843e-07
1.2733939e-07
1.272706e-07
1.2719933e-07
1.2712811e-07
1.2705463e-07
1.2698091e-07
1.2690521e-07
1.2682895e-07
1.2675106e-07
1.266722e-07
1.2659213e-07
1.265106e-07
1.2642839e-07
1.2634411e-07
1.2625979e-07
1.261727e-07
1.2608632e-07
1.259963e-07
1.2590792e-07
1.2581487e-07
1.2572456e-07
1.2562835e-07
1.255362e-07
1.2543668e-07
1.2534278e-07
1.2523979e-07
1.2514428e-07
1.2503762e-07
1.2494066e-07
1.2483013e-07
1.247319e-07
1.2461725e-07
1.2451799e-07
1.2439894e-07
1.2429895e-07
1.2417517e-07
1.2407476e-07
1.2394588e-07
1.2384547e-07
1.2371104e-07
1.236111e-07
1.2347061e-07
1.2337169e-07
1.2322453e-07
1.2312731e-07
1.2297277e-07
1.2287802e-07
1.2271526e-07
1.2262392e-07
1.2245197e-07
1.2236514e-07
1.2214452e-07
1.3045302e-07
1.3044586e-07
1.304382e-07
1.3043071e-07
1.3042269e-07
1.3041485e-07
1.3040645e-07
1.3039823e-07
1.3038943e-07
1.3038081e-07
1.303716e-07
1.3036257e-07
1.3035291e-07
1.3034345e-07
1.3033333e-07
1.3032342e-07
1.3031282e-07
1.3030243e-07
1.3029132e-07
1.3028043e-07
1.3026878e-07
1.3025738e-07
1.3024517e-07
1.3023322e-07
1.3022042e-07
1.3020789e-07
1.3019449e-07
1.3018136e-07
1.3016731e-07
1.3015356e-07
1.3013885e-07
1.3012445e-07
1.3010905e-07
1.3009397e-07
1.3007785e-07
1.3006208e-07
1.3004522e-07
1.3002873e-07
1.300111e-07
1.2999385e-07
1.2997542e-07
1.299574e-07
1.2993814e-07
1.299193e-07
1.2989917e-07
1.2987948e-07
1.2985846e-07
1.2983789e-07
1.2981592e-07
1.2979443e-07
1.2977148e-07
1.2974903e-07
1.2972506e-07
1.2970161e-07
1.2967659e-07
1.296521e-07
1.2962597e-07
1.2960041e-07
1.2957314e-07
1.2954647e-07
1.2951803e-07
1.294902e-07
1.2946055e-07
1.2943155e-07
1.2940065e-07
1.2937043e-07
1.2933826e-07
1.293068e-07
1.2927332e-07
1.292406e-07
1.2920578e-07
1.2917175e-07
1.2913557e-07
1.2910021e-07
1.2906262e-07
1.290259e-07
1.2898688e-07
1.2894876e-07
1.2890827e-07
1.2886871e-07
1.2882671e-07
1.2878566e-07
1.2874212e-07
1.2869954e-07
1.286544e-07
1.2861024e-07
1.2856345e-07
1.2851765e-07
1.2846915e-07
1.2842165e-07
1.2837138e-07
1.2832211e-07
1.2827001e-07
1.2821889e-07
1.281649e-07
1.2811187e-07
1.2805591e-07
1.2800089e-07
1.2794291e-07
1.2788581e-07
1.2782576e-07
1.2776651e-07
1.2770433e-07
1.2764287e-07
1.2757851e-07
1.2751476e-07
1.2744819e-07
1.2738209e-07
1.2731328e-07
1.2724477e-07
1.271737e-07
1.2710272e-07
1.270294e-07
1.2695588e-07
1.268803e-07
1.268042e-07
1.2672637e-07
1.2664761e-07
1.2656756e-07
1.2648608e-07
1.2640382e-07
1.2631955e-07
1.2623513e-07
1.2614798e-07
1.2606144e-07
1.2597131e-07
1.258827e-07
1.2578949e-07
1.256989e-07
1.2560246e-07
1.2550997e-07
1.2541018e-07
1.2531589e-07
1.2521258e-07
1.2511663e-07
1.2500959e-07
1.2491213e-07
1.2480117e-07
1.247024e-07
1.2458724e-07
1.2448739e-07
1.2436776e-07
1.2426712e-07
1.2414268e-07
1.2404159e-07
1.2391195e-07
1.2381083e-07
1.2367556e-07
1.2357488e-07
1.2343347e-07
1.2333383e-07
1.2318569e-07
1.2308777e-07
1.2293219e-07
1.228368e-07
1.2267296e-07
1.2258108e-07
1.2240802e-07
1.2232075e-07
1.2209952e-07
1.3043001e-07
1.3042265e-07
1.3041479e-07
1.304071e-07
1.3039887e-07
1.3039082e-07
1.3038222e-07
1.3037379e-07
1.3036478e-07
1.3035596e-07
1.3034653e-07
1.303373e-07
1.3032743e-07
1.3031776e-07
1.3030742e-07
1.302973e-07
1.3028649e-07
1.3027589e-07
1.3026457e-07
1.3025348e-07
1.3024164e-07
1.3023003e-07
1.3021763e-07
1.3020549e-07
1.3019251e-07
1.3017981e-07
1.3016623e-07
1.3015294e-07
1.3013874e-07
1.3012484e-07
1.3010998e-07
1.3009545e-07
1.3007992e-07
1.3006473e-07
1.300485e-07
1.3003262e-07
1.3001566e-07
1.2999906e-07
1.2998134e-07
1.2996401e-07
1.2994549e-07
1.2992739e-07
1.2990805e-07
1.2988914e-07
1.2986895e-07
1.298492e-07
1.2982812e-07
1.298075e-07
1.2978549e-07
1.2976397e-07
1.2974101e-07
1.2971855e-07
1.2969459e-07
1.2967116e-07
1.2964617e-07
1.2962174e-07
1.2959569e-07
1.2957023e-07
1.2954309e-07
1.2951656e-07
1.294883e-07
1.2946067e-07
1.2943125e-07
1.294025e-07
1.2937188e-07
1.2934197e-07
1.2931013e-07
1.2927901e-07
1.2924591e-07
1.2921356e-07
1.2917915e-07
1.2914553e-07
1.2910977e-07
1.2907483e-07
1.2903769e-07
1.2900138e-07
1.289628e-07
1.2892508e-07
1.28885e-07
1.2884581e-07
1.288042e-07
1.2876348e-07
1.2872027e-07
1.2867797e-07
1.2863309e-07
1.2858914e-07
1.2854255e-07
1.2849689e-07
1.2844852e-07
1.2840108e-07
1.2835086e-07
1.2830158e-07
1.2824947e-07
1.2819827e-07
1.281442e-07
1.2809103e-07
1.2803494e-07
1.2797973e-07
1.2792159e-07
1.2786428e-07
1.2780403e-07
1.2774456e-07
1.2768218e-07
1.276205e-07
1.2755595e-07
1.27492e-07
1.2742527e-07
1.2735901e-07
1.2729007e-07
1.2722145e-07
1.2715031e-07
1.2707927e-07
1.2700592e-07
1.2693241e-07
1.2685686e-07
1.2678082e-07
1.2670308e-07
1.2662445e-07
1.2654454e-07
1.2646324e-07
1.2638116e-07
1.2629711e-07
1.2621291e-07
1.2612601e-07
1.2603971e-07
1.2594985e-07
1.258615e-07
1.2576856e-07
1.2567822e-07
1.2558206e-07
1.254898e-07
1.2539027e-07
1.2529619e-07
1.2519311e-07
1.2509734e-07
1.2499052e-07
1.2489322e-07
1.2478244e-07
1.246838e-07
1.2456882e-07
1.2446907e-07
1.2434962e-07
1.2424906e-07
1.2412481e-07
1.2402379e-07
1.2389437e-07
1.2379331e-07
1.2365829e-07
1.2355769e-07
1.2341657e-07
1.2331702e-07
1.231692e-07
1.230714e-07
1.2291619e-07
1.2282094e-07
1.2265753e-07
1.225658e-07
1.223932e-07
1.2230611e-07
1.2208512e-07
1.3042841e-07
1.3042108e-07
1.3041326e-07
1.3040559e-07
1.3039741e-07
1.3038939e-07
1.3038082e-07
1.3037242e-07
1.3036345e-07
1.3035467e-07
1.3034528e-07
1.3033608e-07
1.3032625e-07
1.3031662e-07
1.3030633e-07
1.3029625e-07
1.3028547e-07
1.3027492e-07
1.3026364e-07
1.302526e-07
1.302408e-07
1.3022925e-07
1.302169e-07
1.3020481e-07
1.3019189e-07
1.3017926e-07
1.3016575e-07
1.3015254e-07
1.3013842e-07
1.3012462e-07
1.3010987e-07
1.3009545e-07
1.3008004e-07
1.3006498e-07
1.3004889e-07
1.3003316e-07
1.3001636e-07
1.2999994e-07
1.299824e-07
1.2996526e-07
1.2994696e-07
1.2992907e-07
1.2990996e-07
1.2989129e-07
1.2987135e-07
1.2985186e-07
1.2983105e-07
1.2981071e-07
1.2978899e-07
1.2976777e-07
1.297451e-07
1.2972296e-07
1.2969931e-07
1.296762e-07
1.2965152e-07
1.2962741e-07
1.2960166e-07
1.295765e-07
1.2954964e-07
1.2952339e-07
1.2949537e-07
1.2946798e-07
1.2943875e-07
1.2941018e-07
1.293797e-07
1.2934991e-07
1.2931813e-07
1.2928707e-07
1.2925395e-07
1.2922157e-07
1.2918706e-07
1.2915331e-07
1.2911736e-07
1.2908221e-07
1.2904478e-07
1.2900817e-07
1.289692e-07
1.2893108e-07
1.2889054e-07
1.2885085e-07
1.2880868e-07
1.2876738e-07
1.2872352e-07
1.2868056e-07
1.2863496e-07
1.2859028e-07
1.285429e-07
1.2849645e-07
1.2844724e-07
1.2839896e-07
1.2834789e-07
1.2829774e-07
1.2824475e-07
1.2819269e-07
1.2813775e-07
1.2808373e-07
1.2802683e-07
1.2797082e-07
1.2791192e-07
1.2785388e-07
1.2779297e-07
1.2773287e-07
1.2766993e-07
1.2760773e-07
1.2754276e-07
1.2747842e-07
1.2741141e-07
1.273449e-07
1.2727582e-07
1.2720709e-07
1.2713596e-07
1.2706495e-07
1.2699175e-07
1.269184e-07
1.2684311e-07
1.2676735e-07
1.2668998e-07
1.2661172e-07
1.2653225e-07
1.264514e-07
1.2636984e-07
1.2628628e-07
1.2620264e-07
1.2611626e-07
1.2603054e-07
1.2594122e-07
1.2585346e-07
1.2576105e-07
1.256713e-07
1.2557565e-07
1.2548397e-07
1.2538493e-07
1.2529142e-07
1.251888e-07
1.2509358e-07
1.2498719e-07
1.2489042e-07
1.2478005e-07
1.2468191e-07
1.2456731e-07
1.2446805e-07
1.2434894e-07
1.2424885e-07
1.2412492e-07
1.2402435e-07
1.2389522e-07
1.2379458e-07
1.2365983e-07
1.235596e-07
1.2341873e-07
1.233195e-07
1.2317191e-07
1.2307437e-07
1.2291936e-07
1.2282431e-07
1.2266106e-07
1.2256945e-07
1.2239698e-07
1.2230992e-07
1.2208891e-07
1.3044654e-07
1.3043914e-07
1.3043123e-07
1.304235e-07
1.3041524e-07
1.3040715e-07
1.3039851e-07
1.3039006e-07
1.3038103e-07
1.3037219e-07
1.3036274e-07
1.3035349e-07
1.303436e-07
1.3033392e-07
1.3032357e-07
1.3031344e-07
1.3030261e-07
1.30292e-07
1.3028067e-07
1.3026957e-07
1.302577e-07
1.3024609e-07
1.3023368e-07
1.3022153e-07
1.3020855e-07
1.3019585e-07
1.3018228e-07
1.30169e-07
1.3015482e-07
1.3014095e-07
1.3012614e-07
1.3011165e-07
1.3009617e-07
1.3008104e-07
1.3006488e-07
1.3004907e-07
1.300322e-07
1.300157e-07
1.2999807e-07
1.2998084e-07
1.2996244e-07
1.2994444e-07
1.2992522e-07
1.2990642e-07
1.2988635e-07
1.2986671e-07
1.2984575e-07
1.2982524e-07
1.2980334e-07
1.2978192e-07
1.2975906e-07
1.2973669e-07
1.2971281e-07
1.2968945e-07
1.2966452e-07
1.2964014e-07
1.2961412e-07
1.2958866e-07
1.2956151e-07
1.2953494e-07
1.2950661e-07
1.294789e-07
1.2944935e-07
1.2942044e-07
1.2938963e-07
1.2935949e-07
1.2932736e-07
1.2929594e-07
1.2926246e-07
1.2922971e-07
1.2919484e-07
1.2916072e-07
1.2912439e-07
1.2908886e-07
1.2905104e-07
1.2901404e-07
1.2897469e-07
1.2893619e-07
1.2889526e-07
1.2885521e-07
1.2881267e-07
1.2877103e-07
1.2872683e-07
1.2868357e-07
1.2863768e-07
1.2859275e-07
1.2854514e-07
1.2849851e-07
1.2844915e-07
1.2840078e-07
1.2834964e-07
1.2829949e-07
1.2824655e-07
1.2819459e-07
1.281398e-07
1.28086e-07
1.2802934e-07
1.2797364e-07
1.279151e-07
1.2785746e-07
1.2779698e-07
1.2773736e-07
1.2767493e-07
1.2761326e-07
1.2754883e-07
1.2748506e-07
1.2741861e-07
1.2735267e-07
1.2728416e-07
1.2721597e-07
1.2714537e-07
1.2707486e-07
1.2700213e-07
1.2692922e-07
1.2685434e-07
1.2677893e-07
1.2670188e-07
1.2662388e-07
1.2654465e-07
1.2646397e-07
1.2638255e-07
1.2629908e-07
1.2621549e-07
1.2612913e-07
1.2604338e-07
1.2595401e-07
1.2586616e-07
1.2577366e-07
1.2568377e-07
1.25588e-07
1.2549615e-07
1.2539696e-07
1.2530327e-07
1.2520051e-07
1.2510511e-07
1.2499859e-07
1.2490164e-07
1.2479115e-07
1.2469286e-07
1.2457817e-07
1.2447878e-07
1.243596e-07
1.2425941e-07
1.2413542e-07
1.2403477e-07
1.239056e-07
1.238049e-07
1.2367011e-07
1.2356984e-07
1.2342893e-07
1.2332967e-07
1.2318203e-07
1.2308446e-07
1.229294e-07
1.2283432e-07
1.22671e-07
1.2257936e-07
1.2240682e-07
1.2231972e-07
1.2209859e-07
1.3044507e-07
1.3043743e-07
1.3042929e-07
1.304213e-07
1.3041277e-07
1.304044e-07
1.3039547e-07
1.3038672e-07
1.3037738e-07
1.3036823e-07
1.3035847e-07
1.3034891e-07
1.3033871e-07
1.3032873e-07
1.3031808e-07
1.3030766e-07
1.3029655e-07
1.3028567e-07
1.3027408e-07
1.3026273e-07
1.3025064e-07
1.3023881e-07
1.302262e-07
1.3021386e-07
1.3020071e-07
1.3018785e-07
1.3017414e-07
1.3016073e-07
1.3014643e-07
1.3013244e-07
1.3011753e-07
1.3010294e-07
1.3008738e-07
1.3007217e-07
1.3005593e-07
1.3004006e-07
1.3002312e-07
1.3000655e-07
1.2998887e-07
1.2997158e-07
1.2995312e-07
1.2993507e-07
1.2991581e-07
1.2989697e-07
1.2987686e-07
1.2985719e-07
1.298362e-07
1.2981567e-07
1.2979376e-07
1.2977233e-07
1.2974946e-07
1.297271e-07
1.2970324e-07
1.2967991e-07
1.2965502e-07
1.2963068e-07
1.2960471e-07
1.2957932e-07
1.2955224e-07
1.2952575e-07
1.2949751e-07
1.294699e-07
1.2944046e-07
1.2941166e-07
1.2938098e-07
1.2935096e-07
1.2931898e-07
1.292877e-07
1.2925438e-07
1.2922179e-07
1.2918708e-07
1.2915313e-07
1.2911699e-07
1.2908163e-07
1.2904401e-07
1.290072e-07
1.2896805e-07
1.2892974e-07
1.2888902e-07
1.2884916e-07
1.2880683e-07
1.2876538e-07
1.2872139e-07
1.2867831e-07
1.2863262e-07
1.2858785e-07
1.2854042e-07
1.2849393e-07
1.2844472e-07
1.2839646e-07
1.2834543e-07
1.2829536e-07
1.2824247e-07
1.2819054e-07
1.2813575e-07
1.2808191e-07
1.280252e-07
1.2796941e-07
1.2791073e-07
1.2785293e-07
1.2779226e-07
1.2773241e-07
1.2766971e-07
1.2760775e-07
1.2754299e-07
1.2747888e-07
1.2741204e-07
1.273457e-07
1.2727676e-07
1.2720814e-07
1.2713707e-07
1.270661e-07
1.2699289e-07
1.2691952e-07
1.2684416e-07
1.2676829e-07
1.2669077e-07
1.2661234e-07
1.2653267e-07
1.2645159e-07
1.2636977e-07
1.2628595e-07
1.26202e-07
1.2611534e-07
1.2602929e-07
1.2593968e-07
1.2585158e-07
1.2575889e-07
1.2566881e-07
1.2557291e-07
1.2548091e-07
1.2538165e-07
1.2528785e-07
1.2518506e-07
1.2508957e-07
1.2498306e-07
1.2488606e-07
1.247756e-07
1.2467727e-07
1.2456263e-07
1.2446321e-07
1.243441e-07
1.2424388e-07
1.2411997e-07
1.2401929e-07
1.2389022e-07
1.2378948e-07
1.2365481e-07
1.2355451e-07
1.2341372e-07
1.2331444e-07
1.2316694e-07
1.2306936e-07
1.2291444e-07
1.2281938e-07
1.2265622e-07
1.2256461e-07
1.2239225e-07
1.2230521e-07
1.2208414e-07
1.3046885e-07
1.3046139e-07
1.3045343e-07
1.3044564e-07
1.3043732e-07
1.3042917e-07
1.3042048e-07
1.3041197e-07
1.3040288e-07
1.3039398e-07
1.3038448e-07
1.3037518e-07
1.3036525e-07
1.3035552e-07
1.3034513e-07
1.3033496e-07
1.3032409e-07
1.3031346e-07
1.3030209e-07
1.3029096e-07
1.3027907e-07
1.3026743e-07
1.3025499e-07
1.3024281e-07
1.3022979e-07
1.3021705e-07
1.3020344e-07
1.301901e-07
1.3017586e-07
1.3016191e-07
1.3014702e-07
1.3013243e-07
1.3011685e-07
1.301016e-07
1.3008531e-07
1.3006937e-07
1.3005234e-07
1.3003568e-07
1.3001789e-07
1.3000048e-07
1.2998189e-07
1.299637e-07
1.299443e-07
1.2992531e-07
1.2990504e-07
1.2988522e-07
1.2986407e-07
1.2984338e-07
1.2982131e-07
1.2979973e-07
1.2977671e-07
1.297542e-07
1.2973019e-07
1.2970672e-07
1.2968169e-07
1.2965722e-07
1.2963113e-07
1.2960563e-07
1.2957844e-07
1.2955187e-07
1.2952355e-07
1.2949586e-07
1.2946637e-07
1.2943753e-07
1.2940682e-07
1.293768e-07
1.2934482e-07
1.2931356e-07
1.2928028e-07
1.2924775e-07
1.2921312e-07
1.2917928e-07
1.2914325e-07
1.2910804e-07
1.2907059e-07
1.2903397e-07
1.2899503e-07
1.2895696e-07
1.2891649e-07
1.2887692e-07
1.2883488e-07
1.2879377e-07
1.2875011e-07
1.2870741e-07
1.2866209e-07
1.2861774e-07
1.2857071e-07
1.2852467e-07
1.2847589e-07
1.284281e-07
1.2837751e-07
1.2832792e-07
1.2827548e-07
1.2822404e-07
1.281697e-07
1.2811634e-07
1.2806005e-07
1.2800472e-07
1.2794643e-07
1.2788906e-07
1.2782873e-07
1.2776926e-07
1.2770686e-07
1.2764522e-07
1.275807e-07
1.2751683e-07
1.2745015e-07
1.2738399e-07
1.2731513e-07
1.272466e-07
1.2717554e-07
1.2710458e-07
1.270313e-07
1.2695783e-07
1.2688232e-07
1.2680628e-07
1.2672853e-07
1.2664984e-07
1.2656986e-07
1.2648843e-07
1.2640624e-07
1.26322e-07
1.2623762e-07
1.2615047e-07
1.2606393e-07
1.2597377e-07
1.2588514e-07
1.2579185e-07
1.257012e-07
1.2560466e-07
1.2551207e-07
1.2541215e-07
1.2531773e-07
1.2521427e-07
1.2511816e-07
1.2501098e-07
1.2491336e-07
1.2480225e-07
1.2470331e-07
1.2458804e-07
1.2448804e-07
1.2436833e-07
1.2426756e-07
1.2414309e-07
1.240419e-07
1.239123e-07
1.2381111e-07
1.2367595e-07
1.2357525e-07
1.2343401e-07
1.2333438e-07
1.2318647e-07
1.2308859e-07
1.229333e-07
1.2283797e-07
1.2267447e-07
1.2258265e-07
1.2240995e-07
1.2232276e-07
1.2210139e-07
1.304902e-07
1.3048257e-07
1.3047444e-07
1.3046646e-07
1.3045795e-07
1.3044961e-07
1.304407e-07
1.3043197e-07
1.3042266e-07
1.3041353e-07
1.304038e-07
1.3039425e-07
1.3038407e-07
1.303741e-07
1.3036346e-07
1.3035303e-07
1.3034191e-07
1.3033101e-07
1.3031939e-07
1.3030801e-07
1.3029587e-07
1.3028397e-07
1.3027129e-07
1.3025887e-07
1.3024562e-07
1.3023264e-07
1.302188e-07
1.3020525e-07
1.3019079e-07
1.3017663e-07
1.3016153e-07
1.3014674e-07
1.3013096e-07
1.3011551e-07
1.3009903e-07
1.3008289e-07
1.3006566e-07
1.300488e-07
1.300308e-07
1.3001318e-07
1.2999438e-07
1.2997598e-07
1.2995634e-07
1.2993712e-07
1.2991662e-07
1.2989655e-07
1.2987514e-07
1.298542e-07
1.2983185e-07
1.2980999e-07
1.2978669e-07
1.2976388e-07
1.2973957e-07
1.2971579e-07
1.2969045e-07
1.2966566e-07
1.2963924e-07
1.2961341e-07
1.2958589e-07
1.2955899e-07
1.2953033e-07
1.2950231e-07
1.2947247e-07
1.2944331e-07
1.2941226e-07
1.2938191e-07
1.2934962e-07
1.2931805e-07
1.2928447e-07
1.2925165e-07
1.2921674e-07
1.2918263e-07
1.2914636e-07
1.2911092e-07
1.2907325e-07
1.2903643e-07
1.2899733e-07
1.2895909e-07
1.289185e-07
1.288788e-07
1.2883667e-07
1.2879547e-07
1.2875176e-07
1.28709e-07
1.2866365e-07
1.2861927e-07
1.2857224e-07
1.2852618e-07
1.2847741e-07
1.2842962e-07
1.2837905e-07
1.2832947e-07
1.2827704e-07
1.282256e-07
1.2817127e-07
1.2811791e-07
1.2806162e-07
1.2800627e-07
1.2794798e-07
1.2789058e-07
1.2783022e-07
1.2777071e-07
1.2770826e-07
1.2764656e-07
1.2758197e-07
1.2751803e-07
1.2745126e-07
1.27385e-07
1.2731604e-07
1.2724739e-07
1.2717619e-07
1.271051e-07
1.2703165e-07
1.2695803e-07
1.2688231e-07
1.2680609e-07
1.267281e-07
1.266492e-07
1.2656894e-07
1.2648728e-07
1.2640477e-07
1.2632026e-07
1.2623553e-07
1.2614808e-07
1.2606117e-07
1.2597068e-07
1.2588165e-07
1.2578801e-07
1.2569694e-07
1.2560005e-07
1.2550702e-07
1.2540675e-07
1.253119e-07
1.2520809e-07
1.2511157e-07
1.2500407e-07
1.2490605e-07
1.2479465e-07
1.2469536e-07
1.2457985e-07
1.2447952e-07
1.2435963e-07
1.2425859e-07
1.24134e-07
1.2403259e-07
1.2390295e-07
1.2380159e-07
1.2366646e-07
1.2356564e-07
1.234245e-07
1.2332481e-07
1.2317706e-07
1.2307917e-07
1.2292411e-07
1.2282882e-07
1.226656e-07
1.2257387e-07
1.2240148e-07
1.2231442e-07
1.2209316e-07
1.3050441e-07
1.3049676e-07
1.304886e-07
1.3048061e-07
1.3047209e-07
1.3046374e-07
1.3045484e-07
1.3044611e-07
1.3043681e-07
1.304277e-07
1.3041798e-07
1.3040846e-07
1.3039831e-07
1.3038837e-07
1.3037777e-07
1.3036738e-07
1.3035631e-07
1.3034547e-07
1.303339e-07
1.3032257e-07
1.303105e-07
1.3029867e-07
1.3028605e-07
1.3027369e-07
1.3026052e-07
1.3024761e-07
1.3023385e-07
1.3022037e-07
1.3020599e-07
1.3019192e-07
1.301769e-07
1.3016221e-07
1.3014653e-07
1.3013118e-07
1.3011481e-07
1.3009878e-07
1.3008169e-07
1.3006496e-07
1.3004712e-07
1.3002966e-07
1.3001103e-07
1.299928e-07
1.2997336e-07
1.2995434e-07
1.2993405e-07
1.299142e-07
1.2989303e-07
1.2987232e-07
1.2985022e-07
1.2982861e-07
1.2980555e-07
1.2978301e-07
1.2975895e-07
1.2973543e-07
1.2971034e-07
1.296858e-07
1.2965963e-07
1.2963404e-07
1.2960675e-07
1.2958007e-07
1.2955161e-07
1.295238e-07
1.2949414e-07
1.2946515e-07
1.2943425e-07
1.2940406e-07
1.2937188e-07
1.2934042e-07
1.2930692e-07
1.2927418e-07
1.2923931e-07
1.2920522e-07
1.2916895e-07
1.2913348e-07
1.2909575e-07
1.2905886e-07
1.2901963e-07
1.2898126e-07
1.2894047e-07
1.2890057e-07
1.2885819e-07
1.2881671e-07
1.2877268e-07
1.2872957e-07
1.2868383e-07
1.2863903e-07
1.2859155e-07
1.2854501e-07
1.2849573e-07
1.2844741e-07
1.2839628e-07
1.2834611e-07
1.282931e-07
1.2824104e-07
1.2818609e-07
1.2813209e-07
1.2807517e-07
1.2801917e-07
1.2796024e-07
1.2790219e-07
1.2784121e-07
1.2778105e-07
1.2771799e-07
1.2765567e-07
1.2759048e-07
1.2752594e-07
1.2745859e-07
1.2739176e-07
1.2732224e-07
1.2725306e-07
1.2718133e-07
1.2710973e-07
1.2703577e-07
1.2696168e-07
1.268855e-07
1.2680884e-07
1.2673042e-07
1.2665113e-07
1.2657049e-07
1.2648849e-07
1.2640563e-07
1.2632084e-07
1.2623582e-07
1.2614814e-07
1.2606099e-07
1.2597034e-07
1.2588113e-07
1.2578741e-07
1.2569622e-07
1.255993e-07
1.2550623e-07
1.2540599e-07
1.2531116e-07
1.2520744e-07
1.25111e-07
1.2500363e-07
1.2490575e-07
1.2479454e-07
1.2469541e-07
1.2458012e-07
1.2448e-07
1.2436035e-07
1.2425953e-07
1.2413519e-07
1.2403402e-07
1.2390462e-07
1.238035e-07
1.236686e-07
1.23568e-07
1.2342708e-07
1.2332757e-07
1.2318002e-07
1.2308229e-07
1.2292739e-07
1.2283222e-07
1.2266912e-07
1.2257746e-07
1.2240518e-07
1.2231813e-07
1.2209678e-07
1.3055013e-07
1.3054255e-07
1.3053446e-07
1.3052654e-07
1.305181e-07
1.3050982e-07
1.3050099e-07
1.3049235e-07
1.3048312e-07
1.3047408e-07
1.3046444e-07
1.30455e-07
1.3044492e-07
1.3043505e-07
1.3042452e-07
1.304142e-07
1.304032e-07
1.3039242e-07
1.3038091e-07
1.3036965e-07
1.3035762e-07
1.3034585e-07
1.3033328e-07
1.3032098e-07
1.3030784e-07
1.3029498e-07
1.3028126e-07
1.3026782e-07
1.3025347e-07
1.3023942e-07
1.3022443e-07
1.3020975e-07
1.3019408e-07
1.3017874e-07
1.3016237e-07
1.3014634e-07
1.3012923e-07
1.3011248e-07
1.3009461e-07
1.3007712e-07
1.3005845e-07
1.3004018e-07
1.3002068e-07
1.300016e-07
1.2998123e-07
1.2996131e-07
1.2994005e-07
1.2991925e-07
1.2989706e-07
1.2987535e-07
1.298522e-07
1.2982954e-07
1.2980538e-07
1.2978175e-07
1.2975655e-07
1.297319e-07
1.2970562e-07
1.2967993e-07
1.2965254e-07
1.2962575e-07
1.2959721e-07
1.2956931e-07
1.2953957e-07
1.2951051e-07
1.2947955e-07
1.2944929e-07
1.2941706e-07
1.2938556e-07
1.2935202e-07
1.2931924e-07
1.2928435e-07
1.2925025e-07
1.2921395e-07
1.2917848e-07
1.2914074e-07
1.2910384e-07
1.2906461e-07
1.2902623e-07
1.2898546e-07
1.2894556e-07
1.2890319e-07
1.2886172e-07
1.2881769e-07
1.2877459e-07
1.2872887e-07
1.2868409e-07
1.2863662e-07
1.285901e-07
1.2854083e-07
1.2849253e-07
1.2844141e-07
1.2839127e-07
1.2833827e-07
1.2828623e-07
1.282313e-07
1.2817731e-07
1.281204e-07
1.2806442e-07
1.280055e-07
1.2794746e-07
1.2788649e-07
1.2782634e-07
1.2776328e-07
1.2770096e-07
1.2763578e-07
1.2757124e-07
1.2750391e-07
1.2743708e-07
1.2736757e-07
1.2729838e-07
1.2722668e-07
1.2715508e-07
1.2708115e-07
1.2700707e-07
1.2693092e-07
1.2685428e-07
1.2677591e-07
1.2669664e-07
1.2661604e-07
1.2653406e-07
1.2645126e-07
1.2636649e-07
1.2628152e-07
1.2619386e-07
1.2610676e-07
1.2601612e-07
1.2592694e-07
1.258332e-07
1.2574202e-07
1.2564507e-07
1.2555198e-07
1.2545168e-07
1.2535679e-07
1.2525299e-07
1.2515645e-07
1.2504896e-07
1.2495093e-07
1.2483956e-07
1.2474025e-07
1.2462474e-07
1.2452441e-07
1.2440449e-07
1.2430342e-07
1.2417877e-07
1.240773e-07
1.2394755e-07
1.2384611e-07
1.2371081e-07
1.2360987e-07
1.2346851e-07
1.2336867e-07
1.2322063e-07
1.2312256e-07
1.2296714e-07
1.2287165e-07
1.22708e-07
1.2261604e-07
1.2244318e-07
1.2235587e-07
1.2213401e-07
1.3057311e-07
1.3056545e-07
1.3055728e-07
1.3054928e-07
1.3054073e-07
1.3053236e-07
1.3052342e-07
1.3051466e-07
1.3050532e-07
1.3049616e-07
1.3048639e-07
1.304768e-07
1.3046658e-07
1.3045656e-07
1.3044587e-07
1.3043539e-07
1.3042422e-07
1.3041326e-07
1.3040157e-07
1.3039011e-07
1.3037789e-07
1.3036591e-07
1.3035314e-07
1.3034061e-07
1.3032726e-07
1.3031417e-07
1.3030021e-07
1.3028653e-07
1.3027195e-07
1.3025766e-07
1.3024242e-07
1.3022749e-07
1.3021157e-07
1.3019598e-07
1.3017935e-07
1.3016307e-07
1.3014571e-07
1.3012871e-07
1.3011058e-07
1.3009284e-07
1.3007391e-07
1.3005539e-07
1.3003565e-07
1.3001632e-07
1.2999572e-07
1.2997556e-07
1.2995406e-07
1.2993304e-07
1.2991062e-07
1.2988869e-07
1.2986532e-07
1.2984246e-07
1.2981809e-07
1.2979427e-07
1.2976887e-07
1.2974405e-07
1.2971759e-07
1.2969173e-07
1.2966417e-07
1.2963723e-07
1.2960852e-07
1.2958048e-07
1.2955059e-07
1.2952139e-07
1.2949027e-07
1.2945988e-07
1.2942749e-07
1.2939586e-07
1.2936216e-07
1.2932924e-07
1.2929419e-07
1.2925994e-07
1.2922348e-07
1.2918785e-07
1.2914993e-07
1.2911287e-07
1.2907345e-07
1.2903492e-07
1.2899395e-07
1.2895389e-07
1.2891131e-07
1.2886967e-07
1.2882545e-07
1.2878218e-07
1.2873626e-07
1.2869131e-07
1.2864364e-07
1.2859695e-07
1.2854749e-07
1.2849902e-07
1.2844772e-07
1.2839741e-07
1.2834423e-07
1.2829204e-07
1.2823693e-07
1.2818279e-07
1.2812572e-07
1.2806959e-07
1.2801051e-07
1.2795234e-07
1.2789122e-07
1.2783095e-07
1.2776776e-07
1.2770535e-07
1.2764005e-07
1.2757544e-07
1.2750802e-07
1.2744115e-07
1.2737158e-07
1.2730241e-07
1.2723067e-07
1.2715912e-07
1.2708521e-07
1.2701122e-07
1.2693513e-07
1.2685863e-07
1.2678036e-07
1.2670127e-07
1.2662082e-07
1.2653906e-07
1.2645644e-07
1.2637192e-07
1.2628715e-07
1.2619976e-07
1.2611287e-07
1.2602251e-07
1.2593354e-07
1.2584007e-07
1.2574908e-07
1.2565236e-07
1.2555943e-07
1.2545931e-07
1.2536454e-07
1.2526084e-07
1.2516435e-07
1.2505688e-07
1.2495883e-07
1.2484738e-07
1.2474796e-07
1.2463227e-07
1.2453174e-07
1.2441153e-07
1.2431017e-07
1.2418512e-07
1.2408329e-07
1.2395301e-07
1.2385114e-07
1.2371521e-07
1.236138e-07
1.234717e-07
1.2337135e-07
1.2322249e-07
1.2312389e-07
1.2296757e-07
1.2287156e-07
1.2270694e-07
1.2261449e-07
1.224406e-07
1.2235286e-07
1.2213022e-07
1.3062151e-07
1.3061392e-07
1.3060582e-07
1.3059788e-07
1.3058941e-07
1.3058111e-07
1.3057225e-07
1.3056357e-07
1.3055431e-07
1.3054523e-07
1.3053553e-07
1.3052603e-07
1.3051589e-07
1.3050595e-07
1.3049534e-07
1.3048494e-07
1.3047384e-07
1.3046295e-07
1.3045134e-07
1.3043996e-07
1.3042781e-07
1.304159e-07
1.3040319e-07
1.3039074e-07
1.3037745e-07
1.3036444e-07
1.3035055e-07
1.3033694e-07
1.3032242e-07
1.303082e-07
1.3029302e-07
1.3027816e-07
1.3026231e-07
1.3024678e-07
1.3023022e-07
1.30214e-07
1.301967e-07
1.3017976e-07
1.301617e-07
1.3014401e-07
1.3012516e-07
1.301067e-07
1.3008701e-07
1.3006775e-07
1.3004721e-07
1.3002712e-07
1.300057e-07
1.2998474e-07
1.299624e-07
1.2994055e-07
1.2991727e-07
1.298945e-07
1.2987024e-07
1.2984651e-07
1.2982124e-07
1.2979653e-07
1.297702e-07
1.2974447e-07
1.2971705e-07
1.2969026e-07
1.2966171e-07
1.2963381e-07
1.2960409e-07
1.2957504e-07
1.295441e-07
1.2951386e-07
1.2948164e-07
1.2945016e-07
1.2941662e-07
1.2938383e-07
1.2934891e-07
1.2931478e-07
1.2927842e-07
1.2924288e-07
1.2920503e-07
1.2916803e-07
1.2912864e-07
1.2909013e-07
1.2904914e-07
1.2900905e-07
1.2896641e-07
1.2892471e-07
1.2888038e-07
1.28837e-07
1.2879092e-07
1.2874583e-07
1.2869797e-07
1.2865111e-07
1.2860142e-07
1.2855275e-07
1.285012e-07
1.2845068e-07
1.2839722e-07
1.283448e-07
1.2828941e-07
1.2823505e-07
1.2817768e-07
1.2812133e-07
1.2806196e-07
1.2800357e-07
1.2794216e-07
1.2788168e-07
1.278182e-07
1.2775558e-07
1.2769e-07
1.2762517e-07
1.2755746e-07
1.2749036e-07
1.2742049e-07
1.2735107e-07
1.2727901e-07
1.2720719e-07
1.2713292e-07
1.2705863e-07
1.2698214e-07
1.269053e-07
1.2682659e-07
1.2674711e-07
1.2666617e-07
1.2658398e-07
1.2650083e-07
1.2641583e-07
1.263305e-07
1.2624259e-07
1.2615511e-07
1.2606419e-07
1.2597463e-07
1.2588058e-07
1.25789e-07
1.256917e-07
1.2559819e-07
1.254975e-07
1.2540217e-07
1.2529793e-07
1.2520093e-07
1.2509295e-07
1.2499445e-07
1.2488252e-07
1.2478273e-07
1.2466659e-07
1.2456576e-07
1.2444514e-07
1.2434355e-07
1.2421813e-07
1.2411612e-07
1.2398551e-07
1.238835e-07
1.2374726e-07
1.2364574e-07
1.2350334e-07
1.2340289e-07
1.2325372e-07
1.2315503e-07
1.2299837e-07
1.2290224e-07
1.2273726e-07
1.2264465e-07
1.2247035e-07
1.223824e-07
1.2215927e-07
1.3067691e-07
1.3066923e-07
1.3066104e-07
1.3065301e-07
1.3064444e-07
1.3063604e-07
1.3062708e-07
1.3061829e-07
1.3060892e-07
1.3059972e-07
1.3058992e-07
1.305803e-07
1.3057003e-07
1.3055997e-07
1.3054923e-07
1.3053871e-07
1.3052747e-07
1.3051646e-07
1.305047e-07
1.3049318e-07
1.3048088e-07
1.3046883e-07
1.3045597e-07
1.3044336e-07
1.3042991e-07
1.3041673e-07
1.3040267e-07
1.3038889e-07
1.3037419e-07
1.303598e-07
1.3034444e-07
1.303294e-07
1.3031336e-07
1.3029766e-07
1.3028091e-07
1.3026452e-07
1.3024704e-07
1.3022993e-07
1.3021169e-07
1.3019384e-07
1.3017482e-07
1.3015621e-07
1.3013637e-07
1.3011696e-07
1.3009627e-07
1.3007603e-07
1.3005446e-07
1.3003337e-07
1.3001088e-07
1.2998889e-07
1.2996544e-07
1.2994251e-07
1.2991807e-07
1.2989417e-07
1.2986868e-07
1.2984376e-07
1.2981719e-07
1.297912e-07
1.297635e-07
1.2973641e-07
1.2970752e-07
1.2967928e-07
1.2964917e-07
1.2961972e-07
1.2958834e-07
1.2955765e-07
1.2952496e-07
1.2949298e-07
1.2945892e-07
1.2942562e-07
1.2939016e-07
1.2935549e-07
1.2931859e-07
1.2928251e-07
1.2924413e-07
1.292066e-07
1.291667e-07
1.2912769e-07
1.2908623e-07
1.290457e-07
1.2900266e-07
1.2896056e-07
1.2891588e-07
1.2887219e-07
1.2882584e-07
1.287805e-07
1.2873244e-07
1.286854e-07
1.2863559e-07
1.2858681e-07
1.2853519e-07
1.2848461e-07
1.2843114e-07
1.283787e-07
1.2832333e-07
1.2826897e-07
1.2821165e-07
1.2815531e-07
1.2809599e-07
1.280376e-07
1.2797622e-07
1.2791573e-07
1.2785225e-07
1.2778957e-07
1.2772396e-07
1.2765903e-07
1.2759124e-07
1.27524e-07
1.27454e-07
1.2738438e-07
1.2731215e-07
1.2724008e-07
1.2716561e-07
1.2709103e-07
1.2701429e-07
1.2693713e-07
1.2685815e-07
1.2677834e-07
1.2669711e-07
1.2661457e-07
1.2653112e-07
1.2644578e-07
1.2636014e-07
1.2627191e-07
1.2618413e-07
1.2609291e-07
1.2600305e-07
1.2590873e-07
1.2581686e-07
1.2571932e-07
1.2562555e-07
1.2552464e-07
1.2542907e-07
1.2532465e-07
1.2522743e-07
1.251193e-07
1.250206e-07
1.2490856e-07
1.2480858e-07
1.2469238e-07
1.2459136e-07
1.2447072e-07
1.2436897e-07
1.2424356e-07
1.2414142e-07
1.2401086e-07
1.2390874e-07
1.2377259e-07
1.2367097e-07
1.2352871e-07
1.2342819e-07
1.2327919e-07
1.2318046e-07
1.2302401e-07
1.2292788e-07
1.2276313e-07
1.2267055e-07
1.224965e-07
1.2240862e-07
1.221854e-07
1.3072283e-07
1.3071508e-07
1.3070681e-07
1.306987e-07
1.3069004e-07
1.3068154e-07
1.3067247e-07
1.3066358e-07
1.3065408e-07
1.3064477e-07
1.3063483e-07
1.3062508e-07
1.3061468e-07
1.3060448e-07
1.305936e-07
1.3058293e-07
1.3057155e-07
1.305604e-07
1.3054851e-07
1.3053685e-07
1.3052442e-07
1.3051223e-07
1.3049925e-07
1.3048652e-07
1.3047296e-07
1.3045968e-07
1.3044551e-07
1.3043165e-07
1.3041686e-07
1.3040239e-07
1.3038696e-07
1.3037185e-07
1.3035575e-07
1.3033999e-07
1.3032319e-07
1.3030674e-07
1.3028921e-07
1.3027204e-07
1.3025374e-07
1.3023583e-07
1.3021674e-07
1.3019805e-07
1.3017811e-07
1.3015861e-07
1.301378e-07
1.3011744e-07
1.3009573e-07
1.3007447e-07
1.3005181e-07
1.3002963e-07
1.3000597e-07
1.2998283e-07
1.2995815e-07
1.29934e-07
1.2990825e-07
1.2988306e-07
1.298562e-07
1.2982994e-07
1.2980194e-07
1.2977456e-07
1.2974538e-07
1.2971685e-07
1.2968645e-07
1.2965674e-07
1.2962509e-07
1.2959415e-07
1.295612e-07
1.2952901e-07
1.2949473e-07
1.2946124e-07
1.2942559e-07
1.2939076e-07
1.293537e-07
1.2931749e-07
1.2927898e-07
1.2924134e-07
1.2920133e-07
1.2916223e-07
1.2912066e-07
1.2908004e-07
1.2903688e-07
1.289947e-07
1.2894989e-07
1.2890608e-07
1.2885959e-07
1.2881411e-07
1.2876587e-07
1.2871865e-07
1.2866862e-07
1.2861962e-07
1.2856774e-07
1.2851691e-07
1.2846314e-07
1.284104e-07
1.2835469e-07
1.283e-07
1.282423e-07
1.281856e-07
1.2812588e-07
1.280671e-07
1.2800532e-07
1.2794441e-07
1.2788053e-07
1.2781744e-07
1.2775142e-07
1.2768609e-07
1.2761791e-07
1.2755028e-07
1.2747991e-07
1.2740992e-07
1.2733734e-07
1.2726493e-07
1.2719013e-07
1.2711523e-07
1.2703821e-07
1.2696075e-07
1.2688151e-07
1.2680143e-07
1.2671997e-07
1.2663718e-07
1.2655353e-07
1.2646795e-07
1.2638213e-07
1.2629367e-07
1.2620573e-07
1.261143e-07
1.2602427e-07
1.2592976e-07
1.2583773e-07
1.2574001e-07
1.2564607e-07
1.2554499e-07
1.2544925e-07
1.2534466e-07
1.2524727e-07
1.2513898e-07
1.2504009e-07
1.2492791e-07
1.2482773e-07
1.247114e-07
1.2461018e-07
1.2448943e-07
1.2438746e-07
1.2426196e-07
1.241596e-07
1.2402897e-07
1.2392663e-07
1.2379044e-07
1.2368862e-07
1.2354633e-07
1.2344563e-07
1.2329663e-07
1.2319775e-07
1.2304131e-07
1.2294506e-07
1.2278035e-07
1.226877e-07
1.2251369e-07
1.2242579e-07
1.2220231e-07
1.3081408e-07
1.3080627e-07
1.3079794e-07
1.3078978e-07
1.3078107e-07
1.3077254e-07
1.3076344e-07
1.3075452e-07
1.3074501e-07
1.3073569e-07
1.3072576e-07
1.3071602e-07
1.3070564e-07
1.3069547e-07
1.3068462e-07
1.30674e-07
1.3066267e-07
1.3065157e-07
1.3063973e-07
1.3062814e-07
1.3061577e-07
1.3060366e-07
1.3059075e-07
1.305781e-07
1.3056461e-07
1.305514e-07
1.305373e-07
1.3052351e-07
1.3050879e-07
1.3049438e-07
1.3047901e-07
1.3046396e-07
1.304479e-07
1.3043219e-07
1.3041543e-07
1.3039902e-07
1.3038152e-07
1.3036439e-07
1.3034612e-07
1.3032824e-07
1.3030916e-07
1.302905e-07
1.3027059e-07
1.3025111e-07
1.3023033e-07
1.3021e-07
1.3018832e-07
1.3016712e-07
1.3014449e-07
1.3012237e-07
1.3009877e-07
1.300757e-07
1.3005109e-07
1.3002702e-07
1.3000136e-07
1.2997627e-07
1.2994952e-07
1.2992337e-07
1.2989548e-07
1.2986822e-07
1.2983916e-07
1.2981076e-07
1.2978048e-07
1.2975088e-07
1.2971934e-07
1.2968851e-07
1.2965566e-07
1.2962355e-07
1.2958934e-07
1.295559e-07
1.2952029e-07
1.2948547e-07
1.2944841e-07
1.2941217e-07
1.293736e-07
1.2933588e-07
1.2929576e-07
1.2925652e-07
1.292148e-07
1.2917399e-07
1.2913063e-07
1.290882e-07
1.2904314e-07
1.2899905e-07
1.2895225e-07
1.2890645e-07
1.2885787e-07
1.2881031e-07
1.287599e-07
1.2871054e-07
1.2865827e-07
1.2860706e-07
1.2855289e-07
1.2849978e-07
1.2844366e-07
1.283886e-07
1.2833051e-07
1.2827345e-07
1.2821334e-07
1.2815423e-07
1.2809206e-07
1.2803084e-07
1.2796659e-07
1.2790321e-07
1.2783683e-07
1.2777122e-07
1.2770269e-07
1.2763479e-07
1.2756407e-07
1.2749383e-07
1.274209e-07
1.2734823e-07
1.2727307e-07
1.271979e-07
1.2712051e-07
1.2704277e-07
1.2696312e-07
1.2688273e-07
1.2680084e-07
1.2671771e-07
1.2663359e-07
1.2654763e-07
1.2646131e-07
1.2637243e-07
1.2628395e-07
1.2619204e-07
1.2610145e-07
1.2600641e-07
1.2591379e-07
1.258155e-07
1.2572094e-07
1.2561925e-07
1.2552287e-07
1.2541764e-07
1.253196e-07
1.2521065e-07
1.2511112e-07
1.2499825e-07
1.2489744e-07
1.2478042e-07
1.2467859e-07
1.2455715e-07
1.244546e-07
1.2432841e-07
1.242255e-07
1.2409419e-07
1.2399134e-07
1.2385446e-07
1.2375217e-07
1.236092e-07
1.2350805e-07
1.2335837e-07
1.2325906e-07
1.2310193e-07
1.2300528e-07
1.2283984e-07
1.2274681e-07
1.2257204e-07
1.2248377e-07
1.2225945e-07
1.308761e-07
1.3086822e-07
1.3085983e-07
1.3085158e-07
1.308428e-07
1.3083418e-07
1.3082498e-07
1.3081596e-07
1.3080634e-07
1.307969e-07
1.3078684e-07
1.3077696e-07
1.3076644e-07
1.3075611e-07
1.307451e-07
1.3073431e-07
1.307228e-07
1.3071151e-07
1.3069948e-07
1.3068769e-07
1.3067512e-07
1.306628e-07
1.3064967e-07
1.306368e-07
1.3062308e-07
1.3060964e-07
1.3059531e-07
1.3058128e-07
1.3056632e-07
1.3055166e-07
1.3053604e-07
1.3052074e-07
1.3050444e-07
1.3048846e-07
1.3047143e-07
1.3045476e-07
1.3043698e-07
1.3041958e-07
1.3040101e-07
1.3038284e-07
1.3036347e-07
1.303445e-07
1.3032428e-07
1.3030449e-07
1.3028338e-07
1.3026273e-07
1.3024071e-07
1.3021916e-07
1.3019619e-07
1.3017373e-07
1.3014977e-07
1.3012634e-07
1.3010136e-07
1.3007695e-07
1.3005091e-07
1.3002547e-07
1.2999834e-07
1.2997183e-07
1.2994357e-07
1.2991595e-07
1.2988652e-07
1.2985776e-07
1.2982712e-07
1.2979718e-07
1.2976527e-07
1.297341e-07
1.297009e-07
1.2966846e-07
1.2963391e-07
1.2960016e-07
1.2956422e-07
1.295291e-07
1.2949172e-07
1.294552e-07
1.2941634e-07
1.2937836e-07
1.2933797e-07
1.2929849e-07
1.2925652e-07
1.2921549e-07
1.291719e-07
1.2912928e-07
1.2908401e-07
1.2903975e-07
1.2899277e-07
1.2894681e-07
1.2889807e-07
1.2885037e-07
1.2879981e-07
1.2875032e-07
1.2869791e-07
1.2864657e-07
1.2859225e-07
1.2853901e-07
1.2848274e-07
1.2842754e-07
1.2836928e-07
1.2831207e-07
1.2825176e-07
1.2819247e-07
1.2813008e-07
1.2806866e-07
1.2800414e-07
1.2794052e-07
1.2787384e-07
1.2780797e-07
1.2773908e-07
1.2767089e-07
1.2759978e-07
1.2752921e-07
1.2745586e-07
1.2738284e-07
1.2730722e-07
1.2723169e-07
1.2715381e-07
1.270757e-07
1.2699555e-07
1.2691479e-07
1.2683238e-07
1.2674889e-07
1.2666425e-07
1.2657796e-07
1.2649112e-07
1.2640192e-07
1.2631293e-07
1.2622072e-07
1.2612963e-07
1.2603432e-07
1.2594121e-07
1.2584264e-07
1.2574761e-07
1.2564566e-07
1.2554881e-07
1.254433e-07
1.2534478e-07
1.2523553e-07
1.2513551e-07
1.2502229e-07
1.2492097e-07
1.2480355e-07
1.2470118e-07
1.2457925e-07
1.2447613e-07
1.2434937e-07
1.2424585e-07
1.2411386e-07
1.2401037e-07
1.238727e-07
1.2376974e-07
1.2362587e-07
1.2352404e-07
1.2337335e-07
1.2327335e-07
1.231151e-07
1.2301777e-07
1.2285111e-07
1.2275744e-07
1.2258136e-07
1.2249251e-07
1.2226704e-07
1.3099415e-07
1.3098624e-07
1.309778e-07
1.3096953e-07
1.3096071e-07
1.3095206e-07
1.3094285e-07
1.3093381e-07
1.3092417e-07
1.3091472e-07
1.3090465e-07
1.3089477e-07
1.3088423e-07
1.3087391e-07
1.3086289e-07
1.308521e-07
1.3084058e-07
1.3082929e-07
1.3081726e-07
1.3080546e-07
1.3079288e-07
1.3078054e-07
1.3076739e-07
1.307545e-07
1.3074075e-07
1.3072728e-07
1.3071291e-07
1.3069884e-07
1.3068382e-07
1.3066911e-07
1.3065343e-07
1.3063806e-07
1.3062167e-07
1.3060561e-07
1.3058849e-07
1.3057171e-07
1.3055383e-07
1.3053631e-07
1.3051763e-07
1.3049933e-07
1.3047983e-07
1.3046073e-07
1.3044037e-07
1.3042043e-07
1.3039918e-07
1.3037837e-07
1.303562e-07
1.3033449e-07
1.3031136e-07
1.3028873e-07
1.3026461e-07
1.3024101e-07
1.3021587e-07
1.3019128e-07
1.3016507e-07
1.3013945e-07
1.3011214e-07
1.3008545e-07
1.3005701e-07
1.3002921e-07
1.299996e-07
1.2997065e-07
1.2993981e-07
1.2990968e-07
1.2987758e-07
1.2984621e-07
1.298128e-07
1.2978015e-07
1.2974538e-07
1.2971141e-07
1.2967523e-07
1.2963988e-07
1.2960224e-07
1.2956547e-07
1.2952633e-07
1.2948808e-07
1.2944737e-07
1.294076e-07
1.2936528e-07
1.2932393e-07
1.2927996e-07
1.2923697e-07
1.2919129e-07
1.2914662e-07
1.2909919e-07
1.2905279e-07
1.2900355e-07
1.2895538e-07
1.289043e-07
1.2885429e-07
1.2880132e-07
1.2874944e-07
1.2869454e-07
1.2864073e-07
1.2858386e-07
1.2852808e-07
1.284692e-07
1.284114e-07
1.2835047e-07
1.2829059e-07
1.2822758e-07
1.2816557e-07
1.2810045e-07
1.2803626e-07
1.2796898e-07
1.2790255e-07
1.2783309e-07
1.2776435e-07
1.2769268e-07
1.2762158e-07
1.2754768e-07
1.2747414e-07
1.2739799e-07
1.2732195e-07
1.2724353e-07
1.2716491e-07
1.2708423e-07
1.2700296e-07
1.2692001e-07
1.2683601e-07
1.2675082e-07
1.26664e-07
1.2657658e-07
1.2648685e-07
1.2639726e-07
1.2630451e-07
1.262128e-07
1.2611693e-07
1.2602318e-07
1.2592406e-07
1.2582836e-07
1.2572584e-07
1.2562832e-07
1.2552225e-07
1.2542305e-07
1.2531323e-07
1.2521253e-07
1.2509876e-07
1.2499677e-07
1.2487879e-07
1.2477577e-07
1.2465329e-07
1.2454953e-07
1.2442223e-07
1.2431809e-07
1.2418556e-07
1.2408148e-07
1.2394327e-07
1.2383974e-07
1.2369531e-07
1.2359295e-07
1.2344166e-07
1.2334117e-07
1.231823e-07
1.2308452e-07
1.2291721e-07
1.2282312e-07
1.2264634e-07
1.2255714e-07
1.2233071e-07
1.3110244e-07
1.3109441e-07
1.3108585e-07
1.3107745e-07
1.310685e-07
1.3105971e-07
1.3105035e-07
1.3104117e-07
1.3103138e-07
1.3102178e-07
1.3101155e-07
1.3100152e-07
1.3099082e-07
1.3098034e-07
1.3096916e-07
1.3095821e-07
1.3094653e-07
1.3093508e-07
1.3092287e-07
1.3091091e-07
1.3089815e-07
1.3088565e-07
1.3087232e-07
1.3085926e-07
1.3084533e-07
1.3083168e-07
1.3081714e-07
1.3080288e-07
1.3078769e-07
1.307728e-07
1.3075694e-07
1.307414e-07
1.3072483e-07
1.3070861e-07
1.3069132e-07
1.306744e-07
1.3065636e-07
1.306387e-07
1.3061988e-07
1.3060145e-07
1.3058182e-07
1.3056261e-07
1.3054213e-07
1.3052209e-07
1.3050073e-07
1.3047983e-07
1.3045756e-07
1.3043576e-07
1.3041252e-07
1.3038979e-07
1.3036555e-07
1.3034183e-07
1.3031655e-07
1.3029181e-07
1.3026544e-07
1.3023964e-07
1.3021213e-07
1.3018522e-07
1.3015653e-07
1.3012846e-07
1.3009854e-07
1.3006928e-07
1.3003809e-07
1.3000759e-07
1.2997508e-07
1.299433e-07
1.2990944e-07
1.2987633e-07
1.2984107e-07
1.2980661e-07
1.297699e-07
1.2973403e-07
1.2969585e-07
1.2965854e-07
1.2961883e-07
1.2958004e-07
1.2953877e-07
1.2949846e-07
1.2945559e-07
1.2941372e-07
1.2936921e-07
1.2932573e-07
1.2927953e-07
1.292344e-07
1.2918648e-07
1.2913965e-07
1.2908995e-07
1.2904138e-07
1.2898986e-07
1.2893949e-07
1.288861e-07
1.2883388e-07
1.2877857e-07
1.2872443e-07
1.2866717e-07
1.2861106e-07
1.2855178e-07
1.2849364e-07
1.284323e-07
1.2837206e-07
1.2830863e-07
1.2824623e-07
1.2818065e-07
1.2811604e-07
1.2804829e-07
1.279814e-07
1.2791144e-07
1.2784222e-07
1.2777002e-07
1.276984e-07
1.2762396e-07
1.2754988e-07
1.2747317e-07
1.2739657e-07
1.273176e-07
1.2723841e-07
1.2715717e-07
1.2707532e-07
1.2699183e-07
1.2690724e-07
1.2682151e-07
1.267341e-07
1.2664616e-07
1.2655583e-07
1.2646572e-07
1.2637237e-07
1.2628014e-07
1.2618365e-07
1.2608937e-07
1.2598962e-07
1.2589337e-07
1.2579021e-07
1.2569211e-07
1.2558537e-07
1.2548556e-07
1.2537507e-07
1.2527372e-07
1.2515926e-07
1.2505659e-07
1.2493792e-07
1.2483418e-07
1.2471102e-07
1.2460653e-07
1.2447857e-07
1.243737e-07
1.2424055e-07
1.2413574e-07
1.2399696e-07
1.2389275e-07
1.2374781e-07
1.2364481e-07
1.2349309e-07
1.2339204e-07
1.2323279e-07
1.2313455e-07
1.229669e-07
1.2287248e-07
1.2269539e-07
1.2260598e-07
1.2237882e-07
1.3124721e-07
1.3123907e-07
1.312304e-07
1.3122188e-07
1.3121279e-07
1.3120387e-07
1.3119436e-07
1.3118501e-07
1.3117505e-07
1.3116527e-07
1.3115485e-07
1.3114461e-07
1.3113371e-07
1.31123e-07
1.311116e-07
1.3110041e-07
1.3108849e-07
1.310768e-07
1.3106435e-07
1.3105214e-07
1.3103914e-07
1.3102639e-07
1.3101282e-07
1.3099953e-07
1.3098537e-07
1.309715e-07
1.3095673e-07
1.3094226e-07
1.3092685e-07
1.3091176e-07
1.3089568e-07
1.3087993e-07
1.3086315e-07
1.3084672e-07
1.3082921e-07
1.3081207e-07
1.3079379e-07
1.3077589e-07
1.307568e-07
1.3073811e-07
1.3071819e-07
1.3069867e-07
1.3067787e-07
1.3065749e-07
1.3063577e-07
1.306145e-07
1.3059182e-07
1.3056962e-07
1.3054596e-07
1.305228e-07
1.3049811e-07
1.3047395e-07
1.304482e-07
1.3042302e-07
1.3039618e-07
1.3036992e-07
1.3034195e-07
1.303146e-07
1.3028546e-07
1.3025698e-07
1.3022664e-07
1.3019698e-07
1.3016539e-07
1.3013452e-07
1.3010164e-07
1.3006952e-07
1.3003531e-07
1.3000189e-07
1.299663e-07
1.2993154e-07
1.2989453e-07
1.2985839e-07
1.298199e-07
1.2978232e-07
1.2974231e-07
1.2970325e-07
1.2966167e-07
1.2962108e-07
1.2957788e-07
1.295357e-07
1.2949084e-07
1.2944703e-07
1.2940046e-07
1.2935496e-07
1.2930663e-07
1.292594e-07
1.2920925e-07
1.2916024e-07
1.2910824e-07
1.2905739e-07
1.2900349e-07
1.2895076e-07
1.2889491e-07
1.2884025e-07
1.2878241e-07
1.2872576e-07
1.2866589e-07
1.2860719e-07
1.2854525e-07
1.2848445e-07
1.284204e-07
1.2835744e-07
1.2829125e-07
1.2822607e-07
1.2815768e-07
1.2809023e-07
1.2801962e-07
1.2794981e-07
1.2787695e-07
1.2780474e-07
1.277296e-07
1.276549e-07
1.2757745e-07
1.275002e-07
1.2742044e-07
1.2734055e-07
1.2725847e-07
1.2717586e-07
1.2709147e-07
1.2700607e-07
1.2691937e-07
1.268311e-07
1.2674213e-07
1.2665089e-07
1.2655969e-07
1.2646539e-07
1.2637202e-07
1.2627455e-07
1.261791e-07
1.2607835e-07
1.2598092e-07
1.2587675e-07
1.2577748e-07
1.2566975e-07
1.2556879e-07
1.2545732e-07
1.2535486e-07
1.2523945e-07
1.2513572e-07
1.2501613e-07
1.249114e-07
1.2478736e-07
1.2468194e-07
1.2455311e-07
1.2444738e-07
1.2431339e-07
1.2420778e-07
1.2406815e-07
1.239632e-07
1.238174e-07
1.2371371e-07
1.235611e-07
1.2345939e-07
1.2329921e-07
1.2320035e-07
1.2303171e-07
1.2293671e-07
1.2275855e-07
1.226686e-07
1.2244008e-07
1.3142701e-07
1.3141868e-07
1.3140983e-07
1.3140114e-07
1.3139188e-07
1.3138281e-07
1.3137315e-07
1.3136367e-07
1.3135359e-07
1.313437e-07
1.3133318e-07
1.3132286e-07
1.3131188e-07
1.3130111e-07
1.3128964e-07
1.312784e-07
1.3126643e-07
1.3125469e-07
1.3124218e-07
1.3122992e-07
1.3121686e-07
1.3120405e-07
1.311904e-07
1.3117701e-07
1.3116274e-07
1.3114875e-07
1.3113383e-07
1.3111921e-07
1.3110362e-07
1.3108834e-07
1.3107205e-07
1.3105608e-07
1.3103906e-07
1.3102238e-07
1.3100461e-07
1.3098719e-07
1.3096863e-07
1.3095046e-07
1.3093109e-07
1.3091212e-07
1.3089191e-07
1.3087213e-07
1.3085105e-07
1.3083043e-07
1.3080845e-07
1.3078694e-07
1.3076403e-07
1.3074161e-07
1.3071772e-07
1.3069436e-07
1.3066946e-07
1.3064511e-07
1.3061915e-07
1.3059377e-07
1.3056672e-07
1.3054026e-07
1.3051206e-07
1.3048449e-07
1.304551e-07
1.3042637e-07
1.3039574e-07
1.303658e-07
1.3033388e-07
1.3030268e-07
1.3026943e-07
1.3023693e-07
1.302023e-07
1.3016845e-07
1.3013239e-07
1.3009715e-07
1.3005961e-07
1.3002294e-07
1.2998388e-07
1.2994573e-07
1.2990512e-07
1.2986545e-07
1.2982323e-07
1.29782e-07
1.2973814e-07
1.296953e-07
1.2964976e-07
1.2960528e-07
1.29558e-07
1.2951183e-07
1.2946279e-07
1.2941488e-07
1.2936402e-07
1.2931432e-07
1.292616e-07
1.2921006e-07
1.2915543e-07
1.29102e-07
1.290454e-07
1.2899002e-07
1.2893142e-07
1.2887402e-07
1.2881336e-07
1.2875389e-07
1.2869112e-07
1.2862952e-07
1.2856459e-07
1.2850079e-07
1.2843366e-07
1.283676e-07
1.2829824e-07
1.2822985e-07
1.2815822e-07
1.2808745e-07
1.2801352e-07
1.2794031e-07
1.2786406e-07
1.2778835e-07
1.2770977e-07
1.2763149e-07
1.2755058e-07
1.2746967e-07
1.2738644e-07
1.2730283e-07
1.2721729e-07
1.2713092e-07
1.2704309e-07
1.2695388e-07
1.268638e-07
1.2677167e-07
1.266794e-07
1.2658424e-07
1.2648984e-07
1.2639155e-07
1.2629511e-07
1.2619356e-07
1.2609518e-07
1.2599024e-07
1.2589004e-07
1.2578155e-07
1.2567969e-07
1.2556745e-07
1.2546411e-07
1.2534791e-07
1.2524331e-07
1.251229e-07
1.250173e-07
1.2489239e-07
1.247861e-07
1.2465635e-07
1.2454974e-07
1.2441475e-07
1.2430827e-07
1.2416756e-07
1.2406173e-07
1.2391476e-07
1.2381019e-07
1.2365631e-07
1.2355374e-07
1.2339219e-07
1.2329248e-07
1.2312236e-07
1.2302653e-07
1.2284677e-07
1.2275605e-07
1.2252571e-07
1.3162114e-07
1.3161275e-07
1.3160382e-07
1.3159505e-07
1.3158572e-07
1.3157655e-07
1.315668e-07
1.3155721e-07
1.3154701e-07
1.3153698e-07
1.3152629e-07
1.315158e-07
1.3150461e-07
1.3149362e-07
1.3148191e-07
1.3147041e-07
1.3145815e-07
1.3144611e-07
1.3143328e-07
1.3142069e-07
1.3140727e-07
1.313941e-07
1.3138007e-07
1.313663e-07
1.3135164e-07
1.3133727e-07
1.3132196e-07
1.3130694e-07
1.3129096e-07
1.3127529e-07
1.3125861e-07
1.3124226e-07
1.3122486e-07
1.3120781e-07
1.3118965e-07
1.3117187e-07
1.3115294e-07
1.3113439e-07
1.3111464e-07
1.310953e-07
1.310747e-07
1.3105454e-07
1.3103305e-07
1.3101203e-07
1.3098962e-07
1.3096769e-07
1.3094432e-07
1.3092146e-07
1.3089709e-07
1.3087324e-07
1.3084783e-07
1.3082296e-07
1.3079646e-07
1.3077054e-07
1.3074291e-07
1.3071588e-07
1.3068708e-07
1.3065891e-07
1.3062888e-07
1.3059953e-07
1.3056825e-07
1.3053766e-07
1.3050508e-07
1.3047323e-07
1.3043929e-07
1.3040613e-07
1.3037081e-07
1.303363e-07
1.3029955e-07
1.3026365e-07
1.3022543e-07
1.301881e-07
1.3014836e-07
1.3010956e-07
1.3006826e-07
1.3002794e-07
1.2998504e-07
1.2994316e-07
1.2989861e-07
1.2985512e-07
1.2980888e-07
1.2976373e-07
1.2971575e-07
1.296689e-07
1.2961912e-07
1.295705e-07
1.2951888e-07
1.2946846e-07
1.2941494e-07
1.2936265e-07
1.2930719e-07
1.2925298e-07
1.2919553e-07
1.2913933e-07
1.2907984e-07
1.2902161e-07
1.2896003e-07
1.288997e-07
1.2883599e-07
1.2877352e-07
1.2870763e-07
1.2864295e-07
1.2857485e-07
1.2850791e-07
1.2843756e-07
1.283683e-07
1.2829567e-07
1.2822403e-07
1.281491e-07
1.2807501e-07
1.2799777e-07
1.2792117e-07
1.278416e-07
1.2776243e-07
1.2768051e-07
1.2759871e-07
1.2751445e-07
1.2742995e-07
1.2734336e-07
1.2725607e-07
1.2716718e-07
1.2707702e-07
1.2698586e-07
1.2689275e-07
1.2679937e-07
1.2670321e-07
1.2660767e-07
1.2650835e-07
1.2641073e-07
1.2630814e-07
1.2620855e-07
1.2610254e-07
1.260011e-07
1.2589151e-07
1.2578838e-07
1.2567503e-07
1.255704e-07
1.2545306e-07
1.2534715e-07
1.2522559e-07
1.2511867e-07
1.2499259e-07
1.2488498e-07
1.2475404e-07
1.2464611e-07
1.2450991e-07
1.2440213e-07
1.2426018e-07
1.2415309e-07
1.2400485e-07
1.2389907e-07
1.2374389e-07
1.2364018e-07
1.2347728e-07
1.2337654e-07
1.23205e-07
1.2310828e-07
1.2292703e-07
1.2283557e-07
1.2260333e-07
1.3189315e-07
1.3188451e-07
1.3187532e-07
1.3186629e-07
1.3185668e-07
1.3184724e-07
1.318372e-07
1.3182734e-07
1.3181685e-07
1.3180654e-07
1.3179558e-07
1.3178481e-07
1.3177336e-07
1.3176212e-07
1.3175016e-07
1.3173842e-07
1.3172593e-07
1.3171367e-07
1.3170063e-07
1.3168783e-07
1.3167421e-07
1.3166084e-07
1.3164662e-07
1.3163266e-07
1.316178e-07
1.3160323e-07
1.3158771e-07
1.3157248e-07
1.3155626e-07
1.3154036e-07
1.3152342e-07
1.315068e-07
1.314891e-07
1.3147174e-07
1.3145325e-07
1.3143511e-07
1.314158e-07
1.3139686e-07
1.3137669e-07
1.3135691e-07
1.3133585e-07
1.3131521e-07
1.3129323e-07
1.3127169e-07
1.3124876e-07
1.3122629e-07
1.3120237e-07
1.3117895e-07
1.3115401e-07
1.311296e-07
1.311036e-07
1.3107817e-07
1.3105109e-07
1.310246e-07
1.3099639e-07
1.309688e-07
1.3093942e-07
1.309107e-07
1.3088011e-07
1.3085021e-07
1.3081836e-07
1.3078724e-07
1.3075408e-07
1.3072169e-07
1.3068718e-07
1.3065347e-07
1.3061756e-07
1.3058248e-07
1.305451e-07
1.305086e-07
1.3046971e-07
1.3043174e-07
1.3039129e-07
1.3035179e-07
1.3030972e-07
1.3026865e-07
1.3022491e-07
1.3018222e-07
1.3013676e-07
1.3009239e-07
1.3004517e-07
1.2999907e-07
1.2995003e-07
1.2990216e-07
1.2985127e-07
1.2980157e-07
1.2974877e-07
1.296972e-07
1.2964245e-07
1.2958897e-07
1.2953222e-07
1.2947677e-07
1.2941799e-07
1.2936052e-07
1.2929967e-07
1.2924014e-07
1.2917716e-07
1.2911552e-07
1.290504e-07
1.289866e-07
1.2891929e-07
1.2885327e-07
1.2878375e-07
1.2871547e-07
1.286437e-07
1.285731e-07
1.2849906e-07
1.2842609e-07
1.2834976e-07
1.2827436e-07
1.2819571e-07
1.2811782e-07
1.2803684e-07
1.2795639e-07
1.2787308e-07
1.2779e-07
1.2770436e-07
1.2761858e-07
1.275306e-07
1.2744204e-07
1.2735176e-07
1.2726033e-07
1.2716776e-07
1.2707337e-07
1.2697857e-07
1.2688112e-07
1.2678415e-07
1.2668353e-07
1.2658446e-07
1.2648055e-07
1.263795e-07
1.2627214e-07
1.2616924e-07
1.2605829e-07
1.2595369e-07
1.2583897e-07
1.2573286e-07
1.2561415e-07
1.2550678e-07
1.2538384e-07
1.2527547e-07
1.25148e-07
1.2503897e-07
1.2490663e-07
1.2479733e-07
1.2465971e-07
1.245506e-07
1.2440723e-07
1.2429885e-07
1.2414917e-07
1.2404216e-07
1.2388549e-07
1.2378062e-07
1.2361618e-07
1.2351435e-07
1.233412e-07
1.2324348e-07
1.230605e-07
1.2296815e-07
1.2273359e-07
1.3219444e-07
1.3218552e-07
1.3217605e-07
1.3216673e-07
1.3215683e-07
1.321471e-07
1.3213675e-07
1.3212659e-07
1.3211579e-07
1.3210518e-07
1.320939e-07
1.3208283e-07
1.3207105e-07
1.3205949e-07
1.3204719e-07
1.3203511e-07
1.3202227e-07
1.3200966e-07
1.3199624e-07
1.3198306e-07
1.3196904e-07
1.3195527e-07
1.3194062e-07
1.3192623e-07
1.3191092e-07
1.3189589e-07
1.3187989e-07
1.3186418e-07
1.3184747e-07
1.3183107e-07
1.3181361e-07
1.3179648e-07
1.3177825e-07
1.3176037e-07
1.3174134e-07
1.3172268e-07
1.3170283e-07
1.3168336e-07
1.3166265e-07
1.3164235e-07
1.3162074e-07
1.3159957e-07
1.3157704e-07
1.3155498e-07
1.3153149e-07
1.3150848e-07
1.31484e-07
1.3146002e-07
1.314345e-07
1.3140951e-07
1.313829e-07
1.3135687e-07
1.3132914e-07
1.31302e-07
1.312731e-07
1.3124483e-07
1.3121471e-07
1.3118525e-07
1.3115387e-07
1.3112318e-07
1.3109047e-07
1.310585e-07
1.3102444e-07
1.3099114e-07
1.3095566e-07
1.3092099e-07
1.3088405e-07
1.3084795e-07
1.3080951e-07
1.3077195e-07
1.3073194e-07
1.3069287e-07
1.3065127e-07
1.3061065e-07
1.305674e-07
1.3052518e-07
1.3048025e-07
1.3043639e-07
1.3038972e-07
1.3034418e-07
1.3029574e-07
1.3024848e-07
1.3019822e-07
1.3014919e-07
1.3009707e-07
1.3004622e-07
1.2999219e-07
1.2993947e-07
1.298835e-07
1.2982886e-07
1.2977089e-07
1.2971429e-07
1.2965427e-07
1.2959564e-07
1.2953353e-07
1.2947282e-07
1.2940857e-07
1.2934574e-07
1.2927931e-07
1.2921428e-07
1.2914563e-07
1.2907836e-07
1.2900744e-07
1.2893788e-07
1.2886467e-07
1.2879274e-07
1.2871721e-07
1.2864287e-07
1.28565e-07
1.2848819e-07
1.2840795e-07
1.2832863e-07
1.2824601e-07
1.281641e-07
1.2807912e-07
1.2799456e-07
1.279072e-07
1.2781993e-07
1.2773022e-07
1.2764016e-07
1.2754812e-07
1.2745519e-07
1.2736086e-07
1.2726496e-07
1.2716838e-07
1.2706943e-07
1.2697066e-07
1.2686852e-07
1.2676765e-07
1.266622e-07
1.2655933e-07
1.2645042e-07
1.2634566e-07
1.2623314e-07
1.2612665e-07
1.2601031e-07
1.2590229e-07
1.2578191e-07
1.2567258e-07
1.255479e-07
1.2543756e-07
1.2530828e-07
1.2519725e-07
1.2506303e-07
1.2495171e-07
1.2481213e-07
1.2470101e-07
1.245556e-07
1.2444524e-07
1.2429342e-07
1.241845e-07
1.240256e-07
1.2391892e-07
1.2375213e-07
1.2364863e-07
1.23473e-07
1.2337378e-07
1.231882e-07
1.2309458e-07
1.2285695e-07
1.3260159e-07
1.3259238e-07
1.3258261e-07
1.32573e-07
1.3256281e-07
1.3255278e-07
1.3254214e-07
1.3253168e-07
1.3252057e-07
1.3250964e-07
1.3249803e-07
1.3248661e-07
1.3247448e-07
1.3246254e-07
1.3244985e-07
1.3243738e-07
1.3242411e-07
1.3241106e-07
1.3239719e-07
1.3238355e-07
1.3236905e-07
1.323548e-07
1.3233964e-07
1.3232475e-07
1.3230891e-07
1.3229335e-07
1.322768e-07
1.3226055e-07
1.3224326e-07
1.3222629e-07
1.3220824e-07
1.3219051e-07
1.3217166e-07
1.3215316e-07
1.3213348e-07
1.3211416e-07
1.3209361e-07
1.3207345e-07
1.3205199e-07
1.3203095e-07
1.3200856e-07
1.3198659e-07
1.3196323e-07
1.3194032e-07
1.3191594e-07
1.3189204e-07
1.3186661e-07
1.318417e-07
1.3181519e-07
1.3178922e-07
1.3176159e-07
1.3173454e-07
1.3170575e-07
1.3167757e-07
1.3164759e-07
1.3161825e-07
1.3158704e-07
1.315565e-07
1.31524e-07
1.3149223e-07
1.3145841e-07
1.3142535e-07
1.3139017e-07
1.3135578e-07
1.3131918e-07
1.3128341e-07
1.3124535e-07
1.3120815e-07
1.3116857e-07
1.311299e-07
1.3108874e-07
1.3104855e-07
1.3100577e-07
1.30964e-07
1.3091954e-07
1.3087615e-07
1.3082997e-07
1.3078489e-07
1.3073694e-07
1.3069013e-07
1.3064035e-07
1.3059177e-07
1.3054012e-07
1.3048971e-07
1.3043613e-07
1.3038385e-07
1.303283e-07
1.302741e-07
1.3021652e-07
1.3016034e-07
1.301007e-07
1.300425e-07
1.2998074e-07
1.2992046e-07
1.2985655e-07
1.2979414e-07
1.2972803e-07
1.2966343e-07
1.2959509e-07
1.2952826e-07
1.2945764e-07
1.2938854e-07
1.2931561e-07
1.2924418e-07
1.2916891e-07
1.2909509e-07
1.2901747e-07
1.2894122e-07
1.2886121e-07
1.2878247e-07
1.2870007e-07
1.2861878e-07
1.2853397e-07
1.2845007e-07
1.2836285e-07
1.2827628e-07
1.2818664e-07
1.2809732e-07
1.2800528e-07
1.2791313e-07
1.2781871e-07
1.2772366e-07
1.2762688e-07
1.2752883e-07
1.2742975e-07
1.2732859e-07
1.2722728e-07
1.271229e-07
1.2701944e-07
1.2691172e-07
1.2680622e-07
1.2669501e-07
1.2658761e-07
1.2647276e-07
1.2636363e-07
1.2624495e-07
1.2613429e-07
1.2601156e-07
1.2589963e-07
1.257726e-07
1.2565969e-07
1.2552805e-07
1.2541451e-07
1.2527792e-07
1.2516417e-07
1.2502221e-07
1.2490873e-07
1.247609e-07
1.2464828e-07
1.2449398e-07
1.2438291e-07
1.2422146e-07
1.2411275e-07
1.239433e-07
1.2383792e-07
1.2365949e-07
1.2355857e-07
1.2337e-07
1.232749e-07
1.2303356e-07
1.3310053e-07
1.3309092e-07
1.3308073e-07
1.330707e-07
1.3306005e-07
1.3304957e-07
1.3303846e-07
1.3302751e-07
1.3301589e-07
1.3300445e-07
1.3299231e-07
1.3298036e-07
1.3296767e-07
1.3295517e-07
1.329419e-07
1.3292884e-07
1.3291496e-07
1.3290131e-07
1.3288681e-07
1.3287253e-07
1.3285737e-07
1.3284246e-07
1.3282661e-07
1.3281103e-07
1.3279447e-07
1.3277819e-07
1.327609e-07
1.3274389e-07
1.3272583e-07
1.3270807e-07
1.3268921e-07
1.3267068e-07
1.3265099e-07
1.3263165e-07
1.326111e-07
1.3259092e-07
1.3256949e-07
1.3254844e-07
1.3252608e-07
1.3250414e-07
1.3248082e-07
1.3245794e-07
1.3243363e-07
1.3240978e-07
1.3238443e-07
1.3235957e-07
1.3233314e-07
1.3230723e-07
1.3227968e-07
1.3225268e-07
1.3222396e-07
1.3219582e-07
1.3216589e-07
1.3213657e-07
1.3210537e-07
1.3207482e-07
1.3204232e-07
1.3201049e-07
1.3197663e-07
1.3194349e-07
1.3190823e-07
1.3187373e-07
1.3183702e-07
1.3180112e-07
1.3176292e-07
1.3172558e-07
1.3168585e-07
1.3164702e-07
1.3160572e-07
1.3156537e-07
1.3152246e-07
1.3148054e-07
1.3143597e-07
1.3139245e-07
1.3134618e-07
1.3130101e-07
1.3125298e-07
1.3120612e-07
1.311563e-07
1.3110769e-07
1.3105601e-07
1.310056e-07
1.3095202e-07
1.3089976e-07
1.3084421e-07
1.3079004e-07
1.3073246e-07
1.3067632e-07
1.3061667e-07
1.3055851e-07
1.3049673e-07
1.3043647e-07
1.3037251e-07
1.3031012e-07
1.3024392e-07
1.3017934e-07
1.3011086e-07
1.3004404e-07
1.2997325e-07
1.2990414e-07
1.29831e-07
1.2975955e-07
1.2968404e-07
1.2961021e-07
1.295323e-07
1.2945604e-07
1.2937571e-07
1.2929698e-07
1.2921422e-07
1.2913295e-07
1.2904775e-07
1.289639e-07
1.2887624e-07
1.2878975e-07
1.2869964e-07
1.2861045e-07
1.2851789e-07
1.2842592e-07
1.2833092e-07
1.282361e-07
1.2813869e-07
1.2804093e-07
1.2794113e-07
1.2784034e-07
1.2773822e-07
1.276343e-07
1.2752991e-07
1.2742274e-07
1.2731618e-07
1.2720565e-07
1.2709703e-07
1.26983e-07
1.2687246e-07
1.2675476e-07
1.2664248e-07
1.2652094e-07
1.2640713e-07
1.2628153e-07
1.2616646e-07
1.2603654e-07
1.2592051e-07
1.2578598e-07
1.2566936e-07
1.2552987e-07
1.2541309e-07
1.2526821e-07
1.2515179e-07
1.2500102e-07
1.2488557e-07
1.247283e-07
1.2461453e-07
1.2445005e-07
1.2433882e-07
1.2416626e-07
1.2405857e-07
1.238769e-07
1.2377394e-07
1.2358194e-07
1.2348511e-07
1.2323931e-07
1.3376665e-07
1.3375644e-07
1.3374561e-07
1.3373491e-07
1.3372355e-07
1.3371233e-07
1.3370044e-07
1.3368869e-07
1.3367624e-07
1.3366396e-07
1.3365094e-07
1.3363809e-07
1.3362449e-07
1.3361108e-07
1.3359687e-07
1.3358287e-07
1.3356805e-07
1.3355344e-07
1.3353798e-07
1.3352274e-07
1.3350661e-07
1.3349072e-07
1.3347389e-07
1.3345731e-07
1.3343975e-07
1.3342247e-07
1.3340414e-07
1.3338611e-07
1.3336699e-07
1.3334817e-07
1.3332822e-07
1.3330858e-07
1.3328776e-07
1.3326728e-07
1.3324556e-07
1.3322419e-07
1.3320153e-07
1.3317925e-07
1.3315562e-07
1.331324e-07
1.3310776e-07
1.3308355e-07
1.3305788e-07
1.3303265e-07
1.3300589e-07
1.3297962e-07
1.3295173e-07
1.3292436e-07
1.3289531e-07
1.328668e-07
1.3283654e-07
1.3280685e-07
1.3277532e-07
1.3274439e-07
1.3271155e-07
1.3267934e-07
1.3264512e-07
1.3261158e-07
1.3257595e-07
1.3254103e-07
1.3250392e-07
1.3246757e-07
1.3242894e-07
1.3239112e-07
1.3235092e-07
1.3231157e-07
1.3226976e-07
1.3222886e-07
1.3218538e-07
1.3214288e-07
1.320977e-07
1.3205355e-07
1.3200663e-07
1.319608e-07
1.3191208e-07
1.3186452e-07
1.3181397e-07
1.3176463e-07
1.3171219e-07
1.3166104e-07
1.3160666e-07
1.3155364e-07
1.3149728e-07
1.3144233e-07
1.3138393e-07
1.3132701e-07
1.3126652e-07
1.3120757e-07
1.3114494e-07
1.3108392e-07
1.3101909e-07
1.3095594e-07
1.3088888e-07
1.3082354e-07
1.307542e-07
1.3068663e-07
1.3061496e-07
1.3054512e-07
1.3047109e-07
1.3039892e-07
1.303225e-07
1.3024795e-07
1.301691e-07
1.3009213e-07
1.3001082e-07
1.2993137e-07
1.2984758e-07
1.2976562e-07
1.2967933e-07
1.2959478e-07
1.2950597e-07
1.294188e-07
1.2932746e-07
1.292376e-07
1.2914374e-07
1.2905112e-07
1.2895474e-07
1.2885931e-07
1.2876043e-07
1.2866212e-07
1.2856077e-07
1.2845949e-07
1.2835572e-07
1.282514e-07
1.2814526e-07
1.2803781e-07
1.2792938e-07
1.2781868e-07
1.2770806e-07
1.27594e-07
1.2748131e-07
1.2736375e-07
1.2724914e-07
1.2712791e-07
1.2701155e-07
1.2688647e-07
1.2676859e-07
1.2663943e-07
1.2652029e-07
1.2638678e-07
1.262667e-07
1.2612852e-07
1.2600788e-07
1.2586466e-07
1.2574391e-07
1.2559521e-07
1.2547489e-07
1.2532019e-07
1.2520093e-07
1.250396e-07
1.2492217e-07
1.2475345e-07
1.2463876e-07
1.2446176e-07
1.2435087e-07
1.2416452e-07
1.2405869e-07
1.2386172e-07
1.2376243e-07
1.2351052e-07
1.3467059e-07
1.3465948e-07
1.3464776e-07
1.3463618e-07
1.3462397e-07
1.3461191e-07
1.3459918e-07
1.3458661e-07
1.3457334e-07
1.3456023e-07
1.3454638e-07
1.345327e-07
1.3451823e-07
1.3450394e-07
1.3448881e-07
1.3447386e-07
1.3445803e-07
1.3444238e-07
1.3442581e-07
1.3440942e-07
1.3439207e-07
1.3437492e-07
1.3435675e-07
1.3433879e-07
1.3431979e-07
1.3430101e-07
1.3428114e-07
1.3426152e-07
1.3424077e-07
1.3422031e-07
1.3419867e-07
1.3417733e-07
1.3415479e-07
1.3413258e-07
1.341091e-07
1.34086e-07
1.3406157e-07
1.3403755e-07
1.3401214e-07
1.3398716e-07
1.3396073e-07
1.3393475e-07
1.3390725e-07
1.3388021e-07
1.3385158e-07
1.3382342e-07
1.3379359e-07
1.3376426e-07
1.3373317e-07
1.3370259e-07
1.3367017e-07
1.3363828e-07
1.3360446e-07
1.3357121e-07
1.3353593e-07
1.3350125e-07
1.3346447e-07
1.3342833e-07
1.3338999e-07
1.3335234e-07
1.3331241e-07
1.3327323e-07
1.3323167e-07
1.3319092e-07
1.3314771e-07
1.3310537e-07
1.3306047e-07
1.3301651e-07
1.3296989e-07
1.3292429e-07
1.3287591e-07
1.3282862e-07
1.3277845e-07
1.3272943e-07
1.3267741e-07
1.3262661e-07
1.3257269e-07
1.3252007e-07
1.3246419e-07
1.3240967e-07
1.3235178e-07
1.3229531e-07
1.3223533e-07
1.3217685e-07
1.3211472e-07
1.3205417e-07
1.3198983e-07
1.3192715e-07
1.3186054e-07
1.3179566e-07
1.3172673e-07
1.316596e-07
1.315883e-07
1.3151888e-07
1.3144515e-07
1.3137338e-07
1.312972e-07
1.3122304e-07
1.3114437e-07
1.3106778e-07
1.3098659e-07
1.3090752e-07
1.3082379e-07
1.3074221e-07
1.3065592e-07
1.3057179e-07
1.3048292e-07
1.303962e-07
1.3030475e-07
1.3021539e-07
1.3012136e-07
1.3002933e-07
1.2993271e-07
1.2983796e-07
1.2973876e-07
1.2964125e-07
1.2953948e-07
1.2943915e-07
1.2933484e-07
1.2923162e-07
1.2912481e-07
1.2901862e-07
1.2890935e-07
1.2880013e-07
1.2868846e-07
1.285761e-07
1.2846212e-07
1.2834652e-07
1.2823031e-07
1.2811135e-07
1.2799306e-07
1.2787059e-07
1.2775038e-07
1.2762423e-07
1.2750229e-07
1.2737228e-07
1.2724884e-07
1.2711474e-07
1.2699009e-07
1.2685162e-07
1.2672611e-07
1.2658295e-07
1.2645697e-07
1.2630874e-07
1.2618278e-07
1.2602901e-07
1.2590363e-07
1.2574376e-07
1.2561964e-07
1.2545301e-07
1.2533093e-07
1.2515674e-07
1.2503766e-07
1.2485495e-07
1.2473998e-07
1.2454761e-07
1.2443808e-07
1.2423468e-07
1.2413218e-07
1.2387219e-07
1.3597033e-07
1.3595809e-07
1.3594522e-07
1.3593244e-07
1.3591899e-07
1.3590564e-07
1.3589156e-07
1.3587759e-07
1.3586285e-07
1.3584821e-07
1.3583276e-07
1.358174e-07
1.358012e-07
1.357851e-07
1.3576811e-07
1.3575122e-07
1.3573341e-07
1.3571573e-07
1.3569708e-07
1.3567857e-07
1.3565907e-07
1.3563973e-07
1.3561935e-07
1.3559916e-07
1.3557791e-07
1.3555687e-07
1.3553471e-07
1.355128e-07
1.3548974e-07
1.3546694e-07
1.3544294e-07
1.3541922e-07
1.3539425e-07
1.3536959e-07
1.353436e-07
1.3531794e-07
1.3529089e-07
1.3526417e-07
1.35236e-07
1.3520817e-07
1.3517882e-07
1.3514982e-07
1.3511921e-07
1.3508899e-07
1.3505707e-07
1.3502556e-07
1.3499227e-07
1.3495942e-07
1.3492471e-07
1.3489046e-07
1.3485428e-07
1.3481861e-07
1.3478091e-07
1.3474378e-07
1.3470453e-07
1.346659e-07
1.3462508e-07
1.3458491e-07
1.3454247e-07
1.3450075e-07
1.3445665e-07
1.3441333e-07
1.3436755e-07
1.3432259e-07
1.3427506e-07
1.3422843e-07
1.341791e-07
1.3413073e-07
1.3407955e-07
1.3402939e-07
1.339763e-07
1.3392429e-07
1.3386921e-07
1.3381529e-07
1.3375817e-07
1.3370228e-07
1.3364305e-07
1.3358513e-07
1.3352374e-07
1.3346374e-07
1.3340014e-07
1.3333801e-07
1.3327214e-07
1.3320785e-07
1.3313968e-07
1.3307318e-07
1.3300267e-07
1.3293394e-07
1.3286104e-07
1.3279004e-07
1.3271474e-07
1.3264143e-07
1.3256368e-07
1.3248803e-07
1.324078e-07
1.3232977e-07
1.3224701e-07
1.3216655e-07
1.3208123e-07
1.3199829e-07
1.3191036e-07
1.3182489e-07
1.3173431e-07
1.3164625e-07
1.3155299e-07
1.3146228e-07
1.313663e-07
1.3127289e-07
1.3117416e-07
1.3107801e-07
1.3097652e-07
1.3087757e-07
1.3077333e-07
1.3067152e-07
1.3056454e-07
1.3045985e-07
1.3035015e-07
1.3024253e-07
1.3013015e-07
1.3001956e-07
1.2990456e-07
1.2979096e-07
1.2967341e-07
1.2955673e-07
1.2943672e-07
1.2931691e-07
1.2919455e-07
1.2907151e-07
1.2894693e-07
1.2882056e-07
1.2869391e-07
1.2856409e-07
1.2843554e-07
1.283021e-07
1.2817189e-07
1.2803463e-07
1.2790299e-07
1.2776169e-07
1.2762893e-07
1.2748329e-07
1.2734977e-07
1.2719944e-07
1.2706558e-07
1.2691016e-07
1.2677648e-07
1.2661546e-07
1.2648256e-07
1.2631534e-07
1.2618396e-07
1.2600981e-07
1.2588081e-07
1.2569888e-07
1.2557329e-07
1.2538253e-07
1.2526159e-07
1.2506075e-07
1.2494592e-07
1.2473351e-07
1.2462653e-07
1.2435525e-07
1.3805314e-07
1.3803833e-07
1.3802282e-07
1.3800733e-07
1.3799109e-07
1.3797487e-07
1.3795786e-07
1.3794087e-07
1.3792306e-07
1.3790526e-07
1.378866e-07
1.3786797e-07
1.3784844e-07
1.3782895e-07
1.3780852e-07
1.3778815e-07
1.3776682e-07
1.3774556e-07
1.377233e-07
1.3770114e-07
1.3767795e-07
1.3765487e-07
1.3763072e-07
1.376067e-07
1.3758157e-07
1.3755659e-07
1.3753045e-07
1.3750447e-07
1.3747727e-07
1.3745024e-07
1.3742193e-07
1.373938e-07
1.3736432e-07
1.3733503e-07
1.3730433e-07
1.3727383e-07
1.3724184e-07
1.3721006e-07
1.3717672e-07
1.3714362e-07
1.3710888e-07
1.370744e-07
1.3703821e-07
1.3700231e-07
1.3696462e-07
1.3692725e-07
1.3688803e-07
1.3684916e-07
1.3680835e-07
1.3676794e-07
1.3672552e-07
1.3668353e-07
1.3663944e-07
1.3659583e-07
1.3655002e-07
1.3650474e-07
1.3645717e-07
1.3641017e-07
1.3636077e-07
1.36312e-07
1.3626071e-07
1.362101e-07
1.3615686e-07
1.3610435e-07
1.360491e-07
1.3599463e-07
1.3593729e-07
1.358808e-07
1.3582131e-07
1.3576276e-07
1.3570106e-07
1.3564038e-07
1.3557643e-07
1.3551359e-07
1.3544733e-07
1.3538228e-07
1.3531368e-07
1.3524639e-07
1.351754e-07
1.3510583e-07
1.3503242e-07
1.3496055e-07
1.3488468e-07
1.3481047e-07
1.3473211e-07
1.3465554e-07
1.3457465e-07
1.3449568e-07
1.3441223e-07
1.3433083e-07
1.3424477e-07
1.341609e-07
1.340722e-07
1.3398582e-07
1.3389444e-07
1.3380552e-07
1.3371142e-07
1.3361992e-07
1.3352305e-07
1.3342893e-07
1.3332928e-07
1.3323249e-07
1.3313002e-07
1.3303053e-07
1.3292522e-07
1.32823e-07
1.3271481e-07
1.3260982e-07
1.3249876e-07
1.3239096e-07
1.3227703e-07
1.3216638e-07
1.3204957e-07
1.3193605e-07
1.3181638e-07
1.3169994e-07
1.3157744e-07
1.3145805e-07
1.3133277e-07
1.3121039e-07
1.3108239e-07
1.3095698e-07
1.3082634e-07
1.3069785e-07
1.3056467e-07
1.3043305e-07
1.3029745e-07
1.3016262e-07
1.3002476e-07
1.2988664e-07
1.2974669e-07
1.2960515e-07
1.2946334e-07
1.2931824e-07
1.2917481e-07
1.2902596e-07
1.288812e-07
1.2872837e-07
1.2858264e-07
1.2842554e-07
1.2827923e-07
1.2811749e-07
1.2797109e-07
1.2780427e-07
1.2765835e-07
1.2748589e-07
1.2734114e-07
1.2716239e-07
1.2701962e-07
1.2683376e-07
1.2669394e-07
1.2649999e-07
1.2636427e-07
1.2616108e-07
1.2603086e-07
1.2581699e-07
1.2569395e-07
1.2546768e-07
1.2535381e-07
1.2506517e-07
1.4229667e-07
1.4229492e-07
1.4229097e-07
1.4228738e-07
1.4228405e-07
1.4228084e-07
1.422775e-07
1.422737e-07
1.4226899e-07
1.4226284e-07
1.4225462e-07
1.4224371e-07
1.4222948e-07
1.4221139e-07
1.4218902e-07
1.4216208e-07
1.4213049e-07
1.4209433e-07
1.4205386e-07
1.4200949e-07
1.4196173e-07
1.4191121e-07
1.4185857e-07
1.4180448e-07
1.4174958e-07
1.4169446e-07
1.4163965e-07
1.4158561e-07
1.4153269e-07
1.4148118e-07
1.4143127e-07
1.4138307e-07
1.4133661e-07
1.4129188e-07
1.4124878e-07
1.4120716e-07
1.4116684e-07
1.411276e-07
1.4108918e-07
1.410513e-07
1.4101366e-07
1.4097598e-07
1.4093792e-07
1.408992e-07
1.4085952e-07
1.4081859e-07
1.4077618e-07
1.4073204e-07
1.4068599e-07
1.4063785e-07
1.4058752e-07
1.4053489e-07
1.4047992e-07
1.404226e-07
1.4036293e-07
1.4030098e-07
1.4023682e-07
1.4017053e-07
1.4010225e-07
1.4003207e-07
1.3996015e-07
1.3988661e-07
1.3981158e-07
1.3973518e-07
1.3965754e-07
1.3957876e-07
1.3949894e-07
1.3941815e-07
1.3933647e-07
1.3925395e-07
1.3917062e-07
1.3908653e-07
1.3900167e-07
1.3891606e-07
1.3882968e-07
1.3874254e-07
1.386546e-07
1.3856584e-07
1.3847623e-07
1.3838573e-07
1.3829429e-07
1.3820188e-07
1.3810844e-07
1.3801394e-07
1.379183e-07
1.3782149e-07
1.3772345e-07
1.3762413e-07
1.3752347e-07
1.3742141e-07
1.373179e-07
1.372129e-07
1.3710634e-07
1.3699817e-07
1.3688836e-07
1.3677686e-07
1.3666362e-07
1.3654861e-07
1.3643179e-07
1.3631315e-07
1.3619266e-07
1.360703e-07
1.3594606e-07
1.3581994e-07
1.3569194e-07
1.3556205e-07
1.354303e-07
1.3529669e-07
1.3516123e-07
1.3502395e-07
1.3488485e-07
1.3474397e-07
1.3460136e-07
1.3445704e-07
1.3431104e-07
1.341634e-07
1.3401415e-07
1.3386331e-07
1.3371092e-07
1.33557e-07
1.3340158e-07
1.332447e-07
1.3308637e-07
1.3292662e-07
1.3276547e-07
1.3260296e-07
1.3243911e-07
1.3227394e-07
1.3210748e-07
1.3193976e-07
1.3177081e-07
1.3160066e-07
1.3142934e-07
1.3125689e-07
1.3108334e-07
1.3089608e-07
1.307233e-07
1.305147e-07
1.3038121e-07
1.3017121e-07
1.3031512e-07
1.3016729e-07
1.2993361e-07
1.2976719e-07
1.296097e-07
1.2952543e-07
1.2963047e-07
1.2828805e-07
1.2789781e-07
1.2708264e-07
1.2643683e-07
1.2822102e-07
1.2861732e-07
1.2879232e-07
1.2914955e-07
1.287616e-07
1.2761829e-07
1.2653319e-07
1.2622608e-07
1.261319e-07
)
;

boundaryField
{
    corpo
    {
        type            nutLowReWallFunction;
        Cmu             0.09;
        kappa           0.41;
        E               9.8;
        value           uniform 0;
    }
    esterno
    {
        type            calculated;
        value           nonuniform List<scalar> 
428
(
1.5e-07
1.5e-07
1.5e-07
1.5e-07
1.5e-07
1.5e-07
1.5e-07
1.5e-07
1.5e-07
1.5e-07
1.5e-07
1.5e-07
1.5e-07
1.5e-07
1.5e-07
1.5e-07
1.5e-07
1.5e-07
1.5e-07
1.5e-07
1.5e-07
1.5e-07
1.5e-07
1.5e-07
1.5e-07
1.5e-07
1.5e-07
1.5e-07
1.5e-07
1.5e-07
1.5e-07
1.5e-07
1.5e-07
1.5e-07
1.5e-07
1.5e-07
1.5e-07
1.5e-07
1.5e-07
1.5e-07
1.5e-07
1.5e-07
1.5e-07
1.5e-07
1.5e-07
1.5e-07
1.5e-07
1.5e-07
1.5e-07
1.5e-07
1.5e-07
1.5e-07
1.5e-07
1.5e-07
1.5e-07
1.5e-07
1.5e-07
1.5e-07
1.5e-07
1.5e-07
1.5e-07
1.5e-07
1.5e-07
1.5e-07
1.5e-07
1.5e-07
1.5e-07
1.5e-07
1.5e-07
1.5e-07
1.5e-07
1.5e-07
1.5e-07
1.5e-07
1.5e-07
1.5e-07
1.5e-07
1.5e-07
1.5e-07
1.5e-07
1.5e-07
1.5e-07
1.5e-07
1.5e-07
1.5e-07
1.5e-07
1.5e-07
1.5e-07
1.5e-07
1.5e-07
1.5e-07
1.5e-07
1.5e-07
1.5e-07
1.5e-07
1.5e-07
1.5e-07
1.5e-07
1.5e-07
1.5e-07
1.5e-07
1.5e-07
1.5e-07
1.5e-07
1.5e-07
1.5e-07
1.5e-07
1.5e-07
1.5e-07
1.5e-07
1.5e-07
1.5e-07
1.5e-07
1.5e-07
1.5e-07
1.5e-07
1.5e-07
1.5e-07
1.5e-07
1.5e-07
1.5e-07
1.5e-07
1.5e-07
1.5e-07
1.5e-07
1.5e-07
1.5e-07
1.5e-07
1.5e-07
1.5e-07
1.5e-07
1.5e-07
1.5e-07
1.5e-07
1.5e-07
1.5e-07
1.5e-07
1.5e-07
1.5e-07
1.5e-07
1.5e-07
1.5e-07
1.5e-07
1.5e-07
1.5e-07
1.5e-07
1.5e-07
1.5e-07
1.5e-07
1.5e-07
1.5e-07
1.5e-07
1.5e-07
1.5e-07
1.5e-07
1.5e-07
1.5e-07
1.5e-07
1.5e-07
1.5e-07
1.5e-07
1.5e-07
1.5e-07
1.5e-07
1.5e-07
1.5e-07
1.5e-07
1.5e-07
1.5e-07
1.5e-07
1.5e-07
1.5e-07
1.5e-07
1.5e-07
1.5e-07
1.5e-07
1.5e-07
1.5e-07
1.5e-07
1.5e-07
1.5e-07
1.5e-07
1.5e-07
1.5e-07
1.5e-07
1.5e-07
1.5e-07
1.5e-07
1.5e-07
1.5e-07
1.5e-07
1.5e-07
1.5e-07
1.5e-07
1.5e-07
1.5e-07
1.5e-07
1.5e-07
1.5e-07
1.5e-07
1.5e-07
1.5e-07
1.5e-07
1.5e-07
1.5e-07
1.5e-07
1.5e-07
1.5e-07
1.5e-07
1.5e-07
1.5e-07
1.5e-07
1.5e-07
1.5e-07
1.5e-07
1.5e-07
1.5e-07
1.5e-07
1.5e-07
1.5e-07
1.5e-07
1.5e-07
1.5e-07
1.5e-07
1.5e-07
1.5e-07
1.5e-07
1.5e-07
1.5e-07
1.5e-07
1.5e-07
1.5e-07
1.5e-07
1.5e-07
1.5e-07
1.5e-07
1.5e-07
1.5e-07
1.5e-07
1.5e-07
1.5e-07
1.5e-07
1.5e-07
1.5e-07
1.5e-07
1.5e-07
1.5e-07
1.5e-07
1.5e-07
1.5e-07
1.5e-07
1.5e-07
1.5e-07
1.5e-07
1.5e-07
1.5e-07
1.5e-07
1.5e-07
1.5e-07
1.5e-07
1.5e-07
1.5e-07
1.5e-07
1.5e-07
1.5e-07
1.5e-07
1.5e-07
1.5e-07
1.5e-07
1.5e-07
1.5e-07
1.5e-07
1.5e-07
1.5e-07
1.5e-07
1.5e-07
1.5e-07
1.5e-07
1.5e-07
1.5e-07
1.5e-07
1.5e-07
1.5e-07
1.5e-07
1.5e-07
1.5e-07
1.5e-07
1.5e-07
1.5e-07
1.5e-07
1.5e-07
1.5e-07
1.5e-07
1.5e-07
1.5e-07
1.5e-07
1.5e-07
1.5e-07
1.5e-07
1.5e-07
1.5e-07
1.5e-07
1.5e-07
1.5e-07
1.5e-07
1.5e-07
1.5e-07
1.5e-07
1.5e-07
1.5e-07
1.5e-07
1.5e-07
1.5e-07
1.5e-07
1.5e-07
1.5e-07
1.5e-07
1.5e-07
1.5e-07
1.5e-07
1.5e-07
1.5e-07
1.5e-07
1.5e-07
1.5e-07
1.5e-07
1.5e-07
1.5e-07
1.5e-07
1.5e-07
1.5e-07
1.5e-07
1.5e-07
1.5e-07
1.5e-07
1.5e-07
1.5e-07
1.5e-07
1.5e-07
1.5e-07
1.5e-07
1.5e-07
1.5e-07
1.5e-07
1.5e-07
1.5e-07
1.5e-07
1.5e-07
1.5e-07
1.5e-07
1.5e-07
1.5e-07
1.5e-07
1.5e-07
1.5e-07
1.5e-07
1.5e-07
1.5e-07
1.5e-07
1.5e-07
1.5e-07
1.5e-07
1.5e-07
1.5e-07
1.5e-07
1.5e-07
1.5e-07
1.5e-07
1.5e-07
1.5e-07
1.5e-07
1.5e-07
1.5e-07
1.5e-07
1.5e-07
1.5e-07
1.5e-07
1.5e-07
1.3488485e-07
1.3474397e-07
1.3460136e-07
1.3445704e-07
1.3431104e-07
1.341634e-07
1.3401415e-07
1.3386331e-07
1.3371092e-07
1.33557e-07
1.3340158e-07
1.332447e-07
1.3308637e-07
1.3292662e-07
1.3276547e-07
1.3260296e-07
1.3243911e-07
1.3227394e-07
1.3210748e-07
1.3193976e-07
1.3177081e-07
1.3160066e-07
1.3142934e-07
1.3125689e-07
1.3108334e-07
1.3089608e-07
1.307233e-07
1.305147e-07
1.3038121e-07
1.3017121e-07
1.3031512e-07
1.3016729e-07
1.2993361e-07
1.2976719e-07
1.296097e-07
1.2952543e-07
1.2963047e-07
1.2828805e-07
1.2789781e-07
1.2708264e-07
1.2643683e-07
1.2822102e-07
1.2861732e-07
1.2879232e-07
1.2914955e-07
1.287616e-07
1.2761829e-07
1.2653319e-07
1.2622608e-07
1.261319e-07
)
;
    }
    front
    {
        type            wedge;
    }
    back
    {
        type            wedge;
    }
    presa
    {
        type            calculated;
        value           nonuniform List<scalar> 
16
(
1.3488739e-08
1.2355705e-06
5.173215e-06
7.3499185e-06
9.0256522e-06
1.1839632e-05
1.4262531e-05
1.7368178e-05
1.9443378e-05
2.1376834e-05
2.3040853e-05
2.5850251e-05
2.7956173e-05
3.600014e-05
4.6750507e-05
2.002038e-05
)
;
    }
    scarico
    {
        type            calculated;
        value           nonuniform List<scalar> 
12
(
1.168943e-10
2.1905658e-09
6.022636e-09
5.7502783e-09
3.8449644e-09
3.6136844e-09
2.6830385e-09
2.3634966e-09
2.0019977e-09
1.510528e-09
1.365067e-09
3.1137596e-10
)
;
    }
    uscita
    {
        type            calculated;
        value           nonuniform List<scalar> 
110
(
0.0012404841
0.0012413095
0.001243321
0.0012463519
0.001250422
0.0012555533
0.0012617642
0.0012690674
0.0012774698
0.0012869715
0.001297566
0.0013092397
0.0013219718
0.0013357342
0.0013504925
0.0013662053
0.0013828245
0.0014002952
0.0014185559
0.0014375387
0.0014571695
0.0014773677
0.0014980468
0.0015191139
0.00154047
0.0015620098
0.0015836217
0.0016051876
0.0016265824
0.0016476745
0.0016683253
0.00168839
0.0017077192
0.0017261594
0.0017435699
0.0017598097
0.0017747342
0.0017881965
0.001800049
0.0018101457
0.0018183425
0.0018244958
0.0018284547
0.001830057
0.0018291327
0.0018255015
0.0018189717
0.0018093396
0.0017963896
0.0017798981
0.001759639
0.0017353628
0.0017067531
0.0016733981
0.0016348896
0.0015907648
0.0015404956
0.001483477
0.0014190119
0.0013462938
0.0012643901
0.0011745843
0.00107795
0.00097355951
0.00085997902
0.00073686904
0.00060274263
0.00045652439
0.00029873735
0.00013273887
2.5463233e-05
5.8499478e-07
1.2591759e-07
1.2379806e-07
1.2320098e-07
1.2276928e-07
1.2257281e-07
1.223431e-07
1.2222022e-07
1.2217907e-07
1.2214452e-07
1.2209952e-07
1.2208512e-07
1.2208891e-07
1.2209859e-07
1.2208414e-07
1.2210139e-07
1.2209316e-07
1.2209678e-07
1.2213401e-07
1.2213022e-07
1.2215927e-07
1.221854e-07
1.2220231e-07
1.2225945e-07
1.2226704e-07
1.2233071e-07
1.2237882e-07
1.2244008e-07
1.2252571e-07
1.2260333e-07
1.2273359e-07
1.2285695e-07
1.2303356e-07
1.2323931e-07
1.2351052e-07
1.2387219e-07
1.2435525e-07
1.2506517e-07
1.261319e-07
)
;
    }
    defaultFaces
    {
        type            empty;
    }
}


// ************************************************************************* //
