/*--------------------------------*- C++ -*----------------------------------*\
  =========                 |
  \\      /  F ield         | OpenFOAM: The Open Source CFD Toolbox
   \\    /   O peration     | Website:  https://openfoam.org
    \\  /    A nd           | Version:  14
     \\/     M anipulation  |
\*---------------------------------------------------------------------------*/
FoamFile
{
    format      ascii;
    class       volScalarField;
    location    "3000";
    object      p;
}
// * * * * * * * * * * * * * * * * * * * * * * * * * * * * * * * * * * * * * //

dimensions      [0 2 -2 0 0 0 0];

internalField   nonuniform List<scalar> 
47080
(
0.4965093
0.50136361
0.43490568
0.39249196
0.33479094
0.27636524
0.22130172
0.17114599
0.12690227
0.089192038
0.057810656
0.031574255
0.010223012
-0.0070874095
-0.02135379
-0.032494717
-0.04119162
-0.047088695
-0.051465416
-0.054485966
-0.056252815
-0.057237137
-0.056850402
-0.055479836
-0.054537981
-0.053250909
-0.051614019
-0.049676056
-0.047522579
-0.045496416
-0.043270901
-0.040903672
-0.038375793
-0.035478081
-0.032589394
-0.029514019
-0.026594213
-0.023974565
-0.021216182
-0.018639236
-0.016407351
-0.01418732
-0.012302884
-0.010538443
-0.009488224
-0.0090815523
-0.0085803118
-0.0082179548
-0.0077917577
-0.007576492
-0.0072196632
-0.0070597524
-0.0068460954
-0.006708647
-0.0065589169
-0.0064122237
-0.0062811415
-0.0061483808
-0.0060268417
-0.0059215114
-0.0058576913
-0.0058506076
-0.0058595468
-0.005866636
-0.0058904803
-0.0059627555
-0.0059581454
-0.0061684429
-0.0061634734
-0.006393498
-0.006547767
-0.0066367549
-0.0068062798
-0.0069431601
-0.0070055545
-0.0071764747
-0.0073194294
-0.0074911525
-0.0076454427
-0.0078093365
-0.0080286433
-0.0082157857
-0.0084345115
-0.0087006952
-0.0089618035
-0.0092588816
-0.0095935576
-0.0099800603
-0.010387335
-0.010874166
-0.011431063
-0.012033508
-0.012760911
-0.01359332
-0.014510979
-0.015609599
-0.016834092
-0.018213556
-0.019840967
-0.02160785
-0.023645611
-0.025949548
-0.028497402
-0.031432715
-0.034512129
-0.038126346
-0.041906417
-0.046179098
-0.050654786
-0.055293281
0.49649763
0.50135046
0.43493672
0.39253331
0.33484638
0.27642693
0.22136247
0.17120342
0.12695266
0.089235565
0.057846312
0.031604436
0.01024684
-0.0070683127
-0.0213387
-0.032483145
-0.041183579
-0.047083163
-0.051461592
-0.054482946
-0.056250836
-0.05723842
-0.056845389
-0.055480894
-0.054538946
-0.053252035
-0.051615408
-0.049677616
-0.047524233
-0.045498003
-0.043272679
-0.04090564
-0.038377077
-0.035480011
-0.032591075
-0.029515782
-0.026595852
-0.023976061
-0.021217593
-0.018640161
-0.016408052
-0.014187852
-0.012303332
-0.010538939
-0.009488667
-0.0090818494
-0.0085807678
-0.0082180517
-0.007792163
-0.0075765132
-0.0072200074
-0.0070598265
-0.0068462677
-0.0067087438
-0.0065590089
-0.006412308
-0.0062812124
-0.0061484527
-0.0060269094
-0.0059215732
-0.005857694
-0.0058506178
-0.00585954
-0.0058666326
-0.0058904526
-0.0059626309
-0.0059581459
-0.0061682068
-0.0061640806
-0.0063934766
-0.0065476568
-0.0066367837
-0.0068060782
-0.0069431182
-0.0070054635
-0.0071764262
-0.0073193373
-0.0074910797
-0.0076453804
-0.0078092625
-0.0080285921
-0.0082157292
-0.008434444
-0.0087006279
-0.0089617353
-0.0092588086
-0.0095934779
-0.0099799773
-0.010387246
-0.010874068
-0.011430961
-0.012033398
-0.01276079
-0.013593194
-0.014510844
-0.015609454
-0.016833946
-0.0182134
-0.019840808
-0.02160769
-0.02364545
-0.025949389
-0.028497248
-0.031432571
-0.034511998
-0.03812623
-0.041906324
-0.046179025
-0.050654744
-0.055293265
0.4964803
0.50132896
0.43496556
0.39257642
0.33490333
0.27649076
0.2214249
0.17126282
0.12700435
0.089280572
0.05788292
0.031635806
0.010271424
-0.0070486357
-0.021323126
-0.032471196
-0.041175353
-0.047077464
-0.051457701
-0.054479877
-0.056248474
-0.057240674
-0.056837404
-0.055482159
-0.054539949
-0.053253164
-0.051616833
-0.04967928
-0.047525983
-0.045499612
-0.043274638
-0.040907748
-0.038377986
-0.035482086
-0.032592717
-0.029517592
-0.026597664
-0.023977701
-0.021219151
-0.018641031
-0.016408578
-0.01418819
-0.012303579
-0.010539366
-0.0094890399
-0.0090819276
-0.0085812245
-0.0082180858
-0.0077926991
-0.0075764473
-0.00722043
-0.0070598725
-0.0068464685
-0.0067088403
-0.0065590964
-0.0064123928
-0.0062812879
-0.0061485259
-0.0060269729
-0.0059216312
-0.0058576869
-0.0058506321
-0.0058595312
-0.0058666298
-0.0058904202
-0.00596244
-0.0059581503
-0.0061678505
-0.0061650265
-0.0063934844
-0.0065475182
-0.0066368442
-0.0068058036
-0.0069430716
-0.0070053506
-0.0071763781
-0.0073192209
-0.0074909988
-0.0076453115
-0.0078091796
-0.0080285428
-0.0082156706
-0.0084343728
-0.0087005587
-0.0089616652
-0.0092587344
-0.0095933963
-0.0099798928
-0.010387156
-0.010873968
-0.011430857
-0.012033285
-0.012760665
-0.013593064
-0.014510705
-0.015609302
-0.016833795
-0.018213238
-0.019840643
-0.021607524
-0.023645283
-0.025949225
-0.028497089
-0.031432422
-0.034511863
-0.038126107
-0.041906226
-0.046178948
-0.050654697
-0.055293243
0.49645786
0.50130461
0.43499572
0.39262484
0.33496554
0.27656208
0.22149281
0.17132861
0.12706056
0.089330458
0.057921946
0.031670651
0.010298657
-0.0070268966
-0.021305849
-0.032457973
-0.041166531
-0.047071426
-0.051453514
-0.054476249
-0.056245568
-0.05724396
-0.056826552
-0.055483536
-0.054541029
-0.053254319
-0.051618391
-0.04968115
-0.047527959
-0.045501466
-0.043276983
-0.040910273
-0.038378908
-0.035484498
-0.032594582
-0.029519698
-0.026599777
-0.023979618
-0.021221007
-0.018641885
-0.016408922
-0.014188428
-0.012303738
-0.010539727
-0.0094894602
-0.009082055
-0.0085817719
-0.0082180855
-0.0077933123
-0.0075762638
-0.0072209615
-0.0070598599
-0.0068467113
-0.0067089383
-0.0065591867
-0.0064124769
-0.0062813573
-0.0061485961
-0.0060270322
-0.0059216972
-0.0058576691
-0.0058506495
-0.0058595144
-0.0058666271
-0.0058903716
-0.0059621716
-0.0059581634
-0.0061673649
-0.0061663064
-0.0063935132
-0.0065473455
-0.0066369531
-0.0068054397
-0.0069430208
-0.0070052008
-0.0071763324
-0.0073190748
-0.0074909018
-0.0076452261
-0.0078090832
-0.0080284927
-0.0082156071
-0.0084342933
-0.0087004844
-0.0089615893
-0.0092586558
-0.0095933093
-0.0099798025
-0.010387058
-0.010873861
-0.011430745
-0.012033164
-0.012760531
-0.013592925
-0.014510556
-0.015609138
-0.016833638
-0.018213063
-0.019840467
-0.021607346
-0.023645101
-0.025949044
-0.028496911
-0.031432254
-0.03451171
-0.038125965
-0.04190611
-0.046178851
-0.050654633
-0.055293203
0.49643186
0.50128273
0.43503283
0.39268307
0.33504048
0.27664569
0.22157341
0.17140523
0.12712671
0.089388481
0.057968389
0.031711214
0.010330204
-0.0070017177
-0.021285825
-0.032442574
-0.041156185
-0.047064172
-0.051448605
-0.054471959
-0.05624221
-0.057248021
-0.0568138
-0.055485086
-0.054542237
-0.053255659
-0.051620162
-0.049683322
-0.047530274
-0.045503592
-0.043279718
-0.040913103
-0.038379848
-0.035487268
-0.032596704
-0.029522162
-0.026602164
-0.023981872
-0.02122318
-0.018642912
-0.016409326
-0.014188685
-0.012303952
-0.010540129
-0.009489899
-0.009082133
-0.0085823425
-0.0082180296
-0.0077940754
-0.0075760563
-0.0072215688
-0.0070598627
-0.0068470012
-0.0067090565
-0.0065592766
-0.0064125715
-0.0062814353
-0.0061486704
-0.0060270877
-0.0059217706
-0.005857648
-0.0058506717
-0.0058594947
-0.0058666231
-0.0058903147
-0.0059618401
-0.0059581841
-0.0061667892
-0.0061678155
-0.0063935285
-0.006547138
-0.0066370837
-0.0068050111
-0.0069429586
-0.0070050282
-0.0071762705
-0.0073188997
-0.007490786
-0.0076451257
-0.0078089678
-0.0080284327
-0.0082155326
-0.0084342007
-0.0087003974
-0.0089615012
-0.009258563
-0.0095932077
-0.009979697
-0.010386945
-0.010873736
-0.011430614
-0.012033022
-0.012760375
-0.013592762
-0.014510383
-0.015608947
-0.016833452
-0.018212859
-0.01984026
-0.021607135
-0.023644886
-0.025948831
-0.028496701
-0.031432052
-0.034511524
-0.03812579
-0.041905962
-0.04617872
-0.050654535
-0.055293128
0.49640317
0.50126638
0.43507759
0.39275284
0.33512986
0.2767446
0.22166819
0.17149482
0.12720396
0.089456316
0.0580225
0.031758463
0.010366929
-0.0069724615
-0.021262537
-0.032424679
-0.041144127
-0.047055791
-0.051442907
-0.054466956
-0.056238417
-0.057252658
-0.056799874
-0.05548689
-0.054543486
-0.05325704
-0.051622141
-0.04968577
-0.047532869
-0.045506052
-0.043282862
-0.040916352
-0.03838098
-0.035490445
-0.032599047
-0.029525
-0.026604901
-0.023984463
-0.021225685
-0.018643985
-0.016409746
-0.014189014
-0.012304144
-0.010540609
-0.0094904209
-0.0090823345
-0.0085830236
-0.0082180206
-0.0077948955
-0.0075758065
-0.0072222633
-0.0070598642
-0.0068473204
-0.0067091878
-0.0065593809
-0.0064126755
-0.0062815205
-0.0061487576
-0.0060271445
-0.0059218511
-0.0058576244
-0.0058506977
-0.005859466
-0.0058666188
-0.0058902455
-0.0059614482
-0.0059582173
-0.0061661432
-0.0061694762
-0.0063935717
-0.0065468912
-0.0066372289
-0.0068045176
-0.0069428829
-0.0070048255
-0.0071761971
-0.0073186988
-0.0074906542
-0.0076450087
-0.0078088378
-0.0080283686
-0.0082154492
-0.0084340957
-0.0087002993
-0.0089614021
-0.0092584581
-0.0095930935
-0.009979577
-0.010386816
-0.010873594
-0.011430466
-0.012032862
-0.012760198
-0.013592578
-0.014510187
-0.01560873
-0.016833239
-0.018212626
-0.019840023
-0.021606893
-0.023644637
-0.025948582
-0.028496453
-0.03143181
-0.034511296
-0.038125568
-0.041905767
-0.046178537
-0.050654384
-0.055292991
0.49637198
0.50125739
0.43513194
0.39283734
0.33523764
0.27686271
0.22178085
0.17160058
0.12729502
0.089536156
0.058086193
0.031813805
0.010409943
-0.0069382455
-0.021235284
-0.03240374
-0.041129858
-0.047045795
-0.051436124
-0.054461133
-0.056234172
-0.057257832
-0.056785263
-0.055488922
-0.054544861
-0.053258523
-0.0516243
-0.049688545
-0.047535793
-0.045508796
-0.043286377
-0.040919915
-0.038382398
-0.035494025
-0.032601709
-0.029528205
-0.026607975
-0.023987384
-0.021228514
-0.018645277
-0.016410198
-0.014189335
-0.012304338
-0.010541117
-0.009490984
-0.009082568
-0.0085837346
-0.0082179777
-0.0077958556
-0.0075755857
-0.007223001
-0.0070598893
-0.0068476909
-0.0067093415
-0.0065594868
-0.0064127948
-0.0062816178
-0.0061488501
-0.0060272078
-0.0059219431
-0.0058576044
-0.005850728
-0.0058594348
-0.005866614
-0.0058901677
-0.0059610057
-0.0059582644
-0.0061654585
-0.0061712334
-0.0063936002
-0.006546615
-0.0066373768
-0.0068039729
-0.006942793
-0.0070045998
-0.0071761002
-0.0073184702
-0.0074905051
-0.007644875
-0.007808691
-0.0080282901
-0.0082153532
-0.0084339763
-0.0087001872
-0.008961289
-0.0092583381
-0.0095929626
-0.0099794401
-0.01038667
-0.010873433
-0.011430298
-0.01203268
-0.012759999
-0.01359237
-0.014509966
-0.015608484
-0.016832996
-0.018212361
-0.019839752
-0.021606613
-0.023644347
-0.025948289
-0.028496156
-0.031431515
-0.034511013
-0.038125283
-0.041905505
-0.046178276
-0.050654151
-0.055292754
0.49633822
0.50125622
0.4351979
0.39294037
0.33536896
0.27700528
0.2219163
0.17172688
0.12740344
0.089631064
0.058161785
0.03187927
0.010460736
-0.0068979248
-0.021203151
-0.032379049
-0.041112993
-0.047033955
-0.051428072
-0.0544545
-0.056229357
-0.05726344
-0.056770264
-0.055491098
-0.054546215
-0.05326001
-0.051626648
-0.049691626
-0.047539019
-0.04551195
-0.043290302
-0.040923972
-0.038384177
-0.035498077
-0.032604746
-0.029531823
-0.026611478
-0.023990714
-0.02123172
-0.018646627
-0.016410744
-0.014189719
-0.012304535
-0.010541757
-0.0094916823
-0.0090829331
-0.0085845794
-0.0082180213
-0.0077968754
-0.0075753585
-0.0072238053
-0.0070599328
-0.006848092
-0.0067095131
-0.0065596129
-0.0064129317
-0.0062817281
-0.0061489631
-0.0060272804
-0.0059220474
-0.005857586
-0.005850763
-0.0058593919
-0.0058666105
-0.0058900819
-0.0059605013
-0.0059583368
-0.0061647253
-0.0061730936
-0.0063936574
-0.0065462934
-0.0066375312
-0.0068033539
-0.0069426843
-0.0070043368
-0.0071759822
-0.0073182087
-0.0074903368
-0.007644719
-0.0078085251
-0.0080282069
-0.008215247
-0.0084338413
-0.0087000623
-0.0089611634
-0.0092582045
-0.0095928176
-0.0099792871
-0.010386506
-0.010873254
-0.011430112
-0.012032477
-0.012759776
-0.013592138
-0.01450972
-0.015608207
-0.016832724
-0.018212058
-0.019839442
-0.021606289
-0.023644009
-0.025947942
-0.028495799
-0.031431154
-0.034510658
-0.038124914
-0.041905154
-0.046177909
-0.050653801
-0.055292374
0.49630192
0.50126216
0.43527633
0.39306591
0.33552985
0.27717879
0.22208086
0.17187928
0.1275338
0.089744556
0.058252188
0.031957105
0.010521068
-0.0068501067
-0.021165017
-0.032349716
-0.041092847
-0.047019761
-0.051418361
-0.054446655
-0.056223527
-0.057269795
-0.056754855
-0.05549347
-0.054547683
-0.053261548
-0.051629131
-0.049695077
-0.047542672
-0.045515436
-0.043294636
-0.040928358
-0.038386414
-0.035502615
-0.032608226
-0.029535914
-0.026615398
-0.023994453
-0.02123532
-0.018648254
-0.016411326
-0.014190078
-0.012304764
-0.010542419
-0.0094924346
-0.0090834052
-0.0085854813
-0.0082180543
-0.0077980667
-0.0075751662
-0.0072246835
-0.0070600019
-0.0068485635
-0.0067097118
-0.0065597454
-0.006413087
-0.0062818538
-0.0061490838
-0.0060273624
-0.0059221698
-0.0058575743
-0.0058508043
-0.0058593417
-0.0058666081
-0.0058899857
-0.0059599278
-0.0059584425
-0.0061639508
-0.006175076
-0.0063936757
-0.0065459363
-0.0066376943
-0.0068026513
-0.0069425538
-0.0070040356
-0.0071758302
-0.0073179053
-0.007490143
-0.0076445354
-0.0078083345
-0.0080281038
-0.0082151247
-0.0084336868
-0.0086999195
-0.0089610202
-0.0092580522
-0.0095926516
-0.0099791131
-0.01038632
-0.01087305
-0.0114299
-0.012032249
-0.012759527
-0.013591877
-0.014509442
-0.015607891
-0.016832414
-0.018211712
-0.019839086
-0.021605913
-0.023643612
-0.02594753
-0.028495368
-0.031430709
-0.034510214
-0.038124437
-0.041904685
-0.046177401
-0.0506533
-0.055291805
0.49626297
0.50127269
0.43536891
0.39321805
0.33572713
0.27739105
0.22228213
0.17206442
0.12769154
0.089880775
0.058360431
0.032050067
0.010593036
-0.0067931731
-0.02111954
-0.032314695
-0.041068726
-0.047002697
-0.051406613
-0.054437555
-0.05621667
-0.057277382
-0.056738918
-0.055495841
-0.054549112
-0.053263158
-0.051631833
-0.049698855
-0.04754669
-0.045519427
-0.043299342
-0.040933338
-0.038389106
-0.03550778
-0.032612174
-0.029540525
-0.026619812
-0.02399874
-0.021239422
-0.018649941
-0.016412079
-0.014190532
-0.012304996
-0.010543185
-0.009493326
-0.0090839357
-0.0085865646
-0.0082181861
-0.0077993672
-0.0075749473
-0.0072256638
-0.0070600872
-0.0068490766
-0.0067099309
-0.0065599044
-0.0064132645
-0.0062819955
-0.0061492294
-0.0060274568
-0.0059223109
-0.0058575687
-0.0058508549
-0.0058592664
-0.0058666098
-0.0058898789
-0.0059592615
-0.0059586065
-0.0061631074
-0.0061772259
-0.0063937114
-0.0065455133
-0.0066378783
-0.006801826
-0.0069423962
-0.0070036764
-0.0071756423
-0.0073175495
-0.0074899203
-0.0076443179
-0.0078081168
-0.0080279953
-0.0082149888
-0.0084335115
-0.008699761
-0.008960861
-0.009257883
-0.0095924676
-0.0099789179
-0.010386111
-0.010872821
-0.011429664
-0.012031995
-0.012759251
-0.013591585
-0.014509132
-0.015607533
-0.016832063
-0.018211315
-0.019838674
-0.021605475
-0.023643144
-0.02594704
-0.028494849
-0.031430163
-0.034509657
-0.038123828
-0.041904072
-0.046176718
-0.050652607
-0.055291002
0.4962211
0.50128311
0.43547727
0.39340036
0.3359677
0.27765064
0.22252907
0.17229024
0.12788304
0.090044173
0.058490163
0.032160915
0.010678818
-0.0067253713
-0.021065318
-0.032272838
-0.041039757
-0.04698211
-0.051392348
-0.054426639
-0.056208016
-0.057287594
-0.056722168
-0.055498337
-0.054550651
-0.053264785
-0.051634475
-0.049703028
-0.047551193
-0.045523837
-0.043304661
-0.040938605
-0.038392337
-0.035513464
-0.032616688
-0.029545788
-0.026624763
-0.024003601
-0.021244072
-0.018651966
-0.016412938
-0.014190995
-0.012305213
-0.01054385
-0.0094941892
-0.0090845371
-0.0085877466
-0.0082182601
-0.0078009244
-0.0075747302
-0.0072267957
-0.0070601945
-0.0068496849
-0.0067101847
-0.0065600783
-0.0064134669
-0.0062821581
-0.0061493858
-0.0060275622
-0.0059224765
-0.0058575818
-0.0058509197
-0.005859167
-0.0058666173
-0.0058897615
-0.0059584984
-0.005958852
-0.0061622124
-0.0061795493
-0.006393747
-0.0065450449
-0.0066380865
-0.0068008768
-0.0069422097
-0.0070032612
-0.007175422
-0.007317136
-0.0074896607
-0.0076440591
-0.0078078644
-0.0080278576
-0.0082148298
-0.0084333089
-0.0086995779
-0.0089606781
-0.0092576885
-0.0095922554
-0.0099786943
-0.010385872
-0.01087256
-0.011429393
-0.01203171
-0.012758939
-0.013591256
-0.014508781
-0.015607125
-0.016831662
-0.018210858
-0.019838197
-0.021604964
-0.023642595
-0.025946459
-0.028494224
-0.031429496
-0.034508969
-0.038123061
-0.041903284
-0.046175824
-0.050651682
-0.055289916
0.49617543
0.50128593
0.43560294
0.39361587
0.33625796
0.27796645
0.22283139
0.17256577
0.12811572
0.090240081
0.058645308
0.032292936
0.010780961
-0.0066447656
-0.02100078
-0.032222939
-0.041005114
-0.046957373
-0.051375089
-0.054413557
-0.056197656
-0.057301582
-0.056704156
-0.055500555
-0.0545521
-0.053266635
-0.051637266
-0.049707309
-0.047556302
-0.045528911
-0.043310409
-0.040944513
-0.038396123
-0.035519956
-0.032621762
-0.029551784
-0.026630372
-0.024009265
-0.021249412
-0.018654057
-0.016414052
-0.014191572
-0.012305421
-0.010544516
-0.0094951194
-0.0090851877
-0.0085891846
-0.0082183905
-0.0078026721
-0.0075744561
-0.0072280978
-0.0070603199
-0.0068503719
-0.0067104786
-0.0065602924
-0.006413704
-0.0062823478
-0.0061495823
-0.006027693
-0.0059226753
-0.0058576127
-0.0058510047
-0.0058590218
-0.0058666341
-0.0058896291
-0.005957622
-0.0059592129
-0.0061612434
-0.0061820464
-0.0063938058
-0.006544501
-0.0066383249
-0.006799776
-0.0069419896
-0.0070027759
-0.0071751599
-0.0073166537
-0.0074893578
-0.0076437539
-0.0078075742
-0.0080277059
-0.0082146496
-0.0084330769
-0.0086993714
-0.0089604731
-0.0092574698
-0.0095920187
-0.0099784423
-0.010385601
-0.010872266
-0.011429092
-0.012031393
-0.012758593
-0.013590885
-0.014508386
-0.015606663
-0.016831209
-0.018210334
-0.019837647
-0.02160437
-0.023641952
-0.025945771
-0.028493477
-0.031428688
-0.034508126
-0.038122107
-0.041902289
-0.04617468
-0.050650481
-0.055288493
0.49612424
0.50127092
0.43574699
0.39386673
0.33660296
0.27834644
0.22319912
0.17290063
0.12839814
0.090474453
0.058830843
0.032449593
0.010902337
-0.0065490654
-0.02092424
-0.032163678
-0.040963721
-0.046927711
-0.051354247
-0.054397771
-0.056185022
-0.057320052
-0.056686667
-0.055502789
-0.054553672
-0.05326845
-0.051639822
-0.049711899
-0.047561944
-0.045534548
-0.043317095
-0.040950828
-0.038400465
-0.03552693
-0.032627605
-0.029558775
-0.026636745
-0.024015708
-0.02125549
-0.018656594
-0.016415206
-0.014192135
-0.012305542
-0.01054485
-0.0094960284
-0.0090858627
-0.008590776
-0.0082184916
-0.0078047596
-0.007574169
-0.007229636
-0.0070604775
-0.0068511812
-0.0067108155
-0.0065605387
-0.0064139806
-0.0062825716
-0.006149813
-0.0060278502
-0.0059229187
-0.0058576828
-0.0058511201
-0.0058588508
-0.005866666
-0.0058894951
-0.0059566475
-0.0059597009
-0.0061602117
-0.0061846514
-0.0063938878
-0.006543902
-0.006638584
-0.0067985314
-0.0069417283
-0.0070022247
-0.0071748514
-0.0073161019
-0.0074890083
-0.0076434025
-0.0078072402
-0.0080275121
-0.0082144373
-0.0084328087
-0.0086991309
-0.0089602377
-0.0092572195
-0.0095917466
-0.0099781558
-0.010385294
-0.010871931
-0.011428747
-0.01203104
-0.012758207
-0.01359047
-0.014507937
-0.015606139
-0.016830692
-0.018209732
-0.019837012
-0.021603681
-0.023641201
-0.02594496
-0.028492587
-0.031427715
-0.0345071
-0.038120933
-0.04190105
-0.046173238
-0.050648951
-0.055286671
0.49606497
0.50122505
0.43591041
0.39415488
0.3370065
0.27879719
0.22364142
0.17330468
0.12873976
0.09075432
0.059052223
0.032635156
0.011046332
-0.0064356142
-0.020833619
-0.032093478
-0.040914474
-0.046892357
-0.05132921
-0.054378805
-0.056170409
-0.057341455
-0.056670061
-0.055504594
-0.054555011
-0.053270405
-0.051642296
-0.049716394
-0.047568305
-0.045540945
-0.043324372
-0.040957915
-0.038405285
-0.035534759
-0.032634172
-0.029566777
-0.026643923
-0.024023155
-0.021262466
-0.018659253
-0.016416622
-0.014192734
-0.012305608
-0.010545238
-0.0094969794
-0.0090866078
-0.0085926806
-0.0082186421
-0.0078070923
-0.0075738364
-0.0072313668
-0.0070606657
-0.0068520733
-0.0067112073
-0.0065608272
-0.0064142952
-0.0062828314
-0.0061500846
-0.0060280469
-0.0059232059
-0.0058577882
-0.0058512645
-0.0058586493
-0.0058667158
-0.0058893522
-0.0059555737
-0.0059603542
-0.0061590791
-0.0061873298
-0.0063939672
-0.0065432065
-0.0066388546
-0.0067971105
-0.006941415
-0.0070015865
-0.0071744945
-0.007315466
-0.0074886026
-0.0076429951
-0.0078068582
-0.0080272943
-0.0082141945
-0.0084325013
-0.0086988562
-0.008959971
-0.0092569382
-0.009591443
-0.009977833
-0.010384948
-0.010871554
-0.011428361
-0.01203064
-0.012757769
-0.013589996
-0.014507428
-0.015605544
-0.016830104
-0.018209038
-0.019836277
-0.021602878
-0.023640319
-0.025944001
-0.028491528
-0.031426546
-0.034505857
-0.038119497
-0.041899521
-0.046171445
-0.050647031
-0.055284376
0.49599473
0.50113369
0.43609317
0.39448203
0.33747148
0.27932359
0.22416548
0.17378818
0.12915078
0.0910879
0.059316029
0.032854238
0.011216616
-0.0063014877
-0.020726688
-0.032010565
-0.040855808
-0.046850214
-0.051299174
-0.054356074
-0.05615312
-0.057363668
-0.056654709
-0.055506125
-0.054556362
-0.053272203
-0.051644198
-0.0497209
-0.047575153
-0.045548025
-0.043332763
-0.040965411
-0.038410408
-0.03554335
-0.032641842
-0.029576096
-0.026652112
-0.024031566
-0.021270375
-0.018662461
-0.016418099
-0.014193349
-0.012305539
-0.010545554
-0.0094979636
-0.0090873024
-0.0085947764
-0.0082187835
-0.0078097755
-0.0075735428
-0.0072333476
-0.0070609121
-0.006853103
-0.0067116484
-0.0065611599
-0.0064146573
-0.0062831269
-0.0061503781
-0.0060282546
-0.0059235298
-0.0058579283
-0.0058514323
-0.0058584393
-0.0058667757
-0.0058892055
-0.0059544155
-0.0059611955
-0.0061578736
-0.0061900127
-0.0063940423
-0.006542448
-0.0066391307
-0.0067955333
-0.0069410397
-0.0070008691
-0.0071740832
-0.0073147477
-0.0074881362
-0.00764253
-0.0078064201
-0.008027016
-0.0082139071
-0.0084321439
-0.0086985326
-0.0089596597
-0.0092566125
-0.0095910902
-0.009977463
-0.010384553
-0.010871124
-0.01142792
-0.012030189
-0.012757273
-0.013589456
-0.014506842
-0.015604866
-0.016829427
-0.018208238
-0.019835424
-0.021601942
-0.023639286
-0.025942871
-0.028490269
-0.031425146
-0.034504358
-0.038117753
-0.041897647
-0.046169236
-0.050644649
-0.055281524
0.49591067
0.50098139
0.43629378
0.39485
0.33800114
0.27992995
0.22477681
0.17435887
0.12964232
0.091486069
0.059629677
0.0331128
0.011417828
-0.0061431816
-0.020600812
-0.031912979
-0.040786197
-0.046800144
-0.051263229
-0.054328928
-0.056133103
-0.057383753
-0.056640647
-0.055506992
-0.054557211
-0.053273831
-0.051645916
-0.049725336
-0.047582904
-0.045555572
-0.043341724
-0.040973886
-0.038416062
-0.035552959
-0.032650452
-0.029586648
-0.026661357
-0.024041061
-0.021279259
-0.018665799
-0.016419821
-0.01419402
-0.012305416
-0.010546044
-0.0094991693
-0.0090881938
-0.0085971903
-0.008218971
-0.0078127184
-0.0075732677
-0.0072355114
-0.0070612251
-0.0068542302
-0.0067121506
-0.0065615517
-0.0064150688
-0.0062834699
-0.0061507171
-0.0060285211
-0.0059238986
-0.0058580993
-0.0058516238
-0.0058582163
-0.0058668456
-0.0058890389
-0.0059531619
-0.0059622583
-0.0061565595
-0.0061926732
-0.0063941255
-0.0065415812
-0.0066394059
-0.0067937691
-0.0069405942
-0.0070000549
-0.0071736153
-0.0073139318
-0.0074875999
-0.0076419959
-0.0078059223
-0.0080266976
-0.0082135757
-0.008431735
-0.008698159
-0.0089593028
-0.0092562446
-0.0095906941
-0.0099770433
-0.010384105
-0.010870638
-0.011427422
-0.01202967
-0.012756702
-0.013588839
-0.014506173
-0.015604092
-0.016828649
-0.018207314
-0.019834434
-0.021600852
-0.023638076
-0.02594154
-0.028488776
-0.031423476
-0.034502558
-0.038115646
-0.041895369
-0.046166536
-0.050641721
-0.055278018
0.4958107
0.50075293
0.43650963
0.39526029
0.33859956
0.28062087
0.22548625
0.17501293
0.13022706
0.091961484
0.060002917
0.033417513
0.011655375
-0.0059563766
-0.020452697
-0.031798231
-0.040703624
-0.046740645
-0.051220201
-0.054296635
-0.056109606
-0.05739984
-0.05662674
-0.055507272
-0.05455787
-0.053275199
-0.051647898
-0.049729406
-0.0475909
-0.045563262
-0.043351735
-0.040982399
-0.03842199
-0.035563314
-0.032660556
-0.029598671
-0.026671867
-0.024051638
-0.021289251
-0.018669737
-0.016421657
-0.014194714
-0.012305196
-0.01054649
-0.009500592
-0.009089154
-0.0085998263
-0.0082192864
-0.0078160875
-0.0075730706
-0.0072379469
-0.007061659
-0.0068555462
-0.0067127386
-0.0065620107
-0.0064155449
-0.0062838729
-0.0061511046
-0.006028834
-0.0059243188
-0.0058583144
-0.005851843
-0.0058580097
-0.0058669225
-0.0058888641
-0.0059518358
-0.0059635368
-0.0061551689
-0.0061952301
-0.0063941757
-0.0065406373
-0.0066396593
-0.0067918455
-0.0069400601
-0.0069991537
-0.0071730828
-0.0073130275
-0.0074869886
-0.0076413866
-0.0078053552
-0.0080263015
-0.0082131854
-0.0084312599
-0.0086977215
-0.0089588829
-0.00925582
-0.0095902382
-0.0099765658
-0.010383593
-0.010870079
-0.011426849
-0.012029066
-0.01275604
-0.013588121
-0.014505399
-0.015603206
-0.016827753
-0.018206249
-0.019833288
-0.021599584
-0.023636663
-0.025939977
-0.028487013
-0.031421492
-0.034500406
-0.038113117
-0.041892616
-0.046163261
-0.050638149
-0.055273741
0.49569364
0.50043222
0.43673746
0.39571527
0.33927219
0.28140262
0.22630738
0.17575384
0.13091227
0.092527169
0.060447727
0.033777184
0.011935691
-0.0057360912
-0.020278422
-0.031663337
-0.040605902
-0.046670194
-0.051168877
-0.054258177
-0.056082064
-0.057409278
-0.05661323
-0.055506737
-0.054557623
-0.053276465
-0.051649866
-0.049733807
-0.047599774
-0.045570941
-0.043362073
-0.040992294
-0.038428646
-0.035575037
-0.032672068
-0.029612192
-0.026683781
-0.024063486
-0.021300405
-0.018673803
-0.016423773
-0.014195583
-0.012304775
-0.010547227
-0.0095024504
-0.0090903825
-0.0086028722
-0.0082201039
-0.0078197603
-0.0075729386
-0.0072405983
-0.007062177
-0.0068570004
-0.0067134164
-0.006562566
-0.0064160896
-0.0062843424
-0.0061515342
-0.0060292294
-0.0059247945
-0.0058585529
-0.0058520828
-0.0058577967
-0.0058670021
-0.0058886616
-0.0059504309
-0.0059650321
-0.0061536635
-0.0061976597
-0.0063941121
-0.0065395626
-0.0066398371
-0.0067897324
-0.0069394414
-0.0069981505
-0.0071724683
-0.0073120214
-0.0074862934
-0.0076406946
-0.0078047151
-0.008025837
-0.0082127296
-0.008430712
-0.0086972113
-0.0089583953
-0.0092553335
-0.0095897201
-0.0099760232
-0.010383013
-0.010869447
-0.011426203
-0.012028374
-0.012755284
-0.013587305
-0.014504518
-0.015602191
-0.016826717
-0.018205021
-0.019831958
-0.02159811
-0.023635012
-0.025938143
-0.028484934
-0.03141914
-0.034497843
-0.038110088
-0.041889303
-0.046159308
-0.050633817
-0.055268557
0.49555775
0.50000057
0.43697586
0.3962185
0.34002537
0.28228341
0.22723677
0.17660529
0.13169475
0.093198035
0.060978155
0.034202273
0.01226679
-0.0054763556
-0.020073381
-0.031504694
-0.040490099
-0.046586682
-0.051107684
-0.054212554
-0.056049713
-0.057409601
-0.056599052
-0.055505704
-0.054556755
-0.053277251
-0.051651902
-0.049737774
-0.047609372
-0.045578457
-0.043373133
-0.041002487
-0.038435987
-0.035587737
-0.032685291
-0.029627329
-0.026697378
-0.024076477
-0.021312829
-0.018678742
-0.016426164
-0.01419655
-0.012304595
-0.010548076
-0.0095047092
-0.0090918834
-0.0086061042
-0.0082213395
-0.007823872
-0.0075729606
-0.0072435376
-0.0070629531
-0.006858691
-0.0067142146
-0.0065632089
-0.0064167152
-0.0062848938
-0.0061520445
-0.0060296991
-0.0059253335
-0.0058588352
-0.005852351
-0.0058575915
-0.0058670777
-0.0058884417
-0.0059489781
-0.005966695
-0.0061520906
-0.0061998808
-0.0063939334
-0.0065383878
-0.006639938
-0.0067874617
-0.0069387287
-0.0069970534
-0.0071717744
-0.0073109324
-0.0074855051
-0.007639904
-0.0078039886
-0.0080252689
-0.0082121938
-0.0084300771
-0.0086966153
-0.0089578277
-0.0092547669
-0.0095891148
-0.0099754034
-0.01038235
-0.010868726
-0.01142546
-0.012027574
-0.01275441
-0.013586362
-0.0145035
-0.015601028
-0.016825523
-0.018203606
-0.019830417
-0.021596395
-0.023633084
-0.025935992
-0.028482485
-0.031416357
-0.034494796
-0.038106476
-0.041885331
-0.046154556
-0.05062859
-0.055262305
0.49539754
0.4994332
0.4372353
0.39677502
0.34086616
0.28327252
0.22827108
0.17758885
0.13258204
0.093980153
0.061608404
0.034704967
0.01265849
-0.0051697442
-0.019832107
-0.031318198
-0.040353133
-0.046487912
-0.051034901
-0.054158366
-0.056011616
-0.057395575
-0.056585147
-0.055503337
-0.054554135
-0.053277733
-0.051653735
-0.049743159
-0.047619928
-0.045585721
-0.043383965
-0.04101454
-0.038444465
-0.035602297
-0.032700099
-0.02964413
-0.026712344
-0.024090704
-0.021325606
-0.018683995
-0.016428245
-0.014197911
-0.012304013
-0.010548989
-0.0095077702
-0.0090936947
-0.0086099499
-0.0082228419
-0.0078283193
-0.0075730145
-0.0072467309
-0.0070638736
-0.0068605357
-0.0067151318
-0.0065639891
-0.0064174312
-0.0062855219
-0.006152594
-0.006030257
-0.0059259468
-0.0058591349
-0.0058526423
-0.0058573516
-0.0058671411
-0.0058881785
-0.0059474793
-0.0059684858
-0.006150401
-0.0062018845
-0.0063936031
-0.0065370766
-0.0066399371
-0.0067849961
-0.0069379204
-0.0069958367
-0.0071709797
-0.0073097325
-0.0074846076
-0.0076390016
-0.0078031639
-0.008024603
-0.0082115704
-0.0084293453
-0.0086959213
-0.0089571693
-0.0092541108
-0.0095884175
-0.0099746967
-0.010381601
-0.010867909
-0.01142462
-0.012026659
-0.012753408
-0.013585292
-0.014502329
-0.01559969
-0.016824142
-0.018201972
-0.019828628
-0.021594401
-0.023630834
-0.025933472
-0.028479602
-0.031413068
-0.034491181
-0.038102176
-0.041880586
-0.046148865
-0.050622306
-0.055254794
0.49521135
0.49869697
0.43752247
0.39738844
0.34180096
0.28437972
0.22942746
0.17870847
0.13359547
0.094873205
0.062349542
0.035299385
0.013121821
-0.0048072556
-0.019547659
-0.031098548
-0.040190844
-0.046370811
-0.050948211
-0.054094063
-0.055966278
-0.057361393
-0.056568002
-0.055500054
-0.054550544
-0.053276759
-0.051655163
-0.049748492
-0.0476313
-0.045592668
-0.043394879
-0.041028019
-0.038454716
-0.035618303
-0.032716573
-0.029662829
-0.02672897
-0.024105707
-0.021339334
-0.018690446
-0.016430592
-0.014199248
-0.012303881
-0.010550412
-0.009511292
-0.0090959146
-0.0086140733
-0.0082247513
-0.0078332913
-0.0075733795
-0.0072502238
-0.0070649514
-0.0068626556
-0.0067162118
-0.0065648863
-0.0064182564
-0.0062862569
-0.0061532378
-0.0060308964
-0.0059266497
-0.0058594973
-0.0058529642
-0.0058570674
-0.0058671876
-0.0058878945
-0.0059460058
-0.0059703178
-0.0061486335
-0.0062036601
-0.0063931557
-0.006535633
-0.0066398128
-0.006782357
-0.0069370099
-0.0069945189
-0.0071700714
-0.0073084167
-0.0074835934
-0.0076379711
-0.0078022241
-0.0080237943
-0.0082108383
-0.0084284963
-0.0086951102
-0.0089564031
-0.0092533403
-0.0095876001
-0.0099738816
-0.010380736
-0.010866974
-0.011423654
-0.012025612
-0.012752257
-0.013584064
-0.014500982
-0.015598152
-0.016822544
-0.018200087
-0.019826554
-0.021592081
-0.023628207
-0.02593052
-0.028476214
-0.031409187
-0.034486901
-0.03809707
-0.041874929
-0.04614207
-0.050614778
-0.055245802
0.49502145
0.49775388
0.43780708
0.39805791
0.34283492
0.28561539
0.23072383
0.17996765
0.13474867
0.095886786
0.063207299
0.036000946
0.01367017
-0.004378918
-0.019212234
-0.030839758
-0.039998679
-0.046232005
-0.050845044
-0.054017642
-0.05591219
-0.057301587
-0.056547546
-0.055495734
-0.054546242
-0.053275235
-0.051656412
-0.049756072
-0.047643688
-0.045600652
-0.043406976
-0.041043478
-0.038467879
-0.035636202
-0.032735407
-0.029683384
-0.026748117
-0.024120145
-0.021352562
-0.018697537
-0.016433944
-0.014201269
-0.012303645
-0.010553337
-0.0095156709
-0.0090987994
-0.0086193169
-0.0082272337
-0.0078385864
-0.0075741706
-0.0072540021
-0.0070663443
-0.0068649344
-0.0067174127
-0.0065659542
-0.00641921
-0.0062870595
-0.00615394
-0.0060316431
-0.0059274487
-0.0058599026
-0.0058533075
-0.0058566838
-0.005867203
-0.0058875589
-0.0059445816
-0.0059721249
-0.0061467241
-0.0062052799
-0.0063925182
-0.0065340288
-0.0066394952
-0.0067795132
-0.0069359752
-0.0069930594
-0.0071690329
-0.0073069652
-0.0074824353
-0.0076367925
-0.0078011479
-0.0080228448
-0.0082099863
-0.0084275163
-0.0086941651
-0.0089555131
-0.0092524414
-0.009586649
-0.009972942
-0.010379741
-0.010865909
-0.011422558
-0.01202442
-0.012750939
-0.01358266
-0.014499431
-0.015596381
-0.01682069
-0.018197908
-0.019824143
-0.021589381
-0.023625141
-0.025927063
-0.028472233
-0.031404612
-0.034481838
-0.038091016
-0.041868202
-0.046133975
-0.050605783
-0.055235069
0.49483915
0.49657372
0.43797286
0.3987769
0.3439712
0.28698933
0.23217508
0.18138307
0.13604991
0.097036123
0.064189131
0.036820025
0.014319986
-0.0038722126
-0.018816247
-0.030534317
-0.039770638
-0.046066986
-0.050722036
-0.053926743
-0.055847356
-0.057214502
-0.05652182
-0.055488501
-0.054539539
-0.053270489
-0.051656993
-0.049762935
-0.04765716
-0.04560786
-0.043418556
-0.041060619
-0.038483117
-0.035656259
-0.032756375
-0.029706205
-0.026769611
-0.024135158
-0.021366363
-0.018706092
-0.016438648
-0.01420397
-0.012304131
-0.010557085
-0.0095206857
-0.0091025579
-0.0086251306
-0.0082300465
-0.007844341
-0.0075756782
-0.0072581287
-0.0070682589
-0.0068675086
-0.0067188296
-0.0065671726
-0.0064203009
-0.006288015
-0.0061547632
-0.0060324661
-0.0059283636
-0.0058603861
-0.0058536784
-0.0058562489
-0.0058671808
-0.0058871886
-0.0059432643
-0.0059737989
-0.0061447001
-0.006206617
-0.0063917739
-0.0065322792
-0.0066389217
-0.0067764954
-0.0069347974
-0.0069914764
-0.0071678297
-0.0073053664
-0.0074811252
-0.0076354472
-0.0077999155
-0.0080217256
-0.0082089884
-0.0084263804
-0.0086930615
-0.0089544777
-0.009251391
-0.0095855434
-0.0099718474
-0.010378584
-0.01086468
-0.011421292
-0.01202305
-0.012749415
-0.013581046
-0.014497641
-0.015594342
-0.016818542
-0.018195389
-0.019821345
-0.021586238
-0.023621562
-0.025923015
-0.028467559
-0.031399224
-0.034475859
-0.038083851
-0.041860216
-0.046124355
-0.050595062
-0.055222292
0.49461319
0.49514001
0.43815848
0.39953901
0.34521114
0.28851056
0.23379505
0.1829715
0.13751259
0.098335795
0.065309334
0.037763284
0.015086206
-0.0032717303
-0.018348789
-0.030173711
-0.039500256
-0.045870886
-0.050575483
-0.053818458
-0.055769675
-0.05710293
-0.056490106
-0.055482164
-0.054529664
-0.05326469
-0.051656661
-0.04977167
-0.047671947
-0.045617487
-0.04343054
-0.041080357
-0.038501596
-0.035679015
-0.03277995
-0.029731219
-0.026793425
-0.024149661
-0.021379742
-0.018715791
-0.016444517
-0.014208458
-0.012305275
-0.010561747
-0.0095264037
-0.0091073774
-0.0086318985
-0.0082336204
-0.0078504079
-0.0075774315
-0.0072626316
-0.0070704782
-0.0068702386
-0.0067203601
-0.0065685681
-0.0064215172
-0.0062890288
-0.0061556627
-0.0060333867
-0.0059294018
-0.0058609377
-0.0058540465
-0.0058557125
-0.0058670983
-0.0058867553
-0.0059420537
-0.0059752742
-0.006142477
-0.0062074145
-0.0063908381
-0.0065303159
-0.0066381075
-0.0067732801
-0.006933445
-0.006989738
-0.0071664329
-0.0073035916
-0.0074796301
-0.0076339099
-0.0077985015
-0.0080204234
-0.0082078268
-0.0084250676
-0.0086917748
-0.008953274
-0.0092501611
-0.0095842568
-0.009970577
-0.010377243
-0.010863268
-0.011419834
-0.012021481
-0.012747659
-0.013579183
-0.014495571
-0.015591989
-0.016816048
-0.018192471
-0.019818089
-0.021582577
-0.023617382
-0.025918274
-0.02846207
-0.031392881
-0.034468803
-0.038075378
-0.041850751
-0.046112941
-0.05058231
-0.055207115
0.49428837
0.49346875
0.4383086
0.40033646
0.3465532
0.29018753
0.23559855
0.18475147
0.13915447
0.099803383
0.066580237
0.038841638
0.015976978
-0.0025585267
-0.017795957
-0.029746997
-0.039178792
-0.045637138
-0.050400487
-0.053689226
-0.055676372
-0.056970552
-0.056449119
-0.055473539
-0.054517317
-0.053256897
-0.051654286
-0.049779182
-0.047687734
-0.045625488
-0.043441294
-0.04110141
-0.038522625
-0.035703601
-0.032805934
-0.029758774
-0.026819655
-0.024165415
-0.02139435
-0.018727613
-0.016452603
-0.014214473
-0.012306847
-0.010567739
-0.0095329977
-0.0091129471
-0.0086392218
-0.0082374472
-0.0078569356
-0.0075795545
-0.0072675268
-0.0070730119
-0.0068733153
-0.0067221341
-0.0065701639
-0.0064229179
-0.0062902193
-0.0061567001
-0.0060344198
-0.0059305794
-0.005861565
-0.0058544294
-0.0058551606
-0.0058669571
-0.0058862575
-0.00594111
-0.0059764797
-0.0061400963
-0.0062078715
-0.0063897165
-0.0065281702
-0.0066370595
-0.0067698857
-0.0069318933
-0.0069878272
-0.0071647976
-0.0073016133
-0.0074779352
-0.0076321554
-0.0077968799
-0.0080188987
-0.0082064679
-0.0084235462
-0.0086902731
-0.0089518742
-0.0092487222
-0.0095827611
-0.009969099
-0.010375687
-0.010861625
-0.011418137
-0.012019665
-0.012745632
-0.013577032
-0.014493177
-0.015589271
-0.016813151
-0.018189091
-0.019814303
-0.021578312
-0.023612499
-0.025912723
-0.02845563
-0.031385418
-0.034460483
-0.038065372
-0.041839548
-0.046099421
-0.050567168
-0.055189122
0.4938332
0.49163362
0.43847762
0.40114639
0.34799247
0.29202843
0.23760096
0.18674269
0.1410002
0.10145985
0.068015465
0.040066523
0.016997711
-0.0017161397
-0.017137744
-0.029241798
-0.038796771
-0.045358448
-0.0501916
-0.053534814
-0.055564455
-0.056820498
-0.05639501
-0.055461332
-0.054501119
-0.053245458
-0.051649793
-0.049786454
-0.047704817
-0.045636054
-0.043452406
-0.041122252
-0.038545107
-0.035730669
-0.032833977
-0.029788583
-0.026848645
-0.024181332
-0.021408902
-0.018741235
-0.01646175
-0.014221821
-0.012310303
-0.010575212
-0.0095405005
-0.0091196094
-0.008647954
-0.0082420869
-0.007863749
-0.0075821548
-0.0072728575
-0.0070759867
-0.0068765201
-0.0067240241
-0.0065719159
-0.0064244445
-0.006291424
-0.0061578378
-0.0060355501
-0.0059318654
-0.0058622408
-0.005854806
-0.0058545979
-0.0058667217
-0.0058856511
-0.0059402242
-0.0059775621
-0.0061374675
-0.0062080057
-0.0063883521
-0.0065257203
-0.006635771
-0.0067662359
-0.0069300986
-0.0069857177
-0.0071628925
-0.0072994032
-0.0074759909
-0.0076301506
-0.0077950141
-0.0080171231
-0.0082048844
-0.0084217855
-0.0086885208
-0.0089502447
-0.0092470376
-0.0095810192
-0.0099673751
-0.010373878
-0.010859718
-0.011416169
-0.012017568
-0.012743287
-0.013574541
-0.014490402
-0.01558612
-0.016809779
-0.018185169
-0.019809892
-0.021573337
-0.023606792
-0.025906219
-0.02844807
-0.031376638
-0.034450677
-0.038053562
-0.041826302
-0.046083426
-0.050549216
-0.055167827
0.4931983
0.48970091
0.43861327
0.40194578
0.34952253
0.29404018
0.23981802
0.18896577
0.14308053
0.10332226
0.069634827
0.041452345
0.018165608
-0.00077598565
-0.016341624
-0.028638341
-0.038341828
-0.045025345
-0.049941561
-0.053349777
-0.055429839
-0.056653558
-0.056324488
-0.05544393
-0.054478713
-0.053229309
-0.051642396
-0.049789868
-0.04772107
-0.045644365
-0.043462042
-0.041140558
-0.038568403
-0.035758751
-0.032864586
-0.029820933
-0.026880064
-0.024200167
-0.02142598
-0.018757873
-0.016473575
-0.014232233
-0.012316197
-0.010584084
-0.009549245
-0.0091269867
-0.0086573871
-0.0082471592
-0.007871015
-0.0075853284
-0.0072785791
-0.0070793727
-0.0068801057
-0.0067261796
-0.0065739074
-0.0064261666
-0.0062927902
-0.0061591515
-0.0060367603
-0.0059332338
-0.0058629726
-0.0058552056
-0.0058539968
-0.0058664007
-0.0058849537
-0.0059393614
-0.0059783909
-0.0061346226
-0.0062077348
-0.0063867106
-0.0065230083
-0.0066342846
-0.0067623714
-0.0069280164
-0.0069833598
-0.0071606677
-0.0072968983
-0.0074737704
-0.0076278614
-0.0077928694
-0.008015045
-0.0082030304
-0.0084197423
-0.0086864738
-0.0089483474
-0.009245067
-0.0095789929
-0.0099653644
-0.010371775
-0.010857501
-0.011413885
-0.012015136
-0.012740572
-0.013571651
-0.014487186
-0.015582467
-0.01680585
-0.018180613
-0.019804752
-0.021567531
-0.023600118
-0.025898599
-0.028439198
-0.031366314
-0.034439127
-0.038039635
-0.041810655
-0.046064526
-0.05052796
-0.055142663
0.49232424
0.48762404
0.43856091
0.40272637
0.35115082
0.29622817
0.24226416
0.1914424
0.14541992
0.10541338
0.071462482
0.043020969
0.019494449
0.00029937568
-0.015422765
-0.027921357
-0.0377995
-0.044627598
-0.049642294
-0.053127738
-0.05526796
-0.056467318
-0.056234626
-0.055415086
-0.054449877
-0.053208325
-0.051630523
-0.049790267
-0.047736743
-0.045655081
-0.043472737
-0.041156859
-0.038589081
-0.035788017
-0.032895137
-0.029855478
-0.026913668
-0.024219981
-0.021444608
-0.018776922
-0.01648645
-0.014243418
-0.012325661
-0.010594736
-0.0095591152
-0.0091356195
-0.008668176
-0.0082534415
-0.0078788292
-0.007589097
-0.0072847007
-0.0070829114
-0.0068837903
-0.0067283797
-0.0065760464
-0.0064280524
-0.0062940749
-0.0061605615
-0.0060380761
-0.0059346875
-0.0058637326
-0.0058556049
-0.0058533144
-0.0058659282
-0.0058841651
-0.0059384708
-0.0059789033
-0.0061314534
-0.0062071783
-0.0063847425
-0.0065199969
-0.0066325074
-0.0067581798
-0.0069255878
-0.0069807177
-0.0071580799
-0.0072940475
-0.0074712041
-0.0076252383
-0.0077903928
-0.0080126199
-0.0082008633
-0.0084173704
-0.0086840799
-0.0089461322
-0.0092427575
-0.0095766292
-0.0099630137
-0.010369326
-0.010854916
-0.011411226
-0.012012311
-0.01273742
-0.013568292
-0.01448345
-0.015578217
-0.016801258
-0.018175309
-0.019798752
-0.021560749
-0.023592306
-0.025889663
-0.028428783
-0.03135417
-0.034425524
-0.038023216
-0.041792185
-0.046042211
-0.050502821
-0.055112962
0.49113797
0.48531069
0.43836327
0.40372057
0.35289175
0.29859134
0.24495168
0.19419389
0.1480394
0.10776548
0.07352545
0.044794832
0.020997025
0.0015587599
-0.014383585
-0.027076275
-0.037146827
-0.044151398
-0.049283592
-0.052860479
-0.055072586
-0.056257674
-0.05612089
-0.055373127
-0.054410426
-0.053180346
-0.051613281
-0.049784308
-0.047748853
-0.045663528
-0.043482969
-0.04117132
-0.038611076
-0.035816431
-0.032927091
-0.029891275
-0.026950221
-0.024242285
-0.021467824
-0.018800343
-0.016503443
-0.014258256
-0.012336133
-0.010606856
-0.0095705525
-0.0091450147
-0.0086798228
-0.0082604509
-0.007887536
-0.0075938697
-0.007291289
-0.0070868548
-0.0068878377
-0.0067307875
-0.006578399
-0.0064301169
-0.006295541
-0.0061621457
-0.0060394174
-0.005936132
-0.0058644889
-0.0058559871
-0.0058525238
-0.0058653056
-0.0058830114
-0.0059374771
-0.0059792551
-0.0061279715
-0.0062062476
-0.0063823653
-0.006516661
-0.0066303751
-0.0067536296
-0.0069227429
-0.0069777469
-0.0071550686
-0.0072907875
-0.0074682501
-0.0076222296
-0.0077875321
-0.0080097766
-0.00819832
-0.00841461
-0.0086812767
-0.0089435444
-0.0092400522
-0.0095738732
-0.0099602656
-0.010366475
-0.010851899
-0.01140813
-0.012009022
-0.012733758
-0.013564382
-0.01447911
-0.015573275
-0.016795889
-0.018169125
-0.019791743
-0.02155282
-0.023583158
-0.025879182
-0.028416554
-0.031339888
-0.034409508
-0.03800387
-0.041770396
-0.04601589
-0.050473118
-0.055077948
0.48955211
0.48268648
0.43795458
0.40412951
0.35468716
0.30111237
0.24788855
0.19724069
0.15096751
0.11040926
0.075850793
0.046800722
0.022699344
0.0029892243
-0.01319772
-0.026131296
-0.036354138
-0.043574132
-0.048853283
-0.052538704
-0.054836924
-0.056018632
-0.055982127
-0.05531045
-0.054359603
-0.053142929
-0.0515896
-0.049772015
-0.047757605
-0.045672714
-0.043495173
-0.041186131
-0.038627531
-0.035850479
-0.032960605
-0.029928993
-0.026987893
-0.024262539
-0.021488197
-0.018822827
-0.016521506
-0.014274252
-0.01234986
-0.010621287
-0.0095833757
-0.0091559458
-0.0086926792
-0.0082689821
-0.0078971073
-0.0075997589
-0.0072987054
-0.0070911277
-0.0068920523
-0.0067329828
-0.0065807097
-0.0064321415
-0.0062969728
-0.0061637771
-0.0060409442
-0.0059376831
-0.0058652386
-0.0058563318
-0.0058515627
-0.0058644692
-0.0058814821
-0.0059363989
-0.0059790292
-0.00612405
-0.0062048103
-0.0063795027
-0.0065126586
-0.0066278078
-0.0067486456
-0.0069194008
-0.0069743938
-0.0071515672
-0.0072870564
-0.0074648172
-0.0076187634
-0.007784214
-0.0080064461
-0.0081953342
-0.0084113913
-0.0086779882
-0.0089405113
-0.0092368749
-0.0095706491
-0.0099570443
-0.010363144
-0.010848371
-0.011404514
-0.012005187
-0.012729492
-0.01355982
-0.014474056
-0.015567516
-0.016789601
-0.018161897
-0.019783539
-0.021543541
-0.023572435
-0.025866877
-0.028402191
-0.031323086
-0.034390652
-0.037981079
-0.041744705
-0.045984859
-0.050438051
-0.055036707
0.48746352
0.47966735
0.43730834
0.40498829
0.35647024
0.30376189
0.25107659
0.20060097
0.15423243
0.11337698
0.078468825
0.049067814
0.0246283
0.0046106907
-0.011846648
-0.025044095
-0.035456541
-0.042876289
-0.048332034
-0.05214949
-0.054551413
-0.055743179
-0.055820401
-0.055225575
-0.054292845
-0.0530944
-0.051558058
-0.049754503
-0.047759141
-0.045680333
-0.043507675
-0.041201507
-0.038647309
-0.035879772
-0.032996324
-0.0299687
-0.027028587
-0.024289154
-0.021512738
-0.018843899
-0.016539779
-0.014293473
-0.012366376
-0.010637251
-0.0095978926
-0.0091679347
-0.0087065224
-0.0082784057
-0.0079073355
-0.0076065995
-0.0073066373
-0.0070959911
-0.0068968166
-0.0067353778
-0.0065830467
-0.0064342032
-0.0062986587
-0.0061655735
-0.0060424226
-0.0059391395
-0.0058659526
-0.0058565936
-0.0058504062
-0.0058633954
-0.0058795104
-0.0059348333
-0.0059782234
-0.0061196924
-0.0062026021
-0.0063760408
-0.0065081491
-0.0066246836
-0.0067431368
-0.0069154509
-0.0069705787
-0.0071474772
-0.0072827581
-0.0074608226
-0.007614746
-0.0077803417
-0.008002512
-0.0081918003
-0.0084076109
-0.0086741066
-0.008936934
-0.0092331243
-0.0095668568
-0.009953247
-0.010359235
-0.010844221
-0.01140027
-0.012000692
-0.012724499
-0.013554474
-0.014468149
-0.015560784
-0.016782224
-0.018153424
-0.01977391
-0.021532664
-0.023559856
-0.025852427
-0.028385316
-0.031303318
-0.034368453
-0.037954237
-0.041714425
-0.0459483
-0.05039668
-0.054988172
0.48475415
0.47617065
0.43642845
0.40493172
0.35833741
0.30653794
0.25451085
0.20428835
0.15786108
0.11670483
0.081412819
0.051628144
0.026813082
0.0064518071
-0.010308378
-0.023766186
-0.034441679
-0.042069783
-0.047707468
-0.051676854
-0.054204871
-0.055426074
-0.055631271
-0.055109083
-0.05420644
-0.053031357
-0.051517142
-0.049730608
-0.047751577
-0.045687389
-0.043521083
-0.041217985
-0.03866303
-0.035917009
-0.033037085
-0.030012166
-0.027069774
-0.024317968
-0.021541364
-0.018866752
-0.016554488
-0.014309692
-0.012383618
-0.010655061
-0.0096136413
-0.0091813492
-0.0087218397
-0.0082897208
-0.0079190529
-0.0076143881
-0.0073151593
-0.0071010815
-0.0069017853
-0.00673794
-0.0065850714
-0.0064359048
-0.0063001123
-0.0061673878
-0.0060441442
-0.0059408595
-0.0058665386
-0.0058566173
-0.0058489256
-0.0058619853
-0.00587686
-0.0059325523
-0.0059766961
-0.0061147062
-0.006199612
-0.0063718167
-0.0065030935
-0.0066208588
-0.006736986
-0.0069107613
-0.0069661904
-0.0071426799
-0.0072777772
-0.0074561146
-0.0076100509
-0.0077757852
-0.0079978395
-0.0081875901
-0.0084031383
-0.0086694875
-0.0089326707
-0.00922866
-0.0095623492
-0.0099487222
-0.010354602
-0.010839293
-0.011395234
-0.011995374
-0.012718598
-0.013548153
-0.014461187
-0.015552855
-0.016773523
-0.018143433
-0.019762527
-0.021519833
-0.023545023
-0.025835399
-0.02836545
-0.031280028
-0.034342296
-0.037922612
-0.041678738
-0.045905245
-0.050347906
-0.054931093
0.4812944
0.47210864
0.4351325
0.4045581
0.3604653
0.30945871
0.25816966
0.20830726
0.16187654
0.12042915
0.084719013
0.054516517
0.029287041
0.0085423093
-0.0085575983
-0.022313246
-0.033259592
-0.041144174
-0.046976154
-0.051107438
-0.053781271
-0.055064071
-0.055401382
-0.054955249
-0.054095492
-0.05295018
-0.051464919
-0.049696043
-0.047738363
-0.04568894
-0.043533637
-0.041233766
-0.038685571
-0.035944964
-0.033080566
-0.030059779
-0.027113981
-0.024353504
-0.021578642
-0.018897535
-0.01657625
-0.01432985
-0.012404707
-0.010670899
-0.0096297646
-0.009194113
-0.0087375358
-0.0083017322
-0.0079313685
-0.0076237905
-0.0073245331
-0.0071064225
-0.0069067972
-0.0067409048
-0.0065877973
-0.0064381657
-0.0063020391
-0.0061688947
-0.0060452694
-0.0059421212
-0.0058668634
-0.0058561543
-0.0058469645
-0.0058599287
-0.0058733223
-0.0059294835
-0.0059743302
-0.0061089996
-0.0061958275
-0.006366616
-0.0064971768
-0.0066161557
-0.0067300274
-0.0069051324
-0.006961066
-0.0071370046
-0.0072719621
-0.0074505502
-0.0076045299
-0.0077704056
-0.007992267
-0.0081825596
-0.0083978369
-0.0086639903
-0.0089275865
-0.0092233499
-0.0095569936
-0.0099433285
-0.010349108
-0.010833438
-0.011389247
-0.011989074
-0.012711609
-0.013540659
-0.014452963
-0.015543487
-0.016763235
-0.018131638
-0.019749034
-0.02150464
-0.02352746
-0.025815245
-0.028341974
-0.031252506
-0.034311401
-0.037885284
-0.041636616
-0.04585451
-0.050290402
-0.054864004
0.47694553
0.46738617
0.4333174
0.40370972
0.36144422
0.31242114
0.26200473
0.21265429
0.16629875
0.12458491
0.088427227
0.057771129
0.032086689
0.010914713
-0.0065655088
-0.02065713
-0.03190785
-0.040076329
-0.046130465
-0.050434876
-0.053265814
-0.054655164
-0.055120782
-0.05475771
-0.053953815
-0.052845913
-0.051395776
-0.049650365
-0.047718193
-0.045684892
-0.043544326
-0.041244453
-0.038708489
-0.035979392
-0.03312442
-0.030115914
-0.027158639
-0.024387392
-0.021618351
-0.018936652
-0.016607454
-0.014360102
-0.012428872
-0.010691595
-0.0096440764
-0.0092052758
-0.0087527675
-0.0083140467
-0.0079448479
-0.0076345608
-0.0073353404
-0.0071128172
-0.0069120094
-0.0067426387
-0.0065896488
-0.0064401906
-0.0063041007
-0.0061706588
-0.0060466262
-0.0059436525
-0.005866927
-0.0058551469
-0.0058443725
-0.005857135
-0.0058687095
-0.0059253869
-0.0059709518
-0.0061023261
-0.0061907754
-0.0063602593
-0.0064904134
-0.006610382
-0.0067220811
-0.0068983719
-0.0069550365
-0.0071302596
-0.0072651403
-0.0074439321
-0.0075980004
-0.0077640284
-0.0079856287
-0.0081765482
-0.0083915471
-0.0086574545
-0.0089215276
-0.0092170377
-0.0095506416
-0.0099369176
-0.010342602
-0.010826508
-0.011382152
-0.011981628
-0.012703358
-0.013531797
-0.014443265
-0.015532441
-0.01675109
-0.018117754
-0.019733096
-0.021486694
-0.023506697
-0.025791397
-0.028314215
-0.031219953
-0.034274876
-0.037841185
-0.041586856
-0.045794678
-0.050222531
-0.054785118
0.47156846
0.46189377
0.43084177
0.40237279
0.36338008
0.31548111
0.26599258
0.2173171
0.17113979
0.12920496
0.092579471
0.061431683
0.035252214
0.013606782
-0.0042982918
-0.018765427
-0.030360688
-0.038850492
-0.045154775
-0.049665365
-0.052647262
-0.054182592
-0.054778388
-0.054506767
-0.053772866
-0.052712176
-0.05130445
-0.049589157
-0.047685008
-0.045674415
-0.04354801
-0.041255986
-0.038736273
-0.036011222
-0.033165133
-0.030175258
-0.027216368
-0.02441978
-0.021658262
-0.018980553
-0.016643599
-0.014399213
-0.012465225
-0.010720033
-0.0096649609
-0.0092187854
-0.0087652043
-0.0083230012
-0.0079563909
-0.0076450639
-0.0073466996
-0.0071200939
-0.0069188119
-0.0067457533
-0.0065913345
-0.0064419332
-0.0063062324
-0.0061724599
-0.0060476146
-0.0059447615
-0.0058667157
-0.0058535006
-0.0058410677
-0.0058535238
-0.0058630249
-0.0059201247
-0.0059665253
-0.0060946207
-0.0061845337
-0.0063525894
-0.0064825875
-0.0066032929
-0.0067129605
-0.0068902231
-0.0069478828
-0.007122208
-0.0072570829
-0.0074360429
-0.0075902383
-0.0077564319
-0.0079776901
-0.0081693416
-0.0083840616
-0.0086496686
-0.0089142972
-0.0092095289
-0.0095431014
-0.0099292979
-0.010334899
-0.010818307
-0.011373752
-0.011972836
-0.01269363
-0.013521334
-0.01443185
-0.015519434
-0.016736772
-0.018101436
-0.019714318
-0.021465555
-0.023482212
-0.02576325
-0.028281471
-0.031181513
-0.034231755
-0.037789148
-0.04152813
-0.045724164
-0.05014244
-0.054692293
0.46502833
0.45548575
0.42753823
0.40049768
0.36379747
0.31886678
0.27011603
0.22224852
0.17639729
0.13431785
0.097221218
0.065539731
0.038826723
0.016660108
-0.0017195203
-0.016606595
-0.028588324
-0.03744174
-0.044033709
-0.048776729
-0.051943844
-0.053625463
-0.054360182
-0.054192253
-0.053542073
-0.052540794
-0.051184412
-0.049510744
-0.047636674
-0.045652535
-0.043539876
-0.041262569
-0.038762081
-0.036053541
-0.0332067
-0.030232842
-0.027291275
-0.024471729
-0.02168773
-0.019014989
-0.016678431
-0.014439438
-0.012502981
-0.010755137
-0.0096948541
-0.0092406204
-0.0087845545
-0.0083340878
-0.0079671552
-0.0076521348
-0.0073574183
-0.007127388
-0.0069259047
-0.0067506696
-0.0065936913
-0.0064435375
-0.0063079502
-0.0061744747
-0.0060490549
-0.0059460205
-0.005866293
-0.0058511864
-0.0058369137
-0.0058489084
-0.0058563627
-0.0059135671
-0.0059608081
-0.0060856224
-0.0061768615
-0.0063433568
-0.0064733774
-0.006594673
-0.0067024567
-0.0068804238
-0.0069393719
-0.0071125943
-0.0072475402
-0.0074265914
-0.0075809758
-0.0077473384
-0.0079681651
-0.0081606644
-0.0083751094
-0.0086403468
-0.0089056186
-0.0092005525
-0.0095341011
-0.0099201961
-0.010325736
-0.010808563
-0.011363764
-0.011962423
-0.012682123
-0.01350895
-0.014418382
-0.015504088
-0.016719863
-0.018082227
-0.019692172
-0.021440651
-0.02345334
-0.025730032
-0.02824287
-0.031136149
-0.034180881
-0.037727785
-0.041458876
-0.045641115
-0.05004805
-0.054583148
0.45720071
0.44802489
0.42322819
0.39782421
0.36332093
0.32149653
0.27428617
0.2273648
0.18205295
0.13993999
0.102404
0.070139805
0.042856781
0.020120905
0.0012134115
-0.014143138
-0.026555633
-0.035819671
-0.042743663
-0.047740327
-0.051134134
-0.052991348
-0.053858325
-0.053807256
-0.053248143
-0.052320151
-0.051027074
-0.049404674
-0.047567799
-0.045614531
-0.043524129
-0.04126115
-0.038782018
-0.036097948
-0.033251515
-0.030274772
-0.027355275
-0.024554937
-0.021750276
-0.01905113
-0.016700447
-0.014473721
-0.012540145
-0.010791873
-0.0097296019
-0.0092704137
-0.0088125678
-0.0083552994
-0.0079837345
-0.007659524
-0.0073642162
-0.0071299542
-0.0069308141
-0.00675427
-0.0065984256
-0.0064464773
-0.0063103561
-0.0061769908
-0.0060507265
-0.0059472177
-0.0058658175
-0.0058484107
-0.0058318481
-0.0058431901
-0.0058489121
-0.0059057737
-0.0059537101
-0.0060752883
-0.0061674876
-0.0063323498
-0.0064625602
-0.0065842802
-0.0066903664
-0.0068686696
-0.0069292363
-0.0071011298
-0.0072362312
-0.0074152799
-0.0075699178
-0.0077364388
-0.007956712
-0.0081501955
-0.0083643798
-0.0086291607
-0.0088951682
-0.0091897925
-0.0095233176
-0.0099092809
-0.010314796
-0.010796943
-0.01135184
-0.011950046
-0.012668464
-0.01349424
-0.014402447
-0.015485927
-0.016699843
-0.018059555
-0.019665992
-0.021411261
-0.02341925
-0.025690788
-0.02819733
-0.031082581
-0.034120841
-0.037655413
-0.041377204
-0.045543316
-0.049936836
-0.054454986
0.4479709
0.43961242
0.41775735
0.39422201
0.36195036
0.32434812
0.27873606
0.23264483
0.18806599
0.14607761
0.10816899
0.075282957
0.047391228
0.024039511
0.0045480848
-0.011333886
-0.024226437
-0.033951218
-0.041254503
-0.046549402
-0.050183488
-0.052263965
-0.053278684
-0.053352145
-0.052889361
-0.052039524
-0.050820547
-0.049263095
-0.047475149
-0.0455551
-0.043492099
-0.041249682
-0.038800351
-0.036149353
-0.033313886
-0.030328897
-0.027398119
-0.024614338
-0.021841288
-0.019128807
-0.016735381
-0.014497102
-0.01256566
-0.010823254
-0.0097640648
-0.0093020526
-0.0088429113
-0.0083827478
-0.0080063136
-0.0076763617
-0.0073767901
-0.0071354944
-0.006933717
-0.006755682
-0.0065986196
-0.0064485207
-0.0063124879
-0.0061800575
-0.0060533151
-0.0059490827
-0.0058655177
-0.0058453317
-0.0058259861
-0.0058362726
-0.0058408379
-0.0058968589
-0.005945247
-0.0060635183
-0.0061561983
-0.006319345
-0.0064498942
-0.006572017
-0.0066766137
-0.0068547778
-0.0069173047
-0.007087608
-0.0072229518
-0.007401838
-0.007556824
-0.0077234688
-0.0079430214
-0.0081376254
-0.0083515697
-0.0086157749
-0.0088825997
-0.0091769086
-0.0095103952
-0.0098961782
-0.010301715
-0.010783061
-0.011337566
-0.011935297
-0.012652203
-0.01347671
-0.014383531
-0.015464366
-0.016676067
-0.018032718
-0.019634951
-0.021376495
-0.023378925
-0.025644345
-0.028143533
-0.03101925
-0.034049916
-0.037569992
-0.041280829
-0.045428104
-0.049805753
-0.054304513
0.43727183
0.4302835
0.41098222
0.38949315
0.35964792
0.32574411
0.28378428
0.23813964
0.19434967
0.15270398
0.11454714
0.08102608
0.052478594
0.028470046
0.0083392906
-0.0081296703
-0.021556814
-0.031795681
-0.039532623
-0.045170455
-0.049086721
-0.051408183
-0.052612094
-0.052821963
-0.052463395
-0.051696924
-0.05055969
-0.049074958
-0.04734823
-0.045468229
-0.043439427
-0.041224968
-0.038801674
-0.03618202
-0.033383279
-0.030383986
-0.027439837
-0.024636829
-0.021880514
-0.019207793
-0.016822034
-0.014555084
-0.012596813
-0.010844141
-0.0097836671
-0.0093255095
-0.0088663982
-0.0084098664
-0.008030282
-0.0076993395
-0.0073960587
-0.0071444355
-0.0069392574
-0.0067575053
-0.0065968103
-0.0064477734
-0.0063114997
-0.0061805181
-0.0060543762
-0.0059501023
-0.0058649776
-0.00584196
-0.005819698
-0.0058283356
-0.0058323724
-0.0058870817
-0.005935659
-0.0060506182
-0.0061431528
-0.0063043487
-0.0064353397
-0.0065578935
-0.006661254
-0.0068387111
-0.0069035575
-0.0070719755
-0.0072076252
-0.0073861374
-0.0075415939
-0.0077083204
-0.0079269204
-0.0081227864
-0.0083365216
-0.0085999942
-0.0088676913
-0.009161681
-0.0094950809
-0.0098805975
-0.010286212
-0.010766595
-0.011320562
-0.011917797
-0.012632902
-0.013455859
-0.014361107
-0.015438778
-0.016647833
-0.018000943
-0.019598109
-0.021335327
-0.023331177
-0.025589332
-0.02807993
-0.030944302
-0.033966056
-0.03746909
-0.041167012
-0.045292302
-0.049651154
-0.054127738
0.42508074
0.41949113
0.4027019
0.38343226
0.35654207
0.32517095
0.28686918
0.24382111
0.20082503
0.15976052
0.1215457
0.087437352
0.058169789
0.033467776
0.012645308
-0.0044758277
-0.018498752
-0.029309024
-0.037539028
-0.043571982
-0.047813949
-0.050415648
-0.051837309
-0.052212432
-0.051968237
-0.051295603
-0.050243153
-0.048838433
-0.047180048
-0.045348705
-0.043356989
-0.0411776
-0.038785976
-0.036227168
-0.033454296
-0.030481109
-0.027494107
-0.024674309
-0.021898646
-0.01922575
-0.016865981
-0.014634952
-0.012671432
-0.010901215
-0.0098107841
-0.0093416257
-0.0088726846
-0.0084189444
-0.0080448125
-0.0077186341
-0.0074180005
-0.0071624543
-0.0069508354
-0.0067622105
-0.0065965482
-0.006444685
-0.006308944
-0.0061784904
-0.0060523523
-0.0059481006
-0.005862754
-0.0058368861
-0.0058123135
-0.0058188561
-0.0058229768
-0.0058761017
-0.0059246176
-0.0060363711
-0.0061281861
-0.0062870433
-0.0064185872
-0.0065418014
-0.0066443415
-0.0068205448
-0.0068881298
-0.0070544056
-0.0071904199
-0.0073682686
-0.0075243705
-0.0076911455
-0.0079084931
-0.0081057588
-0.0083193366
-0.0085818834
-0.0088504865
-0.0091441698
-0.0094773945
-0.0098625046
-0.010268268
-0.010747484
-0.011300687
-0.011897383
-0.012610314
-0.013431354
-0.014334818
-0.015408675
-0.016614552
-0.017963547
-0.01955456
-0.021286742
-0.023274773
-0.025524266
-0.028004825
-0.030855641
-0.033866899
-0.037349862
-0.041032514
-0.045132132
-0.049468683
-0.053919887
0.41140529
0.40684769
0.3927454
0.37585942
0.35220521
0.32336717
0.29178191
0.24992525
0.20753812
0.16714057
0.12911863
0.09456764
0.064525239
0.039088019
0.017528834
-0.00030867147
-0.014994454
-0.026438578
-0.035224883
-0.041713592
-0.046331261
-0.049256705
-0.050932696
-0.051507997
-0.051396106
-0.050828583
-0.049870652
-0.048551336
-0.046969553
-0.045198519
-0.04324438
-0.041103868
-0.038750862
-0.036228578
-0.033507936
-0.030579485
-0.027589428
-0.02473109
-0.02194633
-0.0192481
-0.01686317
-0.014665558
-0.012736887
-0.010977305
-0.0098802181
-0.0093892822
-0.0088949248
-0.0084321523
-0.0080497804
-0.0077201559
-0.0074228072
-0.0071741487
-0.0069659491
-0.0067745354
-0.0066008219
-0.0064457487
-0.0063061019
-0.0061756529
-0.0060491955
-0.0059448016
-0.0058581745
-0.0058289429
-0.0058024072
-0.0058063427
-0.0058104837
-0.0058619313
-0.0059103808
-0.0060192486
-0.0061099736
-0.0062659221
-0.0063980239
-0.0065220709
-0.0066242839
-0.0067988651
-0.006869794
-0.0070338461
-0.0071705237
-0.0073475222
-0.007504604
-0.0076715022
-0.0078873302
-0.0080862347
-0.0082998294
-0.0085613041
-0.0088309243
-0.0091244323
-0.0094574287
-0.0098419942
-0.010248084
-0.010725953
-0.011278156
-0.011874305
-0.012584587
-0.013403248
-0.014304705
-0.015373949
-0.016576007
-0.017920216
-0.019503716
-0.021230001
-0.023208702
-0.025447803
-0.027916619
-0.030751141
-0.033749961
-0.037209184
-0.040873665
-0.044943248
-0.049253237
-0.053675326
0.39620834
0.39241204
0.38096868
0.36660549
0.34636559
0.32024955
0.29172769
0.25502969
0.21449821
0.17475608
0.13717395
0.10242067
0.071619906
0.045383006
0.02305166
0.0044385334
-0.010982051
-0.023128511
-0.032537809
-0.03954935
-0.044601061
-0.04790013
-0.049872914
-0.050686186
-0.05073282
-0.050280073
-0.049435946
-0.048215187
-0.046715344
-0.045011126
-0.043101775
-0.041001928
-0.038692405
-0.036215691
-0.033566991
-0.030658942
-0.027695072
-0.024823046
-0.022019125
-0.019296573
-0.016870964
-0.014653943
-0.012755679
-0.011038411
-0.0099743764
-0.0094683365
-0.0089596466
-0.0084706458
-0.0080690073
-0.0077271183
-0.0074213501
-0.0071698082
-0.006963642
-0.0067758887
-0.0066056269
-0.0064483662
-0.0063048554
-0.0061736026
-0.0060468575
-0.0059418246
-0.0058538444
-0.0058201523
-0.0057906951
-0.0057909405
-0.005794712
-0.0058439909
-0.0058923143
-0.0059983738
-0.0060880248
-0.0062403743
-0.0063726532
-0.006497543
-0.0065998042
-0.0067721927
-0.0068471194
-0.0070086273
-0.0071461599
-0.0073219583
-0.0074804332
-0.0076476169
-0.0078615982
-0.0080624262
-0.0082763066
-0.0085365762
-0.0088073385
-0.0091009367
-0.0094336805
-0.009817563
-0.010224243
-0.0107007
-0.011251826
-0.011847813
-0.012555088
-0.01337092
-0.014270234
-0.015334003
-0.016531613
-0.017870364
-0.019444835
-0.021164285
-0.023131959
-0.025358612
-0.02781381
-0.030628775
-0.033612853
-0.037043919
-0.04068661
-0.044720979
-0.048999155
-0.053387649
0.37948908
0.37626671
0.36731419
0.35544253
0.33877174
0.31615404
0.29037129
0.26139064
0.22175607
0.1827296
0.14562106
0.110915
0.079530916
0.052406172
0.029271509
0.0098364449
-0.0063875068
-0.019311483
-0.029417084
-0.037023515
-0.042575405
-0.046305845
-0.048624061
-0.0497181
-0.049963695
-0.049638745
-0.048921878
-0.047820248
-0.04641661
-0.044788505
-0.042931864
-0.040873704
-0.038611481
-0.036187959
-0.033599546
-0.030752792
-0.027823325
-0.024905592
-0.022143751
-0.019395717
-0.016920517
-0.014662242
-0.012739096
-0.011046043
-0.010039397
-0.0095438525
-0.0090429995
-0.008547303
-0.0081237786
-0.0077547094
-0.0074340569
-0.0071713648
-0.0069579566
-0.0067688693
-0.0066019912
-0.0064467391
-0.0063047975
-0.0061751173
-0.0060495204
-0.0059429971
-0.0058526553
-0.0058144391
-0.00578207
-0.0057776639
-0.0057800488
-0.0058259446
-0.0058738539
-0.0059768752
-0.0060656085
-0.0062137926
-0.006345746
-0.0064714063
-0.0065740667
-0.0067434992
-0.0068230094
-0.0069814214
-0.0071197268
-0.0072936863
-0.0074537714
-0.0076213098
-0.0078328447
-0.0080356722
-0.0082499896
-0.0085087715
-0.0087805398
-0.0090744227
-0.0094067341
-0.0097896036
-0.010196978
-0.010671764
-0.011221273
-0.011817278
-0.012521051
-0.013333444
-0.014230403
-0.01528764
-0.016479923
-0.017812386
-0.019375931
-0.021087377
-0.023041948
-0.025253666
-0.027693012
-0.030484821
-0.03345179
-0.036849962
-0.040466715
-0.044459993
-0.048700106
-0.053049604
0.36132744
0.35863851
0.35186409
0.34229325
0.32906348
0.31047851
0.28729428
0.26246277
0.22839933
0.19101678
0.15443269
0.11998032
0.088271029
0.06024169
0.036237724
0.01594901
-0.0011347497
-0.014913966
-0.02579744
-0.034076239
-0.04020099
-0.044429057
-0.047149407
-0.048573922
-0.04906753
-0.048886953
-0.048313047
-0.047348231
-0.046061823
-0.044524668
-0.042732481
-0.040718319
-0.038508568
-0.036141574
-0.033642498
-0.030819097
-0.027972242
-0.024993619
-0.022200098
-0.01957028
-0.017059501
-0.014730472
-0.012752797
-0.011027324
-0.010020872
-0.0095603759
-0.0090964047
-0.0086254584
-0.0082016271
-0.0078188755
-0.0074767369
-0.0071927833
-0.0069634085
-0.006766001
-0.0065921947
-0.0064375418
-0.0062979455
-0.0061702745
-0.0060510979
-0.0059481343
-0.0058567554
-0.0058111534
-0.0057770766
-0.0057681324
-0.0057676019
-0.0058085925
-0.0058554043
-0.0059547832
-0.0060424141
-0.0061859698
-0.0063174408
-0.006443904
-0.0065474063
-0.0067134867
-0.0067983472
-0.006953388
-0.0070925829
-0.007264277
-0.0074262262
-0.0075942308
-0.0078029266
-0.008007782
-0.008222775
-0.0084798913
-0.0087525617
-0.0090469827
-0.0093787912
-0.0097604209
-0.010168641
-0.010641549
-0.011188733
-0.011784631
-0.012484335
-0.01329257
-0.014186845
-0.015236486
-0.016422283
-0.017747567
-0.019297906
-0.020999946
-0.022938959
-0.025132706
-0.027553192
-0.030317122
-0.033263376
-0.036622852
-0.040208215
-0.044153381
-0.048347442
-0.052650729
0.34187775
0.33969631
0.33476065
0.32738434
0.31700413
0.30268345
0.28302835
0.26110351
0.23631783
0.19889343
0.16360255
0.12954571
0.097803639
0.069042916
0.044028364
0.022838706
0.0048543054
-0.0098494141
-0.021598813
-0.030637096
-0.037413296
-0.042212045
-0.045400333
-0.047212123
-0.048012085
-0.048007695
-0.047590537
-0.046782654
-0.045634924
-0.044206626
-0.042498462
-0.040532469
-0.03838062
-0.03607231
-0.033648607
-0.030935297
-0.028090536
-0.025199281
-0.022219531
-0.019603774
-0.017245512
-0.014915662
-0.01282486
-0.011054408
-0.0099902001
-0.0095275103
-0.0090777455
-0.0086539997
-0.0082598297
-0.0078889461
-0.0075447065
-0.0072459954
-0.0069911962
-0.0067780914
-0.0065909728
-0.0064292733
-0.0062852921
-0.006159907
-0.0060444364
-0.0059456036
-0.0058575055
-0.0058069978
-0.0057726086
-0.0057598074
-0.0057561611
-0.0057914387
-0.0058363412
-0.0059312118
-0.0060172648
-0.0061556809
-0.0062863299
-0.0064133232
-0.0065178704
-0.0066804128
-0.0067711525
-0.0069227059
-0.0070628879
-0.0072320047
-0.0073958675
-0.0075644494
-0.0077702443
-0.0079770062
-0.0081929547
-0.008448349
-0.0087218806
-0.0090170449
-0.0093483906
-0.0097286456
-0.010137846
-0.010608808
-0.011153397
-0.011749204
-0.012444591
-0.01324808
-0.014139381
-0.015180621
-0.016358968
-0.017676317
-0.019211561
-0.020902901
-0.022824241
-0.024997436
-0.027396252
-0.030127798
-0.033049069
-0.036363862
-0.039911103
-0.043800824
-0.047938911
-0.052186316
0.32137195
0.31967596
0.3162353
0.31083788
0.30304477
0.29220709
0.27713051
0.25778568
0.23690461
0.20854216
0.17274276
0.13940594
0.10796115
0.078867418
0.052808438
0.030593409
0.011659231
-0.004027064
-0.016730081
-0.026625133
-0.034140649
-0.039590859
-0.043322571
-0.045586779
-0.046756291
-0.046982441
-0.046735243
-0.046102199
-0.045116037
-0.043817276
-0.042211084
-0.040310176
-0.038221751
-0.035979142
-0.033634276
-0.031028059
-0.028153509
-0.02543431
-0.022383259
-0.01958461
-0.017264562
-0.015110579
-0.013017221
-0.01114293
-0.010008702
-0.0095288581
-0.009057035
-0.0086342115
-0.0082650805
-0.0079276116
-0.0076058169
-0.0073126444
-0.0070485748
-0.006815311
-0.0066103109
-0.0064331286
-0.0062783084
-0.0061485609
-0.0060334667
-0.0059386414
-0.0058540223
-0.0058017558
-0.0057664799
-0.0057511739
-0.0057453462
-0.0057749228
-0.0058174486
-0.0059071326
-0.0059911475
-0.0061238727
-0.0062532108
-0.0063803874
-0.0064861071
-0.0066449556
-0.0067419072
-0.0068898432
-0.007031005
-0.0071973387
-0.0073628779
-0.0075321334
-0.0077350504
-0.0079434463
-0.0081605147
-0.0084141574
-0.0086884041
-0.0089843651
-0.0093152155
-0.0096939431
-0.01010404
-0.010572925
-0.011114617
-0.011710049
-0.012400823
-0.013198891
-0.014086592
-0.015118596
-0.01628851
-0.01759684
-0.019115515
-0.020794318
-0.022695963
-0.024845846
-0.027220185
-0.029915485
-0.032807303
-0.036072964
-0.039574834
-0.043402861
-0.047475767
-0.051661979
0.30011391
0.29886384
0.29659421
0.29288329
0.28735609
0.27941404
0.26841873
0.25312598
0.23510378
0.21512703
0.1828317
0.14932177
0.11830661
0.089372956
0.06272095
0.039340087
0.019368014
0.0026443034
-0.01109076
-0.021942204
-0.03029452
-0.036485706
-0.040846427
-0.043637984
-0.045246962
-0.045779049
-0.045727606
-0.045283549
-0.044481773
-0.043336742
-0.041853542
-0.040043653
-0.038023608
-0.035856439
-0.033590737
-0.031148025
-0.028206663
-0.025571472
-0.022704114
-0.019684081
-0.017221073
-0.015150735
-0.013212995
-0.011336707
-0.010128301
-0.0096041557
-0.0090882937
-0.0086296633
-0.0082470247
-0.0079159514
-0.0076244641
-0.0073601398
-0.0071065387
-0.0068725534
-0.0066557136
-0.0064562443
-0.0062869002
-0.0061458744
-0.0060249524
-0.0059282132
-0.0058479348
-0.0057955336
-0.0057587309
-0.0057404446
-0.0057331311
-0.0057572094
-0.0057970917
-0.0058816342
-0.0059634998
-0.0060903125
-0.0062177299
-0.006344612
-0.0064515576
-0.0066064415
-0.0067097109
-0.0068541076
-0.0069961217
-0.0071596472
-0.0073264033
-0.0074965372
-0.0076966937
-0.0079063788
-0.0081247732
-0.0083767804
-0.0086515252
-0.0089483334
-0.0092787412
-0.0096558289
-0.010066589
-0.010533437
-0.011071881
-0.011666547
-0.012352468
-0.013144479
-0.014027886
-0.015049939
-0.016210151
-0.017508197
-0.019008798
-0.020672928
-0.022552883
-0.024676577
-0.027023413
-0.029678614
-0.032536748
-0.035748039
-0.039198832
-0.042958084
-0.046958093
-0.051073441
0.27847159
0.27761729
0.27621611
0.27384391
0.27020483
0.26474921
0.25689892
0.24609715
0.23111549
0.2144851
0.19385959
0.16083538
0.12911189
0.10023899
0.073534819
0.049238886
0.028101778
0.010261967
-0.0045796022
-0.016484409
-0.025774688
-0.032804263
-0.037890078
-0.041296906
-0.043426102
-0.044346354
-0.04455008
-0.044304696
-0.043703633
-0.042738777
-0.041405968
-0.039721046
-0.03777879
-0.035698567
-0.033510948
-0.031200531
-0.02838801
-0.025587586
-0.023005268
-0.020009494
-0.017267713
-0.015111204
-0.013279475
-0.011530981
-0.01037891
-0.0097986824
-0.0091949532
-0.0086745007
-0.0082567173
-0.0079036216
-0.0076078792
-0.0073555066
-0.0071303414
-0.0069164141
-0.0067059234
-0.0065029375
-0.0063192275
-0.0061606131
-0.0060280364
-0.0059242053
-0.0058410976
-0.0057877155
-0.0057492912
-0.0057276078
-0.0057184879
-0.0057368521
-0.0057737039
-0.0058534515
-0.0059332175
-0.006054098
-0.0061791772
-0.0063053976
-0.0064137462
-0.0065645013
-0.0066740983
-0.0068152691
-0.0069578372
-0.007118617
-0.0072860177
-0.0074571038
-0.007654645
-0.00786518
-0.0080850258
-0.0083355382
-0.0086105136
-0.008908159
-0.009238166
-0.0096134785
-0.010024603
-0.010489394
-0.011024217
-0.011617604
-0.012298424
-0.013083623
-0.013961856
-0.014973204
-0.016122311
-0.017408703
-0.018889635
-0.020536768
-0.022392818
-0.024487304
-0.026803146
-0.029414334
-0.032233697
-0.035385583
-0.038778464
-0.042462087
-0.046380356
-0.050415972
0.25684588
0.25632731
0.25552648
0.25412258
0.25193243
0.2485055
0.24330684
0.23578217
0.22553471
0.2115687
0.1958826
0.17327792
0.14149959
0.11173627
0.084866287
0.060242906
0.038004033
0.018947167
0.0029180692
-0.010135145
-0.020466855
-0.028436015
-0.034351467
-0.038473387
-0.041216605
-0.04261319
-0.043164098
-0.043143799
-0.04275223
-0.041992889
-0.040839825
-0.03931034
-0.037478438
-0.035493457
-0.033392494
-0.031183711
-0.028592364
-0.025644978
-0.023092232
-0.020390948
-0.017550735
-0.015126284
-0.013245169
-0.011626818
-0.010627149
-0.010039434
-0.0094084367
-0.0088271176
-0.0083305621
-0.0079345326
-0.00760992
-0.0073430791
-0.0071123338
-0.0069063296
-0.0067201862
-0.0065379469
-0.0063582949
-0.0061945309
-0.006051845
-0.0059343614
-0.0058432904
-0.0057813222
-0.0057403281
-0.0057151621
-0.0057028393
-0.0057145761
-0.0057472413
-0.0058220947
-0.0058996168
-0.006014384
-0.0061367077
-0.0062619232
-0.0063718623
-0.006518431
-0.0066341729
-0.0067727816
-0.0069155417
-0.0070737711
-0.0072412127
-0.0074131975
-0.0076083094
-0.0078192011
-0.00804051
-0.0082897021
-0.0085646146
-0.008863018
-0.0091926558
-0.0095660683
-0.0099771872
-0.010439875
-0.010970702
-0.011562176
-0.012237581
-0.013015163
-0.013887181
-0.014886978
-0.016023433
-0.017296549
-0.018756077
-0.020383557
-0.022213214
-0.024275141
-0.026556133
-0.029119072
-0.031894079
-0.034981161
-0.038308692
-0.041909388
-0.045736466
-0.049682474
0.23556696
0.23529697
0.23492346
0.23417221
0.23297781
0.2310754
0.22799534
0.2231779
0.21617017
0.20662011
0.19396706
0.17935809
0.15500647
0.12480952
0.096919014
0.071895457
0.049104595
0.028819968
0.011529113
-0.002762914
-0.014241743
-0.023259165
-0.03011854
-0.035066884
-0.038530621
-0.040501443
-0.041492403
-0.041781769
-0.041601411
-0.041062201
-0.040119546
-0.038780364
-0.037110448
-0.035230701
-0.033231126
-0.031119097
-0.028775639
-0.025817121
-0.023124117
-0.020606614
-0.017974321
-0.015328327
-0.013230967
-0.011591606
-0.01073336
-0.010212218
-0.009629839
-0.0090456068
-0.0085157989
-0.0080596274
-0.0076735943
-0.0073660354
-0.0071081553
-0.0068890725
-0.006700538
-0.006526804
-0.0063667322
-0.0062186782
-0.0060782629
-0.0059575617
-0.0058584423
-0.0057856259
-0.0057376678
-0.0057071323
-0.0056901996
-0.0056939396
-0.005720289
-0.0057889736
-0.0058633397
-0.0059711175
-0.0060899842
-0.0062137077
-0.0063253868
-0.0064677785
-0.0065893237
-0.0067263346
-0.006869063
-0.0070250351
-0.0071919829
-0.007364695
-0.0075575858
-0.0077683097
-0.0079909516
-0.0082390024
-0.0085135376
-0.008812531
-0.0091418052
-0.0095132006
-0.0099238773
-0.010384358
-0.010910809
-0.011499618
-0.012169215
-0.012938326
-0.013802924
-0.014790219
-0.015912343
-0.017170326
-0.018606579
-0.020211463
-0.022011946
-0.024037679
-0.026279528
-0.028789631
-0.031514041
-0.03453043
-0.037784462
-0.041294283
-0.045020041
-0.048865166
0.21479143
0.21467896
0.2146628
0.21436692
0.21383956
0.21297232
0.21144724
0.20877264
0.20448347
0.19814496
0.18944388
0.17804527
0.16438275
0.13941809
0.1107405
0.084469266
0.061020341
0.03990365
0.021338768
0.0057519042
-0.0069547782
-0.0171225
-0.025049699
-0.030951123
-0.035257422
-0.037912466
-0.039439293
-0.040157564
-0.040231566
-0.039911616
-0.039205392
-0.038096391
-0.03663661
-0.034896507
-0.033011664
-0.030993813
-0.028780804
-0.026118645
-0.023203805
-0.020672063
-0.018278661
-0.015766672
-0.013347476
-0.011556033
-0.010670539
-0.010228237
-0.009762309
-0.0092459708
-0.0087328559
-0.0082570216
-0.007826603
-0.0074503489
-0.0071481924
-0.0068982418
-0.0066910276
-0.0065055098
-0.0063479772
-0.0062064231
-0.0060811308
-0.0059707583
-0.0058738728
-0.005795747
-0.0057401345
-0.0057040139
-0.0056814751
-0.0056773424
-0.0056954896
-0.0057559139
-0.0058258749
-0.0059254163
-0.0060396652
-0.006160938
-0.0062740126
-0.0064120649
-0.0065385651
-0.0066749484
-0.0068176023
-0.0069717132
-0.0071378233
-0.0073110564
-0.0075019887
-0.0077120739
-0.0079357939
-0.0081828705
-0.0084567161
-0.0087560354
-0.0090848954
-0.0094541556
-0.0098638858
-0.010321976
-0.010843657
-0.011428943
-0.012092237
-0.012851992
-0.013707808
-0.014681536
-0.015787537
-0.017028295
-0.018439259
-0.020018346
-0.021786575
-0.023772228
-0.025970234
-0.028422616
-0.031089643
-0.034029065
-0.037200903
-0.040611365
-0.044225111
-0.047957066
0.19451658
0.19451262
0.19483511
0.19494627
0.19492377
0.19476649
0.19425472
0.19309698
0.19088054
0.1871719
0.18158063
0.17388924
0.16357991
0.15093918
0.12645132
0.099185569
0.074181204
0.052027044
0.03235591
0.015430549
0.0014658516
-0.0098918581
-0.018980864
-0.025966275
-0.031257449
-0.03473199
-0.036902692
-0.038156927
-0.038620059
-0.038514721
-0.038054186
-0.037210165
-0.036000695
-0.034477338
-0.032719085
-0.030809824
-0.028723431
-0.026384924
-0.023405756
-0.020771955
-0.018355223
-0.016137722
-0.01377099
-0.011636546
-0.010595599
-0.010168832
-0.0097588838
-0.009342858
-0.0089040974
-0.0084583398
-0.0080238345
-0.0076214944
-0.0072679102
-0.0069656919
-0.0067181763
-0.0065049279
-0.0063335362
-0.0061847494
-0.0060619066
-0.0059569697
-0.0058697236
-0.0057967452
-0.0057409892
-0.0057006433
-0.005673422
-0.0056638558
-0.0056736822
-0.0057242833
-0.0057887999
-0.0058791144
-0.0059873226
-0.0061047307
-0.0062182182
-0.0063515957
-0.0064816094
-0.0066179961
-0.0067605756
-0.0069131975
-0.0070782767
-0.0072517815
-0.0074410367
-0.0076501089
-0.0078745562
-0.0081208031
-0.0083936883
-0.0086929924
-0.0090213186
-0.0093883215
-0.0097965498
-0.01025196
-0.010768466
-0.011349271
-0.012005634
-0.012755101
-0.013600619
-0.014559557
-0.01564753
-0.016868722
-0.018252205
-0.019802049
-0.021534607
-0.023476024
-0.025625073
-0.028014505
-0.030616827
-0.033472532
-0.036552935
-0.039854928
-0.043345417
-0.046950875
0.17484353
0.17488237
0.17552208
0.17604141
0.17651119
0.17683393
0.17703341
0.17685785
0.17604839
0.17427752
0.17115645
0.1663552
0.15964821
0.15042991
0.13894217
0.11592468
0.089961363
0.065892654
0.044720309
0.026329961
0.010973936
-0.0015642649
-0.011804502
-0.019935541
-0.026339966
-0.030797892
-0.033751359
-0.035662606
-0.036661131
-0.036848985
-0.036629954
-0.036074605
-0.035158115
-0.033902482
-0.032332268
-0.030546238
-0.028571275
-0.026379465
-0.023822155
-0.020934412
-0.018471355
-0.016288
-0.01420289
-0.012023562
-0.010667018
-0.010157706
-0.0097140621
-0.0093119382
-0.0089414217
-0.0085847121
-0.008197324
-0.0078131174
-0.0074450252
-0.0071075989
-0.0068045522
-0.0065529032
-0.0063482475
-0.0061749023
-0.0060415098
-0.0059361626
-0.0058520872
-0.0057826286
-0.0057282411
-0.0056888661
-0.0056614351
-0.0056489744
-0.0056522581
-0.005693695
-0.005752375
-0.0058337218
-0.0059348816
-0.0060468838
-0.0061593499
-0.0062874961
-0.006418924
-0.0065553045
-0.0066976098
-0.0068488997
-0.0070127695
-0.0071862125
-0.0073740127
-0.0075818015
-0.0078065552
-0.0080520652
-0.0083237758
-0.0086226658
-0.0089502494
-0.0093148528
-0.0097209844
-0.010173305
-0.010684193
-0.011259477
-0.011908112
-0.012646299
-0.013479856
-0.014422593
-0.01549052
-0.016689565
-0.018043168
-0.019560103
-0.021253226
-0.023145994
-0.025240586
-0.027561504
-0.03009134
-0.032856116
-0.03583542
-0.039019279
-0.042374864
-0.045839701
0.15619366
0.15623766
0.15692898
0.15776671
0.15874765
0.15960555
0.16015213
0.16057086
0.16075565
0.16024156
0.1588868
0.1563461
0.1523188
0.1465666
0.13848042
0.12823821
0.10750427
0.082819822
0.059437884
0.039028879
0.021766584
0.0077844686
-0.0035916728
-0.012797447
-0.020329935
-0.025908863
-0.029809652
-0.032523793
-0.034198891
-0.03485056
-0.034908701
-0.03465415
-0.034053872
-0.033107354
-0.031821055
-0.030179441
-0.028331893
-0.026284014
-0.024041543
-0.0212111
-0.018667823
-0.016400881
-0.014458836
-0.012476685
-0.01108807
-0.010408254
-0.0097809921
-0.009285378
-0.008897137
-0.0085648885
-0.0082568555
-0.0079495166
-0.0076157432
-0.0072829776
-0.006963367
-0.0066717141
-0.0064102248
-0.0062001168
-0.0060396104
-0.005916501
-0.0058252519
-0.005756623
-0.0057055672
-0.0056688811
-0.0056426873
-0.0056276615
-0.0056269731
-0.0056601986
-0.005713923
-0.0057880537
-0.0058825241
-0.0059882958
-0.0060982941
-0.0062210663
-0.0063516503
-0.006487543
-0.0066291079
-0.0067788935
-0.0069412121
-0.00711405
-0.0073003868
-0.0075066122
-0.0077311424
-0.0079758744
-0.0082462194
-0.008544253
-0.0088707856
-0.0092328115
-0.0096362401
-0.010084942
-0.010589723
-0.01115839
-0.011798329
-0.012524157
-0.013343968
-0.014268878
-0.015314624
-0.016488712
-0.017809795
-0.019289964
-0.02093954
-0.022778982
-0.024813268
-0.027059756
-0.029508949
-0.032175116
-0.035043332
-0.038098881
-0.041307605
-0.044617134
0.13904132
0.13909448
0.13973034
0.14062779
0.1418424
0.14308517
0.14410083
0.14469444
0.14538493
0.14586433
0.14563239
0.14463168
0.1426225
0.13933111
0.13451432
0.12757506
0.11866233
0.10077902
0.07744953
0.054717394
0.034933762
0.018584588
0.0056122792
-0.0046850078
-0.01322072
-0.019918107
-0.02487359
-0.028533739
-0.031046765
-0.032345991
-0.032827927
-0.032936631
-0.032651969
-0.032030689
-0.031053094
-0.02968314
-0.027980183
-0.026064882
-0.023990902
-0.021741355
-0.018853892
-0.016591468
-0.014555053
-0.01278813
-0.011567808
-0.010869898
-0.010152111
-0.0094741204
-0.0089299156
-0.0085338981
-0.0082148485
-0.0079345711
-0.0076732458
-0.0074109492
-0.0071220318
-0.0068308535
-0.0065509408
-0.0063001788
-0.0060891781
-0.0059287636
-0.0058137923
-0.0057316314
-0.0056754915
-0.0056378191
-0.0056129306
-0.0055974505
-0.0055941532
-0.0056190113
-0.0056686829
-0.0057379698
-0.0058274603
-0.0059276656
-0.0060344584
-0.0061523386
-0.0062806701
-0.0064153357
-0.0065555888
-0.0067034859
-0.006863784
-0.0070352889
-0.007219865
-0.0074241518
-0.0076477933
-0.007891485
-0.0081602104
-0.0084568756
-0.008781905
-0.0091410792
-0.0095411722
-0.0099856006
-0.010483701
-0.011044614
-0.011674706
-0.012386984
-0.013191156
-0.014096379
-0.015117674
-0.01626379
-0.017549447
-0.018988827
-0.020590413
-0.022371603
-0.024339439
-0.026505252
-0.028865381
-0.03142484
-0.034171793
-0.037088473
-0.040138243
-0.043277563
0.1236495
0.12376303
0.12435742
0.12515211
0.12626855
0.12753353
0.12886302
0.12978972
0.13053518
0.13143214
0.13215716
0.13214892
0.13142766
0.12988081
0.12727148
0.12334826
0.11756568
0.11001677
0.095257545
0.073565264
0.051646296
0.032357969
0.016536412
0.004424256
-0.0052062433
-0.012922053
-0.018881976
-0.023509208
-0.026976389
-0.029103223
-0.030231769
-0.03085086
-0.030944214
-0.030638874
-0.029992221
-0.028932612
-0.027477162
-0.025723042
-0.023807062
-0.021764364
-0.019445538
-0.016786913
-0.014724461
-0.012907315
-0.011865885
-0.011260852
-0.010590147
-0.0098973586
-0.0092514051
-0.0086801318
-0.0082371609
-0.0078972035
-0.0076329617
-0.0073977496
-0.0071719904
-0.006942232
-0.0066914847
-0.0064391019
-0.0062053262
-0.0060069905
-0.0058505916
-0.0057365852
-0.0056593882
-0.0056100493
-0.005579033
-0.0055610219
-0.0055547885
-0.0055697036
-0.0056140047
-0.0056791455
-0.005765086
-0.0058608799
-0.0059648302
-0.0060790222
-0.0062049387
-0.0063380469
-0.0064767117
-0.0066225011
-0.0067804253
-0.0069498962
-0.0071322302
-0.0073341164
-0.0075561009
-0.0077982403
-0.0080649478
-0.0083596303
-0.008682526
-0.0090384152
-0.0094344847
-0.0098738546
-0.010364589
-0.010916579
-0.011535512
-0.012232916
-0.013019468
-0.01390292
-0.014897345
-0.016012301
-0.017259354
-0.01865378
-0.020202648
-0.021920422
-0.023815445
-0.025894044
-0.028156551
-0.030600869
-0.033216348
-0.03598339
-0.038862183
-0.041816576
0.11011191
0.11018161
0.11074173
0.11142566
0.11236068
0.11341194
0.11475002
0.115915
0.11679388
0.11766691
0.11872016
0.11952053
0.11967936
0.11917174
0.1180253
0.11603052
0.11293186
0.10833989
0.10200414
0.090534575
0.071010894
0.050094249
0.03116326
0.015675866
0.003948381
-0.0050960529
-0.012045065
-0.017505424
-0.021868646
-0.024916738
-0.026866534
-0.02822894
-0.028861652
-0.028917517
-0.028581837
-0.027850843
-0.026717948
-0.025215402
-0.023484482
-0.021640513
-0.019675639
-0.017266997
-0.014886901
-0.013056736
-0.01201563
-0.011488805
-0.010917719
-0.010298827
-0.0096610859
-0.0090395838
-0.0084763269
-0.0080026481
-0.007641729
-0.0073628713
-0.0071358886
-0.0069370403
-0.0067438745
-0.0065386035
-0.0063238026
-0.0061194106
-0.0059397629
-0.005792326
-0.0056830579
-0.0056088514
-0.0055577857
-0.0055282768
-0.0055158674
-0.0055195787
-0.0055532871
-0.0056121177
-0.0056934216
-0.0057848412
-0.0058861681
-0.0059978529
-0.006121915
-0.00625362
-0.0063908151
-0.0065346396
-0.0066901767
-0.0068572111
-0.0070368935
-0.0072359729
-0.0074555741
-0.0076954923
-0.0079596334
-0.0082516096
-0.0085715552
-0.0089235058
-0.0093147492
-0.0097481202
-0.010230639
-0.01077248
-0.011378792
-0.012059832
-0.012826704
-0.013686091
-0.014651067
-0.015731534
-0.016936541
-0.018281729
-0.019772924
-0.021421917
-0.02323763
-0.025222258
-0.027378594
-0.029699146
-0.032173088
-0.034779756
-0.037475885
-0.040231284
0.098010084
0.098042477
0.098517411
0.099138882
0.10001732
0.10093662
0.10211986
0.10329599
0.1042842
0.10508721
0.10603743
0.10706498
0.10786445
0.10810492
0.10777113
0.10695914
0.10546944
0.10307193
0.099575915
0.094337472
0.086158085
0.069605631
0.04998087
0.031480949
0.016012695
0.0043208326
-0.0043159647
-0.010735505
-0.015852518
-0.019755685
-0.02255679
-0.024807513
-0.026179518
-0.026822783
-0.026801073
-0.026373211
-0.025581773
-0.024448778
-0.022987993
-0.021341149
-0.019575935
-0.017669598
-0.015306056
-0.01316896
-0.012113697
-0.011587887
-0.011059565
-0.010516135
-0.0099691771
-0.0094140226
-0.0088519425
-0.0083125461
-0.0078229386
-0.0074221623
-0.007131482
-0.0069098997
-0.0067189759
-0.0065496058
-0.0063848019
-0.0062088231
-0.0060355863
-0.0058765625
-0.0057441294
-0.0056373765
-0.005562683
-0.0055155777
-0.0054905358
-0.0054819812
-0.0055000735
-0.0055462359
-0.0056180156
-0.0057028227
-0.0057997019
-0.0059083333
-0.006030427
-0.006160534
-0.0062961801
-0.0064381529
-0.006591444
-0.006755919
-0.0069327197
-0.0071287263
-0.0073453755
-0.0075823862
-0.0078433168
-0.0081317873
-0.008447821
-0.0087949529
-0.0091804132
-0.0096066812
-0.010079937
-0.010610314
-0.011202405
-0.011865419
-0.01261047
-0.013443321
-0.014376109
-0.015418655
-0.016577951
-0.017869527
-0.019297954
-0.020872663
-0.022602543
-0.024486339
-0.026528128
-0.028716299
-0.031039003
-0.033474913
-0.035977369
-0.03852088
0.086873468
0.086934409
0.087391436
0.087975003
0.088851995
0.089775836
0.090880666
0.092005765
0.093041478
0.093834054
0.09456907
0.095490394
0.096360974
0.097072573
0.097335523
0.097164136
0.096606846
0.095527829
0.09374416
0.090987753
0.08676957
0.080942748
0.068454441
0.050715045
0.032915207
0.017484662
0.0055510925
-0.0029055575
-0.0090893132
-0.013837625
-0.017374852
-0.020456429
-0.022669044
-0.024075525
-0.024611081
-0.024468685
-0.024011146
-0.023262705
-0.022215753
-0.020860774
-0.019298981
-0.01759967
-0.015798328
-0.013545427
-0.012181569
-0.011609711
-0.011098264
-0.010588697
-0.010097821
-0.0096200941
-0.0091445632
-0.0086586352
-0.0081686196
-0.0077044557
-0.0072873812
-0.006948424
-0.006709836
-0.0065316912
-0.0063739381
-0.0062307264
-0.0060895944
-0.005945476
-0.0058122546
-0.0056936923
-0.0055978557
-0.005527485
-0.0054850111
-0.005464583
-0.0054659041
-0.0054915813
-0.0055484579
-0.0056229732
-0.0057113705
-0.0058141238
-0.0059325617
-0.0060596318
-0.0061925904
-0.0063320639
-0.0064828511
-0.0066445665
-0.0068182631
-0.0070109725
-0.0072242342
-0.007457714
-0.0077147569
-0.0079988952
-0.0083099754
-0.0086512257
-0.0090297747
-0.0094476684
-0.0099103923
-0.01042785
-0.011003982
-0.011647122
-0.012368115
-0.013171818
-0.014069531
-0.015070652
-0.016180411
-0.017413952
-0.018774476
-0.020269349
-0.021906972
-0.023683132
-0.025602356
-0.027649804
-0.029812191
-0.032067688
-0.034366551
-0.036687004
0.076444632
0.076612687
0.077123517
0.077699249
0.078516941
0.079414381
0.080500237
0.081669604
0.082809273
0.083704809
0.084416665
0.085112447
0.08583502
0.086534402
0.087095326
0.087327964
0.087275611
0.086936297
0.08622061
0.084962207
0.082895462
0.079789125
0.075237231
0.066763906
0.051872714
0.035195781
0.020027033
0.007748708
-0.00084362148
-0.007113854
-0.011512249
-0.015255285
-0.018228026
-0.020403354
-0.021742771
-0.022093381
-0.02199271
-0.021628223
-0.021001776
-0.020070346
-0.018817567
-0.017336812
-0.015747582
-0.014062748
-0.012598455
-0.011840671
-0.011162808
-0.010600837
-0.010128579
-0.0096951357
-0.0092731339
-0.0088580924
-0.008443813
-0.0080205465
-0.0075934302
-0.0071895819
-0.0068360057
-0.0065585175
-0.0063639961
-0.0062148874
-0.0060799375
-0.0059533095
-0.0058349818
-0.005724527
-0.0056259966
-0.005544287
-0.005486311
-0.0054526805
-0.0054422255
-0.0054472616
-0.0054867319
-0.0055493012
-0.0056256868
-0.005719222
-0.0058315737
-0.0059533146
-0.0060813717
-0.006216682
-0.0063639402
-0.0065222495
-0.0066923422
-0.0068813431
-0.0070907466
-0.0073200832
-0.0075725395
-0.0078515045
-0.0081565686
-0.0084907605
-0.0088611316
-0.0092692327
-0.0097199526
-0.010222873
-0.010781171
-0.01140241
-0.012097003
-0.012868844
-0.013728479
-0.01468464
-0.015740961
-0.016912056
-0.018199616
-0.019609186
-0.021148373
-0.022810352
-0.02459956
-0.026498527
-0.02849244
-0.030559023
-0.032645941
-0.034734475
0.066640185
0.066819172
0.067314214
0.067884966
0.068668218
0.069525046
0.070589578
0.071778724
0.073059647
0.074171454
0.07512452
0.07585016
0.076450771
0.076984092
0.077495472
0.0778913
0.078069128
0.078114882
0.077924584
0.077459773
0.076572639
0.075087102
0.072802955
0.069252372
0.063805417
0.052703147
0.037847432
0.023259445
0.010924318
0.001581516
-0.0046750865
-0.0093032618
-0.012954596
-0.015764223
-0.017874039
-0.01899858
-0.019543779
-0.019572424
-0.019336937
-0.018810048
-0.017969971
-0.016845656
-0.015492657
-0.014019566
-0.012971342
-0.01230463
-0.011551913
-0.010856791
-0.010261637
-0.0097456088
-0.0092962394
-0.0088998977
-0.0085319608
-0.0081701445
-0.0078028535
-0.0074306485
-0.0070650162
-0.0067300117
-0.0064484325
-0.0062298882
-0.0060694242
-0.0059345732
-0.0058160758
-0.0057088272
-0.0056118687
-0.005529673
-0.0054683206
-0.0054286679
-0.0054099703
-0.0054020571
-0.0054240744
-0.0054769685
-0.005540756
-0.0056233711
-0.0057279392
-0.0058424729
-0.0059633334
-0.0060922907
-0.0062343682
-0.0063880909
-0.0065536516
-0.0067381581
-0.0069429883
-0.0071674448
-0.0074145365
-0.007687438
-0.0079854158
-0.0083113278
-0.0086721654
-0.0090689505
-0.009506042
-0.0099926484
-0.010531106
-0.01112827
-0.011794017
-0.012531221
-0.013349718
-0.014257409
-0.015256428
-0.016360776
-0.017570526
-0.018889588
-0.020324595
-0.021866368
-0.02351895
-0.025262646
-0.027081245
-0.028952084
-0.030820845
-0.032671541
0.057179248
0.057276426
0.057684476
0.058252034
0.059115867
0.060024719
0.061143392
0.062321161
0.063646217
0.06493034
0.066185126
0.067247417
0.068037
0.0685789
0.068976764
0.06934222
0.069588319
0.069757023
0.069849494
0.069783057
0.069463737
0.068832847
0.067743654
0.065998997
0.063293098
0.059505024
0.052152835
0.039907012
0.026321628
0.014104126
0.0044289578
-0.0022296141
-0.0070312982
-0.010466358
-0.013188523
-0.01506681
-0.016414328
-0.017158087
-0.017306401
-0.017123277
-0.016666349
-0.015952005
-0.015002723
-0.013769723
-0.012859334
-0.012282726
-0.011674939
-0.011074244
-0.010499869
-0.0099540161
-0.0094487057
-0.0089971948
-0.0085917141
-0.0082191766
-0.0078662927
-0.0075241426
-0.0071905698
-0.0068720972
-0.0065797488
-0.0063216328
-0.0061057057
-0.0059354392
-0.0058016853
-0.0056886173
-0.0055896385
-0.0055051126
-0.0054394601
-0.0053933395
-0.0053663897
-0.0053510323
-0.0053569466
-0.0054010842
-0.0054545493
-0.0055263988
-0.0056227986
-0.0057295404
-0.00584192
-0.0059627076
-0.0060979064
-0.0062456773
-0.0064055415
-0.0065845073
-0.0067838248
-0.0070025529
-0.007243468
-0.0075094764
-0.0077994556
-0.0081160847
-0.0084662643
-0.0088504895
-0.0092726272
-0.0097415008
-0.010258589
-0.010830079
-0.011465284
-0.012166039
-0.012941498
-0.01379867
-0.014738259
-0.015773645
-0.016903258
-0.018129543
-0.01945813
-0.020877737
-0.022391912
-0.02397909
-0.025621961
-0.027297616
-0.028950485
-0.030567151
0.047914832
0.047974427
0.048377138
0.048986414
0.049903936
0.05092968
0.052118228
0.053358007
0.054702319
0.056074413
0.057484394
0.058839081
0.0599769
0.06083755
0.061383657
0.061787277
0.062104962
0.062290676
0.062418854
0.062488973
0.062458631
0.062229692
0.061776305
0.060991569
0.059690448
0.057727375
0.05465931
0.049925564
0.040699577
0.028620161
0.0169491
0.0073285374
0.00010226153
-0.0046268566
-0.0080574062
-0.010580305
-0.01263141
-0.014101823
-0.014883889
-0.015132675
-0.015000228
-0.014660488
-0.014107557
-0.013290077
-0.012560038
-0.012076653
-0.0115172
-0.010960033
-0.010449823
-0.0099872669
-0.0095521843
-0.0091303244
-0.008724491
-0.0083385311
-0.0079705496
-0.0076208131
-0.0072918122
-0.0069819768
-0.006690915
-0.0064230816
-0.006187154
-0.0059860869
-0.0058212183
-0.0056875637
-0.0055782181
-0.0054842925
-0.0054091352
-0.0053537929
-0.0053182603
-0.0052963965
-0.0052883879
-0.0053180735
-0.0053653283
-0.0054271516
-0.0055161059
-0.0056154568
-0.0057192055
-0.0058308133
-0.005957898
-0.0060985414
-0.0062516268
-0.006423982
-0.00661676
-0.0068288174
-0.0070626992
-0.0073210234
-0.0076022416
-0.0079088112
-0.0082474966
-0.0086182613
-0.0090244937
-0.0094746457
-0.0099693518
-0.010514177
-0.011117888
-0.011781297
-0.012512916
-0.013318866
-0.014198478
-0.015164557
-0.01621393
-0.017347736
-0.018570678
-0.019869602
-0.021247616
-0.022681605
-0.024153517
-0.025640422
-0.027086227
-0.028480047
0.039334845
0.039459144
0.039857912
0.04047238
0.041310405
0.042354402
0.043541612
0.04481395
0.046207554
0.047665607
0.04914072
0.050614007
0.052017521
0.053243783
0.05421109
0.054830337
0.055270744
0.055560792
0.055744289
0.055830068
0.05585044
0.055814727
0.055646448
0.055310167
0.054719466
0.053746348
0.05220251
0.04974329
0.046429417
0.040080706
0.030054512
0.019256153
0.0098402436
0.0025599254
-0.0023550491
-0.0057443658
-0.0083568332
-0.010435428
-0.011841272
-0.012739663
-0.013078873
-0.013052327
-0.012840115
-0.012380902
-0.0119604
-0.011645545
-0.011178506
-0.010700055
-0.010259564
-0.0098428371
-0.0094410241
-0.009052768
-0.0086767739
-0.0083126248
-0.0079616679
-0.0076261919
-0.0073068562
-0.007007837
-0.0067316476
-0.0064781773
-0.0062486952
-0.0060415498
-0.0058601613
-0.005702815
-0.0055705415
-0.0054617577
-0.0053754297
-0.0053108897
-0.0052659068
-0.005237222
-0.0052184049
-0.0052270114
-0.0052697361
-0.0053227438
-0.0054048874
-0.0054976989
-0.0055930844
-0.0056952212
-0.00581333
-0.0059458938
-0.0060913242
-0.0062561556
-0.0064413976
-0.0066457495
-0.0068716303
-0.0071213864
-0.007393054
-0.0076888004
-0.0080152079
-0.0083716805
-0.0087611309
-0.0091916495
-0.0096630481
-0.010180305
-0.010751683
-0.011376995
-0.012064158
-0.012818423
-0.013637815
-0.014534603
-0.01550409
-0.016546249
-0.017664952
-0.018845415
-0.020090406
-0.021375571
-0.022682471
-0.02398842
-0.02523753
-0.026421452
0.032366738
0.032503637
0.032807248
0.033276125
0.033910999
0.034745317
0.035760232
0.03694716
0.03828088
0.039740544
0.041228123
0.042752228
0.044270802
0.045695381
0.047024261
0.048072297
0.048776338
0.049253553
0.049574677
0.049758652
0.049817674
0.049820507
0.049770563
0.049653321
0.049401038
0.048971794
0.04825037
0.047064057
0.045238817
0.042505358
0.038208969
0.030493816
0.020908779
0.012006685
0.0049313544
-0.00023463175
-0.003697879
-0.0063489427
-0.0082981446
-0.0098072326
-0.01073581
-0.011198662
-0.011291105
-0.011114718
-0.010963285
-0.010802204
-0.010520562
-0.010196545
-0.0098573253
-0.009517558
-0.0091824753
-0.0088475723
-0.0085123393
-0.0081805453
-0.0078549625
-0.0075374944
-0.007232717
-0.0069472232
-0.0066840205
-0.0064417076
-0.0062204214
-0.0060185316
-0.005839072
-0.0056794088
-0.0055405927
-0.0054234092
-0.0053301771
-0.0052587208
-0.0052051237
-0.0051686936
-0.0051408085
-0.0051324433
-0.0051644057
-0.0052102542
-0.0052863612
-0.0053734753
-0.0054611232
-0.0055538851
-0.0056626253
-0.0057864184
-0.0059236236
-0.0060804171
-0.0062573939
-0.0064531351
-0.006670038
-0.0069103525
-0.0071716819
-0.0074558715
-0.0077692604
-0.0081106691
-0.0084825364
-0.0088925931
-0.0093398635
-0.009828777
-0.01036712
-0.01095377
-0.011596081
-0.012298463
-0.013057732
-0.013885636
-0.014776071
-0.015727984
-0.016744503
-0.017809503
-0.018925488
-0.02006722
-0.021216204
-0.022350268
-0.023414456
-0.024402937
0.027188765
0.02726781
0.027437128
0.027707913
0.028090572
0.028643196
0.029353657
0.030252577
0.031310904
0.032536325
0.03391116
0.035403308
0.036912197
0.038400333
0.039859635
0.041219548
0.042357463
0.043156316
0.04370749
0.044078658
0.044253261
0.04433131
0.044303781
0.044253393
0.044145752
0.043958399
0.043639296
0.04308441
0.042168304
0.040746946
0.03844856
0.035379257
0.02987148
0.021847604
0.013671776
0.0068816376
0.0017308837
-0.001897847
-0.0044561315
-0.0064646357
-0.0079340664
-0.0089020637
-0.0094928094
-0.0095928915
-0.0096855984
-0.0095977371
-0.0094328278
-0.0092633765
-0.0090899613
-0.0089004981
-0.0086908165
-0.0084629896
-0.0081924199
-0.0079128049
-0.0076292695
-0.0073436741
-0.0070643017
-0.006801283
-0.0065583102
-0.006332799
-0.0061243192
-0.0059321357
-0.0057602695
-0.0056062664
-0.0054707981
-0.0053544883
-0.0052603829
-0.0051851353
-0.0051267294
-0.005082964
-0.0050473767
-0.0050307477
-0.0050457997
-0.0050871092
-0.0051583679
-0.0052398892
-0.0053201868
-0.0054035533
-0.0055033946
-0.0056180989
-0.0057467817
-0.0058953814
-0.0060638015
-0.0062502934
-0.006457453
-0.0066875462
-0.0069378365
-0.0072098105
-0.0075095031
-0.0078351405
-0.0081887098
-0.0085775704
-0.0090000148
-0.0094599722
-0.0099647546
-0.0105124
-0.011109722
-0.011760315
-0.01245993
-0.01321977
-0.014032488
-0.01489615
-0.01581321
-0.016766525
-0.017758403
-0.018763091
-0.019762345
-0.020734786
-0.021627069
-0.022435806
0.023531628
0.02354436
0.023589782
0.023682187
0.023837245
0.024101065
0.024475384
0.02500224
0.025694123
0.026563828
0.02761343
0.028842712
0.030191937
0.031618939
0.033062035
0.034498757
0.035848306
0.037046204
0.037983621
0.038606036
0.038990673
0.039204419
0.039269326
0.0392633
0.039203964
0.03911772
0.038977857
0.038740232
0.038321642
0.037615689
0.036473973
0.034631151
0.032129088
0.02822915
0.021961478
0.014738415
0.0083664345
0.0034271859
-0.00025708138
-0.0028418736
-0.0048073573
-0.0062201535
-0.0073134305
-0.0077936754
-0.0082257504
-0.0082046815
-0.0081346446
-0.008082085
-0.0080174406
-0.0079404683
-0.0078498662
-0.0077386228
-0.0076017599
-0.0074380332
-0.0072501883
-0.0070315388
-0.0067990797
-0.0065730277
-0.0063602185
-0.006156943
-0.0059637975
-0.0057839643
-0.0056244587
-0.0054826137
-0.0053574298
-0.0052480722
-0.0051566676
-0.0050819504
-0.0050214673
-0.0049713505
-0.0049312463
-0.0049110594
-0.0049148551
-0.0049519534
-0.0050190311
-0.0050956749
-0.0051674878
-0.0052405914
-0.0053332734
-0.0054393617
-0.0055594241
-0.0056998074
-0.0058596
-0.0060365855
-0.0062335228
-0.0064528278
-0.0066914994
-0.0069507116
-0.0072360986
-0.0075453465
-0.0078799984
-0.0082470362
-0.0086441044
-0.00907468
-0.0095455953
-0.010054154
-0.010606639
-0.011205866
-0.011846679
-0.012539715
-0.013276568
-0.014054564
-0.014875573
-0.01572174
-0.01659526
-0.017470229
-0.018328939
-0.019151065
-0.019885482
-0.020531169
0.020806243
0.020804984
0.020808663
0.020822189
0.020852454
0.020920697
0.021024442
0.021227708
0.021545769
0.022016342
0.022653508
0.023503408
0.024516987
0.025680145
0.026947184
0.028291552
0.02964754
0.030967331
0.032199812
0.033232376
0.033880549
0.034318488
0.034551117
0.034647873
0.034648926
0.034597656
0.034519962
0.034404354
0.034225277
0.03390925
0.033350275
0.032436112
0.030973756
0.028845228
0.025992217
0.021329229
0.015226323
0.0093989511
0.0047181065
0.001189293
-0.0014511235
-0.0033009211
-0.004825855
-0.0056956625
-0.0064565971
-0.0066100705
-0.0066569588
-0.0067219568
-0.006733832
-0.0067617744
-0.0067858386
-0.0067807314
-0.0067532409
-0.0066907014
-0.0065888204
-0.0064608672
-0.0063214467
-0.0061798358
-0.0060354642
-0.0058826389
-0.0057223673
-0.0055669492
-0.0054303747
-0.0053096622
-0.0052002196
-0.0051006943
-0.0050151989
-0.0049433658
-0.0048827708
-0.0048276283
-0.0047875835
-0.0047677826
-0.004767972
-0.004803055
-0.0048666969
-0.0049367209
-0.0049991758
-0.0050640956
-0.0051501349
-0.0052489657
-0.0053606833
-0.005492684
-0.0056437678
-0.0058112384
-0.0059978486
-0.0062060497
-0.0064327041
-0.0066786863
-0.0069492767
-0.0072416028
-0.0075568385
-0.0079015655
-0.0082728869
-0.0086738701
-0.0091108777
-0.009580555
-0.010088676
-0.010637324
-0.011220576
-0.011848525
-0.012511885
-0.013207386
-0.013936419
-0.014680698
-0.015442407
-0.016195823
-0.01692404
-0.017608022
-0.018199377
-0.018699317
0.018447338
0.018454866
0.018476399
0.01850174
0.018530958
0.018557258
0.018573613
0.018615289
0.018684085
0.01881956
0.019080014
0.01951876
0.02012146
0.020917847
0.021855163
0.022931876
0.024105612
0.025346828
0.026605587
0.02781078
0.028841953
0.029602696
0.030061777
0.030338795
0.030453124
0.030462021
0.030406074
0.030330515
0.030241299
0.030103438
0.029851389
0.029398644
0.028651485
0.027506158
0.025677969
0.023385373
0.019977832
0.015118703
0.0099426107
0.0056193164
0.0023052382
-0.00020014204
-0.0021400913
-0.00341148
-0.0043239667
-0.0047210786
-0.004938812
-0.0051912433
-0.0053056071
-0.0054328321
-0.0055180228
-0.0056112585
-0.0057361204
-0.0057789279
-0.0057424396
-0.0056829152
-0.0056267868
-0.0055724391
-0.0055031419
-0.0054117891
-0.0053112967
-0.005213418
-0.005126945
-0.0050465111
-0.0049667355
-0.0048898245
-0.0048208751
-0.0047576466
-0.0046982899
-0.0046458861
-0.0046096583
-0.004592816
-0.004598506
-0.0046387757
-0.0047001133
-0.0047558038
-0.004808333
-0.0048717276
-0.0049535277
-0.0050456306
-0.0051497858
-0.0052733686
-0.0054156026
-0.0055737037
-0.0057501667
-0.0059472451
-0.0061616259
-0.0063940468
-0.0066494294
-0.0069244372
-0.0072198786
-0.0075419951
-0.0078874106
-0.008258849
-0.0086622025
-0.0090935244
-0.0095580953
-0.010057334
-0.010584669
-0.011149713
-0.011742464
-0.012359206
-0.013000969
-0.013649287
-0.014306443
-0.014947196
-0.015555674
-0.016114328
-0.016577914
-0.016949743
0.016260954
0.016282791
0.016329418
0.016377542
0.016430365
0.016481783
0.016529915
0.016572759
0.016602241
0.016623465
0.016656876
0.016777889
0.017003995
0.017396682
0.017948542
0.018683141
0.01954276
0.020533628
0.021626847
0.022773351
0.023887267
0.024915592
0.025714015
0.026206403
0.026510315
0.026651408
0.026664849
0.026602825
0.02653454
0.026464348
0.026348548
0.026141906
0.025773887
0.025163822
0.024221469
0.022707329
0.020781563
0.018290989
0.014529446
0.010108438
0.006176729
0.0031076139
0.00075466877
-0.0010403724
-0.002027229
-0.0025792206
-0.0030311691
-0.0034216254
-0.0037136003
-0.0039310681
-0.0040971124
-0.0042869751
-0.0045336083
-0.0047035117
-0.0047491561
-0.0047496193
-0.0047635124
-0.0048099478
-0.0048137764
-0.0047810856
-0.0047466511
-0.0047208304
-0.0046986155
-0.004668821
-0.0046260478
-0.0045828718
-0.0045434539
-0.0044994237
-0.0044512371
-0.0044080254
-0.0043801012
-0.0043719076
-0.0044004222
-0.0044535688
-0.0045088054
-0.0045428552
-0.0045890608
-0.0046604025
-0.0047415694
-0.0048273636
-0.0049249751
-0.0050408577
-0.0051745414
-0.0053236106
-0.0054902997
-0.0056764368
-0.005878499
-0.0060971481
-0.0063370608
-0.0065944738
-0.0068699243
-0.0071693382
-0.0074889595
-0.0078311791
-0.0082014577
-0.0085952792
-0.0090174709
-0.0094688511
-0.009942329
-0.010447098
-0.010972618
-0.011514868
-0.012074632
-0.012633505
-0.013193959
-0.013731512
-0.01423151
-0.014678045
-0.01502932
-0.015290519
0.014097985
0.01413079
0.014205802
0.014303042
0.014415081
0.014519608
0.014605978
0.014680203
0.014748224
0.014800994
0.014835128
0.014860919
0.014891427
0.014988723
0.015184299
0.015542448
0.016047707
0.016723183
0.017526195
0.018447115
0.019433235
0.020441713
0.021388686
0.022201168
0.022758026
0.023077385
0.023228141
0.023243221
0.02319351
0.023130967
0.023056916
0.022957236
0.022790755
0.022490581
0.021978477
0.021193071
0.01990547
0.018247121
0.016280354
0.013448505
0.0098701393
0.0063738844
0.0035792668
0.0014433759
0.000300207
-0.00030568605
-0.00090653679
-0.001463748
-0.001928855
-0.0022922374
-0.0026110169
-0.0029015282
-0.0031917059
-0.0034312023
-0.003573926
-0.0037113743
-0.0038322831
-0.0039217537
-0.0039534639
-0.0039744023
-0.0040413793
-0.0041382268
-0.0042020837
-0.0041999203
-0.0041791561
-0.0041768505
-0.004180623
-0.0041606565
-0.0041247757
-0.0040931561
-0.0040791782
-0.0041082848
-0.0041676186
-0.0042343242
-0.0042779974
-0.0042932495
-0.004340984
-0.0044255228
-0.0045093622
-0.0045912306
-0.0046834767
-0.0047933926
-0.0049197711
-0.0050605908
-0.0052180368
-0.0053935921
-0.0055835083
-0.0057883995
-0.0060127592
-0.0062525105
-0.0065079856
-0.0067848901
-0.0070791165
-0.0073927703
-0.0077308661
-0.0080883796
-0.0084697123
-0.0088751593
-0.0092972455
-0.0097448025
-0.010206923
-0.010679429
-0.011162949
-0.011639376
-0.01211143
-0.012555638
-0.012958701
-0.013306445
-0.013560723
-0.01372839
0.012072244
0.01210272
0.012173439
0.012277186
0.012412333
0.01257021
0.012733398
0.012877659
0.012996026
0.013087688
0.013162097
0.013221974
0.013263293
0.013286529
0.013307163
0.013390808
0.013564983
0.013896387
0.014378187
0.015014037
0.015746317
0.016566303
0.017431251
0.018302151
0.019094391
0.019672546
0.019992481
0.020147605
0.020184606
0.020148271
0.020079717
0.0200035
0.019918727
0.019780188
0.019524109
0.019096205
0.018439309
0.017358534
0.015959878
0.014292357
0.012180993
0.0093294949
0.0063230806
0.0038088891
0.0025035769
0.0018606398
0.0012117538
0.00057962394
2.6668806e-06
-0.0005106275
-0.00097349323
-0.0013925786
-0.0017572218
-0.002072881
-0.0023278921
-0.0025766143
-0.0027765179
-0.0029054152
-0.0030011944
-0.0031183356
-0.0032890596
-0.0034682915
-0.0035865369
-0.0035960892
-0.0036110747
-0.0036875199
-0.0037236587
-0.0037227183
-0.0037040593
-0.003693466
-0.0037321888
-0.0038079221
-0.0038989708
-0.0039668769
-0.0039998474
-0.0040042042
-0.0040671182
-0.0041611211
-0.0042499031
-0.0043320152
-0.0044223004
-0.0045286784
-0.0046498883
-0.0047838767
-0.0049329183
-0.005098486
-0.0052767012
-0.0054681361
-0.0056771463
-0.0058994444
-0.0061352844
-0.0063901892
-0.0066597583
-0.0069458149
-0.0072529305
-0.0075756406
-0.0079179694
-0.0082797584
-0.0086533064
-0.0090471038
-0.0094500674
-0.0098579768
-0.010271393
-0.010672726
-0.011064976
-0.011425898
-0.011743625
-0.012005763
-0.012177831
-0.012268255
0.010335049
0.010351451
0.010397818
0.010474108
0.010585699
0.010728463
0.010897589
0.01108203
0.011272313
0.01143941
0.011569679
0.011668851
0.011744911
0.011804228
0.011841764
0.011861835
0.011873388
0.011946515
0.012119813
0.012447567
0.012896492
0.013466394
0.014118166
0.014854139
0.015626102
0.016349953
0.016921823
0.017232725
0.0174081
0.017466381
0.017422852
0.01735566
0.017288979
0.017212018
0.017085601
0.016864771
0.016499194
0.015936581
0.0150437
0.013828089
0.01241282
0.01077186
0.0085508102
0.0060370592
0.004513058
0.0037969167
0.0031166678
0.0024460962
0.0018149753
0.0012384184
0.00070928275
0.00022236399
-0.00022611509
-0.00063915237
-0.0010081096
-0.0013337558
-0.0016081104
-0.0018438358
-0.0020698669
-0.0022806754
-0.0024953958
-0.002673607
-0.0028128489
-0.0028860594
-0.0029944274
-0.003114062
-0.0031677469
-0.0031917511
-0.0032079685
-0.0032578939
-0.003347707
-0.0034625682
-0.0035782708
-0.0036406665
-0.0036696962
-0.003683327
-0.0037671922
-0.0038642662
-0.0039575198
-0.0040456859
-0.0041384696
-0.0042444702
-0.0043632309
-0.0044922897
-0.0046341809
-0.0047907059
-0.0049579997
-0.0051366309
-0.0053308653
-0.0055363192
-0.0057532588
-0.0059870508
-0.0062330389
-0.006492772
-0.0067703932
-0.0070600981
-0.0073655768
-0.0076863188
-0.0080145171
-0.0083583586
-0.0087067407
-0.009055513
-0.0094052402
-0.0097390396
-0.010060204
-0.010347889
-0.01059168
-0.01078104
-0.010884971
-0.010913417
0.0089354795
0.0089374971
0.0089523573
0.0089849344
0.0090413335
0.0091308371
0.0092559433
0.009412737
0.0095914311
0.0097827713
0.0099777978
0.010155117
0.010291156
0.010386514
0.010457477
0.010511195
0.010539971
0.010553452
0.010565764
0.010644555
0.010816476
0.011121473
0.011528677
0.012044212
0.012644632
0.013291805
0.013925064
0.014462801
0.014810033
0.01499766
0.015051728
0.015011509
0.014953506
0.014889426
0.014812422
0.014699398
0.014506166
0.014185633
0.013702608
0.012945766
0.011900946
0.010689356
0.0093433207
0.0076231292
0.0062104178
0.005460498
0.0047525611
0.004063675
0.0034047002
0.0027918671
0.0022232677
0.0016938069
0.0011982551
0.00073344131
0.00030741864
-8.033458e-05
-0.00043345929
-0.00075876107
-0.0010593209
-0.0013309715
-0.0015781369
-0.0017927866
-0.0019933311
-0.0021670968
-0.0023171414
-0.0024444677
-0.0025486007
-0.0026274351
-0.0027054884
-0.0028034782
-0.0029286954
-0.0030645266
-0.0031782615
-0.0032401422
-0.0032854254
-0.0033483324
-0.0034411433
-0.0035368062
-0.0036346902
-0.0037317895
-0.0038305504
-0.0039396837
-0.0040585037
-0.0041845579
-0.0043209401
-0.0044698026
-0.0046273431
-0.0047942219
-0.0049747
-0.0051643848
-0.0053635954
-0.0055775408
-0.00580134
-0.0060362944
-0.0062861671
-0.0065449212
-0.0068159823
-0.0070985709
-0.0073848959
-0.0076828599
-0.007981486
-0.0082767853
-0.008569392
-0.0088432809
-0.0091020521
-0.0093263556
-0.0095071839
-0.0096354818
-0.0096839676
-0.0096657135
0.0077977231
0.0077998116
0.007802912
0.0078089188
0.0078220336
0.0078509759
0.0079045421
0.0079926824
0.0081155524
0.0082701439
0.008447758
0.0086416949
0.0088363585
0.0090065953
0.0091352922
0.0092246385
0.0092888379
0.0093349178
0.0093614392
0.0093760814
0.0093870647
0.0094610839
0.0096226578
0.0099042185
0.010293657
0.010761426
0.011282702
0.011822725
0.012322858
0.012675937
0.012850998
0.012911729
0.012894117
0.01283413
0.012767912
0.01269713
0.012594965
0.012419259
0.01213775
0.011716358
0.011074393
0.010171403
0.0091476136
0.0080169415
0.0070964334
0.0065149514
0.0059032473
0.0052860937
0.0046727337
0.0040703932
0.0034893552
0.0029387837
0.0024200706
0.0019297976
0.0014743846
0.0010526103
0.00066184958
0.00029569471
-4.7082569e-05
-0.00036071977
-0.00064742758
-0.00090818423
-0.0011541789
-0.0013768831
-0.0015741978
-0.0017489014
-0.0019091564
-0.0020563896
-0.0021929873
-0.0023262824
-0.0024635009
-0.0025954035
-0.0027049903
-0.0027930672
-0.0028901291
-0.0029886357
-0.003086412
-0.0031851864
-0.0032897029
-0.003395506
-0.003501717
-0.0036154768
-0.0037358216
-0.0038605857
-0.0039932217
-0.0041360182
-0.0042852529
-0.0044417778
-0.0046099228
-0.0047853234
-0.0049683405
-0.0051640044
-0.0053672546
-0.0055791983
-0.0058032886
-0.0060333759
-0.0062726836
-0.0065202433
-0.0067683856
-0.0070247399
-0.0072785825
-0.0075261645
-0.0077682288
-0.0079897463
-0.0081946061
-0.0083651652
-0.0084938879
-0.0085738541
-0.0085742145
-0.0085239511
0.0068088915
0.0068127709
0.0068207416
0.0068303009
0.0068396235
0.0068474377
0.0068576119
0.0068785926
0.0069251206
0.0070026194
0.0071193032
0.0072743364
0.0074487713
0.0076311869
0.0078114811
0.0079694309
0.0080857877
0.008166616
0.0082262912
0.0082701377
0.0082900361
0.0082972715
0.0083068856
0.0083759648
0.0085502513
0.0088206784
0.0091633158
0.0095706728
0.01002593
0.010467727
0.010796651
0.010961129
0.011036959
0.011027785
0.010969801
0.010912374
0.010848353
0.010750856
0.010591322
0.01033922
0.009973675
0.0094164835
0.0086387086
0.0077721153
0.0071362564
0.0067540513
0.0063349073
0.0058820481
0.0053996135
0.0049023524
0.0043989449
0.003896027
0.0033986952
0.0029096583
0.0024437794
0.0020071125
0.0016007746
0.0012172107
0.00085409293
0.00051685391
0.00020352327
-8.6513461e-05
-0.0003634701
-0.00061916083
-0.00085246771
-0.0010659423
-0.0012678895
-0.001456829
-0.0016307135
-0.0017910302
-0.0019445911
-0.0020898542
-0.0022239966
-0.0023479121
-0.0024710146
-0.0025896463
-0.0027025263
-0.0028130712
-0.0029276574
-0.0030421735
-0.0031553939
-0.0032741217
-0.0033970776
-0.0035219874
-0.0036524047
-0.003790681
-0.0039331936
-0.0040810057
-0.0042385105
-0.004401362
-0.0045699272
-0.0047490444
-0.0049335466
-0.0051244169
-0.0053248715
-0.0055287621
-0.0057391595
-0.0059549762
-0.0061687577
-0.006387864
-0.0066019401
-0.0068075327
-0.007005525
-0.0071819378
-0.0073408807
-0.0074660885
-0.0075512732
-0.0075903551
-0.0075657327
-0.0074860177
0.0058845341
0.0058935772
0.0059120862
0.0059353547
0.0059591425
0.0059772144
0.0059922695
0.0060050555
0.006013829
0.0060292236
0.0060651076
0.0061405926
0.0062547402
0.0063988391
0.0065593562
0.0067271535
0.0068914253
0.0070331369
0.0071397335
0.0072153107
0.0072687034
0.0073017668
0.0073133647
0.0073163347
0.0073378649
0.0074189036
0.0075776478
0.0078168602
0.0081266476
0.0084912386
0.0088559734
0.0091514949
0.0093234496
0.0094006116
0.0093928319
0.0093470498
0.0092967226
0.009234019
0.0091427824
0.0089953426
0.0087706625
0.0084485249
0.0079593763
0.0072884222
0.0067917419
0.0064996043
0.0061941996
0.0058751684
0.005543558
0.0051914913
0.0048166411
0.0044201478
0.0040102333
0.003590445
0.0031710888
0.0027571566
0.0023548617
0.0019665769
0.0015953349
0.0012494571
0.00092640081
0.00062483719
0.00033425053
6.181888e-05
-0.0001916744
-0.00042774294
-0.00065329517
-0.00086606127
-0.0010634896
-0.0012465689
-0.001422275
-0.0015896128
-0.0017461334
-0.001891972
-0.0020349578
-0.0021717307
-0.0023010655
-0.002425706
-0.0025518769
-0.0026756423
-0.0027960822
-0.0029201042
-0.0030462757
-0.0031722248
-0.0033015557
-0.0034366509
-0.0035739747
-0.0037147324
-0.0038633052
-0.0040153426
-0.0041711977
-0.0043355294
-0.0045031541
-0.0046749941
-0.0048540854
-0.0050343745
-0.0052188124
-0.0054062523
-0.0055895344
-0.0057757513
-0.0059550159
-0.0061242158
-0.0062844033
-0.006422733
-0.0065436515
-0.0066324186
-0.0066846865
-0.0066875198
-0.0066454528
-0.0065486896
0.0050543543
0.0050623046
0.0050803846
0.0051066252
0.0051403117
0.0051769993
0.0052111673
0.005235157
0.0052525179
0.0052663501
0.0052755919
0.0052887566
0.0053207773
0.0053879021
0.0054908086
0.005621007
0.0057658404
0.0059177838
0.0060705462
0.0062023301
0.0062931704
0.0063586207
0.0064020023
0.0064257837
0.0064379226
0.0064424945
0.0064621062
0.0065392675
0.0066905027
0.0069120523
0.0071805254
0.0074689756
0.0077360028
0.0079073697
0.0079783691
0.0079761741
0.0079385496
0.0078892484
0.0078318203
0.0077456068
0.0076095179
0.0074058127
0.007120934
0.0066901554
0.0062955741
0.0060624518
0.0058278754
0.0055837249
0.0053271169
0.005060125
0.0047839745
0.0045004767
0.0042055018
0.0038907925
0.003559005
0.0032146867
0.0028675709
0.0025189499
0.0021711499
0.0018320558
0.0015065975
0.0012010126
0.00090730725
0.00063134517
0.00037278033
0.00012987071
-0.00010425075
-0.00032773582
-0.00053807899
-0.00073561654
-0.00092652279
-0.0011094172
-0.0012816611
-0.0014431051
-0.0016013044
-0.0017527733
-0.0018959755
-0.0020330998
-0.0021700293
-0.0023027167
-0.0024302384
-0.0025594908
-0.0026890251
-0.0028164724
-0.002945464
-0.0030783862
-0.0032117642
-0.0033468447
-0.0034879182
-0.0036306446
-0.0037753717
-0.0039265984
-0.004079206
-0.0042340915
-0.0043941412
-0.0045534666
-0.004714917
-0.004877337
-0.0050339277
-0.0051915138
-0.005340752
-0.0054788926
-0.0056071167
-0.0057137138
-0.0058030271
-0.0058619038
-0.0058857667
-0.0058738963
-0.0058131449
-0.0057059628
0.0043300431
0.0043343952
0.0043460128
0.0043655154
0.0043935961
0.0044292749
0.0044706978
0.0045144444
0.0045527544
0.0045793776
0.0045974212
0.0046117633
0.0046211966
0.0046297461
0.0046557604
0.0047157073
0.0048072458
0.0049233614
0.0050577302
0.0051995011
0.0053353237
0.0054488933
0.0055233105
0.005579825
0.0056213002
0.0056418324
0.0056435779
0.00564407
0.0056705233
0.0057535033
0.0058889758
0.0060758782
0.0063064542
0.0065310366
0.0066766737
0.0067415711
0.0067490446
0.0067120427
0.006670374
0.0066177579
0.0065362534
0.0064088615
0.0062232665
0.0059712771
0.0057068224
0.0055318211
0.0053492399
0.0051598314
0.004961082
0.0047536496
0.0045379523
0.0043147309
0.0040858235
0.0038483378
0.0036048934
0.003352341
0.0030880891
0.0028099827
0.0025194602
0.0022261087
0.001933309
0.001646708
0.0013611669
0.0010860605
0.00082612813
0.00058322283
0.0003497602
0.00012608388
-8.6159894e-05
-0.00028733852
-0.0004831671
-0.00067230841
-0.0008521492
-0.0010220964
-0.0011891751
-0.0013498604
-0.0015023656
-0.0016483676
-0.0017933364
-0.001933083
-0.0020664627
-0.002200117
-0.0023325745
-0.0024614754
-0.0025903814
-0.0027216197
-0.0028517599
-0.0029820241
-0.0031165774
-0.0032511438
-0.0033860773
-0.0035257181
-0.0036650699
-0.0038050115
-0.003948288
-0.0040892283
-0.0042305869
-0.0043712415
-0.0045048061
-0.0046378344
-0.0047615904
-0.0048737113
-0.0049755185
-0.0050565652
-0.0051210448
-0.0051581194
-0.0051557197
-0.0051365692
-0.0050649268
-0.0049533422
0.0037345537
0.0037354651
0.0037388128
0.0037466183
0.0037604794
0.0037823703
0.0038135005
0.0038519691
0.003895114
0.003938931
0.0039762883
0.0040033692
0.0040214385
0.0040345074
0.0040415556
0.0040474086
0.0040685469
0.0041201496
0.0042039136
0.004311529
0.004430638
0.0045541789
0.0046710133
0.0047687266
0.0048361541
0.0048861278
0.0049161882
0.0049281436
0.0049298421
0.0049349823
0.0049613509
0.0050328598
0.005160754
0.0053295125
0.0054949498
0.0056250739
0.005680212
0.0056828034
0.0056549387
0.0056199522
0.0055708326
0.005492319
0.0053726736
0.0052050934
0.0050512689
0.0049343017
0.0048026086
0.0046638743
0.0045157174
0.0043560302
0.0041865367
0.0040106092
0.0038308613
0.0036441342
0.0034507362
0.0032504944
0.0030458111
0.0028367456
0.0026203711
0.0023940936
0.0021566559
0.0019141218
0.0016656922
0.0014181353
0.0011746084
0.00093826858
0.00070782174
0.00048684417
0.00027856249
8.1567175e-05
-0.00011051957
-0.00029718935
-0.00047639345
-0.00064724521
-0.00081609361
-0.00097954526
-0.0011357
-0.0012857384
-0.0014346623
-0.0015782613
-0.0017150987
-0.0018513439
-0.0019854503
-0.0021150096
-0.0022433638
-0.0023727085
-0.0024996759
-0.0026254276
-0.0027539772
-0.0028811682
-0.0030073533
-0.0031366916
-0.0032643513
-0.0033911834
-0.0035197895
-0.0036447578
-0.0037687455
-0.0038906925
-0.0040046608
-0.0041169136
-0.0042193642
-0.0043099808
-0.0043902654
-0.0044505747
-0.0044955622
-0.0045117169
-0.0045032248
-0.004472063
-0.0043947705
-0.0042848355
0.0032362616
0.0032369953
0.0032382851
0.0032397346
0.0032425258
0.0032482336
0.0032607961
0.0032820792
0.003312906
0.0033502258
0.003392091
0.0034360424
0.0034727438
0.0034960287
0.0035116575
0.0035227771
0.0035281598
0.0035315886
0.0035514718
0.0036009141
0.0036749834
0.0037668355
0.0038686598
0.0039767189
0.0040831147
0.0041683715
0.0042202854
0.0042582772
0.0042816894
0.0042919323
0.0042889343
0.0042886881
0.0043207313
0.0043947049
0.0044999553
0.0046238612
0.0047314571
0.0047666737
0.0047699777
0.0047473773
0.0047172282
0.0046691687
0.0045921675
0.0044796207
0.0043789619
0.0043104741
0.0042237992
0.0041252831
0.0040190439
0.0039037218
0.0037783782
0.0036442569
0.0035038595
0.0033560846
0.0032027631
0.0030439569
0.0028810469
0.0027134789
0.0025400622
0.0023621626
0.002179935
0.00199526
0.0018002108
0.0015961572
0.0013873114
0.0011792091
0.00097057415
0.00076383885
0.00056238193
0.00037030239
0.00018469252
5.6352868e-06
-0.00016651165
-0.00033155875
-0.00049557414
-0.00065553354
-0.00080951971
-0.00095827396
-0.0011063517
-0.0012497253
-0.0013866922
-0.0015227933
-0.0016563825
-0.001784969
-0.0019115497
-0.0020381297
-0.0021614248
-0.002282491
-0.002405141
-0.0025253776
-0.00264353
-0.0027635425
-0.0028807866
-0.0029960729
-0.0031118523
-0.0032230076
-0.0033320858
-0.0034381081
-0.0035356015
-0.0036305195
-0.0037154535
-0.0037886978
-0.0038519649
-0.0038964216
-0.0039273246
-0.0039260659
-0.0039154976
-0.0038766551
-0.003798288
-0.0036938507
0.0027894188
0.0027913093
0.0027947985
0.0027986539
0.0028024083
0.0028059252
0.0028085963
0.0028132062
0.002824083
0.002843375
0.0028733862
0.0029119096
0.0029537737
0.0029939843
0.0030261768
0.0030456219
0.0030593064
0.0030684869
0.0030739789
0.0030797166
0.003096957
0.0031387443
0.0032000469
0.0032796988
0.003371883
0.0034676321
0.003554946
0.0036217254
0.0036668217
0.0036979657
0.0037111929
0.0037110383
0.003708547
0.0037139745
0.0037416063
0.0038048476
0.003895084
0.0039654188
0.0039943606
0.0039920829
0.0039738239
0.0039449278
0.0038958008
0.0038198143
0.0037525934
0.0037065221
0.0036503327
0.0035861228
0.0035120853
0.0034294282
0.0033386903
0.0032405926
0.0031369142
0.0030257269
0.0029072688
0.002781363
0.0026507293
0.0025167192
0.002378479
0.0022358014
0.0020879145
0.0019382382
0.0017835334
0.0016258372
0.0014632423
0.0012950105
0.0011191339
0.00094000567
0.00076135627
0.00058574319
0.00041114485
0.00023988056
7.5737986e-05
-8.0075929e-05
-0.00023449766
-0.00038584763
-0.00053268
-0.00067539903
-0.00081804704
-0.00095694236
-0.0010902624
-0.0012229052
-0.0013531859
-0.0014785623
-0.0016016013
-0.001724064
-0.0018427623
-0.0019585864
-0.0020750811
-0.0021884375
-0.0022989335
-0.0024102649
-0.002518045
-0.0026230316
-0.0027275163
-0.002826703
-0.0029230091
-0.0030155418
-0.0030992892
-0.0031798636
-0.0032504947
-0.0033097913
-0.003359361
-0.003391544
-0.003410376
-0.0034050187
-0.0033887874
-0.0033454607
-0.0032700488
-0.0031734931
0.0023870604
0.0023900262
0.0023957183
0.0024036006
0.0024123167
0.002419992
0.0024253862
0.002429768
0.0024329646
0.0024365178
0.0024458414
0.0024661615
0.0024962483
0.0025316404
0.0025689198
0.0026049683
0.0026334407
0.0026504279
0.0026627884
0.0026717102
0.0026757268
0.0026784837
0.0026914432
0.002726117
0.0027826016
0.0028525872
0.0029283753
0.0030074347
0.0030801632
0.0031340433
0.0031688824
0.003188126
0.0031944385
0.0031902554
0.0031822384
0.0031898285
0.0032259069
0.0032769283
0.0033226105
0.0033404218
0.0033326189
0.0033164489
0.0032851322
0.0032334431
0.0031882302
0.0031568908
0.0031172139
0.0030722836
0.0030233838
0.0029668241
0.002901411
0.0028297588
0.0027540569
0.0026722412
0.0025838504
0.0024885686
0.002388122
0.0022830347
0.0021722562
0.0020571507
0.0019378486
0.0018172993
0.0016922115
0.0015633468
0.0014309444
0.0012968627
0.0011595305
0.0010162467
0.00086670121
0.00071531375
0.00056244734
0.00040942755
0.00025818499
0.0001118647
-3.2430853e-05
-0.00017251691
-0.00030854272
-0.00044148798
-0.00057501963
-0.00070581581
-0.00083201159
-0.00095793369
-0.0010820056
-0.0012017269
-0.0013192054
-0.0014359269
-0.0015488159
-0.00165855
-0.0017683441
-0.0018746006
-0.0019775204
-0.0020805171
-0.0021794799
-0.0022751014
-0.0023695036
-0.0024582333
-0.0025435574
-0.002624674
-0.0026970255
-0.0027658723
-0.0028250737
-0.0028736105
-0.002912845
-0.0029366332
-0.0029437414
-0.0029385385
-0.0029189832
-0.0028750234
-0.002804766
-0.0027172913
0.0020369574
0.0020390721
0.0020435893
0.0020505207
0.0020596688
0.0020704051
0.0020816882
0.0020911961
0.0020974858
0.0021019117
0.0021050276
0.0021088083
0.0021183753
0.0021369326
0.0021635127
0.0021947222
0.0022271658
0.0022587519
0.002284671
0.0023005497
0.0023115652
0.0023178579
0.002320287
0.0023218224
0.0023347608
0.0023666761
0.0024123586
0.002469387
0.0025348737
0.0026039391
0.0026603517
0.0026934845
0.0027189535
0.0027309023
0.0027259914
0.0027178831
0.0027156799
0.0027282805
0.0027560612
0.0027839497
0.0027861339
0.0027775323
0.0027572429
0.0027214951
0.0026906567
0.0026691157
0.0026407937
0.0026084519
0.0025732528
0.0025344656
0.0024889622
0.0024366691
0.0023812043
0.0023213414
0.0022559592
0.002184497
0.0021084952
0.0020285539
0.0019435643
0.0018535305
0.0017581011
0.0016602209
0.0015589079
0.0014548223
0.0013472297
0.0012374158
0.0011244559
0.0010083614
0.00089002308
0.00076877305
0.00064158808
0.0005106577
0.00037920394
0.00024961299
0.00011882975
-1.0468134e-05
-0.00013516795
-0.00025624198
-0.00037805407
-0.00049817582
-0.00061472238
-0.00073137624
-0.00084676554
-0.00095858068
-0.0010685274
-0.0011778345
-0.0012835796
-0.0013862142
-0.0014885839
-0.0015873242
-0.0016825368
-0.0017773213
-0.0018678663
-0.0019547859
-0.002040021
-0.0021194753
-0.0021952451
-0.0022666153
-0.0023294667
-0.0023886761
-0.0024387145
-0.0024788541
-0.0025102814
-0.0025280685
-0.0025279762
-0.0025231663
-0.0025025462
-0.0024602867
-0.0023963479
-0.0023183835
0.001742907
0.0017435662
0.0017454098
0.0017490462
0.0017549198
0.0017633351
0.0017737586
0.0017853869
0.0017974735
0.0018073284
0.001813211
0.0018176765
0.0018207789
0.001823462
0.0018311135
0.0018470963
0.0018697313
0.0018967352
0.0019266999
0.0019563203
0.0019783466
0.0019918185
0.0020004808
0.002005131
0.0020082137
0.0020100315
0.0020189869
0.002043587
0.0020826161
0.0021326418
0.0021862384
0.0022382353
0.0022792512
0.0023051555
0.0023165772
0.0023151101
0.0023075505
0.0023009521
0.0023044161
0.0023178645
0.0023246992
0.0023200694
0.0023064371
0.00228096
0.0022593424
0.0022441788
0.0022235997
0.0021999455
0.0021742377
0.0021458309
0.0021138455
0.0020759952
0.0020350356
0.0019909607
0.0019426305
0.001889211
0.0018318955
0.0017713518
0.0017066087
0.0016374263
0.0015633674
0.0014867567
0.0014061035
0.0013215828
0.001233784
0.001144461
0.0010526742
0.00095776994
0.00086000935
0.00076075057
0.0006591861
0.00055368373
0.00044342492
0.00033234779
0.00021938544
0.00010614617
-6.160476e-06
-0.00011567702
-0.00022492545
-0.00033274155
-0.00043796997
-0.00054372659
-0.00064873356
-0.00075091732
-0.0008516985
-0.00095212712
-0.001049496
-0.0011440486
-0.0012382505
-0.0013289919
-0.0014162649
-0.0015028307
-0.0015851912
-0.0016638702
-0.0017406178
-0.001811702
-0.0018790328
-0.0019419752
-0.0019968294
-0.0020480546
-0.0020907162
-0.0021242403
-0.0021497976
-0.0021631083
-0.0021616387
-0.0021558501
-0.0021346529
-0.0020959674
-0.0020394165
-0.001971241
0.0014966961
0.0014969741
0.0014973182
0.0014980148
0.0014995332
0.0015029992
0.0015088469
0.001517182
0.0015273649
0.0015384392
0.0015498262
0.0015598866
0.0015658177
0.0015697443
0.0015721955
0.0015737126
0.0015789579
0.0015918314
0.0016123178
0.0016377401
0.0016638589
0.0016889313
0.0017074536
0.0017190391
0.0017275924
0.0017321365
0.0017325899
0.0017321132
0.0017394722
0.0017617131
0.0017936504
0.0018336297
0.0018795212
0.0019193237
0.0019410356
0.0019519746
0.0019533713
0.0019455795
0.0019392896
0.0019386362
0.0019392491
0.001935681
0.0019257251
0.001906792
0.0018910609
0.0018800167
0.0018646719
0.0018469962
0.0018278198
0.0018066427
0.0017826698
0.0017553099
0.0017247617
0.0016916972
0.0016555255
0.0016153815
0.0015720555
0.001526164
0.0014768498
0.0014237501
0.0013664221
0.0013068563
0.0012439331
0.0011774619
0.0011072426
0.0010345814
0.00095953475
0.00088229769
0.00080252654
0.00072103322
0.00063710915
0.00055069256
0.00046227766
0.00037154243
0.0002763667
0.00017972415
8.3127876e-05
-1.2949183e-05
-0.00011023312
-0.00020567391
-0.00029875756
-0.00039269812
-0.00048643697
-0.00057803754
-0.00066864203
-0.00075919636
-0.00084728728
-0.0009329982
-0.0010184319
-0.0011007581
-0.001179867
-0.0012581742
-0.0013325029
-0.0014032792
-0.0014720567
-0.0015354691
-0.0015952297
-0.0016507792
-0.0016988185
-0.0017433805
-0.0017801013
-0.0018085307
-0.0018298435
-0.0018400318
-0.001838217
-0.0018322216
-0.0018119288
-0.00177764
-0.0017284842
-0.0016695534
0.0012801349
0.0012809495
0.0012820536
0.0012831443
0.0012841118
0.00128488
0.0012860254
0.0012889445
0.0012941536
0.0013016331
0.0013113826
0.0013229498
0.0013345778
0.0013432627
0.0013480941
0.0013516003
0.0013532822
0.0013541956
0.0013584655
0.001370518
0.0013878946
0.0014085467
0.0014301338
0.0014517131
0.0014693098
0.0014797557
0.0014859563
0.0014881327
0.0014880026
0.0014881415
0.0014940361
0.0015113393
0.0015402008
0.0015757839
0.0016077921
0.0016262984
0.0016366905
0.0016356138
0.0016294094
0.0016240914
0.0016200791
0.0016156654
0.0016071712
0.0015921372
0.00158003
0.0015715728
0.0015597423
0.0015461646
0.0015314972
0.0015153391
0.001496985
0.0014763156
0.0014531543
0.0014279458
0.001400384
0.0013697883
0.0013367237
0.0013017087
0.0012639772
0.0012231102
0.0011786762
0.0011323542
0.0010833229
0.0010312393
0.00097582409
0.00091816228
0.00085798506
0.00079498815
0.00072959566
0.00066306244
0.00059454106
0.00052362906
0.00045055356
0.00037667687
0.00030002639
0.00021963179
0.00013770194
5.5812726e-05
-2.7711084e-05
-0.00011132254
-0.00019260516
-0.00027454643
-0.00035671492
-0.00043743648
-0.00051751845
-0.00059777494
-0.0006761295
-0.00075257561
-0.00082889464
-0.00090255854
-0.0009733786
-0.0010434369
-0.0011098819
-0.0011730423
-0.0012342747
-0.0012905716
-0.0013434459
-0.0013924076
-0.0014345344
-0.0014734312
-0.001505264
-0.0015296784
-0.0015477892
-0.0015562425
-0.0015545495
-0.0015488613
-0.0015307439
-0.0015011388
-0.001459181
-0.0014092176
0.0010896892
0.0010907004
0.0010925521
0.0010950696
0.001097698
0.0010998637
0.0011012336
0.0011022306
0.0011030407
0.001104844
0.0011092511
0.0011170759
0.0011268982
0.0011373609
0.0011474576
0.0011550944
0.0011593798
0.0011623579
0.0011641693
0.0011651075
0.0011682726
0.0011769726
0.0011902191
0.0012075257
0.0012275724
0.0012464721
0.0012591589
0.0012672437
0.0012720841
0.0012738091
0.0012716618
0.0012701864
0.001276793
0.0012945248
0.0013184744
0.0013433231
0.001359509
0.001364506
0.0013625807
0.0013575398
0.0013528615
0.0013481083
0.0013405912
0.0013282439
0.0013185381
0.0013117966
0.0013024188
0.0012917277
0.0012802491
0.0012676447
0.0012533303
0.0012372135
0.0012193607
0.0011998337
0.0011784139
0.0011546524
0.0011290171
0.0011019557
0.0010727952
0.0010411025
0.0010064741
0.00097030973
0.00093200644
0.00089114649
0.0008474202
0.00080174614
0.00075396818
0.00070371515
0.00065089128
0.00059635778
0.00054028315
0.00048243105
0.00042249621
0.00036154007
0.00029840872
0.00023357327
0.00016615306
9.7468281e-05
2.7019358e-05
-4.4024663e-05
-0.00011423885
-0.00018482407
-0.00025565085
-0.00032560511
-0.00039528691
-0.00046531791
-0.00053392001
-0.00060104757
-0.00066821425
-0.00073320651
-0.00079578463
-0.00085772222
-0.00091649279
-0.00097233597
-0.0010264181
-0.001076078
-0.0011226311
-0.0011656496
-0.0012025646
-0.0012365616
-0.0012642972
-0.0012854901
-0.001301173
-0.0013085327
-0.0013072492
-0.0013022923
-0.0012868112
-0.0012617017
-0.0012262143
-0.0011841033
0.00092694524
0.00092763005
0.0009289804
0.00093108607
0.00093385431
0.00093705634
0.00094026867
0.00094269822
0.00094416782
0.00094523702
0.0009458229
0.00094769358
0.00095198132
0.00095866029
0.00096694247
0.00097585904
0.00098453626
0.00099145955
0.00099559989
0.00099865852
0.0010000615
0.0010004324
0.0010015315
0.0010079499
0.0010201944
0.0010353963
0.0010514182
0.0010658368
0.001075395
0.0010820716
0.0010839108
0.0010816269
0.0010792299
0.0010806892
0.0010888321
0.0011043701
0.0011231562
0.0011311803
0.0011333869
0.0011310777
0.0011271155
0.0011229012
0.0011164319
0.0011062126
0.0010982719
0.0010928006
0.0010852806
0.0010767719
0.0010676878
0.0010577414
0.0010464502
0.0010337376
0.0010196819
0.0010043596
0.00098752395
0.00096881816
0.00094866138
0.00092747434
0.00090468879
0.00087989052
0.00085271138
0.00082431261
0.00079425367
0.00076209369
0.00072751978
0.00069130338
0.0006533659
0.00061333693
0.0005710367
0.00052717127
0.00048153347
0.00043414462
0.0003852108
0.0003353969
0.0002836748
0.00023031402
0.00017574066
0.00011951983
6.0897755e-05
1.3449226e-06
-5.796353e-05
-0.00011826376
-0.00017863344
-0.00023837573
-0.00029812993
-0.00035839402
-0.00041762691
-0.00047574824
-0.00053404527
-0.00059062002
-0.00064520937
-0.00069931142
-0.00075071917
-0.0007995983
-0.00084693918
-0.0008904107
-0.00093113997
-0.00096875575
-0.0010010157
-0.001030705
-0.0010549303
-0.0010734679
-0.0010872543
-0.0010938778
-0.0010931542
-0.0010893236
-0.0010765664
-0.0010557611
-0.0010263609
-0.00099162999
0.00078886365
0.00078915343
0.00078965053
0.00079068863
0.00079236351
0.0007947874
0.00079781928
0.00080117871
0.00080454384
0.00080702286
0.00080845702
0.00080958371
0.00081028954
0.00081156358
0.00081484879
0.00082034807
0.00082697608
0.00083441827
0.00084247306
0.00084918773
0.00085287431
0.00085524914
0.00085580853
0.00085552983
0.00085706188
0.00086307308
0.00087238822
0.00088425557
0.00089787415
0.00090945588
0.00091584404
0.00091836574
0.00091700918
0.00091453782
0.00091246219
0.00091577886
0.00092645853
0.00093611104
0.00093969357
0.00093986238
0.00093715378
0.00093358609
0.00092797027
0.00091942896
0.00091284015
0.00090834033
0.00090226585
0.00089544794
0.00088820705
0.00088029688
0.00087132235
0.00086118705
0.00084998604
0.00083788315
0.00082456331
0.0008097147
0.00079372076
0.00077697658
0.00075900951
0.00073944314
0.00071796133
0.00069552886
0.00067182284
0.00064641481
0.00061900644
0.0005902448
0.00056010246
0.00052823305
0.00049442551
0.00045926164
0.00042260127
0.00038424187
0.00034414752
0.00030343196
0.00026127878
0.00021763553
0.00017274716
0.0001271544
7.9170796e-05
2.9786859e-05
-1.9626657e-05
-7.0132865e-05
-0.00012106654
-0.00017153045
-0.00022211632
-0.00027331997
-0.00032383294
-0.00037353125
-0.00042349717
-0.00047213294
-0.00051917627
-0.00056588451
-0.00061035656
-0.00065270093
-0.000693751
-0.00073148592
-0.00076685912
-0.00079955033
-0.00082761777
-0.00085347096
-0.00087462539
-0.00089090059
-0.00090313239
-0.00090925515
-0.00090908183
-0.00090632621
-0.00089605539
-0.0008790763
-0.00085489561
-0.00082630639
0.00067320768
0.0006734104
0.0006735538
0.00067373785
0.00067409626
0.00067500177
0.00067659658
0.0006789074
0.00068176886
0.00068480964
0.00068788392
0.00069061182
0.00069211555
0.00069313298
0.00069367463
0.00069437382
0.00069664763
0.00070069801
0.00070659968
0.00071360928
0.00072044898
0.0007255558
0.00072840816
0.00073001974
0.00073081944
0.00073050498
0.00073132103
0.00073579895
0.0007444366
0.00075572725
0.00076585992
0.00077113261
0.00077390169
0.00077313662
0.00077007832
0.00076826509
0.00077078929
0.00077580937
0.00077946183
0.00077984795
0.00077815505
0.00077509539
0.00077017135
0.00076293455
0.00075736183
0.00075359864
0.00074863702
0.00074311864
0.00073728422
0.00073092659
0.00072371953
0.00071550841
0.00070651225
0.00069690829
0.00068631882
0.0006744771
0.00066172347
0.00064841074
0.00063414625
0.00061860361
0.00060151996
0.0005836966
0.00056490198
0.00054473798
0.00052293425
0.00050002827
0.00047602612
0.0004506143
0.0004235759
0.00039539052
0.00036597537
0.00033512043
0.00030272302
0.00026947336
0.00023512976
0.00019958419
0.00016290885
0.00012553036
8.6767327e-05
4.6352941e-05
5.5520397e-06
-3.6228316e-05
-7.8762584e-05
-0.00012098392
-0.00016339381
-0.00020644813
-0.00024906147
-0.00029109226
-0.00033344301
-0.00037478587
-0.00041487467
-0.00045475998
-0.00049282551
-0.0005291385
-0.00056439581
-0.00059686402
-0.00062734102
-0.00065555247
-0.00067982933
-0.00070223294
-0.00072064968
-0.00073491536
-0.00074581388
-0.00075149972
-0.00075258295
-0.00075020411
-0.00074206987
-0.00072868735
-0.00070926468
-0.00068622588
0.00057276273
0.00057310051
0.00057353422
0.00057401121
0.00057436959
0.00057466368
0.00057491084
0.00057550256
0.00057678061
0.00057869763
0.00058129987
0.00058456878
0.00058784118
0.00059011704
0.00059142409
0.0005922769
0.00059259648
0.00059273319
0.00059451153
0.00059842132
0.00060342551
0.00060899108
0.0006142655
0.00061778936
0.00062031406
0.0006212457
0.00062064466
0.00061983263
0.00062149188
0.00062750986
0.00063548956
0.00064315923
0.00064754279
0.00064988443
0.00064805508
0.00064635085
0.00064571701
0.00064662926
0.00064774647
0.00064750836
0.0006460332
0.0006432177
0.00063883938
0.00063261246
0.00062779536
0.00062457898
0.00062045864
0.00061592274
0.00061115292
0.00060596394
0.0006001021
0.00059329632
0.00058606494
0.00057841017
0.00056992611
0.00056042416
0.00055020168
0.00053955786
0.00052816609
0.0005157501
0.0005020931
0.00048786142
0.00047288855
0.0004568198
0.0004394154
0.00042112308
0.0004019659
0.0003816692
0.00036002401
0.00033742692
0.0003138306
0.00028904353
0.00026293437
0.00023608411
0.00020806832
0.00017914898
0.00014931197
0.00011884921
8.7176846e-05
5.4510376e-05
2.1105073e-05
-1.3318513e-05
-4.8419815e-05
-8.3423937e-05
-0.00011863516
-0.00015446174
-0.00019004571
-0.00022524059
-0.00026078269
-0.00029557531
-0.00032939551
-0.00036311673
-0.00039538027
-0.00042622489
-0.00045623082
-0.00048392622
-0.0005099731
-0.00053413857
-0.00055499908
-0.00057430065
-0.00059025697
-0.00060271285
-0.00061238894
-0.00061761765
-0.00061987867
-0.00061776624
-0.00061140741
-0.00060101169
-0.00058547656
-0.00056688068
0.00048615754
0.00048649101
0.00048704324
0.00048779964
0.00048860804
0.00048931185
0.00048974836
0.00049007618
0.00049029268
0.00049058843
0.00049154906
0.00049358095
0.00049624921
0.00049906224
0.00050177158
0.0005036883
0.00050477186
0.00050536409
0.00050568529
0.00050597068
0.00050727374
0.0005101499
0.00051395471
0.00051847292
0.00052289701
0.00052527414
0.00052634911
0.00052539162
0.00052450249
0.00052508256
0.00052842655
0.0005336622
0.00053940709
0.00054252074
0.00054288451
0.00054165015
0.00054090803
0.00054033617
0.00053983063
0.00053892244
0.00053708809
0.00053425746
0.00053021586
0.00052471996
0.00052044722
0.00051762642
0.00051413158
0.00051033558
0.00050636643
0.00050206456
0.00049719671
0.000491509
0.00048562741
0.00047944672
0.00047258637
0.00046491128
0.00045666639
0.00044810239
0.00043894806
0.00042897255
0.00041799693
0.00040657476
0.0003945861
0.00038172222
0.00036777652
0.00035312032
0.00033778669
0.00032153822
0.0003041844
0.0002860519
0.00026711802
0.00024721189
0.00022620152
0.00020455992
0.00018196025
0.00015841212
0.00013416853
0.00010944514
8.3703975e-05
5.716888e-05
3.0072207e-05
1.9827456e-06
-2.6770706e-05
-5.56607e-05
-8.4701253e-05
-0.00011429436
-0.00014378171
-0.0001730172
-0.00020259829
-0.0002316282
-0.00025991136
-0.00028817152
-0.00031527801
-0.00034125109
-0.00036657275
-0.00039000527
-0.00041209482
-0.00043264708
-0.00045045672
-0.00046699339
-0.00048075631
-0.00049161323
-0.00050018471
-0.00050505664
-0.00050752859
-0.00050629093
-0.00050160187
-0.00049364566
-0.00048145214
-0.00046680127
0.00041250901
0.00041274192
0.00041310097
0.00041367989
0.00041443547
0.00041533098
0.00041625822
0.00041697496
0.00041742097
0.00041774476
0.00041795791
0.00041832849
0.00041934126
0.00042101944
0.00042311503
0.00042542119
0.00042758109
0.00042895039
0.00042995179
0.00043054172
0.00043055209
0.00043051531
0.0004315593
0.00043412559
0.00043803115
0.0004419348
0.00044380728
0.00044464559
0.00044404285
0.00044336067
0.00044325947
0.00044473128
0.0004482782
0.00045179777
0.00045284026
0.00045246896
0.00045203981
0.00045135532
0.00045044226
0.00044911956
0.00044708428
0.0004442985
0.00044056121
0.00043567725
0.00043186
0.00042936238
0.00042636528
0.00042315074
0.00041980207
0.00041619981
0.00041198145
0.0004072702
0.00040245024
0.00039738004
0.00039176689
0.00038551068
0.00037880444
0.00037185663
0.00036444537
0.00035637856
0.00034750848
0.00033829298
0.00032864431
0.0003182987
0.00030707993
0.00029529614
0.00028298279
0.00026993935
0.00025599566
0.00024142149
0.00022620815
0.00021020803
0.00019329467
0.00017585864
0.00015764195
0.00013862873
0.00011889342
9.8820014e-05
7.7936213e-05
5.6338918e-05
3.4452814e-05
1.1644278e-05
-1.179202e-05
-3.5396292e-05
-5.919516e-05
-8.3493193e-05
-0.00010775738
-0.00013186443
-0.00015630469
-0.00018034643
-0.00020381943
-0.0002273215
-0.00024991938
-0.00027162154
-0.00029282759
-0.00031250523
-0.00033110307
-0.00034846103
-0.00036356575
-0.00037764575
-0.00038944729
-0.00039885687
-0.00040640217
-0.00041088721
-0.00041342921
-0.00041282407
-0.00040951001
-0.00040344883
-0.00039384526
-0.00038223403
0.00035106533
0.00035119445
0.00035128637
0.00035151801
0.00035188673
0.00035246946
0.00035323257
0.00035409493
0.00035497949
0.00035566302
0.00035609324
0.00035646653
0.00035673128
0.00035687697
0.00035751869
0.00035877558
0.00036039089
0.00036225729
0.00036416594
0.00036526546
0.00036586743
0.0003657165
0.00036537758
0.00036558242
0.00036751304
0.00037041773
0.00037315294
0.0003745473
0.00037520485
0.00037484943
0.00037415738
0.00037391022
0.00037504721
0.0003772639
0.00037784664
0.00037775222
0.00037747717
0.00037688515
0.00037587135
0.00037443979
0.00037242971
0.00036981464
0.00036642359
0.00036211098
0.00035871457
0.00035650557
0.00035393306
0.00035120354
0.00034837487
0.00034525502
0.0003416558
0.00033773687
0.00033374219
0.00032954718
0.00032492022
0.00031978216
0.00031428733
0.00030861153
0.00030257247
0.00029601183
0.00028880698
0.00028133597
0.00027353259
0.00026517498
0.00025611446
0.000246606
0.00023668482
0.00022618313
0.00021495351
0.00020321759
0.00019097544
0.00017810128
0.00016447999
0.00015043228
0.00013575674
0.00012042476
0.00010447687
8.8190025e-05
7.1288678e-05
5.3809807e-05
3.6082455e-05
1.7625095e-05
-1.4190376e-06
-2.0656074e-05
-4.0097352e-05
-5.9941595e-05
-7.9790602e-05
-9.9555648e-05
-0.00011963303
-0.00013942435
-0.00015878371
-0.0001782041
-0.00019692053
-0.00021493467
-0.00023257788
-0.00024899546
-0.00026455484
-0.00027912649
-0.00029186355
-0.00030378778
-0.00031385893
-0.00032198044
-0.00032859861
-0.0003327081
-0.00033526115
-0.00033509024
-0.00033296224
-0.00032853717
-0.00032118791
-0.00031227456
0.00029942389
0.00029952069
0.00029957907
0.00029964982
0.00029970358
0.00029982181
0.00030011384
0.00030060586
0.0003012474
0.00030194931
0.0003027407
0.00030354408
0.0003040081
0.00030428142
0.00030433698
0.00030435204
0.00030474507
0.00030573101
0.00030728749
0.00030905709
0.00031005898
0.00031053324
0.00031039529
0.00031002251
0.00031015141
0.00031143472
0.00031330406
0.00031503502
0.00031598633
0.00031642951
0.00031594408
0.00031554866
0.00031566624
0.00031650902
0.00031646968
0.00031621363
0.00031583524
0.00031511346
0.00031402989
0.00031260168
0.00031069276
0.00030828358
0.00030523783
0.00030144316
0.00029842971
0.00029649429
0.00029424581
0.00029193894
0.00028951067
0.00028680684
0.00028378318
0.00028051817
0.00027718662
0.00027369676
0.00026986183
0.00026561721
0.00026108913
0.00025642562
0.00025147749
0.00024611448
0.00024023516
0.00023415068
0.00022781016
0.00022102912
0.00021368337
0.00020598369
0.00019796222
0.00018948041
0.00018041214
0.00017093998
0.00016106765
0.00015069005
0.00013970541
0.00012837698
0.00011654687
0.00010418256
9.1311923e-05
7.8128087e-05
6.4443106e-05
5.0282374e-05
3.5899286e-05
2.1034857e-05
5.6355364e-06
-9.9565462e-06
-2.5773442e-05
-4.19317e-05
-5.8118905e-05
-7.4261387e-05
-9.0682096e-05
-0.00010689689
-0.00012278311
-0.00013874731
-0.00015416614
-0.00016903794
-0.00018363725
-0.00019726019
-0.00021020689
-0.00022237351
-0.00023305635
-0.00024310063
-0.00025164639
-0.0002586119
-0.00026436509
-0.00026807881
-0.0002705238
-0.00027090927
-0.00026940676
-0.00026611608
-0.00026045325
-0.00025348143
0.00025548499
0.00025560117
0.00025573778
0.00025590062
0.00025601411
0.00025611218
0.0002561848
0.00025623965
0.00025640294
0.00025671593
0.00025724429
0.00025805641
0.00025888435
0.00025936254
0.00025964447
0.00025973528
0.00025961736
0.00025960326
0.00026022961
0.00026143506
0.00026272594
0.00026351141
0.00026383762
0.0002637955
0.00026365307
0.00026370443
0.00026431533
0.00026531459
0.00026625954
0.00026678508
0.00026668922
0.00026643032
0.00026636656
0.00026634157
0.00026609154
0.00026562733
0.00026506233
0.00026422621
0.00026309748
0.00026168163
0.00025987028
0.00025765006
0.00025490747
0.00025155501
0.00024889541
0.00024710902
0.00024514893
0.0002432027
0.00024114766
0.00023885592
0.00023630522
0.00023356384
0.00023077204
0.00022785522
0.00022466077
0.00022113823
0.00021739093
0.00021354196
0.00020946876
0.00020506514
0.00020024733
0.00019527117
0.00019009655
0.00018457194
0.00017859448
0.00017233791
0.00016583028
0.00015895775
0.00015161459
0.00014395052
0.00013597104
0.0001275886
0.00011871586
0.00010956834
0.00010002007
9.0039855e-05
7.9644727e-05
6.8994514e-05
5.7926151e-05
4.6472376e-05
3.4836357e-05
2.2814166e-05
1.0366109e-05
-2.2535373e-06
-1.5073712e-05
-2.8195889e-05
-4.1357837e-05
-5.4495109e-05
-6.7875587e-05
-8.1110179e-05
-9.409636e-05
-0.00010716853
-0.00011982049
-0.00013204882
-0.00014408097
-0.00015533988
-0.00016607067
-0.00017619194
-0.00018512169
-0.00019355756
-0.00020079341
-0.00020676078
-0.00021176681
-0.00021512811
-0.00021748369
-0.00021819154
-0.00021736793
-0.00021514681
-0.00021104374
-0.00020595273
0.00021825052
0.00021835579
0.00021850477
0.00021870754
0.00021892359
0.00021911307
0.00021923501
0.00021932923
0.00021938232
0.00021937677
0.00021944656
0.00021988848
0.00022052503
0.00022117243
0.00022165045
0.00022193591
0.00022199448
0.00022189437
0.00022185811
0.00022225907
0.00022301557
0.00022389032
0.00022434018
0.00022454149
0.00022471184
0.00022458998
0.00022456488
0.00022473627
0.0002251028
0.00022560185
0.00022550701
0.00022532672
0.00022515405
0.00022494377
0.00022453938
0.00022396013
0.00022329411
0.00022239989
0.00022126032
0.00021988134
0.00021817574
0.00021613149
0.00021365665
0.00021071166
0.00020830505
0.00020671459
0.00020503774
0.00020337574
0.00020161695
0.00019966625
0.0001975071
0.00019519433
0.00019284242
0.00019039173
0.00018771818
0.00018478171
0.00018166666
0.00017847442
0.00017510452
0.00017147112
0.00016750549
0.00016341765
0.000159175
0.00015465436
0.00014977118
0.00014466831
0.00013936894
0.00013378048
0.0001278152
0.00012159611
0.00011512828
0.00010834006
0.00010115765
9.3757722e-05
8.6038926e-05
7.7973598e-05
6.9571697e-05
6.0966692e-05
5.2004771e-05
4.2739193e-05
3.3329741e-05
2.3604338e-05
1.3542303e-05
3.3289479e-06
-7.0539598e-06
-1.7693275e-05
-2.837323e-05
-3.9041347e-05
-4.9920526e-05
-6.0698063e-05
-7.1288486e-05
-8.1966585e-05
-9.2321639e-05
-0.00010234937
-0.00011223852
-0.00012151747
-0.00013038651
-0.00013878277
-0.00014622627
-0.00015329121
-0.00015939884
-0.00016449045
-0.00016881972
-0.00017181986
-0.00017401402
-0.00017487061
-0.00017447004
-0.00017291103
-0.00016976471
-0.00016577056
0.0001874623
0.00018753796
0.00018762095
0.00018775572
0.00018792453
0.00018812157
0.00018832199
0.00018846985
0.00018857536
0.00018862879
0.00018863372
0.00018869953
0.00018891892
0.00018931264
0.00018976948
0.00019015342
0.00019036363
0.00019045501
0.00019050243
0.00019050408
0.00019061579
0.00019099846
0.00019136607
0.00019155271
0.00019178654
0.00019183082
0.00019176134
0.00019170246
0.00019167633
0.00019170399
0.00019162227
0.00019138954
0.0001911121
0.00019079648
0.00019031857
0.00018969082
0.0001889828
0.00018807869
0.00018696624
0.00018564968
0.00018405819
0.00018218425
0.00017998801
0.00017732417
0.00017519355
0.00017382068
0.00017237407
0.00017093647
0.00016942249
0.00016775422
0.00016591693
0.00016395578
0.00016196468
0.00015989516
0.0001576467
0.00015518726
0.0001525856
0.00014992456
0.00014712195
0.00014410903
0.00014082966
0.00013745603
0.00013396049
0.00013024396
0.00012623756
0.00012205843
0.00011772482
0.00011316191
0.00010829799
0.00010323395
9.7973578e-05
9.2458623e-05
8.6628128e-05
8.0626849e-05
7.4371633e-05
6.7839565e-05
6.1037212e-05
5.4074871e-05
4.6816716e-05
3.9309643e-05
3.1689979e-05
2.3817547e-05
1.5685703e-05
7.4200658e-06
-9.9045776e-07
-9.6170608e-06
-1.8279584e-05
-2.6937662e-05
-3.5778197e-05
-4.4548645e-05
-5.3177512e-05
-6.1891188e-05
-7.0356809e-05
-7.857029e-05
-8.6689603e-05
-9.4329962e-05
-0.00010165597
-0.00010862103
-0.00011482955
-0.00012075606
-0.00012592857
-0.00013029858
-0.00013408053
-0.00013680808
-0.00013891842
-0.00013998071
-0.00014006822
-0.00013928013
-0.00013727736
-0.00013470595
0.00016210287
0.00016215473
0.00016217278
0.00016221171
0.00016227552
0.00016238701
0.00016253207
0.00016270004
0.00016286278
0.00016296367
0.00016303725
0.00016311655
0.00016315781
0.00016319922
0.00016336744
0.00016364365
0.00016386163
0.00016398808
0.00016410372
0.00016420568
0.00016419034
0.00016423924
0.00016424368
0.00016423508
0.00016444636
0.00016450738
0.00016444559
0.0001643197
0.00016418782
0.00016407501
0.00016389266
0.00016358528
0.0001632367
0.00016285078
0.00016232567
0.00016167231
0.00016094582
0.00016005274
0.00015898224
0.00015774021
0.00015627801
0.00015460875
0.00015255104
0.00015018702
0.00014832844
0.00014713521
0.00014587976
0.00014463232
0.0001433229
0.00014188827
0.00014031667
0.00013864542
0.00013695076
0.00013519302
0.00013329151
0.00013122054
0.00012903605
0.00012680502
0.00012446051
0.00012194801
0.00011922181
0.00011642278
0.00011352656
0.00011045449
0.00010715086
0.00010371146
0.00010014984
9.6406029e-05
9.2422105e-05
8.8280836e-05
8.3983942e-05
7.9484693e-05
7.47333e-05
6.9848492e-05
6.4760865e-05
5.9452137e-05
5.3927198e-05
4.82759e-05
4.2385976e-05
3.6288909e-05
3.0103599e-05
2.3713271e-05
1.7126961e-05
1.0435201e-05
3.6233347e-06
-3.3740016e-06
-1.0407155e-05
-1.7440638e-05
-2.4629678e-05
-3.1769737e-05
-3.8801329e-05
-4.5912571e-05
-5.2833264e-05
-5.9560121e-05
-6.6226838e-05
-7.2518509e-05
-7.8571014e-05
-8.4350753e-05
-8.9529787e-05
-9.4501468e-05
-9.8878557e-05
-0.00010261841
-0.00010589989
-0.00010833186
-0.00011027204
-0.0001113564
-0.00011163037
-0.00011115929
-0.00010961976
-0.00010753899
0.00014121443
0.0001412509
0.00014126751
0.00014128785
0.00014130291
0.00014131288
0.00014134701
0.00014141805
0.00014151299
0.00014160888
0.00014168241
0.0001418332
0.00014189802
0.00014194926
0.00014196095
0.00014199071
0.00014202298
0.00014204501
0.00014216071
0.0001422988
0.00014231236
0.00014229688
0.00014224668
0.00014217603
0.00014215452
0.00014213709
0.00014204969
0.00014187618
0.00014168494
0.00014150419
0.00014126048
0.00014090987
0.00014051979
0.00014009208
0.00013954382
0.00013888541
0.0001381596
0.00013729728
0.0001362941
0.00013515406
0.0001337702
0.00013222368
0.00013038262
0.00012827887
0.00012663579
0.00012559175
0.00012449823
0.00012340986
0.00012227009
0.0001210289
0.00011967691
0.00011824447
0.00011679317
0.00011529024
0.00011367172
0.00011191699
0.00011007141
0.00010818857
0.00010621401
0.00010410519
0.00010182482
9.948801e-05
9.7072359e-05
9.451652e-05
9.1775822e-05
8.8928338e-05
8.5983243e-05
8.2892982e-05
7.961146e-05
7.6206508e-05
7.2677575e-05
6.8987532e-05
6.5096559e-05
6.1102162e-05
5.6945097e-05
5.2611914e-05
4.810673e-05
4.350281e-05
3.8706595e-05
3.3740403e-05
2.8705275e-05
2.3505369e-05
1.8149747e-05
1.271489e-05
7.1817009e-06
1.4911748e-06
-4.2325128e-06
-9.9574717e-06
-1.5814119e-05
-2.1636092e-05
-2.7374374e-05
-3.318752e-05
-3.8855109e-05
-4.4374759e-05
-4.9861931e-05
-5.5057386e-05
-6.0075248e-05
-6.4894409e-05
-6.9241218e-05
-7.3448064e-05
-7.7199015e-05
-8.0460004e-05
-8.3391052e-05
-8.5668233e-05
-8.7602669e-05
-8.8903616e-05
-8.9623591e-05
-8.984492e-05
-8.9323171e-05
-8.8540251e-05
0.00012388374
0.00012392219
0.00012395898
0.00012400175
0.00012402728
0.00012404669
0.00012405537
0.00012405613
0.00012407401
0.00012408224
0.00012408805
0.00012419646
0.00012427322
0.00012435321
0.00012438407
0.00012439589
0.00012437666
0.00012434959
0.0001243416
0.00012440608
0.00012439606
0.00012435687
0.00012427291
0.0001241642
0.00012408682
0.00012400671
0.00012386871
0.00012366061
0.00012343441
0.00012320978
0.00012292716
0.00012255336
0.00012214099
0.00012169095
0.00012114441
0.00012051191
0.00011982278
0.00011897772
0.00011802866
0.0001169425
0.00011567167
0.00011425655
0.00011259012
0.00011070524
0.00010924682
0.00010832864
0.00010736976
0.00010641312
0.00010541345
0.0001043315
0.00010315958
0.00010192229
0.00010066902
9.9372556e-05
9.7982987e-05
9.648385e-05
9.4911817e-05
9.3309209e-05
9.1631747e-05
8.9846963e-05
8.792439e-05
8.5957964e-05
8.3926221e-05
8.17825e-05
7.9491291e-05
7.7116055e-05
7.4661868e-05
7.2091505e-05
6.9368939e-05
6.6549805e-05
6.3631168e-05
6.0583837e-05
5.7376679e-05
5.4090026e-05
5.0672136e-05
4.7114001e-05
4.3419819e-05
3.9649452e-05
3.5723312e-05
3.1659163e-05
2.7541649e-05
2.3291187e-05
1.8914889e-05
1.4481319e-05
9.9692197e-06
5.3250428e-06
6.5234738e-07
-4.0207514e-06
-8.8058682e-06
-1.3566108e-05
-1.8260537e-05
-2.3025228e-05
-2.7678089e-05
-3.2217214e-05
-3.6744344e-05
-4.1043019e-05
-4.5210255e-05
-4.9234796e-05
-5.2883528e-05
-5.6440908e-05
-5.9643571e-05
-6.246005e-05
-6.5029904e-05
-6.7071417e-05
-6.8845557e-05
-7.0095867e-05
-7.0848918e-05
-7.1152169e-05
-7.0746464e-05
-7.0019023e-05
0.00010992795
0.00010995704
0.00010998874
0.00011002998
0.00011006978
0.00011009216
0.00011010559
0.00011011201
0.00011011186
0.00011010215
0.00011009199
0.0001101381
0.00011016765
0.00011017293
0.00011017816
0.00011016789
0.0001101365
0.00011008554
0.00011004701
0.00011002584
0.0001099918
0.00010992235
0.00010980988
0.00010967565
0.00010956299
0.00010944202
0.00010927072
0.00010904302
0.00010879625
0.00010854167
0.00010823858
0.00010786907
0.00010746251
0.00010702425
0.00010645572
0.0001058425
0.00010517803
0.00010436011
0.00010346262
0.00010244457
0.00010126696
9.9962082e-05
9.8446445e-05
9.67468e-05
9.5441531e-05
9.4627001e-05
9.3778874e-05
9.2930092e-05
9.2044669e-05
9.1092223e-05
9.0066438e-05
8.8986973e-05
8.7893098e-05
8.6761973e-05
8.5555605e-05
8.4260951e-05
8.2907536e-05
8.1528191e-05
8.0086995e-05
7.8560072e-05
7.6922483e-05
7.5250775e-05
7.3523641e-05
7.1706867e-05
6.977249e-05
6.7772007e-05
6.5706575e-05
6.3547575e-05
6.1267416e-05
5.8911997e-05
5.6475751e-05
5.393622e-05
5.1269653e-05
4.854286e-05
4.5708925e-05
4.2763286e-05
3.9710602e-05
3.6599983e-05
3.3362273e-05
3.0012861e-05
2.6624367e-05
2.3128182e-05
1.9530614e-05
1.5894034e-05
1.2195716e-05
8.3866281e-06
4.5540211e-06
7.2279626e-07
-3.2046824e-06
-7.1135914e-06
-1.0969065e-05
-1.4890882e-05
-1.8726333e-05
-2.247411e-05
-2.6227202e-05
-2.9802311e-05
-3.328506e-05
-3.6675331e-05
-3.9771899e-05
-4.2828958e-05
-4.5629426e-05
-4.8150845e-05
-5.0533824e-05
-5.2541157e-05
-5.4425816e-05
-5.5991073e-05
-5.7293498e-05
-5.8424979e-05
-5.9225568e-05
-6.0071068e-05
9.8818804e-05
9.884043e-05
9.8849986e-05
9.8867629e-05
9.88867e-05
9.8908435e-05
9.8917126e-05
9.8913327e-05
9.8905984e-05
9.8888568e-05
9.8870492e-05
9.8867305e-05
9.889345e-05
9.8882731e-05
9.886268e-05
9.8829925e-05
9.8780868e-05
9.871695e-05
9.8659471e-05
9.8609597e-05
9.8545514e-05
9.8453961e-05
9.8332834e-05
9.8191706e-05
9.8058225e-05
9.7911144e-05
9.7728129e-05
9.7485176e-05
9.7245052e-05
9.6992416e-05
9.6662311e-05
9.6276992e-05
9.5884206e-05
9.5438072e-05
9.4883434e-05
9.4288189e-05
9.3641418e-05
9.2862813e-05
9.2010252e-05
9.1049476e-05
8.9953128e-05
8.8742726e-05
8.7352602e-05
8.5805525e-05
8.4624567e-05
8.3894207e-05
8.3135891e-05
8.2374049e-05
8.158049e-05
8.0732415e-05
7.9824321e-05
7.8871609e-05
7.7904886e-05
7.6904777e-05
7.584325e-05
7.4710057e-05
7.3528767e-05
7.2324421e-05
7.1067917e-05
6.9742772e-05
6.8328495e-05
6.6887588e-05
6.5398273e-05
6.3836856e-05
6.2181614e-05
6.0474628e-05
5.8713175e-05
5.6875869e-05
5.4942188e-05
5.2950527e-05
5.0892276e-05
4.8750527e-05
4.6507965e-05
4.422098e-05
4.1845269e-05
3.9380402e-05
3.6831862e-05
3.4240089e-05
3.1543264e-05
2.8756609e-05
2.59449e-05
2.3045067e-05
2.0065928e-05
1.7059935e-05
1.4006171e-05
1.0860807e-05
7.6986668e-06
4.5413262e-06
1.3011302e-06
-1.9230408e-06
-5.1003309e-06
-8.3388705e-06
-1.1507407e-05
-1.4604414e-05
-1.7716381e-05
-2.0683414e-05
-2.3581354e-05
-2.6417112e-05
-2.90095e-05
-3.1587315e-05
-3.3961399e-05
-3.610799e-05
-3.8156401e-05
-3.9885385e-05
-4.1520423e-05
-4.2875206e-05
-4.3988415e-05
-4.4934646e-05
-4.5522579e-05
-4.6157004e-05
9.0187373e-05
9.0201965e-05
9.0204121e-05
9.0206758e-05
9.020815e-05
9.0207652e-05
9.0204091e-05
9.0194635e-05
9.0180572e-05
9.0159539e-05
9.013568e-05
9.0120536e-05
9.0110768e-05
9.0092061e-05
9.0060292e-05
9.0016586e-05
8.9960081e-05
8.9891775e-05
8.9825545e-05
8.9759033e-05
8.9679833e-05
8.9579524e-05
8.9438739e-05
8.9297801e-05
8.916704e-05
8.9009332e-05
8.8800768e-05
8.855813e-05
8.8314118e-05
8.8053188e-05
8.7722631e-05
8.7343099e-05
8.6951063e-05
8.650966e-05
8.5975731e-05
8.5401115e-05
8.4774521e-05
8.4034525e-05
8.3225481e-05
8.2316616e-05
8.1288815e-05
8.0153376e-05
7.8860033e-05
7.7428332e-05
7.6337748e-05
7.5669822e-05
7.4979839e-05
7.4283994e-05
7.3560257e-05
7.2792671e-05
7.197643e-05
7.1123366e-05
7.0256615e-05
6.935922e-05
6.8411067e-05
6.7403221e-05
6.6353785e-05
6.5282191e-05
6.4165693e-05
6.2994142e-05
6.1750343e-05
6.0485187e-05
5.9176748e-05
5.7810085e-05
5.6367167e-05
5.4883678e-05
5.3352961e-05
5.1760014e-05
5.0089824e-05
4.837595e-05
4.6607931e-05
4.4772227e-05
4.2856352e-05
4.0909265e-05
3.8887661e-05
3.6795425e-05
3.4638983e-05
3.2452571e-05
3.017347e-05
2.7825016e-05
2.546568e-05
2.3035133e-05
2.0543412e-05
1.8034706e-05
1.5488539e-05
1.2867219e-05
1.0238077e-05
7.6196012e-06
4.9302101e-06
2.2568288e-06
-3.7257093e-07
-3.0587514e-06
-5.6870122e-06
-8.2557373e-06
-1.084821e-05
-1.3322654e-05
-1.574925e-05
-1.8144687e-05
-2.0345363e-05
-2.2569384e-05
-2.4658607e-05
-2.6599423e-05
-2.8538438e-05
-3.0284609e-05
-3.2089819e-05
-3.3825621e-05
-3.5588772e-05
-3.7577993e-05
-3.9554923e-05
-4.181883e-05
8.3569315e-05
8.3580022e-05
8.3584192e-05
8.3588507e-05
8.3586162e-05
8.3581135e-05
8.3572931e-05
8.3561135e-05
8.3545482e-05
8.3520112e-05
8.3496787e-05
8.3475817e-05
8.3454219e-05
8.3425725e-05
8.3390154e-05
8.3341081e-05
8.3277287e-05
8.3205383e-05
8.3140362e-05
8.3072288e-05
8.298164e-05
8.2870987e-05
8.2731572e-05
8.2587651e-05
8.2450303e-05
8.2284084e-05
8.207579e-05
8.1836567e-05
8.1590503e-05
8.1325374e-05
8.1001235e-05
8.063319e-05
8.0247231e-05
7.9815081e-05
7.9304445e-05
7.875401e-05
7.8151326e-05
7.7453519e-05
7.6695367e-05
7.5843071e-05
7.4881534e-05
7.3813049e-05
7.2596777e-05
7.1252321e-05
7.0231054e-05
6.9609278e-05
6.8969235e-05
6.8320205e-05
6.7644584e-05
6.693204e-05
6.6178786e-05
6.5393589e-05
6.4594304e-05
6.3768519e-05
6.2906631e-05
6.1998566e-05
6.1049821e-05
6.0074028e-05
5.905815e-05
5.7998897e-05
5.6881899e-05
5.5750624e-05
5.4581181e-05
5.3363397e-05
5.2081715e-05
5.0769476e-05
4.9415558e-05
4.8008337e-05
4.6534175e-05
4.5016859e-05
4.3458395e-05
4.1849333e-05
4.0176867e-05
3.8482802e-05
3.6724109e-05
3.4909506e-05
3.3046381e-05
3.1164141e-05
2.9201667e-05
2.7185921e-05
2.5167579e-05
2.3085645e-05
2.0957096e-05
1.8824438e-05
1.6670685e-05
1.4458043e-05
1.2246938e-05
1.0054495e-05
7.8043673e-06
5.5754985e-06
3.3944464e-06
1.1661647e-06
-1.0059338e-06
-3.1189826e-06
-5.2511378e-06
-7.2700077e-06
-9.235394e-06
-1.1162818e-05
-1.2894085e-05
-1.4624166e-05
-1.6198575e-05
-1.7587464e-05
-1.890161e-05
-1.9928468e-05
-2.0853739e-05
-2.1486786e-05
-2.1888734e-05
-2.2137495e-05
-2.1286307e-05
-1.9512377e-05
7.8769787e-05
7.8777527e-05
7.8778266e-05
7.8776776e-05
7.877287e-05
7.8766337e-05
7.8756688e-05
7.8742143e-05
7.8723181e-05
7.8696959e-05
7.8669761e-05
7.8648306e-05
7.8622974e-05
7.8587603e-05
7.8542763e-05
7.8488383e-05
7.8421059e-05
7.8344772e-05
7.8270959e-05
7.8192679e-05
7.8094842e-05
7.7978141e-05
7.7837011e-05
7.7688708e-05
7.7539835e-05
7.7365653e-05
7.715576e-05
7.6917767e-05
7.6668248e-05
7.6397389e-05
7.6076751e-05
7.5716884e-05
7.5333982e-05
7.4906987e-05
7.4413375e-05
7.3879373e-05
7.3289758e-05
7.2620436e-05
7.1894711e-05
7.1078042e-05
7.0177194e-05
6.9193778e-05
6.8073501e-05
6.6842891e-05
6.5906631e-05
6.532204e-05
6.4711661e-05
6.4090365e-05
6.3445739e-05
6.277213e-05
6.2067462e-05
6.1338406e-05
6.0597056e-05
5.9831303e-05
5.9033127e-05
5.8190477e-05
5.7305926e-05
5.6397243e-05
5.5452304e-05
5.4463063e-05
5.3410896e-05
5.2345959e-05
5.1250062e-05
5.0126926e-05
4.8959954e-05
4.7765232e-05
4.6531111e-05
4.5245748e-05
4.3935616e-05
4.2596084e-05
4.1174743e-05
3.9717322e-05
3.8220812e-05
3.671266e-05
3.5146193e-05
3.3536368e-05
3.1892408e-05
3.0239562e-05
2.8526277e-05
2.6777187e-05
2.5039842e-05
2.3257317e-05
2.1425038e-05
1.957458e-05
1.7703367e-05
1.5788496e-05
1.3899721e-05
1.2039882e-05
1.0132512e-05
8.2497329e-06
6.4162373e-06
4.5412087e-06
2.717469e-06
9.4394536e-07
-8.5795824e-07
-2.5639812e-06
-4.2281364e-06
-5.8740106e-06
-7.3596651e-06
-8.8813575e-06
-1.0321212e-05
-1.1672169e-05
-1.3077232e-05
-1.4335855e-05
-1.5584889e-05
-1.6628013e-05
-1.7928564e-05
-2.0005041e-05
-2.3629717e-05
-2.7956567e-05
7.5608348e-05
7.5612016e-05
7.5610221e-05
7.5606699e-05
7.5600585e-05
7.5591106e-05
7.5577851e-05
7.5560174e-05
7.5537841e-05
7.5508734e-05
7.5476412e-05
7.5446419e-05
7.5412044e-05
7.5368878e-05
7.5316751e-05
7.5256149e-05
7.5183868e-05
7.5101848e-05
7.5018405e-05
7.492908e-05
7.4824182e-05
7.4703992e-05
7.4564184e-05
7.4414068e-05
7.4258041e-05
7.4081766e-05
7.3877693e-05
7.3650422e-05
7.340778e-05
7.3141072e-05
7.2834748e-05
7.2495913e-05
7.212898e-05
7.1720095e-05
7.1259625e-05
7.076208e-05
7.0210959e-05
6.9596191e-05
6.8914628e-05
6.8123034e-05
6.7247379e-05
6.6308113e-05
6.5264231e-05
6.4138809e-05
6.3232258e-05
6.2624803e-05
6.1967346e-05
6.1304829e-05
6.062973e-05
5.9941719e-05
5.9240005e-05
5.8526729e-05
5.7806119e-05
5.7069596e-05
5.6309915e-05
5.5526364e-05
5.4721936e-05
5.3890052e-05
5.3018058e-05
5.2120107e-05
5.1178681e-05
5.0203193e-05
4.9161702e-05
4.8078192e-05
4.6958687e-05
4.5824119e-05
4.4645634e-05
4.3423275e-05
4.2159244e-05
4.0882904e-05
3.9560263e-05
3.8191855e-05
3.6784629e-05
3.5376172e-05
3.3909127e-05
3.2404732e-05
3.0878821e-05
2.9353868e-05
2.7773399e-05
2.6169491e-05
2.4591986e-05
2.2984419e-05
2.1355133e-05
1.9751499e-05
1.815074e-05
1.6510816e-05
1.4885011e-05
1.3308844e-05
1.1710962e-05
1.0160919e-05
8.6826284e-06
7.1738746e-06
5.6874093e-06
4.2260873e-06
2.7432152e-06
1.3858253e-06
1.2979249e-07
-1.0420492e-06
-2.0035384e-06
-2.9178928e-06
-3.6558343e-06
-4.1658911e-06
-4.5551982e-06
-4.4980521e-06
-3.7507925e-06
-1.9962093e-06
3.3740323e-07
2.9288225e-06
8.1408767e-06
1.3049212e-05
7.3873682e-05
7.3872929e-05
7.3870176e-05
7.3864319e-05
7.3855036e-05
7.3841915e-05
7.3824271e-05
7.3801685e-05
7.3773643e-05
7.3738969e-05
7.370287e-05
7.3671709e-05
7.3638971e-05
7.3598709e-05
7.3550335e-05
7.3494842e-05
7.3429328e-05
7.3359943e-05
7.3294809e-05
7.3224777e-05
7.3142201e-05
7.3049594e-05
7.2944724e-05
7.2832251e-05
7.2710471e-05
7.2571401e-05
7.2416244e-05
7.2247471e-05
7.2053773e-05
7.1824817e-05
7.1568678e-05
7.1291932e-05
7.0975106e-05
7.060706e-05
7.0195594e-05
6.9740277e-05
6.9220456e-05
6.8645687e-05
6.8023961e-05
6.7338831e-05
6.6591962e-05
6.5756554e-05
6.4793597e-05
6.3659557e-05
6.2719634e-05
6.2136534e-05
6.1535996e-05
6.0923344e-05
6.029128e-05
5.9638441e-05
5.8962544e-05
5.8269249e-05
5.7563484e-05
5.6832516e-05
5.6072903e-05
5.5280913e-05
5.4464942e-05
5.3625227e-05
5.2749306e-05
5.1839872e-05
5.0893524e-05
4.9936264e-05
4.8937357e-05
4.7898518e-05
4.6817944e-05
4.5718166e-05
4.4581342e-05
4.3400083e-05
4.2175094e-05
4.092903e-05
3.9639695e-05
3.8302915e-05
3.6922873e-05
3.5537126e-05
3.410281e-05
3.2625908e-05
3.1119192e-05
2.9608398e-05
2.8045619e-05
2.6446187e-05
2.4852316e-05
2.3223804e-05
2.1571258e-05
1.9940156e-05
1.8326452e-05
1.6702593e-05
1.5117874e-05
1.3594645e-05
1.2084549e-05
1.0641827e-05
9.2937712e-06
7.9660445e-06
6.6689814e-06
5.3745589e-06
4.059054e-06
2.8251208e-06
1.6933367e-06
6.8268038e-07
-1.3337051e-07
-9.1721313e-07
-1.6022358e-06
-2.1748239e-06
-2.8017996e-06
-3.5371848e-06
-4.8700941e-06
-6.8396316e-06
-9.5195263e-06
-1.2231367e-05
-1.7000685e-05
-2.1494864e-05
7.3086795e-05
7.3085881e-05
7.308352e-05
7.3079605e-05
7.3073672e-05
7.3065527e-05
7.3054617e-05
7.3040706e-05
7.3023184e-05
7.300179e-05
7.2976843e-05
7.2951179e-05
7.2923773e-05
7.2891325e-05
7.2851944e-05
7.2805635e-05
7.275095e-05
7.2690555e-05
7.2630792e-05
7.2568497e-05
7.2492446e-05
7.2401947e-05
7.2295991e-05
7.2181433e-05
7.2063542e-05
7.1922328e-05
7.1755523e-05
7.1565557e-05
7.1344168e-05
7.1085828e-05
7.0791814e-05
7.04693e-05
7.0115749e-05
6.9721263e-05
6.9278597e-05
6.8795918e-05
6.8267971e-05
6.7655668e-05
6.6977816e-05
6.6260599e-05
6.5472162e-05
6.4658315e-05
6.3798831e-05
6.293206e-05
6.2266211e-05
6.1686553e-05
6.1026376e-05
6.0342078e-05
5.9647604e-05
5.8937092e-05
5.8208191e-05
5.7466999e-05
5.6726808e-05
5.5989466e-05
5.5231588e-05
5.4442835e-05
5.3623338e-05
5.2791212e-05
5.1944214e-05
5.1067903e-05
5.0157336e-05
4.9228952e-05
4.8297844e-05
4.7332596e-05
4.6324057e-05
4.528918e-05
4.424895e-05
4.3184186e-05
4.2075999e-05
4.0942917e-05
3.9807554e-05
3.8643646e-05
3.7426835e-05
3.6187145e-05
3.494206e-05
3.3656624e-05
3.232983e-05
3.1001465e-05
2.9662689e-05
2.8283117e-05
2.6911293e-05
2.5547915e-05
2.4152992e-05
2.2758797e-05
2.139385e-05
2.0026989e-05
1.8673487e-05
1.7380304e-05
1.6108215e-05
1.4890723e-05
1.3796461e-05
1.2784e-05
1.1881429e-05
1.1106943e-05
1.0369351e-05
9.6554138e-06
9.0169931e-06
8.4494551e-06
8.0429509e-06
7.8096186e-06
7.79481e-06
8.119956e-06
8.7576922e-06
9.7000939e-06
1.1138247e-05
1.3062442e-05
1.5889477e-05
1.9255905e-05
2.4933485e-05
2.971095e-05
-0.059288985
-0.059416088
-0.061075551
-0.061756919
-0.062331791
-0.067086977
-0.065612148
-0.066765658
-0.067389608
-0.067975168
-0.07323578
-0.071214432
-0.072044182
-0.073175825
-0.073569763
-0.07757419
-0.07636424
-0.076840961
-0.08181056
-0.07945829
-0.079960413
-0.083420776
-0.082290644
-0.083218366
-0.083923626
-0.084264346
-0.087139549
-0.086198762
-0.086413877
-0.08948362
-0.087955573
-0.088253031
-0.090557212
-0.089485049
-0.089351227
-0.090190647
-0.090417702
-0.089600274
-0.089930655
-0.091871981
-0.090681073
-0.090656303
-0.090964994
-0.08967994
-0.089556641
-0.090225248
-0.088715992
-0.088011831
-0.087756941
-0.088173017
-0.089079308
-0.08766929
-0.090804246
-0.086749286
-0.092075682
-0.089339401
-0.096332014
-0.091149332
-0.095003212
-0.095827648
-0.096888489
-0.10204486
-0.10398645
-0.10668107
-0.1116209
-0.12022083
-0.12502694
-0.1340637
-0.15101213
-0.17160621
-0.059288949
-0.059416081
-0.061075543
-0.061756914
-0.062331749
-0.067083
-0.06561148
-0.06676564
-0.067389592
-0.067975084
-0.073231536
-0.071212912
-0.072044203
-0.073175722
-0.073569635
-0.077570218
-0.076362851
-0.07684082
-0.081806398
-0.079456231
-0.079960271
-0.083417022
-0.082289964
-0.083218285
-0.08392343
-0.084264382
-0.087135865
-0.086197049
-0.086413717
-0.08948024
-0.087954083
-0.088253595
-0.090553815
-0.089485136
-0.089350495
-0.090190182
-0.090418075
-0.08959909
-0.089929996
-0.091871262
-0.090683474
-0.09065533
-0.090963715
-0.089679964
-0.089554889
-0.090222256
-0.088716242
-0.088011947
-0.087756
-0.088172761
-0.08907708
-0.087665996
-0.090800332
-0.086746907
-0.092070006
-0.089335525
-0.09632679
-0.091148963
-0.095001624
-0.095826889
-0.096886109
-0.10204152
-0.10398402
-0.10667694
-0.11161285
-0.12021211
-0.12501736
-0.13404434
-0.15099726
-0.17147965
-0.059288872
-0.059416052
-0.061075525
-0.061756901
-0.062331682
-0.06707663
-0.065610388
-0.066765611
-0.067389568
-0.067974964
-0.073224736
-0.071210445
-0.072044242
-0.073175569
-0.073569448
-0.077563849
-0.076360586
-0.076840617
-0.081799718
-0.079452895
-0.079960073
-0.083411
-0.082288854
-0.083218185
-0.083923146
-0.084264479
-0.087129953
-0.086194267
-0.086413473
-0.089474806
-0.0879517
-0.088254495
-0.090548367
-0.089485221
-0.089349339
-0.090189496
-0.090418928
-0.089597236
-0.089929026
-0.091870048
-0.090687143
-0.090653822
-0.090961596
-0.089679954
-0.089552063
-0.090217473
-0.088716358
-0.088012066
-0.087754472
-0.088172471
-0.089073535
-0.087660722
-0.090794047
-0.08674311
-0.092060897
-0.089329329
-0.096318384
-0.091148275
-0.094999849
-0.09582612
-0.096883485
-0.10203806
-0.10398149
-0.10667278
-0.11160444
-0.12020311
-0.12500736
-0.13402419
-0.15096805
-0.17138396
-0.059288706
-0.059415973
-0.061075481
-0.06175687
-0.062331572
-0.067067554
-0.065608795
-0.066765552
-0.06738952
-0.067974784
-0.073215041
-0.07120688
-0.072044285
-0.073175347
-0.073569173
-0.07755476
-0.076357286
-0.076840308
-0.08179017
-0.07944808
-0.079959778
-0.083402396
-0.082287229
-0.083218035
-0.083922736
-0.084264592
-0.087121491
-0.086190239
-0.086413091
-0.089467003
-0.087948443
-0.088255595
-0.090540573
-0.089485272
-0.089347693
-0.090188518
-0.09042055
-0.089594746
-0.089927736
-0.091868161
-0.090691868
-0.090651649
-0.090958465
-0.089679864
-0.089547991
-0.090210639
-0.088716623
-0.088012108
-0.087752245
-0.088172096
-0.089068473
-0.087653205
-0.090784999
-0.086737738
-0.092047847
-0.089320559
-0.096306259
-0.091147157
-0.094997735
-0.095825213
-0.096880503
-0.10203415
-0.10397866
-0.10666872
-0.11159593
-0.120193
-0.12499794
-0.13400489
-0.15094014
-0.17128848
-0.059288384
-0.059415807
-0.061075387
-0.061756801
-0.062331386
-0.067055864
-0.06560669
-0.066765434
-0.067389426
-0.067974506
-0.073202541
-0.07120222
-0.072044287
-0.073175024
-0.073568762
-0.077543027
-0.076352928
-0.07683983
-0.081777816
-0.0794418
-0.079959319
-0.083391269
-0.082285075
-0.083217788
-0.083922183
-0.084264635
-0.087110503
-0.086184954
-0.086412503
-0.089456823
-0.087944594
-0.08825652
-0.090530468
-0.089485205
-0.089345578
-0.090187242
-0.090423048
-0.089591797
-0.089926171
-0.091865293
-0.090697101
-0.090648835
-0.090954191
-0.089679591
-0.089542645
-0.090201752
-0.088716588
-0.088012066
-0.087749275
-0.088171557
-0.089061872
-0.087643503
-0.090773146
-0.086730866
-0.09203091
-0.089309378
-0.096290333
-0.091145549
-0.094995107
-0.095824082
-0.096877094
-0.10202947
-0.10397525
-0.1066633
-0.11158521
-0.12018089
-0.12498487
-0.13397902
-0.15089788
-0.17116653
-0.059287804
-0.059415502
-0.061075203
-0.061756664
-0.062331074
-0.067041311
-0.065604018
-0.066765211
-0.067389248
-0.067974071
-0.073186966
-0.071196346
-0.072044198
-0.073174555
-0.073568137
-0.077528383
-0.076347382
-0.076839086
-0.081762367
-0.079433899
-0.079958596
-0.083377355
-0.082282333
-0.083217373
-0.083921414
-0.08426449
-0.087096703
-0.086178261
-0.086411554
-0.089443968
-0.087940271
-0.088256909
-0.090517772
-0.089484891
-0.089342942
-0.09018557
-0.09042648
-0.089588421
-0.089924344
-0.091861073
-0.090702242
-0.090645174
-0.090948576
-0.089679007
-0.089535868
-0.090190562
-0.088716432
-0.08801192
-0.087745442
-0.088170737
-0.089053503
-0.087631424
-0.090758125
-0.086722385
-0.092009712
-0.089295669
-0.09627012
-0.091143364
-0.094991732
-0.095822636
-0.096873222
-0.10202376
-0.1039712
-0.10665774
-0.11157311
-0.12016628
-0.12497121
-0.13395108
-0.15084897
-0.17099776
-0.059286826
-0.059414982
-0.061074877
-0.061756418
-0.062330569
-0.067023174
-0.065600665
-0.066764823
-0.067388941
-0.067973396
-0.073167546
-0.071188963
-0.072043969
-0.073173867
-0.073567188
-0.077510099
-0.076340367
-0.076837946
-0.081743057
-0.07942398
-0.079957478
-0.083359957
-0.082278914
-0.083216693
-0.083920341
-0.084264008
-0.087079378
-0.086169831
-0.08641007
-0.089427744
-0.087935374
-0.088256416
-0.090501825
-0.089484187
-0.089339696
-0.090183368
-0.090430889
-0.089584465
-0.08992213
-0.091854926
-0.090706901
-0.090640402
-0.090941302
-0.089677921
-0.089527337
-0.09017651
-0.08871604
-0.088011516
-0.087740536
-0.088169469
-0.089042899
-0.087616418
-0.090739189
-0.086711932
-0.091983292
-0.089278889
-0.096244585
-0.091140438
-0.094987305
-0.095820739
-0.096868866
-0.10201672
-0.10396629
-0.10665143
-0.11155935
-0.12014854
-0.12495577
-0.13391948
-0.15079232
-0.1707659
-0.059285273
-0.059414148
-0.061074345
-0.061756016
-0.062329786
-0.067000361
-0.065596498
-0.066764194
-0.067388446
-0.067972378
-0.073143128
-0.071179645
-0.072043508
-0.073172864
-0.073565775
-0.077487084
-0.076331502
-0.076836249
-0.081718752
-0.079411448
-0.079955809
-0.083338046
-0.082274756
-0.083215632
-0.083918813
-0.084263048
-0.087057488
-0.086159232
-0.086407854
-0.089407147
-0.087929772
-0.088254585
-0.090481675
-0.089482919
-0.08933568
-0.090180386
-0.090436417
-0.089579721
-0.089919419
-0.091846248
-0.090710577
-0.090633925
-0.090932157
-0.089676137
-0.089516641
-0.090158831
-0.088715102
-0.088010679
-0.087734292
-0.088167549
-0.089029391
-0.087597616
-0.090715283
-0.086698907
-0.091950177
-0.089258075
-0.096212267
-0.091136518
-0.094981428
-0.095818216
-0.096863973
-0.10200796
-0.1039603
-0.1066448
-0.11154383
-0.1201269
-0.12493806
-0.13388279
-0.15072596
-0.17047047
-0.059282955
-0.059412877
-0.061073538
-0.061755408
-0.062328636
-0.066971813
-0.065591456
-0.066763247
-0.067387703
-0.067970913
-0.073112603
-0.071167998
-0.072042749
-0.073171452
-0.073563751
-0.077458288
-0.076320468
-0.076833827
-0.081688384
-0.079395722
-0.079953438
-0.08331064
-0.082269951
-0.083214071
-0.083916706
-0.084261413
-0.087030047
-0.086146092
-0.086404677
-0.089381209
-0.087923219
-0.088251015
-0.090456418
-0.089480942
-0.089330771
-0.090176427
-0.090443122
-0.08957402
-0.089915997
-0.091834462
-0.090712818
-0.090625192
-0.090921049
-0.089673469
-0.089503439
-0.090136836
-0.088713417
-0.088009255
-0.08772647
-0.088164761
-0.089012317
-0.087574087
-0.090685411
-0.086682666
-0.091908843
-0.089232112
-0.096171678
-0.091131288
-0.094973648
-0.095814871
-0.096858425
-0.10199709
-0.10395297
-0.1066377
-0.11152629
-0.12010057
-0.12491943
-0.13384211
-0.15064736
-0.17012706
-0.059279688
-0.059411039
-0.061072382
-0.061754542
-0.062327037
-0.066936901
-0.065585637
-0.066761897
-0.067386648
-0.067968896
-0.073075329
-0.071153823
-0.072041613
-0.073169536
-0.073560977
-0.077423101
-0.076307148
-0.076830524
-0.081651347
-0.079376458
-0.079950232
-0.083277168
-0.082264915
-0.083211889
-0.083913865
-0.084258924
-0.086996463
-0.086130277
-0.08640038
-0.0893493
-0.087915736
-0.08824511
-0.09042552
-0.089478113
-0.08932478
-0.090171254
-0.090450936
-0.089567387
-0.089911831
-0.091819307
-0.090712794
-0.090613389
-0.090908022
-0.089669786
-0.089487664
-0.090110209
-0.08871083
-0.088007084
-0.087716935
-0.088160897
-0.088991197
-0.087545183
-0.090649
-0.086662766
-0.091858285
-0.08920013
-0.096121836
-0.091124464
-0.094963474
-0.095810488
-0.096852029
-0.10198364
-0.10394404
-0.1066295
-0.11150623
-0.12006862
-0.12489647
-0.13379458
-0.15055399
-0.16973944
-0.0592753
-0.059408506
-0.061070794
-0.061753361
-0.062324903
-0.066895356
-0.065579332
-0.06676005
-0.067385209
-0.067966223
-0.073031057
-0.071137113
-0.07204
-0.073167014
-0.073557314
-0.077381282
-0.076291613
-0.076826192
-0.081607433
-0.079353537
-0.079946074
-0.083237398
-0.082260361
-0.083208961
-0.083910173
-0.084255397
-0.086956484
-0.086111801
-0.086394771
-0.089311079
-0.087907163
-0.088236435
-0.090388734
-0.089474354
-0.089317476
-0.090164721
-0.090459576
-0.089560014
-0.089906704
-0.091800803
-0.090709726
-0.090597866
-0.090892722
-0.089664948
-0.089469449
-0.090078957
-0.088707154
-0.088003982
-0.087705625
-0.088155733
-0.088965733
-0.087510604
-0.090605924
-0.08663902
-0.091798136
-0.089161656
-0.096062254
-0.091115851
-0.094950389
-0.095804823
-0.096844528
-0.10196711
-0.10393322
-0.10662001
-0.11148312
-0.12003
-0.12487156
-0.13373897
-0.15044399
-0.16929928
-0.059269614
-0.059405146
-0.061068681
-0.061751799
-0.062322137
-0.066846984
-0.065573103
-0.066757605
-0.067383302
-0.067962772
-0.072979624
-0.071117945
-0.072037806
-0.073163772
-0.073552604
-0.077332672
-0.076274016
-0.076820671
-0.081556513
-0.079326926
-0.079940848
-0.083191167
-0.082256352
-0.083205145
-0.083905448
-0.084250566
-0.08690988
-0.08609074
-0.086387707
-0.089266195
-0.087897603
-0.088224251
-0.090345868
-0.08946952
-0.089308357
-0.090156597
-0.09046865
-0.08955215
-0.089900628
-0.091779288
-0.090702449
-0.090577588
-0.090874588
-0.089658815
-0.089449037
-0.090043186
-0.088702177
-0.087999755
-0.087692494
-0.08814901
-0.088935603
-0.087470215
-0.090556176
-0.086611374
-0.091728267
-0.089116439
-0.095992553
-0.091105369
-0.094933816
-0.095797565
-0.09683562
-0.10194682
-0.10392009
-0.10660934
-0.11145638
-0.11998337
-0.12484148
-0.13367422
-0.15031378
-0.16880186
-0.059262454
-0.05940083
-0.06106594
-0.061749781
-0.062318636
-0.066791615
-0.065567792
-0.066754461
-0.06738083
-0.067958406
-0.072920897
-0.071096461
-0.0720349
-0.073159679
-0.073546674
-0.077277146
-0.076254573
-0.076813797
-0.081498499
-0.079296655
-0.079934439
-0.083138354
-0.082251257
-0.083200237
-0.083899562
-0.084244175
-0.086856421
-0.086067169
-0.086378985
-0.089214283
-0.087886854
-0.088208029
-0.09029672
-0.089463555
-0.089296804
-0.090146766
-0.090477423
-0.089543665
-0.089893361
-0.091755265
-0.090690015
-0.090551871
-0.09085294
-0.08965121
-0.089426677
-0.090003001
-0.088695675
-0.087994194
-0.087677492
-0.088140435
-0.088900428
-0.087423936
-0.090499739
-0.086579831
-0.091648574
-0.089064352
-0.095912178
-0.091093021
-0.09491317
-0.095788363
-0.096824991
-0.10192206
-0.10390404
-0.10659635
-0.11142527
-0.11992705
-0.12480526
-0.13359796
-0.15015784
-0.16824315
-0.059253644
-0.059395446
-0.061062463
-0.061747225
-0.062314284
-0.066729166
-0.065563358
-0.066750519
-0.067377684
-0.067952973
-0.072854831
-0.071072892
-0.072031156
-0.073154594
-0.073539331
-0.077214649
-0.076233594
-0.076805409
-0.081433392
-0.079262843
-0.07992674
-0.083078933
-0.082242987
-0.083194006
-0.083892317
-0.084235865
-0.086795881
-0.086041266
-0.086368475
-0.089154997
-0.087875121
-0.088186855
-0.090241164
-0.089456284
-0.089281915
-0.090134991
-0.090484866
-0.089534111
-0.089884945
-0.091729353
-0.090671096
-0.090520064
-0.090827427
-0.089641954
-0.089402672
-0.089958531
-0.088687399
-0.087987069
-0.087660579
-0.088129684
-0.088859803
-0.087371774
-0.090436622
-0.086544483
-0.091559016
-0.089005413
-0.09582052
-0.091078861
-0.094887801
-0.095776795
-0.096812218
-0.10189198
-0.10388444
-0.10658193
-0.11138892
-0.11985936
-0.1247622
-0.13350754
-0.14997093
-0.16762003
-0.059243012
-0.059388865
-0.061058114
-0.061744031
-0.062308956
-0.066659628
-0.065557669
-0.066745574
-0.067373751
-0.067946306
-0.072781398
-0.071047509
-0.072026399
-0.073148344
-0.073530368
-0.077145114
-0.076211437
-0.076795317
-0.081361163
-0.079225619
-0.07991763
-0.083012842
-0.082230621
-0.083186215
-0.08388354
-0.084225281
-0.086727964
-0.086013231
-0.086355932
-0.089087945
-0.087862186
-0.088160041
-0.090178991
-0.089447576
-0.089262805
-0.090121095
-0.090489639
-0.089522959
-0.089875077
-0.091701912
-0.090644781
-0.090482484
-0.090797714
-0.089630765
-0.089377279
-0.089909796
-0.088677029
-0.087978065
-0.087641676
-0.088116371
-0.088813267
-0.087313702
-0.090366783
-0.086505417
-0.091459476
-0.088939652
-0.095716728
-0.091062925
-0.094856995
-0.095762385
-0.096796753
-0.10185565
-0.10386066
-0.10656365
-0.11134626
-0.11977845
-0.12471024
-0.1333999
-0.14974782
-0.1669274
-0.059230371
-0.059380927
-0.061052718
-0.061740077
-0.062302509
-0.06658289
-0.065548294
-0.066739364
-0.067368886
-0.067938215
-0.072700421
-0.071020579
-0.072020424
-0.073140723
-0.073519545
-0.077068303
-0.076188501
-0.07678328
-0.081281608
-0.079185045
-0.079906968
-0.082939869
-0.082213877
-0.083176575
-0.083872945
-0.084211924
-0.086652155
-0.085983475
-0.086341149
-0.089012589
-0.087848231
-0.088126387
-0.090109837
-0.089437114
-0.089238519
-0.090104641
-0.090490163
-0.089509939
-0.08986379
-0.091672979
-0.090609828
-0.090439141
-0.090763866
-0.08961734
-0.089350805
-0.089856657
-0.088664182
-0.087966835
-0.087620729
-0.088100039
-0.088760205
-0.087249557
-0.09029006
-0.086462646
-0.09134961
-0.088866956
-0.095599665
-0.091045316
-0.094819968
-0.095744542
-0.096777979
-0.10181193
-0.10383185
-0.10654126
-0.1112961
-0.119682
-0.12464724
-0.13327146
-0.14948115
-0.16615937
-0.059215519
-0.05937147
-0.061046085
-0.061735223
-0.062294776
-0.066498654
-0.06553442
-0.066731672
-0.067362914
-0.067928472
-0.072611532
-0.070992413
-0.072012989
-0.073131474
-0.073506578
-0.076983796
-0.076165467
-0.076769022
-0.081194384
-0.079141152
-0.079894598
-0.082859694
-0.082192388
-0.083164744
-0.083860289
-0.084195299
-0.086567798
-0.085952817
-0.086323774
-0.088928384
-0.087832949
-0.088085158
-0.090033202
-0.089424553
-0.08920846
-0.09008521
-0.090484433
-0.089494811
-0.089850687
-0.091642317
-0.090565659
-0.090390484
-0.090726083
-0.089601272
-0.089323697
-0.089798821
-0.088648418
-0.087952962
-0.0875977
-0.088080155
-0.088699945
-0.087179081
-0.090206273
-0.086416148
-0.091228958
-0.08878711
-0.095467919
-0.091026204
-0.094775887
-0.095722583
-0.096755155
-0.1017595
-0.10379699
-0.10651416
-0.11123696
-0.11956727
-0.12457051
-0.13311789
-0.1491625
-0.16530431
-0.059198239
-0.05936032
-0.061037985
-0.061729306
-0.062285566
-0.06640653
-0.065515892
-0.066722229
-0.067355626
-0.067916815
-0.072514258
-0.070963404
-0.072003831
-0.073120299
-0.073491146
-0.076891055
-0.076143965
-0.076752242
-0.081099073
-0.079093983
-0.079880355
-0.082771965
-0.082165639
-0.083150318
-0.083845201
-0.084174742
-0.086474129
-0.085922812
-0.086303489
-0.088834838
-0.087816714
-0.088035522
-0.089948506
-0.089409385
-0.089172177
-0.090062192
-0.090470233
-0.089477392
-0.089835731
-0.091609742
-0.090511377
-0.090336771
-0.09068518
-0.089582106
-0.089296757
-0.089735901
-0.088629219
-0.087935974
-0.087572663
-0.088056114
-0.088631737
-0.087101961
-0.090115262
-0.086365901
-0.091097015
-0.08869984
-0.095319927
-0.091005914
-0.094723833
-0.09569568
-0.096727396
-0.10169681
-0.10375484
-0.10648083
-0.11116709
-0.11943106
-0.12447669
-0.13293411
-0.14878186
-0.16434914
-0.059178309
-0.059347297
-0.061028155
-0.061722132
-0.062274668
-0.066306099
-0.065492352
-0.06671071
-0.067346785
-0.067902948
-0.072408055
-0.070934073
-0.071992629
-0.073106839
-0.073472886
-0.076789455
-0.076125817
-0.076732634
-0.080995205
-0.079043621
-0.079864063
-0.082676322
-0.082133019
-0.083132821
-0.083827349
-0.084149607
-0.086370355
-0.085895341
-0.086279716
-0.088731558
-0.087799642
-0.0879774
-0.089855039
-0.089391108
-0.089129693
-0.090035095
-0.09044538
-0.089457289
-0.089818349
-0.091574529
-0.090446733
-0.090278917
-0.090641834
-0.08955921
-0.089270264
-0.089667374
-0.088605976
-0.087915296
-0.087545825
-0.088027219
-0.088554791
-0.087017814
-0.090016907
-0.086311887
-0.090953252
-0.088604828
-0.095153842
-0.09098516
-0.094662844
-0.095662873
-0.096693661
-0.10162204
-0.10370394
-0.10643953
-0.1110844
-0.11926963
-0.12436162
-0.13271394
-0.14832827
-0.16327981
-0.05915549
-0.05933221
-0.061016287
-0.061713479
-0.062261848
-0.066196919
-0.065463267
-0.06669673
-0.067336109
-0.067886539
-0.072292293
-0.07090531
-0.071979025
-0.073090677
-0.073451401
-0.076678347
-0.076109836
-0.076709651
-0.080882281
-0.078990208
-0.0798455
-0.082572393
-0.082093831
-0.08311169
-0.083806243
-0.084119081
-0.086255628
-0.085870949
-0.086251715
-0.08861823
-0.087782466
-0.087910343
-0.089751944
-0.089368945
-0.089081035
-0.090003213
-0.090408458
-0.089434064
-0.089798338
-0.091534706
-0.090370934
-0.090216356
-0.090596506
-0.089531879
-0.089242619
-0.089592619
-0.08857799
-0.087890269
-0.087516942
-0.087992679
-0.08846823
-0.086926198
-0.089911129
-0.086254108
-0.090797113
-0.08850172
-0.094967566
-0.090965839
-0.094591994
-0.095622975
-0.096652701
-0.10153306
-0.10364247
-0.10638824
-0.11098642
-0.11907863
-0.12422022
-0.13245007
-0.14778916
-0.16208353
-0.059129534
-0.059314853
-0.061002023
-0.061703087
-0.062246848
-0.066078527
-0.065427994
-0.066679836
-0.067323273
-0.067867216
-0.072166242
-0.070879261
-0.071962636
-0.073071302
-0.073426261
-0.076557106
-0.076091329
-0.076682478
-0.080759778
-0.078933984
-0.0798242
-0.082459799
-0.082047302
-0.083086264
-0.083781392
-0.08408241
-0.086129184
-0.085847089
-0.086218133
-0.088494642
-0.087764675
-0.087834521
-0.089638236
-0.089341863
-0.089026425
-0.089965895
-0.09035927
-0.089407113
-0.089774901
-0.091487516
-0.090283834
-0.090148089
-0.090549052
-0.089499225
-0.089210841
-0.089510967
-0.088544453
-0.087860118
-0.087484341
-0.087951468
-0.08837115
-0.08682658
-0.089797938
-0.08619259
-0.090628044
-0.088390137
-0.094758617
-0.090949597
-0.094510607
-0.095574588
-0.096603027
-0.10142741
-0.10356825
-0.1063245
-0.11087017
-0.11885291
-0.12404631
-0.13213377
-0.1471505
-0.16074658
-0.05910017
-0.059294994
-0.060984945
-0.061690656
-0.062229382
-0.065950446
-0.065385789
-0.066659492
-0.067307895
-0.067844563
-0.072029061
-0.070858062
-0.071943196
-0.073048106
-0.073397009
-0.076425113
-0.076065275
-0.076650278
-0.080627096
-0.078875318
-0.079799336
-0.082338122
-0.08199258
-0.083055768
-0.083752061
-0.084038737
-0.085990336
-0.085819633
-0.086177411
-0.088360614
-0.087745138
-0.087749785
-0.089512876
-0.089307758
-0.088965696
-0.089922153
-0.090299026
-0.089375967
-0.089747619
-0.09143096
-0.090184791
-0.090071937
-0.09049945
-0.089460292
-0.089172766
-0.089421908
-0.088504414
-0.087823951
-0.087445757
-0.087902396
-0.088262552
-0.086718336
-0.089677449
-0.086127406
-0.090445507
-0.088269671
-0.094524482
-0.090932822
-0.094417205
-0.095516143
-0.096542856
-0.10130222
-0.10347862
-0.1062453
-0.11073214
-0.11858655
-0.12383231
-0.13175499
-0.14639579
-0.15925681
-0.059067107
-0.059272374
-0.06096457
-0.061675836
-0.062209144
-0.065812205
-0.065335808
-0.066635073
-0.067289538
-0.067818116
-0.071879953
-0.070838919
-0.071920061
-0.073020439
-0.073363187
-0.076281752
-0.076028637
-0.076612364
-0.08048353
-0.078814751
-0.079769955
-0.082206929
-0.081928735
-0.0830193
-0.083717406
-0.08398738
-0.085838676
-0.085784942
-0.086127794
-0.088215887
-0.087720582
-0.087656705
-0.089374942
-0.089261965
-0.088898546
-0.089871024
-0.090229806
-0.089340219
-0.089715459
-0.091363866
-0.090073923
-0.089986249
-0.090446451
-0.089413766
-0.089127234
-0.089324959
-0.088456747
-0.087780688
-0.087399599
-0.087844222
-0.088141391
-0.086600701
-0.08954997
-0.086058683
-0.090249014
-0.088139876
-0.094262728
-0.09090704
-0.094308626
-0.095445863
-0.096470101
-0.10115417
-0.10337034
-0.10614686
-0.11056813
-0.11827273
-0.12356895
-0.13130203
-0.14550718
-0.15759903
-0.059030025
-0.059246696
-0.060940328
-0.061658217
-0.062185803
-0.065663342
-0.065277096
-0.066605832
-0.067267687
-0.067787358
-0.071718231
-0.070814262
-0.071892093
-0.072987642
-0.073324342
-0.076126413
-0.075979789
-0.076568257
-0.080328249
-0.078753014
-0.0797352
-0.0820658
-0.08185475
-0.082975803
-0.083676171
-0.083927654
-0.085674787
-0.085741573
-0.086067737
-0.088060043
-0.087687556
-0.08755574
-0.089223942
-0.089199637
-0.08882397
-0.089811179
-0.090154109
-0.089299775
-0.089677778
-0.091285822
-0.089951002
-0.089888608
-0.090388124
-0.089358129
-0.089073163
-0.089219576
-0.088400146
-0.087729076
-0.087344654
-0.087775364
-0.088006537
-0.086472723
-0.089416203
-0.085986679
-0.090038162
-0.088000264
-0.093971062
-0.090865925
-0.094181052
-0.095361281
-0.096382277
-0.10097941
-0.10323949
-0.10602455
-0.11037301
-0.11790373
-0.12324512
-0.13076154
-0.14446489
-0.15575484
-0.058988575
-0.059217633
-0.06091156
-0.061637323
-0.062159014
-0.065503427
-0.065208599
-0.066570891
-0.067241751
-0.067751722
-0.071543239
-0.07077784
-0.071858165
-0.072948933
-0.073280048
-0.075958669
-0.075916775
-0.076517377
-0.080160309
-0.078691401
-0.079694229
-0.081914322
-0.081769531
-0.082924053
-0.083626717
-0.083858951
-0.085502872
-0.085691319
-0.085995839
-0.087892261
-0.087642909
-0.087448395
-0.089060369
-0.089124934
-0.088741979
-0.089741081
-0.090074215
-0.089254371
-0.089633214
-0.091197383
-0.089817249
-0.089777312
-0.090321537
-0.089291759
-0.089009006
-0.089105077
-0.088333096
-0.087667625
-0.087279452
-0.087692151
-0.087856758
-0.086333196
-0.089277257
-0.085912
-0.089812705
-0.087850287
-0.093647205
-0.090806707
-0.094030674
-0.095259323
-0.096276391
-0.10077354
-0.10308132
-0.10587264
-0.11014051
-0.1174707
-0.12284746
-0.13011822
-0.14324812
-0.15370066
-0.058942366
-0.059184817
-0.060877493
-0.061612593
-0.062128414
-0.065332071
-0.06512915
-0.066529214
-0.067211035
-0.067710582
-0.071354326
-0.070726976
-0.071817205
-0.072903401
-0.073229895
-0.075779076
-0.075842389
-0.076459206
-0.079978537
-0.078632753
-0.07964624
-0.081752063
-0.0816719
-0.082862615
-0.083566735
-0.083779943
-0.085334172
-0.085636369
-0.085910044
-0.087711296
-0.087585375
-0.087336297
-0.088887924
-0.089047422
-0.08865334
-0.089658688
-0.089991705
-0.089202997
-0.089580522
-0.091100194
-0.089674093
-0.08965051
-0.090243146
-0.089213319
-0.088932948
-0.088980724
-0.08825386
-0.087594607
-0.087202327
-0.087590541
-0.087690332
-0.086180779
-0.089131496
-0.085835591
-0.089572661
-0.087689339
-0.093289023
-0.090727128
-0.09385356
-0.095136327
-0.096148825
-0.10053148
-0.10289008
-0.10568418
-0.10986299
-0.11696362
-0.12236019
-0.12935484
-0.14183415
-0.15141435
-0.058890967
-0.059147843
-0.060837239
-0.061583371
-0.06209364
-0.065148951
-0.065037376
-0.066479587
-0.067174738
-0.067663264
-0.071150868
-0.070660767
-0.071768016
-0.072850023
-0.073173357
-0.075592916
-0.07576834
-0.07639475
-0.079781287
-0.078579005
-0.079590664
-0.081578604
-0.081560614
-0.082789809
-0.083493543
-0.083687755
-0.085183503
-0.085575977
-0.085805657
-0.087515526
-0.087512705
-0.08722108
-0.088716366
-0.088969101
-0.08855832
-0.089562266
-0.089906158
-0.089143021
-0.089517404
-0.090995392
-0.089524017
-0.089508353
-0.090148964
-0.089121843
-0.088842913
-0.088845692
-0.088160432
-0.087507967
-0.087111092
-0.087471941
-0.087506583
-0.086014139
-0.088969931
-0.085757273
-0.089318553
-0.087516771
-0.092894471
-0.090624057
-0.093645546
-0.094987864
-0.095995283
-0.10024742
-0.1026588
-0.10545075
-0.10953112
-0.11637108
-0.12176483
-0.12845226
-0.14019923
-0.14888771
-0.058833888
-0.059106261
-0.060789767
-0.061548882
-0.062054337
-0.064953853
-0.064931547
-0.066420509
-0.067131946
-0.067609041
-0.07093229
-0.070578276
-0.071709134
-0.072787669
-0.073109356
-0.075412769
-0.075701011
-0.076323452
-0.079567122
-0.078525054
-0.079525798
-0.081393653
-0.081434498
-0.082703635
-0.083403689
-0.083577123
-0.085056631
-0.085505902
-0.085676855
-0.087303501
-0.087423234
-0.087102339
-0.088557089
-0.088884078
-0.08845695
-0.089450229
-0.089813965
-0.089070795
-0.089441507
-0.090881351
-0.089368299
-0.089352393
-0.090036332
-0.089016698
-0.088736658
-0.088699133
-0.088050521
-0.087405318
-0.087003205
-0.087337535
-0.087304699
-0.085832116
-0.088781153
-0.085676459
-0.089051376
-0.087331864
-0.092461775
-0.090493688
-0.093401954
-0.094808487
-0.095810684
-0.099914765
-0.10237907
-0.1051623
-0.10913367
-0.11568031
-0.12104011
-0.12738935
-0.13831932
-0.14611132
-0.058770588
-0.059059581
-0.060733903
-0.061508214
-0.062010183
-0.064746915
-0.064810762
-0.066350079
-0.067081607
-0.067547121
-0.070698054
-0.070478154
-0.071638841
-0.072715047
-0.073036442
-0.075247535
-0.075632818
-0.076241536
-0.079335048
-0.07846234
-0.079449119
-0.08119707
-0.081292283
-0.082601843
-0.083292269
-0.083442218
-0.084943758
-0.085417834
-0.085521198
-0.087076722
-0.087315764
-0.086978427
-0.088412492
-0.088785277
-0.08835006
-0.089321425
-0.089708916
-0.088982415
-0.089349141
-0.090752672
-0.089206697
-0.089185759
-0.089902872
-0.08889672
-0.088611615
-0.088540134
-0.087921498
-0.087283816
-0.086875953
-0.087182055
-0.087082351
-0.085633939
-0.088558397
-0.085592846
-0.088772734
-0.087133883
-0.09198948
-0.090331639
-0.093117622
-0.094591602
-0.095589113
-0.099526108
-0.10204077
-0.10480687
-0.10865714
-0.11487693
-0.12016224
-0.12614308
-0.13617303
-0.14307199
-0.058700442
-0.059007261
-0.060668315
-0.061460278
-0.061960865
-0.064530018
-0.064679708
-0.066266714
-0.067022253
-0.067476509
-0.070447689
-0.070358371
-0.071555189
-0.0726307
-0.072953391
-0.075092673
-0.075554957
-0.076146293
-0.079083885
-0.078386464
-0.079358642
-0.080988504
-0.081132484
-0.082481946
-0.083155216
-0.083281146
-0.084826654
-0.08530595
-0.085343981
-0.086843609
-0.087190955
-0.086845892
-0.088271077
-0.088666516
-0.088236116
-0.089174053
-0.089584693
-0.088874665
-0.089234207
-0.090602312
-0.089035207
-0.089008224
-0.089746165
-0.088759612
-0.088464781
-0.088367393
-0.087770484
-0.087140138
-0.086726096
-0.086999935
-0.086837994
-0.085419103
-0.088297087
-0.085502064
-0.08848308
-0.08692244
-0.091476738
-0.090133112
-0.092786985
-0.094329197
-0.095323852
-0.099073203
-0.10163181
-0.10437043
-0.1080855
-0.11394502
-0.1191054
-0.12468842
-0.13374234
-0.13975893
-0.058622748
-0.058948718
-0.060591515
-0.061403775
-0.061905947
-0.06431061
-0.064551035
-0.066170501
-0.066951916
-0.067396257
-0.070180927
-0.07021585
-0.071455508
-0.072532916
-0.072858603
-0.074938125
-0.075463835
-0.076036185
-0.078812405
-0.078294226
-0.079251986
-0.080767467
-0.080954232
-0.082340849
-0.082997464
-0.083099266
-0.084688668
-0.085173766
-0.085154446
-0.08661537
-0.087049654
-0.086701148
-0.088114047
-0.08852255
-0.088109272
-0.089005001
-0.089435978
-0.08874514
-0.089083687
-0.090422565
-0.088848126
-0.088814858
-0.089562235
-0.088601408
-0.088292481
-0.088176908
-0.087594079
-0.086970394
-0.086549802
-0.086786971
-0.08657039
-0.085187362
-0.087992528
-0.08539426
-0.088175465
-0.08669602
-0.090923544
-0.089893075
-0.09240422
-0.094011649
-0.095007973
-0.098547227
-0.10113783
-0.10383656
-0.1074
-0.11286702
-0.11784288
-0.12299939
-0.13101454
-0.13616366
-0.058536711
-0.058883321
-0.060501892
-0.061337161
-0.061844548
-0.064101641
-0.064435524
-0.066060937
-0.066868478
-0.06730609
-0.069898696
-0.070052142
-0.071336057
-0.072419507
-0.072749613
-0.074776133
-0.075357469
-0.075909694
-0.078519441
-0.078179927
-0.079126186
-0.080534306
-0.080758529
-0.082174839
-0.082830503
-0.082903714
-0.084518479
-0.085024618
-0.08495702
-0.086396038
-0.086891432
-0.086541205
-0.08792599
-0.088348426
-0.087961655
-0.08881014
-0.089257842
-0.088592114
-0.08888112
-0.09020314
-0.088637718
-0.088597997
-0.089346612
-0.088417004
-0.088090567
-0.087960081
-0.087387374
-0.086770178
-0.086342688
-0.086538539
-0.086278415
-0.084938881
-0.087639612
-0.085259434
-0.087833616
-0.086448243
-0.090330823
-0.089606528
-0.091963756
-0.093627158
-0.094635037
-0.097940082
-0.10054198
-0.10318625
-0.10657908
-0.11162374
-0.11634815
-0.12105022
-0.12798375
-0.13228053
-0.058441622
-0.058810524
-0.060397708
-0.061258717
-0.061775328
-0.063909289
-0.064331931
-0.065935444
-0.066769762
-0.067206173
-0.069607159
-0.069883255
-0.071197696
-0.072287367
-0.07262335
-0.074601077
-0.075233622
-0.075764737
-0.078204003
-0.078037546
-0.078977816
-0.080291001
-0.080547788
-0.081980555
-0.082656381
-0.082696103
-0.084310169
-0.084851916
-0.084749534
-0.086176687
-0.086710529
-0.086365491
-0.087699925
-0.088140013
-0.087787083
-0.088585587
-0.089045057
-0.088412549
-0.088622261
-0.089934955
-0.088399402
-0.088351636
-0.089094066
-0.08820074
-0.087854333
-0.087707323
-0.08714448
-0.086534343
-0.086099636
-0.086249266
-0.085961642
-0.084675219
-0.087233293
-0.085089438
-0.087442112
-0.086171709
-0.089701103
-0.08926754
-0.091460382
-0.093161138
-0.094195642
-0.097246353
-0.099826119
-0.10239775
-0.10559843
-0.11019449
-0.11459654
-0.11881741
-0.12465355
-0.12810764
-0.058336443
-0.058729928
-0.060277041
-0.061166288
-0.061696757
-0.063726974
-0.064231096
-0.065791761
-0.066653385
-0.067095033
-0.069323297
-0.069728168
-0.071043177
-0.072133346
-0.072476858
-0.074406058
-0.075089055
-0.075599035
-0.077865234
-0.077862902
-0.078802805
-0.080038433
-0.080322195
-0.081754625
-0.082463397
-0.082472745
-0.08406162
-0.084647292
-0.084528459
-0.085937966
-0.086496493
-0.086173122
-0.087435466
-0.087893874
-0.087579813
-0.08832661
-0.088792122
-0.088200714
-0.088324361
-0.089615936
-0.088133906
-0.088071749
-0.088798835
-0.087946644
-0.087578367
-0.087411701
-0.086859488
-0.086256799
-0.085814714
-0.085912963
-0.085620691
-0.084399277
-0.08677033
-0.084874963
-0.086992519
-0.085862062
-0.089035987
-0.088872538
-0.09088938
-0.092598346
-0.093668984
-0.096453488
-0.098971456
-0.10144728
-0.10443157
-0.1085573
-0.11256686
-0.11628174
-0.12104481
-0.1236615
-0.05821835
-0.058640944
-0.060138047
-0.061057015
-0.061607025
-0.063544902
-0.064122509
-0.06562676
-0.066516656
-0.066969406
-0.069059807
-0.069581914
-0.07086665
-0.071955435
-0.072308192
-0.074182462
-0.074918927
-0.07541074
-0.077501934
-0.077655224
-0.078596173
-0.079772522
-0.080077561
-0.081492774
-0.082238491
-0.082230088
-0.083772153
-0.084405342
-0.084291308
-0.085660298
-0.086237598
-0.085957034
-0.087133013
-0.087607225
-0.087333649
-0.088027794
-0.0884931
-0.087948992
-0.088004818
-0.089247785
-0.087846452
-0.087755672
-0.088453782
-0.087647909
-0.087256482
-0.087066918
-0.086525582
-0.085930401
-0.085480953
-0.085522398
-0.085253052
-0.084107756
-0.08624621
-0.084604718
-0.086477822
-0.085515484
-0.08833547
-0.088414099
-0.090240952
-0.091924085
-0.093026936
-0.09554092
-0.09795724
-0.10030945
-0.10305072
-0.10668948
-0.11024302
-0.1134291
-0.11718796
-0.11897153
-0.058082075
-0.058541532
-0.059979404
-0.060927426
-0.061503686
-0.063353979
-0.063997125
-0.065436594
-0.066356257
-0.066825989
-0.068807236
-0.069423784
-0.070660315
-0.07175106
-0.072115796
-0.073923504
-0.074717985
-0.075199045
-0.077115333
-0.077417361
-0.078356722
-0.079485902
-0.07980824
-0.081189818
-0.081973811
-0.081966815
-0.083440801
-0.084120538
-0.084035651
-0.085334847
-0.085926943
-0.085702814
-0.0867881
-0.087275548
-0.087041486
-0.08768301
-0.088141298
-0.087650006
-0.087657056
-0.088824158
-0.087539409
-0.087402295
-0.08805149
-0.087296656
-0.086881609
-0.08666577
-0.086134829
-0.085546897
-0.085089946
-0.085071082
-0.084838865
-0.083776655
-0.085650377
-0.084265719
-0.085888068
-0.085125681
-0.087593063
-0.087863557
-0.089495899
-0.091122524
-0.092242702
-0.09448988
-0.096761778
-0.098957654
-0.10142805
-0.10456877
-0.1076144
-0.11024916
-0.1130825
-0.11407408
-0.057922284
-0.058426499
-0.059798863
-0.060773382
-0.061382971
-0.063143214
-0.063847094
-0.065218509
-0.066168067
-0.066662263
-0.068543566
-0.069238865
-0.070420872
-0.071515054
-0.071897627
-0.073625034
-0.074480504
-0.074963279
-0.076715258
-0.07715097
-0.078080353
-0.079171784
-0.07951203
-0.080840854
-0.081662334
-0.081682596
-0.083066456
-0.083785639
-0.083751186
-0.084958969
-0.085561855
-0.085398
-0.086394148
-0.086891831
-0.086695139
-0.087285331
-0.087729429
-0.087295709
-0.087260783
-0.088334532
-0.087199155
-0.087004886
-0.087583728
-0.086883796
-0.086445511
-0.086199923
-0.085678122
-0.085096794
-0.084631779
-0.084552031
-0.084349556
-0.083378029
-0.084973245
-0.083842504
-0.085215723
-0.084657927
-0.086782868
-0.087181581
-0.088636437
-0.090177039
-0.091290406
-0.093278773
-0.095362447
-0.097365551
-0.099537408
-0.10217689
-0.10467785
-0.10673627
-0.10872658
-0.10896982
-0.057735118
-0.058288519
-0.059592357
-0.060590248
-0.061238221
-0.062902637
-0.063665432
-0.064969418
-0.065946585
-0.066476856
-0.068250572
-0.069016175
-0.070145202
-0.071240706
-0.071653053
-0.073284595
-0.074198754
-0.074698672
-0.076318247
-0.076858376
-0.077756915
-0.078821811
-0.07919111
-0.080444596
-0.081294752
-0.081372786
-0.082648436
-0.083393061
-0.083419719
-0.084526074
-0.085138344
-0.085034044
-0.085943835
-0.086446916
-0.086284882
-0.086826793
-0.087249819
-0.086875487
-0.086803669
-0.087773239
-0.086797689
-0.086548082
-0.087041665
-0.086399296
-0.085938648
-0.0856599
-0.085145209
-0.084569298
-0.084095568
-0.083955064
-0.083769427
-0.082897142
-0.084208087
-0.083315972
-0.084452928
-0.084064598
-0.085874366
-0.086347843
-0.087647104
-0.089069344
-0.090142557
-0.091882799
-0.093736567
-0.095508485
-0.09735624
-0.099500482
-0.1014485
-0.10291602
-0.10406379
-0.10384692
-0.057516504
-0.058120821
-0.059355831
-0.060373033
-0.061061534
-0.062626763
-0.063446439
-0.06468531
-0.065684641
-0.066264991
-0.067921403
-0.068748103
-0.069828424
-0.070920333
-0.07138255
-0.072903692
-0.073863931
-0.074397045
-0.075907766
-0.076523939
-0.07737971
-0.078421414
-0.078838879
-0.080001497
-0.080863588
-0.081018028
-0.082176555
-0.082934148
-0.083026279
-0.084028506
-0.084648485
-0.084601537
-0.085427689
-0.085930767
-0.085800862
-0.086298688
-0.086693216
-0.086377735
-0.086276575
-0.087133018
-0.086313902
-0.086019769
-0.08641549
-0.085831312
-0.085349856
-0.085034853
-0.084524437
-0.083952191
-0.0834686
-0.083268708
-0.083086603
-0.082317472
-0.083346438
-0.082663539
-0.083584808
-0.083321816
-0.08485572
-0.085342973
-0.086505537
-0.087778775
-0.08877027
-0.090276077
-0.09186229
-0.093365275
-0.094866639
-0.096534945
-0.097919368
-0.098792289
-0.099223834
-0.09874225
-0.057261265
-0.057916965
-0.05908514
-0.060115801
-0.060845674
-0.062311631
-0.063182878
-0.064360952
-0.065375106
-0.066012827
-0.067549143
-0.068427597
-0.069464495
-0.070545527
-0.071076856
-0.07248095
-0.07346829
-0.074044946
-0.075445311
-0.076120796
-0.076942533
-0.077956491
-0.078431802
-0.079500287
-0.080361849
-0.080594168
-0.081636582
-0.082399592
-0.082559429
-0.083458689
-0.08408152
-0.084089455
-0.084834946
-0.08533285
-0.085232098
-0.085689924
-0.086048763
-0.085789652
-0.085668304
-0.086404481
-0.085732372
-0.08540729
-0.085694154
-0.085166442
-0.084666379
-0.084312424
-0.083802565
-0.083231733
-0.082736515
-0.082479723
-0.0822881
-0.081617684
-0.082376443
-0.081863731
-0.082591463
-0.082413067
-0.083706654
-0.084143978
-0.085185513
-0.086286345
-0.087142265
-0.088433194
-0.089718297
-0.090922118
-0.092054142
-0.093286016
-0.09406527
-0.094439254
-0.094339893
-0.093610933
-0.056963161
-0.057669439
-0.058774949
-0.059811649
-0.060582428
-0.061951843
-0.06286621
-0.063989732
-0.065011033
-0.065704828
-0.06712426
-0.068045272
-0.069045461
-0.070108696
-0.070713467
-0.07200293
-0.073003039
-0.073625114
-0.074915105
-0.075641882
-0.076437248
-0.077417352
-0.077946732
-0.078925339
-0.079779212
-0.080086249
-0.081020721
-0.081778953
-0.082005777
-0.08280645
-0.083424148
-0.083485935
-0.084153508
-0.084640844
-0.084565167
-0.084987116
-0.085304477
-0.085097404
-0.084965276
-0.08557667
-0.085036918
-0.084696086
-0.084865636
-0.084389292
-0.083873449
-0.083478472
-0.082964535
-0.082392351
-0.081883132
-0.08157258
-0.0813593
-0.080777676
-0.081275406
-0.080903312
-0.081444803
-0.081320403
-0.082399045
-0.082731087
-0.083656676
-0.084569513
-0.085237216
-0.086331327
-0.087289337
-0.088165491
-0.088915131
-0.089702238
-0.089972434
-0.089904398
-0.08948861
-0.088490933
-0.056614657
-0.057369138
-0.058418105
-0.059452435
-0.060261882
-0.061540026
-0.062486622
-0.063562955
-0.064583229
-0.06532904
-0.066639507
-0.067590729
-0.068560948
-0.06960075
-0.070271456
-0.071455639
-0.072457352
-0.073123798
-0.074309647
-0.075076076
-0.075850874
-0.07679219
-0.077368514
-0.078266936
-0.07910413
-0.07947977
-0.080317297
-0.081059613
-0.081348506
-0.082059343
-0.082662417
-0.082775958
-0.083369365
-0.083840118
-0.083785111
-0.084174253
-0.084446706
-0.084285213
-0.084151374
-0.08463683
-0.084209428
-0.083868714
-0.083917551
-0.083482256
-0.082953998
-0.082516792
-0.081993224
-0.081416338
-0.080890235
-0.08052895
-0.080281886
-0.079770552
-0.080029335
-0.079758642
-0.080123036
-0.080023608
-0.080897695
-0.08109469
-0.081889448
-0.082586081
-0.083056849
-0.083939315
-0.084536145
-0.085093899
-0.085465864
-0.085808556
-0.08569773
-0.085329965
-0.084588778
-0.083363509
-0.056208734
-0.057007423
-0.058006482
-0.059029585
-0.059873689
-0.061067753
-0.062034335
-0.063070612
-0.064081623
-0.0648731
-0.066084394
-0.06705182
-0.067998078
-0.069009205
-0.069735427
-0.070827561
-0.071818174
-0.072524646
-0.073614599
-0.074406457
-0.075166007
-0.076064794
-0.076678949
-0.07750793
-0.078318887
-0.078754306
-0.079507831
-0.080223377
-0.080566432
-0.08119901
-0.081777939
-0.081938939
-0.082463861
-0.082911994
-0.082874451
-0.083232063
-0.083458087
-0.083334619
-0.083206876
-0.083565009
-0.083232913
-0.082902722
-0.082837764
-0.082426202
-0.08188862
-0.081409096
-0.080869525
-0.080283798
-0.079737477
-0.07932761
-0.079035497
-0.07857039
-0.078621207
-0.07840395
-0.078599257
-0.078505196
-0.079152006
-0.079225763
-0.079840135
-0.08032134
-0.080590435
-0.081203613
-0.081477426
-0.081724498
-0.081739446
-0.081671143
-0.08132095
-0.080658227
-0.079663109
-0.0781953
-0.055732376
-0.056573457
-0.057528943
-0.05853126
-0.059403933
-0.060521986
-0.061496706
-0.062498956
-0.063493437
-0.064322681
-0.065445363
-0.066415758
-0.067342664
-0.068320943
-0.069091183
-0.070104793
-0.071072557
-0.071812694
-0.072816092
-0.073619602
-0.074367964
-0.07522197
-0.075863708
-0.076633915
-0.077410166
-0.077894129
-0.078576766
-0.079255594
-0.079642024
-0.080207907
-0.080753756
-0.080954869
-0.081417196
-0.081835782
-0.081812598
-0.082138895
-0.082316777
-0.08222328
-0.082105445
-0.082339743
-0.082084387
-0.081769114
-0.081605718
-0.08119858
-0.080653442
-0.080132775
-0.079570557
-0.078971162
-0.078401389
-0.077944346
-0.077597482
-0.077146043
-0.077039509
-0.076815852
-0.076849747
-0.076737335
-0.077129295
-0.077113702
-0.07748529
-0.077757746
-0.077828219
-0.078123385
-0.078118839
-0.078042733
-0.077808054
-0.077431184
-0.076798468
-0.075896084
-0.074676255
-0.073087114
-0.055171642
-0.056056522
-0.056977975
-0.057951667
-0.058844157
-0.059893565
-0.060864456
-0.061835607
-0.062806712
-0.06366391
-0.06470759
-0.065668375
-0.066577253
-0.06751872
-0.068319898
-0.069265896
-0.070200928
-0.070965788
-0.071890752
-0.072693575
-0.073432322
-0.074239322
-0.074897892
-0.075618356
-0.076353132
-0.076873295
-0.077497142
-0.078131919
-0.07855028
-0.07906065
-0.079567354
-0.079799857
-0.080206202
-0.080589421
-0.080580703
-0.080874201
-0.081003799
-0.080934292
-0.080828126
-0.080946089
-0.080747754
-0.08044844
-0.080200728
-0.079780955
-0.079226171
-0.078665393
-0.078072888
-0.077452433
-0.076854015
-0.07634827
-0.075938016
-0.075469818
-0.075239107
-0.074954406
-0.074853498
-0.07468
-0.074797695
-0.074722255
-0.07480712
-0.074851948
-0.074766756
-0.07469315
-0.074500022
-0.074166249
-0.073665973
-0.073024871
-0.072169215
-0.071056469
-0.069692769
-0.068079919
-0.054553133
-0.055452838
-0.056348236
-0.057290828
-0.058192994
-0.059183974
-0.06014024
-0.061082609
-0.062024524
-0.062897164
-0.063873405
-0.064813051
-0.065702922
-0.06660558
-0.067422837
-0.068311427
-0.069205614
-0.069983109
-0.07083771
-0.071626436
-0.072352864
-0.073110755
-0.073773057
-0.074449317
-0.075136273
-0.075676844
-0.076249429
-0.07683165
-0.077266673
-0.077728235
-0.078189719
-0.078439831
-0.078791716
-0.079130044
-0.079135812
-0.079387966
-0.079469467
-0.079418297
-0.079323086
-0.079336
-0.079173
-0.078889134
-0.078576917
-0.078132535
-0.077565496
-0.076969293
-0.076344544
-0.075699798
-0.075072383
-0.074518847
-0.074042334
-0.073535467
-0.073194358
-0.072821606
-0.072590851
-0.072311463
-0.072192355
-0.071995238
-0.071834252
-0.07165613
-0.071372664
-0.071043701
-0.070614143
-0.070041781
-0.069318095
-0.068487414
-0.067426293
-0.066170591
-0.064758551
-0.06316102
-0.053861652
-0.054766756
-0.055645037
-0.05655744
-0.057454632
-0.058396421
-0.059328667
-0.060242684
-0.061154258
-0.062025297
-0.062945582
-0.063855605
-0.064722658
-0.065586999
-0.066401799
-0.067242419
-0.068092538
-0.068865802
-0.069661815
-0.07042588
-0.071132879
-0.071842057
-0.072493587
-0.073130819
-0.07376707
-0.074311206
-0.07484094
-0.075366569
-0.075799923
-0.076218815
-0.076632356
-0.076886401
-0.077185081
-0.077476224
-0.077496105
-0.077698778
-0.077732222
-0.077684779
-0.077587406
-0.077519097
-0.077355069
-0.077071533
-0.076706543
-0.076216451
-0.075620633
-0.074979259
-0.074308533
-0.073624228
-0.07296234
-0.072356918
-0.071810193
-0.071250555
-0.070798787
-0.070329679
-0.069962346
-0.069559876
-0.069251996
-0.068891447
-0.068530878
-0.06814068
-0.067657376
-0.067113626
-0.066475119
-0.065716795
-0.064815064
-0.063812218
-0.062641948
-0.061335002
-0.059913902
-0.05835733
-0.053104434
-0.054001774
-0.054862659
-0.055743034
-0.056622969
-0.057523984
-0.058425225
-0.059310024
-0.060189669
-0.061045942
-0.061920893
-0.062794667
-0.063634752
-0.064462911
-0.065261686
-0.066062183
-0.066867195
-0.067622465
-0.06837111
-0.069100785
-0.06978245
-0.070448652
-0.071077469
-0.071678335
-0.07226661
-0.072792448
-0.073282717
-0.073762125
-0.07417982
-0.074558965
-0.074920784
-0.075158644
-0.075407532
-0.075644505
-0.075665231
-0.075811661
-0.075805227
-0.075745311
-0.075631689
-0.075499054
-0.075306368
-0.075020264
-0.074607822
-0.074050328
-0.073417239
-0.072730754
-0.072012511
-0.071289219
-0.070589496
-0.069921014
-0.069290504
-0.068661952
-0.068083403
-0.067501169
-0.066974656
-0.066433501
-0.065931631
-0.065394059
-0.064837405
-0.06424036
-0.063566089
-0.062831559
-0.062022501
-0.061075403
-0.060019745
-0.05892203
-0.057716458
-0.056404891
-0.055011175
-0.053529702
-0.052268664
-0.053145904
-0.053986928
-0.054836097
-0.055691492
-0.056555688
-0.057421632
-0.05827454
-0.059120382
-0.059952054
-0.060786012
-0.061619282
-0.062427307
-0.063218942
-0.063990777
-0.064752506
-0.0655116
-0.066237296
-0.066942619
-0.067631883
-0.068281923
-0.068906871
-0.069503021
-0.07006642
-0.070608144
-0.071104991
-0.071560841
-0.071995493
-0.072382784
-0.072722475
-0.073033491
-0.073246644
-0.07345245
-0.073640527
-0.073661019
-0.073741029
-0.073709682
-0.073632916
-0.073500298
-0.073322178
-0.073093098
-0.072787099
-0.072325369
-0.071711012
-0.071033369
-0.070295748
-0.069523909
-0.068743133
-0.067967537
-0.067203908
-0.066465479
-0.065740037
-0.065036002
-0.064345562
-0.063673798
-0.062999934
-0.062324794
-0.06162976
-0.060905976
-0.060144734
-0.059305607
-0.058399014
-0.057426906
-0.056370264
-0.055242786
-0.054079352
-0.052858222
-0.051578443
-0.050254608
-0.04889435
-0.05134612
-0.052195372
-0.053013328
-0.053831313
-0.054656067
-0.055483354
-0.056311236
-0.057128867
-0.057938595
-0.058738284
-0.059532124
-0.06032304
-0.061094469
-0.061848141
-0.062585861
-0.063308219
-0.064021899
-0.064710601
-0.065373909
-0.066020316
-0.066633453
-0.067217246
-0.067775075
-0.068299293
-0.068796096
-0.069256496
-0.069674829
-0.070063875
-0.070413161
-0.070713413
-0.070968356
-0.071154705
-0.071315693
-0.07144919
-0.071455374
-0.071471084
-0.071421622
-0.071316921
-0.071151629
-0.070929153
-0.070656197
-0.070316981
-0.069815331
-0.069144364
-0.068410996
-0.067617713
-0.066791159
-0.065954133
-0.065114957
-0.064280922
-0.063465184
-0.06265811
-0.061852297
-0.061057001
-0.060255896
-0.059450889
-0.058624865
-0.057784118
-0.056903157
-0.05598385
-0.05501847
-0.054000053
-0.052938994
-0.05183084
-0.050669773
-0.049468894
-0.048244103
-0.046991572
-0.045717427
-0.044430583
-0.050329913
-0.05114443
-0.051933818
-0.052718537
-0.05350795
-0.054296767
-0.055084646
-0.055863678
-0.056634492
-0.057396658
-0.058149113
-0.0588961
-0.059626592
-0.060339446
-0.061037512
-0.061717841
-0.062385293
-0.063031248
-0.063650691
-0.064251771
-0.064822839
-0.06536344
-0.065878644
-0.066360467
-0.066811849
-0.067230305
-0.067607847
-0.067952012
-0.068258859
-0.06851538
-0.068715408
-0.068873037
-0.068986572
-0.069064977
-0.069055174
-0.069026946
-0.068948397
-0.068810002
-0.068610125
-0.068349256
-0.068035564
-0.067659206
-0.067114209
-0.066389005
-0.065597901
-0.064746874
-0.063862737
-0.062964289
-0.062056103
-0.061142644
-0.06023511
-0.059329537
-0.05841511
-0.057508394
-0.056587919
-0.055663795
-0.054715361
-0.053758081
-0.052767412
-0.051750175
-0.050704581
-0.049620048
-0.048510397
-0.047377726
-0.046217202
-0.045039125
-0.043863533
-0.042684781
-0.041504737
-0.040330429
-0.049210982
-0.04998553
-0.050741154
-0.051490213
-0.052241115
-0.052989278
-0.053735071
-0.054472309
-0.055201112
-0.055921424
-0.056630143
-0.057331413
-0.058017389
-0.058686257
-0.059340513
-0.059975868
-0.060595832
-0.061195363
-0.061768605
-0.062322533
-0.062848018
-0.063343197
-0.063812928
-0.064249636
-0.064654668
-0.065028065
-0.065362026
-0.065660745
-0.065923355
-0.066120007
-0.066280868
-0.066400493
-0.066464684
-0.066490964
-0.066464419
-0.066397687
-0.066277813
-0.066101279
-0.065865309
-0.065566606
-0.065212415
-0.06479614
-0.064207742
-0.063432373
-0.06257712
-0.061667794
-0.060729695
-0.059773063
-0.058800582
-0.057816728
-0.056833069
-0.05584813
-0.054851416
-0.053858942
-0.052851207
-0.05183856
-0.050804598
-0.049765628
-0.04870224
-0.04762287
-0.046529101
-0.045414696
-0.044293533
-0.043168364
-0.042034568
-0.040900799
-0.039784354
-0.038680608
-0.03759058
-0.036519695
-0.04798184
-0.048712438
-0.049429511
-0.050139662
-0.050848864
-0.051553497
-0.05225463
-0.052947003
-0.053630637
-0.05430545
-0.054967643
-0.055621035
-0.056259377
-0.056880984
-0.057487834
-0.058075136
-0.058645627
-0.059195766
-0.059720031
-0.060224541
-0.06070132
-0.061148298
-0.061569802
-0.06195865
-0.062315568
-0.062641278
-0.06292869
-0.063179311
-0.063392474
-0.06353001
-0.063656593
-0.063729096
-0.063746536
-0.063733395
-0.063680635
-0.063574456
-0.063412549
-0.06319751
-0.062925246
-0.062589799
-0.062197292
-0.061743798
-0.061110024
-0.060277588
-0.059369022
-0.058409291
-0.057420854
-0.056410549
-0.055380598
-0.05433558
-0.053286541
-0.052232992
-0.051166402
-0.050102365
-0.04902563
-0.047946881
-0.046854737
-0.045765098
-0.044663696
-0.043559784
-0.042456031
-0.041348737
-0.040250126
-0.039162673
-0.038082603
-0.03701756
-0.035980849
-0.034967876
-0.033978515
-0.033016074
-0.046635174
-0.047318479
-0.047992728
-0.048660482
-0.049325029
-0.049983423
-0.050637407
-0.051282195
-0.051917779
-0.052544015
-0.053156969
-0.053760185
-0.054348205
-0.054919606
-0.055476044
-0.05601258
-0.056531543
-0.057030006
-0.057502967
-0.057956051
-0.058381873
-0.058778464
-0.059149729
-0.059488816
-0.059796135
-0.060072738
-0.060311235
-0.060513546
-0.060662484
-0.060759689
-0.060842962
-0.060864214
-0.060849108
-0.060802095
-0.060709296
-0.060561997
-0.060360256
-0.060107107
-0.059798073
-0.059426513
-0.058998313
-0.058501225
-0.057823904
-0.056944747
-0.055990823
-0.054985196
-0.053951095
-0.052894849
-0.051818036
-0.050725222
-0.049627434
-0.04852564
-0.047413638
-0.04630678
-0.045193071
-0.044083245
-0.042969066
-0.041865559
-0.040761822
-0.039666889
-0.038583723
-0.037510011
-0.036456283
-0.035424502
-0.034411283
-0.033422747
-0.032469009
-0.031545654
-0.030651894
-0.029789642
-0.04516483
-0.045798095
-0.046425983
-0.047048068
-0.047665127
-0.048274635
-0.048878893
-0.049473456
-0.050058266
-0.050633167
-0.05119431
-0.051745036
-0.052280326
-0.052798963
-0.05330243
-0.053785849
-0.054251301
-0.05469616
-0.055115858
-0.055515701
-0.055888734
-0.056233118
-0.056552468
-0.056840225
-0.057096809
-0.05732281
-0.057511715
-0.057649526
-0.057751974
-0.057808568
-0.057838834
-0.057826233
-0.057780894
-0.057692119
-0.057556128
-0.057369181
-0.057130056
-0.05684032
-0.056498215
-0.056083997
-0.055617964
-0.05509032
-0.054377848
-0.053458018
-0.052465
-0.051422211
-0.050353141
-0.049263535
-0.048154566
-0.047031037
-0.045904013
-0.044775526
-0.043641296
-0.042516173
-0.041390987
-0.040276438
-0.039166792
-0.038076042
-0.036995783
-0.035934366
-0.034894557
-0.033874585
-0.032883055
-0.031921118
-0.030985457
-0.030080589
-0.029213981
-0.028381201
-0.027580819
-0.026813655
-0.043566277
-0.044147153
-0.044725728
-0.045299177
-0.0458661
-0.046424286
-0.046976484
-0.047518531
-0.048050299
-0.048571628
-0.04907885
-0.049575126
-0.05005576
-0.05051967
-0.050968238
-0.051396777
-0.051807196
-0.052197072
-0.052562191
-0.052907578
-0.053226697
-0.053517847
-0.053784363
-0.054020182
-0.054225252
-0.054400375
-0.054528137
-0.054611986
-0.054675118
-0.054683534
-0.054672549
-0.054632053
-0.054547253
-0.054415762
-0.054239663
-0.054015614
-0.053742333
-0.053415349
-0.053029628
-0.052585721
-0.052093773
-0.051540324
-0.050796424
-0.049843094
-0.048821673
-0.047754477
-0.046664025
-0.045555977
-0.044431862
-0.043296899
-0.042162067
-0.041030268
-0.039898924
-0.038782114
-0.037672896
-0.036581312
-0.035503193
-0.034450869
-0.033417485
-0.032410199
-0.031431172
-0.030478741
-0.029559698
-0.028674449
-0.027819697
-0.026998632
-0.026216697
-0.025469569
-0.024755436
-0.024074389
-0.041836739
-0.042363292
-0.042890212
-0.043412595
-0.043927158
-0.044431993
-0.044930194
-0.045417858
-0.045894768
-0.046360775
-0.046812434
-0.047252736
-0.047677283
-0.048085088
-0.048477459
-0.048849972
-0.049204401
-0.049538498
-0.049848363
-0.050138721
-0.050403474
-0.050641036
-0.050854452
-0.051038096
-0.051191037
-0.051311783
-0.051372476
-0.051423956
-0.051433572
-0.051416284
-0.051370991
-0.051288424
-0.051161825
-0.050991888
-0.050780218
-0.050521048
-0.050206005
-0.049845258
-0.04943385
-0.048967265
-0.048452178
-0.047877251
-0.047110701
-0.046135949
-0.045099754
-0.044023005
-0.04292725
-0.041818416
-0.040698523
-0.039573011
-0.038452453
-0.037340233
-0.036234958
-0.035149501
-0.03407852
-0.033031041
-0.032003918
-0.031007692
-0.030036611
-0.029096546
-0.02818897
-0.027312146
-0.026471221
-0.025665929
-0.024892983
-0.024154466
-0.023454229
-0.022788124
-0.022154134
-0.021551853
-0.039976208
-0.040446967
-0.040920473
-0.04138994
-0.041850438
-0.042300394
-0.042743178
-0.043175141
-0.043595986
-0.044005571
-0.044400699
-0.044784185
-0.04515193
-0.045503032
-0.045838724
-0.04615489
-0.046453179
-0.046731524
-0.046986327
-0.047221999
-0.047432893
-0.047617606
-0.047778783
-0.04791099
-0.048007572
-0.048064354
-0.048093125
-0.048092247
-0.048075275
-0.048026625
-0.047940252
-0.047816317
-0.04765251
-0.047450521
-0.04719839
-0.0469011
-0.046560828
-0.046178244
-0.045745538
-0.045259528
-0.044727679
-0.044139861
-0.043361686
-0.042379247
-0.041343284
-0.040273485
-0.039190196
-0.038099387
-0.037003432
-0.035907796
-0.034822393
-0.033750746
-0.032692197
-0.031658143
-0.030644311
-0.029658456
-0.028697955
-0.027771486
-0.026873998
-0.026010061
-0.025180461
-0.024383337
-0.023622458
-0.022897067
-0.022203978
-0.021544442
-0.020921134
-0.020330188
-0.019769543
-0.019238498
-0.037987318
-0.038401385
-0.038820389
-0.039235793
-0.039641219
-0.040035462
-0.040422119
-0.040797798
-0.041162123
-0.041514962
-0.04185338
-0.042180007
-0.042491054
-0.042785703
-0.043065109
-0.043325487
-0.043568371
-0.043791865
-0.043992701
-0.044174882
-0.0443334
-0.044466468
-0.04457671
-0.044651835
-0.044684893
-0.044711778
-0.044702795
-0.044674608
-0.044619946
-0.044530647
-0.044406261
-0.044249284
-0.044046524
-0.043805116
-0.043527777
-0.043209412
-0.042849093
-0.042447832
-0.041999859
-0.041502887
-0.040963354
-0.040371864
-0.039593976
-0.038619229
-0.037600157
-0.036554986
-0.035502475
-0.034448414
-0.03339534
-0.032348488
-0.031316812
-0.030303634
-0.029308616
-0.028341513
-0.027398725
-0.026486666
-0.025602974
-0.024754596
-0.023937004
-0.023153615
-0.022404643
-0.021688137
-0.021006762
-0.020359435
-0.019743136
-0.019158501
-0.018607337
-0.018086113
-0.017592825
-0.017126617
-0.035876665
-0.036233829
-0.036597958
-0.036958911
-0.037309041
-0.037647527
-0.03797815
-0.038297782
-0.038605978
-0.038902618
-0.039185043
-0.039455687
-0.039711084
-0.039950506
-0.040175024
-0.040381208
-0.040570467
-0.040741114
-0.040890159
-0.041021409
-0.041129776
-0.041214593
-0.041265851
-0.041286542
-0.041287899
-0.041278648
-0.041244854
-0.041181333
-0.041088007
-0.040964294
-0.04080232
-0.040606967
-0.040377752
-0.04011576
-0.039819391
-0.039483523
-0.039108716
-0.038696803
-0.038242534
-0.037743546
-0.037205451
-0.036620124
-0.035855536
-0.034904673
-0.033919219
-0.032915717
-0.031911089
-0.030910714
-0.029917054
-0.028934851
-0.027971897
-0.027031076
-0.026112108
-0.025223075
-0.0243608
-0.023530393
-0.02272961
-0.021963855
-0.021229032
-0.02052758
-0.019859281
-0.019222166
-0.018618049
-0.018045669
-0.017502236
-0.016987958
-0.016504016
-0.016047245
-0.015615773
-0.015208682
-0.033654548
-0.033955453
-0.034265182
-0.034572174
-0.034867704
-0.035151331
-0.035426971
-0.035691768
-0.03594522
-0.036187221
-0.036415392
-0.036631966
-0.036833807
-0.037020273
-0.037192353
-0.037346958
-0.037485409
-0.037606087
-0.037706688
-0.037789229
-0.037853291
-0.03786596
-0.037888879
-0.03788092
-0.03785679
-0.037812214
-0.037741365
-0.03764433
-0.037513926
-0.037352646
-0.037165301
-0.036950246
-0.03670284
-0.036424114
-0.036113908
-0.035768447
-0.035388154
-0.034974411
-0.034522602
-0.034030787
-0.033503961
-0.032935193
-0.032197088
-0.031286205
-0.030350393
-0.029404301
-0.028462816
-0.0275307
-0.026610117
-0.02570513
-0.024822265
-0.023963831
-0.023129447
-0.022325604
-0.021549412
-0.0208048
-0.020089605
-0.019407927
-0.01875607
-0.018135695
-0.017546289
-0.016985933
-0.016455811
-0.015954593
-0.015479761
-0.015031237
-0.01460976
-0.014212536
-0.013837865
-0.013484832
-0.031396481
-0.031644256
-0.031902362
-0.032158148
-0.0324021
-0.032634122
-0.0328582
-0.033071743
-0.03327421
-0.033465516
-0.033643554
-0.033810371
-0.033963148
-0.034101339
-0.034225844
-0.034333943
-0.034426766
-0.034502918
-0.034560085
-0.034594978
-0.034600461
-0.034598486
-0.034587203
-0.034555636
-0.034500624
-0.034424025
-0.034315864
-0.034184321
-0.034031036
-0.033851818
-0.033647408
-0.033416821
-0.033157053
-0.032869572
-0.032554233
-0.032207592
-0.031829992
-0.031422729
-0.030981937
-0.030506053
-0.029999458
-0.029456307
-0.028755774
-0.0278976
-0.027023265
-0.026145427
-0.025276866
-0.024421606
-0.023581396
-0.022759554
-0.021961386
-0.021188616
-0.020440695
-0.019722741
-0.019032077
-0.018371659
-0.017739401
-0.017138379
-0.016565264
-0.016021142
-0.015505327
-0.015015997
-0.014553892
-0.014117701
-0.013705176
-0.013316067
-0.012950815
-0.012606981
-0.012283044
-0.01197814
-0.029165837
-0.029365058
-0.029575829
-0.029784693
-0.029981604
-0.030166764
-0.030344176
-0.030511503
-0.030668179
-0.030814143
-0.030947541
-0.031070242
-0.031179722
-0.031275563
-0.03135846
-0.0314264
-0.031479442
-0.031519088
-0.031518578
-0.031524042
-0.03151622
-0.031492098
-0.031450083
-0.031387867
-0.031298998
-0.031191238
-0.031063502
-0.03091562
-0.030746478
-0.030553266
-0.030337564
-0.030098903
-0.029834633
-0.029545909
-0.029232614
-0.028891866
-0.028524068
-0.028130414
-0.027707663
-0.027254565
-0.026774972
-0.02626401
-0.025608728
-0.024811273
-0.024005074
-0.023200871
-0.022409384
-0.021633873
-0.020875654
-0.020137324
-0.01942309
-0.018734153
-0.018069802
-0.017434017
-0.016824311
-0.016242872
-0.015687715
-0.015161128
-0.014660137
-0.014185415
-0.013736189
-0.013310776
-0.012909602
-0.012531424
-0.012174257
-0.011837756
-0.011522153
-0.011225337
-0.010945954
-0.010683214
-0.0269749
-0.027130413
-0.027298413
-0.027464904
-0.027619545
-0.027762803
-0.027898642
-0.028024969
-0.02814121
-0.028247329
-0.028341708
-0.02842606
-0.028498118
-0.02855764
-0.028604948
-0.028638858
-0.028648679
-0.028648406
-0.028641977
-0.028624621
-0.028591584
-0.028538634
-0.028465741
-0.028376006
-0.028270183
-0.02814771
-0.028005716
-0.027845074
-0.027665714
-0.027465453
-0.02724556
-0.027005545
-0.026743156
-0.026459476
-0.026154487
-0.025825782
-0.025473774
-0.025099551
-0.024700427
-0.024275431
-0.023827924
-0.02335388
-0.02274909
-0.022017697
-0.021283567
-0.020555592
-0.019842604
-0.019147154
-0.018470139
-0.017813507
-0.017180517
-0.016571928
-0.0159869
-0.015428494
-0.014894405
-0.014386233
-0.013902108
-0.013443725
-0.01300844
-0.012596633
-0.012207507
-0.011839527
-0.011492907
-0.0111665
-0.010858564
-0.010568712
-0.010297041
-0.010041733
-0.0098015993
-0.009575928
-0.024836028
-0.024952742
-0.025082597
-0.025211345
-0.025328548
-0.02543489
-0.025534248
-0.02562476
-0.025705856
-0.02577752
-0.025838352
-0.025889907
-0.025930159
-0.025958853
-0.025972915
-0.025970538
-0.025964544
-0.025950062
-0.025922227
-0.02587717
-0.025815545
-0.025740311
-0.025652515
-0.025549182
-0.025430302
-0.025296323
-0.025145344
-0.024978269
-0.024794956
-0.024593466
-0.024374936
-0.024139017
-0.023883852
-0.02361042
-0.02331876
-0.023006875
-0.022675183
-0.022324675
-0.021953144
-0.021559844
-0.021147688
-0.020713371
-0.02016189
-0.019498713
-0.0188374
-0.018185195
-0.017549236
-0.016931441
-0.016332345
-0.015753343
-0.015196903
-0.014663441
-0.014152029
-0.013665002
-0.01320024
-0.012758895
-0.012339232
-0.011942497
-0.011566356
-0.011210982
-0.010875599
-0.010558818
-0.010260719
-0.0099802521
-0.0097159121
-0.0094672822
-0.0092343873
-0.0090156529
-0.0088100524
-0.0086169387
-0.022761008
-0.022843909
-0.022940349
-0.023036068
-0.023120718
-0.023195159
-0.023263139
-0.023323014
-0.023374229
-0.023416771
-0.023449512
-0.023473602
-0.023486969
-0.02348398
-0.023478056
-0.023464681
-0.023440773
-0.023400407
-0.023347229
-0.023284736
-0.023210085
-0.023122347
-0.023022697
-0.02290931
-0.022782504
-0.022642735
-0.022488317
-0.022319992
-0.022137679
-0.021939787
-0.02172734
-0.021500082
-0.021256476
-0.020997402
-0.02072294
-0.020431456
-0.020123358
-0.019799534
-0.019458183
-0.019098742
-0.018723712
-0.018330398
-0.017833149
-0.017238335
-0.016648757
-0.01607019
-0.01550831
-0.014964491
-0.014438969
-0.013932686
-0.013447468
-0.012983461
-0.012539703
-0.012117949
-0.011716273
-0.011335483
-0.010973993
-0.010632708
-0.010309583
-0.010004648
-0.0097171733
-0.0094459189
-0.009190873
-0.0089510981
-0.0087252925
-0.0085130465
-0.0083143356
-0.0081278111
-0.0079525843
-0.0077880871
-0.020761388
-0.020815415
-0.0208831
-0.020950426
-0.021007303
-0.021054725
-0.021096263
-0.021130492
-0.021156912
-0.021175351
-0.021184681
-0.021182316
-0.021176388
-0.021163761
-0.021139921
-0.021104013
-0.021059206
-0.021005161
-0.020940438
-0.020866468
-0.020781425
-0.020685022
-0.020578426
-0.020460086
-0.020330235
-0.020189261
-0.02003577
-0.019870447
-0.01969326
-0.019502896
-0.019300258
-0.019085161
-0.018856354
-0.018614616
-0.018360057
-0.018091342
-0.017808865
-0.017513408
-0.01720351
-0.016878753
-0.016541266
-0.016188859
-0.015745096
-0.015216782
-0.014695983
-0.014187227
-0.013694949
-0.013220081
-0.012762627
-0.012323177
-0.011903046
-0.011502185
-0.011119641
-0.010756713
-0.010411672
-0.010085066
-0.0097754681
-0.009483523
-0.0092074499
-0.0089471914
-0.0087020677
-0.0084709888
-0.0082538813
-0.0080499187
-0.0078579767
-0.0076776707
-0.0075089405
-0.0073506387
-0.0072019937
-0.0070625136
-0.018847389
-0.018877334
-0.018920812
-0.01896425
-0.018997967
-0.019023058
-0.019042879
-0.019056166
-0.019062274
-0.019059517
-0.019052635
-0.019038997
-0.019015571
-0.018983797
-0.018944738
-0.018897169
-0.018841651
-0.018777623
-0.018704144
-0.018622682
-0.018531809
-0.018431281
-0.018322057
-0.018202828
-0.018073835
-0.017935446
-0.017786513
-0.017627643
-0.017458838
-0.017279021
-0.017088986
-0.016888606
-0.016676864
-0.016454447
-0.016221479
-0.015976879
-0.015721011
-0.015454562
-0.015176349
-0.014886066
-0.01458551
-0.014272909
-0.013880699
-0.013415818
-0.012959848
-0.012516268
-0.012088488
-0.01167709
-0.011281907
-0.010903255
-0.010542056
-0.010198122
-0.0098705375
-0.0095602439
-0.0092657084
-0.008987281
-0.0087236944
-0.0084753983
-0.0082408531
-0.0080199449
-0.0078120574
-0.0076162366
-0.007432379
-0.0072597591
-0.0070974153
-0.006944993
-0.0068024192
-0.0066687167
-0.0065432267
-0.0064255211
-0.017028482
-0.017038937
-0.017062549
-0.017086425
-0.017101305
-0.017108525
-0.017109198
-0.017106698
-0.01709909
-0.017083603
-0.017060982
-0.017032789
-0.016997762
-0.016955732
-0.016907188
-0.01685117
-0.016788238
-0.01671803
-0.016639831
-0.016554882
-0.016461956
-0.016360868
-0.016252461
-0.016135658
-0.016010689
-0.015877883
-0.015736302
-0.015586478
-0.015428439
-0.015261306
-0.015085771
-0.014901751
-0.014708425
-0.014506392
-0.014295779
-0.014075714
-0.013846528
-0.013608813
-0.013361618
-0.013104715
-0.012839613
-0.012564879
-0.01222132
-0.011815727
-0.01141973
-0.011035951
-0.010666966
-0.010313088
-0.0099740366
-0.0096499273
-0.0093413808
-0.0090481221
-0.0087692884
-0.0085055559
-0.0082555719
-0.0080195482
-0.0077963663
-0.0075863357
-0.0073881302
-0.0072016054
-0.0070262105
-0.0068611159
-0.0067062038
-0.0065608435
-0.0064242146
-0.0062959956
-0.0061761105
-0.0060637293
-0.0059582895
-0.0058594231
-0.015312071
-0.015307253
-0.015315007
-0.015323277
-0.01532271
-0.015316689
-0.015306183
-0.015290466
-0.015269459
-0.015243184
-0.015211059
-0.01517393
-0.015130892
-0.015081852
-0.015027238
-0.014966291
-0.014899523
-0.014826626
-0.014747001
-0.014661718
-0.014569766
-0.014471013
-0.014366189
-0.014254407
-0.014135879
-0.014010899
-0.013878701
-0.013739749
-0.013594087
-0.013441002
-0.01328109
-0.013114302
-0.012939978
-0.012758632
-0.012570392
-0.012374553
-0.01217141
-0.011961471
-0.011743967
-0.011518731
-0.011287023
-0.011047687
-0.010749297
-0.010398329
-0.010057105
-0.0097275562
-0.009411593
-0.0091093314
-0.008820418
-0.0085448249
-0.0082829483
-0.0080344638
-0.0077985722
-0.007575752
-0.0073648167
-0.0071658823
-0.0069779677
-0.0068012831
-0.0066346907
-0.0064780326
-0.0063308255
-0.0061923502
-0.0060624887
-0.0059406967
-0.0058262789
-0.0057189472
-0.0056186332
-0.0055246329
-0.0054364714
-0.0053538344
-0.013704329
-0.013688025
-0.013683604
-0.013679814
-0.013668867
-0.013651899
-0.013631502
-0.013606913
-0.013577772
-0.013544124
-0.013505498
-0.013462611
-0.013414737
-0.013361829
-0.013304255
-0.013241378
-0.013173641
-0.0131008
-0.013022373
-0.012939275
-0.012850672
-0.012756473
-0.012657302
-0.012552432
-0.012442058
-0.012326436
-0.012204946
-0.012077989
-0.011945616
-0.011807251
-0.011663405
-0.01151405
-0.011358657
-0.011197665
-0.011031192
-0.010858672
-0.010680362
-0.010496691
-0.010307041
-0.01011129
-0.0099104801
-0.0097036811
-0.0094465687
-0.0091451643
-0.0088532563
-0.0085722313
-0.0083034789
-0.008046974
-0.007802327
-0.0075694131
-0.0073484657
-0.0071391387
-0.0069407042
-0.0067534946
-0.0065764763
-0.0064097001
-0.006252312
-0.0061044513
-0.0059651477
-0.0058342401
-0.0057113118
-0.00559574
-0.0054874158
-0.0053858706
-0.0052905192
-0.0052011039
-0.0051175687
-0.0050393161
-0.0049659471
-0.004897193
-0.01220924
-0.012184839
-0.012171459
-0.01215883
-0.012139914
-0.012115788
-0.012088812
-0.012058322
-0.012023969
-0.011985816
-0.011943504
-0.011897648
-0.011847639
-0.011793447
-0.011735393
-0.011672957
-0.01160652
-0.011535893
-0.011460686
-0.011381673
-0.011298173
-0.011210121
-0.011118048
-0.011021363
-0.010920238
-0.010814897
-0.01070484
-0.01059041
-0.010471658
-0.010348122
-0.010220236
-0.010087984
-0.0099509438
-0.009809486
-0.0096637182
-0.0095131838
-0.0093581058
-0.0091988426
-0.0090348976
-0.0088661804
-0.0086935487
-0.0085162559
-0.008296383
-0.0080394289
-0.0077914473
-0.007553406
-0.0073262906
-0.007109985
-0.0069040859
-0.0067084125
-0.0065230793
-0.0063477441
-0.0061817484
-0.0060253244
-0.0058775716
-0.0057385049
-0.0056073784
-0.0054842904
-0.0053684079
-0.0052595844
-0.0051574544
-0.0050614913
-0.0049715881
-0.0048873542
-0.0048082882
-0.004734173
-0.0046649546
-0.0046001373
-0.0045393768
-0.0044824545
-0.010828758
-0.010799121
-0.010779586
-0.010760868
-0.01073669
-0.010708066
-0.010677092
-0.010643214
-0.010606124
-0.010565884
-0.010522208
-0.01047562
-0.010425615
-0.010372181
-0.010315593
-0.010255427
-0.010192013
-0.010125199
-0.010054675
-0.0099810895
-0.0099038892
-0.0098230288
-0.0097389559
-0.0096511914
-0.0095598869
-0.0094652343
-0.0093668316
-0.009264968
-0.0091596954
-0.0090506419
-0.0089381711
-0.0088222775
-0.0087026235
-0.0085795188
-0.0084530584
-0.0083228757
-0.0081891599
-0.0080522089
-0.0079116231
-0.0077673354
-0.0076200485
-0.0074691628
-0.0072824684
-0.0070649006
-0.0068556088
-0.0066552432
-0.0064644845
-0.006283158
-0.0061108694
-0.0059474048
-0.0057928004
-0.005646727
-0.0055086004
-0.0053785764
-0.0052558802
-0.0051405
-0.0050317943
-0.0049298276
-0.0048338945
-0.0047438586
-0.00465941
-0.004580098
-0.0045058303
-0.0044362759
-0.0043710148
-0.004309858
-0.0042527649
-0.0041993176
-0.004149229
-0.0041023149
-0.0095636181
-0.0095309447
-0.0095075129
-0.0094849883
-0.0094577635
-0.0094267846
-0.0093939079
-0.0093586733
-0.009320806
-0.0092803631
-0.0092371185
-0.009191516
-0.0091431407
-0.0090919877
-0.0090382922
-0.008981712
-0.0089225254
-0.0088606166
-0.0087957352
-0.0087284246
-0.0086582348
-0.0085851357
-0.0085095014
-0.0084309446
-0.008349596
-0.0082656187
-0.0081786899
-0.008089052
-0.0079967533
-0.0079014955
-0.0078035813
-0.0077030109
-0.0075995143
-0.0074933487
-0.0073845959
-0.0072729615
-0.0071586041
-0.0070417695
-0.0069221363
-0.006799654
-0.0066748957
-0.0065473807
-0.006389933
-0.0062069215
-0.0060313938
-0.0058637642
-0.0057044867
-0.0055533553
-0.0054099962
-0.0052741834
-0.0051459011
-0.0050248425
-0.0049104943
-0.0048029597
-0.004701575
-0.0046063145
-0.0045166288
-0.0044325618
-0.004353517
-0.0042793726
-0.0042098672
-0.004144618
-0.0040835462
-0.0040263744
-0.0039727507
-0.0039225135
-0.0038756329
-0.0038317593
-0.0037906521
-0.0037521593
-0.0084117455
-0.00837784
-0.0083523783
-0.0083279334
-0.0082994747
-0.008267863
-0.0082347452
-0.0081997435
-0.0081626121
-0.0081234019
-0.0080819361
-0.008038587
-0.0079930146
-0.0079452195
-0.0078954003
-0.0078432815
-0.0077890971
-0.0077327579
-0.007674064
-0.0076134663
-0.0075506004
-0.0074854469
-0.0074183157
-0.0073488946
-0.0072772948
-0.0072036532
-0.007127711
-0.0070496697
-0.0069695727
-0.0068871807
-0.0068027442
-0.006716266
-0.0066275304
-0.0065367492
-0.0064439916
-0.0063490212
-0.0062519694
-0.0061530379
-0.0060519679
-0.0059487207
-0.0058437623
-0.0057367071
-0.0056047724
-0.005451776
-0.0053054344
-0.0051659935
-0.0050337409
-0.0049084602
-0.0047898061
-0.0046775551
-0.004571659
-0.0044718396
-0.0043776487
-0.0042891542
-0.0042057893
-0.0041275223
-0.0040538842
-0.0039849058
-0.0039200841
-0.0038593126
-0.0038023723
-0.0037489395
-0.0036989484
-0.0036521679
-0.0036083041
-0.0035672198
-0.0035288948
-0.0034930369
-0.0034594458
-0.0034279966
-0.0073684151
-0.0073352377
-0.0073094509
-0.0072845232
-0.0072562226
-0.0072253504
-0.0071933024
-0.007159756
-0.0071245025
-0.0070875905
-0.0070488807
-0.0070086824
-0.0069667186
-0.006922994
-0.0068776751
-0.0068305409
-0.0067817871
-0.0067313447
-0.0066790548
-0.006625289
-0.0065697536
-0.0065124362
-0.0064535921
-0.0063929704
-0.0063306644
-0.0062667881
-0.0062011343
-0.0061338693
-0.0060650309
-0.0059944275
-0.0059222649
-0.0058485471
-0.0057731017
-0.005696102
-0.005617606
-0.0055374235
-0.0054556629
-0.0053724884
-0.005287692
-0.0052012435
-0.0051135207
-0.0050242145
-0.0049143432
-0.0047872041
-0.0046658983
-0.0045505511
-0.0044413325
-0.0043380274
-0.0042403245
-0.004148011
-0.0040610219
-0.0039791092
-0.0039018862
-0.003829397
-0.0037611604
-0.0036971445
-0.0036369507
-0.0035806027
-0.0035276771
-0.0034780836
-0.0034316391
-0.0033880723
-0.0033473281
-0.0033092164
-0.0032734912
-0.0032400384
-0.0032088443
-0.0031796671
-0.003152339
-0.0031267591
-0.006430645
-0.0063990498
-0.0063739773
-0.006349688
-0.0063225727
-0.0062933637
-0.0062632516
-0.006231965
-0.0061993245
-0.006165375
-0.0061300081
-0.0060934799
-0.0060555655
-0.0060162718
-0.0059757369
-0.005933784
-0.0058905746
-0.0058460558
-0.0058001008
-0.0057530145
-0.0057045603
-0.005654731
-0.0056037354
-0.0055513722
-0.0054977191
-0.00544287
-0.005386659
-0.0053292224
-0.0052705924
-0.0052106155
-0.0051494597
-0.0050871292
-0.0050234864
-0.0049586722
-0.0048927345
-0.0048255205
-0.0047571186
-0.0046876624
-0.004616984
-0.00454506
-0.0044721956
-0.0043981436
-0.0043071811
-0.0042021277
-0.0041021225
-0.0040072105
-0.0039174795
-0.0038327257
-0.0037526724
-0.0036771238
-0.0036060073
-0.0035391055
-0.0034760871
-0.0034169805
-0.0033613796
-0.0033092541
-0.0032602678
-0.0032144395
-0.0031714151
-0.0031311183
-0.0030933981
-0.0030580269
-0.0030249609
-0.0029940429
-0.0029650693
-0.002937944
-0.0029126607
-0.0028890182
-0.0028668777
-0.0028461574
-0.0055920635
-0.0055629368
-0.0055393169
-0.0055163876
-0.0054911552
-0.0054642436
-0.0054366389
-0.0054081187
-0.0053785349
-0.0053479288
-0.0053162157
-0.0052836076
-0.0052499228
-0.0052151693
-0.0051794602
-0.0051426539
-0.0051048828
-0.0050661053
-0.0050262209
-0.0049854779
-0.0049436867
-0.0049008431
-0.0048571177
-0.004812349
-0.004766601
-0.0047199507
-0.0046722652
-0.0046236554
-0.0045741481
-0.0045236204
-0.0044722089
-0.0044199173
-0.0043666357
-0.0043124779
-0.0042574835
-0.0042015292
-0.0041446871
-0.0040870649
-0.0040285274
-0.0039690557
-0.0039088961
-0.0038478505
-0.0037729695
-0.0036866396
-0.0036046283
-0.0035269296
-0.0034535759
-0.0033843807
-0.0033191021
-0.0032575646
-0.0031996949
-0.0031453055
-0.003094114
-0.003046139
-0.0030010387
-0.0029587865
-0.002919099
-0.0028819924
-0.0028471711
-0.0028145715
-0.0027840697
-0.0027554757
-0.0027287549
-0.0027037788
-0.0026803786
-0.0026584747
-0.0026380659
-0.0026189856
-0.0026011192
-0.0025844008
-0.0048462288
-0.0048199974
-0.0047983374
-0.0047772727
-0.0047543542
-0.004730101
-0.0047053201
-0.004679831
-0.0046535147
-0.004626408
-0.0045984456
-0.0045698012
-0.0045403287
-0.0045100356
-0.0044790143
-0.0044471507
-0.0044145526
-0.0043811873
-0.0043469749
-0.0043121169
-0.0042764617
-0.0042400071
-0.0042028915
-0.0041649858
-0.0041263424
-0.0040870236
-0.0040469233
-0.0040061309
-0.003964669
-0.0039224385
-0.0038795505
-0.0038360081
-0.0037917234
-0.0037467883
-0.0037012351
-0.0036549648
-0.0036080356
-0.0035605344
-0.0035123524
-0.0034634745
-0.0034140991
-0.0033640678
-0.0033027751
-0.0032322251
-0.0031653335
-0.0031020609
-0.003042404
-0.0029861939
-0.0029332221
-0.0028833329
-0.0028364576
-0.0027924354
-0.0027510293
-0.0027122516
-0.0026758176
-0.0026417047
-0.0026096767
-0.002579748
-0.0025516734
-0.0025254005
-0.0025008288
-0.0024777997
-0.0024562873
-0.0024361863
-0.0024173581
-0.0023997365
-0.0023833249
-0.0023679854
-0.0023536238
-0.0023401876
-0.0041860004
-0.0041627337
-0.0041432901
-0.0041243804
-0.0041039832
-0.0040825295
-0.0040606817
-0.0040382935
-0.0040152675
-0.0039916354
-0.0039673467
-0.0039425431
-0.0039171077
-0.0038910472
-0.0038644366
-0.0038371843
-0.0038093778
-0.003780991
-0.0037519607
-0.0037224494
-0.0036923362
-0.0036616198
-0.0036304125
-0.0035986104
-0.0035662567
-0.0035334012
-0.0034999594
-0.003466003
-0.0034315507
-0.0033965229
-0.0033610092
-0.0033250121
-0.0032884614
-0.0032514307
-0.0032139465
-0.0031759286
-0.0031374243
-0.003098503
-0.0030590774
-0.0030191349
-0.0029788351
-0.0029380515
-0.0028881448
-0.0028307803
-0.0027764832
-0.0027251995
-0.0026769048
-0.0026314518
-0.0025886627
-0.0025484032
-0.00251061
-0.0024751475
-0.0024418157
-0.002410624
-0.0023813339
-0.0023539279
-0.002328208
-0.0023041885
-0.0022816656
-0.0022605973
-0.0022409016
-0.0022224478
-0.0022052158
-0.0021891207
-0.0021740479
-0.0021599435
-0.0021468131
-0.0021345435
-0.0021230571
-0.0021123125
-0.0036041975
-0.003583885
-0.0035667739
-0.0035501396
-0.003532312
-0.0035136511
-0.0034947031
-0.0034753499
-0.0034555107
-0.0034352116
-0.0034144128
-0.0033932286
-0.0033715649
-0.0033494275
-0.0033268769
-0.0033038403
-0.0032803883
-0.0032565005
-0.0032321267
-0.0032073978
-0.0031822171
-0.0031565839
-0.0031305886
-0.0031041479
-0.0030772971
-0.0030500757
-0.0030224168
-0.0029943775
-0.0029659734
-0.0029371403
-0.0029079508
-0.0028784063
-0.0028484513
-0.0028181443
-0.002787507
-0.0027564747
-0.0027250855
-0.0026933953
-0.0026613337
-0.0026288903
-0.0025961936
-0.0025631425
-0.0025227386
-0.0024763561
-0.0024325221
-0.0023911742
-0.0023522767
-0.0023157017
-0.0022813001
-0.002248957
-0.0022186178
-0.0021901692
-0.0021634453
-0.0021384537
-0.0021149971
-0.002093062
-0.0020724845
-0.0020532783
-0.0020352752
-0.0020184417
-0.0020027119
-0.0019879779
-0.0019742251
-0.001961385
-0.0019493637
-0.0019381173
-0.001927653
-0.0019178783
-0.001908729
-0.0019001732
-0.0030931826
-0.0030756875
-0.0030608975
-0.0030465342
-0.0030312124
-0.0030152373
-0.0029990589
-0.0029825801
-0.002965732
-0.0029485358
-0.0029309602
-0.0029130972
-0.0028948717
-0.0028762889
-0.0028573978
-0.0028381408
-0.0028185747
-0.0027986834
-0.0027784272
-0.0027579104
-0.0027370562
-0.0027158637
-0.0026944056
-0.0026726152
-0.0026505209
-0.0026281547
-0.002605463
-0.0025824915
-0.0025592531
-0.002535696
-0.0025118788
-0.0024878023
-0.0024634221
-0.0024387848
-0.0024139083
-0.00238874
-0.0023633109
-0.0023376656
-0.0023117475
-0.0022855479
-0.0022591703
-0.0022325338
-0.0022000007
-0.0021626933
-0.0021274859
-0.0020943161
-0.0020631432
-0.0020338572
-0.0020063341
-0.0019804769
-0.001956239
-0.0019335263
-0.0019122019
-0.0018922724
-0.0018735751
-0.0018561
-0.001839712
-0.0018244237
-0.0018100974
-0.001796706
-0.0017841975
-0.0017724827
-0.0017615519
-0.0017513497
-0.0017418
-0.0017328666
-0.0017245586
-0.0017167998
-0.0017095382
-0.001702749
-0.0026464199
-0.0026315758
-0.0026189947
-0.0026067881
-0.0025938147
-0.0025803312
-0.0025667068
-0.0025528631
-0.0025387416
-0.0025243592
-0.0025096906
-0.0024948097
-0.0024796558
-0.0024642339
-0.0024485828
-0.0024326575
-0.0024165033
-0.0024001081
-0.0023834399
-0.0023665826
-0.0023494743
-0.0023321147
-0.0023145616
-0.0022967619
-0.0022787383
-0.0022605162
-0.002242053
-0.0022233852
-0.0022045232
-0.0021854254
-0.0021661388
-0.0021466639
-0.0021269651
-0.0021070796
-0.0020870219
-0.0020667494
-0.0020462872
-0.0020256709
-0.0020048549
-0.0019838322
-0.0019626858
-0.0019413513
-0.0019153139
-0.0018854855
-0.0018573729
-0.0018309182
-0.0018060807
-0.0017827677
-0.0017608764
-0.0017403255
-0.0017210753
-0.0017030482
-0.0016861314
-0.0016703311
-0.0016555137
-0.0016416724
-0.0016286965
-0.001616598
-0.0016052644
-0.0015946744
-0.001584787
-0.0015755287
-0.0015668935
-0.001558837
-0.0015512973
-0.001544245
-0.0015376901
-0.0015315702
-0.0015258432
-0.0015204901
-0.0022564983
-0.0022440671
-0.0022335294
-0.0022233109
-0.0022124744
-0.0022012369
-0.0021899021
-0.0021784064
-0.0021667028
-0.0021548056
-0.0021426959
-0.0021304323
-0.0021179661
-0.0021053006
-0.0020924667
-0.002079428
-0.0020662209
-0.0020528356
-0.0020392472
-0.0020255225
-0.0020116127
-0.0019975176
-0.0019832832
-0.0019688671
-0.0019542875
-0.0019395642
-0.0019246635
-0.0019096142
-0.0018944248
-0.0018790619
-0.0018635631
-0.0018479288
-0.0018321307
-0.0018161984
-0.0018001433
-0.0017839316
-0.001767583
-0.0017511261
-0.0017345241
-0.0017177716
-0.0017009345
-0.0016839624
-0.0016632594
-0.0016395567
-0.0016172443
-0.0015962703
-0.0015765943
-0.0015581399
-0.0015408229
-0.0015245775
-0.0015093709
-0.0014951411
-0.0014817951
-0.0014693396
-0.0014576648
-0.0014467669
-0.0014365544
-0.0014270393
-0.0014181292
-0.0014098081
-0.0014020432
-0.0013947752
-0.0013879999
-0.0013816826
-0.0013757727
-0.001370247
-0.0013651147
-0.0013603258
-0.0013558454
-0.00135166
-0.0019180063
-0.001907736
-0.0018990351
-0.0018906079
-0.0018816856
-0.0018724483
-0.0018631446
-0.0018537245
-0.00184415
-0.0018344329
-0.0018245591
-0.0018145747
-0.0018044408
-0.0017941593
-0.0017837545
-0.0017731971
-0.0017625163
-0.0017517043
-0.0017407415
-0.0017296814
-0.0017184854
-0.0017071533
-0.0016957219
-0.0016841575
-0.0016724741
-0.0016606878
-0.0016487713
-0.0016367477
-0.0016246236
-0.0016123724
-0.0016000242
-0.0015875793
-0.0015750148
-0.0015623548
-0.0015496082
-0.0015367479
-0.0015237895
-0.0015107563
-0.0014976184
-0.0014843715
-0.0014710685
-0.0014576696
-0.0014413326
-0.0014226443
-0.0014050736
-0.0013885752
-0.0013731122
-0.0013586219
-0.0013450354
-0.001332299
-0.0013203858
-0.001309246
-0.0012988037
-0.0012890661
-0.0012799432
-0.0012714339
-0.0012634632
-0.0012560431
-0.001249098
-0.0012426164
-0.0012365721
-0.0012309176
-0.0012256502
-0.001220743
-0.0012161546
-0.0012118672
-0.0012078893
-0.0012041809
-0.0012007132
-0.0011974772
-0.0016239854
-0.0016155818
-0.0016084951
-0.0016016392
-0.0015943839
-0.0015868824
-0.0015793375
-0.0015717071
-0.0015639596
-0.0015561049
-0.0015481326
-0.0015400795
-0.001531915
-0.0015236406
-0.0015152758
-0.0015067973
-0.0014982282
-0.0014895621
-0.0014807837
-0.0014719353
-0.0014629863
-0.0014539368
-0.0014448159
-0.0014355968
-0.0014262908
-0.0014169105
-0.0014074343
-0.0013978805
-0.0013882541
-0.0013785341
-0.0013687442
-0.0013588848
-0.0013489376
-0.0013389217
-0.0013288441
-0.0013186834
-0.0013084517
-0.0012981677
-0.0012878076
-0.0012773678
-0.0012668904
-0.0012563441
-0.0012434898
-0.0012287881
-0.0012149796
-0.0012020284
-0.0011899017
-0.0011785482
-0.0011679123
-0.0011579507
-0.0011486411
-0.0011399433
-0.0011317954
-0.0011242041
-0.0011170962
-0.001110472
-0.0011042704
-0.0010985027
-0.0010931074
-0.0010880762
-0.0010833884
-0.0010790057
-0.0010749268
-0.0010711306
-0.0010675837
-0.0010642721
-0.0010612037
-0.0010583464
-0.001055677
-0.0010531891
-0.001370943
-0.0013641569
-0.0013584486
-0.0013529365
-0.0013471067
-0.0013410836
-0.0013350335
-0.001328924
-0.00132273
-0.0013164592
-0.0013101037
-0.0013036918
-0.001297199
-0.0012906259
-0.0012839874
-0.0012772651
-0.0012704773
-0.001263619
-0.0012566784
-0.0012496889
-0.0012426265
-0.0012354911
-0.0012283059
-0.0012210495
-0.0012137306
-0.0012063594
-0.0011989184
-0.0011914223
-0.0011838751
-0.0011762601
-0.0011685961
-0.0011608834
-0.0011531076
-0.0011452837
-0.0011374175
-0.0011294918
-0.0011215161
-0.0011135059
-0.0011054414
-0.0010973204
-0.001089176
-0.0010809846
-0.0010710021
-0.0010595934
-0.0010488889
-0.0010388577
-0.0010294713
-0.0010206891
-0.0010124667
-0.0010047707
-0.00099758365
-0.0009908748
-0.00098459411
-0.00097874914
-0.00097328004
-0.00096818911
-0.00096342602
-0.00095900196
-0.00095486641
-0.00095101412
-0.00094742845
-0.00094407917
-0.00094096546
-0.00093807159
-0.00093536998
-0.00093285029
-0.00093051944
-0.00092835222
-0.00092632903
-0.00092444663
-0.001151893
-0.0011464478
-0.001141904
-0.0011375238
-0.001132888
-0.0011281044
-0.001123307
-0.0011184683
-0.0011135658
-0.0011086055
-0.0011035805
-0.0010985136
-0.0010933851
-0.0010881963
-0.0010829591
-0.0010776593
-0.0010723114
-0.0010669116
-0.0010614503
-0.0010559537
-0.0010504029
-0.0010447974
-0.0010391557
-0.0010334606
-0.0010277194
-0.0010219398
-0.0010161085
-0.0010102365
-0.0010043277
-0.00099836812
-0.00099237329
-0.00098634272
-0.00098026551
-0.00097415288
-0.00096801002
-0.00096182247
-0.00095559859
-0.0009493496
-0.00094306082
-0.0009367293
-0.00093038205
-0.00092400007
-0.00091622346
-0.00090732922
-0.00089898941
-0.00089118059
-0.0008838782
-0.00087704731
-0.00087065399
-0.00086466992
-0.00085908273
-0.00085386649
-0.00084898277
-0.00084443691
-0.00084018267
-0.00083622129
-0.00083251412
-0.00082906954
-0.00082584901
-0.00082284711
-0.00082005304
-0.00081744081
-0.00081501231
-0.0008127536
-0.00081064465
-0.00080867547
-0.00080685421
-0.00080515922
-0.00080357602
-0.00080210212
-0.00096515891
-0.00096085691
-0.00095728554
-0.00095385672
-0.00095022758
-0.00094648352
-0.00094273215
-0.00093895223
-0.00093512448
-0.00093125331
-0.00092733318
-0.00092338208
-0.00091938461
-0.000915342
-0.00091126369
-0.00090713888
-0.00090297877
-0.00089878045
-0.00089453629
-0.00089026674
-0.00088595678
-0.00088160608
-0.00087722905
-0.00087281224
-0.00086836147
-0.00086388274
-0.00085936564
-0.0008548189
-0.00085024542
-0.00084563426
-0.00084099755
-0.00083633498
-0.00083163771
-0.00082691482
-0.00082217019
-0.00081739254
-0.00081258828
-0.00080776662
-0.00080291557
-0.00079803323
-0.00079314068
-0.00078822332
-0.00078223381
-0.00077538935
-0.00076897467
-0.00076297215
-0.0007573623
-0.00075211866
-0.00074721417
-0.00074262741
-0.00073834834
-0.0007343573
-0.00073062315
-0.0007271515
-0.0007239048
-0.00072088543
-0.00071806176
-0.0007154419
-0.00071299422
-0.00071071554
-0.00070859672
-0.00070661774
-0.00070477984
-0.00070307293
-0.00070148028
-0.00069999491
-0.00069862321
-0.00069734865
-0.0006961591
-0.00069505336
-0.00080439514
-0.00080101071
-0.00079823614
-0.00079557637
-0.00079275309
-0.00078983902
-0.00078692231
-0.00078398481
-0.0007810115
-0.00077800581
-0.00077496459
-0.00077190146
-0.00076880501
-0.00076567567
-0.00076252115
-0.00075933255
-0.00075611884
-0.00075287744
-0.00074960261
-0.00074631004
-0.00074298834
-0.00073963703
-0.00073626759
-0.00073286937
-0.00072944707
-0.00072600525
-0.00072253592
-0.00071904576
-0.0007155372
-0.00071200158
-0.00070844851
-0.00070487773
-0.0007012824
-0.0006976696
-0.00069404247
-0.00069039219
-0.00068672377
-0.00068304455
-0.00067934504
-0.00067562378
-0.00067189709
-0.00066815433
-0.0006635923
-0.00065837387
-0.00065348953
-0.00064892587
-0.00064466514
-0.00064068574
-0.00063696651
-0.00063349074
-0.00063025069
-0.00062723119
-0.00062440762
-0.0006217851
-0.0006193338
-0.00061705632
-0.00061492748
-0.00061295449
-0.0006111124
-0.00060939918
-0.00060780807
-0.00060632332
-0.00060494643
-0.0006036697
-0.00060248002
-0.00060137189
-0.00060035091
-0.00059940405
-0.00059852133
-0.0005977033
-0.00066851348
-0.00066588442
-0.000663746
-0.00066170681
-0.00065953991
-0.00065730268
-0.00065506556
-0.00065281481
-0.00065053736
-0.00064823563
-0.00064590677
-0.0006435616
-0.00064119108
-0.00063879595
-0.00063638216
-0.00063394318
-0.00063148585
-0.0006290083
-0.00062650589
-0.00062399081
-0.00062145401
-0.00061889505
-0.00061632279
-0.00061372887
-0.00061111698
-0.0006084906
-0.00060584357
-0.00060318099
-0.00060050489
-0.00059780825
-0.00059509879
-0.00059237601
-0.00058963475
-0.00058688026
-0.00058411526
-0.00058133247
-0.00057853613
-0.00057573169
-0.00057291196
-0.00057007555
-0.00056723547
-0.00056438337
-0.00056090873
-0.00055693521
-0.00055321581
-0.00054974077
-0.00054649668
-0.00054346668
-0.00054063501
-0.00053798875
-0.00053552268
-0.00053322492
-0.00053107671
-0.00052908233
-0.00052721867
-0.00052548802
-0.00052387082
-0.000522373
-0.00052097508
-0.00051967555
-0.00051846943
-0.00051734412
-0.00051630128
-0.00051533491
-0.00051443477
-0.00051359663
-0.00051282535
-0.00051211066
-0.00051144471
-0.00051082818
-0.00055243198
-0.0005504
-0.00054877359
-0.00054722707
-0.00054557707
-0.00054387207
-0.0005421685
-0.00054045459
-0.00053871955
-0.00053696535
-0.00053519044
-0.00053340334
-0.00053159754
-0.00052977369
-0.00052793666
-0.0005260813
-0.00052421292
-0.00052232987
-0.00052042859
-0.00051851831
-0.00051659212
-0.00051464965
-0.00051269784
-0.0005107303
-0.00050874992
-0.00050675949
-0.00050475423
-0.00050273814
-0.00050071273
-0.00049867265
-0.00049662374
-0.00049456575
-0.00049249456
-0.00049041437
-0.00048832717
-0.00048622752
-0.00048411852
-0.00048200463
-0.00047988007
-0.00047774397
-0.00047560627
-0.0004734607
-0.00047084569
-0.00046785422
-0.00046505748
-0.00046244838
-0.00046001554
-0.00045774598
-0.00045562715
-0.00045364929
-0.00045180799
-0.00045009438
-0.00044849344
-0.00044700913
-0.00044562299
-0.00044433753
-0.00044313703
-0.00044202682
-0.00044099138
-0.00044003002
-0.00043913879
-0.00043830811
-0.00043753929
-0.00043682806
-0.00043616624
-0.00043555078
-0.0004349856
-0.00043446285
-0.00043397621
-0.00043352674
-0.00045530785
-0.00045375138
-0.00045251724
-0.00045135366
-0.00045011106
-0.00044882641
-0.00044754389
-0.00044625472
-0.00044494934
-0.00044362918
-0.00044229273
-0.00044094692
-0.00043958669
-0.00043821294
-0.00043682938
-0.00043543225
-0.00043402555
-0.000432608
-0.00043117675
-0.00042973879
-0.0004282888
-0.00042682641
-0.00042535708
-0.00042387576
-0.00042238494
-0.00042088656
-0.00041937721
-0.00041785971
-0.0004163355
-0.00041480012
-0.00041325842
-0.00041170982
-0.00041015148
-0.00040858631
-0.00040701621
-0.00040543659
-0.00040385024
-0.00040226026
-0.00040066253
-0.00039905601
-0.00039744873
-0.00039583561
-0.00039387075
-0.00039162418
-0.00038952401
-0.00038756454
-0.00038573757
-0.0003840328
-0.00038244108
-0.00038095465
-0.00037957077
-0.00037828239
-0.00037707846
-0.000375962
-0.00037491913
-0.00037395177
-0.00037304812
-0.00037221228
-0.00037143257
-0.00037070832
-0.00037003696
-0.0003694107
-0.00036883115
-0.00036829475
-0.00036779548
-0.00036733074
-0.00036690415
-0.00036650929
-0.00036614152
-0.00036580162
-0.00037295475
-0.00037176378
-0.00037083452
-0.00036996071
-0.00036902345
-0.00036805373
-0.00036708702
-0.00036611639
-0.00036513408
-0.00036414123
-0.00036313657
-0.00036212533
-0.00036110345
-0.00036007168
-0.0003590327
-0.00035798381
-0.00035692798
-0.00035586437
-0.00035479073
-0.00035371245
-0.0003526254
-0.00035152934
-0.00035042829
-0.00034931846
-0.00034820165
-0.00034707939
-0.00034594902
-0.00034481274
-0.00034367161
-0.00034252227
-0.00034136837
-0.0003402095
-0.00033904345
-0.00033787245
-0.00033669793
-0.00033551638
-0.0003343299
-0.0003331409
-0.00033194619
-0.00033074495
-0.00032954338
-0.00032833746
-0.00032686958
-0.00032519215
-0.00032362385
-0.00032215999
-0.00032079452
-0.00031951984
-0.00031832916
-0.00031721677
-0.00031618085
-0.0003152162
-0.00031431444
-0.0003134781
-0.00031269648
-0.00031197126
-0.00031129332
-0.00031066598
-0.0003100803
-0.00030953589
-0.00030903088
-0.0003085593
-0.00030812257
-0.00030771803
-0.00030734109
-0.00030698978
-0.00030666707
-0.00030636795
-0.00030608899
-0.00030583067
-0.00030502499
-0.00030411701
-0.00030340667
-0.00030274494
-0.00030203655
-0.00030130414
-0.00030057512
-0.00029984508
-0.00029910673
-0.00029836068
-0.00029760509
-0.00029684421
-0.00029607453
-0.00029529721
-0.00029451416
-0.00029372398
-0.00029292872
-0.00029212813
-0.00029132021
-0.00029050923
-0.00028969168
-0.00028886752
-0.00028803956
-0.00028720513
-0.00028636541
-0.00028552182
-0.00028467225
-0.00028381857
-0.00028296148
-0.00028209858
-0.00028123253
-0.00028036312
-0.00027948856
-0.00027861065
-0.00027773038
-0.00027684519
-0.00027595661
-0.0002750666
-0.00027417265
-0.00027327422
-0.00027237619
-0.00027147503
-0.00027038029
-0.00026913406
-0.00026796947
-0.000266882
-0.00026586793
-0.000264922
-0.00026403858
-0.00026321324
-0.0002624444
-0.00026172819
-0.00026105805
-0.00026043618
-0.0002598543
-0.00025931404
-0.00025880831
-0.00025833999
-0.00025790209
-0.00025749453
-0.00025711583
-0.00025676148
-0.0002564326
-0.00025612727
-0.00025584191
-0.00025557512
-0.00025532929
-0.00025510053
-0.00025488644
-0.00025468699
-0.00024763419
-0.00024694395
-0.00024641251
-0.00024591852
-0.00024538731
-0.00024483681
-0.00024428869
-0.00024373919
-0.00024318325
-0.00024262143
-0.00024205301
-0.00024148111
-0.00024090344
-0.00024032062
-0.00023973414
-0.00023914263
-0.00023854762
-0.00023794873
-0.00023734449
-0.00023673802
-0.00023612681
-0.00023551082
-0.00023489221
-0.00023426897
-0.000233642
-0.00023301231
-0.00023237829
-0.00023174128
-0.00023110178
-0.00023045795
-0.00022981176
-0.00022916304
-0.00022851044
-0.00022785531
-0.00022719835
-0.00022653768
-0.00022587437
-0.00022520992
-0.00022454241
-0.00022387138
-0.00022320063
-0.00022252705
-0.00022171112
-0.00022078584
-0.00021991992
-0.00021910863
-0.00021835002
-0.0002176407
-0.00021697648
-0.00021635422
-0.00021577298
-0.00021523014
-0.00021472087
-0.00021424699
-0.00021380222
-0.00021338796
-0.00021299875
-0.0002126369
-0.00021229712
-0.00021197948
-0.00021168289
-0.00021140403
-0.00021114379
-0.00021090084
-0.00021067246
-0.00021045764
-0.00021025827
-0.00021007133
-0.00020989525
-0.0002097295
-0.00020152244
-0.0002009927
-0.00020057233
-0.00020018503
-0.00019977167
-0.00019934225
-0.00019891401
-0.0001984856
-0.00019805342
-0.0001976176
-0.0001971774
-0.00019673499
-0.00019628845
-0.00019583813
-0.00019538499
-0.00019492811
-0.00019446866
-0.00019400649
-0.00019354058
-0.00019307334
-0.00019260287
-0.00019212916
-0.00019165376
-0.00019117515
-0.00019069394
-0.0001902109
-0.00018972479
-0.00018923667
-0.0001887469
-0.00018825414
-0.00018775987
-0.00018726402
-0.00018676553
-0.00018626546
-0.0001857643
-0.00018526067
-0.00018475534
-0.00018424948
-0.00018374164
-0.00018323141
-0.00018272202
-0.00018221019
-0.00018159502
-0.00018090589
-0.00018025994
-0.00017965146
-0.00017908093
-0.00017854667
-0.00017804517
-0.00017757395
-0.00017713228
-0.00017671825
-0.00017632818
-0.00017596355
-0.00017561958
-0.00017529753
-0.00017499324
-0.00017470865
-0.00017443972
-0.00017418667
-0.00017394863
-0.00017372316
-0.00017351097
-0.00017331113
-0.00017312152
-0.00017294148
-0.00017277252
-0.00017261225
-0.00017245988
-0.00017231414
-0.0001621398
-0.00016173679
-0.00016141811
-0.00016112356
-0.0001608094
-0.00016048392
-0.00016015945
-0.00015983435
-0.00015950573
-0.0001591736
-0.00015883763
-0.00015849949
-0.00015815809
-0.00015781369
-0.0001574673
-0.00015711811
-0.00015676714
-0.00015641404
-0.00015605816
-0.00015570099
-0.00015534135
-0.00015497899
-0.00015461528
-0.00015424895
-0.00015388068
-0.00015351085
-0.00015313879
-0.00015276504
-0.00015239008
-0.00015201271
-0.00015163418
-0.00015125423
-0.0001508723
-0.00015048893
-0.00015010469
-0.0001497184
-0.0001493308
-0.00014894253
-0.00014855278
-0.00014816094
-0.00014776988
-0.00014737609
-0.00014690726
-0.00014638881
-0.00014590125
-0.00014543801
-0.00014500108
-0.00014458984
-0.00014420161
-0.00014383441
-0.00014348795
-0.00014316093
-0.00014285082
-0.00014255875
-0.00014228127
-0.00014201934
-0.00014176995
-0.00014153451
-0.00014131012
-0.00014109691
-0.00014089434
-0.00014070058
-0.00014051626
-0.00014034067
-0.00014017236
-0.00014001076
-0.00013985715
-0.00013970955
-0.00013956791
-0.00013943022
-0.00013217815
-0.00013186665
-0.00013159789
-0.00013135337
-0.00013109898
-0.00013083497
-0.00013057036
-0.00013030576
-0.00013003915
-0.00012977023
-0.00012949839
-0.00012922486
-0.00012894873
-0.00012867028
-0.00012839022
-0.00012810807
-0.00012782461
-0.00012753967
-0.00012725281
-0.00012696517
-0.00012667584
-0.00012638466
-0.0001260926
-0.0001257987
-0.00012550346
-0.00012520716
-0.0001249093
-0.00012461031
-0.00012431054
-0.00012400911
-0.00012370698
-0.00012340393
-0.00012309956
-0.00012279428
-0.00012248853
-0.00012218138
-0.00012187343
-0.00012156514
-0.00012125595
-0.00012094524
-0.00012063575
-0.00012032343
-0.00011995802
-0.0001195654
-0.00011919427
-0.00011883639
-0.00011849605
-0.0001181739
-0.00011786759
-0.00011757536
-0.00011729714
-0.00011703203
-0.00011677824
-0.0001165366
-0.00011630465
-0.00011608321
-0.00011587006
-0.00011566637
-0.00011547002
-0.00011528118
-0.00011509949
-0.00011492357
-0.00011475402
-0.00011459029
-0.00011443134
-0.00011427676
-0.00011412768
-0.00011398235
-0.00011384144
-0.000113702
-0.00010532523
-0.00010508499
-0.00010487705
-0.0001046828
-0.00010448009
-0.00010427051
-0.00010406038
-0.00010384985
-0.00010363787
-0.0001034245
-0.00010320949
-0.00010299369
-0.00010277643
-0.00010255769
-0.00010233792
-0.00010211655
-0.00010189407
-0.00010167033
-0.00010144507
-0.00010121907
-0.00010099181
-0.00010076314
-0.0001005338
-0.00010030308
-0.00010007135
-9.9838745e-05
-9.9604951e-05
-9.9370161e-05
-9.9134692e-05
-9.8897843e-05
-9.8660331e-05
-9.8421964e-05
-9.8182517e-05
-9.7942197e-05
-9.7701376e-05
-9.7459356e-05
-9.7216573e-05
-9.6973274e-05
-9.6729194e-05
-9.6483642e-05
-9.6239031e-05
-9.5991337e-05
-9.5705807e-05
-9.5405503e-05
-9.5119637e-05
-9.4839702e-05
-9.4570672e-05
-9.4313905e-05
-9.4067566e-05
-9.3830289e-05
-9.3602169e-05
-9.3382753e-05
-9.3170817e-05
-9.2967043e-05
-9.2769658e-05
-9.2579333e-05
-9.2394467e-05
-9.2215926e-05
-9.2042219e-05
-9.1873491e-05
-9.1709541e-05
-9.1549399e-05
-9.1393513e-05
-9.1241526e-05
-9.1092752e-05
-9.0946859e-05
-9.0804742e-05
-9.0664978e-05
-9.0528602e-05
-9.0392304e-05
-8.7333971e-05
-8.7144985e-05
-8.6951375e-05
-8.6775166e-05
-8.659918e-05
-8.6416794e-05
-8.6232474e-05
-8.6048645e-05
-8.5864897e-05
-8.5680714e-05
-8.5495415e-05
-8.5309405e-05
-8.5122007e-05
-8.4933105e-05
-8.4742971e-05
-8.4551365e-05
-8.4358838e-05
-8.4165434e-05
-8.397107e-05
-8.3776381e-05
-8.3580961e-05
-8.3384652e-05
-8.3188003e-05
-8.2990393e-05
-8.2792133e-05
-8.2593269e-05
-8.2393622e-05
-8.2193324e-05
-8.1992676e-05
-8.1791107e-05
-8.1589244e-05
-8.1386866e-05
-8.1183864e-05
-8.0980345e-05
-8.0776639e-05
-8.0572144e-05
-8.0367279e-05
-8.0162146e-05
-7.9956651e-05
-7.9750037e-05
-7.9544831e-05
-7.9336312e-05
-7.9102743e-05
-7.886973e-05
-7.864555e-05
-7.8419853e-05
-7.8199737e-05
-7.7987553e-05
-7.7781506e-05
-7.7580258e-05
-7.7384083e-05
-7.7192721e-05
-7.7005416e-05
-7.6822704e-05
-7.6643395e-05
-7.6468085e-05
-7.6295694e-05
-7.6126946e-05
-7.5960809e-05
-7.579746e-05
-7.5636812e-05
-7.5478157e-05
-7.532194e-05
-7.5167899e-05
-7.501558e-05
-7.4864754e-05
-7.4716265e-05
-7.4568778e-05
-7.4423851e-05
-7.4277357e-05
-6.8784401e-05
-6.8647458e-05
-6.8509534e-05
-6.8377153e-05
-6.8243351e-05
-6.8105713e-05
-6.7966531e-05
-6.7826643e-05
-6.7686473e-05
-6.7545974e-05
-6.7405112e-05
-6.7264112e-05
-6.7122714e-05
-6.6980666e-05
-6.6838243e-05
-6.6694957e-05
-6.6551186e-05
-6.6406687e-05
-6.6261427e-05
-6.6115705e-05
-6.5969444e-05
-6.5822447e-05
-6.5675245e-05
-6.552734e-05
-6.5379006e-05
-6.5230154e-05
-6.5080723e-05
-6.4930638e-05
-6.4780197e-05
-6.4628908e-05
-6.4477258e-05
-6.4325045e-05
-6.4172291e-05
-6.401896e-05
-6.3865361e-05
-6.3711023e-05
-6.3556254e-05
-6.3401024e-05
-6.324544e-05
-6.3088693e-05
-6.2933062e-05
-6.2774016e-05
-6.2600381e-05
-6.2434241e-05
-6.2272323e-05
-6.2104643e-05
-6.1938233e-05
-6.1775738e-05
-6.1615797e-05
-6.1457358e-05
-6.1300786e-05
-6.114613e-05
-6.0992965e-05
-6.0841747e-05
-6.0691706e-05
-6.0543338e-05
-6.0395922e-05
-6.0249988e-05
-6.0104919e-05
-5.996084e-05
-5.9817801e-05
-5.9675331e-05
-5.95338e-05
-5.9393036e-05
-5.9252859e-05
-5.9113046e-05
-5.8974319e-05
-5.8835542e-05
-5.8698485e-05
-5.855893e-05
-6.0076127e-05
-5.9977759e-05
-5.9848633e-05
-5.973363e-05
-5.9624593e-05
-5.9508679e-05
-5.9387691e-05
-5.9265152e-05
-5.9142963e-05
-5.902074e-05
-5.8898745e-05
-5.8776814e-05
-5.8654838e-05
-5.8531938e-05
-5.8408269e-05
-5.8283065e-05
-5.8156862e-05
-5.8029411e-05
-5.790116e-05
-5.7772336e-05
-5.7643269e-05
-5.7513718e-05
-5.7384335e-05
-5.7254454e-05
-5.7124464e-05
-5.6994029e-05
-5.6863269e-05
-5.6731947e-05
-5.6600506e-05
-5.64684e-05
-5.6336274e-05
-5.6203785e-05
-5.6071155e-05
-5.5938195e-05
-5.5805318e-05
-5.5671938e-05
-5.5538504e-05
-5.5404794e-05
-5.5271072e-05
-5.5136419e-05
-5.5003254e-05
-5.4866721e-05
-5.4722907e-05
-5.4595089e-05
-5.4468326e-05
-5.4331823e-05
-5.4193856e-05
-5.4057466e-05
-5.3921392e-05
-5.3784494e-05
-5.364734e-05
-5.3509912e-05
-5.3372123e-05
-5.3234261e-05
-5.3095945e-05
-5.295757e-05
-5.2818789e-05
-5.268001e-05
-5.2540911e-05
-5.240158e-05
-5.2262188e-05
-5.2122301e-05
-5.1982407e-05
-5.18423e-05
-5.1701962e-05
-5.1561187e-05
-5.1420772e-05
-5.1279565e-05
-5.1139535e-05
-5.0996296e-05
-4.599813e-05
-4.5956667e-05
-4.587877e-05
-4.5776656e-05
-4.5663811e-05
-4.5547274e-05
-4.5431412e-05
-4.5317426e-05
-4.5206662e-05
-4.5098905e-05
-4.4994334e-05
-4.4892212e-05
-4.4792322e-05
-4.4693657e-05
-4.4596574e-05
-4.4500074e-05
-4.4404608e-05
-4.4309395e-05
-4.4214719e-05
-4.4120181e-05
-4.4026088e-05
-4.3931677e-05
-4.3837654e-05
-4.374313e-05
-4.3648572e-05
-4.3553403e-05
-4.3458064e-05
-4.3361989e-05
-4.3265828e-05
-4.3168776e-05
-4.3071519e-05
-4.297346e-05
-4.2875053e-05
-4.2775767e-05
-4.2676253e-05
-4.257582e-05
-4.2475065e-05
-4.2373573e-05
-4.2271931e-05
-4.2169211e-05
-4.2067444e-05
-4.1962821e-05
-4.1858442e-05
-4.1772689e-05
-4.1687449e-05
-4.1593001e-05
-4.1494209e-05
-4.1393755e-05
-4.1291999e-05
-4.1188134e-05
-4.1082855e-05
-4.0976273e-05
-4.0868793e-05
-4.0760753e-05
-4.0652202e-05
-4.0543557e-05
-4.0434855e-05
-4.0326438e-05
-4.0218287e-05
-4.0110388e-05
-4.0003049e-05
-3.9895818e-05
-3.9789169e-05
-3.9682892e-05
-3.9577121e-05
-3.9471653e-05
-3.9367174e-05
-3.9262825e-05
-3.9160104e-05
-3.9055654e-05
-4.4085267e-05
-4.4172159e-05
-4.4149228e-05
-4.4053879e-05
-4.3915842e-05
-4.3751808e-05
-4.3572873e-05
-4.3386201e-05
-4.3198078e-05
-4.3012638e-05
-4.283297e-05
-4.2660178e-05
-4.2494917e-05
-4.2336156e-05
-4.2183677e-05
-4.2035885e-05
-4.189246e-05
-4.1752223e-05
-4.1614909e-05
-4.1479682e-05
-4.1346699e-05
-4.1215025e-05
-4.1085167e-05
-4.0956282e-05
-4.0828884e-05
-4.0702316e-05
-4.0577018e-05
-4.0452632e-05
-4.032987e-05
-4.0207728e-05
-4.0086729e-05
-3.9965975e-05
-3.9845678e-05
-3.9725049e-05
-3.9604523e-05
-3.9483071e-05
-3.9361075e-05
-3.9237883e-05
-3.9113766e-05
-3.8987672e-05
-3.8861133e-05
-3.873115e-05
-3.8596155e-05
-3.8473446e-05
-3.8351872e-05
-3.8223068e-05
-3.8089612e-05
-3.79537e-05
-3.7816518e-05
-3.7677896e-05
-3.7538652e-05
-3.7398871e-05
-3.7258803e-05
-3.7119092e-05
-3.6980102e-05
-3.6842645e-05
-3.6706796e-05
-3.6573245e-05
-3.6441908e-05
-3.6313208e-05
-3.6187492e-05
-3.6064581e-05
-3.5945164e-05
-3.5829279e-05
-3.5716928e-05
-3.5608097e-05
-3.5503309e-05
-3.5401912e-05
-3.5304981e-05
-3.5209785e-05
-1.6599293e-05
-1.6429433e-05
-1.6313251e-05
-1.6238083e-05
-1.6199338e-05
-1.6194635e-05
-1.6222651e-05
-1.6281261e-05
-1.6367237e-05
-1.6476226e-05
-1.6603038e-05
-1.6742697e-05
-1.6890524e-05
-1.7042571e-05
-1.719603e-05
-1.7348736e-05
-1.7499722e-05
-1.7648302e-05
-1.7794189e-05
-1.7937492e-05
-1.8078293e-05
-1.8216625e-05
-1.8353001e-05
-1.8487427e-05
-1.8620336e-05
-1.8751968e-05
-1.8882444e-05
-1.9011485e-05
-1.9139248e-05
-1.926543e-05
-1.9390228e-05
-1.9513486e-05
-1.9635228e-05
-1.9755229e-05
-1.9873666e-05
-1.9990275e-05
-2.0105002e-05
-2.0217714e-05
-2.0328382e-05
-2.0436541e-05
-2.0542173e-05
-2.0645256e-05
-2.0748038e-05
-2.0839391e-05
-2.092438e-05
-2.1003735e-05
-2.1077686e-05
-2.1146514e-05
-2.121057e-05
-2.1270123e-05
-2.1325646e-05
-2.137765e-05
-2.142641e-05
-2.147271e-05
-2.151672e-05
-2.1559279e-05
-2.1600593e-05
-2.1641405e-05
-2.1682042e-05
-2.172301e-05
-2.1764877e-05
-2.1807926e-05
-2.1852609e-05
-2.1899284e-05
-2.1948304e-05
-2.199982e-05
-2.2054228e-05
-2.2111619e-05
-2.217213e-05
-2.2236167e-05
-3.3736657e-05
-3.41393e-05
-3.4502805e-05
-3.4831697e-05
-3.5130765e-05
-3.5403049e-05
-3.565095e-05
-3.5875888e-05
-3.6078952e-05
-3.6261022e-05
-3.642264e-05
-3.6564422e-05
-3.6686924e-05
-3.6790419e-05
-3.6875371e-05
-3.6941776e-05
-3.6989715e-05
-3.7019092e-05
-3.7029454e-05
-3.7020405e-05
-3.6991677e-05
-3.6942764e-05
-3.687378e-05
-3.6784645e-05
-3.6675619e-05
-3.6547049e-05
-3.6399464e-05
-3.6233179e-05
-3.6049091e-05
-3.5847655e-05
-3.5629837e-05
-3.539651e-05
-3.514873e-05
-3.4887266e-05
-3.4613242e-05
-3.4327798e-05
-3.4032785e-05
-3.3730281e-05
-3.3422052e-05
-3.3109519e-05
-3.279442e-05
-3.2477298e-05
-3.2148212e-05
-3.1831204e-05
-3.1516198e-05
-3.1202783e-05
-3.0891881e-05
-3.0584356e-05
-3.0280619e-05
-2.9981094e-05
-2.9686185e-05
-2.9396149e-05
-2.9111071e-05
-2.883138e-05
-2.8556768e-05
-2.8287744e-05
-2.802391e-05
-2.7765605e-05
-2.7512529e-05
-2.7264863e-05
-2.7022472e-05
-2.678514e-05
-2.6552878e-05
-2.6325723e-05
-2.6103431e-05
-2.5885898e-05
-2.5673217e-05
-2.5465193e-05
-2.5261642e-05
-2.506234e-05
1.9062115e-05
1.939363e-05
1.9590268e-05
1.9690755e-05
1.9709041e-05
1.965041e-05
1.9526216e-05
1.935509e-05
1.9153973e-05
1.8935177e-05
1.8705705e-05
1.8469729e-05
1.822949e-05
1.7986636e-05
1.7741832e-05
1.7495999e-05
1.7249233e-05
1.7002167e-05
1.6754824e-05
1.6507533e-05
1.6260402e-05
1.6013911e-05
1.5767949e-05
1.5523178e-05
1.5279513e-05
1.5037526e-05
1.479728e-05
1.4559298e-05
1.4323546e-05
1.4090733e-05
1.3860637e-05
1.3633902e-05
1.3410432e-05
1.3190728e-05
1.2974542e-05
1.2762844e-05
1.2555896e-05
1.2354625e-05
1.2158876e-05
1.1969347e-05
1.1785814e-05
1.1607523e-05
1.143499e-05
1.1297423e-05
1.1173053e-05
1.1052703e-05
1.0940805e-05
1.0844197e-05
1.0766588e-05
1.0708353e-05
1.0665282e-05
1.0629731e-05
1.0591491e-05
1.0545729e-05
1.0491022e-05
1.0426796e-05
1.0352709e-05
1.027064e-05
1.0183001e-05
1.0093321e-05
1.0004036e-05
9.9182588e-06
9.8381153e-06
9.7661369e-06
9.7043998e-06
9.6560125e-06
9.62372e-06
9.6100818e-06
9.6145783e-06
9.629276e-06
-2.8341162e-05
-2.8757446e-05
-2.9110478e-05
-2.9413956e-05
-2.9680986e-05
-2.9919735e-05
-3.0136244e-05
-3.0334115e-05
-3.0516351e-05
-3.0684493e-05
-3.0840194e-05
-3.098403e-05
-3.1117132e-05
-3.1239691e-05
-3.135255e-05
-3.1455749e-05
-3.1549935e-05
-3.1635047e-05
-3.1711606e-05
-3.1779319e-05
-3.1838655e-05
-3.1889175e-05
-3.1931139e-05
-3.1964032e-05
-3.1987938e-05
-3.2002152e-05
-3.2006649e-05
-3.2000453e-05
-3.1983373e-05
-3.1954495e-05
-3.1913847e-05
-3.1861075e-05
-3.1796932e-05
-3.1721792e-05
-3.1637254e-05
-3.1544757e-05
-3.1446807e-05
-3.1345826e-05
-3.1245464e-05
-3.114914e-05
-3.1061497e-05
-3.0986781e-05
-3.0935643e-05
-3.0933574e-05
-3.0953521e-05
-3.097459e-05
-3.0989348e-05
-3.0991248e-05
-3.0974728e-05
-3.0934738e-05
-3.0867937e-05
-3.0771053e-05
-3.0643033e-05
-3.0484921e-05
-3.0299948e-05
-3.0091108e-05
-2.9861251e-05
-2.9611932e-05
-2.9344798e-05
-2.9060781e-05
-2.8760856e-05
-2.8445437e-05
-2.8115348e-05
-2.7770952e-05
-2.7412942e-05
-2.7041897e-05
-2.6659062e-05
-2.626559e-05
-2.5863209e-05
-2.5451757e-05
3.658854e-05
3.6983862e-05
3.7240012e-05
3.7369117e-05
3.7378904e-05
3.7272399e-05
3.7054753e-05
3.6735193e-05
3.6327173e-05
3.5845337e-05
3.5304825e-05
3.4718761e-05
3.4098704e-05
3.3453386e-05
3.2789784e-05
3.2112717e-05
3.1425879e-05
3.0731604e-05
3.0031802e-05
2.9327463e-05
2.8619553e-05
2.7908556e-05
2.7194896e-05
2.6478845e-05
2.5760636e-05
2.5040387e-05
2.4318267e-05
2.3594392e-05
2.2868803e-05
2.214171e-05
2.1413095e-05
2.068316e-05
1.9951939e-05
1.9219641e-05
1.8486245e-05
1.775203e-05
1.7016984e-05
1.628128e-05
1.5544937e-05
1.4808179e-05
1.4070937e-05
1.3330726e-05
1.2579612e-05
1.1900229e-05
1.1253594e-05
1.0610957e-05
9.9567796e-06
9.2820149e-06
8.5815853e-06
7.8534403e-06
7.097233e-06
6.3141985e-06
5.5060169e-06
4.6751508e-06
3.8240631e-06
2.9551895e-06
2.0709923e-06
1.1737231e-06
2.6533773e-07
-6.5215521e-07
-1.5773255e-06
-2.502022e-06
-3.3971469e-06
-4.2121754e-06
-4.8987341e-06
-5.433019e-06
-5.8265427e-06
-6.1176489e-06
-6.3521899e-06
-6.5699041e-06
-0.2756708
-0.28754335
-0.076254179
-0.056504397
-0.061012833
-0.045098692
-0.043048467
-0.038826879
-0.026045281
-0.023513396
-0.027420712
-0.042804755
-0.024797639
-0.28569332
0.96850647
-1.8203196
-0.27507863
-0.28681352
-0.076770888
-0.056722114
-0.060949453
-0.045246079
-0.04319784
-0.038605838
-0.025609785
-0.023118522
-0.026972868
-0.042145418
-0.024088739
-0.28051612
0.94937916
-1.7917927
-0.2742354
-0.28556603
-0.076966545
-0.056831285
-0.060741613
-0.045477134
-0.043290266
-0.038503006
-0.025021121
-0.022769045
-0.026453648
-0.041381171
-0.022927741
-0.27391436
0.92669258
-1.7523348
-0.2731043
-0.28381045
-0.07688705
-0.05680869
-0.060421686
-0.045576138
-0.043265934
-0.038442368
-0.024265531
-0.022465076
-0.025891365
-0.040577308
-0.02139402
-0.26639399
0.90174033
-1.7100581
-0.27159411
-0.28156136
-0.0767801
-0.056697621
-0.060022826
-0.045525263
-0.043197221
-0.038371825
-0.023665404
-0.022194632
-0.025309155
-0.039771372
-0.019586707
-0.25862356
0.87631732
-1.6676194
-0.26960824
-0.27885409
-0.076821302
-0.056604204
-0.059585231
-0.045413302
-0.043133429
-0.038292933
-0.023441007
-0.02190824
-0.024669269
-0.038946008
-0.01755282
-0.25091326
0.85100776
-1.6253794
-0.26708093
-0.27571571
-0.076914028
-0.056655707
-0.059135388
-0.045337092
-0.043071033
-0.038211302
-0.023424655
-0.021619919
-0.023901784
-0.038091208
-0.015338583
-0.24338158
0.8258708
-1.5830902
-0.26401092
-0.2721669
-0.077078558
-0.056872781
-0.058664864
-0.045267388
-0.04300406
-0.038134786
-0.023447983
-0.02154104
-0.023021035
-0.037202573
-0.013174464
-0.23605112
0.80079961
-1.5403213
-0.26048898
-0.26825465
-0.077300778
-0.057185199
-0.058152755
-0.045191404
-0.042927206
-0.038064591
-0.023465826
-0.021538616
-0.022179027
-0.036261021
-0.011421693
-0.22888818
0.7756459
-1.4966249
-0.25665218
-0.26403104
-0.077579081
-0.057574137
-0.057606424
-0.045096231
-0.042837142
-0.03799284
-0.023463974
-0.02147274
-0.021469439
-0.035241393
-0.0099329672
-0.22183494
0.75026014
-1.4515632
-0.2526049
-0.25952487
-0.077916634
-0.058051786
-0.057111515
-0.044983821
-0.04273222
-0.037918658
-0.023434618
-0.021359493
-0.020844884
-0.034256834
-0.0082136102
-0.21487358
0.72450242
-1.404798
-0.24838684
-0.2547741
-0.078312245
-0.058590544
-0.056782712
-0.044882611
-0.042614903
-0.03784381
-0.023369302
-0.021252195
-0.020270483
-0.033450083
-0.0058527789
-0.20798034
0.6982484
-1.3559644
-0.24398576
-0.24979451
-0.07876355
-0.059122146
-0.056625129
-0.04484075
-0.042490456
-0.037753358
-0.02327948
-0.021151659
-0.019716158
-0.032700999
-0.0028092486
-0.20106904
0.67139195
-1.304599
-0.2393754
-0.24457708
-0.079271702
-0.059594003
-0.056570448
-0.044869396
-0.042367894
-0.037631309
-0.023166574
-0.021053397
-0.019134822
-0.031855889
0.00038426913
-0.1940541
0.64385152
-1.249967
-0.23454946
-0.23912416
-0.079832347
-0.059996509
-0.056569771
-0.044931085
-0.042265782
-0.037476424
-0.023045271
-0.020952713
-0.01850804
-0.03083627
0.0033662993
-0.18688194
0.61558113
-1.1930361
-0.22952441
-0.23342772
-0.080431185
-0.060371052
-0.056616136
-0.045006212
-0.0421884
-0.037310105
-0.022941778
-0.020838863
-0.017846535
-0.029665698
0.0061675697
-0.17950584
0.58665372
-1.1348649
-0.22431903
-0.22747425
-0.081054405
-0.060771642
-0.05669612
-0.045098965
-0.042113198
-0.037163847
-0.022885987
-0.020707346
-0.017174512
-0.028410488
0.0088769709
-0.17186742
0.55701315
-1.0730505
-0.21895368
-0.22125936
-0.08169552
-0.061222854
-0.056811637
-0.045207698
-0.042032612
-0.037044897
-0.022881939
-0.020577886
-0.016526119
-0.027110163
0.011512011
-0.1639038
0.52640934
-1.0071274
-0.21346733
-0.21479081
-0.082350815
-0.061736891
-0.056954931
-0.045332096
-0.041951554
-0.036926893
-0.022936747
-0.020473157
-0.015931421
-0.02575585
0.014048196
-0.15555227
0.4949196
-0.93901614
-0.20790933
-0.20807187
-0.083022535
-0.0623196
-0.057129504
-0.045473341
-0.041872213
-0.036795359
-0.023024578
-0.020381964
-0.015400495
-0.024317873
0.016443517
-0.14675227
0.46269526
-0.86899031
-0.20233067
-0.20112293
-0.083722011
-0.062969459
-0.057339991
-0.04563269
-0.041807243
-0.036648314
-0.023123622
-0.020283733
-0.014951468
-0.022777709
0.018638829
-0.13744921
0.43001252
-0.79813862
-0.19678977
-0.19399746
-0.084463078
-0.063678454
-0.057588036
-0.045815464
-0.041756132
-0.036485612
-0.023230415
-0.020177026
-0.014594259
-0.021129774
0.020558323
-0.12760084
0.39730223
-0.72526579
-0.19135012
-0.1867902
-0.085247146
-0.064437608
-0.05787365
-0.046029227
-0.041714262
-0.036307582
-0.023351451
-0.020064655
-0.014280464
-0.01936965
0.022114085
-0.11719045
0.36483721
-0.65018681
-0.18607786
-0.17972804
-0.086077877
-0.065246368
-0.058198368
-0.046277525
-0.041682778
-0.036116808
-0.02348543
-0.019933219
-0.013922294
-0.017500854
0.023226505
-0.10622677
0.33243461
-0.57444452
-0.18099936
-0.17313468
-0.087012141
-0.066105083
-0.058564459
-0.046565339
-0.041657356
-0.035916854
-0.023624226
-0.019764329
-0.01343746
-0.015550125
0.02384646
-0.094735684
0.30026304
-0.49926156
-0.17598182
-0.16706773
-0.088062799
-0.067003734
-0.058972493
-0.046899772
-0.041634496
-0.035710846
-0.023759581
-0.019556532
-0.012769211
-0.013550832
0.023979104
-0.082761012
0.26869131
-0.42590996
-0.17076547
-0.16122466
-0.089205415
-0.067936026
-0.059422456
-0.047285091
-0.041611968
-0.035503453
-0.023904163
-0.019314691
-0.011943572
-0.011537627
0.023702494
-0.070369152
0.23817739
-0.35428709
-0.16521447
-0.15538776
-0.090396287
-0.068900587
-0.05991338
-0.047722355
-0.041592908
-0.035293184
-0.024042662
-0.019032461
-0.011135012
-0.0096047482
0.023150721
-0.057670209
0.20928263
-0.2845425
-0.15934238
-0.14957102
-0.091660243
-0.069897509
-0.060426564
-0.048201105
-0.041581475
-0.035077791
-0.024172237
-0.018708422
-0.010484991
-0.0078910711
0.022444394
-0.044785316
0.18267076
-0.21795847
-0.15320043
-0.14378715
-0.092643865
-0.070910951
-0.060938835
-0.048702959
-0.041596743
-0.034860036
-0.024297175
-0.018358698
-0.0099058202
-0.0064401187
0.021680279
-0.031759819
0.15934817
-0.15510167
-0.14685121
-0.1380169
-0.093545636
-0.071954597
-0.061463589
-0.049244177
-0.04162178
-0.03464065
-0.024399096
-0.017996488
-0.0092793901
-0.0051272558
0.020985895
-0.018869381
0.14024252
-0.097654143
-0.1403657
-0.13224484
-0.093731444
-0.072994153
-0.061850757
-0.049848446
-0.041613391
-0.034420141
-0.024487395
-0.017620879
-0.0085926429
-0.0038000524
0.02029784
-0.0067490293
0.12486452
-0.048637181
-0.13381117
-0.12649511
-0.093504579
-0.073996532
-0.062241614
-0.050523013
-0.041606065
-0.034198037
-0.024520615
-0.01724521
-0.0078839704
-0.0024413704
0.019353619
0.0039022359
0.11128269
-0.010491814
-0.12723614
-0.12067744
-0.092923102
-0.074677139
-0.062465333
-0.051137713
-0.041697198
-0.033988756
-0.024537246
-0.016878443
-0.0073015752
-0.0010985918
0.018400264
0.012772779
0.098023004
0.017767714
-0.1207117
-0.11472528
-0.092008813
-0.074987128
-0.062942216
-0.051564399
-0.041851146
-0.033808999
-0.024526585
-0.016528082
-0.0067928795
0.00026330648
0.017879181
0.020036777
0.085076663
0.037935909
-0.11437202
-0.10900757
-0.090762231
-0.074822323
-0.062993004
-0.052063568
-0.0420128
-0.033652182
-0.024500086
-0.016215686
-0.0063819014
0.0014901591
0.017925493
0.02494274
0.072983967
0.050934112
-0.1083933
-0.10362629
-0.089079676
-0.074293122
-0.062808633
-0.052263417
-0.04227437
-0.033526649
-0.024474263
-0.015965863
-0.0061294687
0.0024004631
0.017755094
0.026688425
0.062193503
0.056658596
-0.10271423
-0.098214594
-0.086571646
-0.07333648
-0.06231448
-0.052133229
-0.042415561
-0.033452407
-0.024461595
-0.015804943
-0.0060424499
0.0028870165
0.016917536
0.027248119
0.053557166
0.057324934
-0.097219596
-0.092824431
-0.083448006
-0.071957668
-0.06147871
-0.051759236
-0.042337118
-0.033409244
-0.024494497
-0.015745096
-0.0061952846
0.0030336084
0.015508835
0.026817644
0.046370816
0.055086664
-0.091826874
-0.087534654
-0.079837276
-0.07002957
-0.060303716
-0.051100507
-0.042091996
-0.033340014
-0.024587688
-0.015860345
-0.0066829998
0.0026445403
0.013660279
0.024791603
0.040021679
0.050897299
-0.086460455
-0.082367873
-0.075895024
-0.067569327
-0.058810755
-0.050154655
-0.041639642
-0.033208341
-0.024753248
-0.016213984
-0.0073719616
0.0016880469
0.011668765
0.022167144
0.034639578
0.045381122
-0.081155791
-0.077322153
-0.071757853
-0.064672508
-0.056919036
-0.048925596
-0.040973633
-0.03298991
-0.024936109
-0.016723347
-0.0083074879
0.00030331718
0.0093914185
0.018963283
0.029419641
0.039193913
-0.075962684
-0.072392302
-0.067519637
-0.061440182
-0.054649663
-0.047429068
-0.040094757
-0.032663655
-0.025142306
-0.017408146
-0.0095002887
-0.0014595923
0.006817725
0.015384921
0.024320176
0.032879894
-0.070890943
-0.06756678
-0.063250127
-0.05799379
-0.052089192
-0.045690275
-0.039003892
-0.032203056
-0.025296236
-0.018162452
-0.010854202
-0.0034643783
0.004020837
0.011597036
0.019279768
0.026640814
-0.065947232
-0.062858744
-0.059012262
-0.05443673
-0.049312525
-0.043698918
-0.037725776
-0.031607624
-0.025378085
-0.018960098
-0.012312567
-0.0056097127
0.0010856967
0.0077301854
0.01434657
0.020646817
-0.061115883
-0.058261697
-0.054826511
-0.050825981
-0.046385412
-0.041506314
-0.036265848
-0.030848507
-0.025309078
-0.019632653
-0.013716246
-0.0077529213
-0.0018335124
0.0039543002
0.0096441777
0.015021252
-0.05641887
-0.053809131
-0.050751932
-0.047254649
-0.043409687
-0.039194753
-0.034651478
-0.029936638
-0.025117801
-0.020200207
-0.015018504
-0.0097950012
-0.0046371402
0.00035559141
0.0052366578
0.0098413078
-0.051715668
-0.049347749
-0.046642362
-0.043609617
-0.040300955
-0.036694085
-0.032830869
-0.028782615
-0.024666871
-0.020478064
-0.01609473
-0.011629431
-0.0071945516
-0.0029248295
0.0012350211
0.0051835414
-0.047240272
-0.045086386
-0.042660097
-0.040066885
-0.037265387
-0.034176741
-0.030861588
-0.027426418
-0.023956831
-0.020421114
-0.016807712
-0.013076058
-0.009340941
-0.0056932411
-0.0021836362
0.0011570877
-0.04288787
-0.040978671
-0.038886774
-0.036619084
-0.034190617
-0.031609584
-0.028886355
-0.026042796
-0.02313691
-0.020177887
-0.017176402
-0.014075764
-0.010957329
-0.0078864645
-0.0049052367
-0.0020724307
-0.038936869
-0.037245829
-0.035419436
-0.03346018
-0.031386735
-0.029207516
-0.026922576
-0.024542806
-0.022107343
-0.019637993
-0.017138751
-0.014629076
-0.012045257
-0.0094700968
-0.0069449606
-0.0045121112
-0.035263471
-0.033759472
-0.032161163
-0.030468913
-0.028695956
-0.026851373
-0.024934815
-0.022951006
-0.020914394
-0.018853934
-0.016771613
-0.014673665
-0.012571336
-0.01043527
-0.0083135116
-0.006238986
-0.031896854
-0.030569919
-0.029176056
-0.027715021
-0.026197137
-0.024629644
-0.023011206
-0.021343906
-0.019637288
-0.017912301
-0.016169454
-0.014413221
-0.012653787
-0.010895429
-0.0091113003
-0.0073440552
-0.028794025
-0.027622868
-0.026404623
-0.025139069
-0.023834164
-0.022495336
-0.021120928
-0.019711485
-0.018273414
-0.016818531
-0.015348499
-0.013865705
-0.012377299
-0.01089101
-0.0094098436
-0.0079160728
-0.025932574
-0.024902371
-0.023838743
-0.022741387
-0.02161638
-0.02046787
-0.019294146
-0.018094819
-0.016874492
-0.015638412
-0.014391189
-0.013132829
-0.011866938
-0.010599586
-0.0093311136
-0.0080651805
-0.023295455
-0.022389032
-0.021458689
-0.020504041
-0.019529758
-0.018539071
-0.017530281
-0.01650257
-0.015459137
-0.014403676
-0.013337815
-0.012261741
-0.011177987
-0.010090767
-0.0090000254
-0.0079074143
-0.020865173
-0.020068953
-0.019255335
-0.018423878
-0.017578176
-0.016720775
-0.015850058
-0.014965046
-0.014067987
-0.013161657
-0.012245997
-0.011321242
-0.010389235
-0.0094528914
-0.0085117604
-0.0075664796
-0.018634457
-0.017935938
-0.017224536
-0.016499795
-0.015764502
-0.015020672
-0.014266838
-0.013501992
-0.012727744
-0.01194621
-0.011156622
-0.010359085
-0.0095549045
-0.0087461443
-0.0079322182
-0.0071131172
-0.016597252
-0.015986318
-0.015365676
-0.014734875
-0.014096097
-0.013450939
-0.012798125
-0.012136653
-0.011467779
-0.010792361
-0.010110781
-0.0094225131
-0.0087282118
-0.0080294693
-0.0073257586
-0.0066167521
-0.014747051
-0.01421507
-0.013675669
-0.013128441
-0.012575096
-0.012016907
-0.011452762
-0.010881792
-0.010304582
-0.0097223818
-0.0091352762
-0.0085424777
-0.0079444524
-0.0073425037
-0.0067361295
-0.0061249364
-0.013084908
-0.012624587
-0.012158555
-0.011686432
-0.011209589
-0.010729022
-0.010243806
-0.0097529245
-0.0092571096
-0.0087578191
-0.008254587
-0.0077466127
-0.0072343289
-0.006718831
-0.0061996402
-0.0056764046
-0.011633015
-0.011236148
-0.010834837
-0.010428773
-0.010019023
-0.0096064213
-0.0091899549
-0.0087690755
-0.0083446456
-0.0079174618
-0.0074870476
-0.0070528077
-0.0066151071
-0.0061748093
-0.0057315218
-0.005284903
-0.010386002
-0.010044478
-0.0096994606
-0.0093506876
-0.0089990118
-0.0086449028
-0.0082877831
-0.0079273862
-0.0075641374
-0.0071986259
-0.0068305176
-0.006459309
-0.0060852747
-0.0057090848
-0.0053304236
-0.0049489442
-0.0093207877
-0.0090278171
-0.0087320888
-0.0084333852
-0.0081323096
-0.0078293916
-0.007524265
-0.0072164911
-0.0069063845
-0.0065944679
-0.006280483
-0.0059639775
-0.0056451732
-0.005324602
-0.0050020229
-0.0046770982
-0.0083987186
-0.0081482727
-0.0078956441
-0.0076405747
-0.0073836043
-0.0071253308
-0.0068653175
-0.0066031515
-0.0063391239
-0.006073674
-0.0058065856
-0.0055374703
-0.0052665042
-0.0049941287
-0.0047201482
-0.0044442837
-0.007602285
-0.0073891705
-0.0071743246
-0.0069575351
-0.0067393455
-0.0065201531
-0.0062995696
-0.0060772731
-0.0058535087
-0.005628637
-0.0054024815
-0.0051747116
-0.0049454723
-0.0047151256
-0.0044835241
-0.0042504162
-0.0069050239
-0.0067244733
-0.0065425047
-0.0063590608
-0.0061745235
-0.0059892079
-0.0058027982
-0.0056150383
-0.0054261199
-0.0052363477
-0.0050455742
-0.0048535234
-0.0046603089
-0.004466236
-0.0042711885
-0.0040749545
-0.0062926722
-0.006140439
-0.0059871417
-0.0058326817
-0.0056773544
-0.0055214324
-0.0053646614
-0.0052068208
-0.005048069
-0.0048886594
-0.0047284763
-0.0045672793
-0.0044051642
-0.0042423822
-0.0040788491
-0.0039143696
-0.005747877
-0.0056201116
-0.0054915225
-0.005362015
-0.005231828
-0.0051011946
-0.0049699039
-0.0048377666
-0.0047049122
-0.0045715528
-0.0044375963
-0.0043028335
-0.0041673429
-0.0040313323
-0.0038947424
-0.0037573945
-0.005260635
-0.0051539488
-0.005046626
-0.0049385728
-0.004829988
-0.0047210686
-0.0046116421
-0.0045015425
-0.0043908792
-0.0042798288
-0.0041683218
-0.0040561731
-0.0039434496
-0.0038303228
-0.0037167554
-0.0036025826
-0.0048196783
-0.0047309865
-0.0046418109
-0.0045520612
-0.0044618977
-0.0043714893
-0.0042806937
-0.0041893677
-0.0040976011
-0.0040055451
-0.0039131452
-0.0038202406
-0.0037268852
-0.0036332245
-0.0035392351
-0.0034447708
-0.0044182927
-0.0043449083
-0.0042711506
-0.0041969483
-0.0041224214
-0.0040477215
-0.0039727272
-0.0038973195
-0.0038215676
-0.0037456038
-0.0036693834
-0.0035927679
-0.0035157993
-0.0034386027
-0.0033611654
-0.0032833581
-0.0040494494
-0.0039890101
-0.0039282734
-0.0038671973
-0.0038058788
-0.003744437
-0.0036827713
-0.0036207798
-0.0035585208
-0.0034961065
-0.0034335038
-0.0033705905
-0.0033074018
-0.0032440427
-0.0031805106
-0.0031166877
-0.0037087956
-0.0036592399
-0.0036094563
-0.0035593951
-0.0035091494
-0.003458834
-0.0034083508
-0.003357608
-0.0033066558
-0.0032555924
-0.0032043915
-0.0031529465
-0.0031012844
-0.0030494961
-0.0029975838
-0.0029454433
-0.0033925769
-0.0033521151
-0.003311479
-0.0032706252
-0.0032296218
-0.0031885694
-0.0031474042
-0.0031060413
-0.0030645131
-0.0030229055
-0.0029811996
-0.0029393026
-0.0028972349
-0.0028550744
-0.0028128277
-0.0027704025
-0.0030979561
-0.0030650655
-0.0030320426
-0.0029988505
-0.0029655424
-0.0029322013
-0.0028987676
-0.0028651801
-0.0028314722
-0.0027977167
-0.0027638914
-0.0027299151
-0.0026958061
-0.0026616305
-0.002627398
-0.0025930252
-0.0028228317
-0.0027962048
-0.0027694783
-0.0027426201
-0.0027156728
-0.0026887077
-0.0026616751
-0.002634518
-0.0026072616
-0.0025799698
-0.0025526377
-0.0025251934
-0.0024976475
-0.0024700538
-0.0024424243
-0.0024146861
-0.0025655845
-0.0025441117
-0.0025225637
-0.0025009136
-0.0024791952
-0.0024574692
-0.0024356949
-0.0024138226
-0.002391873
-0.0023698991
-0.0023478937
-0.0023257959
-0.002303618
-0.0022814109
-0.0022591889
-0.0022368831
-0.0023250702
-0.0023078241
-0.0022905224
-0.0022731421
-0.0022557098
-0.0022382771
-0.0022208104
-0.0022032668
-0.0021856634
-0.0021680453
-0.0021504081
-0.0021326984
-0.0021149255
-0.0020971289
-0.0020793227
-0.0020614486
-0.0021002249
-0.0020864371
-0.0020726079
-0.0020587181
-0.0020447882
-0.0020308623
-0.0020169126
-0.0020029021
-0.0019888449
-0.0019747793
-0.0019607025
-0.0019465686
-0.001932385
-0.001918185
-0.0019039826
-0.0018897264
-0.00189055
-0.0018795756
-0.0018685712
-0.0018575215
-0.0018464413
-0.0018353684
-0.0018242793
-0.0018131432
-0.0018019707
-0.0017907953
-0.0017796146
-0.0017683898
-0.001757126
-0.0017458523
-0.0017345809
-0.0017232678
-0.0016951156
-0.0016864114
-0.0016776856
-0.0016689261
-0.001660144
-0.0016513705
-0.0016425868
-0.0016337663
-0.0016249179
-0.0016160697
-0.0016072205
-0.001598337
-0.0015894237
-0.0015805044
-0.0015715913
-0.0015626454
-0.0015144723
-0.0015076088
-0.0015007298
-0.0014938257
-0.0014869047
-0.0014799926
-0.0014730742
-0.0014661269
-0.0014591581
-0.0014521913
-0.0014452262
-0.0014382344
-0.0014312196
-0.0014242015
-0.0014171917
-0.0014101559
-0.0013469538
-0.001341582
-0.0013361987
-0.0013307973
-0.0013253824
-0.0013199758
-0.0013145648
-0.0013091308
-0.0013036795
-0.0012982306
-0.0012927843
-0.0012873166
-0.0012818303
-0.001276342
-0.001270862
-0.0012653607
-0.001193837
-0.0011896769
-0.0011855089
-0.001181329
-0.0011771391
-0.0011729575
-0.0011687737
-0.0011645724
-0.0011603577
-0.001156147
-0.00115194
-0.0011477168
-0.0011434794
-0.0011392418
-0.0011350133
-0.0011307677
-0.0010503875
-0.0010471797
-0.0010439675
-0.0010407477
-0.0010375204
-0.0010343009
-0.0010310805
-0.0010278471
-0.0010246037
-0.0010213648
-0.0010181303
-0.0010148839
-0.0010116268
-0.0010083708
-0.0010051237
-0.0010018635
-0.00092232523
-0.00091989084
-0.0009174537
-0.00091501274
-0.00091256633
-0.00091012742
-0.00090768873
-0.00090524046
-0.00090278474
-0.00090033402
-0.00089788803
-0.00089543319
-0.00089297031
-0.00089050943
-0.00088805758
-0.00088559512
-0.00080044528
-0.00079854207
-0.00079663655
-0.00079472874
-0.00079281746
-0.00079091133
-0.00078900605
-0.00078709216
-0.00078517255
-0.00078325604
-0.00078134382
-0.00077942345
-0.0007774968
-0.00077557071
-0.00077365286
-0.00077172496
-0.000693808
-0.00069237324
-0.00069093755
-0.00068950144
-0.00068806253
-0.00068662825
-0.00068519478
-0.00068375499
-0.00068231075
-0.00068086985
-0.00067943288
-0.00067799006
-0.00067654253
-0.00067509627
-0.00067365739
-0.00067221096
-0.00059678118
-0.00059571206
-0.00059464194
-0.00059357278
-0.00059250149
-0.00059143365
-0.00059036645
-0.00058929402
-0.0005882179
-0.00058714418
-0.00058607351
-0.00058499773
-0.00058391792
-0.00058283857
-0.00058176547
-0.00058068483
-0.00051013391
-0.00050932784
-0.00050852203
-0.00050771829
-0.00050691336
-0.00050611173
-0.00050531111
-0.00050450699
-0.00050370039
-0.0005028965
-0.00050209567
-0.0005012915
-0.00050048462
-0.00049967893
-0.00049887889
-0.00049807364
-0.00043301944
-0.00043242641
-0.00043183386
-0.00043124345
-0.0004306519
-0.00043006268
-0.0004294741
-0.00042888258
-0.00042828893
-0.00042769724
-0.00042710788
-0.00042651563
-0.00042592112
-0.00042532731
-0.00042473808
-0.00042414425
-0.00036541934
-0.00036497248
-0.00036452677
-0.00036408321
-0.00036363907
-0.00036319695
-0.00036275574
-0.00036231235
-0.00036186761
-0.00036142462
-0.00036098384
-0.00036054095
-0.00036009659
-0.00035965302
-0.00035921351
-0.00035877057
-0.00030554108
-0.00030520351
-0.00030486766
-0.00030453357
-0.000304199
-0.00030386611
-0.00030353405
-0.00030320036
-0.00030286569
-0.00030253246
-0.00030220107
-0.0003018681
-0.00030153407
-0.00030120077
-0.00030087067
-0.00030053818
-0.00025446414
-0.00025420646
-0.00025395091
-0.00025369616
-0.00025344064
-0.00025318646
-0.00025293288
-0.00025267792
-0.00025242209
-0.00025216734
-0.00025191396
-0.00025165924
-0.00025140359
-0.00025114851
-0.00025089569
-0.00025064135
-0.00020954611
-0.00020933859
-0.00020913375
-0.00020892893
-0.00020872331
-0.00020851897
-0.00020831525
-0.00020811053
-0.00020790518
-0.00020770076
-0.00020749744
-0.00020729319
-0.00020708826
-0.00020688395
-0.00020668116
-0.00020647792
-0.0001721546
-0.00017197997
-0.00017180868
-0.00017163621
-0.00017146265
-0.00017129039
-0.00017111868
-0.00017094619
-0.00017077315
-0.0001706009
-0.00017042947
-0.00017025736
-0.00017008463
-0.00016991258
-0.00016974124
-0.00016957051
-0.0001392814
-0.00013912423
-0.00013897093
-0.00013881553
-0.00013865899
-0.00013850373
-0.00013834909
-0.00013819387
-0.00013803827
-0.00013788331
-0.00013772902
-0.00013757429
-0.00013741913
-0.00013726467
-0.00013711038
-0.00013695761
-0.00011355302
-0.00011340207
-0.00011325566
-0.0001131058
-0.00011295453
-0.00011280467
-0.00011265548
-0.00011250577
-0.00011235578
-0.00011220631
-0.00011205741
-0.00011190818
-0.0001117586
-0.00011160978
-0.00011146054
-0.00011131382
-9.0247687e-05
-9.0104746e-05
-8.9966516e-05
-8.9824263e-05
-8.9680515e-05
-8.9538127e-05
-8.9396398e-05
-8.9254278e-05
-8.911192e-05
-8.8969968e-05
-8.8828415e-05
-8.8686673e-05
-8.8544642e-05
-8.8403349e-05
-8.8261212e-05
-8.8122147e-05
-7.4123066e-05
-7.3975138e-05
-7.3832544e-05
-7.3684716e-05
-7.3535167e-05
-7.3387185e-05
-7.3239955e-05
-7.3092382e-05
-7.294462e-05
-7.2797262e-05
-7.2650259e-05
-7.2503178e-05
-7.2355844e-05
-7.2209378e-05
-7.206163e-05
-7.1917832e-05
-5.8412448e-05
-5.8274283e-05
-5.8141288e-05
-5.800276e-05
-5.7862412e-05
-5.7723399e-05
-5.7585043e-05
-5.7446307e-05
-5.7307355e-05
-5.7168565e-05
-5.7029958e-05
-5.6891223e-05
-5.6752221e-05
-5.6613887e-05
-5.6474008e-05
-5.6338118e-05
-5.0846738e-05
-5.0707433e-05
-5.0573427e-05
-5.0433519e-05
-5.0291765e-05
-5.0151397e-05
-5.0011763e-05
-4.9871767e-05
-4.973162e-05
-4.9591647e-05
-4.9451879e-05
-4.9312008e-05
-4.91719e-05
-4.9032491e-05
-4.8891478e-05
-4.8754611e-05
-3.8947574e-05
-3.8848496e-05
-3.8755369e-05
-3.8659522e-05
-3.8563008e-05
-3.8467977e-05
-3.8374161e-05
-3.8280709e-05
-3.8187607e-05
-3.8095013e-05
-3.8002944e-05
-3.7911123e-05
-3.7819381e-05
-3.7728271e-05
-3.7635943e-05
-3.7546445e-05
-3.5112685e-05
-3.5024392e-05
-3.4944927e-05
-3.486692e-05
-3.4790534e-05
-3.4717126e-05
-3.4646357e-05
-3.4577679e-05
-3.4510794e-05
-3.444589e-05
-3.4382621e-05
-3.4320709e-05
-3.4259721e-05
-3.4200219e-05
-3.4140257e-05
-3.4083203e-05
-2.2302655e-05
-2.2367732e-05
-2.2433673e-05
-2.2500485e-05
-2.2568029e-05
-2.2636122e-05
-2.270468e-05
-2.2773442e-05
-2.2842362e-05
-2.2911388e-05
-2.2979826e-05
-2.3043601e-05
-2.3096935e-05
-2.3136728e-05
-2.3164798e-05
-2.3184618e-05
-2.4862253e-05
-2.4668306e-05
-2.4477738e-05
-2.4290012e-05
-2.4104926e-05
-2.3922479e-05
-2.3742511e-05
-2.3564749e-05
-2.338909e-05
-2.3215421e-05
-2.3044168e-05
-2.287854e-05
-2.2725552e-05
-2.2592171e-05
-2.2481832e-05
-2.2394281e-05
9.6497995e-06
9.6779588e-06
9.7026026e-06
9.7150105e-06
9.714833e-06
9.6976724e-06
9.6588526e-06
9.595494e-06
9.502931e-06
9.3767075e-06
9.2161789e-06
9.0236454e-06
8.803237e-06
8.5586979e-06
8.29366e-06
8.013886e-06
-2.5028654e-05
-2.4614779e-05
-2.4203156e-05
-2.3790801e-05
-2.3377601e-05
-2.2963458e-05
-2.2548412e-05
-2.2132306e-05
-2.1715233e-05
-2.1297206e-05
-2.0878329e-05
-2.0458601e-05
-2.0038192e-05
-1.9617295e-05
-1.9196051e-05
-1.8776844e-05
-6.7904302e-06
-6.9968211e-06
-7.1954522e-06
-7.3891351e-06
-7.5731467e-06
-7.7455839e-06
-7.9079208e-06
-8.0630981e-06
-8.2142056e-06
-8.3637265e-06
-8.5131985e-06
-8.6630497e-06
-8.8129143e-06
-8.961872e-06
-9.1094735e-06
-9.2498928e-06
1.8449481
0.21393079
0.17517477
0.16174159
0.12408472
0.097819691
0.067500386
0.036100724
-0.0015477997
-0.045418849
-0.10963417
-0.16521298
1.8267103
0.21431426
0.17524807
0.1618066
0.1241663
0.097892281
0.067579242
0.03619186
-0.001440308
-0.045275888
-0.1094838
-0.16635127
1.7980097
0.21503601
0.17533165
0.16187676
0.12425497
0.097971049
0.06766485
0.036290943
-0.0013233953
-0.045120347
-0.10933726
-0.16777105
1.7609023
0.2161043
0.17541729
0.16193634
0.12433233
0.098040903
0.0677396
0.03637962
-0.0012188917
-0.044980752
-0.10921127
-0.16903781
1.7179194
0.21755324
0.17551826
0.16201267
0.12442843
0.098124602
0.067831555
0.036485645
-0.0010933774
-0.044813681
-0.10899918
-0.16999477
1.6709299
0.2194389
0.17563773
0.16209986
0.12453855
0.098221651
0.06793816
0.036609185
-0.00094659425
-0.044618066
-0.10876663
-0.17060762
1.6210894
0.2218385
0.17577485
0.16219709
0.12466064
0.09833049
0.068058033
0.036749122
-0.00078009218
-0.044395542
-0.10850904
-0.17097678
1.5688652
0.22484939
0.175934
0.16230715
0.12479907
0.098453598
0.068193796
0.036908118
-0.00059059277
-0.044141864
-0.10820838
-0.17116726
1.5142683
0.22843123
0.17611347
0.16242976
0.12495605
0.098594205
0.068348438
0.037089851
-0.0003735803
-0.043850603
-0.10785548
-0.17107513
1.4572458
0.23230534
0.17631395
0.16256895
0.12513212
0.098753747
0.068524537
0.03729767
-0.00012468083
-0.043515672
-0.10744404
-0.17024051
1.3978849
0.23611092
0.1765348
0.16273474
0.12533095
0.098934419
0.068724938
0.037535275
0.00016071514
-0.04313062
-0.1069654
-0.16932086
1.3362278
0.23939084
0.17677931
0.16293582
0.12555459
0.099139376
0.068953173
0.037807156
0.00048844882
-0.042687565
-0.10640353
-0.16829788
1.2725062
0.24165471
0.17686665
0.1631869
0.12580572
0.099372413
0.069213205
0.038118625
0.00086523441
-0.042176772
-0.10576828
-0.16707522
1.2073536
0.24304353
0.17687104
0.16350133
0.12608895
0.099637267
0.069509562
0.03847583
0.0012991191
-0.041586426
-0.1050523
-0.1655452
1.1418205
0.24410487
0.17706813
0.16386836
0.12641396
0.099938467
0.069847258
0.038885927
0.0017993096
-0.040902821
-0.10420536
-0.16369205
1.0775388
0.24410793
0.17753341
0.16425242
0.12679272
0.10028126
0.070232251
0.039357321
0.0023769139
-0.040109916
-0.1031935
-0.16153065
1.0141902
0.2440226
0.17827602
0.16462519
0.12724555
0.1006706
0.070670926
0.039899836
0.0030448179
-0.039188625
-0.10199256
-0.15905132
0.94744484
0.24353911
0.17936766
0.16460875
0.12779808
0.10111234
0.071170911
0.040525032
0.0038183963
-0.038116362
-0.10056877
-0.15622408
0.87566341
0.24197956
0.18053416
0.16455998
0.12848236
0.10161452
0.071738796
0.04124669
0.0047157713
-0.036866492
-0.098878469
-0.1530122
0.80758723
0.23888854
0.18145116
0.16496706
0.12927624
0.10221884
0.072384703
0.042079924
0.005757954
-0.03540764
-0.096870578
-0.14938109
0.74893654
0.23483281
0.18236418
0.16590222
0.12950386
0.10292889
0.073113869
0.043045401
0.0069707873
-0.033703369
-0.094487643
-0.14529686
0.69356004
0.23038825
0.18207849
0.16679256
0.13049067
0.10381489
0.073966608
0.044154251
0.0083828843
-0.031709737
-0.091657761
-0.14075511
0.63607374
0.2256973
0.18103773
0.1667229
0.13172722
0.10394695
0.075011345
0.045449439
0.010024323
-0.029380275
-0.088306987
-0.13563716
0.57807197
0.22170801
0.17907002
0.16612329
0.13282757
0.10503475
0.076102588
0.046960181
0.011949105
-0.026650337
-0.084293995
-0.13000683
0.52301462
0.21916161
0.17590776
0.16433747
0.13285828
0.10646132
0.077318501
0.048654377
0.014170064
-0.02347037
-0.079591801
-0.12348577
0.47065144
0.21800142
0.17252932
0.16184546
0.13217051
0.10703088
0.078798859
0.050778385
0.01675707
-0.019712625
-0.073844524
-0.11616926
0.42105662
0.21770047
0.17045387
0.15924792
0.13105482
0.10681176
0.080208985
0.053325089
0.019496479
-0.015438683
-0.067271598
-0.10792861
0.37292724
0.21724212
0.16929135
0.15734464
0.130278
0.10653751
0.081096295
0.055567499
0.022564379
-0.009970673
-0.059612616
-0.09847422
0.32294509
0.2159984
0.16786679
0.15541887
0.130004
0.10644031
0.082717367
0.057947608
0.026543832
-0.0038541088
-0.05144001
-0.087596732
0.27118261
0.2132937
0.16580307
0.15272606
0.1296913
0.10735764
0.084105466
0.060567106
0.030697019
0.0019355061
-0.041633161
-0.074181233
0.2223811
0.20692824
0.16326047
0.14910504
0.12889136
0.10729012
0.08447695
0.06319789
0.035071186
0.0084374212
-0.030571776
-0.060058509
0.17956338
0.19514452
0.16025999
0.14470274
0.12735988
0.10700699
0.086441782
0.065333288
0.039528971
0.014927189
-0.019292653
-0.046283748
0.14465043
0.17892974
0.15559253
0.13984109
0.12479827
0.10610139
0.086585213
0.066784419
0.043377787
0.020747159
-0.0088783103
-0.033241344
0.11941169
0.16044955
0.14837531
0.13451791
0.12138035
0.10452547
0.086320417
0.068623996
0.046553426
0.025674967
0.00019661397
-0.021815469
0.10194052
0.14188481
0.13856418
0.12829613
0.11705656
0.10241945
0.085503012
0.068813589
0.049443138
0.029694327
0.0077093773
-0.012121863
0.089953787
0.12362917
0.12725657
0.12056494
0.11145265
0.099276627
0.084096523
0.068612995
0.05169033
0.033172366
0.013811829
-0.0040356466
0.08121497
0.1071156
0.11530278
0.11127956
0.10475701
0.094944525
0.08196441
0.067878212
0.05305396
0.036363818
0.01898207
0.0029122366
0.073778863
0.092938303
0.10253845
0.10083889
0.097050949
0.08959863
0.078798204
0.066357518
0.053289157
0.039026287
0.023452823
0.0090513404
0.067159468
0.080648805
0.089916029
0.090208909
0.088151231
0.083186697
0.074623857
0.064111595
0.052831281
0.041059112
0.027356367
0.014426123
0.060643643
0.070118466
0.077880425
0.080117917
0.078751715
0.075824125
0.069622099
0.061129495
0.051558233
0.041651824
0.030660882
0.019106664
0.0536846
0.060657503
0.066813438
0.07001364
0.069209444
0.067568511
0.063749972
0.05725749
0.049526824
0.041287211
0.032713141
0.022966892
0.046497675
0.051982445
0.05687937
0.060114103
0.059931181
0.059156434
0.057175168
0.052625662
0.046731547
0.040096575
0.033250175
0.025880405
0.039257472
0.043762004
0.047755714
0.0507229
0.051350348
0.050975934
0.049922261
0.047299879
0.043134833
0.038131659
0.032712432
0.027217018
0.032159323
0.035976885
0.039363279
0.041992088
0.04334727
0.043147417
0.042681289
0.041494597
0.038919775
0.035367084
0.031322445
0.027094725
0.025407667
0.028705371
0.031667829
0.034053312
0.035680735
0.035907004
0.035808447
0.035324292
0.034200428
0.031992657
0.029189995
0.026093138
0.019104972
0.021971406
0.024594063
0.026801316
0.02844011
0.029478921
0.029464858
0.029352328
0.028993629
0.02811289
0.026441021
0.024377088
0.013362516
0.015865592
0.018197602
0.020227685
0.02186285
0.023059966
0.023848779
0.023827017
0.023829012
0.023625011
0.023081083
0.021977941
0.0082393373
0.010441609
0.012514415
0.014377911
0.015965542
0.017259036
0.018263863
0.018922953
0.019235415
0.019257545
0.019179615
0.018926125
0.0037823073
0.0057292383
0.0075845441
0.0092915221
0.010805718
0.012116283
0.013229804
0.01410825
0.014814131
0.015328893
0.01555542
0.015596167
0.00017429262
0.0018807593
0.0035245064
0.005068019
0.0064816921
0.0077598511
0.0089050058
0.0098999544
0.010774513
0.011507583
0.012099032
0.012563573
-0.0025835178
-0.0010968863
0.00035334667
0.0017412261
0.0030445395
0.0042594563
0.0053863644
0.0064172702
0.0073665722
0.0082208111
0.0089760384
0.0096376684
-0.0045492669
-0.0032443052
-0.0019723033
-0.00073805335
0.00044572908
0.0015744638
0.0026477208
0.0036602977
0.004620798
0.0055204333
0.0063560063
0.0071299483
-0.0058905819
-0.0047465124
-0.0036164987
-0.0025104093
-0.0014392668
-0.0004046082
0.00059445063
0.0015553943
0.00248518
0.0033772122
0.0042289572
0.00504164
-0.0066625489
-0.0056673113
-0.0046828229
-0.0037094249
-0.0027515554
-0.0018117444
-0.00089019491
5.9504477e-06
0.00088279746
0.0017361328
0.0025639534
0.0033668267
-0.0069972501
-0.0061326039
-0.0052722175
-0.0044191931
-0.0035742877
-0.0027381134
-0.0019109092
-0.0010969725
-0.00029212021
0.00050079639
0.0012803489
0.0020466133
-0.0069878321
-0.0062441996
-0.0054989818
-0.0047534214
-0.0040108858
-0.0032726304
-0.0025379881
-0.0018101698
-0.0010861419
-0.00036780332
0.00034385524
0.0010488187
-0.006768093
-0.0061204493
-0.0054724308
-0.0048245316
-0.0041759456
-0.0035267967
-0.002878091
-0.0022329357
-0.0015886133
-0.00094597349
-0.00030575253
0.00033198707
-0.0064193501
-0.0058552753
-0.0052901536
-0.0047236751
-0.0041560144
-0.0035872565
-0.003016931
-0.0024471499
-0.0018768249
-0.0013064007
-0.00073626667
-0.0001663325
-0.0060150356
-0.0055248981
-0.0050334123
-0.0045400146
-0.0040447194
-0.0035475139
-0.0030483666
-0.0025487484
-0.0020475607
-0.00154523
-0.0010422493
-0.00053847881
-0.0056058316
-0.0051827088
-0.0047583048
-0.0043320482
-0.0039038439
-0.0034737379
-0.0030416944
-0.0026089876
-0.0021747341
-0.0017389782
-0.0013020538
-0.0008639388
-0.0052321299
-0.0048700247
-0.0045068561
-0.0041421756
-0.0037758071
-0.0034078706
-0.0030383274
-0.0026682331
-0.0022968259
-0.0019239812
-0.001549813
-0.0011742743
-0.0049058972
-0.0045970507
-0.0042873709
-0.0039764202
-0.0036640342
-0.0033502707
-0.0030351031
-0.0027193768
-0.0024023178
-0.0020837974
-0.0017639503
-0.0014427379
-0.0046251501
-0.0043611952
-0.0040965163
-0.0038306846
-0.0035635707
-0.0032951842
-0.0030255232
-0.0027552556
-0.0024839183
-0.0022113113
-0.0019375689
-0.0016626416
-0.0044012873
-0.0041763338
-0.003950781
-0.0037242502
-0.0034966318
-0.0032679061
-0.0030380886
-0.0028077011
-0.0025764276
-0.0023441217
-0.0021109006
-0.0018767069
-0.0042101865
-0.0040192909
-0.0038279291
-0.0036357981
-0.0034427838
-0.0032488983
-0.003054146
-0.0028589773
-0.0026631171
-0.0024664198
-0.0022689583
-0.0020706999
-0.0040526919
-0.0038914711
-0.0037298995
-0.0035677201
-0.0034048331
-0.0032412391
-0.0030769482
-0.002912258
-0.0027470158
-0.0025810981
-0.002414557
-0.0022473611
-0.0039085913
-0.0037729881
-0.003637132
-0.0035008047
-0.0033639189
-0.0032264793
-0.0030885009
-0.0029502173
-0.0028115188
-0.0026722772
-0.0025325241
-0.0023922322
-0.003774974
-0.0036613613
-0.0035475646
-0.0034333945
-0.003318776
-0.0032037091
-0.0030882069
-0.002972479
-0.0028563982
-0.0027398639
-0.002622921
-0.0025055427
-0.0036410075
-0.0035461467
-0.0034511526
-0.0033558544
-0.0032601903
-0.003164158
-0.0030677772
-0.0029712128
-0.00287442
-0.0027772488
-0.0026797392
-0.0025818908
-0.0035058507
-0.0034270098
-0.0033480808
-0.0032689126
-0.003189453
-0.0031096983
-0.0030296685
-0.0029494929
-0.0028691512
-0.0027885248
-0.0027076103
-0.0026263901
-0.0033647577
-0.0032995547
-0.003234298
-0.0031688575
-0.0031031842
-0.0030372804
-0.0029711618
-0.0029049354
-0.0028385966
-0.0027720416
-0.002705274
-0.0026382909
-0.0032174762
-0.0031638005
-0.0031100999
-0.0030562575
-0.0030022321
-0.0029480235
-0.0028936501
-0.0028391929
-0.0027846663
-0.0027299695
-0.0026751074
-0.0026200758
-0.0030626594
-0.0030186469
-0.0029746275
-0.0029304971
-0.0028862199
-0.0028417967
-0.0027972446
-0.002752627
-0.0027079672
-0.0026631725
-0.002618243
-0.002573178
-0.0029013101
-0.0028653628
-0.0028294209
-0.0027933942
-0.0027572487
-0.0027209889
-0.0026846283
-0.002648219
-0.0026117881
-0.0025752534
-0.00253861
-0.0025018614
-0.0027344973
-0.0027052562
-0.0026760299
-0.0026467387
-0.0026173523
-0.0025878762
-0.002558322
-0.0025287313
-0.0024991342
-0.002469457
-0.0024396925
-0.0024098458
-0.002563941
-0.0025402593
-0.0025165989
-0.0024928874
-0.0024691
-0.0024452409
-0.0024213225
-0.0023973754
-0.0023734335
-0.0023494284
-0.0023253541
-0.0023012144
-0.0023912202
-0.0023721178
-0.0023530396
-0.0023339218
-0.0023147424
-0.0022955069
-0.0022762256
-0.0022569229
-0.002237632
-0.0022182927
-0.0021988974
-0.0021794512
-0.0022180141
-0.0022026562
-0.0021873258
-0.0021719641
-0.0021565528
-0.0021410965
-0.0021256054
-0.0021100974
-0.002094606
-0.0020790767
-0.0020635031
-0.0020478893
-0.0020463323
-0.0020340337
-0.0020217639
-0.0020094695
-0.0019971358
-0.0019847668
-0.0019723718
-0.0019599637
-0.0019475745
-0.0019351559
-0.0019227017
-0.0019102161
-0.0018776691
-0.0018678613
-0.00185808
-0.0018482776
-0.0018384425
-0.0018285793
-0.0018186971
-0.0018088049
-0.0017989336
-0.0017890397
-0.0017791178
-0.0017691709
-0.0017137031
-0.0017059272
-0.0016981757
-0.0016904077
-0.0016826123
-0.0016747949
-0.001666962
-0.0016591213
-0.0016512991
-0.0016434593
-0.001635596
-0.0016277132
-0.0015550839
-0.0015489399
-0.0015428196
-0.0015366861
-0.0015305308
-0.0015243587
-0.0015181757
-0.0015119872
-0.0015058171
-0.0014996339
-0.0014934325
-0.0014872163
-0.0014042113
-0.0013993852
-0.0013945815
-0.0013897667
-0.001384934
-0.0013800881
-0.0013752343
-0.0013703763
-0.0013655353
-0.0013606845
-0.001355819
-0.0013509424
-0.0012607144
-0.0012569465
-0.0012531985
-0.0012494404
-0.0012456669
-0.0012418827
-0.0012380921
-0.0012342978
-0.0012305184
-0.0012267309
-0.0012229314
-0.0012191227
-0.0011271883
-0.0011242939
-0.0011214179
-0.0011185337
-0.0011156369
-0.0011127326
-0.0011098238
-0.0011069127
-0.001104015
-0.0011011117
-0.0010981984
-0.0010952785
-0.00099912432
-0.00099691808
-0.00099472785
-0.0009925307
-0.00099032369
-0.00098811133
-0.00098589635
-0.0009836799
-0.00098147578
-0.00097926764
-0.00097705224
-0.00097483206
-0.00088353178
-0.00088187727
-0.000880238
-0.00087859255
-0.00087693906
-0.00087528157
-0.00087362255
-0.00087196239
-0.00087031342
-0.00086866141
-0.00086700402
-0.00086534317
-0.00077010412
-0.00076880254
-0.00076751573
-0.00076622298
-0.00076492351
-0.00076362089
-0.00076231729
-0.00076101253
-0.00075971709
-0.00075841923
-0.00075711675
-0.00075581161
-0.00067100048
-0.00067003435
-0.0006690806
-0.00066812134
-0.00066715615
-0.00066618843
-0.00066522008
-0.00066425078
-0.00066328954
-0.00066232652
-0.00066136017
-0.00066039198
-0.00057978148
-0.00057906437
-0.00057835867
-0.00057764759
-0.00057693143
-0.00057621317
-0.00057549447
-0.00057477461
-0.00057406122
-0.000573346
-0.00057262784
-0.00057190788
-0.00049740292
-0.00049687359
-0.00049635405
-0.00049583044
-0.0004953027
-0.00049477391
-0.00049424497
-0.00049371564
-0.00049319175
-0.00049266695
-0.00049213985
-0.00049161195
-0.00042365089
-0.00042326362
-0.0004228846
-0.00042250179
-0.00042211546
-0.00042172808
-0.00042134064
-0.0004209526
-0.00042056906
-0.00042018457
-0.00041979833
-0.00041941136
-0.00035840238
-0.00035811339
-0.00035783155
-0.00035754697
-0.0003572598
-0.00035697202
-0.00035668446
-0.0003563967
-0.00035611285
-0.0003558285
-0.000355543
-0.0003552573
-0.00030026091
-0.00030004189
-0.00029982847
-0.00029961326
-0.00029939615
-0.00029917856
-0.00029896124
-0.00029874381
-0.00029852963
-0.00029831509
-0.00029809973
-0.00029788438
-0.00025042715
-0.00025025469
-0.00025008614
-0.00024991668
-0.00024974576
-0.00024957413
-0.00024940253
-0.00024923069
-0.00024906134
-0.00024889151
-0.00024872091
-0.00024855025
-0.00020630378
-0.00020615893
-0.00020601647
-0.00020587432
-0.00020573136
-0.00020558779
-0.00020544425
-0.00020530067
-0.00020515912
-0.0002050173
-0.00020487492
-0.00020473272
-0.00016942035
-0.00016928939
-0.00016915912
-0.00016903038
-0.00016890133
-0.00016877154
-0.00016864158
-0.00016851163
-0.00016838326
-0.00016825463
-0.00016812543
-0.00016799649
-0.00013681945
-0.0001366933
-0.00013656658
-0.00013644244
-0.00013631857
-0.00013619392
-0.00013606911
-0.00013594441
-0.00013582103
-0.0001356975
-0.0001355736
-0.00013545011
-0.0001111769
-0.00011104574
-0.00011091256
-0.0001107832
-0.00011065464
-0.00011052511
-0.00011039529
-0.00011026564
-0.0001101371
-0.00011000842
-0.00010987942
-0.00010975092
-8.7989863e-05
-8.7859609e-05
-8.772644e-05
-8.7597691e-05
-8.7470074e-05
-8.7341481e-05
-8.7212546e-05
-8.7083843e-05
-8.6956009e-05
-8.6828126e-05
-8.6699965e-05
-8.657243e-05
-7.1777942e-05
-7.1636113e-05
-7.1490199e-05
-7.1349851e-05
-7.1211086e-05
-7.1071202e-05
-7.0930864e-05
-7.079086e-05
-7.0651618e-05
-7.0512388e-05
-7.0372875e-05
-7.0234126e-05
-5.620402e-05
-5.6065756e-05
-5.5922898e-05
-5.5785598e-05
-5.5649989e-05
-5.5513145e-05
-5.5375766e-05
-5.5238557e-05
-5.5101871e-05
-5.496509e-05
-5.4827988e-05
-5.4691568e-05
-4.8617791e-05
-4.8475345e-05
-4.8328078e-05
-4.8186657e-05
-4.8047083e-05
-4.7906277e-05
-4.7764913e-05
-4.7623769e-05
-4.7483108e-05
-4.7342382e-05
-4.7201302e-05
-4.7060989e-05
-3.7456247e-05
-3.7360871e-05
-3.7261527e-05
-3.7166015e-05
-3.7071866e-05
-3.6976911e-05
-3.6881395e-05
-3.6785912e-05
-3.6690708e-05
-3.6595443e-05
-3.6499735e-05
-3.6404718e-05
-3.4027951e-05
-3.3969337e-05
-3.3907853e-05
-3.384959e-05
-3.3792725e-05
-3.3735901e-05
-3.3678891e-05
-3.3622299e-05
-3.356622e-05
-3.3510457e-05
-3.3454338e-05
-3.3399525e-05
-2.3201626e-05
-2.321813e-05
-2.3235566e-05
-2.3253129e-05
-2.3270468e-05
-2.3287067e-05
-2.330288e-05
-2.3317599e-05
-2.3331558e-05
-2.3344472e-05
-2.3356567e-05
-2.3368133e-05
-2.2326982e-05
-2.2277345e-05
-2.2241685e-05
-2.2216874e-05
-2.2200004e-05
-2.2188637e-05
-2.2181152e-05
-2.2176275e-05
-2.2173535e-05
-2.2171996e-05
-2.2171368e-05
-2.2171491e-05
7.7093747e-06
7.4025197e-06
7.0845803e-06
6.760627e-06
6.4323663e-06
6.0992213e-06
5.7610786e-06
5.4173553e-06
5.068039e-06
4.712395e-06
4.3504895e-06
3.982082e-06
-1.8342233e-05
-1.7917622e-05
-1.7485923e-05
-1.7050949e-05
-1.6614671e-05
-1.6178378e-05
-1.5742806e-05
-1.5308637e-05
-1.4876184e-05
-1.4445806e-05
-1.4017607e-05
-1.3592202e-05
-9.390931e-06
-9.5338061e-06
-9.6808808e-06
-9.8237879e-06
-9.964023e-06
-1.0102711e-05
-1.0239219e-05
-1.037332e-05
-1.050568e-05
-1.0636999e-05
-1.077074e-05
-1.091596e-05
-0.62188541
-0.18659858
-0.11662773
-0.10454362
-0.088714722
-0.074866335
-0.066630715
-0.049722784
-0.037287322
-0.028960457
-0.026335921
-0.019288015
-0.014720231
-0.013085644
-0.014343701
-0.0035193639
-0.0027734244
-0.0082915323
0.0040518089
0.004748652
0.0016668179
0.011831871
0.010560296
0.020527835
0.021616364
0.025508054
0.028049438
0.032446606
0.034944356
0.040973768
0.044811136
0.058762462
0.067393701
0.078604515
0.088589123
0.098425475
0.10955665
0.11924059
0.1294485
0.14007081
0.14998766
0.15959749
0.16988869
0.17893708
0.18718749
0.19477027
0.20188286
0.20746506
0.21272511
0.2166425
0.22087967
0.2235919
0.22708732
0.23006174
0.23169831
0.23297548
0.23359197
0.23384386
0.23392765
0.23398836
-0.61826028
-0.18718008
-0.116701
-0.10457361
-0.088745291
-0.074889005
-0.066656051
-0.049752522
-0.037308437
-0.028971475
-0.026344745
-0.019298313
-0.014725854
-0.013087297
-0.01433173
-0.0035256745
-0.0027694693
-0.008277675
0.0040458172
0.004753087
0.0016779524
0.011837344
0.010574529
0.020522865
0.021613791
0.025504505
0.028045718
0.03244297
0.034940216
0.040969348
0.044807304
0.05875754
0.067388894
0.078598903
0.088584042
0.098419025
0.1095497
0.11923334
0.12944064
0.14006266
0.14997913
0.15958894
0.16988054
0.17892931
0.18718045
0.19476429
0.20187641
0.20746172
0.21271742
0.21664072
0.2208733
0.22359191
0.22708528
0.23006001
0.23169701
0.23297287
0.23359024
0.23384141
0.2339272
0.23398588
-0.61391703
-0.18793206
-0.11677896
-0.10460294
-0.088774031
-0.074911878
-0.066681822
-0.049782838
-0.037330127
-0.028982969
-0.026353709
-0.01930882
-0.014731645
-0.01308929
-0.014312493
-0.0035336541
-0.0027630529
-0.0082555783
0.0040381057
0.0047602367
0.0016957717
0.011846104
0.010597186
0.020517035
0.021611224
0.02550117
0.028042172
0.032439631
0.034936604
0.040964983
0.044803294
0.058752967
0.067384292
0.078593507
0.088579422
0.09841248
0.10954244
0.11922569
0.1294324
0.14005449
0.14997017
0.15958045
0.16987273
0.17892176
0.18717392
0.1947591
0.20187012
0.20745924
0.21270869
0.21664012
0.22086583
0.22359434
0.227084
0.23005859
0.23169568
0.23296983
0.23358793
0.23383793
0.23392704
0.23398225
-0.60930798
-0.18886501
-0.11686875
-0.10463651
-0.08880452
-0.074936269
-0.066710305
-0.049816376
-0.037353957
-0.02899562
-0.026363519
-0.019320483
-0.014738019
-0.013091049
-0.014284872
-0.0035432471
-0.0027538112
-0.0082240396
0.0040287804
0.0047705125
0.0017212565
0.011858527
0.010629353
0.020510351
0.02160856
0.025497644
0.028038305
0.032436122
0.034933238
0.040960314
0.04479893
0.05874838
0.067379359
0.078587864
0.08857512
0.098405643
0.10953438
0.11921707
0.12942353
0.14004589
0.14996015
0.15957182
0.16986532
0.17891446
0.18716825
0.19475416
0.20186407
0.20745593
0.21269837
0.21664047
0.22085689
0.22359904
0.22708307
0.23005734
0.23169434
0.23296581
0.23358507
0.23383318
0.23392735
0.2339782
-0.60416821
-0.1899766
-0.11697733
-0.10467603
-0.088840272
-0.074963674
-0.066742667
-0.049854539
-0.037381046
-0.029010034
-0.026374511
-0.01933376
-0.014745244
-0.013092064
-0.014249014
-0.0035540683
-0.0027418518
-0.008183185
0.0040183454
0.0047838729
0.0017542672
0.01187443
0.010670729
0.020503151
0.021605749
0.025493401
0.028033686
0.032432066
0.034929368
0.040954971
0.044794251
0.058742953
0.06737367
0.078581424
0.088569941
0.098397572
0.10952486
0.11920694
0.12941301
0.14003554
0.14994836
0.15956137
0.16985635
0.17890555
0.187161
0.19474852
0.20185662
0.20745243
0.21268676
0.21664139
0.22084689
0.22360524
0.22708276
0.2300561
0.23169339
0.23296136
0.23358164
0.23382731
0.23392781
0.23397375
-0.59849201
-0.19126151
-0.11710915
-0.10471863
-0.088880755
-0.074993803
-0.066779068
-0.049897988
-0.037412361
-0.02902694
-0.02638674
-0.019348911
-0.01475356
-0.013092135
-0.014204161
-0.0035660602
-0.0027269843
-0.0081320087
0.0040070481
0.004800624
0.0017955601
0.011894078
0.010722153
0.02049577
0.021603149
0.025488747
0.028028532
0.032427638
0.034925833
0.04094939
0.044789594
0.058737541
0.067367281
0.078574626
0.088565066
0.098389345
0.10951492
0.11919624
0.12940196
0.14002476
0.14993614
0.15955081
0.1698476
0.17889677
0.18715434
0.19474193
0.20184933
0.20744766
0.21267421
0.21664216
0.22083587
0.22361228
0.22708264
0.23005505
0.23169237
0.23295621
0.23357772
0.23382054
0.2339285
0.23396871
-0.5923682
-0.19267448
-0.11726401
-0.1047647
-0.088929364
-0.075028264
-0.066819189
-0.049947477
-0.037449259
-0.02904756
-0.026400558
-0.019366332
-0.014763343
-0.013091262
-0.014148254
-0.0035794154
-0.0027085734
-0.0080680916
0.0039949444
0.0048215415
0.0018471051
0.011918383
0.01078598
0.020488558
0.021600951
0.025483774
0.028022939
0.032423138
0.034922797
0.040943226
0.044785103
0.058731605
0.0673601
0.0785671
0.088559477
0.09838008
0.10950358
0.119184
0.12938925
0.14001204
0.1499223
0.15953813
0.16983713
0.17888633
0.18714571
0.19473485
0.20184054
0.20744262
0.21266015
0.21664303
0.22082525
0.22361964
0.22708253
0.23005358
0.23169183
0.23295028
0.23357318
0.23381275
0.23392915
0.23396297
-0.58572812
-0.19410842
-0.11744072
-0.10482148
-0.088986053
-0.075069451
-0.066862528
-0.050003071
-0.037492506
-0.029073062
-0.026416415
-0.019386504
-0.014774946
-0.013089229
-0.014078063
-0.0035945594
-0.0026855056
-0.00798794
0.0039819128
0.0048477858
0.0019119171
0.011948839
0.010865797
0.02048184
0.021598792
0.025478749
0.028017406
0.032419047
0.03492081
0.040937291
0.044781565
0.058726496
0.067352254
0.078559694
0.088554893
0.098371138
0.10949212
0.11917117
0.12937611
0.13999886
0.14990831
0.15952515
0.16982598
0.17887543
0.1871377
0.19472633
0.20183165
0.20743619
0.21264519
0.21664283
0.22081563
0.22362682
0.22708212
0.23005212
0.2316907
0.2329437
0.23356803
0.23380422
0.23392988
0.23395662
-0.57853597
-0.19547309
-0.11763468
-0.10488047
-0.089048495
-0.075118187
-0.066908535
-0.050063881
-0.037541299
-0.029103731
-0.026434477
-0.019409837
-0.014788584
-0.013085146
-0.013990004
-0.0036120169
-0.002656519
-0.0078882743
0.003967673
0.004880437
0.001993045
0.011987041
0.010965139
0.020475568
0.021598605
0.025474297
0.028012139
0.032415752
0.034918529
0.04093109
0.044778783
0.05872193
0.06734378
0.078551734
0.088550684
0.098361683
0.1094792
0.11915671
0.1293611
0.13998352
0.1498924
0.15950965
0.1698135
0.1788636
0.18712768
0.19471726
0.20182152
0.20742925
0.2126291
0.21664241
0.22080659
0.22363346
0.2270817
0.23004973
0.23168952
0.23293617
0.23356215
0.23379489
0.2339303
0.2339495
-0.57077114
-0.19676117
-0.11783862
-0.10494653
-0.08911296
-0.075170801
-0.066966166
-0.0501261
-0.037592859
-0.029137774
-0.026454673
-0.019436464
-0.014804079
-0.013077145
-0.013881068
-0.0036322651
-0.0026205525
-0.0077672255
0.0039518347
0.0049199966
0.0020924848
0.012034139
0.011086114
0.020469321
0.021599182
0.025470155
0.028008461
0.032413065
0.034915624
0.040925978
0.04477601
0.058718248
0.067334688
0.078543805
0.088546625
0.098354157
0.10946627
0.11914129
0.12934552
0.13996714
0.14987616
0.15949327
0.16979839
0.17884926
0.18711803
0.1947059
0.20181021
0.20742055
0.21261357
0.21664052
0.22079793
0.22363928
0.22708039
0.2300473
0.23168755
0.23292788
0.23355558
0.23378486
0.23393061
0.23394135
-0.56232522
-0.19802179
-0.11805199
-0.10502168
-0.089169574
-0.075222959
-0.067003496
-0.05018942
-0.037641683
-0.029171921
-0.026476833
-0.019466332
-0.014821086
-0.013062543
-0.013748984
-0.0036555752
-0.0025768941
-0.0076242282
0.0039340163
0.0049662953
0.0022111455
0.012090804
0.011229429
0.020467141
0.021600863
0.025467444
0.028006835
0.032411586
0.034913509
0.040920933
0.04477423
0.058714645
0.067325384
0.07853467
0.08854265
0.098346712
0.10945147
0.11912382
0.12932744
0.13994784
0.14985749
0.15947363
0.16978177
0.17883364
0.18710764
0.19469358
0.20179797
0.20741098
0.21259785
0.21663816
0.22078867
0.22364419
0.22707897
0.23004349
0.23168527
0.23291831
0.2335482
0.23377418
0.23393045
0.23393199
-0.5531282
-0.19929427
-0.11827477
-0.10511022
-0.089220985
-0.075249873
-0.067064224
-0.050251833
-0.037684278
-0.029203204
-0.026493401
-0.019499097
-0.014839158
-0.013038047
-0.013591778
-0.0036819264
-0.002524947
-0.0074590326
0.0039139701
0.0050187701
0.0023496548
0.012157593
0.011395382
0.020463739
0.021604267
0.025465458
0.028006339
0.032409669
0.034911761
0.040917113
0.044774026
0.058709676
0.067316147
0.078525086
0.088536918
0.098339074
0.10943597
0.11910523
0.12930787
0.13992646
0.14983757
0.15945213
0.16976155
0.17881432
0.18709511
0.19467766
0.20178307
0.20740006
0.21258339
0.21663503
0.22077896
0.22364884
0.22707673
0.2300396
0.23168229
0.2329081
0.2335401
0.23376262
0.23392997
0.23392091
-0.54312569
-0.20061018
-0.11852748
-0.10520582
-0.089260579
-0.075260871
-0.067063849
-0.050333901
-0.037740458
-0.02922568
-0.026509994
-0.019534483
-0.01485857
-0.013000011
-0.01340731
-0.0037109739
-0.0024643554
-0.0072714585
0.0038916222
0.0050764994
0.0025085811
0.012235053
0.011584185
0.02046371
0.0216098
0.025464899
0.028007277
0.032407678
0.03491107
0.040913832
0.044776108
0.058704289
0.067308789
0.078515427
0.088531269
0.098331501
0.10941782
0.11908393
0.12928516
0.13990175
0.14981453
0.15942702
0.16974001
0.17879394
0.18708161
0.19466046
0.20176702
0.20738735
0.21256866
0.21663228
0.22077
0.22365316
0.22707525
0.23003379
0.23167888
0.23289635
0.2335312
0.23375039
0.23392883
0.23390849
-0.53222817
-0.20205448
-0.11884758
-0.10530814
-0.089308143
-0.075258062
-0.067050343
-0.050410618
-0.037787399
-0.029250683
-0.026509154
-0.019569149
-0.014873423
-0.012944355
-0.013193192
-0.0037421884
-0.0023949344
-0.0070612074
0.0038670023
0.0051381431
0.002688388
0.012323641
0.011795802
0.020464216
0.021617816
0.025464327
0.028009422
0.032406377
0.034911081
0.040909754
0.044779792
0.058697774
0.067303468
0.078506172
0.088524906
0.098321776
0.10939915
0.11906067
0.12926156
0.13987506
0.14979021
0.15940035
0.16971383
0.17876871
0.18706478
0.19464048
0.20174727
0.20737532
0.21255308
0.21662947
0.22076201
0.22365924
0.22707428
0.23002863
0.23167554
0.23288346
0.23352161
0.23373712
0.23392712
0.23389425
-0.5202642
-0.20364694
-0.11925503
-0.10538229
-0.089359047
-0.075237538
-0.067011369
-0.050482896
-0.037873028
-0.02927733
-0.026504506
-0.019601014
-0.014882738
-0.0128692
-0.012948194
-0.0037747707
-0.0023166244
-0.0068275297
0.0038402016
0.0052017595
0.0028895284
0.012423621
0.012030049
0.020465554
0.021628602
0.025465028
0.028013076
0.032405795
0.034913833
0.040905629
0.044785619
0.058690317
0.067300619
0.078499364
0.088517887
0.098312093
0.10937729
0.11903347
0.12923436
0.13984474
0.14976282
0.15937116
0.16968686
0.17874261
0.18704671
0.19461799
0.20172648
0.20736114
0.21253746
0.21662874
0.22075391
0.22366698
0.22707431
0.2300216
0.23167217
0.23286931
0.23351122
0.23372318
0.23392452
0.23387864
-0.50697107
-0.2050285
-0.1197636
-0.10543005
-0.089403244
-0.075204256
-0.066938338
-0.050563337
-0.037912046
-0.029325548
-0.026492968
-0.019637198
-0.014889542
-0.012782433
-0.012677385
-0.0038075226
-0.0022294368
-0.0065690216
0.0038115615
0.0052641182
0.0031128552
0.01253502
0.012286884
0.020468034
0.021642551
0.025466632
0.028018882
0.032406952
0.034917921
0.040899532
0.044794643
0.058682448
0.067299186
0.078493793
0.088510307
0.098299011
0.10935524
0.11900418
0.12920615
0.13981249
0.14973441
0.15933935
0.16965394
0.17871121
0.18702476
0.19459429
0.20170223
0.20734829
0.21251792
0.21662786
0.22074725
0.22367863
0.22707765
0.23001639
0.23166968
0.23285421
0.23350013
0.23370832
0.23392121
0.23386152
-0.49217549
-0.20590801
-0.12046674
-0.10540371
-0.089425428
-0.075157793
-0.066825716
-0.050621758
-0.037980378
-0.029380232
-0.026472347
-0.019678453
-0.014894187
-0.012702947
-0.012398571
-0.0038403682
-0.0021338355
-0.0062842555
0.0037814439
0.0053197622
0.0033595781
0.012657006
0.012565983
0.020472089
0.02166053
0.025469522
0.028027239
0.032409317
0.034923534
0.040893283
0.044807237
0.05867375
0.0672986
0.078488702
0.088501838
0.098286072
0.10932996
0.11897056
0.12917413
0.13977702
0.14970437
0.15930573
0.16961948
0.17867874
0.18700163
0.19456713
0.20167669
0.20733212
0.21249833
0.21663005
0.22074231
0.22369469
0.2270817
0.23001071
0.23166797
0.23283731
0.23348811
0.23369191
0.23391784
0.23384293
-0.47588588
-0.20592336
-0.12132056
-0.10534081
-0.089410198
-0.075095073
-0.066671135
-0.050673046
-0.038047394
-0.029419442
-0.026440585
-0.019716697
-0.014895355
-0.012641309
-0.012136946
-0.0038764064
-0.0020314809
-0.005972728
0.0037502589
0.0053660161
0.0036312075
0.012785609
0.012864868
0.020477663
0.021682768
0.025474174
0.028038759
0.032413165
0.034931875
0.040885885
0.044824342
0.058665496
0.067298983
0.078480867
0.088493719
0.098269065
0.10930404
0.11893648
0.12913979
0.13974052
0.14966921
0.15926557
0.16957838
0.1786425
0.18697547
0.19453724
0.20164807
0.20731746
0.21247481
0.21663116
0.2207358
0.22371364
0.22708876
0.23000651
0.23166795
0.23281923
0.23347536
0.23367444
0.23391466
0.23382173
-0.45791835
-0.20578188
-0.12227144
-0.10522284
-0.089370468
-0.075009894
-0.066454362
-0.050730197
-0.038171274
-0.029441509
-0.026392345
-0.019786667
-0.01490019
-0.012591302
-0.011903914
-0.0039202957
-0.0019256421
-0.0056346136
0.003722235
0.0054130978
0.0039308285
0.012911424
0.013173362
0.020484437
0.021709688
0.025480819
0.028053802
0.032419049
0.034943666
0.0408786
0.044846395
0.058657515
0.067301263
0.078472606
0.088486205
0.098252125
0.10927672
0.11890048
0.12910311
0.13970331
0.14963239
0.15922367
0.16953684
0.17860569
0.18694718
0.19450265
0.20161754
0.2072979
0.21245198
0.21663532
0.22073188
0.22373802
0.22709693
0.23000216
0.23166902
0.23279898
0.2334615
0.23365513
0.2339124
0.23379861
-0.43798938
-0.20558871
-0.123343
-0.10500683
-0.089286559
-0.074892275
-0.066177449
-0.050741546
-0.038333231
-0.02948043
-0.026332875
-0.019794589
-0.014902749
-0.012543785
-0.011689847
-0.0039722925
-0.0018203946
-0.0052692246
0.0036916791
0.0054800234
0.0042634666
0.013025649
0.013469912
0.020490738
0.021742085
0.025489961
0.028073111
0.032427473
0.034959743
0.040870637
0.044874093
0.058650088
0.067304727
0.078462077
0.088479753
0.098233399
0.10924932
0.11886651
0.12906672
0.13966144
0.14959265
0.15917443
0.16949376
0.1785666
0.18691679
0.19446543
0.20158375
0.2072812
0.21242832
0.21663651
0.22072632
0.22376441
0.2271079
0.22999873
0.23167142
0.23277754
0.23344673
0.23363432
0.23390926
0.23377414
-0.41591116
-0.20535338
-0.12438472
-0.10465918
-0.089131714
-0.074729175
-0.065841014
-0.050732869
-0.038526917
-0.02948595
-0.026265458
-0.019857179
-0.014898458
-0.012485548
-0.011477811
-0.0040348777
-0.0017228563
-0.004875359
0.0036878072
0.0055765573
0.0046326633
0.013129631
0.013737036
0.020495138
0.021781575
0.025502456
0.028097533
0.032439006
0.03498083
0.040863535
0.044908977
0.058643876
0.067309963
0.07845145
0.08847426
0.098215114
0.10922138
0.11883548
0.12902906
0.13961749
0.14955478
0.15912726
0.1694511
0.17852694
0.18688414
0.19442548
0.20154848
0.207259
0.21240527
0.21664045
0.2207228
0.2237944
0.22712056
0.22999499
0.23167289
0.23275361
0.23343043
0.23361119
0.23390625
0.23374935
-0.3915035
-0.20512278
-0.12494264
-0.10421392
-0.088893486
-0.074503236
-0.065432013
-0.050696674
-0.038682478
-0.02956369
-0.026178826
-0.019874868
-0.014902182
-0.012408771
-0.011250015
-0.0041103777
-0.0016499406
-0.0044562668
0.0036929913
0.0057023943
0.0050406942
0.013232659
0.013978633
0.020498296
0.021830063
0.025519794
0.028128665
0.032454704
0.035008315
0.040856618
0.04495185
0.058638265
0.06731831
0.078440333
0.088468404
0.098196113
0.1091853
0.11879992
0.12898257
0.13956876
0.14951707
0.15908027
0.16940738
0.17848614
0.18684611
0.19438185
0.20151053
0.20723663
0.21238387
0.2166393
0.22071948
0.22382454
0.22713434
0.2299913
0.23167375
0.2327279
0.2334127
0.23358605
0.23390222
0.23372249
-0.36456241
-0.20490084
-0.12488648
-0.10373731
-0.088572119
-0.074197653
-0.064936857
-0.05061533
-0.038832568
-0.029629773
-0.026062195
-0.019879036
-0.014955459
-0.012316235
-0.011007404
-0.0041225406
-0.0015925449
-0.0040063092
0.0037089224
0.0058568867
0.0054923209
0.013345823
0.014211504
0.020502473
0.021889866
0.02554389
0.028168436
0.03247616
0.035044068
0.040852086
0.045003844
0.058632689
0.06733029
0.07843091
0.088464003
0.098178246
0.10914843
0.11876175
0.12893494
0.13952325
0.14948317
0.15903561
0.16936441
0.17844626
0.18680839
0.19433519
0.20147178
0.20721281
0.21236146
0.21664016
0.22071543
0.22385506
0.22715042
0.22998601
0.2316731
0.23269941
0.23339273
0.23355788
0.23389781
0.2336935
-0.33505527
-0.20462628
-0.12463554
-0.1030255
-0.088110357
-0.073755183
-0.064342186
-0.050472104
-0.038883931
-0.029793663
-0.025893544
-0.019859627
-0.014950262
-0.012218239
-0.010757707
-0.0042203729
-0.0015169642
-0.003501622
0.0037462109
0.0060418273
0.0059922599
0.013479822
0.014451607
0.020510338
0.021964284
0.025577557
0.028219377
0.032505851
0.035091003
0.040855313
0.045066641
0.058628559
0.067346842
0.078423352
0.088459886
0.098159773
0.10910712
0.11871794
0.12888618
0.13947874
0.14945081
0.15899464
0.16932291
0.17840802
0.18677072
0.19428578
0.20143055
0.20718177
0.21233577
0.21663458
0.22071355
0.22388956
0.22716557
0.2299784
0.23166898
0.23266827
0.2333702
0.23352628
0.23389209
0.23365872
-0.30399567
-0.20321635
-0.12400512
-0.10194865
-0.0874249
-0.07317026
-0.063625009
-0.050248652
-0.038859381
-0.029967649
-0.025700283
-0.019812694
-0.014935606
-0.012110382
-0.010491865
-0.0042465114
-0.0014194587
-0.0029423102
0.0038085003
0.0062488382
0.0065405033
0.013647912
0.014709084
0.02052363
0.022056643
0.025623984
0.028287463
0.032546776
0.035152469
0.0408638
0.045143803
0.058631808
0.067368363
0.078415957
0.088457022
0.098142913
0.10906957
0.11867776
0.12883873
0.13944292
0.14940349
0.15895534
0.16927131
0.17835376
0.18673539
0.19423545
0.20139024
0.20715065
0.21230978
0.2166306
0.22070905
0.22392373
0.22718164
0.22996682
0.23166087
0.23263474
0.23334423
0.23349103
0.23388441
0.23361587
-0.2725871
-0.19972433
-0.12286115
-0.10049223
-0.086510312
-0.072434556
-0.062762941
-0.049931326
-0.038759722
-0.029960658
-0.025539306
-0.019741776
-0.014899196
-0.011966561
-0.010201975
-0.00430651
-0.0013050507
-0.0023298703
0.0039003656
0.0064442467
0.0070871217
0.013843056
0.014998741
0.020547421
0.022168632
0.025685532
0.028379801
0.032602543
0.035233517
0.04088286
0.045240365
0.058641501
0.067397839
0.078409016
0.088454292
0.098124787
0.10903055
0.11864033
0.12879267
0.13940598
0.14934199
0.15890446
0.16920205
0.17827998
0.18668261
0.19418341
0.20134936
0.20710784
0.21227439
0.21661897
0.22070583
0.22395918
0.22719464
0.2299514
0.23164689
0.23259902
0.23331432
0.23345109
0.23387185
0.23355737
-0.24094098
-0.19236211
-0.12128095
-0.098565878
-0.085195661
-0.071451278
-0.061707858
-0.049497576
-0.038559922
-0.029911751
-0.025355878
-0.019630751
-0.014826787
-0.01177674
-0.0098854361
-0.004303488
-0.0011731683
-0.0016629567
0.0040282774
0.0066242319
0.0075772969
0.014009981
0.01530642
0.020583713
0.022311517
0.025773302
0.028498173
0.032675874
0.035347171
0.040917541
0.045363804
0.058659649
0.06743893
0.07841284
0.088451964
0.09810638
0.10899694
0.11860781
0.12875344
0.13934915
0.1492671
0.15883291
0.16910608
0.17817963
0.18659889
0.19413306
0.20129815
0.20705951
0.21223764
0.21660663
0.22069673
0.22399147
0.22720728
0.22993061
0.23162816
0.23255937
0.23327941
0.23340436
0.23384987
0.23347914
-0.20973753
-0.18186426
-0.11947455
-0.096288881
-0.083414732
-0.070167091
-0.0604224
-0.048880957
-0.038253742
-0.029775432
-0.025069654
-0.019465827
-0.014705826
-0.011528882
-0.0095176083
-0.0042781023
-0.00099237482
-0.00092308933
0.0042088858
0.0068266587
0.0080391913
0.014137539
0.015616182
0.020630737
0.022495511
0.025904966
0.02866325
0.032783976
0.035500643
0.040973595
0.045524066
0.058693605
0.067497917
0.078424362
0.088455516
0.098084876
0.10896252
0.11857594
0.12871826
0.13926543
0.14917743
0.15874061
0.16898385
0.17805448
0.18649446
0.19407577
0.20122896
0.20700551
0.21219623
0.21658413
0.22068641
0.22402073
0.22721685
0.22990408
0.23160116
0.23251593
0.23323813
0.23334786
0.23381202
0.23337003
-0.17924791
-0.16746253
-0.11677086
-0.0933066
-0.08102966
-0.068515186
-0.058869681
-0.048036208
-0.037837717
-0.029532479
-0.024668728
-0.019247605
-0.014538101
-0.011229929
-0.0090877109
-0.0042038388
-0.00075164904
-0.00013434874
0.0044490694
0.0070840368
0.0085176947
0.014252708
0.015940251
0.020696051
0.022721659
0.026077874
0.028881454
0.032940358
0.035709834
0.041057922
0.045732394
0.058749004
0.067581493
0.078448876
0.088467453
0.098059173
0.10892504
0.11854565
0.12865622
0.1391485
0.14907506
0.15862682
0.168829
0.17790259
0.18635603
0.19397973
0.20112691
0.20695807
0.2121569
0.21655836
0.22066945
0.22404477
0.2272224
0.2298705
0.23156725
0.23246327
0.23318644
0.23327777
0.23375991
0.23322085
-0.15046064
-0.14967673
-0.11149004
-0.08920616
-0.077762856
-0.0662684
-0.056893705
-0.046859817
-0.037222727
-0.029148478
-0.024112719
-0.018908634
-0.014265832
-0.010857356
-0.0085578985
-0.0040470148
-0.00048901068
0.00060777796
0.0047118318
0.0074101288
0.009040416
0.01437824
0.016309657
0.020803277
0.023027227
0.026319817
0.029164254
0.033155428
0.0359907
0.041177929
0.045999708
0.058833266
0.067699292
0.078495919
0.088492201
0.098050614
0.10888253
0.11850809
0.12857925
0.13900593
0.14894729
0.15848713
0.16864683
0.17772892
0.18619873
0.1938564
0.20100046
0.20690822
0.21211939
0.21652038
0.22063971
0.2240524
0.22721447
0.22982909
0.2315177
0.23239884
0.23312075
0.23319265
0.23368643
0.23302044
-0.12252641
-0.1301348
-0.10392906
-0.08415374
-0.07358244
-0.06328447
-0.054359181
-0.045230104
-0.036259471
-0.028514386
-0.023369978
-0.018437321
-0.013870425
-0.010339932
-0.007939596
-0.0037415422
-0.00014485327
0.001241732
0.0049839499
0.0078427685
0.0096246225
0.014542045
0.016761371
0.02099506
0.023417151
0.026641429
0.029529742
0.033441329
0.036359467
0.041365457
0.046348287
0.058956833
0.067860664
0.078573748
0.08853806
0.09806294
0.10884261
0.11847475
0.12845833
0.13882356
0.14879811
0.15831149
0.16842286
0.17751793
0.18600046
0.19368188
0.20082817
0.20681034
0.21205528
0.21647065
0.22061248
0.22405022
0.22719566
0.22977152
0.2314509
0.23230856
0.23303855
0.23308587
0.23358705
0.23276162
-0.095112571
-0.10913493
-0.093140117
-0.077621212
-0.068339142
-0.059481587
-0.051217845
-0.043097188
-0.034902919
-0.027617046
-0.022417776
-0.017787189
-0.013346423
-0.009705959
-0.0072042875
-0.0033343443
0.0002907399
0.0019238805
0.0053599727
0.0083724613
0.010240685
0.014829396
0.017298172
0.02127357
0.023868684
0.027035505
0.029976086
0.033808073
0.036782065
0.041651065
0.046781759
0.059132406
0.068089145
0.078687833
0.088614092
0.098092015
0.10879283
0.11843906
0.12833105
0.13863056
0.1486096
0.15809947
0.16815352
0.17726181
0.18575804
0.19345713
0.20061161
0.20666269
0.2119547
0.21642508
0.22056851
0.22401826
0.22714229
0.22969474
0.23137415
0.23220176
0.23293871
0.2329493
0.23345576
0.2324343
-0.070481864
-0.088008126
-0.079674558
-0.069488659
-0.061967307
-0.054771071
-0.047416613
-0.040428946
-0.033134878
-0.026439377
-0.021237543
-0.016869202
-0.012645133
-0.0090159863
-0.0062699028
-0.0028223543
0.00075710567
0.0027859576
0.0058534825
0.0089214475
0.01093783
0.015200994
0.017895083
0.021617844
0.024376297
0.027496574
0.030483716
0.034238209
0.037244229
0.042005284
0.047252043
0.059394477
0.06837952
0.078840862
0.088720431
0.098140566
0.10877534
0.11839618
0.12814016
0.1383955
0.14838097
0.15782343
0.16781472
0.17692774
0.18543762
0.193152
0.200317
0.20643356
0.2117782
0.21634754
0.22049238
0.22396881
0.2270371
0.22958594
0.23126268
0.23206962
0.23280587
0.23277847
0.23329137
0.23203165
-0.050726563
-0.068580396
-0.066351365
-0.060622644
-0.055049632
-0.049522174
-0.043156413
-0.037308822
-0.030998278
-0.025011093
-0.019923943
-0.015844259
-0.011871052
-0.0082711695
-0.0053190292
-0.0022022432
0.0012371217
0.0036297483
0.0063860613
0.009483085
0.011742493
0.015564214
0.018492594
0.021985454
0.024894319
0.027986063
0.031020553
0.034698264
0.037802806
0.042371813
0.04776406
0.059728784
0.068721862
0.079037127
0.088849506
0.09820736
0.10867882
0.11833502
0.12800467
0.13815693
0.1481088
0.15748575
0.1673793
0.17650003
0.18502021
0.19275287
0.19993394
0.20610655
0.21151152
0.21617372
0.22034249
0.22386045
0.2269008
0.22946049
0.2311083
0.23190281
0.23263754
0.23257276
0.23309255
0.23155408
-0.035101483
-0.051936302
-0.05455796
-0.051874709
-0.048389666
-0.044409757
-0.039061736
-0.034149481
-0.028715648
-0.023436541
-0.018571034
-0.014759262
-0.011031955
-0.0075081054
-0.0043989479
-0.0015233106
0.0017400508
0.0044370305
0.0069735618
0.01004934
0.012533488
0.01597009
0.01909026
0.022389773
0.025415383
0.028492219
0.031573394
0.035177703
0.038377433
0.04273887
0.048347049
0.060061937
0.069116671
0.079280381
0.089017858
0.098289892
0.1086573
0.11812904
0.12776536
0.13788909
0.1477578
0.1570548
0.16685562
0.1759688
0.18448715
0.19223449
0.19943661
0.20565691
0.21111385
0.21586317
0.22007447
0.22365636
0.22672321
0.22926777
0.23090159
0.23169672
0.23243155
0.23231759
0.23285228
0.2310154
-0.022900095
-0.038191062
-0.044336231
-0.043597602
-0.041927452
-0.039444386
-0.035389636
-0.031287081
-0.026571239
-0.021887173
-0.017297311
-0.013697006
-0.010191174
-0.0067768248
-0.0035637664
-0.000835397
0.0022425587
0.0051618727
0.0075740351
0.010587277
0.01327076
0.016406619
0.019650972
0.022805682
0.025915142
0.028993309
0.032120912
0.035658174
0.03894692
0.043119835
0.048927794
0.060377403
0.069545732
0.07954894
0.089230863
0.098425273
0.10842555
0.1180753
0.12744996
0.13749268
0.14726626
0.15650055
0.16621382
0.17530206
0.18381176
0.19157602
0.1988016
0.20507879
0.21059003
0.21540675
0.21968194
0.22334259
0.22644306
0.22900146
0.23064093
0.23144364
0.23216061
0.23199243
0.23255159
0.23040861
-0.013118062
-0.026943136
-0.034811018
-0.036266917
-0.03577224
-0.034481958
-0.03174231
-0.028435973
-0.024436734
-0.0203468
-0.016127584
-0.012705293
-0.0093930081
-0.0061072057
-0.002854195
-0.00018331419
0.0027252659
0.0057682276
0.0081465579
0.011075983
0.013920241
0.016843776
0.020144298
0.023207749
0.026370216
0.029464717
0.032637974
0.036118167
0.03948866
0.043495883
0.049477451
0.060687996
0.069938961
0.079809258
0.089427082
0.098582486
0.10843373
0.11765603
0.12722392
0.13696345
0.14663754
0.15580195
0.16539905
0.17445617
0.18295406
0.1907334
0.19798434
0.20432789
0.20990544
0.21480245
0.21914675
0.22288456
0.22604328
0.22862459
0.23030328
0.23111548
0.23180878
0.23156815
0.23216209
0.22969825
-0.0047487063
-0.017091338
-0.025526573
-0.029413731
-0.029951639
-0.029542138
-0.027915577
-0.025518542
-0.022243718
-0.018718583
-0.01496671
-0.011750261
-0.008618055
-0.0054791924
-0.0022679083
0.00040634189
0.0031785472
0.0062442775
0.0086686059
0.011513295
0.014462191
0.017264631
0.02055153
0.023567566
0.026751599
0.02987661
0.03309931
0.036534025
0.039975494
0.043835127
0.049970781
0.060980938
0.070282038
0.080047513
0.089584012
0.098675471
0.10845335
0.11743284
0.12680847
0.13635588
0.1458692
0.15491708
0.16435225
0.17336627
0.18185449
0.18965532
0.19693016
0.20334566
0.20900098
0.21399704
0.21842961
0.22225917
0.22548867
0.22812643
0.22985157
0.23068
0.23134381
0.23101174
0.231646
0.22886138
0.0024725127
-0.0084611501
-0.016959789
-0.022016247
-0.023987693
-0.024464016
-0.023850547
-0.022473863
-0.020118626
-0.017151265
-0.013871272
-0.010866587
-0.0078868912
-0.0048689602
-0.0017490121
0.00095902163
0.0036335231
0.0066085038
0.0091055457
0.01187917
0.01486605
0.017634537
0.020876834
0.023876187
0.027055078
0.030199503
0.033466405
0.036877122
0.040371227
0.044143679
0.050363218
0.061232207
0.070562729
0.080219959
0.089681019
0.098707276
0.10797842
0.11727865
0.1262725
0.13562108
0.14494154
0.15383167
0.16304611
0.17196835
0.18042475
0.18825767
0.19556638
0.2020617
0.20780268
0.2129179
0.2174613
0.22141192
0.22474799
0.22746306
0.22924192
0.23009332
0.23071799
0.23026771
0.23093569
0.22788171
0.008640598
-0.00097559532
-0.0090910747
-0.014777797
-0.018099548
-0.01958137
-0.019525734
-0.018882816
-0.017475587
-0.015176338
-0.012394846
-0.0096989633
-0.006991633
-0.0041861729
-0.0012566893
0.0014396495
0.004058942
0.00693334
0.0094607596
0.012221653
0.015190416
0.017975995
0.021145412
0.024136455
0.027291724
0.030453643
0.033756823
0.03716378
0.04068634
0.04439992
0.050690037
0.061418813
0.070753666
0.080304222
0.089709522
0.098598819
0.10791072
0.11675211
0.12570412
0.13472204
0.14380275
0.15251083
0.16146315
0.17022317
0.17859283
0.18643489
0.19377635
0.20037156
0.20621317
0.21146974
0.21614855
0.22025288
0.22373343
0.22656159
0.22840928
0.22928544
0.2298589
0.2292752
0.22996441
0.22670447
0.013841971
0.0054537227
-0.0020021965
-0.0078956685
-0.011861733
-0.014234128
-0.014985609
-0.014816299
-0.014143687
-0.012790195
-0.010685659
-0.0083152438
-0.0058504144
-0.0032822993
-0.00060672865
0.0020244661
0.0046558418
0.0073550151
0.0098784774
0.012600207
0.015476257
0.018264554
0.021339329
0.024337462
0.027459378
0.030633949
0.033965424
0.037373227
0.040907408
0.044576245
0.050917142
0.061520868
0.070833392
0.08030057
0.089424471
0.098385795
0.1073863
0.11628847
0.12494124
0.13365164
0.14243216
0.15090319
0.15954866
0.16808824
0.17629963
0.18409354
0.19143661
0.19812973
0.20408891
0.20952263
0.2143721
0.21866671
0.22233424
0.22531542
0.22726392
0.22817612
0.22868658
0.22796512
0.22865554
0.2252216
0.017999658
0.010736787
0.0041676003
-0.0014433936
-0.0057388282
-0.0086566537
-0.010442826
-0.010713875
-0.010519708
-0.0098260622
-0.0085106688
-0.0065744014
-0.0043941581
-0.0020920914
0.00031236805
0.0028071586
0.0053350056
0.0078210921
0.010370324
0.013064824
0.015832428
0.018615842
0.021605998
0.024598484
0.027646796
0.030790687
0.03410122
0.037500168
0.041033691
0.044677416
0.05103926
0.06156021
0.070804557
0.079933695
0.089321226
0.098063499
0.10691333
0.11553197
0.12394978
0.13238028
0.14084179
0.14900635
0.15726183
0.16551909
0.17350319
0.1811779
0.18843789
0.19518378
0.20125089
0.20690151
0.21197231
0.21650147
0.22041687
0.22359138
0.22568702
0.2266519
0.22710715
0.22624691
0.22690113
0.22331187
0.021047418
0.014839311
0.0091868603
0.0041490275
-6.9162274e-05
-0.0032593626
-0.0054976959
-0.0065948889
-0.0067030535
-0.0064586499
-0.0057995853
-0.0045450153
-0.0027576323
-0.00072901803
0.0014057541
0.0037179586
0.00611645
0.0084995818
0.011049938
0.013645281
0.016296977
0.01905932
0.021929455
0.024867047
0.027870501
0.031010327
0.034289757
0.037660224
0.04118895
0.044771409
0.051081203
0.061169869
0.070579156
0.079822952
0.088862327
0.097595043
0.10618639
0.11453167
0.12275321
0.13086118
0.13898411
0.14682513
0.15468887
0.16241387
0.17010574
0.17762909
0.18471983
0.19141903
0.19747192
0.20337736
0.20872899
0.21355372
0.21780614
0.2212128
0.22352982
0.22457113
0.22499216
0.22399952
0.22458165
0.22082846
0.022804191
0.017824129
0.013030191
0.0087058475
0.0048901545
0.0017486704
-0.00068985557
-0.0022937088
-0.0029793698
-0.0029459412
-0.0027161375
-0.0020511955
-0.000813583
0.00088480114
0.0027505489
0.0048325374
0.0070531888
0.009286493
0.01172428
0.014235344
0.016787341
0.01951277
0.022287984
0.025205785
0.02819141
0.03130814
0.034532061
0.037860061
0.041318782
0.044860104
0.051135943
0.061134109
0.070254631
0.079227508
0.088360436
0.096932244
0.10524957
0.11335544
0.12134045
0.12909555
0.13685034
0.14435032
0.15174365
0.15895757
0.16632631
0.17335715
0.18019048
0.18682582
0.19276252
0.19879202
0.20436558
0.20955268
0.21426109
0.21794308
0.22060874
0.22176065
0.2221878
0.22106731
0.22154454
0.21759074
0.022899758
0.019536265
0.01572521
0.012107942
0.0088603309
0.0060436642
0.0036627929
0.001923008
0.00077012266
0.00047900681
0.00051620775
0.00080205588
0.0014853261
0.0027313572
0.0043076199
0.0061408137
0.0081423732
0.010193022
0.012492079
0.014895854
0.017340276
0.019991309
0.02267312
0.02553892
0.028470719
0.031540394
0.034716365
0.038022618
0.041432905
0.045008035
0.051203115
0.060720803
0.069872742
0.078974253
0.087577888
0.095946263
0.10410355
0.11198801
0.11971817
0.12711331
0.13448394
0.14158136
0.14852909
0.15534418
0.16209282
0.16861027
0.17511469
0.1812828
0.18694683
0.19311797
0.19879203
0.20423385
0.20944616
0.2134216
0.21662809
0.21798575
0.21853787
0.21732441
0.21769499
0.21340279
0.02212681
0.019739409
0.01727743
0.014442901
0.011774372
0.0094313236
0.0073449033
0.0056868142
0.0044626929
0.0037215121
0.0036617561
0.003757378
0.0041062695
0.0048472006
0.00608048
0.0076566015
0.0094193416
0.011257065
0.013376284
0.015635065
0.017954375
0.020498971
0.023077146
0.025862552
0.028723714
0.031734918
0.034858288
0.038129072
0.041496516
0.045074318
0.051220953
0.060470894
0.069534715
0.07811788
0.086652956
0.09497489
0.10273152
0.11037921
0.11788964
0.12495311
0.13196103
0.13861766
0.1450989
0.15136163
0.15757976
0.16354465
0.16942686
0.17513671
0.18041754
0.18637051
0.1917779
0.19757618
0.20330236
0.20741157
0.21119533
0.21282708
0.21367653
0.2125062
0.21286916
0.20812346
0.020592339
0.019006168
0.017343949
0.015630441
0.013659281
0.011813978
0.010145434
0.0087573275
0.0076395168
0.0068493767
0.0065158881
0.0065751621
0.00674971
0.007185785
0.0080295261
0.009330793
0.010856777
0.012469887
0.014382227
0.016467241
0.018635496
0.021047298
0.023505556
0.026185187
0.028956047
0.031889873
0.03494612
0.038165361
0.04144526
0.044954072
0.050950995
0.059950323
0.068825116
0.077477088
0.085706878
0.09361607
0.10121553
0.10879832
0.1157988
0.12253168
0.1292288
0.13548099
0.14156209
0.14726108
0.15291903
0.15829857
0.16360369
0.16857067
0.17322977
0.17909837
0.1838827
0.1895795
0.19525067
0.19977416
0.20440449
0.20636401
0.20749226
0.20646078
0.20683708
0.20156877
0.018415642
0.017583448
0.016620012
0.015539982
0.014441562
0.013245811
0.012028806
0.011008592
0.010149709
0.00950108
0.0090554957
0.0091178446
0.0092253464
0.0095048227
0.010068676
0.011103776
0.012393593
0.01378686
0.015480467
0.017370417
0.01937016
0.021625544
0.023944276
0.026492623
0.02914849
0.031978866
0.03495085
0.038051228
0.041271191
0.044762436
0.050681874
0.059322784
0.067950197
0.076293048
0.084340167
0.092141056
0.099687663
0.10686403
0.11352082
0.12027354
0.12639319
0.13217368
0.13783239
0.14302384
0.14822338
0.15303806
0.15770201
0.16208202
0.16601253
0.17102188
0.17542496
0.18117884
0.18650674
0.19061341
0.19511528
0.19761882
0.19985074
0.1997313
0.20024157
0.19472552
0.015571725
0.015441199
0.015197379
0.014746429
0.014188569
0.013627071
0.013006495
0.012398122
0.011861477
0.011455252
0.011179026
0.011236928
0.011349524
0.011603108
0.012076963
0.01290467
0.013979176
0.015182249
0.016663672
0.018348982
0.020164459
0.022243254
0.024405884
0.026795558
0.02930651
0.0319938
0.034805548
0.037817902
0.040943889
0.04430416
0.050010354
0.058342124
0.066687905
0.074880947
0.082768271
0.090399974
0.097754338
0.10471949
0.11135444
0.11761246
0.12329744
0.12902609
0.13418321
0.13888795
0.14350903
0.147668
0.15178951
0.15570503
0.15901466
0.16334479
0.1672239
0.17179039
0.1766047
0.1811905
0.18617756
0.18767645
0.18950394
0.19038556
0.19166324
0.18874506
0.012913051
0.013134924
0.013221833
0.013266511
0.013247435
0.013194049
0.013063684
0.012924515
0.012787126
0.012678059
0.012695654
0.012785955
0.012970979
0.013319804
0.013827738
0.014544641
0.01547001
0.016541291
0.017846346
0.019346364
0.020987383
0.02288157
0.024883134
0.027097156
0.02944722
0.03198483
0.03464907
0.037513162
0.040502258
0.043733935
0.049202774
0.057104376
0.065137963
0.073127032
0.080811295
0.088208341
0.095356807
0.10214834
0.10857969
0.11462917
0.1202903
0.12559894
0.13024217
0.13477615
0.13902603
0.14284846
0.14643994
0.14961667
0.15220497
0.15584049
0.15926507
0.16305704
0.16743801
0.17099126
0.17482546
0.17740857
0.18042929
0.18154832
0.18272105
0.18200099
0.010216365
0.010727968
0.011190044
0.011589915
0.011925755
0.012211562
0.012454748
0.012681717
0.012900555
0.013121619
0.013355408
0.013671336
0.014064269
0.014536109
0.015101358
0.015810304
0.016679838
0.01768869
0.018874709
0.020229898
0.021745501
0.023464282
0.0253111
0.027343858
0.029524945
0.031863006
0.034346318
0.037036809
0.039862876
0.042922167
0.048104759
0.05555156
0.063292716
0.070984607
0.078382658
0.085506106
0.092424179
0.099001314
0.10521552
0.11110614
0.11659734
0.12171185
0.12637599
0.13068249
0.13441722
0.1377042
0.14097252
0.14417796
0.14665361
0.14950953
0.15205819
0.15488419
0.15856216
0.16158053
0.1644395
0.16680397
0.16868107
0.1699138
0.17100698
0.1739607
0.0078475251
0.0085227138
0.009170809
0.009783463
0.010360002
0.010905694
0.011423239
0.011925334
0.012412701
0.012893763
0.01337466
0.013868941
0.014420745
0.015047834
0.015748066
0.016532624
0.017420691
0.018420831
0.019556045
0.020823879
0.022227562
0.023801082
0.02553135
0.027412781
0.029393866
0.031536073
0.033857165
0.036355759
0.038992731
0.041846496
0.046740853
0.053769615
0.061118199
0.068417159
0.07547223
0.082282593
0.088909189
0.09522949
0.10121838
0.106902
0.11219306
0.11711041
0.1216536
0.12581378
0.12965532
0.13300596
0.13584398
0.13814129
0.14029122
0.1432858
0.14589927
0.14827969
0.15119219
0.15345262
0.1548119
0.15672821
0.15833926
0.15987857
0.16051941
0.16498901
0.0058193616
0.0065754779
0.0073257592
0.0080633275
0.0087856705
0.0094949897
0.010190683
0.010882269
0.011568092
0.01225242
0.012941783
0.013641491
0.014356371
0.015099147
0.015889516
0.016751393
0.017692715
0.018717339
0.019840344
0.021065775
0.022395728
0.023843903
0.025397657
0.027092065
0.028936472
0.030927534
0.033057928
0.035348074
0.037790975
0.040428155
0.045040216
0.051709663
0.058551973
0.065383985
0.072042787
0.078490547
0.084765451
0.090787831
0.096518444
0.10196373
0.10706239
0.11179023
0.11618246
0.12018545
0.1238484
0.12709114
0.13004023
0.13273833
0.13481421
0.13679819
0.13865515
0.14084218
0.14375885
0.14610173
0.14699052
0.14843318
0.14961963
0.15041828
0.149831
0.15384705
0.0041483083
0.0049221627
0.0057043842
0.0064896161
0.0072755699
0.0080637943
0.0088515713
0.0096467025
0.010445795
0.011250596
0.012063229
0.01289393
0.013743637
0.014615642
0.015516535
0.016460393
0.01745301
0.018499174
0.019617492
0.020813692
0.022093564
0.023474055
0.024955201
0.026549725
0.028256747
0.030086858
0.03204817
0.034153044
0.036399246
0.038808054
0.043098448
0.049310854
0.055596282
0.061895
0.068082617
0.074097083
0.079965723
0.085622595
0.091037728
0.09620938
0.10109812
0.10564115
0.10988088
0.11376353
0.11730173
0.12047156
0.12331369
0.12581822
0.12798984
0.13034172
0.13265397
0.13456237
0.13613324
0.13735527
0.1380697
0.1390529
0.14079706
0.14176513
0.14122681
0.14314145
0.0028024867
0.0035592234
0.0043326175
0.0051188481
0.005916045
0.0067255423
0.0075442495
0.0083798183
0.0092280258
0.010089188
0.010963356
0.011859061
0.01277589
0.013713947
0.0146765
0.015676147
0.016715467
0.017794803
0.018930655
0.020125174
0.021381799
0.022716923
0.024128332
0.025632369
0.027231978
0.028938399
0.03075672
0.032697732
0.034766059
0.036980196
0.040912955
0.046615689
0.052344908
0.058065955
0.063703454
0.069207207
0.074588303
0.07979855
0.084818617
0.089637772
0.094226827
0.098537411
0.10260427
0.10637353
0.10982507
0.11293683
0.11573556
0.1181854
0.12040404
0.12255683
0.12468105
0.12672812
0.12874373
0.1304832
0.13141839
0.13158393
0.13147675
0.13167197
0.13156645
0.13204745
0.0017496928
0.0024578464
0.0031875247
0.0039366689
0.0047043458
0.0054917734
0.0062961378
0.007123213
0.0079700878
0.0088366349
0.0097216836
0.010631933
0.011567035
0.012526791
0.013512231
0.01453242
0.015587406
0.016675846
0.017811966
0.018996246
0.020230615
0.021529724
0.022890725
0.024327975
0.025843748
0.027448377
0.029147502
0.030950604
0.032859429
0.034887191
0.038469796
0.04366691
0.048862501
0.054019646
0.059088284
0.064040102
0.068871958
0.073560662
0.078093946
0.082466469
0.086656311
0.090635478
0.09441805
0.097968974
0.10127187
0.10430768
0.10708732
0.10953567
0.11175274
0.11388998
0.11597482
0.11796987
0.11977159
0.12132675
0.12232286
0.12295466
0.12352189
0.12369217
0.12399701
0.12309995
0.00096951529
0.0016173253
0.0022882248
0.0029812489
0.0036960347
0.0044338868
0.0051925782
0.0059771486
0.0067855928
0.0076180521
0.0084734134
0.0093569717
0.01026835
0.011206931
0.012172736
0.013173848
0.014209328
0.015276419
0.0163871
0.017539779
0.018735675
0.019987163
0.021290252
0.022658088
0.024090288
0.025595563
0.027177731
0.028845686
0.030600686
0.032458838
0.035727888
0.04044257
0.045135884
0.049773317
0.054311437
0.058731104
0.063029655
0.067190516
0.07120664
0.075078046
0.078793284
0.082342592
0.085735485
0.088953431
0.091985279
0.094817319
0.097456976
0.099851943
0.10205925
0.10421268
0.10626763
0.10821472
0.10999518
0.11154032
0.1126801
0.11327293
0.11372259
0.11360089
0.11399679
0.11295051
0.00040529863
0.00098816233
0.001593587
0.0022213877
0.0028715994
0.0035455679
0.0042416107
0.0049640505
0.0057117111
0.0064848883
0.0072826743
0.0081094538
0.0089651491
0.0098490916
0.010761175
0.011707653
0.012687479
0.013697973
0.014749743
0.015841674
0.016973307
0.018154909
0.019381556
0.020664305
0.022002036
0.023401961
0.024867004
0.026404586
0.02801556
0.029713246
0.03268891
0.036947841
0.041163706
0.045313744
0.049364152
0.053298603
0.05711606
0.060797361
0.064338825
0.067741182
0.070996791
0.074102583
0.077069665
0.079892145
0.082566677
0.085092128
0.087476718
0.089701296
0.091767919
0.093799826
0.095782319
0.097698108
0.09950886
0.10114563
0.10252276
0.10341064
0.10411715
0.10427256
0.10480021
0.10397678
-3.2301258e-05
0.00048482989
0.0010227456
0.0015816737
0.0021618525
0.0027646042
0.0033887018
0.0040378471
0.0047114813
0.0054100982
0.0061331125
0.0068842783
0.0076638672
0.0084714537
0.0093070492
0.010175961
0.011077446
0.012008868
0.012979619
0.01398807
0.015033882
0.016125735
0.017258846
0.018442249
0.019674246
0.02096051
0.022302853
0.023707163
0.025173531
0.026713081
0.029404189
0.033230525
0.036991637
0.04067911
0.044269876
0.047752741
0.051128114
0.054379692
0.057503395
0.060499026
0.063359016
0.066080237
0.06867448
0.07113618
0.073466898
0.07567113
0.077757208
0.079726315
0.081580393
0.083387157
0.085180566
0.086928973
0.088628303
0.090211423
0.091652892
0.092776506
0.093757944
0.094289501
0.094854449
0.094486205
-0.00042323016
2.7617181e-05
0.00049715301
0.00098581856
0.0014940064
0.0020229766
0.0025719004
0.0031439593
0.0037389797
0.0043576407
0.0049995926
0.0056681449
0.0063637268
0.007086299
0.0078359184
0.0086172479
0.0094297497
0.010271325
0.011149099
0.012061405
0.013008167
0.01399677
0.01502289
0.016094059
0.017208593
0.018371095
0.019582722
0.020848151
0.022167079
0.023548354
0.025958325
0.029368593
0.032699568
0.035950701
0.039108011
0.042165355
0.045125538
0.047977259
0.050718108
0.053348788
0.055862411
0.058255861
0.060537796
0.062703409
0.064753535
0.066693579
0.068530103
0.070266694
0.07190934
0.073490323
0.075059554
0.076598687
0.078114788
0.079572495
0.080952283
0.082140757
0.083231353
0.083930873
0.084626613
0.084903181
-0.00079608609
-0.00040866095
-4.6331034e-06
0.00041651842
0.0008552385
0.001312655
0.0017882033
0.0022845681
0.0028018153
0.003340697
0.0039010127
0.0044856342
0.0050950566
0.0057295042
0.0063890405
0.0070777061
0.0077951413
0.0085398139
0.0093176904
0.010126767
0.010966891
0.011844449
0.012755736
0.01370697
0.014696645
0.015728619
0.016803723
0.017925789
0.019094371
0.020316668
0.022447123
0.025452192
0.028374632
0.031216345
0.033968534
0.036628652
0.03920073
0.041677754
0.044059109
0.046347517
0.048537861
0.0506289
0.052627476
0.054530319
0.056336698
0.058051189
0.059678744
0.061220075
0.06267845
0.064071069
0.065424931
0.066755708
0.068071798
0.06934832
0.07054516
0.071619946
0.07258529
0.073326851
0.073938987
0.07429676
-0.0011191018
-0.00078736476
-0.00044125989
-8.0245123e-05
0.00029612373
0.00068881671
0.0010974545
0.0015242343
0.0019693724
0.0024335613
0.0029167236
0.0034212402
0.0039476722
0.0044963281
0.0050673403
0.0056641091
0.0062864735
0.0069333676
0.0076096393
0.0083145887
0.0090468801
0.0098121999
0.010607839
0.01143889
0.012303984
0.013206324
0.014146537
0.01512781
0.016149666
0.017218038
0.019079693
0.021701922
0.024246485
0.026714823
0.029100628
0.031403224
0.033626888
0.035767178
0.037824476
0.039802421
0.041697473
0.043509814
0.045245442
0.04690252
0.048480417
0.049983284
0.051415347
0.052776828
0.054069169
0.05529886
0.056478371
0.057622297
0.058742651
0.059808104
0.060803917
0.061701231
0.062483969
0.063121263
0.063665043
0.064017361
-0.0013856747
-0.0011017784
-0.00080566654
-0.00049681567
-0.00017484505
0.00016107072
0.00051065088
0.00087568888
0.0012564542
0.0016535647
0.0020670035
0.0024987222
0.0029492876
0.0034190322
0.0039081375
0.0044194166
0.0049528886
0.0055077881
0.006088122
0.0066934773
0.0073235854
0.0079823647
0.0086679087
0.0093846329
0.010131472
0.010911045
0.011723871
0.01257262
0.013456875
0.014381546
0.015993268
0.018263386
0.020465005
0.022598253
0.024658038
0.026644397
0.028561323
0.030405703
0.032178409
0.033882951
0.035516991
0.037081183
0.038580966
0.04001525
0.041383993
0.042690962
0.043939922
0.045131499
0.046266591
0.047349588
0.048385022
0.049375864
0.050329473
0.051222049
0.0520521
0.05279879
0.053467128
0.054018526
0.054501478
0.054756999
-0.0016408453
-0.0013991286
-0.0011470956
-0.00088426122
-0.00061029411
-0.00032450011
-2.708037e-05
0.00028342281
0.00060730356
0.00094511019
0.0012968683
0.0016641777
0.0020475795
0.002447415
0.0028638767
0.0032992827
0.0037537568
0.0042267553
0.0047215618
0.0052379771
0.0057758671
0.0063385309
0.0069240723
0.0075364875
0.0081751515
0.008842217
0.0095381365
0.010265191
0.011023106
0.011815987
0.013198923
0.015146836
0.017036812
0.018868058
0.020635849
0.022340315
0.023984956
0.025567409
0.027088643
0.028551639
0.029954892
0.031298909
0.032588586
0.033822924
0.035002351
0.036129725
0.037208436
0.038238766
0.039221637
0.040159981
0.041056849
0.041911973
0.042727431
0.043477523
0.044168918
0.044786916
0.045349808
0.045818135
0.046276854
0.04662755
-0.0018710604
-0.0016664837
-0.0014532061
-0.0012307957
-0.00099895523
-0.0007571044
-0.00050538041
-0.00024260515
3.151287e-05
0.00031745855
0.00061526443
0.00092624064
0.0012508644
0.0015894836
0.0019422574
0.0023111004
0.0026961617
0.0030970933
0.0035165006
0.0039543748
0.0044106214
0.0048881119
0.0053851761
0.005904834
0.0064469024
0.0070132312
0.0076042624
0.0082218705
0.0088659682
0.0095399686
0.010716444
0.012374545
0.013984804
0.015545692
0.017053014
0.018506694
0.019909748
0.021260139
0.022558863
0.023808161
0.025007145
0.026155972
0.027258901
0.028314822
0.029324316
0.030289195
0.031212444
0.032093724
0.032933842
0.033734772
0.03449872
0.035225218
0.035914882
0.036568684
0.037184801
0.037757977
0.03829385
0.038785319
0.039267679
0.039669175
-0.0020790378
-0.0019065729
-0.0017268107
-0.0015393635
-0.001343977
-0.0011401715
-0.00092804269
-0.00070664706
-0.00047570018
-0.00023478232
1.6149409e-05
0.00027814941
0.00055164977
0.00083697111
0.001134263
0.0014450666
0.0017695745
0.0021075442
0.0024610656
0.0028302078
0.0032149625
0.0036176222
0.0040372787
0.0044759883
0.0049333154
0.0054111637
0.0059100514
0.006431449
0.0069753133
0.0075444882
0.0085385183
0.0099397903
0.011301947
0.012623272
0.013900093
0.015132194
0.01632212
0.017468123
0.018571138
0.019632853
0.020652775
0.021630921
0.02257091
0.023471794
0.024334214
0.025159486
0.025950214
0.026705995
0.0274277
0.028116785
0.028775278
0.029403065
0.030000735
0.030570373
0.031112372
0.031627004
0.032117258
0.032581705
0.033025415
0.033422468
-0.002251017
-0.0021063371
-0.0019555559
-0.0017983269
-0.001634433
-0.0014634765
-0.0012855284
-0.0010998362
-0.0009061361
-0.0007040654
-0.00049359066
-0.00027386757
-4.4521646e-05
0.00019474541
0.00044404908
0.00070463264
0.00097669198
0.001260078
0.0015564255
0.0018658794
0.0021884425
0.002525975
0.0028778122
0.0032457991
0.0036296466
0.0040303145
0.0044485707
0.0048857762
0.0053419751
0.0058194047
0.0066536869
0.0078299982
0.0089745536
0.010085655
0.011160237
0.01219802
0.013201136
0.014168139
0.015099832
0.015997506
0.016860875
0.017689914
0.018487569
0.019253105
0.019987069
0.020690493
0.021365487
0.022011739
0.022629971
0.023221321
0.023787481
0.024328428
0.024844702
0.025338205
0.025809232
0.026258332
0.026687116
0.027095162
0.027485064
0.027841082
-0.0023874202
-0.0022664246
-0.0021403637
-0.0020089339
-0.0018719504
-0.0017290955
-0.0015804168
-0.0014253317
-0.0012635819
-0.0010948735
-0.00091916137
-0.00073579606
-0.00054442678
-0.00034480703
-0.0001368214
8.0498528e-05
0.00030738023
0.00054370595
0.0007907822
0.0010487677
0.0013177086
0.001599064
0.0018924002
0.0021991897
0.002519399
0.0028540091
0.0032030932
0.0035677103
0.0039482579
0.0043465831
0.0050428738
0.0060245525
0.0069804512
0.0079090832
0.0088079549
0.0096768102
0.010517403
0.01132859
0.012111009
0.01286567
0.013592375
0.014291094
0.01496414
0.015610967
0.016231984
0.016828005
0.017400691
0.017949814
0.018475948
0.018979993
0.019463323
0.01992595
0.020368335
0.020792037
0.021197309
0.021584689
0.021955351
0.022309102
0.02264791
0.022959348
-0.002483459
-0.0023826652
-0.0022776914
-0.0021682737
-0.0020542536
-0.0019353752
-0.0018116714
-0.0016826906
-0.0015481919
-0.0014079299
-0.0012618656
-0.0011094975
-0.00095051527
-0.00078470261
-0.00061196744
-0.00043154803
-0.00024322043
-4.7061847e-05
0.00015794147
0.00037197149
0.00059507458
0.00082840895
0.001071677
0.0013260207
0.0015914904
0.0018688668
0.00215854
0.0024612131
0.0027768172
0.003106983
0.0036845664
0.0044991429
0.0052928688
0.0060644493
0.0068118807
0.0075349688
0.0082351242
0.0089114748
0.0095644983
0.010194993
0.010802809
0.011387925
0.011952134
0.012495043
0.013016962
0.013518539
0.014001077
0.014464433
0.014909061
0.015335686
0.015745402
0.016138254
0.016514595
0.016875683
0.017221696
0.017553064
0.017870689
0.018174437
0.018465774
0.018734985
-0.0025447025
-0.0024610826
-0.0023740276
-0.0022833004
-0.0021887699
-0.0020902319
-0.0019877129
-0.0018808672
-0.0017694752
-0.0016533314
-0.0015324031
-0.0014063068
-0.0012747689
-0.0011376033
-0.00099473184
-0.00084556972
-0.00068989197
-0.00052776195
-0.00035838392
-0.00018158876
2.6945252e-06
0.00019534339
0.00039620258
0.00060612925
0.00082524236
0.0010541409
0.0012931944
0.0015430405
0.0018038806
0.0020767515
0.0025537466
0.0032261511
0.0038816532
0.0045192598
0.0051373085
0.005735636
0.0063153764
0.0068759097
0.0074175907
0.0079410557
0.0084461957
0.0089330015
0.0094028597
0.0098555001
0.010291165
0.010710366
0.011114126
0.011502352
0.011875408
0.012233852
0.01257855
0.01290954
0.013227102
0.013532206
0.013825006
0.014105846
0.014375407
0.01463362
0.014881555
0.015111697
-0.0025709272
-0.0025019646
-0.0024301767
-0.0023553746
-0.0022774398
-0.0021962128
-0.0021117077
-0.0020236694
-0.0019318929
-0.0018362079
-0.001736585
-0.0016327368
-0.0015244226
-0.0014114778
-0.0012938431
-0.0011710673
-0.0010429411
-0.0009094998
-0.0007701449
-0.00062469767
-0.00047309786
-0.00031466153
-0.0001494741
2.3120636e-05
0.00020325843
0.00039140224
0.00058787811
0.00079318684
0.0010075252
0.0012318371
0.001624459
0.0021781091
0.0027166591
0.003240491
0.003748767
0.0042411774
0.0047184967
0.0051803151
0.0056269446
0.0060588932
0.0064760889
0.0068785243
0.0072672696
0.0076421425
0.0080033345
0.0083512417
0.0086866612
0.0090095408
0.0093201624
0.009618961
0.0099066092
0.010183152
0.010448799
0.010704314
0.010949813
0.011185566
0.011412105
0.011629388
0.011838228
0.01203282
-0.0025647671
-0.0025081801
-0.0024493018
-0.0023879401
-0.0023239934
-0.0022573432
-0.0021880099
-0.0021157985
-0.0020405237
-0.0019620415
-0.0018803322
-0.0017951826
-0.0017063838
-0.0016137902
-0.0015173576
-0.0014167437
-0.0013117529
-0.0012024032
-0.0010882483
-0.00096911403
-0.00084494307
-0.00071521261
-0.00057995145
-0.00043866045
-0.00029120191
-0.00013721015
2.3584534e-05
0.00019158967
0.00036697434
0.000550508
0.00087175981
0.0013256448
0.0017674698
0.0021958898
0.0026114823
0.0030145106
0.0034054101
0.0037837772
0.0041498752
0.0045041508
0.0048465766
0.0051771476
0.0054966824
0.0058050664
0.0061024534
0.006389148
0.0066657704
0.0069322963
0.0071889519
0.0074360712
0.0076741822
0.0079033277
0.0081236767
0.0083358125
0.0085398445
0.0087359825
0.0089246411
0.0091057948
0.0092800629
0.0094429749
-0.0025278964
-0.0024815799
-0.0024334112
-0.0023832342
-0.002330965
-0.002276494
-0.0022198174
-0.0021607985
-0.0020992764
-0.0020351453
-0.0019683842
-0.0018988429
-0.0018263354
-0.0017507424
-0.001672026
-0.0015899367
-0.0015042871
-0.0014150901
-0.0013220117
-0.0012248901
-0.0011236679
-0.0010179549
-0.00090773538
-0.00079264081
-0.00067253018
-0.00054712289
-0.00041618984
-0.00027940817
-0.00013662589
1.2758527e-05
0.00027428757
0.000643526
0.0010037895
0.0013540796
0.0016928171
0.0020207622
0.0023390518
0.0026474009
0.0029458594
0.0032347639
0.003514153
0.0037840434
0.0040450627
0.0042971438
0.0045404149
0.0047751072
0.0050017017
0.0052201915
0.0054307587
0.0056336563
0.0058292972
0.0060177217
0.0061990647
0.0063737732
0.0065419401
0.0067037279
0.0068594598
0.0070091232
0.0071531936
0.0072882784
-0.0024649465
-0.0024271999
-0.0023879582
-0.0023470863
-0.0023045124
-0.0022601618
-0.0022140395
-0.0021660521
-0.0021160392
-0.0020638904
-0.0020095882
-0.0019530311
-0.0018940734
-0.0018326118
-0.0017686171
-0.0017019061
-0.0016323117
-0.0015598377
-0.0014842451
-0.0014053795
-0.0013231925
-0.0012373907
-0.0011479364
-0.0010545576
-0.00095712217
-0.00085541485
-0.00074924665
-0.00063836309
-0.0005226326
-0.0004015852
-0.00018963517
0.00010937178
0.00040106361
0.00068488722
0.0009603526
0.0012270257
0.0014851467
0.0017349983
0.0019770039
0.0022113788
0.0024380993
0.0026571916
0.0028691533
0.0030739621
0.0032717258
0.0034626226
0.0036470235
0.0038249363
0.0039965059
0.0041619247
0.0043215128
0.0044753111
0.0046234277
0.0047662039
0.0049037208
0.0050361064
0.0051636099
0.0052862324
0.0054043273
0.0055153634
-0.0023798731
-0.0023492343
-0.0023173944
-0.002284236
-0.0022496977
-0.0022137226
-0.002176314
-0.0021374103
-0.0020968768
-0.002054634
-0.002010671
-0.0019649175
-0.0019172177
-0.0018674751
-0.0018156703
-0.0017616834
-0.001705373
-0.0016467354
-0.0015856016
-0.001521831
-0.0014553836
-0.0013860439
-0.0013137579
-0.0012383294
-0.0011596345
-0.0010775103
-0.00099179919
-0.0009023024
-0.00080890596
-0.00071124679
-0.00054022191
-0.00029914295
-6.4037823e-05
0.00016470272
0.00038669356
0.00060197885
0.00081090795
0.0010131756
0.0012087417
0.0013978948
0.0015809047
0.0017578427
0.0019290361
0.0020944836
0.002254293
0.0024086103
0.0025577218
0.0027016481
0.0028405074
0.002974446
0.0031037114
0.0032283445
0.0033484321
0.0034642363
0.0035758269
0.003683308
0.0037868707
0.0038865276
0.0039825365
0.0040730425
-0.002276981
-0.0022522152
-0.0022264897
-0.0021997006
-0.0021717974
-0.0021427359
-0.0021125196
-0.0020811094
-0.0020483867
-0.0020142852
-0.0019787974
-0.001941882
-0.00190342
-0.0018633343
-0.0018216127
-0.0017781525
-0.0017328045
-0.0016855623
-0.0016363104
-0.0015849402
-0.00153142
-0.0014755912
-0.0014173917
-0.0013566864
-0.0012933628
-0.0012272989
-0.0011583639
-0.001086404
-0.0010113207
-0.00093283694
-0.00079538563
-0.00060180616
-0.00041311246
-0.00022958751
-5.1507265e-05
0.00012117184
0.00028871479
0.00045109629
0.00060839841
0.00076078586
0.00090814972
0.0010504774
0.0011880995
0.0013210552
0.001449496
0.0015735427
0.0016934059
0.0018091203
0.0019207897
0.0020285337
0.002132543
0.00223286
0.0023295524
0.0024228215
0.0025127259
0.0025993515
0.0026828428
0.0027632212
0.0028406734
0.0029138628
-0.0021599355
-0.0021399966
-0.0021192936
-0.0020977366
-0.0020752823
-0.0020518976
-0.0020275854
-0.0020023235
-0.0019760082
-0.0019485836
-0.0019200459
-0.0018903712
-0.0018594588
-0.0018272411
-0.0017937123
-0.0017588106
-0.0017224185
-0.0016845276
-0.0016450673
-0.0016039004
-0.0015609898
-0.0015162255
-0.0014695411
-0.0014208629
-0.001370092
-0.0013171343
-0.0012618854
-0.0012042296
-0.0011440839
-0.0010812393
-0.00097119235
-0.00081637009
-0.00066554022
-0.00051891125
-0.00037667751
-0.00023879341
-0.00010504316
2.4571103e-05
0.00015011118
0.000271703
0.00038939921
0.00050322212
0.0006133726
0.00071987606
0.0008227314
0.00092202347
0.0010179417
0.0011105258
0.0011998495
0.0012860187
0.0013691987
0.0014494348
0.00152678
0.0016013937
0.0016733285
0.0017426573
0.0018094886
0.0018738485
0.001935871
0.0019946079
-0.0020322256
-0.0020162261
-0.0019996221
-0.0019823341
-0.0019643265
-0.0019455736
-0.001926079
-0.0019058317
-0.001884742
-0.0018627625
-0.0018398921
-0.0018161193
-0.0017913594
-0.0017655529
-0.0017386988
-0.0017107558
-0.0016816218
-0.0016512856
-0.0016197077
-0.0015867828
-0.0015524892
-0.0015167481
-0.0014794987
-0.001440654
-0.0014001221
-0.0013578358
-0.001313713
-0.0012676802
-0.0012196676
-0.001169517
-0.0010817255
-0.00095835795
-0.00083825268
-0.00072156369
-0.00060842412
-0.00049878754
-0.00039248259
-0.00028948845
-0.00018975166
-9.3170273e-05
3.0393182e-07
9.0689346e-05
0.00017813476
0.00026267769
0.00034437338
0.00042329011
0.00049955292
0.00057320085
0.00064429394
0.00071289622
0.00077910409
0.00084296211
0.00090451533
0.00096388112
0.001021102
0.0010762341
0.0011293648
0.0011805197
0.0012298038
0.0012765601
-0.0018976954
-0.0018849095
-0.0018716479
-0.0018578414
-0.0018434599
-0.0018284843
-0.0018129178
-0.0017967582
-0.0017799274
-0.0017623864
-0.0017441349
-0.0017251714
-0.0017054233
-0.0016848405
-0.0016634236
-0.0016411477
-0.0016179237
-0.0015937403
-0.0015685785
-0.0015423454
-0.0015150228
-0.0014865572
-0.0014568917
-0.001425985
-0.0013937629
-0.0013601753
-0.0013251498
-0.0012885959
-0.0012504519
-0.0012106013
-0.0011408367
-0.0010429095
-0.00094763298
-0.00085512404
-0.00076547638
-0.00067864642
-0.00059449981
-0.0005130052
-0.00043411839
-0.00035775735
-0.00028387219
-0.00021244276
-0.00014335662
-7.6574522e-05
-1.2049384e-05
5.0270544e-05
0.00011048159
0.00016862097
0.00022473912
0.00027889091
0.00033116088
0.00038158616
0.00043020301
0.00047709799
0.00052231049
0.00056588524
0.00060788819
0.00064834257
0.00068731967
0.00072436189
-0.0017591999
-0.0017490192
-0.0017384656
-0.0017274788
-0.0017160341
-0.0017041168
-0.0016917311
-0.0016788794
-0.0016654959
-0.0016515473
-0.0016370354
-0.0016219639
-0.0016062731
-0.0015899192
-0.0015729056
-0.0015552184
-0.0015367815
-0.0015175836
-0.0014976206
-0.001476811
-0.0014551406
-0.0014325744
-0.0014090597
-0.0013845724
-0.0013590482
-0.0013324521
-0.0013047304
-0.001275832
-0.0012457084
-0.0012142792
-0.0011592523
-0.0010821103
-0.0010068607
-0.00093381002
-0.00086309017
-0.00079462722
-0.00072830354
-0.00066409263
-0.00060196802
-0.00054186534
-0.0004837367
-0.00042755964
-0.00037324923
-0.00032076284
-0.00027005866
-0.00022109398
-0.0001737957
-0.00012812835
-8.4051625e-05
-4.152308e-05
-4.7925922e-07
3.9113713e-05
7.7284974e-05
0.00011410052
0.00014959348
0.00018380059
0.00021677196
0.00024852852
0.00027912643
0.00030826019
-0.001619814
-0.0016117508
-0.0016033975
-0.0015947017
-0.0015856417
-0.0015762078
-0.0015664033
-0.0015562349
-0.0015456455
-0.0015346079
-0.0015231245
-0.0015112034
-0.0014987942
-0.0014858597
-0.0014724048
-0.001458423
-0.0014438499
-0.0014286742
-0.0014129025
-0.0013964632
-0.001379346
-0.0013615287
-0.0013429643
-0.0013236399
-0.0013035016
-0.0012825241
-0.0012606656
-0.0012378869
-0.0012141483
-0.0011893947
-0.0011460718
-0.0010855844
-0.0010268246
-0.00096961642
-0.00091405495
-0.00086031517
-0.00080831431
-0.00075797573
-0.00070927623
-0.00066218087
-0.00061665308
-0.0005726734
-0.00053017903
-0.00048912899
-0.00044948593
-0.00041121434
-0.00037425703
-0.00033858034
-0.0003041507
-0.0002709352
-0.00023888573
-0.00020797265
-0.00017817237
-0.00014943587
-0.000121735
-9.5040004e-05
-6.9312641e-05
-4.4533814e-05
-2.066059e-05
2.1073242e-06
-0.0014809903
-0.0014746355
-0.0014680561
-0.0014612073
-0.0014540706
-0.0014466391
-0.0014389156
-0.0014309097
-0.0014225728
-0.0014138824
-0.0014048408
-0.0013954594
-0.0013856954
-0.0013755179
-0.0013649307
-0.0013539341
-0.0013424722
-0.0013305357
-0.0013181356
-0.0013052114
-0.0012917536
-0.0012777508
-0.0012631597
-0.001247977
-0.0012321554
-0.0012156787
-0.0011985125
-0.0011806287
-0.0011619942
-0.0011425701
-0.0011085713
-0.00106109
-0.0010150437
-0.0009704414
-0.00092730492
-0.00088549351
-0.00084495292
-0.00080570815
-0.0007677688
-0.00073108066
-0.00069560421
-0.00066133649
-0.00062824266
-0.00059629094
-0.00056545163
-0.00053569719
-0.00050698247
-0.00047927459
-0.00045254357
-0.00042676191
-0.00040189238
-0.00037790864
-0.00035479201
-0.00033250632
-0.00031102851
-0.00029033465
-0.00027039589
-0.00025119505
-0.00023269901
-0.00021503264
-0.0013460602
-0.0013410772
-0.0013359217
-0.0013305552
-0.0013249614
-0.001319136
-0.0013130811
-0.0013068074
-0.0013002731
-0.0012934603
-0.0012863712
-0.0012790174
-0.0012713635
-0.0012633839
-0.0012550837
-0.0012464674
-0.0012374865
-0.0012281331
-0.0012184224
-0.0012083027
-0.0011977645
-0.0011868036
-0.0011753817
-0.0011635012
-0.0011511212
-0.0011382316
-0.0011248041
-0.0011108189
-0.0010962478
-0.0010810651
-0.001054494
-0.0010173909
-0.00098143715
-0.00094664573
-0.00091302054
-0.0008805346
-0.00084914236
-0.00081877963
-0.00078940245
-0.00076099028
-0.00073351622
-0.00070698004
-0.00068135164
-0.00065659657
-0.0006326973
-0.00060964104
-0.00058740179
-0.00056595437
-0.00054527654
-0.00052534627
-0.00050613369
-0.00048761403
-0.00046976995
-0.00045257442
-0.00043600683
-0.00042004924
-0.00040467888
-0.00038988291
-0.00037563507
-0.00036200913
-0.0012153112
-0.0012114201
-0.0012073975
-0.0012032099
-0.0011988435
-0.0011942955
-0.0011895684
-0.0011846725
-0.0011795731
-0.0011742557
-0.0011687222
-0.0011629847
-0.0011570134
-0.0011507875
-0.0011443105
-0.0011375888
-0.0011305818
-0.0011232827
-0.0011157064
-0.0011078106
-0.0010995889
-0.0010910425
-0.001082136
-0.0010728763
-0.0010632276
-0.0010531825
-0.001042718
-0.0010318198
-0.0010204648
-0.0010086359
-0.00098793426
-0.00095898403
-0.00093093855
-0.00090382536
-0.00087763461
-0.00085234309
-0.00082792554
-0.00080435392
-0.0007816196
-0.00075969607
-0.00073855652
-0.00071816703
-0.00069850086
-0.00067952855
-0.00066122443
-0.00064356368
-0.00062652313
-0.0006100839
-0.00059423458
-0.00057896859
-0.0005642631
-0.00055009971
-0.00053647148
-0.00052335661
-0.00051073196
-0.00049857869
-0.0004868794
-0.000475632
-0.00046480501
-0.00045445272
-0.0010923578
-0.0010893753
-0.0010862938
-0.0010830851
-0.0010797363
-0.0010762462
-0.0010726167
-0.0010688579
-0.0010649408
-0.0010608527
-0.0010565965
-0.0010521824
-0.0010475878
-0.0010427926
-0.0010378036
-0.0010326243
-0.0010272253
-0.0010215953
-0.0010157558
-0.0010096644
-0.0010033223
-0.0009967245
-0.00098985046
-0.00098269824
-0.00097524957
-0.00096749237
-0.00095941938
-0.00095101108
-0.00094225639
-0.00093314046
-0.0009171899
-0.00089490679
-0.00087333042
-0.00085246018
-0.00083226953
-0.00081273177
-0.00079382606
-0.00077552968
-0.00075783452
-0.00074073018
-0.00072419728
-0.00070823633
-0.000692834
-0.00067798038
-0.00066366247
-0.00064988235
-0.00063661876
-0.00062385872
-0.00061157896
-0.00059977103
-0.0005884074
-0.00057748857
-0.00056696413
-0.0005569422
-0.00054747353
-0.00053823231
-0.00052914312
-0.00052066131
-0.00051310093
-0.00050661274
-0.00097261345
-0.00097034589
-0.00096800545
-0.00096556706
-0.00096302024
-0.00096036378
-0.00095760024
-0.0009547386
-0.00095175509
-0.00094863945
-0.00094539422
-0.00094202957
-0.00093852609
-0.00093486886
-0.00093106167
-0.00092711172
-0.00092299119
-0.00091869476
-0.00091423731
-0.00090958935
-0.00090474531
-0.00089971109
-0.0008944599
-0.00088900225
-0.00088331147
-0.00087738947
-0.00087121811
-0.00086479478
-0.00085809808
-0.00085112925
-0.00083887527
-0.00082165434
-0.00080505319
-0.0007890907
-0.00077371501
-0.00075890444
-0.00074463623
-0.00073087948
-0.00071761075
-0.00070480403
-0.00069243022
-0.00068047104
-0.00066891267
-0.00065772876
-0.00064690849
-0.00063643876
-0.00062631405
-0.00061651639
-0.00060704345
-0.00059788606
-0.00058904546
-0.00058051462
-0.00057230202
-0.00056441007
-0.00055685903
-0.00054967001
-0.0005428372
-0.00053633167
-0.00053016209
-0.00052426115
-0.00086368559
-0.00086199
-0.00086024308
-0.00085842265
-0.00085651974
-0.00085453391
-0.00085246804
-0.00085033073
-0.00084810206
-0.00084577393
-0.00084334892
-0.00084083701
-0.00083822193
-0.00083549166
-0.00083264988
-0.00082970441
-0.00082663178
-0.00082342798
-0.00082010762
-0.00081664588
-0.00081303912
-0.00080929346
-0.00080538738
-0.00080133042
-0.00079710224
-0.00079270391
-0.00078812394
-0.00078335879
-0.00077839457
-0.00077323408
-0.00076413036
-0.00075131559
-0.00073899245
-0.00072720272
-0.00071590048
-0.0007050541
-0.00069464931
-0.0006846638
-0.00067508956
-0.00066590925
-0.00065710377
-0.00064865609
-0.0006405532
-0.00063275788
-0.00062523885
-0.00061797371
-0.00061088139
-0.00060371219
-0.0005961505
-0.00058793099
-0.00057888106
-0.00056894526
-0.00055831298
-0.0005472875
-0.00053635069
-0.00052619192
-0.00051725258
-0.0005098914
-0.00050434388
-0.00050058305
-0.00075450955
-0.00075317645
-0.00075180556
-0.00075037815
-0.00074888513
-0.00074732715
-0.00074570564
-0.00074402892
-0.00074227937
-0.00074045113
-0.00073854528
-0.00073657131
-0.00073451495
-0.00073236694
-0.00073012956
-0.00072781061
-0.00072539
-0.0007228645
-0.00072024688
-0.00071751686
-0.00071467105
-0.00071171578
-0.00070863274
-0.00070543085
-0.00070209332
-0.00069862152
-0.0006950062
-0.00069124534
-0.00068732775
-0.00068325349
-0.00067611053
-0.00066607302
-0.00065638287
-0.00064706208
-0.00063807361
-0.00062939995
-0.00062104397
-0.00061299332
-0.00060524606
-0.00059779229
-0.00059062034
-0.00058372844
-0.00057712171
-0.00057079549
-0.00056475001
-0.00055898866
-0.00055350799
-0.00054829858
-0.00054334794
-0.00053864583
-0.00053416959
-0.0005298984
-0.00052578846
-0.00052183981
-0.00051808428
-0.0005145927
-0.0005114414
-0.00050864132
-0.00050599772
-0.00050314595
-0.00065942747
-0.00065843799
-0.00065742286
-0.00065636539
-0.00065525826
-0.00065410171
-0.00065289817
-0.00065165424
-0.00065035653
-0.0006489995
-0.00064758547
-0.00064612176
-0.00064459812
-0.00064300592
-0.00064134869
-0.00063963226
-0.00063784166
-0.00063597297
-0.00063403902
-0.00063202185
-0.00062992026
-0.00062773884
-0.00062546387
-0.00062310211
-0.00062064112
-0.00061808148
-0.00061541699
-0.00061264566
-0.00060975811
-0.00060675974
-0.00060145067
-0.00059393203
-0.00058670518
-0.00057979915
-0.00057317426
-0.00056681254
-0.00056070588
-0.00055483959
-0.00054920258
-0.00054378817
-0.00053858278
-0.00053357984
-0.00052877128
-0.00052414185
-0.00051967956
-0.00051537733
-0.00051122734
-0.00050721897
-0.00050334507
-0.00049960092
-0.00049598248
-0.00049248318
-0.00048910028
-0.00048583144
-0.00048267365
-0.00047962391
-0.0004766798
-0.00047384155
-0.00047109616
-0.00046842839
-0.00057119124
-0.00057045365
-0.00056969881
-0.00056891216
-0.00056808698
-0.00056722373
-0.0005663245
-0.00056539505
-0.00056442419
-0.00056340769
-0.00056234716
-0.00056124916
-0.000560105
-0.00055890805
-0.00055766076
-0.00055636881
-0.00055501942
-0.00055360985
-0.00055215055
-0.00055062745
-0.00054903895
-0.00054739004
-0.00054566866
-0.00054388155
-0.00054201794
-0.00054007941
-0.0005380604
-0.00053596061
-0.00053377177
-0.0005314992
-0.00052748865
-0.00052181799
-0.00051636195
-0.000511143
-0.00050612423
-0.00050128984
-0.0004966395
-0.00049216518
-0.000487864
-0.00048373191
-0.00047976067
-0.0004759471
-0.0004722897
-0.0004687787
-0.00046540793
-0.00046217384
-0.00045907215
-0.0004560947
-0.00045323717
-0.00045049764
-0.00044787301
-0.00044535805
-0.00044294917
-0.00044064443
-0.00043843759
-0.00043632507
-0.0004343013
-0.00043236435
-0.00043050469
-0.00042871782
-0.00049108728
-0.00049054551
-0.00048999306
-0.00048941777
-0.00048881301
-0.00048817974
-0.00048751951
-0.00048683759
-0.00048612446
-0.00048537704
-0.00048459651
-0.00048378868
-0.00048294634
-0.0004820643
-0.00048114461
-0.00048019225
-0.00047919686
-0.00047815617
-0.00047707929
-0.0004759546
-0.00047478117
-0.00047356322
-0.00047229126
-0.00047097085
-0.00046959376
-0.00046816118
-0.00046666926
-0.00046511765
-0.00046350017
-0.00046182197
-0.00045884957
-0.00045462967
-0.00045057891
-0.00044671969
-0.00044302141
-0.00043947053
-0.00043606704
-0.00043280285
-0.00042967414
-0.00042667593
-0.00042380013
-0.00042104284
-0.00041840247
-0.00041587048
-0.00041344168
-0.00041111324
-0.00040888221
-0.00040674217
-0.00040468929
-0.00040272132
-0.00040083562
-0.00039902748
-0.00039729405
-0.00039563391
-0.00039404281
-0.00039251854
-0.00039105788
-0.00038965982
-0.00038831619
-0.00038702422
-0.00041902747
-0.00041862877
-0.00041822431
-0.00041780322
-0.00041735978
-0.0004168946
-0.00041640949
-0.00041590856
-0.00041538446
-0.00041483445
-0.00041425989
-0.00041366527
-0.00041304521
-0.00041239521
-0.00041171738
-0.00041101558
-0.00041028188
-0.0004095141
-0.00040872023
-0.00040789062
-0.00040702487
-0.00040612642
-0.00040518785
-0.00040421367
-0.00040319755
-0.00040214047
-0.00040103967
-0.00039989495
-0.00039870129
-0.00039746375
-0.00039526876
-0.00039214453
-0.00038914901
-0.00038630198
-0.00038357617
-0.00038095921
-0.00037845131
-0.00037604582
-0.00037374005
-0.00037153044
-0.00036941126
-0.00036737987
-0.00036543608
-0.00036357338
-0.00036178821
-0.0003600785
-0.00035844247
-0.00035687485
-0.00035537291
-0.00035393475
-0.00035255864
-0.00035124062
-0.00034997865
-0.00034877163
-0.00034761635
-0.00034651098
-0.00034545324
-0.00034444255
-0.00034347203
-0.00034253954
-0.00035497467
-0.00035467946
-0.00035438221
-0.00035407362
-0.00035374824
-0.00035340682
-0.00035305092
-0.0003526841
-0.00035230024
-0.00035189737
-0.00035147649
-0.0003510415
-0.0003505879
-0.00035011234
-0.00034961636
-0.00034910347
-0.00034856706
-0.00034800568
-0.00034742572
-0.00034681967
-0.00034618708
-0.00034553113
-0.00034484562
-0.00034413465
-0.00034339293
-0.00034262168
-0.00034181855
-0.00034098378
-0.0003401133
-0.00033921148
-0.00033760891
-0.00033532509
-0.00033313733
-0.0003310608
-0.0003290744
-0.00032716913
-0.00032534553
-0.00032359868
-0.00032192659
-0.00032032674
-0.00031879442
-0.00031732756
-0.00031592601
-0.00031458456
-0.00031330026
-0.00031207156
-0.00031089711
-0.00030977275
-0.00030869631
-0.00030766641
-0.00030668183
-0.00030573943
-0.0003048377
-0.00030397592
-0.00030315166
-0.00030236352
-0.00030160983
-0.00030089024
-0.00030019926
-0.00029953488
-0.00029767183
-0.00029744816
-0.00029722497
-0.00029699427
-0.00029675102
-0.00029649584
-0.00029623023
-0.00029595708
-0.00029567151
-0.00029537197
-0.00029505936
-0.0002947368
-0.00029440081
-0.00029404873
-0.00029368189
-0.00029330314
-0.0002929073
-0.0002924932
-0.00029206612
-0.00029162009
-0.00029115482
-0.00029067297
-0.00029016964
-0.00028964822
-0.00028910458
-0.00028853979
-0.00028795209
-0.00028734173
-0.00028670578
-0.00028604733
-0.00028487879
-0.0002832174
-0.00028162734
-0.0002801185
-0.00027867559
-0.00027729218
-0.00027596876
-0.00027470154
-0.00027348929
-0.00027233033
-0.000271221
-0.00027015972
-0.00026914649
-0.00026817724
-0.00026724966
-0.00026636268
-0.00026551536
-0.00026470461
-0.00026392879
-0.00026318706
-0.00026247852
-0.00026180091
-0.00026115298
-0.00026053444
-0.00025994325
-0.00025937855
-0.000258839
-0.00025832439
-0.00025783068
-0.00025735503
-0.00024838195
-0.00024820345
-0.00024802702
-0.00024784573
-0.0002476549
-0.00024745498
-0.0002472475
-0.00024703473
-0.00024681286
-0.0002465806
-0.00024633884
-0.00024608999
-0.00024583143
-0.00024556095
-0.00024527982
-0.00024499021
-0.00024468821
-0.00024437276
-0.00024404835
-0.00024371007
-0.00024335798
-0.00024299406
-0.0002426147
-0.00024222248
-0.00024181438
-0.00024139113
-0.00024095168
-0.00024049601
-0.00024002244
-0.00023953248
-0.00023867406
-0.00023747302
-0.00023632451
-0.00023523358
-0.00023419206
-0.00023319566
-0.00023224394
-0.00023133301
-0.00023046192
-0.00022962922
-0.0002288322
-0.00022806958
-0.00022734175
-0.00022664554
-0.00022597943
-0.00022534252
-0.00022473433
-0.00022415221
-0.00022359506
-0.00022306205
-0.00022255267
-0.000222065
-0.00022159828
-0.00022115223
-0.00022072549
-0.00022031724
-0.00021992678
-0.0002195536
-0.00021919512
-0.00021884798
-0.00020459266
-0.0002044434
-0.00020429728
-0.00020414863
-0.00020399294
-0.00020383063
-0.00020366305
-0.00020349207
-0.00020331462
-0.0002031298
-0.00020293827
-0.000202742
-0.00020253887
-0.00020232729
-0.00020210821
-0.00020188342
-0.00020164982
-0.00020140669
-0.00020115752
-0.00020089855
-0.00020062981
-0.00020035297
-0.00020006515
-0.00019976849
-0.00019946061
-0.00019914218
-0.00019881243
-0.00019847126
-0.00019811798
-0.00019775235
-0.00019712156
-0.00019625959
-0.00019543512
-0.00019464613
-0.00019389065
-0.00019316725
-0.00019247513
-0.00019181123
-0.00019117535
-0.00019056678
-0.00018998363
-0.00018942491
-0.00018889102
-0.00018837947
-0.00018788912
-0.00018741928
-0.00018696968
-0.00018653833
-0.00018612452
-0.00018572769
-0.00018534759
-0.00018498278
-0.00018463276
-0.00018429736
-0.0001839756
-0.00018366684
-0.0001833707
-0.00018308649
-0.0001828134
-0.00018254585
-0.0001678693
-0.00016773358
-0.00016760163
-0.00016746884
-0.00016733083
-0.00016718795
-0.00016704142
-0.00016689284
-0.00016673968
-0.00016658133
-0.00016641831
-0.00016625224
-0.00016608142
-0.00016590468
-0.00016572279
-0.00016553721
-0.0001653455
-0.00016514717
-0.000164945
-0.00016473605
-0.00016452042
-0.00016429947
-0.00016407095
-0.00016383664
-0.00016359469
-0.0001633457
-0.00016308916
-0.00016282483
-0.00016255299
-0.00016227159
-0.00016180248
-0.00016119517
-0.00016061408
-0.00016005056
-0.00015950987
-0.00015899342
-0.00015849927
-0.00015802425
-0.0001575683
-0.00015713106
-0.00015671104
-0.00015630749
-0.00015592085
-0.00015554929
-0.00015519204
-0.00015484863
-0.00015451896
-0.0001542015
-0.00015389576
-0.00015360132
-0.00015331805
-0.00015304485
-0.0001527814
-0.00015252759
-0.00015228279
-0.00015204642
-0.00015181849
-0.00015159799
-0.00015138559
-0.00015117422
-0.00013532817
-0.00013519837
-0.00013507265
-0.00013494734
-0.00013481831
-0.00013468576
-0.00013455083
-0.00013441477
-0.00013427561
-0.00013413294
-0.00013398715
-0.00013383947
-0.00013368863
-0.00013353376
-0.00013337548
-0.00013321487
-0.00013305013
-0.0001328809
-0.0001327093
-0.00013253312
-0.00013235244
-0.00013216835
-0.00013197912
-0.00013178615
-0.00013158804
-0.00013138527
-0.00013117755
-0.00013096447
-0.00013074706
-0.00013052172
-0.00013016111
-0.00012972579
-0.00012930826
-0.00012889391
-0.00012849349
-0.00012811074
-0.0001277431
-0.0001273876
-0.00012704454
-0.00012671399
-0.00012639493
-0.00012608684
-0.00012579009
-0.00012550341
-0.00012522624
-0.0001249583
-0.00012469952
-0.00012444883
-0.00012420591
-0.0001239705
-0.00012374255
-0.0001235213
-0.00012330652
-0.0001230982
-0.00012289587
-0.0001226991
-0.00012250808
-0.00012232151
-0.00012214168
-0.00012195904
-0.00010962371
-0.00010948913
-0.00010935888
-0.00010923005
-0.00010909863
-0.00010896469
-0.00010882935
-0.00010869365
-0.000108556
-0.00010841611
-0.00010827433
-0.00010813163
-0.00010798702
-0.00010783986
-0.00010769066
-0.0001075403
-0.00010738736
-0.00010723162
-0.00010707478
-0.0001069151
-0.00010675272
-0.00010658851
-0.00010642114
-0.00010625175
-0.00010607929
-0.00010590414
-0.00010572624
-0.00010554496
-0.00010536222
-0.00010517259
-0.00010488868
-0.00010458959
-0.00010430158
-0.0001040032
-0.00010371214
-0.00010343484
-0.00010316763
-0.00010290717
-0.0001026539
-0.00010240815
-0.00010216912
-0.00010193643
-0.00010171047
-0.00010149037
-0.00010127581
-0.00010106665
-0.00010086294
-0.00010066387
-0.00010046926
-0.00010027893
-0.00010009289
-9.9910572e-05
-9.9731879e-05
-9.9556819e-05
-9.9385131e-05
-9.9216423e-05
-9.9051168e-05
-9.8887736e-05
-9.8729718e-05
-9.8565735e-05
-8.6445913e-05
-8.6312618e-05
-8.6183395e-05
-8.6056183e-05
-8.5927181e-05
-8.5796403e-05
-8.5664779e-05
-8.5533187e-05
-8.5400361e-05
-8.5266172e-05
-8.5130829e-05
-8.4995085e-05
-8.4858147e-05
-8.4719663e-05
-8.4579937e-05
-8.4439662e-05
-8.429777e-05
-8.4154163e-05
-8.4010027e-05
-8.3864162e-05
-8.3716611e-05
-8.3568103e-05
-8.3417577e-05
-8.3265968e-05
-8.3112431e-05
-8.2957316e-05
-8.2800593e-05
-8.2641582e-05
-8.2482647e-05
-8.2317281e-05
-8.208141e-05
-8.1861183e-05
-8.1647937e-05
-8.1416048e-05
-8.1186253e-05
-8.096656e-05
-8.0753024e-05
-8.0542675e-05
-8.0336202e-05
-8.0134311e-05
-7.9936447e-05
-7.9742375e-05
-7.9552315e-05
-7.9365712e-05
-7.9182285e-05
-7.9002001e-05
-7.8824861e-05
-7.8650412e-05
-7.847852e-05
-7.830918e-05
-7.8142385e-05
-7.7977833e-05
-7.7815422e-05
-7.7655241e-05
-7.7497077e-05
-7.7340635e-05
-7.7186507e-05
-7.7032764e-05
-7.6884439e-05
-7.6727542e-05
-7.0096106e-05
-6.9951803e-05
-6.9811565e-05
-6.9674027e-05
-6.9535419e-05
-6.9395658e-05
-6.9255637e-05
-6.9116152e-05
-6.8976116e-05
-6.8835499e-05
-6.8694465e-05
-6.8553667e-05
-6.8412422e-05
-6.827054e-05
-6.8128256e-05
-6.7986164e-05
-6.7843377e-05
-6.7699934e-05
-6.7556726e-05
-6.7412867e-05
-6.7268403e-05
-6.7123961e-05
-6.6978703e-05
-6.6833435e-05
-6.6687488e-05
-6.6541182e-05
-6.6394614e-05
-6.6246937e-05
-6.6101213e-05
-6.5949412e-05
-6.5749702e-05
-6.5606281e-05
-6.5465366e-05
-6.529542e-05
-6.5123421e-05
-6.4959813e-05
-6.4799524e-05
-6.4639114e-05
-6.4479328e-05
-6.4321074e-05
-6.4163885e-05
-6.4007659e-05
-6.385263e-05
-6.3698562e-05
-6.3545332e-05
-6.3393066e-05
-6.3241813e-05
-6.3091304e-05
-6.2941466e-05
-6.2792354e-05
-6.2643975e-05
-6.2496137e-05
-6.234881e-05
-6.2202096e-05
-6.2055914e-05
-6.1909983e-05
-6.1765094e-05
-6.1619014e-05
-6.1477818e-05
-6.1325942e-05
-5.45554e-05
-5.4413551e-05
-5.4275274e-05
-5.4139703e-05
-5.4003507e-05
-5.3866426e-05
-5.3729314e-05
-5.3592708e-05
-5.3455904e-05
-5.3318851e-05
-5.3181721e-05
-5.3044869e-05
-5.2907909e-05
-5.2770689e-05
-5.2633421e-05
-5.2496428e-05
-5.2359213e-05
-5.2221728e-05
-5.2084651e-05
-5.1947326e-05
-5.1809849e-05
-5.1672611e-05
-5.1535066e-05
-5.1397742e-05
-5.1260228e-05
-5.112268e-05
-5.0985313e-05
-5.0847191e-05
-5.0711525e-05
-5.0569929e-05
-5.0391238e-05
-5.0281256e-05
-5.0172414e-05
-5.0031887e-05
-4.9886829e-05
-4.9748056e-05
-4.9610767e-05
-4.9471758e-05
-4.9331828e-05
-4.9191997e-05
-4.9052006e-05
-4.8911783e-05
-4.8771453e-05
-4.8630928e-05
-4.84901e-05
-4.8349102e-05
-4.8207941e-05
-4.8066542e-05
-4.7924851e-05
-4.7783025e-05
-4.764105e-05
-4.7498928e-05
-4.7356589e-05
-4.7214212e-05
-4.7071698e-05
-4.692887e-05
-4.6786494e-05
-4.6642339e-05
-4.6503041e-05
-4.6351806e-05
-4.6920578e-05
-4.6774933e-05
-4.6632853e-05
-4.6493718e-05
-4.6354242e-05
-4.6214162e-05
-4.6074306e-05
-4.5935183e-05
-4.5796119e-05
-4.5657119e-05
-4.5518333e-05
-4.5380104e-05
-4.5242034e-05
-4.5104062e-05
-4.4966356e-05
-4.4829232e-05
-4.4692195e-05
-4.4555332e-05
-4.4419136e-05
-4.4283117e-05
-4.4147338e-05
-4.4012174e-05
-4.3877139e-05
-4.3742736e-05
-4.3608578e-05
-4.3474858e-05
-4.3341774e-05
-4.3208422e-05
-4.3078021e-05
-4.2942158e-05
-4.2776856e-05
-4.2690847e-05
-4.2604809e-05
-4.2485449e-05
-4.2360567e-05
-4.2241435e-05
-4.21232e-05
-4.2002644e-05
-4.1880457e-05
-4.1757652e-05
-4.1633947e-05
-4.1509307e-05
-4.1383793e-05
-4.1257425e-05
-4.1130113e-05
-4.1002075e-05
-4.0873296e-05
-4.0743793e-05
-4.0613494e-05
-4.0482598e-05
-4.0351037e-05
-4.0218878e-05
-4.0086023e-05
-3.9952687e-05
-3.9818757e-05
-3.9684138e-05
-3.9549522e-05
-3.9412866e-05
-3.9280264e-05
-3.9136488e-05
-3.6308519e-05
-3.6207856e-05
-3.6110736e-05
-3.6016393e-05
-3.5921752e-05
-3.5826482e-05
-3.5731216e-05
-3.5636454e-05
-3.5541624e-05
-3.544674e-05
-3.5351874e-05
-3.5257327e-05
-3.5162772e-05
-3.5068208e-05
-3.497374e-05
-3.4879622e-05
-3.478547e-05
-3.4691339e-05
-3.4597581e-05
-3.450384e-05
-3.4410122e-05
-3.4316685e-05
-3.422315e-05
-3.4129828e-05
-3.4036371e-05
-3.3942803e-05
-3.38493e-05
-3.3754995e-05
-3.3662348e-05
-3.3565539e-05
-3.3445427e-05
-3.3376131e-05
-3.3312062e-05
-3.3226515e-05
-3.3131498e-05
-3.3037229e-05
-3.2943749e-05
-3.284845e-05
-3.2750979e-05
-3.265156e-05
-3.2550437e-05
-3.2447513e-05
-3.2343047e-05
-3.223687e-05
-3.2129115e-05
-3.2019795e-05
-3.1909081e-05
-3.1796877e-05
-3.1683285e-05
-3.1568415e-05
-3.145233e-05
-3.1335097e-05
-3.1216728e-05
-3.1097452e-05
-3.0977246e-05
-3.0856151e-05
-3.0734734e-05
-3.0611521e-05
-3.0491559e-05
-3.0363377e-05
-3.3342649e-05
-3.3281398e-05
-3.3225502e-05
-3.3172887e-05
-3.311939e-05
-3.3064728e-05
-3.3009625e-05
-3.2954796e-05
-3.2899381e-05
-3.2843469e-05
-3.2787126e-05
-3.2730795e-05
-3.267391e-05
-3.2616492e-05
-3.2558704e-05
-3.2500888e-05
-3.2442392e-05
-3.2383397e-05
-3.2324318e-05
-3.2264598e-05
-3.2204238e-05
-3.2143508e-05
-3.2081979e-05
-3.2020042e-05
-3.1957289e-05
-3.189385e-05
-3.1829807e-05
-3.1764528e-05
-3.1699684e-05
-3.1631512e-05
-3.1541227e-05
-3.1477415e-05
-3.1417304e-05
-3.1343201e-05
-3.1266427e-05
-3.1192086e-05
-3.1120728e-05
-3.1049539e-05
-3.0978434e-05
-3.0906264e-05
-3.0833534e-05
-3.075936e-05
-3.0684607e-05
-3.0608419e-05
-3.0531572e-05
-3.0453492e-05
-3.0375013e-05
-3.0295378e-05
-3.0215318e-05
-3.0134292e-05
-3.0052958e-05
-2.9970587e-05
-2.9887735e-05
-2.9803925e-05
-2.9719589e-05
-2.9634279e-05
-2.954844e-05
-2.9460802e-05
-2.9374458e-05
-2.9281502e-05
-2.3377722e-05
-2.3384452e-05
-2.3392644e-05
-2.3401339e-05
-2.3409853e-05
-2.3417607e-05
-2.3424705e-05
-2.3431104e-05
-2.3436806e-05
-2.3441534e-05
-2.344547e-05
-2.3448475e-05
-2.3450631e-05
-2.3451573e-05
-2.3451545e-05
-2.3450398e-05
-2.3448223e-05
-2.3444626e-05
-2.3440113e-05
-2.3434162e-05
-2.3427027e-05
-2.3418599e-05
-2.3408927e-05
-2.3397927e-05
-2.3385684e-05
-2.3372042e-05
-2.3357227e-05
-2.3340904e-05
-2.3323316e-05
-2.3305207e-05
-2.3272726e-05
-2.3218129e-05
-2.3158693e-05
-2.3100666e-05
-2.3044844e-05
-2.2990416e-05
-2.29375e-05
-2.2885675e-05
-2.2835163e-05
-2.2785689e-05
-2.273738e-05
-2.2689898e-05
-2.2643514e-05
-2.2597901e-05
-2.2553226e-05
-2.2509248e-05
-2.2466215e-05
-2.2423869e-05
-2.2382397e-05
-2.2341685e-05
-2.2301858e-05
-2.2263077e-05
-2.222528e-05
-2.2188516e-05
-2.2152907e-05
-2.2118405e-05
-2.208531e-05
-2.2053527e-05
-2.2023405e-05
-2.1993727e-05
-2.2170111e-05
-2.2166685e-05
-2.216543e-05
-2.2165785e-05
-2.2167099e-05
-2.216864e-05
-2.2170341e-05
-2.2172101e-05
-2.2173699e-05
-2.2174679e-05
-2.2175243e-05
-2.2175477e-05
-2.2175334e-05
-2.2174397e-05
-2.2172895e-05
-2.217078e-05
-2.216796e-05
-2.216409e-05
-2.2159719e-05
-2.2154209e-05
-2.2147817e-05
-2.2140337e-05
-2.2131776e-05
-2.2122039e-05
-2.2110978e-05
-2.209863e-05
-2.2085018e-05
-2.2069807e-05
-2.2053074e-05
-2.2034954e-05
-2.2007489e-05
-2.1968803e-05
-2.1921587e-05
-2.1872062e-05
-2.1823354e-05
-2.1776291e-05
-2.1731737e-05
-2.1689417e-05
-2.1649901e-05
-2.1613028e-05
-2.1579203e-05
-2.1547818e-05
-2.1519121e-05
-2.149267e-05
-2.1468429e-05
-2.1446115e-05
-2.142628e-05
-2.1408116e-05
-2.13917e-05
-2.1376875e-05
-2.1363795e-05
-2.1352314e-05
-2.1342563e-05
-2.1334438e-05
-2.1328282e-05
-2.1323914e-05
-2.1321433e-05
-2.1320908e-05
-2.1322251e-05
-2.1326341e-05
3.6063508e-06
3.2230682e-06
2.8328422e-06
2.4365904e-06
2.0348936e-06
1.6273878e-06
1.2148934e-06
7.9741626e-07
3.761027e-07
-4.8349447e-08
-4.7389057e-07
-8.9931743e-07
-1.3227645e-06
-1.743423e-06
-2.1598622e-06
-2.5722443e-06
-2.9805123e-06
-3.3855858e-06
-3.7879252e-06
-4.1886088e-06
-4.587451e-06
-4.9849124e-06
-5.3801975e-06
-5.7734735e-06
-6.1639769e-06
-6.5518436e-06
-6.9364525e-06
-7.3179397e-06
-7.6955096e-06
-8.0720651e-06
-8.4981639e-06
-8.7505709e-06
-8.9577525e-06
-9.1543203e-06
-9.3490843e-06
-9.5473747e-06
-9.7526813e-06
-9.968025e-06
-1.0194901e-05
-1.0434506e-05
-1.068673e-05
-1.0951228e-05
-1.1226878e-05
-1.1512695e-05
-1.1805251e-05
-1.2093245e-05
-1.2356049e-05
-1.257589e-05
-1.2747301e-05
-1.2876973e-05
-1.2977808e-05
-1.306266e-05
-1.3139467e-05
-1.3209816e-05
-1.3270614e-05
-1.3318647e-05
-1.3355767e-05
-1.3389446e-05
-1.3427664e-05
-1.3477303e-05
-1.3168485e-05
-1.2746984e-05
-1.2327752e-05
-1.191209e-05
-1.150371e-05
-1.1132706e-05
-1.0862072e-05
-1.0738266e-05
-1.0746949e-05
-1.0823542e-05
-1.0894494e-05
-1.091247e-05
-1.0863599e-05
-1.0760242e-05
-1.0630279e-05
-1.0507524e-05
-1.0419731e-05
-1.0377689e-05
-1.0371076e-05
-1.0378299e-05
-1.0378024e-05
-1.0359468e-05
-1.0323837e-05
-1.0278458e-05
-1.0230393e-05
-1.0183101e-05
-1.0137152e-05
-1.0092431e-05
-1.0048313e-05
-1.0001044e-05
-9.9546133e-06
-9.972274e-06
-1.0026467e-05
-1.0097508e-05
-1.0176272e-05
-1.0257922e-05
-1.0339298e-05
-1.0418856e-05
-1.0495675e-05
-1.0569675e-05
-1.0640776e-05
-1.0709289e-05
-1.0774876e-05
-1.0836187e-05
-1.0889644e-05
-1.0930931e-05
-1.0955302e-05
-1.0958446e-05
-1.0936065e-05
-1.0884888e-05
-1.0802237e-05
-1.0686807e-05
-1.0537793e-05
-1.0355591e-05
-1.0140761e-05
-9.8947478e-06
-9.618887e-06
-9.3151074e-06
-8.9848886e-06
-8.6316845e-06
-1.1088347e-05
-1.1297727e-05
-1.1565653e-05
-1.1920498e-05
-1.2384999e-05
-1.2949928e-05
-1.3584989e-05
-1.4261016e-05
-1.4953654e-05
-1.5645947e-05
-1.6326715e-05
-1.6990251e-05
-1.7634265e-05
-1.8260244e-05
-1.8871401e-05
-1.9472206e-05
-2.0066067e-05
-2.0655657e-05
-2.1242349e-05
-2.1827039e-05
-2.2409682e-05
-2.299049e-05
-2.3569063e-05
-2.4145383e-05
-2.4718846e-05
-2.528936e-05
-2.5856394e-05
-2.6419882e-05
-2.6979316e-05
-2.7534947e-05
-2.8177724e-05
-2.8617957e-05
-2.9015266e-05
-2.9405635e-05
-2.9798238e-05
-3.0198134e-05
-3.060804e-05
-3.102966e-05
-3.1463624e-05
-3.1910381e-05
-3.2369779e-05
-3.2841672e-05
-3.3325624e-05
-3.3821342e-05
-3.4328224e-05
-3.484577e-05
-3.5373359e-05
-3.5910362e-05
-3.6455988e-05
-3.7009454e-05
-3.7569853e-05
-3.8136264e-05
-3.8707653e-05
-3.9282992e-05
-3.9861226e-05
-4.0441224e-05
-4.102198e-05
-4.1602212e-05
-4.2181861e-05
-4.2751698e-05
0.25595672
0.19231125
0.16923052
0.1512181
0.13158896
0.11514041
0.10203373
0.091172388
0.081840453
0.074038765
0.067227047
0.06141451
0.056192995
0.051647687
0.047503026
0.043817987
0.040449715
0.037412902
0.034633084
0.03209792
0.029783916
0.027652508
0.025698436
0.023896878
0.022243428
0.020714707
0.019301612
0.017997201
0.016788823
0.015671943
0.01463464
0.013674362
0.01278083
0.011951444
0.011181143
0.010461448
0.0097950054
0.0091708313
0.0085937386
0.0080513203
0.0075510338
0.0070789578
0.006645624
0.0062383421
0.0058557272
0.0055048855
0.0051688256
0.004865676
0.0045706174
0.004308375
0.0040482103
0.003820793
0.0035915804
0.0033916495
0.003193363
0.0030118718
0.0028287716
0.002674824
0.002511774
0.0023683564
0.0022346071
0.0020951803
0.0019794852
0.0018545737
0.0017551323
0.0016451015
0.0015528358
0.0014545518
0.0013723907
0.0012824041
0.0012048953
0.0011292257
0.001056666
0.00098736949
0.00092250766
0.00086080815
0.00080185762
0.00074630796
0.00069227322
0.0006398973
0.0005940268
0.00054795423
0.00050555545
0.0004616001
0.00042611209
0.00038602027
0.00035640237
0.00032126923
0.0002965632
0.00026726015
0.00024588924
0.00022164758
0.00020331775
0.00018461125
0.00016936388
0.00015510135
0.00014907001
0.00013051772
0.00012747479
0.0001091248
0.0001093861
9.2999804e-05
9.4870759e-05
7.8738632e-05
8.1076563e-05
6.5643187e-05
6.874993e-05
5.3730148e-05
5.6833559e-05
4.2329878e-05
4.9448878e-05
3.7414962e-05
4.1868449e-05
2.7740577e-05
3.132079e-05
1.6806448e-05
2.3808056e-05
1.1463585e-05
2.3195631e-05
1.0733412e-05
1.324846e-05
2.5197993e-06
1.0534952e-05
5.4475173e-07
2.993525e-06
-8.133168e-06
-1.6695624e-06
-1.2459794e-05
-5.1161681e-06
-1.6437275e-05
-1.3173731e-05
-2.1677855e-05
-1.4548918e-05
-2.1485032e-05
-1.8156183e-05
-2.6244849e-05
-2.2039445e-05
-2.6678798e-05
-1.8882936e-05
-2.787695e-05
-2.3650528e-05
-3.0858888e-05
-2.4259976e-05
-2.9016995e-05
-2.3816215e-05
-3.1870186e-05
-2.6577729e-05
-2.9696246e-05
-2.5494759e-05
-2.9429162e-05
-2.6714057e-05
-3.1075988e-05
-2.4355723e-05
-2.9107628e-05
-2.4317884e-05
-2.5829681e-05
-3.3003707e-05
-5.3318163e-05
-4.9394555e-05
-0.00019785189
0.25604094
0.19239427
0.16926823
0.15129318
0.13162432
0.1152067
0.10213492
0.09122288
0.08197117
0.074088233
0.067354836
0.061458825
0.056298613
0.051684506
0.0475751
0.043846668
0.040495055
0.037434109
0.034656295
0.03211355
0.02979619
0.027662473
0.025706394
0.023903103
0.022248127
0.020718123
0.019303978
0.017998653
0.016789691
0.015672024
0.014634334
0.013673191
0.01277966
0.011949988
0.011177
0.010459588
0.0097898712
0.0091686675
0.0085878253
0.00804884
0.0075444131
0.0070758951
0.00663874
0.0062318528
0.0058520069
0.0054949284
0.0051647008
0.0048535787
0.0045656388
0.004293826
0.0040423228
0.0038038536
0.0035830524
0.0033728578
0.00317715
0.0029920889
0.0028204351
0.0026550047
0.0025025471
0.0023550631
0.0022175621
0.0020882232
0.0019629741
0.0018487333
0.0017404971
0.0016401564
0.0015404449
0.0014504859
0.001362393
0.0012792349
0.0012005692
0.0011269485
0.0010548287
0.00098596404
0.00092152448
0.00086023543
0.00080168178
0.00074651489
0.00069284638
0.00064082117
0.00059528518
0.00055140406
0.00050742716
0.00046742023
0.00042852907
0.00039324244
0.00035929653
0.00032970785
0.00030113254
0.0002767336
0.00025294682
0.00023198668
0.00021253097
0.00019565598
0.00018037701
0.0001667039
0.00015342749
0.00014338015
0.00013203033
0.000123574
0.0001139604
0.000107671
9.9497131e-05
9.3516706e-05
8.5720421e-05
8.0426443e-05
7.3382017e-05
6.8431349e-05
6.1427653e-05
5.6870685e-05
5.3982607e-05
5.2216554e-05
4.6322827e-05
4.1776655e-05
3.5679204e-05
3.0613783e-05
2.8035676e-05
2.787771e-05
2.7593153e-05
2.368294e-05
1.7226523e-05
1.6046009e-05
1.462638e-05
1.2683857e-05
6.7216826e-06
3.5183986e-06
1.7903039e-06
3.7299827e-07
-1.6561913e-06
-5.7163694e-06
-9.8716566e-06
-1.0643755e-05
-1.1405626e-05
-9.5010827e-06
-1.5164807e-05
-1.6912871e-05
-1.9188175e-05
-1.7788791e-05
-1.5509644e-05
-1.950058e-05
-2.1096704e-05
-2.2471383e-05
-2.1765284e-05
-1.9730011e-05
-2.1550297e-05
-2.4085607e-05
-2.4381972e-05
-2.2639086e-05
-2.292311e-05
-2.2951104e-05
-2.4771086e-05
-2.4505498e-05
-2.2501848e-05
-2.2190936e-05
-2.2602465e-05
-2.0542922e-05
-3.1401578e-05
-4.8726934e-05
-4.465754e-05
-0.0001934742
0.25613441
0.19237841
0.16926078
0.15128126
0.13161885
0.11519237
0.10212364
0.091211605
0.081951837
0.074078648
0.067334174
0.061450234
0.056280743
0.051677281
0.047562491
0.043840843
0.04048686
0.037429636
0.034651645
0.032110257
0.02979338
0.027660138
0.025704468
0.023901546
0.022246823
0.020717058
0.019303159
0.017998001
0.01678921
0.015671536
0.0146342
0.013673068
0.012779614
0.011950005
0.011177451
0.01045973
0.0097905213
0.0091689002
0.0085886112
0.0080491621
0.0075452874
0.0070765293
0.0066394098
0.0062329903
0.0058525215
0.0054964098
0.0051653255
0.0048553936
0.0045664242
0.0042960398
0.0040432799
0.0038064555
0.0035843763
0.0033757749
0.0031796956
0.0029951942
0.0028218622
0.0026581493
0.0025039344
0.0023578698
0.0022196206
0.0020898838
0.0019655588
0.0018498934
0.0017428732
0.0016411371
0.0015424919
0.0014513022
0.0013640598
0.0012798836
0.0012013533
0.0011274259
0.0010552198
0.00098626962
0.00092174528
0.0008603737
0.00080173942
0.00074649452
0.00069275105
0.00064065422
0.00059504966
0.00055080886
0.00050706669
0.00046646194
0.00042805869
0.00039205092
0.00035873115
0.00032831541
0.00030029732
0.00027517097
0.00025173046
0.00023028295
0.00021098555
0.00019383775
0.00017855807
0.00016479613
0.00015258573
0.0001415521
0.00013118316
0.00012193119
0.00011307773
0.00010600496
9.8606373e-05
9.1840297e-05
8.482799e-05
7.8751089e-05
7.2493402e-05
6.6766707e-05
6.0547693e-05
5.5224517e-05
5.3115434e-05
5.0949408e-05
4.5471707e-05
4.019057e-05
3.4846713e-05
2.9181173e-05
2.7172062e-05
2.8391087e-05
2.6952024e-05
2.2221784e-05
1.6412377e-05
1.5251927e-05
1.3970904e-05
1.1318783e-05
6.0122423e-06
2.2168791e-06
9.0271678e-07
1.1922521e-07
-2.2982694e-06
-6.9248518e-06
-1.0495339e-05
-1.1315118e-05
-1.202659e-05
-9.1969349e-06
-1.5753357e-05
-1.7969916e-05
-1.9752563e-05
-1.8788256e-05
-1.5718926e-05
-2.0561033e-05
-2.1641897e-05
-2.3173676e-05
-2.2237885e-05
-1.9479151e-05
-2.2069947e-05
-2.448695e-05
-2.4786391e-05
-2.3252019e-05
-2.3021225e-05
-2.3605093e-05
-2.5140017e-05
-2.4787197e-05
-2.2852833e-05
-2.1989478e-05
-2.2953322e-05
-2.0752369e-05
-3.1704675e-05
-4.9546604e-05
-4.1930581e-05
-0.00019227971
0.25624677
0.19237481
0.16925854
0.15127896
0.13161824
0.11519025
0.10212134
0.091210662
0.081947198
0.074076909
0.06732968
0.061448338
0.056276926
0.051675566
0.047559636
0.043839301
0.040484794
0.037428332
0.034650344
0.03210926
0.029792412
0.027659303
0.025703756
0.023900944
0.022246241
0.020716519
0.019302712
0.017997583
0.016788862
0.015671227
0.014633919
0.013672839
0.01277941
0.01194982
0.011177369
0.010459612
0.0097905151
0.0091688201
0.0085886484
0.0080490878
0.007545383
0.0070765041
0.0066394807
0.0062331166
0.0058525275
0.0054966095
0.0051653506
0.0048556495
0.0045664853
0.0042963793
0.0040433788
0.0038068743
0.0035845681
0.0033762704
0.0031801345
0.0029957489
0.0028221055
0.0026587386
0.0025041923
0.0023584064
0.0022201479
0.0020900933
0.0019661864
0.0018501226
0.0017433949
0.0016413715
0.0015429477
0.0014515133
0.0013644383
0.0012800594
0.0012015557
0.0011275609
0.0010553329
0.00098636002
0.00092181246
0.00086041819
0.00080176102
0.00074649371
0.00069272847
0.00064061089
0.00059498608
0.00055067289
0.00050696663
0.00046624024
0.000427927
0.00039177434
0.00035857265
0.00032799236
0.00030008027
0.0002748089
0.00025143402
0.00022988921
0.00021062142
0.00019341856
0.00017813808
0.00016435759
0.00015235443
0.00014107617
0.00013094454
0.00012141245
0.00011283758
0.00010547979
9.8365021e-05
9.131252e-05
8.4586989e-05
7.8224346e-05
7.2254142e-05
6.6243908e-05
6.0311411e-05
5.4706654e-05
5.2883283e-05
5.0556928e-05
4.5244112e-05
3.9693691e-05
3.4624256e-05
2.8814256e-05
2.6889121e-05
2.8408154e-05
2.6773168e-05
2.1764948e-05
1.6169756e-05
1.4878833e-05
1.3714843e-05
1.0856388e-05
5.823816e-06
1.8187695e-06
5.1155461e-07
-1.0374096e-07
-2.4690854e-06
-7.3023907e-06
-1.0655626e-05
-1.159228e-05
-1.2196837e-05
-9.3237734e-06
-1.5919948e-05
-1.8302778e-05
-1.9928497e-05
-1.9104404e-05
-1.5874971e-05
-2.0955957e-05
-2.1830455e-05
-2.3474699e-05
-2.240311e-05
-1.9526558e-05
-2.2269387e-05
-2.4631736e-05
-2.4884198e-05
-2.3505337e-05
-2.3048847e-05
-2.3822019e-05
-2.5239055e-05
-2.4892818e-05
-2.2972932e-05
-2.2009071e-05
-2.3075945e-05
-2.0964091e-05
-3.178377e-05
-5.0024286e-05
-3.8889556e-05
-0.00019068643
0.256375
0.19237442
0.16925731
0.15127929
0.13161907
0.11519163
0.10212191
0.09121188
0.081947377
0.074077081
0.067329886
0.061448214
0.056276979
0.051675322
0.047559354
0.043838875
0.040484322
0.037427829
0.034649893
0.032108839
0.029791879
0.027658823
0.025703316
0.023900557
0.022245802
0.020716073
0.019302321
0.017997184
0.016788515
0.01567088
0.014633601
0.013672537
0.012779132
0.011949552
0.011177116
0.010459399
0.0097903086
0.0091686391
0.0085884568
0.0080489116
0.0075452166
0.00707632
0.006639351
0.0062329506
0.0058523839
0.0054964465
0.0051651991
0.004855466
0.0045663368
0.004296194
0.0040432332
0.0038066846
0.0035844318
0.0033760945
0.0031799884
0.0029956015
0.002822023
0.002658629
0.0025041534
0.0023583242
0.0022201888
0.0020900198
0.0019662066
0.0018501564
0.0017434012
0.0016414249
0.0015429767
0.0014515754
0.0013644757
0.00128012
0.001201609
0.0011276142
0.0010553803
0.00098640061
0.00092184494
0.00086044268
0.00080177661
0.00074650032
0.00069272595
0.0006405997
0.00059496609
0.0005506545
0.00050693094
0.00046621213
0.00042787799
0.00039173748
0.00035851278
0.00032794902
0.00030001706
0.00027476036
0.00025137248
0.00022983734
0.0002105625
0.00019336417
0.00017808194
0.00016430198
0.00015226922
0.00014101259
0.00013085724
0.00012133694
0.00011275083
0.00010540438
9.8278573e-05
9.123758e-05
8.4501277e-05
7.8150376e-05
7.2169605e-05
6.6171136e-05
6.0228396e-05
5.4633614e-05
5.2802144e-05
5.0499952e-05
4.5164775e-05
3.9625979e-05
3.4546946e-05
2.8864202e-05
2.6756003e-05
2.832778e-05
2.6690813e-05
2.1703655e-05
1.609185e-05
1.4695545e-05
1.3527408e-05
1.0771457e-05
5.7587982e-06
1.7767695e-06
2.8987334e-07
-2.0571075e-07
-2.5314267e-06
-7.3529167e-06
-1.0700732e-05
-1.16732e-05
-1.2237103e-05
-9.6202299e-06
-1.5980313e-05
-1.8349339e-05
-2.0010319e-05
-1.9152016e-05
-1.6058395e-05
-2.1039356e-05
-2.191705e-05
-2.357333e-05
-2.2482211e-05
-1.9650601e-05
-2.2374974e-05
-2.4644076e-05
-2.490611e-05
-2.3578039e-05
-2.3084008e-05
-2.38597e-05
-2.5270149e-05
-2.4929001e-05
-2.3038485e-05
-2.2069847e-05
-2.3122111e-05
-2.1235603e-05
-3.1810035e-05
-5.023525e-05
-3.5617583e-05
-0.00018904797
0.25651537
0.19237393
0.16925675
0.15127948
0.13162008
0.11519302
0.10212285
0.091212684
0.081947862
0.074077164
0.06732996
0.061448012
0.056276776
0.051674975
0.047558839
0.04383833
0.040483676
0.037427203
0.034649323
0.03210832
0.029791233
0.027658239
0.025702787
0.023900091
0.022245279
0.020715546
0.019301857
0.017996717
0.016788106
0.015670469
0.014633234
0.013672187
0.01277881
0.011949244
0.011176832
0.010459156
0.009790081
0.0091684327
0.0085882486
0.008048723
0.00754502
0.0070761458
0.0066391892
0.0062327832
0.0058522245
0.0054962837
0.0051650327
0.0048552858
0.0045661762
0.0042960187
0.0040430787
0.0038065112
0.0035842862
0.0033759429
0.0031798618
0.0029954864
0.0028219494
0.0026585589
0.002504127
0.0023582975
0.0022202073
0.002090043
0.0019662317
0.0018502332
0.0017434525
0.0016415071
0.0015430503
0.0014516654
0.0013645532
0.0012802057
0.0012016875
0.0011276887
0.0010554466
0.00098645732
0.00092189067
0.00086047746
0.00080179937
0.00074651091
0.00069272424
0.00064058628
0.00059494072
0.00055062148
0.0005068841
0.00046616193
0.00042781262
0.00039167169
0.00035843199
0.00032787087
0.00029992591
0.00027467199
0.00025127513
0.00022974148
0.00021046097
0.00019326247
0.00017797767
0.00016419644
0.00015214942
0.00014090521
0.00013073507
0.00012122882
0.00011262736
0.00010529574
9.8154855e-05
9.1128944e-05
8.4377996e-05
7.8042568e-05
7.2047422e-05
6.6064603e-05
6.0107937e-05
5.4527492e-05
5.2684025e-05
5.0395407e-05
4.5048875e-05
3.9525658e-05
3.4433851e-05
2.8869192e-05
2.6601256e-05
2.8226826e-05
2.6576412e-05
2.1611948e-05
1.5996589e-05
1.4485763e-05
1.3291227e-05
1.0675358e-05
5.6625242e-06
1.707161e-06
7.0295575e-08
-2.9881415e-07
-2.6247518e-06
-7.4291031e-06
-1.0771477e-05
-1.1764126e-05
-1.2294817e-05
-9.9859542e-06
-1.6061711e-05
-1.8418072e-05
-2.0109079e-05
-1.922292e-05
-1.6272201e-05
-2.1109705e-05
-2.2016627e-05
-2.3662741e-05
-2.2569686e-05
-1.9802031e-05
-2.2493796e-05
-2.466868e-05
-2.4943785e-05
-2.3643003e-05
-2.3125307e-05
-2.3909043e-05
-2.5312207e-05
-2.499664e-05
-2.3122132e-05
-2.2130281e-05
-2.3157184e-05
-2.15462e-05
-3.1850183e-05
-5.0343647e-05
-3.224158e-05
-0.00018755794
0.25666444
0.19237334
0.16925911
0.15127961
0.13162134
0.11519456
0.10212405
0.091213561
0.081948381
0.074077374
0.067329835
0.06144778
0.056276382
0.051674561
0.047558132
0.043837682
0.040482861
0.037426461
0.034648621
0.032107695
0.029790468
0.027657551
0.025702155
0.023899535
0.022244663
0.02071493
0.019301311
0.017996172
0.016787627
0.015669992
0.014632807
0.01367178
0.012778435
0.011948888
0.011176509
0.010458872
0.0097898246
0.0091681923
0.0085880193
0.0080485037
0.0075448041
0.0070759555
0.0066390031
0.0062326039
0.0058520444
0.0054961122
0.0051648459
0.0048550996
0.0045659969
0.0042958424
0.0040429083
0.0038063425
0.0035841303
0.0033758039
0.0031797461
0.0029953926
0.0028218805
0.0026585186
0.0025041117
0.0023583096
0.0022202414
0.0020901062
0.0019663006
0.0018503298
0.0017435553
0.0016416176
0.0015431691
0.0014517858
0.0013646723
0.0012803204
0.0012017961
0.0011277887
0.0010555363
0.00098653485
0.00092195433
0.00086052721
0.00080183393
0.00074653011
0.00069272785
0.00064057492
0.00059491424
0.00055058058
0.0005068301
0.00046609518
0.00042773464
0.00039158269
0.00035833387
0.00032776376
0.00029981105
0.00027454976
0.00025114688
0.00022960778
0.00021032248
0.00019311961
0.00017783143
0.00016404718
0.00015199823
0.0001407518
0.00013058032
0.00012107323
0.00011247038
0.00010513865
9.7997036e-05
9.0971369e-05
8.4220317e-05
7.7885624e-05
7.1890789e-05
6.5909021e-05
5.9953152e-05
5.4372716e-05
5.2531792e-05
5.0243464e-05
4.4899363e-05
3.9378049e-05
3.4287807e-05
2.881239e-05
2.6426208e-05
2.8100164e-05
2.6433754e-05
2.1476148e-05
1.587167e-05
1.4240531e-05
1.301479e-05
1.0545913e-05
5.5372496e-06
1.596355e-06
-1.7697076e-07
-4.3007357e-07
-2.7451261e-06
-7.5424525e-06
-1.0868023e-05
-1.1884893e-05
-1.2384575e-05
-1.0372772e-05
-1.6165145e-05
-1.8519809e-05
-2.0223813e-05
-1.93236e-05
-1.6512004e-05
-2.1204163e-05
-2.2140297e-05
-2.3764729e-05
-2.2670462e-05
-1.99756e-05
-2.2637971e-05
-2.4719054e-05
-2.4999299e-05
-2.3721043e-05
-2.3166836e-05
-2.397886e-05
-2.5367031e-05
-2.5092292e-05
-2.3227298e-05
-2.2193913e-05
-2.3189304e-05
-2.1889453e-05
-3.190361e-05
-5.0473421e-05
-2.8891465e-05
-0.00018636436
0.25681955
0.19237297
0.16926418
0.15127983
0.13162295
0.11519651
0.10212564
0.091214761
0.081949099
0.074077782
0.067329805
0.061447602
0.056276019
0.051674141
0.047557396
0.04383698
0.040481975
0.037425636
0.034647842
0.032106987
0.029789606
0.027656766
0.025701437
0.023898895
0.022243958
0.020714227
0.019300681
0.017995547
0.016787071
0.015669444
0.014632311
0.013671311
0.012778001
0.011948476
0.011176134
0.010458542
0.0097895243
0.0091679108
0.0085877515
0.0080482443
0.007544555
0.007075731
0.0066387847
0.0062323932
0.0058518331
0.0054959096
0.0051646267
0.0048548812
0.0045657855
0.0042956343
0.0040427069
0.0038061435
0.0035839471
0.0033756397
0.003179609
0.0029952813
0.0028217988
0.0026584702
0.0025040934
0.0023583238
0.0022202827
0.0020901779
0.0019663918
0.0018504388
0.0017436816
0.0016417524
0.0015433129
0.0014519329
0.0013648185
0.0012804623
0.0012019316
0.0011279147
0.0010556504
0.00098663501
0.00092203852
0.00086059518
0.00080188416
0.0007465623
0.00069274166
0.00064057102
0.00059489238
0.00055054182
0.00050677546
0.00046602531
0.00042765121
0.00039148607
0.00035822615
0.00032764524
0.00029968314
0.00027441297
0.00025100279
0.00022945695
0.00021016586
0.00019295761
0.00017766527
0.00016387723
0.00015182566
0.000140576
0.00013040313
0.00012089374
0.00011229024
0.00010495705
9.7815572e-05
9.0788801e-05
8.4038675e-05
7.7703468e-05
7.1710025e-05
6.5728191e-05
5.9774248e-05
5.419265e-05
5.2355698e-05
5.0067479e-05
4.4726105e-05
3.9205752e-05
3.4118305e-05
2.8719994e-05
2.6242811e-05
2.7946269e-05
2.6268969e-05
2.1317021e-05
1.5722813e-05
1.3969957e-05
1.2715781e-05
1.0396606e-05
5.3910665e-06
1.4626296e-06
-4.5425741e-07
-6.0651695e-07
-2.8842081e-06
-7.6759556e-06
-1.0982573e-05
-1.2029033e-05
-1.2500838e-05
-1.0765059e-05
-1.628498e-05
-1.863959e-05
-2.0350082e-05
-1.9437148e-05
-1.6773143e-05
-2.1315194e-05
-2.2286073e-05
-2.3878211e-05
-2.2780627e-05
-2.0167618e-05
-2.2804838e-05
-2.47882e-05
-2.5071447e-05
-2.3809013e-05
-2.3211791e-05
-2.4060619e-05
-2.543352e-05
-2.5206349e-05
-2.3351094e-05
-2.2265102e-05
-2.3226996e-05
-2.2262092e-05
-3.1967168e-05
-5.0700024e-05
-2.5710265e-05
-0.0001855804
0.25697808
0.19237281
0.1692695
0.15128017
0.13162493
0.1151989
0.10212761
0.091216313
0.081950087
0.074078398
0.06732991
0.061447497
0.056275716
0.051673735
0.047556624
0.043836233
0.04048101
0.037424732
0.034646965
0.03210619
0.029788639
0.027655885
0.025700616
0.023898162
0.022243154
0.02071343
0.019299961
0.017994837
0.016786434
0.015668819
0.014631744
0.013670774
0.012777503
0.011948005
0.011175704
0.01045816
0.0097891766
0.0091675843
0.0085874416
0.0080479438
0.0075442688
0.0070754694
0.0066385314
0.0062321478
0.0058515886
0.0054956726
0.005164373
0.0048546276
0.0045655392
0.0042953909
0.0040424715
0.0038059107
0.0035837332
0.0033754468
0.0031794472
0.0029951498
0.0028217028
0.0026584118
0.002504072
0.0023583394
0.0022203319
0.0020902602
0.0019665012
0.0018505679
0.0017438304
0.0016419155
0.0015434847
0.0014521107
0.0013649955
0.0012806358
0.0012020983
0.0011280711
0.0010557938
0.00098676264
0.00092214802
0.00086068605
0.00080195464
0.00074661198
0.00069276995
0.00064057862
0.0005948791
0.00055050894
0.00050672369
0.00046595599
0.00042756547
0.00039138526
0.00035811166
0.00032751849
0.00029954477
0.00027426455
0.00025084532
0.00022929182
0.0002099936
0.00019277911
0.00017748166
0.0001636891
0.00015163352
0.00014038075
0.00013020529
0.00012069387
0.00011208867
0.00010475438
9.7612114e-05
9.0584794e-05
8.3834706e-05
7.7499609e-05
7.1506782e-05
6.5525535e-05
5.9572829e-05
5.3990408e-05
5.2157065e-05
4.9870109e-05
4.4530561e-05
3.9011963e-05
3.3926663e-05
2.8598049e-05
2.6051706e-05
2.7767409e-05
2.6081697e-05
2.1137391e-05
1.5550293e-05
1.3677215e-05
1.2404999e-05
1.0228058e-05
5.2249597e-06
1.3086314e-06
-7.6103606e-07
-8.2316049e-07
-3.0403189e-06
-7.8274488e-06
-1.111404e-05
-1.2194948e-05
-1.2639624e-05
-1.1161185e-05
-1.6421024e-05
-1.877578e-05
-2.0487656e-05
-1.9562931e-05
-1.7050202e-05
-2.1438664e-05
-2.2452898e-05
-2.40055e-05
-2.2899459e-05
-2.0373796e-05
-2.2991873e-05
-2.4873949e-05
-2.5162787e-05
-2.3907944e-05
-2.3264224e-05
-2.4153435e-05
-2.551309e-05
-2.5335539e-05
-2.3492749e-05
-2.2344149e-05
-2.3283714e-05
-2.266121e-05
-3.2040805e-05
-5.1031736e-05
-2.2874712e-05
-0.00018526797
0.25713751
0.19237305
0.16927374
0.15128057
0.13162728
0.11520175
0.10213002
0.091218215
0.08195136
0.074079207
0.067330176
0.061447477
0.05627546
0.051673331
0.047555826
0.043835434
0.040479972
0.037423741
0.034646002
0.032105298
0.029787566
0.027654896
0.025699696
0.023897331
0.022242251
0.020712536
0.019299145
0.017994038
0.016785711
0.015668114
0.0146311
0.013670166
0.012776938
0.011947471
0.011175215
0.010457722
0.0097887786
0.0091672101
0.0085870867
0.0080476003
0.0075439421
0.0070751687
0.0066382409
0.0062318659
0.0058513082
0.0054953996
0.0051640824
0.0048543371
0.0045652557
0.0042951106
0.0040422001
0.0038056431
0.0035834868
0.0033752248
0.0031792606
0.0029949982
0.0028215923
0.0026583447
0.0025040479
0.002358358
0.0022203902
0.0020903567
0.0019666303
0.001850721
0.0017440058
0.0016421097
0.0015436895
0.0014523231
0.0013652084
0.0012808456
0.001202301
0.0011282629
0.0010559712
0.00098692245
0.00092228755
0.00086080439
0.00080204978
0.00074668333
0.00069281672
0.00064060154
0.0005948779
0.00055048499
0.00050667781
0.00046588964
0.00042747993
0.00039128212
0.00035799247
0.00032738493
0.00029939762
0.00027410561
0.00025067581
0.00022911319
0.00020980664
0.00019258483
0.00017728136
0.00016348345
0.00015142305
0.00014016662
0.00012998796
0.00012047414
0.00011186674
0.00010453117
9.7387729e-05
9.0359694e-05
8.3609408e-05
7.7274355e-05
7.1281957e-05
6.530135e-05
5.9349759e-05
5.3766457e-05
5.1936929e-05
4.9651364e-05
4.4313537e-05
3.8796865e-05
3.3713525e-05
2.8447251e-05
2.5848041e-05
2.7565426e-05
2.5872143e-05
2.0937324e-05
1.5352798e-05
1.3364406e-05
1.2089146e-05
1.0039952e-05
5.0394215e-06
1.1347062e-06
-1.0941849e-06
-1.0723637e-06
-3.2134833e-06
-7.9970759e-06
-1.1262278e-05
-1.2385548e-05
-1.2796791e-05
-1.1561229e-05
-1.65736e-05
-1.892871e-05
-2.0637243e-05
-1.970324e-05
-1.7337631e-05
-2.1572827e-05
-2.2641584e-05
-2.4148469e-05
-2.3027408e-05
-2.0591589e-05
-2.3196457e-05
-2.4976604e-05
-2.5274748e-05
-2.4019353e-05
-2.3326392e-05
-2.4257942e-05
-2.5606607e-05
-2.5478143e-05
-2.3651555e-05
-2.243106e-05
-2.3372194e-05
-2.3084413e-05
-3.2124651e-05
-5.1450125e-05
-2.060291e-05
-0.00018541086
0.25729483
0.19237371
0.16927642
0.15128104
0.13163001
0.11520506
0.10213286
0.091220493
0.08195295
0.074080253
0.067330593
0.061447557
0.056275266
0.051672951
0.047554993
0.043834591
0.040478852
0.037422669
0.034644934
0.032104307
0.029786382
0.027653805
0.025698662
0.023896397
0.022241241
0.020711541
0.019298231
0.017993147
0.016784901
0.015667326
0.014630378
0.013669484
0.012776303
0.011946874
0.011174667
0.010457228
0.0097883286
0.0091667851
0.008586686
0.008047212
0.0075435739
0.0070748272
0.0066379118
0.0062315459
0.0058509909
0.0054950891
0.0051637538
0.0048540086
0.0045649336
0.0042947921
0.0040418909
0.0038053394
0.0035832065
0.0033749725
0.0031790478
0.0029948259
0.0028214668
0.0026582686
0.0025040215
0.0023583806
0.0022204586
0.0020904692
0.0019667805
0.0018509004
0.0017442112
0.0016423375
0.0015439311
0.0014525741
0.0013654614
0.0012810961
0.0012025444
0.0011284947
0.0010561876
0.00098711948
0.00092246209
0.00086095518
0.00080217451
0.00074678123
0.00069288677
0.0006406442
0.00059489315
0.0005504741
0.00050664177
0.00046582997
0.00042739815
0.00039118001
0.00035787179
0.00032724754
0.0002992445
0.00027393881
0.00025049669
0.0002289235
0.00020960725
0.00019237692
0.00017706636
0.00016326221
0.00015119624
0.00013993545
0.00012975307
0.00012023635
0.00011162635
0.00010428909
9.714422e-05
9.0115254e-05
8.3364562e-05
7.7029409e-05
7.1037341e-05
6.5057266e-05
5.9106771e-05
5.3522199e-05
5.1696724e-05
4.9412667e-05
4.4076594e-05
3.85619e-05
3.348041e-05
2.8271982e-05
2.5627469e-05
2.7341503e-05
2.5641114e-05
2.0718034e-05
1.5130383e-05
1.3033627e-05
1.1772785e-05
9.8332083e-06
4.8355034e-06
9.4203462e-07
-1.4477798e-06
-1.3460734e-06
-3.4030981e-06
-8.1840234e-06
-1.1426675e-05
-1.2605617e-05
-1.2968476e-05
-1.1964645e-05
-1.6742262e-05
-1.909773e-05
-2.0800195e-05
-1.9858909e-05
-1.7630392e-05
-2.171662e-05
-2.2852239e-05
-2.4307391e-05
-2.3164915e-05
-2.0820127e-05
-2.3415011e-05
-2.5096527e-05
-2.54063e-05
-2.414354e-05
-2.3399326e-05
-2.437422e-05
-2.5713974e-05
-2.5631986e-05
-2.3826373e-05
-2.2527399e-05
-2.3497587e-05
-2.3527675e-05
-3.2218663e-05
-5.1935737e-05
-1.9126906e-05
-0.00018589025
0.25744661
0.19237501
0.16927816
0.15128151
0.13163308
0.11520884
0.10213618
0.091223161
0.081954868
0.074081534
0.067331194
0.06144775
0.056275136
0.051672587
0.04755415
0.043833705
0.04047767
0.037421513
0.03464378
0.032103219
0.029785094
0.027652603
0.025697526
0.023895359
0.022240127
0.020710446
0.019297218
0.017992163
0.016784
0.015666454
0.014629575
0.013668727
0.012775598
0.01194621
0.011174056
0.010456674
0.0097878241
0.0091663082
0.0085862371
0.0080467772
0.0075431622
0.0070744432
0.006637542
0.006231186
0.0058506347
0.0054947389
0.0051633851
0.00485364
0.0045645708
0.0042944331
0.004041542
0.0038049974
0.0035828903
0.0033746881
0.0031788075
0.0029946314
0.002821325
0.0026581826
0.002503992
0.0023584066
0.0022205373
0.0020905982
0.0019669532
0.0018511073
0.0017444487
0.0016426014
0.0015442122
0.001452867
0.0013657579
0.0012813911
0.0012028326
0.0011287712
0.0010564475
0.0009873584
0.00092267649
0.00086114324
0.00080233361
0.00074691029
0.00069298493
0.00064071117
0.000594929
0.00055048035
0.00050661948
0.00046578069
0.00042732362
0.0003910822
0.00035775272
0.00032710927
0.00029908829
0.00027376689
0.00025031072
0.0002287253
0.00020939797
0.00019215789
0.00017683919
0.00016302787
0.00015095548
0.00013968963
0.00012950292
0.00011998275
0.00011136973
0.00010403043
9.6883814e-05
8.9853594e-05
8.3102323e-05
7.676684e-05
7.077498e-05
6.4795317e-05
5.8845834e-05
5.3259826e-05
5.1438624e-05
4.9155916e-05
4.3821625e-05
3.8308892e-05
3.32291e-05
2.8077377e-05
2.5387772e-05
2.70973e-05
2.5389924e-05
2.0481099e-05
1.4885118e-05
1.268501e-05
1.1458942e-05
9.6092971e-06
4.6145936e-06
7.3199398e-07
-1.8141186e-06
-1.6363442e-06
-3.608525e-06
-8.3871918e-06
-1.1606355e-05
-1.2857688e-05
-1.3154347e-05
-1.237121e-05
-1.6926194e-05
-1.9281659e-05
-2.0977219e-05
-2.0029552e-05
-1.7924957e-05
-2.1870257e-05
-2.3084186e-05
-2.4481506e-05
-2.331263e-05
-2.1059325e-05
-2.364464e-05
-2.5233595e-05
-2.555472e-05
-2.4279697e-05
-2.3483471e-05
-2.4502033e-05
-2.5834547e-05
-2.5794457e-05
-2.4015583e-05
-2.2634804e-05
-2.3651334e-05
-2.3983634e-05
-3.2322614e-05
-5.2468646e-05
-1.8614132e-05
-0.00018648331
0.25758899
0.19237695
0.16927919
0.15128194
0.13163648
0.11521309
0.10213997
0.091226244
0.081957141
0.074083089
0.067331973
0.061448071
0.05627509
0.051672267
0.047553289
0.043832789
0.040476418
0.037420287
0.034642526
0.032102034
0.029783696
0.027651301
0.025696276
0.023894215
0.022238906
0.020709248
0.019296106
0.017991084
0.016783009
0.015665497
0.014628693
0.013667893
0.012774822
0.01194548
0.011173384
0.01045606
0.0097872646
0.0091657776
0.0085857398
0.0080462948
0.0075427067
0.0070740157
0.006637131
0.0062307852
0.0058502389
0.0054943483
0.0051629756
0.0048532306
0.0045641663
0.0042940326
0.004041152
0.0038046162
0.0035825372
0.0033743704
0.0031785382
0.0029944137
0.0028211662
0.0026580861
0.0025039594
0.0023584363
0.0022206267
0.0020907444
0.0019671495
0.0018513434
0.0017447207
0.001642904
0.0015445357
0.0014532051
0.0013661018
0.0012817348
0.0012031702
0.0011290969
0.0010567559
0.00098764441
0.00092293597
0.00086137392
0.00080253247
0.00074707575
0.00069311672
0.00064080779
0.00059499029
0.00055050869
0.00050661575
0.00046574642
0.00042726076
0.00039099299
0.00035763934
0.00032697405
0.00029893268
0.00027359342
0.00025012123
0.00022852191
0.00020918195
0.00019193078
0.00017660274
0.00016278326
0.00015070358
0.00013943192
0.00012924024
0.00011971611
0.00011109956
0.00010375779
9.6609095e-05
8.9577379e-05
8.282524e-05
7.6489259e-05
7.0497418e-05
6.4518032e-05
5.8569444e-05
5.2981581e-05
5.1164768e-05
4.8883477e-05
4.3550907e-05
3.8040133e-05
3.296186e-05
2.7862428e-05
2.5128688e-05
2.6834929e-05
2.5119762e-05
2.0228506e-05
1.4621224e-05
1.2312973e-05
1.1148287e-05
9.3699039e-06
4.3783195e-06
5.0619513e-07
-2.1858311e-06
-1.9368054e-06
-3.8280337e-06
-8.6051384e-06
-1.1800567e-05
-1.313989e-05
-1.3356381e-05
-1.2781294e-05
-1.7124233e-05
-1.9479031e-05
-2.1168013e-05
-2.0214512e-05
-1.8219145e-05
-2.2034723e-05
-2.333446e-05
-2.4669176e-05
-2.3470579e-05
-2.1308797e-05
-2.3883408e-05
-2.5386886e-05
-2.5716929e-05
-2.4426893e-05
-2.3579052e-05
-2.4640899e-05
-2.5967461e-05
-2.5962028e-05
-2.4217181e-05
-2.2753924e-05
-2.3812342e-05
-2.443548e-05
-3.2436284e-05
-5.3028458e-05
-1.9075954e-05
-0.00018691898
0.25771854
0.19237971
0.16927944
0.15128221
0.13164013
0.1152178
0.10214424
0.091229754
0.081959777
0.074084914
0.067332964
0.061448537
0.056275135
0.051671986
0.047552441
0.043831847
0.040475119
0.037418991
0.034641194
0.032100759
0.029782202
0.027649895
0.025694925
0.023892968
0.022237582
0.020707952
0.019294895
0.017989914
0.016781927
0.015664455
0.01462773
0.013666984
0.012773973
0.011944682
0.011172649
0.010455385
0.009786649
0.0091651932
0.0085851927
0.0080457644
0.0075422061
0.0070735438
0.0066366777
0.0062303425
0.0058498021
0.005493916
0.0051625239
0.0048527788
0.0045637188
0.004293589
0.0040407196
0.003804194
0.0035821455
0.0033740177
0.0031782386
0.0029941712
0.002820989
0.0026579782
0.0025039228
0.0023584692
0.0022207267
0.0020909083
0.00196737
0.0018516098
0.0017450285
0.0016432471
0.0015449041
0.0014535914
0.0013664964
0.001282131
0.0012035612
0.0011294763
0.0010571176
0.00098798241
0.0009232457
0.00086165247
0.0008027764
0.00074728264
0.00069328685
0.00064093978
0.00059508164
0.00055056415
0.00050663533
0.00046573174
0.00042721398
0.00039091652
0.00035753563
0.00032684568
0.00029878138
0.00027342196
0.00024993172
0.00022831664
0.00020896249
0.00019169885
0.00017636029
0.00016253158
0.00015044368
0.00013916541
0.00012896807
0.00011943936
0.00011081881
0.00010347416
9.6322996e-05
8.9289412e-05
8.2536162e-05
7.6199398e-05
7.0207378e-05
6.4228087e-05
5.8280247e-05
5.2690311e-05
5.0877995e-05
4.8597895e-05
4.3266979e-05
3.7758069e-05
3.2681139e-05
2.7604858e-05
2.4852084e-05
2.6557435e-05
2.4832425e-05
1.9962378e-05
1.4343905e-05
1.1906045e-05
1.0838742e-05
9.1170156e-06
4.1285991e-06
2.6622715e-07
-2.5572845e-06
-2.2437687e-06
-4.0602112e-06
-8.8363251e-06
-1.2009416e-05
-1.3446763e-05
-1.3572565e-05
-1.3196215e-05
-1.7335111e-05
-1.9688292e-05
-2.1371456e-05
-2.041287e-05
-1.8512372e-05
-2.2211743e-05
-2.3598821e-05
-2.4868009e-05
-2.3638459e-05
-2.1567784e-05
-2.4130122e-05
-2.5554822e-05
-2.5891233e-05
-2.4584076e-05
-2.3685989e-05
-2.4790286e-05
-2.6111731e-05
-2.6130185e-05
-2.442855e-05
-2.2884193e-05
-2.3963569e-05
-2.4856375e-05
-3.255946e-05
-5.3595272e-05
-2.0339106e-05
-0.00018694265
0.25783506
0.19238332
0.16927874
0.15128224
0.13164394
0.11522292
0.10214899
0.091233715
0.081962796
0.074087046
0.067334162
0.061449164
0.056275289
0.051671774
0.0475516
0.043830897
0.040473772
0.037417641
0.034639775
0.032099397
0.02978061
0.027648397
0.025693466
0.02389162
0.022236156
0.020706558
0.019293588
0.017988652
0.016780759
0.015663331
0.014626689
0.013665999
0.012773055
0.011943819
0.011171852
0.010454649
0.0097859779
0.0091645544
0.0085845963
0.0080451858
0.0075416609
0.0070730274
0.006636182
0.0062298578
0.0058493244
0.0054934417
0.0051620299
0.0048522846
0.0045632277
0.0042931017
0.0040402439
0.0038037301
0.0035817145
0.0033736293
0.0031779077
0.0029939033
0.0028207928
0.002657858
0.0025038817
0.0023585049
0.0022208373
0.0020910899
0.0019676156
0.0018519077
0.0017453738
0.0016436331
0.0015453198
0.0014540289
0.0013669452
0.0012825836
0.00120401
0.0011299142
0.0010575376
0.00098837784
0.00092361131
0.00086198472
0.00080307137
0.00074753731
0.00069349729
0.00064111353
0.00059520877
0.00055065281
0.00050668393
0.00046574222
0.00042718864
0.00039085804
0.00035744664
0.00032672901
0.00029863901
0.00027325698
0.00024974646
0.00022811372
0.00020874361
0.000191466
0.00017611554
0.00016227648
0.00015017939
0.00013889366
0.00012868995
0.00011915606
0.00011053093
0.0001031829
9.6028872e-05
8.899311e-05
8.22384e-05
7.5900616e-05
6.990816e-05
6.3928755e-05
5.7981466e-05
5.2388993e-05
5.0581154e-05
4.8302234e-05
4.297281e-05
3.7465666e-05
3.2389934e-05
2.7263737e-05
2.4561778e-05
2.6268115e-05
2.4530239e-05
1.9685331e-05
1.4059031e-05
1.1456015e-05
1.0526656e-05
8.8528964e-06
3.8676265e-06
1.3707583e-08
-2.9269423e-06
-2.5567677e-06
-4.3034763e-06
-9.0787958e-06
-1.2234105e-05
-1.3769964e-05
-1.379723e-05
-1.3617848e-05
-1.7557247e-05
-1.9907991e-05
-2.1586159e-05
-2.0623628e-05
-1.8804938e-05
-2.2402397e-05
-2.3871169e-05
-2.5075423e-05
-2.3815508e-05
-2.1834891e-05
-2.4383218e-05
-2.573539e-05
-2.6077732e-05
-2.4750279e-05
-2.3803937e-05
-2.4949447e-05
-2.6266226e-05
-2.6293343e-05
-2.4646861e-05
-2.3025049e-05
-2.4103732e-05
-2.5217271e-05
-3.2692617e-05
-5.4151013e-05
-2.2099095e-05
-0.00018641948
0.25794523
0.1923881
0.169277
0.15128185
0.1316478
0.11522843
0.10215422
0.091238127
0.081966205
0.074089485
0.067335603
0.061449969
0.056275563
0.051671631
0.0475508
0.043829945
0.040472403
0.037416241
0.034638297
0.03209796
0.029778937
0.027646808
0.025691919
0.023890179
0.022234636
0.020705072
0.019292189
0.017987304
0.016779505
0.015662127
0.01462557
0.013664942
0.012772068
0.01194289
0.011170994
0.010453854
0.0097852513
0.0091638627
0.0085839504
0.0080445594
0.0075410706
0.0070724666
0.0066356434
0.0062293306
0.0058488051
0.0054929247
0.0051614928
0.0048517471
0.0045626922
0.0042925697
0.0040397239
0.0038032232
0.0035812427
0.0033732037
0.0031775443
0.0029936084
0.0028205761
0.0026577244
0.002503835
0.0023585427
0.002220958
0.0020912892
0.0019678863
0.0018522375
0.0017457576
0.0016440632
0.001545785
0.0014545202
0.0013674512
0.0012830962
0.0012045207
0.001130415
0.0010580209
0.0009888359
0.00092403835
0.00086237644
0.00080342333
0.0007478487
0.00069373711
0.00064133428
0.00059537795
0.00055078132
0.00050676728
0.00046578345
0.00042719017
0.00039082272
0.00035737735
0.00032662884
0.00029851026
0.000273103
0.00024956991
0.00022791738
0.00020852953
0.00019123636
0.00017587265
0.00016202204
0.00014991469
0.00013862059
0.00012840972
0.00011886996
0.00011023969
0.0001028878
9.5730444e-05
8.869206e-05
8.1935572e-05
7.559641e-05
6.9603239e-05
6.3623451e-05
5.767647e-05
5.2081252e-05
5.0277829e-05
4.7999734e-05
4.2671651e-05
3.7166061e-05
3.2091408e-05
2.6804997e-05
2.4258746e-05
2.5970777e-05
2.4216331e-05
1.940012e-05
1.3772219e-05
1.0966946e-05
1.0210534e-05
8.5801374e-06
3.5978999e-06
-2.498487e-07
-3.299317e-06
-2.8782905e-06
-4.5566708e-06
-9.3305051e-06
-1.2476687e-05
-1.4099984e-05
-1.4027835e-05
-1.404855e-05
-1.7788957e-05
-2.0137436e-05
-2.1810429e-05
-2.0845418e-05
-1.9097999e-05
-2.2606325e-05
-2.4145414e-05
-2.5288686e-05
-2.4001105e-05
-2.2108344e-05
-2.4641028e-05
-2.5927105e-05
-2.6277198e-05
-2.492432e-05
-2.3932408e-05
-2.5117565e-05
-2.6429764e-05
-2.6447253e-05
-2.4869405e-05
-2.3175922e-05
-2.4241059e-05
-2.550189e-05
-3.2837161e-05
-5.4679634e-05
-2.4097578e-05
-0.00018546458
0.25805847
0.19239436
0.16927394
0.1512809
0.13165154
0.11523423
0.10215989
0.091243005
0.081970017
0.074092262
0.067337282
0.06145097
0.056275977
0.051671589
0.04755004
0.043829013
0.040471015
0.037414812
0.034636753
0.032096455
0.029777184
0.027645142
0.025690275
0.023888648
0.022233024
0.020703498
0.019290704
0.017985872
0.01677817
0.015660846
0.014624379
0.013663813
0.012771015
0.011941899
0.011170078
0.010453001
0.009784471
0.0091631182
0.0085832564
0.008043886
0.0075404366
0.0070718618
0.0066350629
0.0062287615
0.0058482447
0.0054923656
0.0051609131
0.0048511665
0.0045621125
0.004291993
0.0040391594
0.0038026733
0.0035807299
0.0033727405
0.0031771474
0.0029932858
0.0028203382
0.0026575767
0.0025037822
0.0023585819
0.0022210883
0.0020915061
0.0019681823
0.0018526001
0.0017461811
0.0016445392
0.0015463016
0.0014550677
0.0013680177
0.0012836726
0.0012050974
0.0011309836
0.0010585725
0.00098936225
0.00092453279
0.00086283393
0.00080383883
0.00074823711
0.00069395192
0.00064159867
0.00059559814
0.0005509585
0.00050689214
0.00046586209
0.00042722503
0.0003908169
0.0003573339
0.00032655112
0.00029840081
0.00027296553
0.00024940731
0.00022773282
0.00020832522
0.00019101476
0.00017563626
0.00016177281
0.00014965408
0.00013835065
0.00012813177
0.00011858544
0.00010994938
0.00010259304
9.5431875e-05
8.8390472e-05
8.1631778e-05
7.5290919e-05
6.9296684e-05
6.3316217e-05
5.7369249e-05
5.1770812e-05
4.9971585e-05
4.7694206e-05
4.2367182e-05
3.6862931e-05
3.1789263e-05
2.6225307e-05
2.3938366e-05
2.5669142e-05
2.3894302e-05
1.9110005e-05
1.3488786e-05
1.0451473e-05
9.8964751e-06
8.3016582e-06
3.3221968e-06
-5.2248383e-07
-3.6830115e-06
-3.2119557e-06
-4.8173152e-06
-9.5889747e-06
-1.2738606e-05
-1.4427503e-05
-1.4265276e-05
-1.4489766e-05
-1.80282e-05
-2.0376887e-05
-2.2042382e-05
-2.1076345e-05
-1.9392882e-05
-2.2821393e-05
-2.4414809e-05
-2.5504481e-05
-2.4194334e-05
-2.2385814e-05
-2.4900925e-05
-2.6129142e-05
-2.6488764e-05
-2.5104995e-05
-2.4070761e-05
-2.5293578e-05
-2.6601176e-05
-2.6591841e-05
-2.5093605e-05
-2.3335899e-05
-2.4381311e-05
-2.5711577e-05
-3.2994714e-05
-5.5165484e-05
-2.621429e-05
-0.00018426678
0.25817097
0.19240232
0.1692694
0.15127914
0.13165493
0.11524024
0.10216599
0.09124834
0.081974229
0.074095375
0.067339234
0.061452183
0.056276543
0.051671649
0.047549354
0.043828112
0.040469634
0.037413362
0.034635173
0.032094897
0.02977537
0.027643405
0.025688559
0.023887038
0.022231333
0.020701846
0.019289138
0.017984364
0.01677676
0.015659492
0.014623118
0.013662618
0.012769898
0.011940847
0.011169105
0.010452092
0.0097836382
0.0091623235
0.0085825153
0.008043167
0.007539759
0.0070712139
0.0066344407
0.0062281509
0.0058476433
0.0054917643
0.0051602908
0.0048505427
0.0045614882
0.0042913712
0.0040385499
0.0038020793
0.0035801751
0.0033722385
0.0031767161
0.0029929341
0.0028200777
0.0026574134
0.0025037217
0.0023586215
0.0022212275
0.0020917399
0.0019685035
0.0018529955
0.0017466448
0.001645062
0.0015468714
0.0014556739
0.0013686474
0.0012843159
0.0012057442
0.0011316242
0.0010591976
0.0009899623
0.00092510054
0.00086336344
0.00080432441
0.00074875865
0.00069424533
0.00064184455
0.00059589685
0.00055119382
0.00050706529
0.00046598489
0.00042729982
0.00039084691
0.00035732242
0.00032650175
0.00029831646
0.00027285017
0.00024926418
0.00022756528
0.00020813589
0.00019080633
0.00017541145
0.00016153378
0.00014940245
0.00013808863
0.00012786084
0.00011830712
0.0001096646
0.00010230322
9.5137686e-05
8.809273e-05
8.1331414e-05
7.4988401e-05
6.8992726e-05
6.3011201e-05
5.7063913e-05
5.1462051e-05
4.9666731e-05
4.73896e-05
4.2063363e-05
3.6560114e-05
3.1487323e-05
2.5549667e-05
2.3599348e-05
2.5367275e-05
2.3568402e-05
1.8818372e-05
1.3213217e-05
9.9186691e-06
9.5965946e-06
8.0207369e-06
3.043595e-06
-8.018858e-07
-4.0843527e-06
-3.5584655e-06
-5.0823361e-06
-9.8516659e-06
-1.3019631e-05
-1.474411e-05
-1.4509054e-05
-1.4938363e-05
-1.8272833e-05
-2.0627296e-05
-2.2279826e-05
-2.1313093e-05
-1.9691237e-05
-2.3045004e-05
-2.4672517e-05
-2.5720534e-05
-2.4394437e-05
-2.2664716e-05
-2.5160034e-05
-2.6341279e-05
-2.6709211e-05
-2.5290843e-05
-2.421808e-05
-2.5476349e-05
-2.6779262e-05
-2.6731253e-05
-2.5316653e-05
-2.3503516e-05
-2.4529339e-05
-2.5863079e-05
-3.3165094e-05
-5.5587315e-05
-2.839304e-05
-0.00018291674
0.25826059
0.19241172
0.16926303
0.15127638
0.13165771
0.11524627
0.10217244
0.091254139
0.08197885
0.074098859
0.067341459
0.061453628
0.056277285
0.051671846
0.047548747
0.043827268
0.04046827
0.037411915
0.034633555
0.032093298
0.029773502
0.027641616
0.025686767
0.023885357
0.022229567
0.020700122
0.0192875
0.017982785
0.016775281
0.015658072
0.014621794
0.01366136
0.012768724
0.011939739
0.01116808
0.010451129
0.0097827559
0.0091614798
0.0085817291
0.0080424039
0.0075390393
0.0070705243
0.0066337784
0.0062274999
0.0058470021
0.0054911221
0.0051596269
0.0048498766
0.0045608202
0.0042907048
0.0040378956
0.0038014416
0.0035795783
0.0033716975
0.0031762497
0.0029925528
0.0028197939
0.0026572339
0.002503653
0.0023586607
0.0022213747
0.0020919901
0.0019688495
0.0018534239
0.0017471493
0.0016456329
0.0015474958
0.0014563406
0.001369343
0.0012850297
0.001206465
0.0011323417
0.0010599013
0.00099064186
0.00092574785
0.00086397169
0.0008048872
0.00074935228
0.00069478236
0.00064199645
0.0005964088
0.0005514815
0.00050729402
0.00046615964
0.00042742214
0.00039092025
0.0003573502
0.00032648783
0.00029826401
0.00027276354
0.00024914686
0.00022742104
0.00020796755
0.0001906169
0.00017520384
0.00016131044
0.00014916521
0.00013783987
0.00012760216
0.00011804023
0.00010939047
0.00010202335
9.4852855e-05
8.7803833e-05
8.1039366e-05
7.4693775e-05
6.86962e-05
6.271321e-05
5.6765192e-05
5.115943e-05
4.9367546e-05
4.7090441e-05
4.1764571e-05
3.6261973e-05
3.1189933e-05
2.4817698e-05
2.325472e-05
2.5069209e-05
2.3243417e-05
1.8529118e-05
1.2949457e-05
9.3702228e-06
9.3204649e-06
7.7410093e-06
2.7654493e-06
-1.084887e-06
-4.5001663e-06
-3.9149837e-06
-5.347594e-06
-1.0115578e-05
-1.3316554e-05
-1.504281e-05
-1.4756263e-05
-1.5377699e-05
-1.8520346e-05
-2.0888634e-05
-2.2520397e-05
-2.1550538e-05
-1.9994371e-05
-2.3274067e-05
-2.4911766e-05
-2.5936939e-05
-2.4600305e-05
-2.2942048e-05
-2.5415057e-05
-2.6562408e-05
-2.6934551e-05
-2.5480366e-05
-2.4373291e-05
-2.5664493e-05
-2.6962662e-05
-2.6868987e-05
-2.5535973e-05
-2.3677251e-05
-2.4688785e-05
-2.5981206e-05
-3.3346049e-05
-5.5913915e-05
-3.0606042e-05
-0.00018146716
0.25830469
0.19242241
0.16925454
0.15127229
0.13165952
0.11525209
0.10217916
0.091260369
0.081983868
0.074102709
0.067343987
0.061455323
0.056278217
0.051672186
0.047548246
0.043826493
0.040466946
0.037410481
0.034631932
0.032091677
0.029771599
0.027639782
0.025684925
0.02388362
0.022227741
0.020698337
0.019285799
0.017981145
0.01677374
0.015656593
0.014620412
0.013660046
0.012767496
0.011938579
0.011167004
0.010450118
0.0097818268
0.0091605909
0.0085809001
0.0080415994
0.0075382809
0.0070697946
0.0066330772
0.0062268098
0.005846322
0.0054904396
0.0051589221
0.0048491688
0.0045601087
0.0042899939
0.0040371967
0.0038007599
0.003578939
0.0033711167
0.0031757475
0.0029921405
0.0028194855
0.0026570366
0.0025035745
0.0023586981
0.0022215288
0.0020922556
0.0019692197
0.0018538849
0.0017476947
0.0016462522
0.0015481761
0.0014570698
0.0013701069
0.0012858168
0.0012072634
0.0011331402
0.0010606885
0.00099140644
0.00092648086
0.00086466528
0.00080553423
0.00074995755
0.00069546062
0.00064219662
0.00059714224
0.00055173516
0.00050758411
0.00046639424
0.0004275998
0.00039104446
0.00035742458
0.00032651646
0.00029825043
0.00027271236
0.00024906196
0.00022730642
0.00020782646
0.00019045259
0.0001750195
0.00016110875
0.00014894819
0.00013761007
0.00012736136
0.00011779024
0.00010913243
0.00010175885
9.4582701e-05
8.7528959e-05
8.0760799e-05
7.4412054e-05
6.8412076e-05
6.2427114e-05
5.6477894e-05
5.0868068e-05
4.9079056e-05
4.6801345e-05
4.1475445e-05
3.5973005e-05
3.0901516e-05
2.4066438e-05
2.292324e-05
2.4779256e-05
2.2924686e-05
1.8246247e-05
1.2700474e-05
8.8068375e-06
9.0721117e-06
7.466179e-06
2.4914005e-06
-1.3677489e-06
-4.9196503e-06
-4.2759565e-06
-5.6095372e-06
-1.0377676e-05
-1.3623078e-05
-1.5319456e-05
-1.5003419e-05
-1.577733e-05
-1.8768145e-05
-2.1158463e-05
-2.2761743e-05
-2.1782731e-05
-2.0303094e-05
-2.35056e-05
-2.5128295e-05
-2.6153977e-05
-2.4810882e-05
-2.3214737e-05
-2.5663221e-05
-2.6789237e-05
-2.7163027e-05
-2.5671869e-05
-2.4535363e-05
-2.5856569e-05
-2.7149778e-05
-2.7005433e-05
-2.5749802e-05
-2.3855496e-05
-2.4858306e-05
-2.6090784e-05
-3.353412e-05
-5.6146758e-05
-3.283705e-05
-0.00017994346
0.2582912
0.19243374
0.16924347
0.15126663
0.13165995
0.11525735
0.10218603
0.091267002
0.081989289
0.074106954
0.067346821
0.061457287
0.056279365
0.051672703
0.047547867
0.043825816
0.040465678
0.037409091
0.034630306
0.032090049
0.029769674
0.027637925
0.025683035
0.023881835
0.022225863
0.020696501
0.019284045
0.017979451
0.016772147
0.015655061
0.01461898
0.013658681
0.01276622
0.011937373
0.011165886
0.010449061
0.0097808549
0.0091596591
0.0085800316
0.0080407557
0.0075374938
0.0070690271
0.0066323393
0.0062260823
0.0058456049
0.0054897188
0.005158178
0.0048484207
0.0045593552
0.0042892398
0.0040364541
0.0038000349
0.0035782578
0.0033704964
0.0031752092
0.0029916969
0.0028191518
0.0026568208
0.0025034853
0.0023587327
0.0022216888
0.0020925358
0.0019696133
0.0018543782
0.001748281
0.0016469205
0.0015489131
0.0014578629
0.0013709413
0.0012866804
0.0012081432
0.001134024
0.0010615644
0.00099226179
0.0009273059
0.00086545118
0.00080627299
0.00075064145
0.00069599405
0.00064281015
0.00059783151
0.00055205911
0.00050794043
0.00046669767
0.0004278416
0.00039122825
0.00035755406
0.00032659593
0.00029828367
0.00027270438
0.00024901692
0.00022722875
0.00020771963
0.00019032023
0.00017486503
0.00016093515
0.00014875772
0.00013740548
0.00012714457
0.00011756325
0.00010889645
0.00010151555
9.4332986e-05
8.7273864e-05
8.0501347e-05
7.4148887e-05
6.8145908e-05
6.2158429e-05
5.6207455e-05
5.0593096e-05
4.8806191e-05
4.6527515e-05
4.1201007e-05
3.569822e-05
3.0626978e-05
2.3321327e-05
2.2618105e-05
2.4501743e-05
2.2618031e-05
1.7974242e-05
1.2468722e-05
8.2344338e-06
8.8513226e-06
7.1995409e-06
2.2253442e-06
-1.6457377e-06
-5.3342223e-06
-4.6319897e-06
-5.8646103e-06
-1.063447e-05
-1.392984e-05
-1.5573583e-05
-1.5247164e-05
-1.6114914e-05
-1.9013248e-05
-2.1430938e-05
-2.3001797e-05
-2.2005531e-05
-2.0616703e-05
-2.3736559e-05
-2.5321618e-05
-2.6369424e-05
-2.5024569e-05
-2.3479717e-05
-2.5901902e-05
-2.7016743e-05
-2.739557e-05
-2.5863715e-05
-2.4703347e-05
-2.6050893e-05
-2.7338634e-05
-2.7140442e-05
-2.5957089e-05
-2.403668e-05
-2.5033008e-05
-2.6206891e-05
-3.372626e-05
-5.6367275e-05
-3.5073575e-05
-0.00017835504
0.25821432
0.19244501
0.16922929
0.15125909
0.13165852
0.11526155
0.10219282
0.091273949
0.081995088
0.074111567
0.067349979
0.061459534
0.056280741
0.051673403
0.047547638
0.043825255
0.040464493
0.037407759
0.034628712
0.032088437
0.029767749
0.027636057
0.025681124
0.023880024
0.022223952
0.02069463
0.019282251
0.017977717
0.016770512
0.015653487
0.014617506
0.013657274
0.012764904
0.011936125
0.011164728
0.010447963
0.0097798447
0.0091586896
0.0085791271
0.0080398753
0.0075366686
0.0070682256
0.0066315671
0.0062253198
0.0058448527
0.0054889613
0.0051573962
0.0048476336
0.0045585607
0.0042884432
0.0040356684
0.0037992669
0.0035775345
0.0033698362
0.0031746342
0.0029912209
0.0028187917
0.0026565852
0.002503384
0.002358763
0.0022218533
0.002092829
0.0019700293
0.0018549029
0.0017489077
0.0016476377
0.0015497074
0.0014587211
0.001371848
0.0012876226
0.0012091074
0.0011349971
0.0010625334
0.00099321324
0.00092822905
0.0008663361
0.00080711079
0.00075142419
0.0006965453
0.00064380699
0.00059824472
0.00055263409
0.00050837488
0.00046707901
0.00042815657
0.00039148042
0.00035774725
0.00032673458
0.00029837194
0.00027274752
0.00024901948
0.00022719544
0.00020765439
0.00019022696
0.00017474745
0.00016079652
0.0001486005
0.00013723265
0.00012695822
0.00011736554
0.00010868874
0.00010129962
9.410979e-05
8.7044476e-05
8.02669e-05
7.3909995e-05
6.7903352e-05
6.191269e-05
5.5959342e-05
5.0340286e-05
4.8554611e-05
4.6274188e-05
4.0946516e-05
3.5442722e-05
3.0371276e-05
2.2597279e-05
2.2345452e-05
2.4241846e-05
2.2329581e-05
1.7717671e-05
1.2255904e-05
7.6658232e-06
8.6540342e-06
6.9440443e-06
1.9714396e-06
-1.9136625e-06
-5.7430337e-06
-4.9713833e-06
-6.1098831e-06
-1.0882467e-05
-1.4225558e-05
-1.5809731e-05
-1.5484103e-05
-1.6397258e-05
-1.9252615e-05
-2.1697762e-05
-2.3238379e-05
-2.2216949e-05
-2.0932989e-05
-2.3964259e-05
-2.549887e-05
-2.6579073e-05
-2.5239593e-05
-2.3734405e-05
-2.6129641e-05
-2.7241196e-05
-2.7634497e-05
-2.6054213e-05
-2.487623e-05
-2.6245732e-05
-2.7526807e-05
-2.7275498e-05
-2.6156951e-05
-2.4219243e-05
-2.5209676e-05
-2.6335388e-05
-3.3920185e-05
-5.6671701e-05
-3.7303924e-05
-0.00017670151
0.25807356
0.19245529
0.16921115
0.15124945
0.13165471
0.115264
0.10219923
0.091281108
0.082001271
0.074116548
0.067353479
0.061462084
0.056282378
0.051674326
0.047547584
0.04382484
0.040463415
0.037406518
0.034627159
0.03208686
0.029765843
0.027634203
0.0256792
0.023878197
0.02222202
0.020692734
0.01928043
0.017975953
0.016768845
0.01565188
0.014616
0.013655832
0.012763555
0.011934845
0.011163538
0.010446831
0.0097788017
0.0091576862
0.0085781911
0.0080389619
0.0075357025
0.0070673933
0.0066307639
0.0062245249
0.005844068
0.0054881699
0.005156579
0.0048468099
0.0045577275
0.0042876061
0.0040348412
0.0037984573
0.0035767703
0.0033691368
0.0031740227
0.0029907124
0.0028184045
0.0026563289
0.0025032695
0.0023587879
0.0022220209
0.0020931341
0.0019704663
0.0018554581
0.0017495742
0.0016484036
0.0015505593
0.0014596452
0.0013728284
0.0012886459
0.001210159
0.0011360633
0.0010636002
0.0009942662
0.00092925644
0.00086732694
0.00080805522
0.00075231381
0.00069736725
0.00064474273
0.00059870159
0.00055330904
0.00050893125
0.00046754827
0.00042855465
0.00039181086
0.00035801384
0.00032694193
0.00029852439
0.0002728507
0.00024907823
0.00022721491
0.00020763879
0.0001901806
0.00017467428
0.00016070019
0.00014848373
0.00013709864
0.00012680923
0.00011720394
0.00010851599
0.00010111761
9.3919568e-05
8.6847223e-05
8.0063757e-05
7.3701674e-05
6.7690606e-05
6.1696049e-05
5.5739612e-05
5.0115372e-05
4.8329843e-05
4.6047156e-05
4.0717564e-05
3.5212085e-05
3.0139831e-05
2.1905506e-05
2.2106162e-05
2.4005584e-05
2.2065733e-05
1.748154e-05
1.2063373e-05
7.1192486e-06
8.4750743e-06
6.7034636e-06
1.7340719e-06
-2.1656188e-06
-6.1482005e-06
-5.2840393e-06
-6.3416457e-06
-1.1117711e-05
-1.4497945e-05
-1.6037262e-05
-1.5710451e-05
-1.6646902e-05
-1.9482836e-05
-2.1949299e-05
-2.3467813e-05
-2.2416663e-05
-2.1248305e-05
-2.4185764e-05
-2.5673568e-05
-2.67792e-05
-2.5453469e-05
-2.3976788e-05
-2.6345291e-05
-2.746056e-05
-2.7881506e-05
-2.6241821e-05
-2.5052737e-05
-2.6439115e-05
-2.7711635e-05
-2.7411209e-05
-2.6349421e-05
-2.4402009e-05
-2.5386253e-05
-2.6476712e-05
-3.4114349e-05
-5.7088361e-05
-3.9515362e-05
-0.00017497542
0.25787055
0.19246367
0.16918813
0.15123748
0.13164802
0.11526391
0.10220469
0.091288273
0.082007763
0.074121845
0.067357335
0.061464951
0.056284286
0.051675478
0.047547719
0.043824591
0.040462467
0.037405384
0.034625685
0.032085343
0.029763978
0.027632379
0.025677292
0.023876379
0.022220089
0.020690834
0.019278599
0.017974175
0.016767161
0.015650252
0.014614471
0.013654366
0.012762181
0.011933538
0.011162323
0.010445671
0.0097777318
0.0091566555
0.0085772285
0.0080380295
0.0075347106
0.0070665257
0.006629933
0.0062237009
0.0058432538
0.005487347
0.0051557287
0.0048459517
0.0045568574
0.0042867301
0.004033974
0.0037976069
0.0035759657
0.0033683983
0.0031733747
0.0029901707
0.0028179894
0.0026560507
0.0025031403
0.0023588055
0.0022221898
0.0020934493
0.0019709229
0.0018560421
0.0017502792
0.0016492173
0.0015514682
0.0014606353
0.0013738834
0.0012897517
0.0012113004
0.0011372255
0.0010647687
0.00099542546
0.00093039376
0.00086843016
0.00080911353
0.00075331773
0.0006983211
0.00064558853
0.00059949975
0.00055399308
0.00050959041
0.0004681156
0.00042904597
0.00039222956
0.00035836367
0.00032722755
0.00029875044
0.00027302305
0.00024920208
0.00022729571
0.00020768123
0.00019018931
0.00017465354
0.00016065393
0.00014841498
0.00013701081
0.0001267048
0.00011708545
0.00010838511
0.00010097633
9.3769013e-05
8.668863e-05
7.9898379e-05
7.3530214e-05
6.7513881e-05
6.1514595e-05
5.5554269e-05
4.992466e-05
4.8138088e-05
4.5852173e-05
4.0519942e-05
3.5011932e-05
2.993809e-05
2.1257613e-05
2.1898822e-05
2.3800013e-05
2.1832789e-05
1.7270905e-05
1.1892101e-05
6.6131007e-06
8.3124701e-06
6.4828566e-06
1.5178551e-06
-2.3957937e-06
-6.5493857e-06
-5.5619848e-06
-6.5562868e-06
-1.1336284e-05
-1.4735785e-05
-1.6268025e-05
-1.592182e-05
-1.6878732e-05
-1.9700475e-05
-2.2176495e-05
-2.3684515e-05
-2.2606046e-05
-2.1559107e-05
-2.4398207e-05
-2.5860301e-05
-2.6967977e-05
-2.5663357e-05
-2.4205983e-05
-2.6548465e-05
-2.7673767e-05
-2.8137102e-05
-2.6424926e-05
-2.5231069e-05
-2.6629023e-05
-2.7890922e-05
-2.7547495e-05
-2.6535205e-05
-2.4584165e-05
-2.5561355e-05
-2.6630051e-05
-3.4307224e-05
-5.7598344e-05
-4.169348e-05
-0.00017316411
0.25760719
0.1924688
0.16915907
0.15122318
0.13163806
0.11526042
0.10220836
0.091295127
0.082014467
0.074127463
0.067361544
0.061468153
0.056286502
0.051676902
0.04754809
0.043824539
0.040461688
0.037404392
0.034624313
0.032083908
0.029762183
0.027630614
0.025675416
0.023874584
0.022218176
0.020688946
0.019276773
0.017972397
0.016765473
0.015648618
0.014612934
0.013652887
0.012760795
0.011932216
0.011161092
0.010444491
0.0097766421
0.0091556027
0.0085762453
0.0080370756
0.007533921
0.0070656336
0.0066290783
0.0062228515
0.0058424138
0.0054864963
0.0051548488
0.0048450623
0.0045559534
0.004285818
0.0040330691
0.0037967179
0.0035751224
0.0033676219
0.0031726906
0.002989596
0.002817546
0.0026557498
0.0025029953
0.0023588146
0.0022223586
0.002093773
0.0019713972
0.0018566536
0.0017510215
0.0016500779
0.0015524337
0.0014616913
0.0013750134
0.0012909413
0.0012125334
0.0011384867
0.0010660426
0.00099669563
0.00093164648
0.00086965218
0.00081029295
0.00075444408
0.0006993842
0.00064656189
0.00060045418
0.00055481054
0.00051033421
0.00046879189
0.00042964151
0.00039274748
0.00035880759
0.00032760213
0.00029906044
0.00027327465
0.00024940077
0.00022744736
0.00020779084
0.00019026192
0.00017469372
0.00016066601
0.00014840228
0.00013697702
0.00012665259
0.00011701762
0.00010830343
0.00010088294
9.3665152e-05
8.6575645e-05
7.9777566e-05
7.3402385e-05
6.7379832e-05
6.1374913e-05
5.5409802e-05
4.9774271e-05
4.7985289e-05
4.5695464e-05
4.035967e-05
3.4848275e-05
2.9771902e-05
2.0671086e-05
2.1725559e-05
2.3631616e-05
2.1636915e-05
1.7091203e-05
1.1743826e-05
6.1596736e-06
8.1682827e-06
6.2881649e-06
1.3275916e-06
-2.5982922e-06
-6.9407111e-06
-5.7999209e-06
-6.7493894e-06
-1.153383e-05
-1.4930247e-05
-1.6512561e-05
-1.6113138e-05
-1.7094438e-05
-1.990175e-05
-2.2371859e-05
-2.3884004e-05
-2.2786529e-05
-2.1863067e-05
-2.4598345e-05
-2.6067914e-05
-2.7146047e-05
-2.5865636e-05
-2.4421915e-05
-2.6738996e-05
-2.7878206e-05
-2.8399898e-05
-2.6601954e-05
-2.5408657e-05
-2.6813211e-05
-2.8063449e-05
-2.7685916e-05
-2.671442e-05
-2.4764881e-05
-2.5732986e-05
-2.6793078e-05
-3.449732e-05
-5.817991e-05
-4.3820618e-05
-0.00017124911
0.2572841
0.192469
0.16912281
0.15120657
0.13162468
0.11525277
0.10220906
0.091301034
0.082021136
0.074133347
0.067366045
0.061471698
0.056289029
0.051678605
0.047548708
0.043824709
0.040461099
0.037403565
0.034623077
0.032082588
0.029760483
0.027628928
0.025673603
0.023872842
0.022216305
0.020687092
0.019274972
0.017970637
0.016763798
0.01564699
0.0146114
0.013651408
0.012759405
0.011930887
0.011159853
0.0104433
0.0097755404
0.0091545358
0.0085752479
0.0080360934
0.0075331144
0.0070647354
0.0066282047
0.006221981
0.005841552
0.0054856214
0.0051539428
0.0048441446
0.0045550184
0.0042848722
0.0040321288
0.0037957919
0.0035742416
0.0033668084
0.0031719707
0.0029889877
0.0028170735
0.0026554251
0.0025028331
0.0023588133
0.0022225251
0.0020941027
0.0019718869
0.0018572901
0.0017517989
0.0016509834
0.0015534544
0.0014628124
0.0013762182
0.0012922149
0.0012138593
0.0011398488
0.0010674248
0.00099808049
0.00093301938
0.00087099867
0.00081160014
0.00075570034
0.00070057612
0.00064768737
0.00060150991
0.0005557929
0.00051120861
0.00046958804
0.00043035231
0.00039337565
0.00035935654
0.0003280764
0.000299465
0.00027361581
0.00024968436
0.00022767954
0.00020797709
0.00019040761
0.00017480379
0.00016074512
0.00014845408
0.00013700545
0.00012666057
0.00011700815
0.00010827853
0.00010084488
9.3615252e-05
8.6515347e-05
7.9708282e-05
7.3324942e-05
6.72951e-05
6.1283494e-05
5.5312582e-05
4.9670815e-05
4.7877971e-05
4.558311e-05
4.0242859e-05
3.4727051e-05
2.9647061e-05
2.0181218e-05
2.1591563e-05
2.3504303e-05
2.1483791e-05
1.694786e-05
1.1621418e-05
5.7654566e-06
8.046418e-06
6.1255247e-06
1.1682694e-06
-2.7678525e-06
-7.3122937e-06
-5.9948346e-06
-6.9167285e-06
-1.1706077e-05
-1.5076814e-05
-1.6776042e-05
-1.6279264e-05
-1.7289676e-05
-2.008289e-05
-2.2530064e-05
-2.4067453e-05
-2.2957102e-05
-2.2159013e-05
-2.4782995e-05
-2.6297597e-05
-2.7318962e-05
-2.605629e-05
-2.462485e-05
-2.6917209e-05
-2.8070328e-05
-2.8667017e-05
-2.6771014e-05
-2.5582563e-05
-2.698939e-05
-2.8229687e-05
-2.7828604e-05
-2.6885869e-05
-2.4942827e-05
-2.5899398e-05
-2.6962592e-05
-3.4682945e-05
-5.8816803e-05
-4.5874277e-05
-0.00016920557
0.25690077
0.19246254
0.16907817
0.15118756
0.13160793
0.11524043
0.10220565
0.091304913
0.082027374
0.074139377
0.067370822
0.061475583
0.0562919
0.051680628
0.047549626
0.043825135
0.040460748
0.037402946
0.034622007
0.032081413
0.029758912
0.027627355
0.025671876
0.023871169
0.022214497
0.020685293
0.019273215
0.017968914
0.016762152
0.015645387
0.014609885
0.013649941
0.012758026
0.011929564
0.011158618
0.010442105
0.0097744357
0.009153462
0.0085742437
0.0080351032
0.0075321554
0.0070638225
0.0066273181
0.0062210941
0.0058406732
0.0054847272
0.0051530148
0.0048432031
0.0045540562
0.0042838964
0.0040311562
0.0037948318
0.0035733255
0.0033659594
0.0031712159
0.0029883463
0.0028165717
0.0026550757
0.0025026523
0.0023588
0.0022226874
0.0020944364
0.0019723899
0.0018579495
0.0017526093
0.0016519319
0.0015545283
0.0014639971
0.0013774968
0.0012935724
0.0012152786
0.001141313
0.0010689175
0.00099958332
0.00093451673
0.00087247498
0.00081304142
0.00075709379
0.00070190927
0.00064895486
0.00060269595
0.00055690481
0.00051222346
0.00047051554
0.00043119005
0.0003941259
0.00036002231
0.00032866209
0.00029997552
0.00027405772
0.00025006368
0.00022800282
0.00020825014
0.0001906362
0.00017499318
0.0001609004
0.00014857924
0.00013710473
0.00012673712
0.00011706526
0.00010831837
0.00010086989
9.3626893e-05
8.6515187e-05
7.9697803e-05
7.3305091e-05
6.7266744e-05
6.1247296e-05
5.5269447e-05
4.9620686e-05
4.7822382e-05
4.5521602e-05
4.0175775e-05
3.4654505e-05
2.956967e-05
1.9854929e-05
2.1503656e-05
2.3418611e-05
2.1378929e-05
1.6846543e-05
1.152914e-05
5.445944e-06
7.9496942e-06
6.0010594e-06
1.044997e-06
-2.8992945e-06
-7.6490475e-06
-6.1454948e-06
-7.0534291e-06
-1.1848335e-05
-1.517729e-05
-1.7052318e-05
-1.6416232e-05
-1.7458873e-05
-2.0239819e-05
-2.2648686e-05
-2.4241894e-05
-2.3113904e-05
-2.2444296e-05
-2.4948641e-05
-2.6544532e-05
-2.7498232e-05
-2.6230578e-05
-2.4814814e-05
-2.7081822e-05
-2.8247514e-05
-2.8934045e-05
-2.6929805e-05
-2.5749965e-05
-2.7155062e-05
-2.839281e-05
-2.7979091e-05
-2.7047766e-05
-2.5116355e-05
-2.6058324e-05
-2.7133745e-05
-3.4862381e-05
-5.9494446e-05
-4.7823447e-05
-0.0001669987
0.25645541
0.19244807
0.16902265
0.15116578
0.13158815
0.11522341
0.10219718
0.091305228
0.082032301
0.07414521
0.067375799
0.06147973
0.056295104
0.051682973
0.047550839
0.043825836
0.040460645
0.037402552
0.034621135
0.032080413
0.029757495
0.027625915
0.025670265
0.023869599
0.022212781
0.020683574
0.019271527
0.01796725
0.016760556
0.015643825
0.014608405
0.013648503
0.012756669
0.01192826
0.011157397
0.010440919
0.0097733381
0.0091523905
0.0085732414
0.0080341173
0.0075312009
0.0070628972
0.0066264244
0.0062201967
0.0058397827
0.0054838184
0.0051520694
0.0048422417
0.0045530707
0.0042828939
0.0040301544
0.0037938398
0.0035723761
0.0033650762
0.0031704271
0.0029876717
0.0028160398
0.0026547006
0.0025024513
0.0023587725
0.0022228429
0.0020947713
0.001972903
0.0018586284
0.0017534493
0.0016529203
0.0015556528
0.0014652431
0.0013788473
0.0012950125
0.0012167908
0.0011428798
0.0010705219
0.0010012063
0.00093614177
0.00087408538
0.00081462221
0.00075863089
0.00070338989
0.00065036843
0.00060403116
0.00055815747
0.00051338546
0.00047158562
0.00043216636
0.00039500998
0.00036081675
0.00032937093
0.00030060369
0.00027461177
0.00025054989
0.00022842797
0.00020862049
0.0001909579
0.00017527182
0.00016114144
0.00014878703
0.00013728382
0.00012689094
0.00011719733
0.00010843115
0.00010096597
9.3707865e-05
8.6582737e-05
7.9753542e-05
7.3350009e-05
6.7301797e-05
6.127318e-05
5.5287112e-05
4.9630732e-05
4.7825327e-05
4.5517284e-05
4.016478e-05
3.4636807e-05
2.9545788e-05
1.9772402e-05
2.146846e-05
2.3377512e-05
2.1327758e-05
1.6792847e-05
1.1472147e-05
5.2453758e-06
7.8824913e-06
5.9207098e-06
9.6295683e-07
-2.9879362e-06
-7.9201228e-06
-6.2513249e-06
-7.154997e-06
-1.1956069e-05
-1.5241304e-05
-1.731786e-05
-1.6521992e-05
-1.7596967e-05
-2.0368506e-05
-2.2730629e-05
-2.4413394e-05
-2.3251407e-05
-2.2712623e-05
-2.509185e-05
-2.680066e-05
-2.7694107e-05
-2.6383765e-05
-2.4991724e-05
-2.7230403e-05
-2.8408742e-05
-2.9195543e-05
-2.7075427e-05
-2.5907881e-05
-2.7307699e-05
-2.8558881e-05
-2.8142503e-05
-2.7197989e-05
-2.5283774e-05
-2.6207838e-05
-2.7301557e-05
-3.5033621e-05
-6.0198146e-05
-4.9623789e-05
-0.00016457909
0.25594622
0.19242365
0.16895257
0.1511406
0.13156562
0.11520216
0.1021834
0.091300566
0.082034448
0.07415016
0.067380759
0.061484072
0.056298611
0.051685665
0.047552409
0.043826848
0.040460851
0.037402427
0.034620509
0.032079622
0.029756282
0.027624648
0.025668806
0.023868155
0.022211184
0.020681961
0.01926993
0.017965666
0.01675903
0.015642325
0.014606977
0.013647111
0.012755352
0.011926988
0.011156204
0.010439753
0.0097722576
0.0091513311
0.0085722496
0.0080331363
0.0075302763
0.0070619739
0.0066255304
0.0062192948
0.0058388866
0.005482901
0.0051511119
0.004841266
0.0045520669
0.0042818694
0.0040291275
0.0037928197
0.0035713961
0.0033641611
0.0031696053
0.0029869644
0.0028154779
0.0026542989
0.0025022289
0.0023587288
0.0022229891
0.0020951044
0.001973423
0.0018593235
0.0017543157
0.0016539452
0.0015568246
0.0014665473
0.0013802672
0.0012965331
0.0012183943
0.0011445485
0.0010722382
0.0010029506
0.00093789683
0.00087583341
0.00081634717
0.00076031752
0.00070502411
0.00065193763
0.00060552475
0.00055956634
0.00051470415
0.00047280982
0.00043329321
0.00039604023
0.00036175233
0.00033021543
0.00030136182
0.00027529012
0.00025115482
0.00022896657
0.00020909931
0.00019138346
0.00017565005
0.00016147824
0.00014908713
0.0001375521
0.00012713109
0.00011741321
0.00010862538
0.00010114139
9.386623e-05
8.6725879e-05
7.9883173e-05
7.3467257e-05
6.7407643e-05
6.1368399e-05
5.5372685e-05
4.970751e-05
4.7893293e-05
4.5576864e-05
4.0216349e-05
3.4680404e-05
2.9581734e-05
1.9967756e-05
2.1492389e-05
2.3388989e-05
2.1336147e-05
1.6792557e-05
1.1456617e-05
5.2214142e-06
7.8542274e-06
5.890314e-06
9.2736617e-07
-3.0289077e-06
-8.0686574e-06
-6.3095931e-06
-7.2164807e-06
-1.2024431e-05
-1.5280649e-05
-1.7528397e-05
-1.6595838e-05
-1.7698472e-05
-2.0464668e-05
-2.2783802e-05
-2.4576951e-05
-2.3363829e-05
-2.2951634e-05
-2.5208888e-05
-2.7053022e-05
-2.7902933e-05
-2.6511663e-05
-2.5154874e-05
-2.7359365e-05
-2.8551614e-05
-2.9444602e-05
-2.720469e-05
-2.6052839e-05
-2.7444592e-05
-2.8734858e-05
-2.8320311e-05
-2.7334453e-05
-2.5443756e-05
-2.6345502e-05
-2.7460944e-05
-3.5194452e-05
-6.0911911e-05
-5.1209364e-05
-0.00016187195
0.25537154
0.19238705
0.16886383
0.15111073
0.13154021
0.11517723
0.10216486
0.091290187
0.082031944
0.074152845
0.067385037
0.061488392
0.05630231
0.051688646
0.047554295
0.043828174
0.040461367
0.03740259
0.034620151
0.032079072
0.029755294
0.027623581
0.025667526
0.023866872
0.022209735
0.020680483
0.019268452
0.017964188
0.016757597
0.015640906
0.014605621
0.013645781
0.01275409
0.011925764
0.011155052
0.010438619
0.0097712066
0.0091502948
0.0085712785
0.0080321706
0.007529361
0.0070610601
0.0066246434
0.0062183957
0.0058379914
0.0054819811
0.0051501482
0.0048402812
0.0045510497
0.0042808273
0.0040280794
0.0037917746
0.0035703884
0.0033632158
0.0031687517
0.0029862244
0.0028148851
0.0026538693
0.0025019828
0.0023586662
0.0022231229
0.0020954321
0.0019739459
0.0018600305
0.001755204
0.001655002
0.0015580393
0.0014679055
0.0013817525
0.0012981308
0.0012200865
0.0011463169
0.0010740653
0.0010048162
0.00093978285
0.00087772112
0.00081821961
0.00076215826
0.00070681772
0.00065367027
0.00060718432
0.00056114232
0.00051618961
0.00047419916
0.00043458228
0.00039722873
0.00036284142
0.00033120807
0.00030226242
0.00027610511
0.00025189062
0.0002296304
0.0002096981
0.00019192405
0.00017613872
0.00016192126
0.00014948963
0.00013791928
0.00012746695
0.00011772192
0.00010890987
0.00010140468
9.4110249e-05
8.6952619e-05
8.0094494e-05
7.3664364e-05
6.7591634e-05
6.1540105e-05
5.5533136e-05
4.985797e-05
4.8033262e-05
4.5706866e-05
4.0337007e-05
3.4791623e-05
2.9683774e-05
2.0401645e-05
2.1580878e-05
2.3460493e-05
2.1410221e-05
1.6851401e-05
1.1489059e-05
5.393185e-06
7.874451e-06
5.9154878e-06
9.4349248e-07
-3.0174646e-06
-8.0429035e-06
-6.3135691e-06
-7.2333021e-06
-1.2048821e-05
-1.5300647e-05
-1.762909e-05
-1.6636341e-05
-1.775781e-05
-2.0524154e-05
-2.2817142e-05
-2.4710131e-05
-2.3445697e-05
-2.314114e-05
-2.5296125e-05
-2.7280731e-05
-2.8100625e-05
-2.6611409e-05
-2.5301762e-05
-2.7465335e-05
-2.867201e-05
-2.9673935e-05
-2.7314283e-05
-2.6181304e-05
-2.7563011e-05
-2.8921333e-05
-2.8510652e-05
-2.7454857e-05
-2.5594833e-05
-2.6469224e-05
-2.7607776e-05
-3.5342279e-05
-6.1617589e-05
-5.2482681e-05
-0.00015875839
0.25473106
0.19233665
0.16875123
0.15107428
0.13151109
0.11514862
0.10214268
0.091274644
0.082023541
0.074151294
0.067387334
0.061492097
0.056305993
0.051691798
0.047556484
0.043829809
0.040462233
0.037403071
0.0346201
0.032078795
0.02975458
0.027622754
0.025666466
0.023865777
0.022208465
0.020679165
0.019267117
0.01796284
0.016756279
0.015639592
0.014604357
0.013644533
0.0127529
0.011924604
0.011153956
0.010437533
0.0097701967
0.0091492938
0.0085703382
0.008031231
0.0075284662
0.0070601638
0.0066237715
0.0062175069
0.0058371044
0.0054810658
0.0051491849
0.0048392937
0.004550025
0.0042797731
0.0040270151
0.0037907087
0.0035693561
0.003362243
0.0031678678
0.0029854525
0.0028142612
0.0026534109
0.0025017112
0.002358582
0.0022232411
0.0020957504
0.0019744674
0.0018607446
0.0017561091
0.0016560857
0.0015592917
0.0014693126
0.0013832984
0.0012998011
0.0012218634
0.0011481819
0.0010760007
0.0010068015
0.00094179944
0.00087974938
0.00082024165
0.0007641566
0.00070877559
0.00065557257
0.00060901737
0.0005628942
0.00051785168
0.0004757645
0.00043604523
0.00039858775
0.0003640967
0.0003323618
0.00030331846
0.00027706965
0.00025276998
0.00023043193
0.00021042894
0.00019259138
0.00017674907
0.00016248136
0.00015000499
0.00013839547
0.00012790829
0.0001181329
0.00010929368
0.00010176462
9.4448435e-05
8.7271233e-05
8.039553e-05
7.3949188e-05
6.7861411e-05
6.179577e-05
5.5775767e-05
5.0088747e-05
4.825188e-05
4.591411e-05
4.0533331e-05
3.4977006e-05
2.9858336e-05
2.1007703e-05
2.1739472e-05
2.3597938e-05
2.1556579e-05
1.6975221e-05
1.1576266e-05
5.7272042e-06
7.9489215e-06
6.0015697e-06
1.0166331e-06
-2.9484374e-06
-7.8460494e-06
-6.2580497e-06
-7.2004813e-06
-1.2024344e-05
-1.5297163e-05
-1.7585704e-05
-1.6639378e-05
-1.7769397e-05
-2.0542657e-05
-2.2833961e-05
-2.4776598e-05
-2.3490034e-05
-2.3254035e-05
-2.5349726e-05
-2.7447928e-05
-2.8250093e-05
-2.6680684e-05
-2.5424068e-05
-2.754459e-05
-2.8764826e-05
-2.9874748e-05
-2.7401291e-05
-2.6290601e-05
-2.7660076e-05
-2.9106099e-05
-2.8709394e-05
-2.7556938e-05
-2.5734596e-05
-2.6576387e-05
-2.7738116e-05
-3.5474232e-05
-6.2293385e-05
-5.3304711e-05
-0.00015503432
0.25402627
0.19227021
0.1686084
0.15102842
0.13147689
0.11511547
0.10211722
0.091255376
0.0820095
0.074143833
0.067385542
0.061493787
0.05630898
0.051694808
0.047558763
0.043831638
0.040463379
0.037403842
0.034620348
0.0320788
0.029754147
0.027622181
0.025665647
0.023864901
0.022207402
0.020678037
0.019265953
0.017961647
0.0167551
0.015638403
0.014603206
0.013643387
0.0127518
0.011923525
0.011152931
0.010436507
0.0097692421
0.0091483401
0.0085694411
0.008030328
0.0075276046
0.0070592945
0.0066229237
0.0062166371
0.0058362335
0.0054801625
0.0051482291
0.00483831
0.004548999
0.0042787123
0.0040259394
0.0037896262
0.0035683027
0.003361245
0.0031669547
0.0029846482
0.0028136054
0.0026529217
0.0025014113
0.0023584726
0.0022233393
0.0020960544
0.001974982
0.0018614598
0.0017570249
0.0016571897
0.0015605752
0.001470762
0.0013848983
0.0013015377
0.0012237193
0.0011501383
0.00107804
0.0010089031
0.00094394434
0.00088191712
0.00082241357
0.00076631422
0.00071090092
0.0006576492
0.00061103014
0.00056482945
0.00051969919
0.00047751581
0.00043769305
0.00040012908
0.00036553058
0.00033368938
0.00030454297
0.00027819678
0.00025380586
0.00023138385
0.00021130426
0.00019339752
0.00017749286
0.00016316987
0.00015064414
0.00013899116
0.0001284652
0.00011865586
0.0001097862
0.00010223024
9.4889514e-05
8.7690145e-05
8.0794441e-05
7.4329584e-05
6.8224606e-05
6.2142791e-05
5.6107758e-05
5.0406907e-05
4.8556239e-05
4.6205224e-05
4.0811925e-05
3.5242948e-05
3.011177e-05
2.1742607e-05
2.197452e-05
2.3809503e-05
2.1781909e-05
1.7169782e-05
1.1725559e-05
6.1794097e-06
8.0837794e-06
6.1536436e-06
1.1520975e-06
-2.8168381e-06
-7.5276862e-06
-6.1412637e-06
-7.1134607e-06
-1.1946343e-05
-1.5260291e-05
-1.7412176e-05
-1.6598942e-05
-1.7728568e-05
-2.0516014e-05
-2.2830206e-05
-2.474925e-05
-2.3487744e-05
-2.3266696e-05
-2.536603e-05
-2.7510144e-05
-2.8317356e-05
-2.671695e-05
-2.5502888e-05
-2.7593867e-05
-2.882549e-05
-3.0029527e-05
-2.7463161e-05
-2.6377741e-05
-2.7732912e-05
-2.9267669e-05
-2.8901098e-05
-2.7638165e-05
-2.5858958e-05
-2.666474e-05
-2.7848611e-05
-3.5587121e-05
-6.2912404e-05
-5.3495509e-05
-0.0001503599
0.25326709
0.19218249
0.16842753
0.15096928
0.13143541
0.11507622
0.10208796
0.091233391
0.081991586
0.074130534
0.067377878
0.061491311
0.056309755
0.05169688
0.047560759
0.043833435
0.040464672
0.037404839
0.034620866
0.032079078
0.029754013
0.02762188
0.025665094
0.023864263
0.022206569
0.02067712
0.01926498
0.017960631
0.016754083
0.015637362
0.014602188
0.013642363
0.012750809
0.011922545
0.011151994
0.010435559
0.0097683555
0.0091474485
0.0085685981
0.0080294743
0.0075267864
0.0070584632
0.0066221091
0.0062157954
0.005835387
0.0054792794
0.0051472885
0.0048373371
0.0045479784
0.0042776512
0.0040248578
0.0037885318
0.0035672318
0.0033602247
0.0031660137
0.002983812
0.0028129174
0.0026523998
0.00250108
0.0023583342
0.0022234128
0.0020963388
0.0019754836
0.0018621694
0.0017579442
0.0016583066
0.0015618822
0.0014722459
0.0013865445
0.0013033332
0.0012256469
0.0011521796
0.0010801773
0.0010111159
0.00094621349
0.00088422151
0.00082473386
0.00076863111
0.00071319523
0.00065990331
0.00061322746
0.00056695442
0.00052173999
0.00047946239
0.00043953626
0.00040186425
0.00036715535
0.00033520373
0.00030594916
0.0002794999
0.00025501162
0.00023249942
0.00021233702
0.00019435509
0.00017838225
0.00016399853
0.00015141839
0.00013971727
0.00012914816
0.0001193009
0.0001103971
0.00010281087
9.5442479e-05
8.8218047e-05
8.1299618e-05
7.4813713e-05
6.8689115e-05
6.258885e-05
5.6536579e-05
5.0819375e-05
4.8953102e-05
4.6587086e-05
4.117941e-05
3.5596018e-05
3.0450521e-05
2.2588475e-05
2.2295447e-05
2.4103028e-05
2.2092953e-05
1.7440893e-05
1.1945107e-05
6.7225438e-06
8.2874649e-06
6.3767178e-06
1.3551794e-06
-2.6175194e-06
-7.1302537e-06
-5.9614444e-06
-6.967319e-06
-1.180991e-05
-1.5174628e-05
-1.7157088e-05
-1.6508946e-05
-1.7631129e-05
-2.0439901e-05
-2.2796819e-05
-2.4634983e-05
-2.3432426e-05
-2.3173972e-05
-2.5341208e-05
-2.744583e-05
-2.8287188e-05
-2.6716766e-05
-2.5515702e-05
-2.7609623e-05
-2.8849587e-05
-3.0105157e-05
-2.7497545e-05
-2.6434268e-05
-2.777857e-05
-2.9382766e-05
-2.9053198e-05
-2.7696063e-05
-2.596083e-05
-2.6731542e-05
-2.7935737e-05
-3.5677556e-05
-6.3440636e-05
-5.2855144e-05
-0.00014449736
0.25245909
0.19206593
0.16819958
0.15089186
0.13138359
0.11502841
0.10205337
0.091208307
0.081971183
0.074113322
0.067364421
0.061482882
0.056306024
0.051696258
0.047561377
0.043834586
0.040465692
0.037405789
0.034621477
0.032079519
0.029754104
0.027621807
0.02566478
0.023863856
0.02220597
0.020676421
0.019264216
0.017959808
0.016753243
0.015636485
0.014601319
0.013641475
0.012749943
0.011921678
0.01115116
0.010434703
0.0097675514
0.0091466312
0.0085678223
0.008028681
0.0075260224
0.0070576801
0.0066213376
0.0062149916
0.0058345737
0.0054784246
0.0051463707
0.0048363822
0.0045469698
0.0042765959
0.0040237759
0.00378743
0.0035661469
0.0033591842
0.0031650451
0.0029829436
0.0028121959
0.0026518421
0.0025007131
0.0023581615
0.0022234554
0.0020965964
0.0019759644
0.0018628651
0.0017588581
0.001659427
0.001563203
0.0014737546
0.0013882271
0.0013051778
0.0012276369
0.0011542966
0.0010824041
0.0010134323
0.00094860041
0.00088665721
0.00082719865
0.00077110488
0.00071565775
0.0006623359
0.00061561216
0.00056927368
0.00052398036
0.00048161212
0.00044158421
0.0004038039
0.00036898271
0.00033691732
0.00030755012
0.00028099239
0.00025640079
0.00023379206
0.00021354049
0.0001954771
0.00017942993
0.00016497961
0.00015233956
0.00014058515
0.00012996809
0.00012007846
0.00011113644
0.00010351616
9.6116594e-05
8.8863846e-05
8.1919643e-05
7.5409801e-05
6.9262889e-05
6.3141617e-05
5.7069634e-05
5.1333623e-05
4.944966e-05
4.7066409e-05
4.164243e-05
3.6042641e-05
3.0880963e-05
2.3536438e-05
2.2708807e-05
2.4483813e-05
2.2496094e-05
1.7794283e-05
1.2243532e-05
7.3374628e-06
8.5689897e-06
6.6759875e-06
1.6311422e-06
-2.3457984e-06
-6.6692971e-06
-5.7148234e-06
-6.7574385e-06
-1.1610401e-05
-1.5020852e-05
-1.6865306e-05
-1.6362767e-05
-1.7472976e-05
-2.0310138e-05
-2.2720333e-05
-2.4464393e-05
-2.3323136e-05
-2.2990839e-05
-2.5271573e-05
-2.7278019e-05
-2.8171204e-05
-2.6676281e-05
-2.5456322e-05
-2.7588695e-05
-2.8833592e-05
-3.0073918e-05
-2.7501648e-05
-2.6446824e-05
-2.7794185e-05
-2.9430409e-05
-2.9126721e-05
-2.7727934e-05
-2.6027942e-05
-2.6774477e-05
-2.7996355e-05
-3.5742048e-05
-6.3836827e-05
-5.1357932e-05
-0.00013770071
0.2516037
0.19190819
0.1679165
0.15079009
0.13131748
0.11496861
0.10201125
0.091178856
0.081948127
0.074093861
0.067347368
0.061469037
0.056296387
0.051690668
0.047558641
0.043833721
0.040465629
0.037406126
0.034621829
0.032079854
0.029754263
0.027621849
0.025664641
0.02386363
0.022205571
0.020675921
0.019263651
0.017959176
0.016752586
0.015635778
0.014600609
0.013640737
0.012749213
0.011920939
0.01115044
0.010433954
0.0097668408
0.0091459021
0.0085671239
0.0080279604
0.0075253222
0.0070569562
0.0066206185
0.0062142353
0.0058338018
0.0054776065
0.005145484
0.0048354526
0.0045459805
0.0042755529
0.0040226991
0.0037863254
0.0035650516
0.0033581261
0.0031640491
0.0029820428
0.0028114392
0.0026512446
0.0025003055
0.0023579485
0.00222346
0.0020968193
0.0019764155
0.0018635372
0.0017597563
0.0016605404
0.0015645264
0.0014752765
0.0013899346
0.0013070598
0.0012296779
0.0011564785
0.0010847099
0.0010158424
0.00095109617
0.00088921653
0.00082980165
0.0007737307
0.00071828543
0.00066494575
0.000618185
0.00057178996
0.00052642493
0.00048397154
0.0004438452
0.00040595785
0.00037102378
0.00033884236
0.00030935879
0.00028268775
0.00025798714
0.00023527566
0.0002149284
0.00019677704
0.00018064905
0.00016612585
0.00015341995
0.00014160663
0.00013093634
0.00012099945
0.00011201466
0.00010435611
9.6921462e-05
8.9636768e-05
8.2663376e-05
7.6126404e-05
6.9954155e-05
6.3809046e-05
5.7714621e-05
5.1956956e-05
5.0052837e-05
4.7650143e-05
4.2207651e-05
3.6589403e-05
3.1409506e-05
2.4577514e-05
2.3213307e-05
2.4955967e-05
2.2997617e-05
1.8235668e-05
1.2629805e-05
8.0041182e-06
8.9358808e-06
7.0569282e-06
1.9852006e-06
-1.9971398e-06
-6.1460331e-06
-5.397272e-06
-6.478867e-06
-1.1342968e-05
-1.4782629e-05
-1.6555547e-05
-1.6153259e-05
-1.724865e-05
-2.0122435e-05
-2.2583823e-05
-2.4260463e-05
-2.3161054e-05
-2.2738179e-05
-2.5153296e-05
-2.705056e-05
-2.8001496e-05
-2.6591718e-05
-2.5338437e-05
-2.7527616e-05
-2.8774644e-05
-2.9942761e-05
-2.7471828e-05
-2.6409951e-05
-2.7776858e-05
-2.939793e-05
-2.9098667e-05
-2.7731207e-05
-2.604655e-05
-2.6790815e-05
-2.8027175e-05
-3.5777191e-05
-6.405809e-05
-4.9233129e-05
-0.00013047167
0.25071135
0.19169273
0.16756904
0.15065638
0.13123222
0.11489244
0.10195834
0.091142876
0.081921075
0.07407199
0.067328376
0.061452099
0.056282032
0.051679428
0.047550539
0.043828648
0.040462725
0.037404638
0.034621067
0.03207951
0.029754036
0.027621694
0.025664449
0.023863433
0.022205261
0.020675543
0.019263225
0.017958699
0.016752082
0.01563523
0.01460005
0.013640144
0.012748619
0.011920329
0.01114984
0.010433316
0.0097662318
0.009145268
0.0085665119
0.0080273202
0.0075246949
0.0070562995
0.0066199601
0.0062135346
0.0058330794
0.0054768323
0.0051446356
0.0048345549
0.0045450164
0.0042745278
0.0040216323
0.0037852219
0.0035639491
0.003357051
0.0031630248
0.0029811088
0.0028106433
0.0026506017
0.0024998503
0.0023576867
0.002223417
0.0020969969
0.0019768253
0.0018641732
0.001760626
0.0016616332
0.0015658387
0.0014767976
0.0013916526
0.0013089647
0.0012317554
0.0011587111
0.0010870811
0.0010183335
0.00095368878
0.00089188871
0.00083253334
0.00077650067
0.00072107221
0.00066772875
0.00062094397
0.0005745035
0.00052907607
0.00048654507
0.00044632576
0.0004083345
0.00037328862
0.00034099025
0.0003113877
0.00028459926
0.00025978446
0.00023696422
0.00021651484
0.00019826884
0.00018205329
0.00016745056
0.00015467245
0.00014279414
0.00013206484
0.0001220753
0.00011304268
0.00010534118
9.7867081e-05
9.0546386e-05
8.3539994e-05
7.6972277e-05
7.0771323e-05
6.4599209e-05
5.8479291e-05
5.2697067e-05
5.0770001e-05
4.8345153e-05
4.28818e-05
3.7242784e-05
3.2042536e-05
2.5697015e-05
2.3809781e-05
2.5524548e-05
2.3603698e-05
1.8770693e-05
1.3112726e-05
8.7075466e-06
9.394529e-06
7.52537e-06
2.4225092e-06
-1.567507e-06
-5.5581394e-06
-5.004539e-06
-6.1269121e-06
-1.1003038e-05
-1.4451913e-05
-1.6221848e-05
-1.5874525e-05
-1.6950515e-05
-1.9872653e-05
-2.2372858e-05
-2.4023917e-05
-2.2947248e-05
-2.2431539e-05
-2.4982707e-05
-2.6794765e-05
-2.7808949e-05
-2.6459599e-05
-2.5177975e-05
-2.7423262e-05
-2.8671013e-05
-2.9743184e-05
-2.740328e-05
-2.6330252e-05
-2.7723736e-05
-2.928806e-05
-2.8977527e-05
-2.7703107e-05
-2.6012667e-05
-2.6778263e-05
-2.8025303e-05
-3.5779798e-05
-6.4079165e-05
-4.6791744e-05
-0.00012329249
0.24978791
0.19140746
0.16714132
0.15048059
0.13112165
0.11479458
0.10189062
0.091097499
0.081887951
0.074046317
0.067307207
0.061433579
0.056265386
0.051664461
0.047537479
0.043818273
0.040455079
0.037399423
0.034617669
0.032077398
0.029752599
0.027620758
0.025663752
0.023862932
0.022204798
0.020675103
0.019262798
0.017958271
0.016751653
0.015634786
0.014599599
0.013639672
0.012748143
0.011919837
0.011149352
0.01043279
0.0097657225
0.0091447321
0.008565988
0.0080267657
0.0075241439
0.0070557159
0.0066193674
0.0062128959
0.0058324115
0.0054761074
0.0051438314
0.0048336939
0.0045440826
0.0042735249
0.0040205791
0.0037841223
0.0035628416
0.0033559581
0.0031619707
0.0029801395
0.0028098025
0.0026499067
0.0024993383
0.0023573661
0.0022233147
0.0020971165
0.0019771798
0.0018647587
0.0017614517
0.0016626897
0.0015671232
0.001478301
0.001393364
0.0013108753
0.0012338522
0.0011609775
0.0010895011
0.0010208893
0.00095636307
0.00089465975
0.00083538106
0.00077940377
0.00072400887
0.00067067768
0.00062388415
0.00057741182
0.00053193365
0.00048933504
0.00044903064
0.00041094081
0.00037578612
0.00034337161
0.00031364883
0.00028673999
0.00026180655
0.00023887204
0.00021831428
0.00019996696
0.00018365687
0.00016896765
0.00015611053
0.00014416069
0.00013336613
0.00012331803
0.00011423201
0.00010648234
9.8963941e-05
9.1602723e-05
8.4559078e-05
7.7956609e-05
7.1723171e-05
6.5520529e-05
5.9371748e-05
5.3561564e-05
5.1608395e-05
4.9158589e-05
4.3671687e-05
3.8009459e-05
3.2786488e-05
2.6865965e-05
2.4507319e-05
2.6195773e-05
2.4320646e-05
1.9404976e-05
1.3700221e-05
9.4454841e-06
9.9502503e-06
8.0872084e-06
2.9481615e-06
-1.0528566e-06
-4.9016797e-06
-4.5327109e-06
-5.6965251e-06
-1.0585876e-05
-1.4027459e-05
-1.5845187e-05
-1.5522783e-05
-1.6567589e-05
-1.9556582e-05
-2.2079582e-05
-2.3740151e-05
-2.268074e-05
-2.2079137e-05
-2.4756038e-05
-2.6521725e-05
-2.7602162e-05
-2.6276322e-05
-2.4981551e-05
-2.7272229e-05
-2.8521021e-05
-2.9499498e-05
-2.7290744e-05
-2.6214267e-05
-2.7631937e-05
-2.9116359e-05
-2.879582e-05
-2.7641019e-05
-2.5936281e-05
-2.6734115e-05
-2.7987765e-05
-3.5746916e-05
-6.3915223e-05
-4.4355755e-05
-0.00011688441
0.24883303
0.19103599
0.16661335
0.15024908
0.13097797
0.1146685
0.1018029
0.091039021
0.081845919
0.074014794
0.067282341
0.061412897
0.056247366
0.051647903
0.047521767
0.043804081
0.040442781
0.037389411
0.034609943
0.032071823
0.029748567
0.02761795
0.025661712
0.023861475
0.022203683
0.02067423
0.019262085
0.017957665
0.01675113
0.015634305
0.014599153
0.013639239
0.012747725
0.011919418
0.011148941
0.010432346
0.0097652943
0.0091442791
0.0085655431
0.0080262894
0.0075236656
0.0070552026
0.0066188399
0.0062123196
0.0058317993
0.0054754331
0.0051430728
0.0048328716
0.0045431808
0.004272546
0.0040195404
0.0037830269
0.0035617286
0.0033548443
0.0031608831
0.0029791297
0.0028089085
0.0026491491
0.0024987573
0.0023569724
0.0022231374
0.0020971613
0.0019774611
0.0018652745
0.0017622138
0.0016636896
0.0015683594
0.0014797658
0.0013950477
0.0013127702
0.0012359472
0.0011632568
0.0010919493
0.0010234898
0.00095909986
0.00089751156
0.00083832813
0.00078242494
0.00072708221
0.00067378154
0.00062699702
0.00058050899
0.00053499442
0.00049234089
0.00045196201
0.00041378159
0.00037852351
0.00034599578
0.00031615335
0.00028912252
0.00026406706
0.00024101345
0.00022034149
0.00020188632
0.00018547471
0.0001706918
0.00015774846
0.0001457201
0.00013485347
0.00012474039
0.00011559485
0.00010779127
0.00010022316
9.2816367e-05
8.5730735e-05
7.9089007e-05
7.2818872e-05
6.6581755e-05
6.0400342e-05
5.4558579e-05
5.2575789e-05
5.0097668e-05
4.4584286e-05
3.8896096e-05
3.3647891e-05
2.8048013e-05
2.5315437e-05
2.6976567e-05
2.5154553e-05
2.014411e-05
1.4399013e-05
1.0227376e-05
1.0607591e-05
8.7483751e-06
3.5671827e-06
-4.4923047e-07
-4.1737696e-06
-3.9774243e-06
-5.1827795e-06
-1.0087019e-05
-1.3511975e-05
-1.54042e-05
-1.5094864e-05
-1.6084291e-05
-1.9170164e-05
-2.1701862e-05
-2.3394256e-05
-2.2355955e-05
-2.1683503e-05
-2.446969e-05
-2.623091e-05
-2.7364996e-05
-2.6038292e-05
-2.4748315e-05
-2.707139e-05
-2.8323061e-05
-2.9223158e-05
-2.7129859e-05
-2.6061068e-05
-2.7498641e-05
-2.8901756e-05
-2.8587445e-05
-2.7542168e-05
-2.5829027e-05
-2.6656073e-05
-2.7912149e-05
-3.5675782e-05
-6.3618746e-05
-4.2274304e-05
-0.00011251812
0.24782585
0.19054853
0.16596477
0.14994365
0.13079083
0.11450585
0.10168886
0.090962903
0.081791483
0.073974616
0.067251755
0.061388516
0.056227089
0.051629966
0.047504905
0.04378817
0.040427942
0.037376087
0.034598155
0.032061965
0.029740711
0.02761194
0.025657162
0.023858047
0.022201079
0.020672264
0.019260583
0.017956486
0.016750195
0.015633533
0.014598515
0.013638675
0.012747239
0.01191897
0.011148533
0.010431927
0.0097648975
0.0091438715
0.0085651459
0.0080258681
0.0075232403
0.0070547451
0.0066183655
0.0062117971
0.0058312356
0.0054748036
0.0051423559
0.0048320839
0.0045423078
0.0042715879
0.004018513
0.003781932
0.0035606052
0.003353704
0.0031597561
0.0029780701
0.0028079492
0.0026483152
0.0024980907
0.0023564876
0.0022228649
0.0020971097
0.001977646
0.0018656971
0.0017628879
0.0016646082
0.0015695218
0.0014811666
0.001396678
0.0013146235
0.0012380146
0.0011655237
0.0010944007
0.0010261107
0.00096187564
0.00090042182
0.00084135358
0.00078554494
0.00073027487
0.00067702523
0.00063027014
0.00058378541
0.0005382517
0.00049555899
0.00045511939
0.00041685941
0.00038150616
0.00034887072
0.00031891142
0.00029175886
0.00026657944
0.00024340297
0.00022261161
0.00020404241
0.00018752239
0.00017263844
0.0001596014
0.00014748708
0.00013654106
0.00012635596
0.00011714423
0.00010928038
0.00010165664
9.4198623e-05
8.7065731e-05
8.0379726e-05
7.4068161e-05
6.7792168e-05
6.1573938e-05
5.5696432e-05
5.3680061e-05
5.1170028e-05
4.56268e-05
3.990967e-05
3.4633403e-05
2.9223451e-05
2.6241279e-05
2.7873645e-05
2.6111031e-05
2.0993675e-05
1.5214623e-05
1.1067833e-05
1.1370792e-05
9.5148845e-06
4.2845487e-06
2.4774935e-07
-3.3759201e-06
-3.3340516e-06
-4.5803043e-06
-9.5018639e-06
-1.29094e-05
-1.4881766e-05
-1.4587209e-05
-1.5481799e-05
-1.8709293e-05
-2.1240825e-05
-2.2978622e-05
-2.1965203e-05
-2.1244441e-05
-2.4120006e-05
-2.591458e-05
-2.7073779e-05
-2.574263e-05
-2.447327e-05
-2.6817368e-05
-2.8074965e-05
-2.89202e-05
-2.6918564e-05
-2.5865326e-05
-2.7321029e-05
-2.8661056e-05
-2.8371582e-05
-2.7403985e-05
-2.5693168e-05
-2.6541468e-05
-2.7796299e-05
-3.5563553e-05
-6.3244927e-05
-4.0903208e-05
-0.0001120589
0.24668955
0.18990127
0.1651746
0.14954032
0.13054594
0.11429596
0.10154039
0.090863416
0.081720341
0.073922402
0.067212661
0.061358277
0.056202934
0.051609509
0.047486383
0.043770997
0.040411804
0.037361233
0.034584187
0.032049133
0.029729443
0.027602359
0.025649266
0.023851716
0.022196007
0.020668264
0.019257497
0.017954096
0.01674833
0.015632052
0.01459734
0.013637703
0.012746449
0.011918301
0.011147973
0.010431411
0.0097644351
0.0091434251
0.0085647296
0.0080254455
0.0075228232
0.0070543055
0.0066179139
0.0062113028
0.0058306992
0.0054742002
0.0051416646
0.004831317
0.0045414509
0.0042706393
0.004017486
0.0037808279
0.0035594591
0.0033525252
0.0031585781
0.0029769451
0.0028069068
0.0026473847
0.0024973155
0.002355886
0.0022224698
0.0020969326
0.0019777041
0.0018659947
0.001763442
0.0016654131
0.0015705781
0.0014824708
0.0013982227
0.001316403
0.0012400226
0.001167747
0.0010968247
0.0010287219
0.00096466132
0.00090336269
0.00084443111
0.00078873927
0.00073356439
0.00068038868
0.00063368627
0.00058722697
0.0005416946
0.00049898182
0.00045849882
0.00042017387
0.00038473705
0.00035200247
0.00032193187
0.00029466018
0.00026935673
0.00024605503
0.00022514007
0.0002064513
0.00018981626
0.00017482394
0.00016168553
0.00014947747
0.00013844427
0.00012817953
0.00011889427
0.00011096312
0.00010327718
9.5761731e-05
8.8575705e-05
8.1839799e-05
7.5481494e-05
6.9161687e-05
6.2901956e-05
5.6984172e-05
5.4929799e-05
5.2383624e-05
4.6806792e-05
4.105733e-05
3.5749968e-05
3.0401175e-05
2.7291241e-05
2.8893363e-05
2.7194666e-05
2.1959324e-05
1.6151513e-05
1.1985914e-05
1.2244493e-05
1.039372e-05
5.1051964e-06
1.0427663e-06
-2.5144948e-06
-2.5974386e-06
-3.883001e-06
-8.8260507e-06
-1.2222984e-05
-1.4268725e-05
-1.3995887e-05
-1.4754989e-05
-1.817001e-05
-2.0698994e-05
-2.2489813e-05
-2.1502759e-05
-2.0761479e-05
-2.3703506e-05
-2.5558421e-05
-2.6713697e-05
-2.5387193e-05
-2.4148406e-05
-2.6507032e-05
-2.7774525e-05
-2.8592663e-05
-2.6656446e-05
-2.5621368e-05
-2.7096358e-05
-2.8403968e-05
-2.8150813e-05
-2.722377e-05
-2.5523179e-05
-2.6388035e-05
-2.7639101e-05
-3.5407089e-05
-6.2823323e-05
-4.0344157e-05
-0.00011611685
0.24530901
0.18904427
0.16421856
0.1490091
0.13022381
0.11402517
0.10134711
0.09073321
0.081627122
0.073853958
0.067161773
0.061319502
0.056172711
0.051584773
0.047464876
0.043751739
0.04039409
0.037344993
0.034569039
0.032034918
0.029716294
0.027590356
0.025638584
0.023842518
0.022188161
0.020661647
0.01925207
0.017949746
0.016744857
0.015629268
0.01459512
0.013635902
0.012745
0.011917109
0.011146996
0.010430585
0.0097637387
0.0091427992
0.0085641715
0.0080249203
0.0075223283
0.0070538116
0.0066174237
0.0062107855
0.0058301455
0.0054735841
0.0051409656
0.0048305413
0.0045405838
0.0042696761
0.0040164365
0.0037796946
0.0035582686
0.0033512866
0.0031573289
0.0029757311
0.0028057557
0.0026463294
0.0024964004
0.0023551339
0.0022219155
0.0020965919
0.0019775951
0.0018661264
0.0017638347
0.0016660632
0.0015714865
0.0014836374
0.0013996411
0.0013180685
0.0012419316
0.0011698879
0.0010991834
0.0010312866
0.0009674214
0.00090630018
0.00084752841
0.00079197764
0.00073692267
0.00068384637
0.000637223
0.00059081465
0.00054530768
0.00050259769
0.00046209261
0.00042372137
0.00038821649
0.000355395
0.00032522199
0.00029783668
0.00027241149
0.0002489841
0.00022794272
0.00020912976
0.00019237365
0.00017726582
0.00016401825
0.00015170837
0.00014057976
0.0001302272
0.00012086048
0.0001128543
0.00010509875
9.7518952e-05
9.0273289e-05
8.3481333e-05
7.7070262e-05
7.0701092e-05
6.4394615e-05
5.8431411e-05
5.6334067e-05
5.3747098e-05
4.8132311e-05
4.2346734e-05
3.7004832e-05
3.1613655e-05
2.8471963e-05
3.0041664e-05
2.840867e-05
2.3046788e-05
1.7213406e-05
1.3004709e-05
1.3233375e-05
1.139452e-05
6.0340808e-06
1.9410247e-06
-1.5916556e-06
-1.7622925e-06
-3.0812821e-06
-8.0550738e-06
-1.1453544e-05
-1.3561886e-05
-1.3317001e-05
-1.392649e-05
-1.754837e-05
-2.0078672e-05
-2.1924426e-05
-2.0964883e-05
-2.0230884e-05
-2.3216676e-05
-2.5143786e-05
-2.6281178e-05
-2.4969533e-05
-2.3763868e-05
-2.613708e-05
-2.7419046e-05
-2.8235656e-05
-2.6342797e-05
-2.5325492e-05
-2.6821911e-05
-2.8127364e-05
-2.7917181e-05
-2.699904e-05
-2.5312721e-05
-2.6193191e-05
-2.7440532e-05
-3.5202625e-05
-6.2362305e-05
-4.0172184e-05
-0.00012263378
0.24360706
0.18794099
0.16304706
0.14830846
0.12979821
0.11367587
0.10109538
0.090562576
0.081504846
0.073764024
0.067094886
0.06126884
0.056133675
0.051553489
0.04743844
0.043728833
0.040373645
0.037326589
0.03455222
0.032019363
0.029701837
0.027576959
0.025626217
0.023831324
0.022178123
0.020652737
0.01924429
0.017943125
0.016739309
0.015624648
0.014591313
0.01363276
0.012742426
0.01191499
0.011145243
0.010429123
0.009762533
0.0091417638
0.0085632769
0.0080241233
0.0075216117
0.0070531388
0.0066167887
0.0062101537
0.0058294958
0.0054728858
0.0051401971
0.0048297026
0.0045396575
0.0042686544
0.0040153239
0.0037784946
0.0035569982
0.0033499537
0.0031559737
0.0029743921
0.0028044588
0.002645109
0.0024953017
0.0023541839
0.0022211521
0.0020960349
0.0019772648
0.0018660366
0.0017640106
0.001666503
0.0015721922
0.0014846125
0.0014008804
0.0013195681
0.0012436912
0.001171898
0.0011014298
0.0010337593
0.00097011197
0.00090919227
0.00085060554
0.00079522255
0.00074031472
0.00068736618
0.00064085166
0.0005945236
0.00054907
0.00050638986
0.00046588855
0.00042749441
0.00039194156
0.00035904974
0.00032878722
0.00030129733
0.0002757557
0.00025220455
0.00023103575
0.0002120953
0.00019521294
0.00017998291
0.00016661848
0.00015419851
0.00014296585
0.00013251674
0.00012305996
0.00011497042
0.00010713701
9.9485095e-05
9.2172386e-05
8.5317505e-05
7.8847148e-05
7.2422305e-05
6.6063146e-05
6.0048812e-05
5.7902956e-05
5.5269795e-05
4.9612106e-05
4.3786027e-05
3.8405806e-05
3.2908849e-05
2.9790622e-05
3.132465e-05
2.9754292e-05
2.4262042e-05
1.8403826e-05
1.414349e-05
1.4342275e-05
1.2531276e-05
7.0762149e-06
2.9479879e-06
-5.9513786e-07
-8.2304838e-07
-2.1583216e-06
-7.1845875e-06
-1.0598689e-05
-1.2759237e-05
-1.2546624e-05
-1.3028711e-05
-1.6840567e-05
-1.9380432e-05
-2.1278423e-05
-2.0348285e-05
-1.964141e-05
-2.2656158e-05
-2.4653518e-05
-2.5776707e-05
-2.4486495e-05
-2.3311645e-05
-2.5704482e-05
-2.7005599e-05
-2.7837637e-05
-2.5974936e-05
-2.4975631e-05
-2.6495064e-05
-2.7817366e-05
-2.7656696e-05
-2.6727213e-05
-2.5057492e-05
-2.5954737e-05
-2.7202552e-05
-3.4945551e-05
-6.1873981e-05
-3.9643458e-05
-0.00012864554
0.2415287
0.18653651
0.16158127
0.14738023
0.12923179
0.11322383
0.10076663
0.090338086
0.081343982
0.073645441
0.067006521
0.061201941
0.056082355
0.051512678
0.047404585
0.043700117
0.040348728
0.037304625
0.034532595
0.032001608
0.02968559
0.027562034
0.025612438
0.023818663
0.022166505
0.020642145
0.019234713
0.01793459
0.016731808
0.015618115
0.01458569
0.013627947
0.012738345
0.01191154
0.011142337
0.010426661
0.0097604653
0.0091400068
0.0085617735
0.0080228141
0.0075204609
0.007052101
0.0066158456
0.0062092653
0.0058286249
0.005471994
0.0051392607
0.0048287129
0.004538593
0.0042675024
0.0040140828
0.0037771665
0.0035555922
0.0033484746
0.0031544596
0.002972876
0.0028029637
0.0026436685
0.0024939605
0.0023529731
0.0022201123
0.0020951915
0.0019766398
0.0018656509
0.0017638956
0.0016666592
0.0015726228
0.0014853256
0.0014018719
0.0013208348
0.001245237
0.0011737155
0.0011035044
0.0010360828
0.0009726787
0.0009119873
0.00085361358
0.00079842807
0.00074369767
0.00069090855
0.00064453665
0.00059832247
0.00055295467
0.00051033614
0.00046986959
0.00043148128
0.00039590584
0.00036296535
0.00033263093
0.0003050498
0.00027940068
0.00025573077
0.00023443594
0.00021536643
0.00019835389
0.00018299566
0.00016950695
0.00015696857
0.00014562289
0.00013506793
0.00012551183
0.0001173298
0.00010940954
0.00010167692
9.4288854e-05
8.7363006e-05
8.082607e-05
7.4338593e-05
6.7920142e-05
6.1848196e-05
5.9647556e-05
5.6962192e-05
5.1255835e-05
4.5384231e-05
3.9961294e-05
3.4337612e-05
3.1255141e-05
3.2748881e-05
3.1229622e-05
2.5611301e-05
1.9726558e-05
1.5412561e-05
1.5576179e-05
1.3820973e-05
8.2367716e-06
4.0693881e-06
4.9684298e-07
2.2556831e-07
-1.0889582e-06
-6.2100323e-06
-9.6530298e-06
-1.1857764e-05
-1.1680821e-05
-1.2079389e-05
-1.604276e-05
-1.8602307e-05
-2.0547901e-05
-1.9649652e-05
-1.8978043e-05
-2.2018552e-05
-2.407646e-05
-2.5199338e-05
-2.3934559e-05
-2.2788116e-05
-2.520616e-05
-2.6530749e-05
-2.7385463e-05
-2.5549077e-05
-2.4569744e-05
-2.6113237e-05
-2.7459448e-05
-2.7352669e-05
-2.640592e-05
-2.4754756e-05
-2.5670212e-05
-2.692862e-05
-3.4630017e-05
-6.1390705e-05
-3.8295534e-05
-0.00013189523
0.23898429
0.18475332
0.1597601
0.1461543
0.12847301
0.11263605
0.10033562
0.090041195
0.081131421
0.073488536
0.06688915
0.061112958
0.056014176
0.05145857
0.04736004
0.043662779
0.040316864
0.037277054
0.034508413
0.031980178
0.029666339
0.027544655
0.025596613
0.023804234
0.022153255
0.020629986
0.019223602
0.017924488
0.016722697
0.015609931
0.014578408
0.013621494
0.012732681
0.011906586
0.011138037
0.01042292
0.0097572366
0.009137216
0.0085593603
0.0080207086
0.0075186147
0.0070504579
0.006614378
0.0062079259
0.0058273593
0.0054707513
0.0051380144
0.0048274448
0.0045372749
0.0042661153
0.0040126183
0.0037756201
0.0035539694
0.003346776
0.0031527119
0.0029711099
0.0028012002
0.0026419351
0.0024922999
0.0023514187
0.0022187079
0.0020939679
0.0019756219
0.0018648682
0.0017633895
0.0016664325
0.0015726804
0.0014856816
0.0014025239
0.0013217801
0.0012464841
0.0011752598
0.0011053308
0.0010381846
0.00097505305
0.0009146207
0.00085649185
0.0008015376
0.00074701882
0.00069442487
0.00064823412
0.00060217239
0.00055692788
0.00051440811
0.00047401311
0.00043566552
0.00040009899
0.0003671374
0.00033675433
0.00030910037
0.00028335711
0.00025957715
0.00023816069
0.00021896288
0.00020181787
0.00018632653
0.00017270666
0.00016004165
0.00014857374
0.00013790313
0.00012823772
0.00011995329
0.00011193628
0.00010411335
9.6640824e-05
8.9635028e-05
8.3022901e-05
7.6464679e-05
6.9979606e-05
6.3843126e-05
6.1580563e-05
5.8836071e-05
5.3074382e-05
4.7151344e-05
4.1680701e-05
3.5939718e-05
3.2874327e-05
3.4322018e-05
3.2829229e-05
2.7101288e-05
2.1186208e-05
1.6817821e-05
1.6940641e-05
1.5275017e-05
9.5211331e-06
5.3110289e-06
1.701574e-06
1.3886822e-06
1.44042e-07
-5.1268856e-06
-8.6092752e-06
-1.0853687e-05
-1.0715524e-05
-1.108177e-05
-1.5151165e-05
-1.7739946e-05
-1.9729168e-05
-1.8865587e-05
-1.8230136e-05
-2.1300596e-05
-2.3408291e-05
-2.4546299e-05
-2.3310212e-05
-2.2192307e-05
-2.4639302e-05
-2.5991052e-05
-2.6870881e-05
-2.5061783e-05
-2.4105176e-05
-2.5673944e-05
-2.7045287e-05
-2.6990811e-05
-2.603272e-05
-2.4402117e-05
-2.5337505e-05
-2.6622953e-05
-3.4248861e-05
-6.0957453e-05
-3.6277595e-05
-0.00013188674
0.23589064
0.18258749
0.15750913
0.14452881
0.12745016
0.11186981
0.099769983
0.089647359
0.080849763
0.07328042
0.06673273
0.060993948
0.055922967
0.05138614
0.04730066
0.043613287
0.040274997
0.037241212
0.034477385
0.031953074
0.029642384
0.027523362
0.025577536
0.023787062
0.022137657
0.020615765
0.019210646
0.01791269
0.016711979
0.015600196
0.014569605
0.013613547
0.012725546
0.011900192
0.011132341
0.010417845
0.0097527359
0.0091332329
0.0085558421
0.0080175928
0.0075158489
0.007047986
0.0066121671
0.0062059281
0.0058255034
0.0054689758
0.0051362895
0.0048257424
0.0045355605
0.0042643616
0.0040108106
0.0037737436
0.0035520262
0.0033447656
0.0031506414
0.0029690054
0.0027990836
0.0026398242
0.0024902309
0.0023494244
0.0022168335
0.0020922498
0.0019740868
0.0018635567
0.0017623579
0.0016656903
0.001572235
0.0014855548
0.0014027144
0.0013222864
0.0012473222
0.0011764259
0.0011068099
0.0010399715
0.00097714749
0.00091701138
0.00085916493
0.0008044815
0.00075021381
0.00069785611
0.00065189104
0.00060602625
0.00056094843
0.00051857074
0.00047829083
0.00044002588
0.00040450672
0.00037155849
0.00034115652
0.00031345414
0.0002876353
0.00026375851
0.00024222855
0.00022290602
0.00020562842
0.00019000051
0.00017624341
0.00016344386
0.0001518444
0.00014104782
0.00013126242
0.00012286479
0.00011474015
0.00010681612
9.9248887e-05
9.2153346e-05
8.5456251e-05
7.8817855e-05
7.2257301e-05
6.6048522e-05
6.3716589e-05
6.0905093e-05
5.5080218e-05
4.9098783e-05
4.357454e-05
3.7736884e-05
3.4657924e-05
3.6052928e-05
3.4552186e-05
2.87393e-05
2.278855e-05
1.8365113e-05
1.8441909e-05
1.6881082e-05
1.0934935e-05
6.6788255e-06
3.0283741e-06
2.6711874e-06
1.5248836e-06
-3.9304677e-06
-7.4594341e-06
-9.7428175e-06
-9.6465685e-06
-1.0026991e-05
-1.4161963e-05
-1.6787621e-05
-1.8818672e-05
-1.7992704e-05
-1.7393645e-05
-2.0498993e-05
-2.2649025e-05
-2.381453e-05
-2.2610128e-05
-2.1522938e-05
-2.4001083e-05
-2.5383098e-05
-2.6290065e-05
-2.4510092e-05
-2.3579083e-05
-2.5174744e-05
-2.6571742e-05
-2.6563144e-05
-2.5605376e-05
-2.399744e-05
-2.4954289e-05
-2.6289088e-05
-3.3794119e-05
-6.0583802e-05
-3.3911159e-05
-0.00012976906
0.23178236
0.17996782
0.15474403
0.14237416
0.1260691
0.1108717
0.099029807
0.089125414
0.080476846
0.073005033
0.066524663
0.060834706
0.055800344
0.051288354
0.047220559
0.043546731
0.040218849
0.037193336
0.034436147
0.03191731
0.029611048
0.027495812
0.025553158
0.023765416
0.022118248
0.020598286
0.019194906
0.017898504
0.016699184
0.01558862
0.01455914
0.013604076
0.012716995
0.011892466
0.011125378
0.010411565
0.0097470784
0.0091281444
0.0085512656
0.0080134744
0.0075121323
0.0070446212
0.0066091217
0.0062031611
0.0058229308
0.0054665348
0.0051339534
0.0048234776
0.0045333268
0.0042621259
0.0040085506
0.0037714384
0.0035496649
0.0033423512
0.0031481724
0.0029664846
0.0027965341
0.0026372594
0.0024876754
0.0023469034
0.0022143903
0.0020899232
0.0019719051
0.0018615691
0.0017606358
0.0016642579
0.0015711126
0.0014847773
0.0014022825
0.0013221985
0.0012476091
0.0011770801
0.0011078128
0.001041324
0.0009788515
0.00091905658
0.00086153803
0.00080717324
0.00075320359
0.00070113051
0.00065544363
0.00060982779
0.00056496713
0.00052278218
0.00048266878
0.0004445365
0.00040911113
0.00037621851
0.00034583501
0.00031811552
0.00029224564
0.00026829054
0.00024665966
0.00022721949
0.00020981183
0.00019404581
0.00018014655
0.00016720504
0.00015546474
0.00014453144
0.00013461459
0.00012609202
0.00011784778
0.00010981058
0.00010213703
9.4940654e-05
8.8147644e-05
8.1418627e-05
7.4772314e-05
6.8481456e-05
6.6071976e-05
6.3184969e-05
5.7287993e-05
5.1239819e-05
4.565499e-05
3.9737692e-05
3.6616914e-05
3.7952107e-05
3.6412582e-05
3.0533713e-05
2.4540859e-05
2.0061388e-05
2.0087173e-05
1.8601897e-05
1.2484036e-05
8.1788546e-06
4.4833855e-06
4.0783451e-06
3.0116183e-06
-2.6161974e-06
-6.1960015e-06
-8.5207784e-06
-8.4696499e-06
-8.8920854e-06
-1.3071286e-05
-1.5739281e-05
-1.7812748e-05
-1.7027552e-05
-1.646722e-05
-1.9610535e-05
-2.1800111e-05
-2.3001145e-05
-2.1831245e-05
-2.0777615e-05
-2.3288845e-05
-2.4703942e-05
-2.5640556e-05
-2.3891228e-05
-2.2988705e-05
-2.461328e-05
-2.6037122e-05
-2.6067294e-05
-2.5121621e-05
-2.3538567e-05
-2.4518545e-05
-2.5929304e-05
-3.3258809e-05
-6.0189237e-05
-3.1333299e-05
-0.00012665974
0.22538495
0.17652774
0.15140319
0.1395436
0.1242097
0.1095775
0.098069499
0.088438273
0.079985304
0.072642532
0.066250474
0.060625142
0.055638901
0.051158567
0.047113957
0.043458417
0.040144788
0.037130587
0.034382502
0.031871109
0.029570894
0.027460776
0.025522416
0.023738325
0.022094149
0.020576667
0.019175449
0.017880989
0.016683412
0.015574372
0.014546258
0.013592402
0.01270642
0.011882867
0.011116672
0.010403657
0.0097398969
0.0091216306
0.0085453564
0.0080081217
0.0075072793
0.0070402248
0.0066051787
0.0061996353
0.0058196772
0.0054634679
0.0051310452
0.0048206829
0.0045305971
0.0042594211
0.0040058412
0.0037686997
0.0035468778
0.003339512
0.0031452844
0.0029635354
0.0027935346
0.002634217
0.0024846102
0.0023438279
0.0022113376
0.0020869248
0.0019689935
0.0018588119
0.0017580936
0.00166195
0.001569098
0.0014831295
0.0014010146
0.0013213133
0.0012471455
0.0011770557
0.0011081802
0.0010420951
0.00098003475
0.00092062942
0.00086349314
0.00080950591
0.00075589149
0.00070416155
0.000658816
0.00061351109
0.00056892698
0.00052699432
0.0004871085
0.00044916837
0.0004138921
0.00038110612
0.00035078702
0.00032308956
0.0002971999
0.00027319098
0.00025147698
0.00023193036
0.0002143983
0.00019849492
0.00018445002
0.00017135983
0.00015946949
0.00014838826
0.00013832776
0.00012966747
0.00012129039
0.00011312647
0.00010533344
9.802375e-05
9.1122314e-05
8.4290535e-05
7.7547153e-05
7.1163138e-05
6.8665937e-05
6.5693255e-05
5.9714286e-05
5.3590355e-05
4.7936264e-05
4.1946235e-05
3.8763802e-05
4.0031699e-05
3.8433882e-05
3.2494159e-05
2.6452017e-05
2.1914709e-05
2.1884641e-05
2.041365e-05
1.4174876e-05
9.8175154e-06
6.0726943e-06
5.6158473e-06
4.5755267e-06
-1.1791437e-06
-4.8124643e-06
-7.1829581e-06
-7.180298e-06
-7.6533393e-06
-1.1875139e-05
-1.4589408e-05
-1.6707675e-05
-1.5966662e-05
-1.5448548e-05
-1.8631935e-05
-2.0861918e-05
-2.2103341e-05
-2.097066e-05
-1.995337e-05
-2.2499879e-05
-2.3950845e-05
-2.4919725e-05
-2.3203045e-05
-2.2331506e-05
-2.3987231e-05
-2.5439626e-05
-2.5503888e-05
-2.4579368e-05
-2.3023498e-05
-2.4028087e-05
-2.5541383e-05
-3.2639035e-05
-5.9644654e-05
-2.8607489e-05
-0.00012314131
0.21530811
0.1719691
0.14759026
0.13596487
0.12177882
0.10794537
0.096864362
0.087563456
0.07935751
0.07217763
0.065894358
0.060352805
0.05543193
0.050992654
0.046976804
0.043343784
0.040047878
0.037047931
0.034311513
0.031809767
0.029517477
0.02741417
0.025481589
0.023702415
0.022062459
0.020548772
0.01915083
0.017859112
0.016663963
0.015557058
0.014530845
0.013578655
0.012694161
0.01187191
0.011106881
0.010394889
0.0097320381
0.0091145884
0.0085390322
0.0080024548
0.0075021978
0.0070356603
0.0066010773
0.0061958805
0.0058160931
0.0054600067
0.0051277117
0.0048174582
0.0045274531
0.0042563222
0.0040027534
0.0037655876
0.0035437264
0.0033363094
0.0031420296
0.0029602192
0.0027901564
0.0026307637
0.0024810939
0.0023402486
0.0022077072
0.0020832339
0.0019652356
0.0018551931
0.0017547524
0.0016587464
0.0015660543
0.0014803884
0.0013986446
0.0013193699
0.0012455924
0.0011760807
0.001107704
0.0010420919
0.00098053447
0.00092157781
0.00086488962
0.00081135398
0.00075816419
0.00070684823
0.0006619204
0.00061700046
0.00057276377
0.0005311539
0.00049156903
0.00045389195
0.00041883002
0.00038621157
0.00035601234
0.00032838458
0.00030251351
0.00027848164
0.00025670803
0.00023707068
0.00021942343
0.00020338607
0.00018919372
0.00017594896
0.00016389958
0.00015265875
0.00014244144
0.0001336295
0.00012510489
0.00011679897
0.00010887142
0.00010143444
9.4410124e-05
8.7461449e-05
8.0607744e-05
7.4118565e-05
7.1522111e-05
6.8451737e-05
6.2378221e-05
5.6167858e-05
5.0435516e-05
4.4369941e-05
4.1113266e-05
4.2305989e-05
4.0637312e-05
3.4631954e-05
2.8532695e-05
2.393449e-05
2.3843623e-05
2.2335242e-05
1.6015125e-05
1.160173e-05
7.802963e-06
7.290173e-06
6.2238628e-06
3.8612406e-07
-3.3031824e-06
-5.7245094e-06
-5.7737712e-06
-6.2994243e-06
-1.0569455e-05
-1.3333138e-05
-1.5499507e-05
-1.4806398e-05
-1.4333916e-05
-1.7559926e-05
-1.9832951e-05
-2.111821e-05
-2.0025546e-05
-1.904732e-05
-2.1631535e-05
-2.3121249e-05
-2.412502e-05
-2.244353e-05
-2.1605015e-05
-2.3294339e-05
-2.4777204e-05
-2.4874241e-05
-2.3976505e-05
-2.2450201e-05
-2.3480995e-05
-2.5114319e-05
-3.1935147e-05
-5.8879403e-05
-2.5763331e-05
-0.00011949622
0.20115122
0.16630286
0.14357185
0.13178306
0.11882287
0.10601318
0.095447098
0.086518328
0.078610016
0.071628771
0.06546301
0.060009109
0.055164762
0.050780592
0.046804348
0.04320112
0.039928283
0.036946648
0.034225068
0.031735298
0.029452563
0.027357449
0.025431982
0.023659007
0.022024626
0.020516144
0.019122577
0.017834296
0.016642055
0.015537645
0.014513608
0.013563304
0.012680476
0.011859675
0.011095927
0.010385052
0.0097231815
0.0091066088
0.0085317817
0.0079958349
0.0074961312
0.0070300824
0.006595709
0.0061904051
0.0058108118
0.005455207
0.0051232583
0.0048132312
0.0045233839
0.0042523696
0.0039989
0.0037617928
0.0035399544
0.0033325381
0.0031382591
0.0029564421
0.0027863861
0.0026269897
0.0024772941
0.0023364364
0.0022039121
0.0020794752
0.0019611215
0.0018506517
0.001750446
0.0016547832
0.001562201
0.0014766669
0.0013950653
0.0013161017
0.0012428912
0.0011737402
0.0011060318
0.00104094
0.00097996851
0.00092167673
0.0008655687
0.00081258626
0.0007599064
0.00070908877
0.00066467225
0.00062022005
0.00057641325
0.0005352081
0.0004960116
0.00045868244
0.00042391076
0.00039153137
0.00036151815
0.0003340167
0.00030820971
0.00028419211
0.00026238819
0.00024268047
0.00022493076
0.00020876548
0.00019442564
0.00018102117
0.0001688038
0.00015739104
0.00014700271
0.00013802375
0.0001293352
0.00012086993
0.00011279057
0.00010520908
9.8045984e-05
9.0964546e-05
8.3984827e-05
7.737641e-05
7.4667882e-05
7.1487341e-05
6.5304516e-05
5.8992769e-05
5.3171331e-05
4.7022732e-05
4.3682886e-05
4.4791893e-05
4.3040931e-05
3.6960414e-05
3.079539e-05
2.6131675e-05
2.5974754e-05
2.4403736e-05
1.8013887e-05
1.3539267e-05
9.6816416e-06
9.1084862e-06
7.986343e-06
2.0859118e-06
-1.6627313e-06
-4.140174e-06
-4.2449256e-06
-4.8263489e-06
-9.1499312e-06
-1.1966101e-05
-1.4184132e-05
-1.3542964e-05
-1.3119256e-05
-1.6391126e-05
-1.8710281e-05
-2.0042679e-05
-1.8993008e-05
-1.8056722e-05
-2.0681069e-05
-2.2212527e-05
-2.3253865e-05
-2.1610468e-05
-2.0806845e-05
-2.2532354e-05
-2.4047728e-05
-2.4178949e-05
-2.3311034e-05
-2.1816759e-05
-2.2875227e-05
-2.4626712e-05
-3.1150841e-05
-5.7900321e-05
-2.2815441e-05
-0.00011584708
0.18383751
0.15943854
0.13942004
0.1272893
0.11552041
0.10387561
0.093886673
0.085349213
0.077764202
0.071001885
0.064989831
0.059642838
0.054861462
0.050530308
0.046598533
0.043030289
0.039784945
0.036825304
0.034120937
0.031644908
0.02937432
0.027289865
0.025373267
0.023607981
0.021980035
0.020476787
0.019087722
0.017803422
0.016614651
0.015513267
0.014491929
0.013544004
0.012663288
0.011844328
0.011082201
0.010372734
0.0097120961
0.0090966096
0.0085228006
0.0079876753
0.0074886003
0.0070230469
0.00658902
0.0061840794
0.0058050107
0.0054500062
0.0051184556
0.0048086795
0.0045190085
0.0042480981
0.0039946882
0.0037576466
0.0035359004
0.0033285143
0.0031342471
0.0029524349
0.0027824021
0.00262303
0.0024733077
0.0023324326
0.0021999433
0.0020755656
0.0019573229
0.0018467008
0.0017460497
0.0016503614
0.0015579882
0.0014727142
0.0013911276
0.0013119439
0.001239141
0.0011701392
0.0011029658
0.0010384172
0.00097790719
0.00092070807
0.00086534294
0.00081304644
0.00076100104
0.00071079339
0.000667023
0.0006231334
0.0005798417
0.00053913246
0.00050042181
0.00046353647
0.00042913794
0.0003970773
0.00036732669
0.00034001694
0.00031432567
0.0002903653
0.00026856571
0.00024881202
0.00023097563
0.00021469074
0.00020020466
0.00018663566
0.00017424107
0.00016264303
0.000152068
0.00014290488
0.00013403385
0.00012538943
0.00011713855
0.00010938815
0.00010207104
9.4839777e-05
8.7715076e-05
8.0970737e-05
7.81356e-05
7.4830874e-05
6.8523125e-05
6.2092764e-05
5.6166799e-05
4.9922469e-05
4.6491702e-05
4.7510225e-05
4.5664044e-05
3.9495657e-05
3.3254719e-05
2.8519137e-05
2.8290374e-05
2.6645304e-05
2.0181653e-05
1.5639212e-05
1.1717179e-05
1.1078976e-05
9.8895338e-06
3.9272357e-06
1.1478313e-07
-2.424216e-06
-2.5881212e-06
-3.2299748e-06
-7.6119137e-06
-1.0483957e-05
-1.2757089e-05
-1.2172231e-05
-1.1800682e-05
-1.512209e-05
-1.7490414e-05
-1.8873481e-05
-1.7870066e-05
-1.6978852e-05
-1.9645708e-05
-2.1222031e-05
-2.2303709e-05
-2.0701421e-05
-1.993458e-05
-2.1699046e-05
-2.3248996e-05
-2.3417207e-05
-2.2580922e-05
-2.1121224e-05
-2.2208952e-05
-2.4050922e-05
-3.0290717e-05
-5.6730657e-05
-1.9770963e-05
-0.00011225422
0.1676667
0.15207245
0.13511489
0.12281204
0.11209949
0.10162169
0.092240659
0.08409727
0.076841544
0.070311853
0.06445483
0.059210988
0.054502036
0.050235847
0.046357336
0.042829749
0.03961606
0.036681674
0.033997704
0.031538846
0.02928301
0.027210755
0.025304119
0.023547283
0.021926615
0.020429798
0.019046386
0.017766996
0.016582551
0.01548493
0.014466857
0.013521765
0.012643542
0.011826759
0.011066555
0.010358777
0.0096996423
0.0090854927
0.0085129821
0.0079789281
0.0074807004
0.0070158562
0.0065823805
0.0061778876
0.0057992292
0.0054447414
0.0051135872
0.0048041064
0.0045146606
0.0042438789
0.003990519
0.0037535372
0.0035318976
0.0033245452
0.003130276
0.0029484571
0.0027784144
0.0026190244
0.0024692708
0.0023283473
0.0021958137
0.0020714063
0.0019534796
0.0018430428
0.0017419379
0.0016461087
0.001553917
0.0014686977
0.0013872712
0.00130818
0.0012352469
0.0011662764
0.0010992812
0.0010351808
0.00097488685
0.00091827385
0.00086352185
0.00081228806
0.00076116551
0.0007117688
0.00066888263
0.00062575014
0.00058307237
0.00054298524
0.00050487977
0.00046852773
0.0004345752
0.00040290765
0.00037349695
0.00034644609
0.00032092291
0.000297065
0.00027530849
0.00025553583
0.00023763046
0.00022123546
0.00020660474
0.0001928657
0.00018028342
0.00016848486
0.0001577053
0.00014833854
0.00013926367
0.00013041819
0.00012197356
0.00011403361
0.00010654183
9.9135712e-05
9.1843272e-05
8.4943317e-05
8.1965176e-05
7.8519562e-05
7.2068173e-05
6.5500787e-05
5.9451673e-05
5.3094463e-05
4.9560893e-05
5.048242e-05
4.8529333e-05
4.2257206e-05
3.5928108e-05
3.1112082e-05
3.0804957e-05
2.9076793e-05
2.2530692e-05
1.7912264e-05
1.3919293e-05
1.3210985e-05
1.1948238e-05
5.9179484e-06
2.0363225e-06
-5.7018928e-07
-7.9707096e-07
-1.5045309e-06
-5.9502591e-06
-8.8821793e-06
-1.1213607e-05
-1.0689676e-05
-1.0374361e-05
-1.3749177e-05
-1.6169574e-05
-1.7607082e-05
-1.6653522e-05
-1.5810837e-05
-1.8522562e-05
-2.014698e-05
-2.1271873e-05
-1.9713964e-05
-1.8985853e-05
-2.0792146e-05
-2.237877e-05
-2.2587267e-05
-2.1784171e-05
-2.0361712e-05
-2.1480211e-05
-2.3360151e-05
-2.9356982e-05
-5.5378558e-05
-1.6632611e-05
-0.00010875826
0.15517717
0.14454213
0.13042776
0.11856126
0.10878383
0.099339994
0.090559629
0.082802787
0.075866012
0.06956861
0.063868674
0.058737523
0.054113176
0.049916162
0.046092404
0.042607284
0.039427474
0.036520679
0.033859223
0.031418946
0.029178866
0.02711993
0.025224431
0.023477153
0.021864755
0.020375198
0.018998115
0.017724167
0.016544479
0.015451028
0.014436632
0.013494779
0.012619425
0.01180516
0.011047179
0.010341368
0.0096839923
0.0090714418
0.0085003038
0.0079674569
0.0074703057
0.0070064374
0.0065737682
0.0061698904
0.0057919239
0.0054381686
0.0051075636
0.0047985006
0.0045093788
0.0042388624
0.0039857269
0.0037489167
0.0035274037
0.0033201445
0.0031259392
0.0029441718
0.0027741792
0.002614818
0.0024650775
0.0023241446
0.0021916055
0.0020672097
0.0019495291
0.0018392097
0.0017377382
0.0016418395
0.0015498766
0.0014646549
0.0013834597
0.0013046979
0.0012316441
0.0011626879
0.0010959258
0.0010320738
0.00097180658
0.00091517538
0.00086073077
0.00081027762
0.00075963894
0.00071138863
0.00066955046
0.0006276775
0.00058590265
0.00054675592
0.00050954516
0.00047383796
0.00044040032
0.00040919929
0.00038018684
0.00035343671
0.0003281143
0.00030439266
0.00028271479
0.00026294793
0.00024498991
0.00022849388
0.000213719
0.00019980224
0.00018701927
0.00017500178
0.00016399667
0.00015440352
0.00014509955
0.00013602758
0.00012736179
0.00011928318
0.00011154861
0.00010390669
9.6424892e-05
8.9347261e-05
8.6208054e-05
8.2598628e-05
7.5980882e-05
6.9254427e-05
6.3060333e-05
5.6571741e-05
5.292062e-05
5.3734781e-05
5.1659266e-05
4.5266179e-05
3.8837062e-05
3.392908e-05
3.3535837e-05
3.1714408e-05
2.5075498e-05
2.0371059e-05
1.6299225e-05
1.5515378e-05
1.4172361e-05
8.0669001e-06
4.1101807e-06
1.4291809e-06
1.1352515e-06
3.5700864e-07
-4.1591518e-06
-7.1557071e-06
-9.5481488e-06
-9.0898832e-06
-8.8361193e-06
-1.2268544e-05
-1.4743781e-05
-1.6239624e-05
-1.5339924e-05
-1.4549631e-05
-1.7308641e-05
-1.8984485e-05
-2.0155589e-05
-1.8645589e-05
-1.795822e-05
-1.9809345e-05
-2.1434697e-05
-2.1686994e-05
-2.0918739e-05
-1.9536317e-05
-2.0687144e-05
-2.2538161e-05
-2.8346706e-05
-5.3843963e-05
-1.3400084e-05
-0.00010539615
0.1461328
0.13735941
0.12531859
0.11456573
0.1056685
0.097049119
0.088830847
0.081456273
0.07482493
0.068755315
0.063216498
0.058205679
0.053672851
0.049548594
0.045783803
0.042346552
0.03920596
0.036331523
0.033696724
0.031278527
0.029057318
0.027014562
0.025132635
0.023396891
0.021794349
0.02031332
0.018943642
0.017676121
0.016502054
0.015413505
0.014403381
0.013465248
0.012593139
0.011781685
0.011026148
0.010322482
0.0096670255
0.0090562057
0.008486564
0.0079550498
0.007459093
0.0069962922
0.0065644874
0.0061612928
0.0057840536
0.005431016
0.0051009686
0.0047923536
0.0045035969
0.004233387
0.0039805016
0.0037438879
0.0035225442
0.0033154223
0.003121355
0.0029397635
0.0027699518
0.0026107261
0.0024610693
0.0023201769
0.002187686
0.0020633517
0.001945912
0.0018357279
0.0017339606
0.0016379939
0.0015462278
0.0014609592
0.0013797964
0.0013011507
0.0012279284
0.0011589161
0.0010924345
0.0010286757
0.00096846891
0.0009121336
0.00085800111
0.00080772768
0.00075743976
0.00071009508
0.00066858658
0.00062754067
0.0005871822
0.00054937314
0.00051370952
0.00047910379
0.00044654233
0.00041613365
0.00038765459
0.0003612226
0.00033610423
0.00031252597
0.00029094101
0.00027118639
0.00025317945
0.00023658414
0.00022166091
0.0002075545
0.00019455425
0.00018229542
0.00017103981
0.00016119346
0.00015163008
0.00014229012
0.00013335998
0.00012511949
0.0001170849
0.00010918814
0.00010151443
9.4234158e-05
9.0912458e-05
8.7117908e-05
8.0310231e-05
7.339898e-05
6.7034156e-05
6.0390449e-05
5.6608311e-05
5.7303635e-05
5.5084642e-05
4.8546204e-05
4.2001065e-05
3.699201e-05
3.6503772e-05
3.4577198e-05
2.7833142e-05
2.3030464e-05
1.887011e-05
1.8004594e-05
1.6572633e-05
1.0384223e-05
6.3461499e-06
3.5822224e-06
3.2167555e-06
2.3628908e-06
-2.2317911e-06
-5.2984498e-06
-7.7539137e-06
-7.3660073e-06
-7.181096e-06
-1.0676023e-05
-1.3208735e-05
-1.4766792e-05
-1.3925397e-05
-1.3191943e-05
-1.6000704e-05
-1.7731222e-05
-1.895152e-05
-1.749352e-05
-1.6849105e-05
-1.8748228e-05
-2.0414302e-05
-2.0714146e-05
-1.9982553e-05
-1.8643166e-05
-1.9827657e-05
-2.1589613e-05
-2.7251201e-05
-5.2125184e-05
-1.0068582e-05
-0.00010220758
0.13970092
0.13082418
0.11980164
0.11056402
0.10258515
0.094625481
0.086937814
0.079967259
0.073651376
0.06781207
0.062441466
0.057565629
0.053142071
0.049105286
0.045410765
0.042030521
0.03893667
0.036100926
0.033498504
0.031107842
0.028909563
0.026885655
0.025019828
0.023298012
0.021707476
0.020236862
0.018876274
0.017616684
0.016449545
0.015367043
0.014362219
0.013428747
0.012560731
0.011752845
0.011000416
0.010299471
0.0096464476
0.0090378162
0.0084700661
0.0079402061
0.0074457771
0.0069843703
0.006553658
0.0061513307
0.0057749756
0.0054227833
0.0050934166
0.0047853496
0.0044970466
0.00422721
0.0039746208
0.0037382443
0.003517113
0.0033101483
0.0031162449
0.0029348354
0.0027651737
0.0026060853
0.0024565344
0.0023156786
0.0021832157
0.0020589511
0.001941748
0.0018317013
0.0017296698
0.0016336109
0.0015419922
0.0014563336
0.0013748812
0.0012964684
0.0012232809
0.0011543305
0.0010881316
0.0010253111
0.00096595337
0.00090973241
0.00085579331
0.00080560233
0.00075569037
0.00070857649
0.00066718609
0.00062655029
0.00058735705
0.00055032171
0.00051551345
0.00048226788
0.00045114434
0.00042243554
0.00039522458
0.00036958102
0.00034496055
0.00032165416
0.00030019581
0.00028044698
0.0002623758
0.00024565793
0.00023056458
0.00021624452
0.00020300344
0.00019047588
0.00017894202
0.00016881329
0.00015895543
0.00014929753
0.00014006263
0.00013147228
0.00012317212
0.00011506389
0.00010711458
9.9588281e-05
9.6050965e-05
9.2110018e-05
8.5109658e-05
7.7983722e-05
7.1416799e-05
6.4592911e-05
6.066322e-05
6.1226085e-05
5.8846997e-05
5.2131921e-05
4.5445529e-05
4.0317945e-05
3.9727882e-05
3.7689669e-05
3.0822864e-05
2.5908804e-05
2.1647266e-05
2.0692881e-05
1.916196e-05
1.2881255e-05
8.755542e-06
5.8984276e-06
5.4563168e-06
4.5220475e-06
-1.6035481e-07
-3.303466e-06
-5.82523e-06
-5.5125424e-06
-5.4035436e-06
-8.9670776e-06
-1.1559762e-05
-1.3183732e-05
-1.2405559e-05
-1.1734209e-05
-1.4595046e-05
-1.6382966e-05
-1.7655032e-05
-1.6254246e-05
-1.5655572e-05
-1.7606254e-05
-1.9314885e-05
-1.9666283e-05
-1.8973272e-05
-1.768005e-05
-1.8899142e-05
-2.0541321e-05
-2.6058706e-05
-5.0218557e-05
-6.6117375e-06
-9.9239325e-05
0.13427562
0.12460769
0.11388605
0.1062483
0.099254747
0.091894629
0.084727694
0.078196388
0.07224007
0.066663905
0.06148272
0.056759411
0.052464259
0.048534309
0.04492715
0.041618592
0.038584108
0.035798066
0.033237572
0.030882312
0.028713724
0.026714963
0.024870866
0.023167806
0.021593332
0.020136565
0.018788087
0.017539141
0.016381359
0.015307058
0.014309422
0.013382218
0.012519602
0.011716322
0.010967827
0.01027032
0.0096203868
0.0090145639
0.0084492822
0.0079215884
0.0074291205
0.0069694278
0.0065400935
0.006138944
0.0057637605
0.00541267
0.0050842261
0.0047769149
0.0044892418
0.0042199403
0.0039677963
0.0037318044
0.0035110293
0.0033043902
0.003110835
0.0029296234
0.0027598982
0.0026006734
0.0024511058
0.0023103262
0.0021778539
0.0020534952
0.001936429
0.0018265718
0.0017243875
0.0016282906
0.0015368192
0.0014510796
0.0013698278
0.00129186
0.0012187199
0.0011497841
0.0010838278
0.0010213906
0.00096247139
0.00090659252
0.00085307047
0.00080317647
0.00075386116
0.00070704391
0.00066551842
0.00062532171
0.00058677337
0.00055027372
0.00051582443
0.00048368075
0.00045356171
0.00042585909
0.00040000983
0.00037592605
0.00035289337
0.00033079462
0.00031008303
0.00029070734
0.00027272491
0.00025588285
0.00024058128
0.00022600214
0.00021247834
0.00019964077
0.0001877973
0.00017735888
0.00016716877
0.00015717093
0.0001476136
0.00013865804
0.00013010778
0.00012167241
0.00011334352
0.00010552332
0.00010174218
9.7651417e-05
9.0424624e-05
8.3043782e-05
7.6230737e-05
6.9220869e-05
6.5119459e-05
6.5518292e-05
6.2984661e-05
5.6062974e-05
4.9204653e-05
4.3931849e-05
4.3232213e-05
4.1068402e-05
3.4062691e-05
2.9029365e-05
2.4647076e-05
2.3597695e-05
2.1955915e-05
1.5570078e-05
1.1351432e-05
8.3886659e-06
7.8636718e-06
6.8416655e-06
2.062771e-06
-1.1658535e-06
-3.7692162e-06
-3.5378276e-06
-3.4973895e-06
-7.1366546e-06
-9.7917147e-06
-1.1484909e-05
-1.0775358e-05
-1.0172499e-05
-1.308815e-05
-1.4936574e-05
-1.6263435e-05
-1.4925245e-05
-1.437519e-05
-1.6380685e-05
-1.8133498e-05
-1.8540599e-05
-1.7887891e-05
-1.6643833e-05
-1.7897684e-05
-1.9426446e-05
-2.4757446e-05
-4.8117074e-05
-2.9666389e-06
-9.6548768e-05
0.12725018
0.11732951
0.10762529
0.10147427
0.095406515
0.088645001
0.082047791
0.075995189
0.070384433
0.065110529
0.060203456
0.055698903
0.051570951
0.04777492
0.044280098
0.041065825
0.038110309
0.035390883
0.032886969
0.030579796
0.028451866
0.026487436
0.02467253
0.022994522
0.021441808
0.020003993
0.018672019
0.017437519
0.016292296
0.015228801
0.014240421
0.013321204
0.012465617
0.011668581
0.010925711
0.010233277
0.0095876977
0.008985626
0.0084237387
0.0078990152
0.0074090217
0.0069513573
0.0065237724
0.0061242015
0.0057505427
0.0054008863
0.0050736769
0.0047674273
0.0044806843
0.0042121408
0.0039605963
0.0037250805
0.0035047147
0.0032984803
0.0031053588
0.0029244489
0.0027548668
0.0025957379
0.0024462085
0.0023054596
0.0021730971
0.0020488091
0.0019318773
0.0018221358
0.0017197802
0.0016236074
0.0015322438
0.0014464455
0.0013652637
0.0012875979
0.0012144909
0.0011455545
0.0010798063
0.0010175414
0.00095885408
0.00090324951
0.00084996922
0.00080012646
0.00075133315
0.00070505452
0.0006635219
0.0006236434
0.00058549455
0.00054935403
0.00051538602
0.0004839194
0.00045449329
0.00042706223
0.00040188508
0.00037872364
0.00035700948
0.00033652229
0.00031747279
0.0002996662
0.00028290587
0.00026674141
0.00025162404
0.00023689742
0.00022306501
0.00020985426
0.00019765961
0.00018688118
0.00017631257
0.00016594287
0.00015603741
0.00014678031
0.00013791784
0.00012908914
0.00012040422
0.00011228683
0.00010826292
0.00010388941
9.634003e-05
8.8650902e-05
8.1543527e-05
7.4309229e-05
7.0023628e-05
7.0243673e-05
6.7530303e-05
6.0372873e-05
5.3306508e-05
4.7867469e-05
4.7047566e-05
4.4736613e-05
3.757752e-05
3.2402308e-05
2.788052e-05
2.6742899e-05
2.4971167e-05
1.8463462e-05
1.4149481e-05
1.1065153e-05
1.0448823e-05
9.3355968e-06
4.4474581e-06
1.1212886e-06
-1.5711719e-06
-1.4257868e-06
-1.4570641e-06
-5.1793734e-06
-7.8989308e-06
-9.6640582e-06
-9.0290126e-06
-8.5024816e-06
-1.1480101e-05
-1.3399533e-05
-1.4791496e-05
-1.3513129e-05
-1.3009641e-05
-1.5068749e-05
-1.6866839e-05
-1.7334062e-05
-1.6724169e-05
-1.5533117e-05
-1.6822367e-05
-1.8267593e-05
-2.3332627e-05
-4.5809714e-05
8.9673478e-07
-9.420022e-05
0.11909078
0.10979991
0.10084408
0.095754128
0.090597187
0.08455842
0.078605486
0.073108832
0.06795556
0.063077215
0.058504887
0.05426707
0.050353475
0.046737131
0.043395096
0.040309409
0.037461702
0.034833412
0.032407168
0.030165948
0.028093673
0.026176326
0.024401598
0.022758174
0.021235545
0.019823896
0.018514741
0.017300308
0.01617245
0.015123679
0.014147703
0.013239079
0.012392901
0.011604534
0.010869718
0.010184453
0.0095449173
0.0089478447
0.0083903905
0.0078696553
0.0073829139
0.0069279035
0.0065026623
0.0061052183
0.0057335876
0.0053858723
0.0050603996
0.0047556906
0.0044702837
0.0042027297
0.0039519638
0.0037170386
0.0034970742
0.0032912405
0.0030986073
0.0029182226
0.002749087
0.0025902044
0.0024407229
0.0022999564
0.0021676885
0.0020435884
0.0019269292
0.0018173587
0.0017149191
0.0016187908
0.0015276065
0.0014417934
0.0013606917
0.0012834057
0.0012105037
0.001141711
0.0010762603
0.001014266
0.0009559235
0.00090066873
0.0008477175
0.00079783839
0.00074951
0.00070368656
0.00066209141
0.00062239526
0.00058445257
0.00054856727
0.00051484335
0.00048354854
0.00045439461
0.00042725177
0.00040241738
0.00037956629
0.00035831643
0.00033861027
0.00032051783
0.00030390594
0.00028854847
0.00027416292
0.0002606422
0.00024715639
0.00023400724
0.00022095791
0.00020858128
0.00019741091
0.00018635093
0.00017553623
0.00016525358
0.00015567847
0.00014645973
0.00013725076
0.00012820839
0.00011978953
0.00011553434
0.00011085324
0.00010294093
9.4899911e-05
8.7461114e-05
7.992066e-05
7.5438796e-05
7.5505376e-05
7.2539048e-05
6.5090358e-05
5.7772049e-05
5.2145346e-05
5.119883e-05
4.8729452e-05
4.1394997e-05
3.6042265e-05
3.1364334e-05
3.0136041e-05
2.8215019e-05
2.1578814e-05
1.7167211e-05
1.3939212e-05
1.3222176e-05
1.2025548e-05
7.0074614e-06
3.5692233e-06
8.1159215e-07
8.7374499e-07
7.2871506e-07
-3.0897665e-06
-5.8752544e-06
-7.7141464e-06
-7.1599472e-06
-6.7193758e-06
-9.7648735e-06
-1.1762242e-05
-1.3226259e-05
-1.2010148e-05
-1.1553662e-05
-1.3667842e-05
-1.5511262e-05
-1.6044886e-05
-1.5487685e-05
-1.4360983e-05
-1.5692949e-05
-1.7083949e-05
-2.1802829e-05
-4.3321556e-05
4.8970968e-06
-9.2226272e-05
0.10938054
0.10128042
0.093359233
0.089069881
0.084774743
0.079570626
0.074348945
0.069484459
0.064875207
0.060464012
0.056288638
0.052384397
0.048750665
0.045369846
0.042226409
0.039307882
0.036600767
0.034092091
0.031768917
0.029615376
0.02761691
0.025762305
0.024041581
0.022444601
0.02096165
0.01958387
0.018304213
0.017115938
0.016011034
0.014982254
0.014023714
0.013130257
0.012297235
0.011520399
0.010795724
0.010119259
0.0094874576
0.0088970777
0.0083453771
0.0078297706
0.0073475703
0.0068966032
0.0064748874
0.0060805611
0.0057117964
0.005366684
0.0050434741
0.0047406807
0.0044568503
0.0041905697
0.0039409157
0.0037069047
0.0034875563
0.0032823317
0.0030904119
0.0029108319
0.0027425948
0.0025843014
0.0024350033
0.0022943484
0.0021622395
0.0020383275
0.0019219376
0.0018125977
0.0017102033
0.0016141481
0.0015232607
0.001437559
0.0013564575
0.0012793635
0.0012064444
0.001137587
0.0010723831
0.0010106355
0.00095258114
0.00089764712
0.00084500234
0.00079513434
0.00074729494
0.00070193671
0.00066038934
0.00062093963
0.00058328032
0.00054766132
0.00051420275
0.00048303627
0.00045400156
0.00042707397
0.00040245514
0.00037971452
0.00035851103
0.0003389683
0.00032109345
0.00030480276
0.00028986248
0.00027625816
0.00026384736
0.00025193288
0.00024046863
0.00022930196
0.0002185073
0.00020809834
0.00019718675
0.00018617573
0.00017543938
0.00016537608
0.0001556395
0.00014593456
0.00013650634
0.00012780572
0.00012338651
0.00011849338
0.00011020477
0.00010175562
9.3949096e-05
8.608064e-05
8.1389544e-05
8.1308388e-05
7.80591e-05
7.023795e-05
6.2612663e-05
5.6780201e-05
5.5708466e-05
5.3069233e-05
4.553049e-05
3.9972427e-05
3.5114843e-05
3.3780484e-05
3.1702278e-05
2.4930142e-05
2.0404293e-05
1.7014025e-05
1.6199032e-05
1.4921881e-05
9.749555e-06
6.1814527e-06
3.3700232e-06
3.3519304e-06
3.0695025e-06
-8.6329989e-07
-3.7136186e-06
-5.6272753e-06
-5.1609286e-06
-4.818056e-06
-7.9279852e-06
-9.9908636e-06
-1.1515236e-05
-1.0385022e-05
-9.9904749e-06
-1.2173767e-05
-1.4062719e-05
-1.4668561e-05
-1.4171572e-05
-1.3118509e-05
-1.4497294e-05
-1.5872203e-05
-2.0187679e-05
-4.0665142e-05
8.9704696e-06
-9.0531031e-05
0.098330133
0.091963473
0.085436482
0.081737667
0.078143867
0.073797151
0.069360498
0.065168986
0.061159044
0.05727725
0.05355684
0.050046495
0.046748752
0.043651571
0.040748668
0.038035192
0.0355013
0.033140676
0.030947076
0.028905285
0.027001444
0.025227283
0.023575611
0.02203807
0.020606273
0.019272625
0.018031942
0.016878114
0.015802564
0.014798842
0.013862072
0.01298769
0.012171351
0.011409056
0.010697044
0.010031743
0.0094098448
0.0088282995
0.0082843949
0.0077755764
0.007299417
0.0068537596
0.0064366132
0.006046322
0.0056812997
0.0053395678
0.0050192673
0.0047189653
0.0044372621
0.0041728352
0.0039248147
0.0036922013
0.0034739932
0.0032698818
0.003079053
0.0029004105
0.0027331218
0.0025756158
0.0024268838
0.0022869423
0.0021554824
0.0020320051
0.0019160131
0.0018070836
0.0017049801
0.0016089823
0.0015184224
0.0014330174
0.0013521337
0.0012755181
0.0012028136
0.0011340365
0.0010692431
0.0010078851
0.00095024825
0.0008956846
0.00084327088
0.00079364305
0.00074630562
0.00070136149
0.00065983228
0.00062051742
0.00058302691
0.00054757076
0.0005142894
0.00048315161
0.00045414979
0.00042732757
0.00040273872
0.00037984175
0.00035844145
0.00033883892
0.00032090567
0.00030456413
0.00028961649
0.00027588655
0.00026349122
0.00025192548
0.00024082932
0.00023052468
0.00022102059
0.00021214704
0.00020321237
0.00019433306
0.00018517281
0.00017567814
0.00016562058
0.0001553601
0.00014537339
0.00013618061
0.00013156921
0.00012649449
0.00011777541
0.00010889773
0.00010075745
9.2611116e-05
8.7768023e-05
8.7592854e-05
8.4073267e-05
7.5800097e-05
6.7807953e-05
6.1761665e-05
6.0584993e-05
5.7775523e-05
4.9996124e-05
4.4191655e-05
3.9126353e-05
3.7689054e-05
3.5454074e-05
2.8521207e-05
2.3859941e-05
2.0299215e-05
1.9386129e-05
1.801957e-05
1.2668704e-05
8.960348e-06
6.0969754e-06
5.9966438e-06
5.567702e-06
1.5020279e-06
-1.4042467e-06
-3.3942507e-06
-3.0252063e-06
-2.7939937e-06
-5.9699473e-06
-8.0946289e-06
-9.6769967e-06
-8.6452454e-06
-8.3217175e-06
-1.0582419e-05
-1.2516681e-05
-1.3196616e-05
-1.2750952e-05
-1.176426e-05
-1.3175844e-05
-1.4593126e-05
-1.8384803e-05
-3.7775676e-05
1.322522e-05
-8.8847918e-05
0.086860671
0.08220042
0.077213287
0.074069281
0.071076271
0.067552877
0.063904362
0.060382439
0.056992225
0.05367258
0.05042517
0.047334931
0.044405129
0.041624587
0.038994442
0.036516395
0.034187232
0.032002494
0.029956661
0.028041027
0.026247259
0.02456915
0.023000637
0.021534933
0.020164793
0.018881967
0.017686932
0.016577066
0.015540098
0.014569345
0.013660929
0.012811037
0.012015896
0.011271978
0.010575928
0.0099245618
0.0093148853
0.0087441203
0.008209706
0.0077092259
0.0072404182
0.0068011846
0.0063895925
0.0060042024
0.0056436055
0.0053057881
0.0049889215
0.0046916926
0.0044126875
0.0041505403
0.0039045121
0.0036736479
0.0034570376
0.0032545323
0.0030651858
0.0028876793
0.0027212298
0.00256423
0.0024158629
0.0022765473
0.0021456989
0.0020226996
0.001907114
0.0017984854
0.0016965849
0.0016006825
0.0015102978
0.0014250472
0.0013444559
0.0012684087
0.0011960239
0.001127469
0.0010631028
0.0010021801
0.00094508875
0.00089098112
0.00083891277
0.00078962357
0.000742822
0.00069846525
0.00065724911
0.0006183564
0.00058134732
0.00054635904
0.00051350438
0.00048277413
0.00045414036
0.00042759828
0.00040323518
0.00038049116
0.00035917121
0.00033960483
0.0003216589
0.00030525408
0.00029019652
0.00027630259
0.00026368562
0.00025201521
0.00024081803
0.00023041329
0.00022079157
0.00021197996
0.0002034296
0.00019535509
0.00018751265
0.00017970161
0.00017153628
0.00016348742
0.00015541252
0.00014719034
0.00014249231
0.00013605611
0.00012539301
0.00011530141
0.00010673779
9.8462793e-05
9.3812051e-05
9.3887626e-05
9.0173011e-05
8.1450878e-05
7.3141234e-05
6.6927541e-05
6.5734285e-05
6.2816483e-05
5.4777125e-05
4.8670712e-05
4.33664e-05
4.1844032e-05
3.9468601e-05
3.2352359e-05
2.754267e-05
2.3801181e-05
2.2776702e-05
2.1310786e-05
1.5776848e-05
1.1922165e-05
8.9952462e-06
8.8164049e-06
8.2205711e-06
4.010777e-06
1.0655721e-06
-1.0068484e-06
-7.507715e-07
-6.4644454e-07
-3.890573e-06
-6.0834097e-06
-7.7340357e-06
-6.80359e-06
-6.5522574e-06
-8.8904292e-06
-1.0868038e-05
-1.1626527e-05
-1.1233016e-05
-1.0315068e-05
-1.1753391e-05
-1.3239922e-05
-1.6302078e-05
-3.4651337e-05
1.7738256e-05
-8.6983387e-05
0.075559233
0.072333155
0.06868006
0.066184292
0.063811444
0.061058882
0.058157692
0.055298738
0.052485522
0.04969743
0.046959233
0.044309774
0.041760932
0.039315605
0.036980026
0.034759268
0.032654372
0.030664149
0.028786342
0.02701731
0.025352366
0.023786802
0.022315968
0.02093519
0.019639717
0.018424962
0.017287731
0.016223555
0.015225975
0.014290432
0.013413428
0.012591482
0.011821162
0.01109923
0.010422631
0.0097884726
0.0091940268
0.0086367356
0.0081142189
0.0076242396
0.0071646893
0.0067336182
0.0063291934
0.0059504859
0.0055961553
0.0052636757
0.004951276
0.0046579362
0.0043821675
0.0041226678
0.0038791222
0.0036503256
0.0034352425
0.0032344637
0.003047107
0.0028714986
0.0027070149
0.0025514879
0.0024039219
0.0022652651
0.0021351391
0.0020128749
0.001897974
0.0017899747
0.0016885507
0.0015931076
0.0015032144
0.0014184072
0.0013382067
0.0012627353
0.0011905448
0.0011219465
0.0010578063
0.0009970915
0.00094055176
0.00088705898
0.0008353526
0.00078635121
0.00073994084
0.00069598082
0.0006549064
0.00061619687
0.00057942527
0.00054466023
0.00051199603
0.0004814617
0.00045297651
0.00042646836
0.0004019561
0.00037908683
0.00035776508
0.00033818391
0.00032022346
0.00030376501
0.00028863635
0.00027460448
0.00026194366
0.00025020656
0.00023895236
0.00022849321
0.0002188094
0.00020992085
0.00020131927
0.00019308607
0.00018510332
0.00017727706
0.00016953783
0.00016218929
0.00015531175
0.00014914928
0.00014709815
0.00014345458
0.00013504158
0.00012629177
0.00011837779
0.00010959525
0.00010355453
0.00010160846
9.5401736e-05
8.5278108e-05
7.7066058e-05
7.1228206e-05
7.0540554e-05
6.7838782e-05
5.9614929e-05
5.3198317e-05
4.7690758e-05
4.6151207e-05
4.3700701e-05
3.6401942e-05
3.1426539e-05
2.7486103e-05
2.6354764e-05
2.4787368e-05
1.9085139e-05
1.5076444e-05
1.2040514e-05
1.1791166e-05
1.1040972e-05
6.679928e-06
3.6807687e-06
1.5237868e-06
1.6561235e-06
1.6222795e-06
-1.6758331e-06
-3.9362326e-06
-5.6634025e-06
-4.8503586e-06
-4.6766325e-06
-7.0919423e-06
-9.1104768e-06
-9.9576026e-06
-9.6287532e-06
-8.7930246e-06
-1.02613e-05
-1.18151e-05
-1.3974051e-05
-3.1334823e-05
2.242212e-05
-8.4985034e-05
0.065141932
0.062954381
0.060336458
0.058512488
0.056745057
0.054656839
0.052406854
0.050139912
0.047868403
0.045588111
0.043319882
0.041089998
0.038915493
0.036806263
0.034770682
0.032815754
0.03094579
0.029162691
0.027466883
0.025857484
0.024332585
0.022889712
0.021526351
0.020239786
0.019027006
0.01788471
0.016810112
0.015800263
0.014851252
0.013959227
0.013120836
0.012332963
0.011592663
0.010897149
0.010243789
0.009630076
0.0090536291
0.0085121964
0.0080036558
0.0075259893
0.007077263
0.0066556316
0.0062588085
0.0058869761
0.0055397596
0.0052137363
0.0049069181
0.0046187918
0.0043474921
0.0040913547
0.0038507101
0.0036249119
0.0034129716
0.0032145396
0.0030286617
0.0028540949
0.0026900616
0.0025352762
0.0023890787
0.0022516603
0.0021225726
0.0020012013
0.0018870573
0.0017797002
0.0016787684
0.0015837656
0.0014942448
0.0014097816
0.0013299774
0.0012546912
0.0011830892
0.0011153083
0.0010517073
0.00099159955
0.00093517902
0.00088166441
0.00083035966
0.00078182773
0.0007359242
0.00069246166
0.00065171491
0.00061333841
0.00057693565
0.00054253089
0.00051020443
0.00047995551
0.00045170189
0.0004253878
0.00040102201
0.00037833512
0.00035719132
0.00033770493
0.00031979865
0.00030332468
0.00028811847
0.00027386957
0.00026110057
0.00024932538
0.00023796051
0.00022728607
0.00021745143
0.00020840312
0.00019972743
0.00019143255
0.00018342913
0.0001755968
0.00016803649
0.00016048543
0.00015308506
0.000146421
0.00014260101
0.00013769959
0.00012968231
0.00012220533
0.00011581778
0.00010996283
0.00010721248
0.00010861316
0.00010492825
9.4819331e-05
8.6493033e-05
7.9646128e-05
7.7594536e-05
7.3073662e-05
6.316372e-05
5.619159e-05
5.1025005e-05
4.9974791e-05
4.7767829e-05
4.0407246e-05
3.5262716e-05
3.1127846e-05
2.995678e-05
2.8322003e-05
2.2478187e-05
1.8325679e-05
1.5139425e-05
1.4825177e-05
1.3961046e-05
9.4460301e-06
6.3515149e-06
4.1078285e-06
4.1384117e-06
3.9685109e-06
6.0894073e-07
-1.725692e-06
-3.5312408e-06
-2.8421757e-06
-2.7449268e-06
-5.2267464e-06
-7.2856055e-06
-8.2345064e-06
-7.976714e-06
-7.2245124e-06
-8.7126571e-06
-1.0340289e-05
-1.1563097e-05
-2.787884e-05
2.7174791e-05
-8.28928e-05
0.055858187
0.054413323
0.052591732
0.051341452
0.050082993
0.048532817
0.046822605
0.045066391
0.043274495
0.041446103
0.03960098
0.037762131
0.035945334
0.03416156
0.032420479
0.030730496
0.029097766
0.027526251
0.026018435
0.024575715
0.023198547
0.021886685
0.02063941
0.019455601
0.018333727
0.017271967
0.016268382
0.015320765
0.014426383
0.013582474
0.012786475
0.012036011
0.011328755
0.010662478
0.010034997
0.0094442113
0.0088880894
0.0083646905
0.0078721599
0.0074087276
0.006972701
0.006562505
0.0061766577
0.0058143451
0.0054743251
0.0051544496
0.0048532535
0.0045698425
0.0043029286
0.0040514532
0.0038150614
0.0035929458
0.0033841738
0.0031882384
0.0030044208
0.0028317776
0.0026695178
0.0025166065
0.0023723072
0.0022364367
0.0021086199
0.001988353
0.0018751815
0.0017686856
0.0016684883
0.0015741462
0.0014852397
0.0014013612
0.001322142
0.0012473641
0.0011764199
0.0011092481
0.0010460007
0.00098624126
0.00093001956
0.00087677361
0.00082598038
0.00077795294
0.00073254905
0.00068954931
0.00064911158
0.000611012
0.00057489673
0.00054076859
0.00050868551
0.0004786338
0.00045054375
0.00042435395
0.0004000337
0.00037736785
0.000356238
0.00033671055
0.00031871771
0.00030213113
0.00028681717
0.00027256893
0.0002596653
0.00024770864
0.00023628277
0.00022558984
0.00021572009
0.00020659301
0.0001978818
0.00018955368
0.00018152984
0.0001737241
0.00016614399
0.00015866965
0.00015155286
0.00014522924
0.00014118344
0.000136528
0.00012920248
0.00012215893
0.00011488493
0.00010844173
0.00010446486
0.00010408066
0.00010045324
9.1576175e-05
8.4983852e-05
8.0829095e-05
8.1815101e-05
7.9742065e-05
7.0507954e-05
6.323586e-05
5.7561454e-05
5.5597523e-05
5.2166368e-05
4.3695198e-05
3.7900473e-05
3.3799348e-05
3.306463e-05
3.1621758e-05
2.5752658e-05
2.1492737e-05
1.8140716e-05
1.7798563e-05
1.6870903e-05
1.2222212e-05
9.0233836e-06
6.6743843e-06
6.6408362e-06
6.3523073e-06
2.9021885e-06
4.7989347e-07
-1.3959309e-06
-8.1232612e-07
-7.8570333e-07
-3.3439053e-06
-5.4462723e-06
-6.496734e-06
-6.3175344e-06
-5.6402054e-06
-7.1305143e-06
-8.8438846e-06
-9.2394467e-06
-2.4330326e-05
3.1940964e-05
-8.0589187e-05
0.047742897
0.046813346
0.045543708
0.044708074
0.043841369
0.04272199
0.041456696
0.04013342
0.038757683
0.037328903
0.035864141
0.03438276
0.032898447
0.03142194
0.029963152
0.028530812
0.027131823
0.025771451
0.024453742
0.023181756
0.021957646
0.020782776
0.019657881
0.018583173
0.017558417
0.016582958
0.015655857
0.014775856
0.013941416
0.013150806
0.012402283
0.011694087
0.011024472
0.010391683
0.0097939886
0.0092296756
0.0086970782
0.008194577
0.0077206152
0.0072736859
0.0068523484
0.0064552335
0.006081019
0.0057286492
0.0053970927
0.0050849643
0.0047909466
0.0045140115
0.0042530864
0.004007138
0.0037754963
0.0035574855
0.003352376
0.0031595862
0.0029784187
0.0028080401
0.0026476789
0.002496508
0.0023538969
0.0022195343
0.0020930491
0.0019739788
0.0018618788
0.001756334
0.0016569591
0.0015633442
0.0014750914
0.001391815
0.001313168
0.0012388857
0.0011685219
0.0011019513
0.0010391934
0.00097993555
0.00092409105
0.00087121971
0.00082093683
0.00077336982
0.00072838984
0.00068579253
0.0006456788
0.00060788222
0.00057207862
0.00053827563
0.00050650239
0.00047672493
0.00044887197
0.00042287431
0.00039868428
0.00037613998
0.00035513324
0.00033568575
0.00031773203
0.0003011572
0.00028583022
0.00027157335
0.0002585483
0.00024647922
0.00023502289
0.00022428568
0.00021433848
0.0002050946
0.00019629855
0.00018790271
0.0001798393
0.00017202202
0.00016446066
0.00015708687
0.00015006465
0.0001437202
0.00013914542
0.00013414125
0.00012700844
0.00011996125
0.00011307701
0.00010726424
0.00010353003
0.00010277699
9.9347725e-05
9.1450906e-05
8.4411104e-05
7.9620958e-05
7.8835149e-05
7.6163092e-05
6.8338346e-05
6.2226012e-05
5.8489379e-05
5.8848582e-05
5.73701e-05
4.9847118e-05
4.3642094e-05
3.8974977e-05
3.7609167e-05
3.517638e-05
2.8478791e-05
2.374998e-05
2.0384901e-05
2.0368675e-05
1.9596524e-05
1.4904297e-05
1.163278e-05
9.1635763e-06
9.112439e-06
8.7434703e-06
5.2003932e-06
2.6858637e-06
7.3925629e-07
1.242865e-06
1.2104994e-06
-1.4518537e-06
-3.6032156e-06
-4.7419208e-06
-4.6340971e-06
-4.0321889e-06
-5.5301077e-06
-7.3298423e-06
-7.0721678e-06
-2.0716526e-05
3.6639207e-05
-7.7973572e-05
0.04059105
0.039989187
0.039127593
0.038599761
0.038036253
0.037262233
0.036360189
0.03539676
0.034374013
0.033290479
0.032159617
0.030997273
0.029814997
0.028622279
0.027428105
0.02624072
0.02506713
0.023913217
0.022783892
0.021683217
0.020614439
0.019580065
0.018581958
0.01762142
0.016699259
0.01581583
0.014971104
0.014164716
0.013395999
0.012664068
0.011967902
0.011306406
0.010678414
0.010082724
0.0095180822
0.008983229
0.0084768842
0.0079977923
0.0075447012
0.0071163952
0.0067116819
0.0063294163
0.0059685038
0.0056279651
0.0053068248
0.0050039374
0.004718159
0.004448517
0.0041940977
0.003954042
0.003727683
0.0035143883
0.0033134832
0.0031243474
0.0029463302
0.002778724
0.0026208447
0.0024720011
0.0023316087
0.0021992607
0.0020745598
0.0019570711
0.0018463734
0.0017420703
0.0016437882
0.0015511476
0.001463778
0.0013813188
0.0013034417
0.00122987
0.0011602482
0.0010943988
0.001032244
0.00097353284
0.00091812376
0.00086564479
0.000815832
0.00076875143
0.00072427093
0.00068214177
0.00064243918
0.00060502734
0.00056956224
0.00053607876
0.00050459364
0.00047506092
0.0004474107
0.00042157274
0.00039748902
0.00037502948
0.00035409229
0.00033466758
0.00031669232
0.00030006312
0.00028466089
0.0002703473
0.00025720277
0.00024501153
0.00023348857
0.00022269539
0.00021268337
0.00020335041
0.00019449456
0.00018606015
0.00017798048
0.00017017714
0.00016265024
0.00015534599
0.00014840393
0.00014210693
0.00013723257
0.00013214424
0.00012542737
0.00011870746
0.00011219709
0.00010654043
0.00010254427
0.00010088325
9.7232914e-05
8.9927317e-05
8.3344196e-05
7.873075e-05
7.7549373e-05
7.5206017e-05
6.8425474e-05
6.206828e-05
5.7900463e-05
5.7099507e-05
5.4896318e-05
4.8383272e-05
4.3089302e-05
3.9928052e-05
4.0552878e-05
3.9676183e-05
3.3835592e-05
2.8671219e-05
2.4741584e-05
2.4149896e-05
2.2571885e-05
1.7141104e-05
1.3508242e-05
1.1022973e-05
1.1247595e-05
1.0990653e-05
7.4162879e-06
4.841733e-06
2.8263889e-06
3.279316e-06
3.222057e-06
4.5438351e-07
-1.7429365e-06
-2.9700251e-06
-2.9137264e-06
-2.3968442e-06
-3.9279414e-06
-5.8036385e-06
-5.0871112e-06
-1.7062786e-05
4.11153e-05
-7.502763e-05
0.034191646
0.033845118
0.033305347
0.033017482
0.032692775
0.032194712
0.031585841
0.030916449
0.030186831
0.029394925
0.028550786
0.02766676
0.026752036
0.025814438
0.024861644
0.023901053
0.022939267
0.021982149
0.021034842
0.020101839
0.019186947
0.018293346
0.017423614
0.016579798
0.015763457
0.014975712
0.014217299
0.013488616
0.012789773
0.012120635
0.011480884
0.010870044
0.010287527
0.0097326293
0.0092045775
0.0087025182
0.0082255664
0.0077727978
0.0073432822
0.00693608
0.0065502592
0.0061848981
0.0058390969
0.0055119884
0.0052027158
0.0049103711
0.004634048
0.0043729131
0.004126182
0.0038931068
0.0036730259
0.0034653207
0.0032693745
0.0030846007
0.0029104068
0.0027461724
0.0025912832
0.0024451367
0.0023072008
0.002177052
0.0020542984
0.001938539
0.0018293812
0.0017264498
0.0016293858
0.0015378331
0.0014514434
0.0013698791
0.0012928283
0.0012200149
0.0011511376
0.001085998
0.001024468
0.0009663357
0.00091142968
0.0008594727
0.00081023407
0.00076366111
0.0007196228
0.00067794142
0.00063860732
0.00060150293
0.00056640046
0.0005332758
0.00050211258
0.00047285965
0.00044544986
0.00041981227
0.00039588167
0.00037354978
0.00035272381
0.00033337355
0.0003154367
0.00029881867
0.00028341073
0.00026909527
0.00025589077
0.00024362771
0.00023206979
0.00022124896
0.00021119845
0.00020180167
0.00019289649
0.00018442476
0.00017632437
0.000168525
0.00016101845
0.00015377044
0.00014690135
0.00014063305
0.00013548644
0.00013024334
0.0001237443
0.00011715513
0.0001108086
0.00010525992
0.00010116057
9.8994277e-05
9.5387731e-05
8.8776444e-05
8.2591961e-05
7.804601e-05
7.627044e-05
7.3670337e-05
6.736573e-05
6.1392113e-05
5.7413017e-05
5.6441885e-05
5.4290289e-05
4.8451047e-05
4.3187442e-05
3.9782477e-05
3.9510902e-05
3.8086529e-05
3.284985e-05
2.8383901e-05
2.5647668e-05
2.6655237e-05
2.6657481e-05
2.199579e-05
1.7797939e-05
1.4712307e-05
1.4435198e-05
1.3478043e-05
9.2118175e-06
6.3621931e-06
4.3867092e-06
5.0179292e-06
5.1214075e-06
2.3065507e-06
1.0713304e-07
-1.2138257e-06
-1.1842136e-06
-7.441216e-07
-2.3133345e-06
-4.2582753e-06
-3.27608e-06
-1.3437236e-05
4.5086662e-05
-7.1762839e-05
0.028533726
0.028382921
0.028077131
0.027968997
0.027828363
0.027544973
0.027166457
0.026731455
0.026239374
0.025687704
0.025083574
0.024436157
0.023752385
0.023038421
0.022300544
0.021545035
0.020777695
0.020003889
0.019228485
0.018455917
0.01769009
0.016934426
0.01619185
0.015464849
0.014755478
0.014065414
0.013395979
0.012748177
0.012122725
0.011520086
0.010940509
0.010384054
0.0098506279
0.00934
0.0088518261
0.0083856662
0.0079410045
0.0075172666
0.007113834
0.0067300602
0.00636527
0.0060187812
0.0056898976
0.0053779356
0.0050822003
0.0048019788
0.0045365394
0.0042851786
0.0040472232
0.0038220322
0.0036090136
0.0034076122
0.0032172839
0.0030374975
0.0028677213
0.0027074128
0.0025560345
0.0024130639
0.002278023
0.0021504973
0.0020301036
0.0019164636
0.0018092083
0.0017079829
0.0016124467
0.0015222663
0.001437117
0.001356685
0.0012806773
0.0012088276
0.0011408695
0.0010765961
0.0010158485
0.00095843062
0.00090416175
0.00085281092
0.00080416572
0.00075813244
0.00071460268
0.00067342725
0.00063454378
0.00059785046
0.00056317086
0.00053043765
0.00049961825
0.00047066253
0.00044350613
0.00041807869
0.000394312
0.00037211309
0.00035139669
0.00033211796
0.00031421381
0.00029759674
0.00028216743
0.00026782352
0.00025454682
0.00024220075
0.00023060027
0.00021973895
0.00020962154
0.00020014782
0.00019118622
0.00018267575
0.00017455716
0.00016676574
0.00015928612
0.00015209696
0.00014529067
0.0001390358
0.0001336809
0.00012833134
0.00012205563
0.00011568166
0.00010958954
0.00010421844
0.00010007609
9.7463511e-05
9.3740494e-05
8.7561253e-05
8.1637224e-05
7.7168176e-05
7.4972243e-05
7.2230195e-05
6.6510998e-05
6.0938503e-05
5.7055751e-05
5.5583925e-05
5.3218657e-05
4.7834462e-05
4.2945523e-05
3.9700604e-05
3.9170797e-05
3.7839302e-05
3.2926217e-05
2.864325e-05
2.5847109e-05
2.6108545e-05
2.577802e-05
2.1565143e-05
1.7727864e-05
1.5490799e-05
1.6540093e-05
1.6959807e-05
1.3389839e-05
1.00593e-05
7.561338e-06
7.7000834e-06
7.2962867e-06
3.8583883e-06
1.4321941e-06
8.4850101e-08
3.1107976e-07
8.1858754e-07
-7.285944e-07
-2.7057776e-06
-1.5963778e-06
-9.9151557e-06
4.8064153e-05
-6.8203868e-05
0.023580983
0.023568731
0.023432672
0.023454568
0.023449342
0.023327188
0.02312491
0.022872444
0.022568455
0.022210024
0.021801963
0.021350864
0.020861753
0.020339251
0.019788236
0.019213762
0.01862061
0.018013353
0.017396266
0.016773374
0.016148336
0.015524497
0.014904829
0.014291979
0.013688251
0.013095645
0.012515853
0.011950292
0.011400115
0.010866235
0.010349352
0.0098499689
0.0093684181
0.0089048798
0.0084593998
0.008031907
0.0076222332
0.0072301254
0.0068552681
0.0064972853
0.0061557626
0.0058302404
0.0055202404
0.0052252569
0.0049447713
0.0046782391
0.0044251039
0.004184811
0.0039568214
0.0037406104
0.0035356773
0.0033415379
0.0031577184
0.0029837494
0.0028191644
0.0026634927
0.0025162671
0.0023770326
0.0022453627
0.0021208702
0.0020031944
0.0018919863
0.0017869065
0.0016876273
0.0015938323
0.0015052129
0.0014214695
0.0013423124
0.0012674687
0.0011966862
0.0011297223
0.0010663713
0.0010064604
0.00094980534
0.00089622743
0.0008455272
0.00079751724
0.00075208288
0.0007091118
0.00066846673
0.00063005893
0.00059379126
0.00055952434
0.00052717844
0.00049670844
0.0004680613
0.00044117279
0.00041597306
0.00039239249
0.00037034809
0.00034976066
0.00033057658
0.00031273242
0.00029614701
0.0002807295
0.00026638816
0.00025308096
0.00024069364
0.00022907622
0.00021819604
0.00020804125
0.00019852549
0.00018953569
0.00018100833
0.00017288654
0.00016511124
0.00015766239
0.00015052591
0.00014377197
0.00013752731
0.00013201333
0.00012657371
0.00012047267
0.00011427702
0.00010836035
0.00010308439
9.8849965e-05
9.5829908e-05
9.2008599e-05
8.6269846e-05
8.0686925e-05
7.634604e-05
7.3817412e-05
7.0917451e-05
6.5631256e-05
6.035291e-05
5.6525639e-05
5.4690994e-05
5.2251862e-05
4.7372242e-05
4.2779916e-05
3.959702e-05
3.8643808e-05
3.7095574e-05
3.2629752e-05
2.865202e-05
2.6106086e-05
2.6084584e-05
2.5569945e-05
2.1562098e-05
1.7959397e-05
1.5747437e-05
1.6188316e-05
1.6320123e-05
1.3193111e-05
1.0032676e-05
8.2841704e-06
9.2932679e-06
9.9854047e-06
7.2349621e-06
4.5146859e-06
2.7639441e-06
2.6645858e-06
2.6857944e-06
6.6458538e-07
-1.4790536e-06
-4.3277385e-07
-6.8302682e-06
4.9343828e-05
-6.432667e-05
0.01928431
0.01936618
0.01935048
0.01946048
0.019548686
0.019542771
0.01947102
0.019356388
0.019196996
0.018989697
0.018737566
0.018445203
0.018116064
0.017753414
0.017360828
0.01694213
0.016501035
0.016041209
0.015566166
0.015079327
0.014583902
0.014082924
0.013579182
0.013075257
0.012573477
0.012075951
0.011584543
0.011100897
0.010626428
0.010162348
0.0097096663
0.0092692112
0.0088416402
0.0084274585
0.0080270322
0.007640603
0.007268304
0.0069101721
0.0065661624
0.0062361589
0.005919983
0.0056174038
0.0053281468
0.0050519011
0.0047883247
0.0045370499
0.0042976824
0.0040698182
0.003853044
0.0036469522
0.0034511354
0.0032651978
0.0030887423
0.0029213776
0.0027627086
0.0026123396
0.0024698747
0.0023349269
0.0022071258
0.0020861246
0.0019715955
0.0018632212
0.0017606932
0.0016637118
0.0015719864
0.0014852339
0.0014031792
0.0013255568
0.0012521146
0.0011826169
0.0011168405
0.0010545864
0.00099567852
0.0009399408
0.00088720076
0.00083727967
0.0007900081
0.00074525975
0.00070292015
0.00066286556
0.00062499872
0.00058922527
0.00055542952
0.0005235261
0.00049345733
0.00046516573
0.00043858734
0.00041365365
0.00039029553
0.00036843706
0.00034800426
0.0003289386
0.00031117646
0.00029464167
0.00027925044
0.00026491867
0.00025159091
0.00023916905
0.00022753042
0.00021662786
0.0002064357
0.00019687699
0.00018785391
0.00017930361
0.00017117239
0.00016340665
0.0001559831
0.000148891
0.00014218118
0.00013594354
0.00013030852
0.0001247984
0.00011884409
0.00011282173
0.00010707737
0.00010191392
9.7635485e-05
9.4320875e-05
9.0444632e-05
8.5081262e-05
7.9778258e-05
7.5505451e-05
7.2677135e-05
6.9631646e-05
6.4730699e-05
5.9764711e-05
5.6026073e-05
5.3915151e-05
5.138463e-05
4.6869411e-05
4.2504676e-05
3.9385129e-05
3.812406e-05
3.6476203e-05
3.2443098e-05
2.8677689e-05
2.6244482e-05
2.5817228e-05
2.4940967e-05
2.1341279e-05
1.808596e-05
1.6091924e-05
1.6287015e-05
1.6237476e-05
1.3245393e-05
1.0273745e-05
8.5822346e-06
8.9545638e-06
9.3687361e-06
7.0250439e-06
4.5048233e-06
3.255593e-06
4.1426014e-06
4.8923433e-06
3.5062461e-06
1.2223382e-06
1.9385576e-06
-2.924173e-06
4.8733075e-05
-5.9758346e-05
0.015590699
0.01573243
0.015798246
0.015963593
0.016112166
0.016186293
0.016207483
0.016193157
0.016141202
0.016048489
0.015916831
0.015749287
0.015548075
0.01531532
0.015053457
0.014765212
0.014453296
0.014120478
0.013769487
0.013403072
0.013023876
0.01263449
0.012237357
0.01183482
0.01142905
0.011022084
0.010615774
0.010211823
0.0098117445
0.0094168992
0.0090284726
0.0086474992
0.0082748589
0.0079112953
0.007557418
0.0072137182
0.0068805761
0.006558272
0.0062469966
0.0059468595
0.005657899
0.0053800893
0.0051133502
0.004857552
0.004612526
0.0043780637
0.0041539286
0.003939855
0.003735565
0.0035407652
0.0033551589
0.003178441
0.003010305
0.0028504376
0.0026985216
0.0025542333
0.0024172479
0.0022872421
0.0021639026
0.0020469276
0.0019360281
0.0018309229
0.0017313373
0.0016370038
0.0015476616
0.0014630561
0.0013829396
0.0013070724
0.0012352254
0.0011671821
0.0011027378
0.0010417046
0.00098391063
0.00092918913
0.00087737727
0.00082831284
0.00078184204
0.00073783749
0.00069618531
0.00065677041
0.00061949209
0.00058425624
0.00055096071
0.00051951997
0.00048986945
0.0004619492
0.00043569605
0.00041104345
0.00038792386
0.00036626655
0.00034600187
0.0003270692
0.00030940539
0.00029293874
0.00027759176
0.00026328658
0.00024996113
0.00023752884
0.00022588688
0.00021497954
0.00020477025
0.00019518961
0.00018615233
0.00017759699
0.00016947201
0.00016172798
0.00015433898
0.00014729465
0.00014062903
0.00013440194
0.00012868196
0.00012312314
0.00011729287
0.00011143077
0.000105838
0.00010076486
9.6435758e-05
9.286951e-05
8.8926718e-05
8.3858423e-05
7.880428e-05
7.460794e-05
7.1566695e-05
6.8420446e-05
6.3850074e-05
5.9161971e-05
5.5487837e-05
5.3135312e-05
5.0514799e-05
4.6329906e-05
4.2218432e-05
3.9187513e-05
3.767651e-05
3.5901441e-05
3.218819e-05
2.8623749e-05
2.6239376e-05
2.5529244e-05
2.4528898e-05
2.129949e-05
1.8257427e-05
1.6339048e-05
1.6212287e-05
1.5826613e-05
1.3091649e-05
1.0457884e-05
8.8832955e-06
9.095818e-06
9.4754058e-06
7.2586414e-06
4.850106e-06
3.5842514e-06
4.0773031e-06
4.4119956e-06
3.2859875e-06
1.2550486e-06
2.4433943e-06
5.4986657e-08
4.5278881e-05
-5.3345811e-05
0.012445526
0.012621195
0.012738693
0.012934576
0.013118016
0.013243536
0.013327354
0.013382586
0.013407117
0.013398001
0.013356151
0.013283476
0.013181252
0.013050718
0.012893402
0.012711113
0.012505708
0.012279154
0.012033443
0.011770658
0.011492852
0.011202105
0.010900429
0.010589815
0.010272152
0.0099492681
0.0096228715
0.0092945781
0.0089658719
0.0086381291
0.00831259
0.0079903822
0.0076725032
0.0073598396
0.0070531595
0.0067531272
0.0064603019
0.0061751498
0.0058980467
0.0056292881
0.0053690942
0.0051176172
0.0048749487
0.004641125
0.0044161345
0.0041999218
0.003992393
0.0037934215
0.003602854
0.0034205157
0.0032462137
0.0030797414
0.0029208801
0.0027694013
0.002625065
0.0024876242
0.0023568231
0.0022324068
0.0021141192
0.0020017119
0.00189494
0.0017935638
0.0016973461
0.0016060548
0.0015194612
0.0014373413
0.0013594758
0.0012856515
0.001215663
0.0011493145
0.0010864198
0.0010268049
0.00097030725
0.00091677063
0.00086604332
0.00081797725
0.00077243182
0.00072928322
0.00068841966
0.00064973283
0.00061312368
0.00057850059
0.00054577116
0.00051485306
0.00048567847
0.00045818534
0.00043231082
0.00040799007
0.00038515752
0.00036374637
0.00034369058
0.00032492926
0.00030740024
0.00029103576
0.00027576367
0.00026151126
0.00024821409
0.00023579419
0.00022416342
0.00021326253
0.00020304784
0.00019345591
0.00018441154
0.00017585559
0.00016773862
0.00016001504
0.00015265755
0.00014565464
0.00013902648
0.00013280895
0.00012702965
0.00012143831
0.00011571167
0.00010999501
0.00010453819
9.9547067e-05
9.5184611e-05
9.143284e-05
8.744973e-05
8.2639701e-05
7.7821701e-05
7.3703343e-05
7.0497239e-05
6.7260107e-05
6.2954178e-05
5.8516084e-05
5.4911509e-05
5.2380379e-05
4.9699157e-05
4.5804493e-05
4.1922313e-05
3.8953875e-05
3.7221373e-05
3.5332755e-05
3.1916539e-05
2.8568125e-05
2.6242015e-05
2.5302442e-05
2.4169043e-05
2.1215395e-05
1.833517e-05
1.6506299e-05
1.6160616e-05
1.555366e-05
1.3062118e-05
1.0647293e-05
9.1311383e-06
9.1297533e-06
9.2433204e-06
7.2047829e-06
5.0755639e-06
3.9351347e-06
4.2537222e-06
4.6304724e-06
3.5442032e-06
1.7503422e-06
2.6290405e-06
1.1908438e-06
3.7023825e-05
-4.6330572e-05
0.009794685
0.0099852371
0.010131913
0.010339933
0.010539081
0.010693911
0.010816573
0.010916849
0.010992751
0.011041622
0.011063769
0.01106028
0.01103177
0.010978839
0.010902334
0.010803356
0.010683068
0.010542769
0.010383813
0.010207677
0.010015853
0.0098099086
0.0095913954
0.009361898
0.0091229589
0.0088761146
0.0086228343
0.0083645515
0.0081026134
0.0078383091
0.007572832
0.0073073019
0.0070427398
0.0067800867
0.0065201853
0.0062637976
0.0060115935
0.0057641637
0.005522016
0.0052855847
0.0050552309
0.0048312504
0.0046138765
0.0044032862
0.0041996043
0.0040029087
0.0038132342
0.0036305778
0.0034549034
0.003286146
0.0031242164
0.0029690035
0.0028203792
0.0026781977
0.0025423004
0.0024125125
0.0022886516
0.0021705261
0.0020579419
0.0019507028
0.0018486128
0.001751475
0.0016590933
0.0015712723
0.0014878187
0.0014085405
0.0013332495
0.0012617603
0.0011938932
0.001129475
0.00106834
0.0010103306
0.00095529759
0.00090309747
0.00085359142
0.00080664487
0.00076212991
0.00071992981
0.00067993785
0.00064205255
0.00060617928
0.00057222992
0.00054011894
0.00050976767
0.00048110746
0.00045407544
0.00042860979
0.00040464801
0.00038212731
0.00036098454
0.00034115723
0.00032258568
0.00030520956
0.00028896482
0.00027378427
0.00025959997
0.00024634803
0.00023395727
0.00022235063
0.00021146825
0.00020126213
0.00019167321
0.00018263443
0.00017408938
0.00016599065
0.00015829566
0.00015097607
0.00014401801
0.00013742998
0.00013122915
0.00012541707
0.00011981239
0.00011417741
0.00010859435
0.00010326151
9.8345306e-05
9.3960693e-05
9.0068252e-05
8.6052521e-05
8.1449365e-05
7.6833731e-05
7.2783294e-05
6.9453966e-05
6.615004e-05
6.2070449e-05
5.786713e-05
5.4336901e-05
5.166939e-05
4.8935183e-05
4.5279478e-05
4.1604233e-05
3.8695962e-05
3.6793974e-05
3.4819744e-05
3.1658376e-05
2.8503745e-05
2.6218319e-05
2.507336e-05
2.3818808e-05
2.1115428e-05
1.8411038e-05
1.6645827e-05
1.6098044e-05
1.5334635e-05
1.3056399e-05
1.0801351e-05
9.3648905e-06
9.1953933e-06
9.0580178e-06
7.1975718e-06
5.2895918e-06
4.1796352e-06
4.3172279e-06
4.561788e-06
3.5709895e-06
1.9589885e-06
2.7661837e-06
1.4283628e-06
3.0944545e-05
-3.7233752e-05
0.0075847147
0.0077764694
0.0079357077
0.008142616
0.0083435096
0.0085111052
0.0086544097
0.0087806489
0.0088880448
0.0089742815
0.0090392985
0.0090836328
0.0091074522
0.00911093
0.0090944291
0.0090585264
0.0090038644
0.0089312165
0.0088414172
0.0087354299
0.0086142578
0.0084789986
0.0083307687
0.0081707505
0.00800012
0.0078200891
0.0076318425
0.0074365714
0.0072354222
0.007029524
0.0068199457
0.0066077213
0.0063938155
0.0061791447
0.0059645522
0.0057508247
0.0055386752
0.0053287566
0.0051216506
0.0049178787
0.0047178967
0.0045221028
0.0043308359
0.0041443823
0.0039629767
0.003786807
0.0036160172
0.0034507113
0.0032909571
0.0031367895
0.0029882143
0.0028452111
0.0027077365
0.0025757263
0.0024490969
0.0023277484
0.002211566
0.0021004242
0.0019941883
0.0018927182
0.0017958671
0.0017034858
0.0016154197
0.0015315146
0.0014516128
0.0013755582
0.0013031936
0.0012343637
0.0011689154
0.0011066998
0.0010475727
0.00099139518
0.00093803409
0.00088736077
0.00083925049
0.00079358256
0.00075024169
0.00070912045
0.00067011917
0.00063314359
0.00059810495
0.00056491996
0.00053350921
0.00050379852
0.00047572087
0.00044921423
0.00042421852
0.00040067385
0.00037852035
0.00035769827
0.00033814841
0.00031981306
0.00030263408
0.00028655101
0.00027150112
0.00025742087
0.00024424851
0.00023191853
0.00022036224
0.00020952106
0.00019934505
0.0001897788
0.00018076193
0.0001722412
0.00016417124
0.00015651197
0.0001492345
0.00014232241
0.00013577491
0.0001295953
0.00012376968
0.00011816605
0.00011261191
0.00010714889
0.0001019278
9.7080145e-05
9.2684718e-05
8.8692572e-05
8.4659242e-05
8.023024e-05
7.5798131e-05
7.1820161e-05
6.8411852e-05
6.5066253e-05
6.1175971e-05
5.7181104e-05
5.3721589e-05
5.095246e-05
4.8179839e-05
4.4729359e-05
4.1248239e-05
3.8401364e-05
3.636827e-05
3.4321933e-05
3.1372141e-05
2.8396741e-05
2.615299e-05
2.4846236e-05
2.3494931e-05
2.1005184e-05
1.846735e-05
1.6729344e-05
1.5998463e-05
1.5138428e-05
1.3063557e-05
1.0950158e-05
9.5951726e-06
9.2769583e-06
8.9115354e-06
7.2016384e-06
5.4745639e-06
4.4028373e-06
4.407015e-06
4.5231178e-06
3.6161823e-06
2.1833247e-06
2.8651408e-06
1.6425169e-06
2.590253e-05
-3.0389858e-05
0.0057626547
0.005946386
0.0061064655
0.0063033072
0.0064963382
0.0066648147
0.0068153601
0.0069532557
0.0070769749
0.0071845659
0.0072757635
0.0073507492
0.0074094239
0.0074516903
0.0074775926
0.0074873491
0.0074812255
0.0074596051
0.0074229282
0.0073717545
0.0073066872
0.0072284317
0.0071377221
0.0070353756
0.0069222258
0.0067991651
0.0066670859
0.0065269172
0.0063795708
0.0062259738
0.0060670228
0.00590361
0.0057365866
0.0055667838
0.0053949838
0.0052219374
0.0050483418
0.0048748549
0.0047020792
0.0045305733
0.0043608404
0.0041933387
0.0040284738
0.0038666068
0.0037080506
0.0035530764
0.0034019124
0.0032547488
0.0031117386
0.0029730015
0.0028386259
0.0027086717
0.0025831727
0.002462139
0.0023455591
0.0022334016
0.0021256181
0.0020221451
0.0019229071
0.0018278174
0.0017367814
0.0016496949
0.0015664494
0.0014869294
0.0014110172
0.0013385909
0.0012695273
0.0012037012
0.0011409879
0.0010812637
0.0010244077
0.00097030161
0.00091883062
0.00086988251
0.00082334834
0.00077912189
0.00073710109
0.00069718939
0.0006592961
0.00062333524
0.00058922535
0.00055688938
0.00052625412
0.00049725059
0.00046981488
0.00044388721
0.00041940998
0.00039632636
0.00037457991
0.00035411445
0.00033487433
0.00031680461
0.00029985006
0.00028395391
0.00026905783
0.00025510268
0.00024202997
0.00022977927
0.00021828864
0.00020750201
0.00019736934
0.00018783844
0.00017885448
0.00017036749
0.00016233414
0.0001547164
0.00014748515
0.00014062142
0.00013411713
0.00012796553
0.00012214418
0.00011655602
0.00011107689
0.00010572334
0.00010060507
9.5822827e-05
9.1428581e-05
8.7371267e-05
8.333311e-05
7.9048162e-05
7.4775881e-05
7.0867194e-05
6.740918e-05
6.4038268e-05
6.0303402e-05
5.6492295e-05
5.3104529e-05
5.0268118e-05
4.7473139e-05
4.4196574e-05
4.0890385e-05
3.8101337e-05
3.5968032e-05
3.3865148e-05
3.109391e-05
2.8284312e-05
2.6081026e-05
2.4642439e-05
2.3205868e-05
2.0893112e-05
1.8510142e-05
1.6797968e-05
1.5921067e-05
1.4979724e-05
1.3067907e-05
1.1078427e-05
9.7680666e-06
9.3066471e-06
8.7949385e-06
7.2391101e-06
5.6505297e-06
4.6125186e-06
4.4954386e-06
4.4770581e-06
3.6374971e-06
2.3647638e-06
2.9276942e-06
1.8629296e-06
2.1389248e-05
-2.4348423e-05
0.0042773959
0.004447395
0.0046005301
0.0047817634
0.0049608178
0.0051221313
0.0052705263
0.0054098211
0.0055387506
0.0056557131
0.005760355
0.0058526503
0.0059323507
0.0059992114
0.006053085
0.0060939566
0.0061218473
0.0061368745
0.0061391958
0.0061290742
0.0061068104
0.0060727987
0.0060274681
0.0059713308
0.0059049239
0.0058288542
0.0057437429
0.0056502632
0.0055490924
0.0054409419
0.0053265144
0.0052065315
0.005081695
0.0049527104
0.0048202559
0.0046850006
0.0045475792
0.0044086072
0.0042686608
0.0041282896
0.0039880014
0.0038482723
0.0037095359
0.0035721921
0.0034365991
0.003303081
0.0031719232
0.0030433776
0.0029176613
0.0027949601
0.0026754286
0.0025591936
0.0024463546
0.0023369865
0.0022311413
0.0021288497
0.0020301232
0.001934956
0.0018433275
0.0017552034
0.0016705375
0.0015892729
0.0015113437
0.0014366765
0.0013651912
0.0012968029
0.0012314211
0.0011689531
0.0011093022
0.0010523723
0.00099806609
0.00094628813
0.00089694274
0.00084993678
0.00080517768
0.00076257496
0.00072204057
0.00068349025
0.0006468438
0.00061202477
0.00057896005
0.00054757996
0.00051781797
0.00048961094
0.00046289937
0.00043762701
0.00041373968
0.00039118421
0.00036990792
0.00034985849
0.00033098392
0.00031323256
0.00029655245
0.0002808906
0.00026619294
0.00025240466
0.00023947103
0.00022733632
0.00021594419
0.00020524169
0.00019517999
0.00018570996
0.00017678141
0.00016834767
0.00016036756
0.00015280484
0.00014563039
0.00013882311
0.00013236947
0.00012625587
0.00012045593
0.00011489726
0.00010949075
0.00010423824
9.9215644e-05
9.4497239e-05
9.0115455e-05
8.6021791e-05
8.1991189e-05
7.7827746e-05
7.3696638e-05
6.985871e-05
6.6380085e-05
6.3004171e-05
5.9402539e-05
5.5756013e-05
5.2442885e-05
4.9568631e-05
4.6765687e-05
4.3636608e-05
4.0488255e-05
3.7757904e-05
3.5554931e-05
3.3413033e-05
3.079258e-05
2.8134002e-05
2.597117e-05
2.4429927e-05
2.2925456e-05
2.0763262e-05
1.8524212e-05
1.6838657e-05
1.5840422e-05
1.4824599e-05
1.3049541e-05
1.1185815e-05
9.8978247e-06
9.3130008e-06
8.7208311e-06
7.302753e-06
5.814767e-06
4.8162532e-06
4.5980163e-06
4.451057e-06
3.6737205e-06
2.5375059e-06
2.9864767e-06
2.0081431e-06
1.7565174e-05
-1.9094261e-05
0.0030812844
0.0032344622
0.0033758758
0.0035385673
0.0037002366
0.0038493711
0.0039894442
0.0041231827
0.0042495713
0.0043673294
0.0044760878
0.0045757077
0.0046658851
0.0047463097
0.0048167384
0.004877026
0.0049270448
0.0049667423
0.0049960946
0.0050151616
0.0050240311
0.0050228734
0.0050118848
0.0049913401
0.0049615396
0.0049228526
0.0048756688
0.0048204361
0.0047576145
0.0046877102
0.0046112341
0.0045287296
0.0044407372
0.0043478179
0.0042505209
0.0041494049
0.0040450099
0.0039378744
0.003828513
0.0037174295
0.0036050991
0.00349198
0.0033784985
0.0032650591
0.0031520336
0.003039769
0.0029285797
0.0028187542
0.0027105494
0.0026041965
0.0024998975
0.0023978294
0.0022981428
0.0022009654
0.0021064013
0.002014534
0.0019254268
0.0018391249
0.001755657
0.0016750364
0.0015972626
0.0015223226
0.0014501923
0.0013808378
0.001314217
0.0012502795
0.0011889696
0.0011302241
0.0010739774
0.0010201592
0.00096869831
0.00091952118
0.00087255417
0.00082772277
0.00078495269
0.00074416956
0.0007053005
0.00066827439
0.00063302305
0.00059948035
0.00056758288
0.00053726925
0.00050848047
0.00048116005
0.0004552541
0.00043071112
0.00040748132
0.00038551583
0.00036476626
0.00034518453
0.0003267227
0.00030933292
0.000292967
0.00027757603
0.00026311029
0.00024951942
0.00023675287
0.0002247595
0.00021348797
0.00020288894
0.0001929158
0.00018352253
0.00017466308
0.00016629409
0.00015837659
0.00015087607
0.00014376366
0.0001370167
0.00013061776
0.00012454888
0.00011878251
0.00011326354
0.00010792758
0.00010276822
9.783479e-05
9.3179301e-05
8.8820094e-05
8.4713658e-05
8.0701686e-05
7.6642108e-05
7.2635037e-05
6.8867583e-05
6.5389622e-05
6.2023235e-05
5.8534134e-05
5.5030932e-05
5.1791379e-05
4.8901488e-05
4.6102117e-05
4.309755e-05
4.0089329e-05
3.7416979e-05
3.5168027e-05
3.3000418e-05
3.0504847e-05
2.7980631e-05
2.5857689e-05
2.4238165e-05
2.2679686e-05
2.0641277e-05
1.8530693e-05
1.6870966e-05
1.5774369e-05
1.4695958e-05
1.303768e-05
1.1290867e-05
1.0019167e-05
9.3316225e-06
8.670622e-06
7.3571855e-06
5.9518366e-06
4.9997497e-06
4.6980588e-06
4.4442758e-06
3.7282141e-06
2.6971989e-06
3.0287331e-06
2.124167e-06
1.4331033e-05
-1.4672959e-05
0.0021306638
0.0022657822
0.0023929
0.002535964
0.0026787861
0.0028129805
0.0029410156
0.0030648162
0.003183587
0.0032963267
0.0034026943
0.0035025036
0.0035954474
0.0036812052
0.0037595034
0.0038301313
0.0038928916
0.0039476382
0.0039942407
0.0040326331
0.004062767
0.0040846587
0.0040983464
0.0041039333
0.0041015434
0.0040913634
0.0040735991
0.0040485122
0.0040163813
0.0039775331
0.0039323054
0.0038810763
0.0038242291
0.0037621779
0.003695337
0.0036241418
0.0035490216
0.0034704176
0.0033887591
0.0033044783
0.0032179911
0.0031297086
0.0030400217
0.0029493107
0.0028579326
0.0027662295
0.0026745189
0.0025830999
0.0024922468
0.0024022138
0.0023132302
0.0022255052
0.0021392239
0.0020545517
0.0019716319
0.0018905889
0.0018115275
0.0017345348
0.0016596809
0.0015870204
0.0015165931
0.0014484253
0.001382531
0.0013189132
0.0012575646
0.0011984691
0.0011416023
0.0010869324
0.001034422
0.00098402851
0.00093570531
0.00088940268
0.00084506828
0.00080264813
0.000762086
0.00072332536
0.00068630844
0.00065097918
0.00061728155
0.00058516161
0.00055456597
0.00052544273
0.00049774118
0.00047141229
0.00044640875
0.00042268482
0.00040019597
0.00037889828
0.00035874818
0.00033970221
0.00032171689
0.0003047486
0.0002887533
0.0002736864
0.0002595026
0.00024615609
0.00023360063
0.00022178962
0.00021067633
0.00020021522
0.00019036257
0.00018107553
0.0001723118
0.00016403124
0.00015619717
0.00014877675
0.00014174162
0.00013506815
0.00012873637
0.00012272583
0.00011700939
0.00011154406
0.00010628252
0.00010121404
9.6367895e-05
9.1778057e-05
8.7452896e-05
8.3354839e-05
7.937302e-05
7.5405719e-05
7.1509696e-05
6.7814042e-05
6.4355714e-05
6.1013691e-05
5.7624224e-05
5.4248815e-05
5.108478e-05
4.8200707e-05
4.5418263e-05
4.2522225e-05
3.9640038e-05
3.7027504e-05
3.4755069e-05
3.2576512e-05
3.0187113e-05
2.778376e-05
2.5702823e-05
2.4028233e-05
2.2430678e-05
2.0495678e-05
1.8501199e-05
1.6869977e-05
1.56976e-05
1.4568638e-05
1.3008154e-05
1.1366041e-05
1.0112041e-05
9.3426558e-06
8.6211929e-06
7.3945478e-06
6.0733739e-06
5.1535604e-06
4.7703113e-06
4.437247e-06
3.7723353e-06
2.8305496e-06
3.0533267e-06
2.2062273e-06
1.1625905e-05
-1.0977215e-05
0.0013862174
0.0015032941
0.0016151059
0.0017387446
0.0018626459
0.0019807969
0.0020949269
0.0022063723
0.0023145257
0.0024186224
0.0025183664
0.002613563
0.0027039336
0.0027891778
0.0028690328
0.0029432704
0.0030116729
0.0030740502
0.0031302265
0.0031800655
0.0032234441
0.0032602864
0.0032905292
0.003314161
0.0033311861
0.0033416602
0.003345655
0.0033432923
0.0033347077
0.0033200831
0.0032996129
0.0032735322
0.0032420865
0.0032055556
0.0031642259
0.0031184112
0.0030684276
0.0030146113
0.0029572966
0.00289683
0.0028335516
0.0027678071
0.0026999311
0.0026302579
0.0025591078
0.0024867954
0.0024136183
0.0023398648
0.0022658041
0.0021916931
0.0021177689
0.0020442542
0.0019713516
0.0018992483
0.0018281123
0.0017580957
0.0016893324
0.0016219411
0.0015560238
0.0014916683
0.0014289471
0.0013679202
0.0013086342
0.0012511244
0.0011954151
0.0011415206
0.0010894462
0.0010391889
0.00099073836
0.00094407798
0.00089918571
0.00085603456
0.00081459402
0.00077482963
0.00073670473
0.0007001794
0.00066521313
0.00063176386
0.00059978983
0.00056924886
0.00054009903
0.00051229828
0.00048580521
0.00046057892
0.00043657967
0.00041376829
0.00039210645
0.00037155584
0.00035207828
0.00033363541
0.0003161887
0.00029969919
0.00028412748
0.00026943354
0.00025557679
0.00024251602
0.00023020958
0.00021861538
0.00020769125
0.00019739565
0.00018768825
0.00017852956
0.00016988092
0.00016170537
0.0001539687
0.00014663985
0.00013969127
0.000133099
0.00012684174
0.00012089787
0.0001152416
0.00010983842
0.00010465255
9.9671138e-05
9.4908957e-05
9.0385806e-05
8.6103074e-05
8.2029059e-05
7.8086091e-05
7.4201882e-05
7.0405274e-05
6.6781329e-05
6.3356386e-05
6.0049625e-05
5.6748777e-05
5.3485839e-05
5.0396173e-05
4.7532883e-05
4.4776518e-05
4.1974117e-05
3.9202767e-05
3.6649229e-05
3.436983e-05
3.2191063e-05
2.9890473e-05
2.7592806e-05
2.5553586e-05
2.3841854e-05
2.221686e-05
2.036646e-05
1.8473726e-05
1.6871169e-05
1.5640623e-05
1.4470562e-05
1.2989854e-05
1.1440474e-05
1.020504e-05
9.3689849e-06
8.5950934e-06
7.4402335e-06
6.2010044e-06
5.2949611e-06
4.8331214e-06
4.4412583e-06
3.8120358e-06
2.9543859e-06
3.0772761e-06
2.2718742e-06
9.4013551e-06
-7.9527929e-06
0.00081221783
0.00091222377
0.0010089093
0.0011142527
0.0012201342
0.0013223266
0.0014220261
0.0015201496
0.0016162435
0.001709739
0.0018003903
0.0018880192
0.0019723851
0.0020532283
0.002130314
0.0022034251
0.0022723533
0.0023369023
0.0023968858
0.0024521394
0.0025025086
0.002547867
0.0025881
0.0026231276
0.0026528815
0.0026773323
0.0026964623
0.0027102939
0.0027188615
0.0027222388
0.0027205106
0.0027137994
0.0027022374
0.0026859911
0.0026652358
0.0026401767
0.0026110255
0.0025780183
0.0025413944
0.0025014121
0.0024583294
0.0024124175
0.002363944
0.002313184
0.0022604058
0.0022058802
0.002149868
0.0020926283
0.0020344082
0.0019754491
0.0019159781
0.0018562144
0.0017963617
0.0017366133
0.0016771469
0.0016181286
0.0015597089
0.001502026
0.0014452033
0.0013893518
0.0013345688
0.0012809395
0.0012285368
0.0011774224
0.0011276469
0.0010792511
0.0010322662
0.00098671456
0.00094261074
0.00089996192
0.00085876891
0.00081902663
0.00078072504
0.00074384955
0.00070838159
0.00067429923
0.00064157791
0.00061019105
0.0005801105
0.00055130715
0.00052375037
0.00049740925
0.00047225168
0.00044824625
0.00042536087
0.00040356424
0.00038282448
0.00036310971
0.00034438754
0.00032662527
0.00030978966
0.00029384692
0.00027876257
0.00026450153
0.00025102805
0.00023830572
0.00022629752
0.00021496596
0.00020427334
0.00019418231
0.00018465617
0.00017565901
0.00016715563
0.00015911229
0.0001514973
0.00014428148
0.00013743841
0.00013094435
0.00012477755
0.00011891628
0.00011333639
0.00010800942
0.00010290725
9.8016144e-05
9.3340773e-05
8.889032e-05
8.4661396e-05
8.062759e-05
7.6734176e-05
7.2929835e-05
6.9226195e-05
6.567621e-05
6.2297536e-05
5.9037109e-05
5.5819355e-05
5.2658682e-05
4.9644482e-05
4.6816378e-05
4.4096618e-05
4.1379156e-05
3.8708115e-05
3.6215395e-05
3.3945256e-05
3.1778307e-05
2.9555462e-05
2.7352274e-05
2.5356941e-05
2.3625626e-05
2.1985878e-05
2.0206873e-05
1.8404378e-05
1.6832716e-05
1.5561505e-05
1.4361351e-05
1.2947176e-05
1.148062e-05
1.0265815e-05
9.3782741e-06
8.561634e-06
7.4665641e-06
6.2999703e-06
5.4060523e-06
4.8851029e-06
4.4457502e-06
3.8383803e-06
3.0583947e-06
3.0856505e-06
2.3073601e-06
7.5796251e-06
-5.5413529e-06
0.00037823261
0.00046263617
0.00054506222
0.00063373843
0.00072308452
0.00081018632
0.00089585263
0.00098069922
0.001064398
0.0011465361
0.0012269197
0.0013053975
0.0013817733
0.0014558345
0.0015273834
0.0015962311
0.001662193
0.0017250876
0.0017847405
0.0018409862
0.001893667
0.0019426401
0.0019877705
0.002028945
0.0020660587
0.0020990331
0.0021277986
0.0021523154
0.0021725513
0.0021885058
0.0022001868
0.0022076333
0.0022108935
0.0022100458
0.0022051772
0.002196403
0.0021838461
0.0021676544
0.0021479821
0.0021250048
0.0020989017
0.0020698695
0.0020381054
0.0020038202
0.0019672229
0.0019285311
0.0018879585
0.0018457232
0.0018020368
0.0017571114
0.0017111508
0.001664356
0.0016169176
0.0015690213
0.0015208409
0.0014725433
0.0014242831
0.0013762063
0.0013284465
0.001281128
0.001234363
0.0011882538
0.0011428914
0.0010983572
0.0010547218
0.001012047
0.00097038483
0.00092977915
0.00089026538
0.00085187161
0.00081461886
0.00077852179
0.00074358931
0.00070982505
0.00067722797
0.00064579282
0.00061551091
0.00058637034
0.00055835695
0.000531454
0.00050564332
0.00048090431
0.00045721585
0.00043455528
0.00041289974
0.00039222544
0.00037250808
0.00035372237
0.00033584242
0.00031884144
0.00030269208
0.00028736594
0.00027283402
0.00025906632
0.00024603226
0.00023370029
0.00022203822
0.00021101324
0.00020059222
0.00019074209
0.00018143013
0.00017262411
0.00016429241
0.0001564045
0.0001489314
0.00014184602
0.0001351234
0.0001287406
0.00012267618
0.000116909
0.00011141677
0.00010617539
0.00010116185
9.6362214e-05
9.177443e-05
8.7400087e-05
8.3232645e-05
7.9250126e-05
7.5413468e-05
7.1685937e-05
6.8069062e-05
6.4593277e-05
6.1269238e-05
5.8062459e-05
5.4922813e-05
5.1854741e-05
4.8914754e-05
4.6131105e-05
4.3454664e-05
4.0813795e-05
3.8231991e-05
3.5799181e-05
3.3549219e-05
3.1402064e-05
2.92464e-05
2.7125455e-05
2.5173424e-05
2.3435071e-05
2.1789654e-05
2.0069749e-05
1.8344944e-05
1.6804096e-05
1.5505417e-05
1.4283416e-05
1.2923119e-05
1.1528059e-05
1.0333891e-05
9.4067507e-06
8.5549378e-06
7.5075114e-06
6.4037254e-06
5.5222516e-06
4.9532315e-06
4.4704797e-06
3.8736567e-06
3.1624185e-06
3.0979535e-06
2.3350953e-06
6.1288149e-06
-3.6347832e-06
5.7432967e-05
0.00012792085
0.00019735072
0.0002711904
0.00034573459
0.00041903948
0.00049162858
0.000563899
0.00063561762
0.00070649311
0.00077637576
0.00084514406
0.00091264382
0.00097870963
0.0010431831
0.0011059106
0.0011667379
0.0012255113
0.0012820777
0.0013362879
0.0013879954
0.0014370605
0.0014833489
0.0015267377
0.0015671109
0.001604368
0.0016384151
0.0016691775
0.0016965868
0.0017205967
0.0017411668
0.0017582813
0.0017719299
0.0017821279
0.0017888972
0.0017922847
0.001792344
0.0017891527
0.0017827939
0.0017733727
0.0017609988
0.001745801
0.0017279114
0.0017074785
0.0016846517
0.0016595936
0.0016324661
0.0016034404
0.0015726856
0.0015403762
0.0015066827
0.0014717779
0.0014358286
0.0013990013
0.0013614547
0.0013233451
0.00128482
0.0012460221
0.0012070848
0.0011681355
0.0011292917
0.0010906639
0.0010523529
0.001014452
0.00097704496
0.00094020805
0.00090400861
0.00086850664
0.00083375402
0.00079979573
0.00076666954
0.00073440699
0.00070303343
0.00067256873
0.00064302763
0.00061442017
0.00058675228
0.00056002609
0.00053424048
0.00050939138
0.00048547197
0.00046247311
0.00044038367
0.0004191909
0.00039888062
0.00037943751
0.00036084464
0.00034308419
0.00032613665
0.00030998204
0.00029459869
0.00027996443
0.00026605552
0.0002528477
0.00024031545
0.00022843238
0.00021717115
0.00020650375
0.00019640169
0.0001868363
0.00017777899
0.00016920134
0.00016107537
0.00015337378
0.00014607043
0.00013914053
0.00013256085
0.00012630971
0.00012036657
0.00011471136
0.0001093237
0.00010418269
9.9268835e-05
9.4568354e-05
9.007498e-05
8.5785178e-05
8.1690458e-05
7.7772408e-05
7.4002561e-05
7.035416e-05
6.6823204e-05
6.3425017e-05
6.0164813e-05
5.7020178e-05
5.3958184e-05
5.0978e-05
4.8113513e-05
4.5383799e-05
4.275868e-05
4.0191024e-05
3.7692037e-05
3.5320731e-05
3.3102087e-05
3.0983916e-05
2.8890083e-05
2.6843473e-05
2.4936527e-05
2.3203878e-05
2.1563043e-05
1.9895015e-05
1.8238894e-05
1.6730605e-05
1.5417621e-05
1.4183256e-05
1.286855e-05
1.153632e-05
1.0364399e-05
9.4098322e-06
8.531788e-06
7.5233124e-06
6.4751047e-06
5.6075155e-06
4.9992702e-06
4.4776776e-06
3.8860374e-06
3.2224636e-06
3.0624552e-06
2.3229917e-06
4.9391364e-06
-2.2242577e-06
-0.0001715772
-0.00011329436
-5.5477961e-05
5.3628258e-06
6.6881287e-05
0.00012784008
0.00018856505
0.00024930077
0.00030988533
0.00037011506
0.00042987235
0.00048905773
0.00054755063
0.00060522511
0.00066195936
0.00071763521
0.00077213173
0.00082532683
0.00087709513
0.00092731159
0.00097584936
0.0010225847
0.0010673948
0.0011101635
0.001150778
0.0011891344
0.0012251333
0.0012586866
0.0012897106
0.0013181353
0.0013438951
0.001366941
0.0013872285
0.001404732
0.001419431
0.0014313247
0.0014404176
0.0014467342
0.0014503044
0.0014511774
0.0014494071
0.001445066
0.0014382299
0.0014289915
0.0014174465
0.001403705
0.001387879
0.0013700923
0.0013504692
0.0013291431
0.0013062461
0.0012819168
0.0012562913
0.0012295092
0.0012017061
0.0011730187
0.0011435785
0.0011135158
0.0010829549
0.0010520172
0.0010208168
0.00098946391
0.00095806107
0.00092670577
0.00089548768
0.00086449088
0.00083379166
0.00080346051
0.00077356044
0.00074414864
0.00071527542
0.00068698547
0.0006593173
0.00063230424
0.00060597423
0.00058035055
0.00055545195
0.00053129308
0.00050788484
0.00048523465
0.0004633468
0.00044222271
0.0004218613
0.00040225917
0.00038341111
0.0003653098
0.00034794645
0.00033131011
0.00031538877
0.00030016856
0.00028563458
0.00027177027
0.00025855809
0.00024597912
0.00023401337
0.00022263954
0.00021183537
0.00020157767
0.00019184276
0.00018260643
0.00017384435
0.00016553207
0.00015764528
0.00015016007
0.00014305326
0.0001363026
0.00012988695
0.00012378625
0.00011798138
0.00011245372
0.00010718476
0.00010215621
9.7351075e-05
9.2756019e-05
8.8362373e-05
8.4163423e-05
8.014963e-05
7.6305391e-05
7.260937e-05
6.9041585e-05
6.5595308e-05
6.2276176e-05
5.9085327e-05
5.6007925e-05
5.3022339e-05
5.0125178e-05
4.7335343e-05
4.4664849e-05
4.2095562e-05
3.9597234e-05
3.7174178e-05
3.486352e-05
3.2682903e-05
3.0599247e-05
2.856169e-05
2.6580948e-05
2.4718359e-05
2.2999738e-05
2.1370178e-05
1.9746882e-05
1.8149729e-05
1.6673347e-05
1.5355233e-05
1.4115122e-05
1.2837899e-05
1.1558849e-05
1.040856e-05
9.4353071e-06
8.5374197e-06
7.5592046e-06
6.5578529e-06
5.7032296e-06
5.0625528e-06
4.5066423e-06
3.9156009e-06
3.2725876e-06
3.0244135e-06
2.3291157e-06
4.0041444e-06
-1.1964168e-06
-0.00032805775
-0.00028021832
-0.00023247813
-0.00018274965
-0.00013243338
-8.2270285e-05
-3.2064648e-05
1.8332756e-05
6.8823495e-05
0.00011927757
0.00016961075
0.00021974651
0.00026959309
0.00031905404
0.00036803374
0.00041643807
0.00046417026
0.0005111328
0.00055722572
0.0006023494
0.00064640236
0.00068928458
0.0007308949
0.00077113488
0.00080990569
0.00084711268
0.00088266183
0.00091646505
0.0009484364
0.00097849794
0.0010065748
0.0010326027
0.0010565204
0.0010782798
0.0010978359
0.0011151583
0.0011302199
0.0011430097
0.0011535198
0.0011617588
0.0011677386
0.0011714876
0.0011730375
0.0011724359
0.0011697335
0.0011649952
0.0011582889
0.0011496948
0.0011392955
0.0011271841
0.0011134548
0.0010982104
0.0010815535
0.001063593
0.0010444366
0.0010241964
0.0010029816
0.00098090408
0.00095807147
0.00093459219
0.00091056978
0.00088610673
0.00086129997
0.00083624419
0.0008110279
0.00078573643
0.00076044874
0.00073523983
0.00071017842
0.00068532877
0.00066074902
0.00063649278
0.00061260788
0.00058913764
0.0005661202
0.00054358935
0.00052157428
0.00050010022
0.00047918832
0.00045885623
0.00043911812
0.00041998502
0.00040146511
0.00038356386
0.0003662844
0.00034962753
0.00033359189
0.00031817408
0.00030336885
0.00028916915
0.00027556628
0.00026254995
0.00025010835
0.0002382284
0.00022689533
0.00021609332
0.00020580496
0.00019601228
0.00018669612
0.00017783705
0.00016941491
0.00016140933
0.00015379972
0.00014656566
0.00013968706
0.00013314442
0.00012691892
0.0001209925
0.00011534776
0.0001099678
0.00010483604
9.9936331e-05
9.5253662e-05
9.077537e-05
8.6491646e-05
8.2394044e-05
7.847265e-05
7.4714044e-05
7.11017e-05
6.7620259e-05
6.4261968e-05
6.1026584e-05
5.791241e-05
5.4909293e-05
5.2002826e-05
4.9188445e-05
4.6475475e-05
4.3870745e-05
4.1363451e-05
3.8934571e-05
3.6584849e-05
3.4336542e-05
3.2201466e-05
3.015919e-05
2.8176508e-05
2.6257296e-05
2.4440603e-05
2.2744825e-05
2.1134354e-05
1.9552846e-05
1.8008734e-05
1.6565545e-05
1.5251796e-05
1.4013703e-05
1.2769722e-05
1.1537293e-05
1.0409895e-05
9.4275707e-06
8.5176625e-06
7.5642937e-06
6.6031385e-06
5.7621099e-06
5.0969148e-06
4.5116143e-06
3.9181701e-06
3.2836835e-06
2.9597009e-06
2.3051162e-06
3.2515926e-06
-5.0718743e-07
-0.00042827997
-0.00038941892
-0.00035020551
-0.00030957049
-0.00026836214
-0.0002271065
-0.00018579751
-0.00014440293
-0.0001029711
-6.1523429e-05
-2.0035924e-05
2.1514176e-05
6.3114442e-05
0.00010471592
0.00014623814
0.00018758177
0.00022863784
0.00026930172
0.00030947684
0.00034907967
0.00038803378
0.00042626936
0.00046371491
0.00050029848
0.00053594192
0.00057056591
0.00060408659
0.00063642252
0.00066749132
0.00069721651
0.00072552288
0.00075234287
0.00077761092
0.00080126993
0.00082326458
0.0008435493
0.00086208007
0.0008788241
0.00089375055
0.00090684127
0.0009180803
0.00092746548
0.00093499681
0.00094068821
0.00094455609
0.00094663016
0.00094694256
0.00094553786
0.00094246244
0.000937774
0.00093153178
0.00092380476
0.00091466302
0.00090418482
0.00089244855
0.00087953916
0.00086554083
0.00085054252
0.00083463155
0.00081789827
0.00080043034
0.00078231702
0.00076364396
0.000744497
0.00072495783
0.00070510709
0.00068502074
0.00066477276
0.00064443212
0.00062406512
0.00060373294
0.00058349357
0.0005634
0.00054350176
0.00052384358
0.00050446667
0.00048540779
0.00046670021
0.00044837321
0.0004304527
0.00041296105
0.00039591754
0.00037933833
0.0003632368
0.00034762367
0.00033250711
0.00031789292
0.00030378464
0.00029018371
0.0002770895
0.00026449955
0.0002524095
0.00024081345
0.00022970369
0.00021907115
0.00020890489
0.00019919301
0.00018992214
0.00018107819
0.00017264608
0.0001646101
0.00015695386
0.00014966063
0.00014271349
0.00013609566
0.00012979049
0.0001237818
0.00011805377
0.00011259102
0.00010737857
0.00010240179
9.7646532e-05
9.3099521e-05
8.8748977e-05
8.458487e-05
8.0598079e-05
7.6778839e-05
7.3115492e-05
6.9594836e-05
6.6204788e-05
6.2937527e-05
5.9789294e-05
5.6756411e-05
5.3831689e-05
5.1005395e-05
4.8272544e-05
4.5636634e-05
4.3100897e-05
4.0658744e-05
3.8298306e-05
3.6018645e-05
3.3832339e-05
3.1746774e-05
2.9749559e-05
2.7819474e-05
2.5956885e-05
2.4185498e-05
2.251771e-05
2.0930965e-05
1.9387777e-05
1.7890267e-05
1.6479408e-05
1.517594e-05
1.3944759e-05
1.2729493e-05
1.1536056e-05
1.042976e-05
9.4442675e-06
8.5280772e-06
7.5944788e-06
6.6661061e-06
5.8372669e-06
5.1526223e-06
4.5414667e-06
3.9407888e-06
3.3114602e-06
2.9228849e-06
2.2889213e-06
2.6895376e-06
6.2125047e-10
-0.00048920664
-0.00045949489
-0.00042816837
-0.00039421516
-0.0003588458
-0.00032331257
-0.00028812721
-0.00025346932
-0.0002193584
-0.00018563344
-0.00015202469
-0.00011827929
-8.4247178e-05
-4.9894428e-05
-1.5283727e-05
1.9466911e-05
5.4218551e-05
8.8844585e-05
0.00012324198
0.00015733725
0.00019107479
0.00022441067
0.00025729861
0.00028968863
0.00032152016
0.00035272815
0.00038324058
0.00041298686
0.00044189479
0.00046989767
0.00049692906
0.00052292866
0.00054783587
0.00057159571
0.00059415239
0.00061545591
0.00063545615
0.00065411011
0.00067137529
0.00068721824
0.00070160683
0.00071451924
0.00072593543
0.00073584647
0.00074424507
0.0007511352
0.00075652235
0.0007604229
0.00076285501
0.00076384712
0.00076342928
0.00076164131
0.00075852423
0.00075412796
0.00074850348
0.00074170937
0.00073380474
0.00072485502
0.00071492524
0.00070408542
0.00069240451
0.00067995492
0.00066680732
0.00065303453
0.00063870685
0.00062389556
0.00060866886
0.00059309486
0.00057723814
0.00056116228
0.00054492697
0.00052859025
0.00051220608
0.00049582623
0.00047949844
0.00046326787
0.00044717575
0.00043126056
0.00041555702
0.00040009709
0.00038490921
0.00037001909
0.0003554493
0.00034121975
0.00032734756
0.00031384735
0.00030073125
0.00028800903
0.00027568823
0.00026377419
0.00025227027
0.00024117781
0.00023049635
0.00022022365
0.00021035571
0.00020088694
0.00019181026
0.00018311732
0.00017479858
0.00016684357
0.0001592407
0.00015197777
0.00014504174
0.00013841945
0.00013209727
0.00012606176
0.00012029938
0.00011479681
0.00010954088
0.00010451869
9.9717625e-05
9.5125459e-05
9.0730571e-05
8.6522288e-05
8.2490955e-05
7.8627511e-05
7.4922708e-05
7.1366303e-05
6.7947356e-05
6.4656383e-05
6.1486268e-05
5.8431468e-05
5.5487211e-05
5.264824e-05
4.9907359e-05
4.7259034e-05
4.4703449e-05
4.2241687e-05
3.9869564e-05
3.7579623e-05
3.5370308e-05
3.324823e-05
3.1217561e-05
2.9270716e-05
2.7394297e-05
2.5587115e-05
2.3862795e-05
2.2229124e-05
2.0672023e-05
1.9167051e-05
1.7713238e-05
1.6335877e-05
1.5049326e-05
1.3831238e-05
1.2643498e-05
1.1486282e-05
1.0403346e-05
9.4203961e-06
8.5021033e-06
7.5847777e-06
6.6853105e-06
5.8698166e-06
5.1723115e-06
4.5387157e-06
3.9292415e-06
3.3005962e-06
2.8527407e-06
2.2343376e-06
2.2182591e-06
3.5103492e-07
-0.00050867967
-0.00048387955
-0.00045890662
-0.00043331582
-0.00040714192
-0.00038046917
-0.00035334647
-0.00032583222
-0.00029801084
-0.00026995786
-0.00024173236
-0.00021337363
-0.00018491262
-0.00015636877
-0.00012775798
-9.9091089e-05
-7.0382577e-05
-4.164882e-05
-1.2915009e-05
1.5787801e-05
4.4417707e-05
7.2926844e-05
0.00010125866
0.0001293546
0.00015715221
0.00018459188
0.00021161391
0.0002381639
0.00026418797
0.00028963696
0.00031446056
0.00033861131
0.00036203883
0.00038469469
0.00040652731
0.00042748776
0.00044752519
0.00046659305
0.00048464472
0.00050163963
0.0005175382
0.00053230834
0.00054591916
0.00055834807
0.00056957349
0.00057958252
0.00058836314
0.00059591237
0.00060222784
0.00060731638
0.00061118572
0.0006138525
0.00061533467
0.0006156586
0.00061485185
0.00061294974
0.00060998856
0.00060601142
0.00060106213
0.00059519025
0.00058844537
0.0005808819
0.00057255355
0.00056351776
0.00055383083
0.00054355162
0.0005327373
0.00052144657
0.00050973588
0.00049766231
0.00048528028
0.000472644
0.00045980471
0.00044681278
0.00043371537
0.00042055823
0.00040738387
0.00039423295
0.00038114294
0.00036814919
0.0003552839
0.00034257709
0.00033005577
0.00031774473
0.00030566598
0.00029383929
0.0002822819
0.00027100886
0.00026003288
0.00024936456
0.00023901241
0.0002289829
0.0002192806
0.00020990822
0.0002008667
0.00019215528
0.00018377168
0.00017571212
0.00016797164
0.00016054392
0.00015342173
0.00014659662
0.00014005961
0.00013380089
0.00012781043
0.00012207775
0.00011659225
0.00011134313
0.00010631965
0.00010151108
9.6906917e-05
9.249684e-05
8.8270957e-05
8.4219842e-05
8.0334738e-05
7.6607153e-05
7.302867e-05
6.9590456e-05
6.6283281e-05
6.3099825e-05
6.0033701e-05
5.7077228e-05
5.4224484e-05
5.1473793e-05
4.8821026e-05
4.6259343e-05
4.3786488e-05
4.1402144e-05
3.9103337e-05
3.6885063e-05
3.4745571e-05
3.2688043e-05
3.0714613e-05
2.8820544e-05
2.6997387e-05
2.5243408e-05
2.356588e-05
2.1969274e-05
2.0444903e-05
1.8977091e-05
1.7563531e-05
1.6218939e-05
1.4952689e-05
1.3751038e-05
1.2588802e-05
1.1463775e-05
1.0403011e-05
9.424303e-06
8.5061283e-06
7.6067366e-06
6.732106e-06
5.9257988e-06
5.2139775e-06
4.563724e-06
3.9424131e-06
3.3145226e-06
2.8091457e-06
2.1779058e-06
1.8702729e-06
5.5927008e-07
-0.00049176451
-0.00047638934
-0.00046120266
-0.00044404429
-0.0004251079
-0.00040479838
-0.00038330539
-0.0003608898
-0.00033790745
-0.00031468479
-0.00029144895
-0.00026831945
-0.00024532555
-0.00022242654
-0.00019954316
-0.00017658617
-0.00015348358
-0.00013019215
-0.00010670419
-8.3041211e-05
-5.9249324e-05
-3.538677e-05
-1.1518899e-05
1.2291957e-05
3.5986697e-05
5.9514977e-05
8.2830857e-05
0.00010589556
0.00012867107
0.00015112263
0.00017321239
0.00019490306
0.00021615251
0.00023691887
0.00025715596
0.0002768192
0.00029586131
0.00031423844
0.00033190566
0.00034882289
0.00036494994
0.00038025215
0.00039469522
0.00040825064
0.00042089011
0.00043259152
0.0004433328
0.00045309848
0.00046187334
0.00046964928
0.00047641862
0.00048218129
0.00048693776
0.00049069616
0.00049346553
0.00049526221
0.00049610351
0.00049601361
0.00049501732
0.00049314567
0.00049043022
0.00048690779
0.00048261554
0.00047759504
0.00047188763
0.00046553831
0.00045859138
0.0004510939
0.00044309188
0.00043463315
0.000425764
0.00041653184
0.00040698208
0.00039716052
0.00038711073
0.00037687597
0.00036649705
0.00035601399
0.00034546416
0.00033488375
0.0003243063
0.00031376381
0.0003032857
0.00029289967
0.00028263086
0.00027250261
0.00026253586
0.00025274962
0.00024316068
0.00023378388
0.00022463194
0.00021571574
0.00020704417
0.00019862434
0.00019046158
0.0001825595
0.00017492016
0.00016754405
0.00016043033
0.00015357684
0.00014698017
0.00014063584
0.00013453844
0.00012868181
0.0001230591
0.00011766303
0.00011248578
0.00010751932
0.00010275525
9.8185273e-05
9.38009e-05
8.9593894e-05
8.555597e-05
8.1679282e-05
7.7956126e-05
7.4378864e-05
7.0940196e-05
6.7632014e-05
6.4445159e-05
6.1376951e-05
5.8423821e-05
5.5576722e-05
5.2829716e-05
5.0178531e-05
4.7618586e-05
4.5145685e-05
4.2757917e-05
4.0454351e-05
3.823254e-05
3.6088967e-05
3.402201e-05
3.2032698e-05
3.0121405e-05
2.8284799e-05
2.6517744e-05
2.4818723e-05
2.3190933e-05
2.163611e-05
2.0148781e-05
1.8719435e-05
1.7345891e-05
1.6036026e-05
1.4794984e-05
1.3614135e-05
1.247757e-05
1.138266e-05
1.0345348e-05
9.3770234e-06
8.4644956e-06
7.5808322e-06
6.7272449e-06
5.9316183e-06
5.2127647e-06
4.5497384e-06
3.9168258e-06
3.2857107e-06
2.7299441e-06
2.1042799e-06
1.5942222e-06
6.0418065e-07
-0.0004946906
-0.00047856261
-0.00046130411
-0.00044347371
-0.00042536593
-0.00040730973
-0.00038944189
-0.00037175793
-0.00035420573
-0.00033670612
-0.00031916041
-0.00030146787
-0.0002835455
-0.00026533708
-0.00024681714
-0.00022798741
-0.00020887289
-0.00018951303
-0.00016995615
-0.00015025124
-0.00013044539
-0.00011057894
-9.0686997e-05
-7.0797492e-05
-5.0935482e-05
-3.1122181e-05
-1.1379889e-05
8.2697635e-06
2.7801429e-05
4.7188995e-05
6.6401731e-05
8.5408235e-05
0.00010417285
0.00012266021
0.0001408316
0.00015864985
0.00017607544
0.00019307147
0.00020959941
0.00022562412
0.00024110917
0.00025602195
0.00027032879
0.00028400006
0.00029700531
0.00030931829
0.00032091241
0.00033176573
0.00034185604
0.0003511665
0.0003596803
0.00036738649
0.00037427445
0.00038033982
0.00038557866
0.00038999341
0.000393587
0.00039636856
0.00039834793
0.00039954072
0.00039996312
0.00039963673
0.00039858348
0.00039683017
0.00039440389
0.0003913359
0.00038765748
0.00038340345
0.00037860817
0.00037330894
0.0003675423
0.00036134687
0.00035476024
0.00034782143
0.00034056796
0.00033303821
0.00032526879
0.00031729654
0.00030915638
0.00030088292
0.00029250867
0.00028406545
0.0002755829
0.00026708965
0.00025861216
0.00025017557
0.00024180291
0.00023351573
0.00022533348
0.00021727406
0.00020935335
0.00020158559
0.00019398314
0.00018655672
0.00017931529
0.00017226624
0.00016541534
0.00015876689
0.00015232374
0.00014608741
0.00014005813
0.000134235
0.00012861609
0.00012319851
0.00011797868
0.00011295222
0.0001081143
0.00010345939
9.8981774e-05
9.4675308e-05
9.0533827e-05
8.6550929e-05
8.272029e-05
7.9035544e-05
7.5490446e-05
7.2078692e-05
6.8794116e-05
6.563049e-05
6.2581605e-05
5.9642604e-05
5.6808491e-05
5.407315e-05
5.1431842e-05
4.8881172e-05
4.6417797e-05
4.403814e-05
4.1739867e-05
3.9521563e-05
3.7380814e-05
3.5314626e-05
3.3321335e-05
3.140079e-05
2.9552648e-05
2.777479e-05
2.6064229e-05
2.4419566e-05
2.2841375e-05
2.1329878e-05
1.9882022e-05
1.8492064e-05
1.7157616e-05
1.5882168e-05
1.4668398e-05
1.3511143e-05
1.2400319e-05
1.1332989e-05
1.0317886e-05
9.3622187e-06
8.4581445e-06
7.5882983e-06
6.7514139e-06
5.9647997e-06
5.2416054e-06
4.5682946e-06
3.9242771e-06
3.2878832e-06
2.6929537e-06
2.0649408e-06
1.4137669e-06
6.4714931e-07
-0.00046134049
-0.00044862954
-0.0004356222
-0.00042279066
-0.00040987358
-0.00039674692
-0.0003834709
-0.00037007189
-0.00035651481
-0.00034275501
-0.00032876139
-0.00031451012
-0.00029998669
-0.00028518772
-0.00027012397
-0.00025481546
-0.00023928966
-0.00022357547
-0.00020770215
-0.00019169473
-0.0001755751
-0.00015935973
-0.00014306289
-0.00012669574
-0.00011027044
-9.3798949e-05
-7.7296804e-05
-6.0780898e-05
-4.4272503e-05
-2.7794071e-05
-1.137188e-05
4.9676699e-06
2.11953e-05
3.728269e-05
5.3199362e-05
6.8916493e-05
8.4403392e-05
9.9631367e-05
0.00011456989
0.00012919059
0.00014346323
0.00015735992
0.00017085096
0.00018390923
0.00019650608
0.00020861581
0.00022021154
0.0002312697
0.0002417661
0.00025168028
0.00026099142
0.00026968299
0.00027773826
0.00028514525
0.00029189195
0.0002979714
0.00030337682
0.00030810664
0.00031215947
0.00031553917
0.00031824991
0.00032030083
0.00032170159
0.00032246647
0.00032261013
0.00032215156
0.00032110996
0.00031950841
0.00031737012
0.00031472158
0.00031158911
0.00030800185
0.00030398842
0.00029957965
0.00029480567
0.00028969819
0.00028428792
0.00027860663
0.00027268476
0.00026655334
0.00026024191
0.00025378006
0.00024719578
0.00024051672
0.00023376877
0.00022697719
0.00022016544
0.00021335603
0.00020656967
0.00019982595
0.00019314262
0.00018653618
0.00018002138
0.0001736116
0.00016731857
0.00016115264
0.00015512257
0.0001492358
0.00014349831
0.0001379148
0.00013248872
0.00012722231
0.00012211677
0.00011717228
0.00011238817
0.00010776294
0.00010329438
9.8979663e-05
9.4815433e-05
9.0797928e-05
8.6923055e-05
8.3186467e-05
7.9583605e-05
7.6109833e-05
7.2760302e-05
6.9530169e-05
6.6414461e-05
6.3408264e-05
6.0506623e-05
5.7705486e-05
5.5000848e-05
5.2388293e-05
4.9863924e-05
4.7424522e-05
4.5066371e-05
4.27856e-05
4.0581029e-05
3.8453033e-05
3.6399239e-05
3.4416073e-05
3.2501677e-05
3.0655363e-05
2.8876406e-05
2.7163284e-05
2.5514313e-05
2.3928229e-05
2.2403528e-05
2.0939318e-05
1.9534526e-05
1.8186025e-05
1.689164e-05
1.5652429e-05
1.446936e-05
1.3339146e-05
1.2255462e-05
1.1215693e-05
1.0224145e-05
9.2848271e-06
8.3930171e-06
7.5379296e-06
6.7175169e-06
5.9415131e-06
5.217802e-06
4.5373916e-06
3.8838925e-06
3.2414906e-06
2.6165892e-06
1.982492e-06
1.2488372e-06
6.2581811e-07
-0.00042371815
-0.00041406485
-0.00040418677
-0.00039448564
-0.00038464536
-0.00037451559
-0.00036414896
-0.00035358405
-0.0003428113
-0.00033182182
-0.00032062213
-0.00030922209
-0.00029762997
-0.00028585287
-0.00027389864
-0.00026177441
-0.00024948722
-0.00023704304
-0.00022444822
-0.00021170849
-0.00019883052
-0.00018582074
-0.00017268714
-0.00015943786
-0.00014608321
-0.0001326339
-0.00011910314
-0.00010550458
-9.1854447e-05
-7.8169069e-05
-6.4467171e-05
-5.0767117e-05
-3.7089446e-05
-2.3453923e-05
-9.8823743e-06
3.604408e-06
1.698353e-05
3.0233246e-05
4.3329625e-05
5.6250015e-05
6.8969555e-05
8.1464861e-05
9.371045e-05
0.00010568265
0.00011735591
0.00012870689
0.00013971063
0.00015034477
0.0001605857
0.00017041273
0.00017980423
0.00018874174
0.0001972063
0.00020518233
0.00021265391
0.00021960887
0.00022603479
0.0002319233
0.00023726596
0.00024205853
0.00024629682
0.00024998098
0.00025311122
0.00025569205
0.00025772821
0.00025922854
0.00026020216
0.00026066203
0.00026062123
0.00026009639
0.00025910423
0.00025766453
0.00025579706
0.0002535242
0.00025086806
0.00024785292
0.00024450258
0.00024084252
0.00023689756
0.00023269367
0.00022825592
0.00022361015
0.00021878105
0.00021379367
0.0002086718
0.00020343918
0.00019811818
0.00019273078
0.0001872975
0.00018183823
0.00017637133
0.00017091432
0.00016548318
0.00016009291
0.00015475697
0.00014948776
0.0001442962
0.00013919208
0.00013418381
0.00012927867
0.00012448268
0.00011980079
0.00011523682
0.00011079363
0.00010647315
0.00010227644
9.8203783e-05
9.4254764e-05
9.0428352e-05
8.6722969e-05
8.3136609e-05
7.966684e-05
7.6310974e-05
7.3065976e-05
6.9928672e-05
6.6895586e-05
6.3963252e-05
6.112804e-05
5.8386438e-05
5.5735104e-05
5.3170761e-05
5.0689973e-05
4.8289651e-05
4.5967253e-05
4.3720396e-05
4.1546488e-05
3.944345e-05
3.740979e-05
3.5443746e-05
3.3543441e-05
3.1707536e-05
2.9935127e-05
2.8225332e-05
2.6576943e-05
2.4988649e-05
2.3459361e-05
2.1988048e-05
2.0573791e-05
1.9215261e-05
1.791015e-05
1.6656656e-05
1.54547e-05
1.4304306e-05
1.3203219e-05
1.2147332e-05
1.1134411e-05
1.0166214e-05
9.2446926e-06
8.3668557e-06
7.5258693e-06
6.7194391e-06
5.9525825e-06
5.2295954e-06
4.5443665e-06
3.8832771e-06
3.2349498e-06
2.5883353e-06
1.9477424e-06
1.1670156e-06
6.2785995e-07
-0.00038332834
-0.00037586866
-0.00036819784
-0.00036070658
-0.00035310301
-0.00034524944
-0.00033719905
-0.00032899179
-0.00032062141
-0.00031207977
-0.00030337108
-0.0002945008
-0.0002854716
-0.00027628414
-0.00026693949
-0.00025743829
-0.00024778169
-0.00023797079
-0.00022800804
-0.00021789639
-0.00020764044
-0.00019724523
-0.00018671743
-0.00017606389
-0.00016529296
-0.00015441292
-0.00014343348
-0.00013236413
-0.00012121589
-0.00010999946
-9.8727191e-05
-8.7411025e-05
-7.606467e-05
-6.4701384e-05
-5.333626e-05
-4.198387e-05
-3.0660746e-05
-1.9382792e-05
-8.1679351e-06
2.9666793e-06
1.4001849e-05
2.4919364e-05
3.5699019e-05
4.6321859e-05
5.6767035e-05
6.7015229e-05
7.7045379e-05
8.6838233e-05
9.6372972e-05
0.00010563087
0.0001145918
0.000123238
0.0001315506
0.00013951327
0.00014710887
0.00015432298
0.00016114072
0.00016755015
0.00017353896
0.00017909807
0.00018421819
0.00018889344
0.00019311791
0.00019688922
0.00020020505
0.00020306662
0.00020547527
0.00020743582
0.00020895333
0.00021003612
0.00021069267
0.00021093457
0.00021077343
0.00021022368
0.00020929979
0.00020801861
0.00020639694
0.00020445362
0.00020220716
0.00019967778
0.00019688523
0.0001938505
0.000190594
0.00018713698
0.00018349984
0.00017970355
0.00017576808
0.00017171357
0.00016755907
0.00016332352
0.00015902461
0.0001546797
0.00015030485
0.00014591555
0.00014152601
0.00013714964
0.00013279862
0.00012848423
0.00012421651
0.00012000457
0.00011585637
0.00011177889
0.00010777808
0.00010385897
0.00010002565
9.6281379e-05
9.2628616e-05
8.9069079e-05
8.5603825e-05
8.2233289e-05
7.8957385e-05
7.5775528e-05
7.2686734e-05
6.9689639e-05
6.6782558e-05
6.3963531e-05
6.1230406e-05
5.8580891e-05
5.6012608e-05
5.3523253e-05
5.1110461e-05
4.8771983e-05
4.6505674e-05
4.4309838e-05
4.218271e-05
4.0122305e-05
3.8126603e-05
3.6194083e-05
3.4323563e-05
3.2513932e-05
3.0764051e-05
2.9072875e-05
2.7439501e-05
2.5862975e-05
2.4342173e-05
2.2875934e-05
2.1463204e-05
2.0103102e-05
1.8794547e-05
1.7535956e-05
1.6325928e-05
1.5163887e-05
1.4049338e-05
1.2980601e-05
1.1954946e-05
1.0970547e-05
1.0027765e-05
9.1272157e-06
8.2668061e-06
7.4421067e-06
6.6508812e-06
5.8951097e-06
5.1763437e-06
4.4900069e-06
3.824554e-06
3.1721025e-06
2.5119677e-06
1.866727e-06
1.0665213e-06
5.8115001e-07
-0.00033981465
-0.00033409232
-0.00032819602
-0.00032248009
-0.00031668494
-0.00031068675
-0.00030453165
-0.00029825388
-0.00029184555
-0.00028529679
-0.00027860847
-0.00027178304
-0.00026482077
-0.00025772073
-0.00025048275
-0.00024310677
-0.00023559332
-0.00022794302
-0.00022015746
-0.0002122385
-0.00020418901
-0.00019601194
-0.00018771119
-0.00017929056
-0.00017075477
-0.00016210837
-0.00015335694
-0.00014450587
-0.00013556177
-0.00012653111
-0.00011742169
-0.00010824118
-9.8998728e-05
-8.9703259e-05
-8.0365299e-05
-7.0995059e-05
-6.1604416e-05
-5.2204831e-05
-4.2809484e-05
-3.3431009e-05
-2.4083777e-05
-1.4781469e-05
-5.5394989e-06
3.6275773e-06
1.270351e-05
2.167308e-05
3.051943e-05
3.9226921e-05
4.7778353e-05
5.6157937e-05
6.434844e-05
7.2334244e-05
8.0098419e-05
8.7625858e-05
9.4900345e-05
0.00010190769
0.00010863279
0.00011506274
0.00012118403
0.00012698548
0.00013245549
0.00013758498
0.00014236458
0.00014678765
0.00015084738
0.00015453983
0.00015786102
0.00016080992
0.00016338549
0.00016558965
0.00016742438
0.00016889452
0.00017000505
0.00017076361
0.00017117792
0.0001712582
0.00017101469
0.00017045981
0.00016960605
0.00016846772
0.00016705901
0.0001653957
0.00016349327
0.00016136847
0.00015903763
0.00015651799
0.00015382624
0.00015097967
0.00014799482
0.00014488857
0.00014167695
0.00013837604
0.00013500095
0.00013156662
0.00012808695
0.00012457546
0.00012104459
0.00011750623
0.00011397123
0.00011044974
0.00010695087
0.00010348301
0.00010005354
9.6669129e-05
9.3335501e-05
9.0057665e-05
8.6839813e-05
8.368546e-05
8.0597409e-05
7.7577856e-05
7.4628406e-05
7.1750129e-05
6.8943629e-05
6.6209072e-05
6.3546247e-05
6.0954601e-05
5.8433321e-05
5.5981343e-05
5.359748e-05
5.1280398e-05
4.9028751e-05
4.6841179e-05
4.4716505e-05
4.2654042e-05
4.0653091e-05
3.8712111e-05
3.6828887e-05
3.5001885e-05
3.3230516e-05
3.1514187e-05
2.985198e-05
2.8243027e-05
2.6686725e-05
2.5182437e-05
2.3729341e-05
2.2326517e-05
2.0973097e-05
1.9668274e-05
1.8411089e-05
1.7200318e-05
1.6034792e-05
1.4913709e-05
1.3836312e-05
1.2801246e-05
1.1806591e-05
1.0850833e-05
9.9335771e-06
9.0546271e-06
8.2123689e-06
7.4038177e-06
6.6269069e-06
5.8818032e-06
5.1682142e-06
4.4824026e-06
3.8143502e-06
3.1587695e-06
2.4902707e-06
1.8422376e-06
1.0365255e-06
5.7790087e-07
-0.00029754426
-0.00029319344
-0.00028870131
-0.00028437305
-0.00027998559
-0.00027543159
-0.00027074987
-0.00026596949
-0.00026108339
-0.00025608265
-0.00025096761
-0.00024574007
-0.0002403999
-0.00023494602
-0.00022937787
-0.00022369499
-0.00021789717
-0.00021198431
-0.00020595679
-0.00019981522
-0.00019356076
-0.00018719461
-0.00018071856
-0.00017413433
-0.00016744423
-0.00016065054
-0.00015375623
-0.00014676426
-0.00013967846
-0.00013250262
-0.00012524156
-0.00011790003
-0.00011048388
-0.00010299885
-9.5451828e-05
-8.7849528e-05
-8.0199912e-05
-7.2510661e-05
-6.4790817e-05
-5.7049064e-05
-4.9295512e-05
-4.1539817e-05
-3.3793124e-05
-2.6066016e-05
-1.8370588e-05
-1.0718244e-05
-3.1219101e-06
4.4063059e-06
1.1852802e-05
1.9204949e-05
2.6448675e-05
3.3571034e-05
4.0557717e-05
4.7395726e-05
5.4070819e-05
6.0570238e-05
6.6880105e-05
7.298821e-05
7.8881414e-05
8.4548386e-05
8.9977043e-05
9.5157227e-05
0.00010007829
0.00010473161
0.0001091082
0.00011320126
0.00011700371
0.00012051081
0.00012371768
0.00012662184
0.00012922073
0.00013151428
0.00013350235
0.00013518724
0.00013657133
0.00013765926
0.00013845583
0.00013896796
0.00013920259
0.00013916867
0.00013887515
0.00013833271
0.000137552
0.00013654511
0.00013532399
0.0001339018
0.00013229139
0.00013050659
0.00012856083
0.00012646819
0.00012424219
0.00012189684
0.00011944543
0.00011690144
0.00011427763
0.0001115867
0.0001088405
0.00010605071
0.00010322809
0.00010038306
9.7525163e-05
9.4663444e-05
9.1806091e-05
8.8960744e-05
8.6134198e-05
8.3332686e-05
8.0561657e-05
7.7825979e-05
7.5129823e-05
7.2476801e-05
6.9869907e-05
6.7311635e-05
6.4803954e-05
6.2348385e-05
5.9946031e-05
5.7597605e-05
5.5303492e-05
5.3063774e-05
5.0878293e-05
4.8746692e-05
4.666848e-05
4.464318e-05
4.267068e-05
4.0752626e-05
3.8889172e-05
3.7078184e-05
3.5315736e-05
3.3601422e-05
3.1936661e-05
3.0321579e-05
2.8755063e-05
2.7236313e-05
2.5764945e-05
2.434051e-05
2.2962281e-05
2.1629498e-05
2.0341481e-05
1.909757e-05
1.7896984e-05
1.67388e-05
1.5622103e-05
1.4546108e-05
1.3510003e-05
1.2512665e-05
1.1552673e-05
1.0628774e-05
9.7402444e-06
8.8864657e-06
8.066071e-06
7.2768768e-06
6.516952e-06
5.785419e-06
5.0808333e-06
4.3999215e-06
3.7339004e-06
3.0793217e-06
2.4096453e-06
1.762826e-06
9.664463e-07
5.2683428e-07
-0.00025590297
-0.00025263355
-0.00024925186
-0.00024600541
-0.00024271338
-0.00023928838
-0.00023576161
-0.00023215715
-0.00022846945
-0.00022469137
-0.00022082273
-0.00021686467
-0.00021281643
-0.00020867665
-0.00020444412
-0.00020011794
-0.00019569727
-0.00019118148
-0.00018657023
-0.00018186341
-0.00017706123
-0.00017216399
-0.0001671723
-0.00016208677
-0.0001569084
-0.00015163814
-0.00014627748
-0.00014082786
-0.00013529138
-0.00012967009
-0.0001239668
-0.00011818424
-0.00011232596
-0.00010639538
-0.00010039679
-9.4334343e-05
-8.8213135e-05
-8.2038044e-05
-7.5815025e-05
-6.9549752e-05
-6.3249052e-05
-5.6919419e-05
-5.0568578e-05
-4.4203849e-05
-3.7833827e-05
-3.1466618e-05
-2.5111645e-05
-1.8777753e-05
-1.2475109e-05
-6.2132021e-06
-2.8495363e-09
6.1459233e-06
1.2221794e-05
1.8214358e-05
2.4111961e-05
2.9904002e-05
3.5578704e-05
4.1125489e-05
4.6532705e-05
5.1790041e-05
5.6886227e-05
6.1811468e-05
6.6555177e-05
7.1108351e-05
7.5461364e-05
7.9606237e-05
8.3534614e-05
8.7239872e-05
9.0715053e-05
9.3955077e-05
9.6954642e-05
9.9710402e-05
0.00010221891
0.00010447872
0.00010648833
0.00010824825
0.00010975899
0.00011102303
0.00011204295
0.00011282312
0.00011336801
0.0001136838
0.00011377667
0.00011365437
0.00011332465
0.0001127966
0.00011207924
0.00011118273
0.00011011702
0.00010889303
0.00010752138
0.00010601335
0.00010437989
0.00010263238
0.00010078173
9.8839085e-05
9.6815018e-05
9.4720166e-05
9.2564543e-05
9.035808e-05
8.8110021e-05
8.5829407e-05
8.3524546e-05
8.1203432e-05
7.8873349e-05
7.6541176e-05
7.4213097e-05
7.1894857e-05
6.9591539e-05
6.7307778e-05
6.5047609e-05
6.2814618e-05
6.0611868e-05
5.8442008e-05
5.6307228e-05
5.4209347e-05
5.2149801e-05
5.0129684e-05
4.8149739e-05
4.6210454e-05
4.4311817e-05
4.245423e-05
4.0636062e-05
3.8864735e-05
3.7143378e-05
3.5470328e-05
3.3834971e-05
3.2237734e-05
3.068285e-05
2.917123e-05
2.7701923e-05
2.6274522e-05
2.4889073e-05
2.3545296e-05
2.224264e-05
2.0980587e-05
1.9758709e-05
1.8576513e-05
1.743338e-05
1.6328603e-05
1.5261474e-05
1.4231283e-05
1.3237229e-05
1.227833e-05
1.1353465e-05
1.0461585e-05
9.6018591e-06
8.7734712e-06
7.9751902e-06
7.2052871e-06
6.4619633e-06
5.7438134e-06
5.0487644e-06
4.3738803e-06
3.7113924e-06
3.0593549e-06
2.3916855e-06
1.7489544e-06
9.6447723e-07
5.3088505e-07
-0.00021778218
-0.00021533836
-0.000212805
-0.00021038
-0.00020792312
-0.00020536498
-0.0002027292
-0.00020003367
-0.00019727377
-0.00019444312
-0.00019154143
-0.00018856913
-0.00018552576
-0.00018240992
-0.00017922077
-0.00017595716
-0.00017261831
-0.00016920313
-0.00016571104
-0.00016214129
-0.00015849364
-0.00015476765
-0.00015096337
-0.00014708062
-0.0001431197
-0.00013908066
-0.00013496411
-0.00013077039
-0.00012650049
-0.00012215518
-0.00011773589
-0.00011324386
-0.00010868105
-0.00010404922
-9.9350884e-05
-9.4588311e-05
-8.9764627e-05
-8.4882675e-05
-7.9946221e-05
-7.4958726e-05
-6.9924646e-05
-6.4848109e-05
-5.9734288e-05
-5.4587997e-05
-4.9415145e-05
-4.4221233e-05
-3.9012894e-05
-3.3796306e-05
-2.8578794e-05
-2.3367178e-05
-1.816943e-05
-1.2992962e-05
-7.8463238e-06
-2.7374404e-06
2.3246561e-06
7.3316346e-06
1.2274102e-05
1.7143459e-05
2.1930102e-05
2.6625318e-05
3.1219476e-05
3.5703935e-05
4.0069223e-05
4.4306975e-05
4.8408124e-05
5.2364804e-05
5.6168576e-05
5.9812271e-05
6.3288351e-05
6.6590589e-05
6.9712502e-05
7.2649015e-05
7.539485e-05
7.794626e-05
8.0299353e-05
8.2451837e-05
8.4401366e-05
8.6147238e-05
8.7688685e-05
8.9026614e-05
9.0161944e-05
9.1097149e-05
9.1834813e-05
9.2378956e-05
9.2733653e-05
9.2904338e-05
9.2896466e-05
9.27167e-05
9.2371719e-05
9.186921e-05
9.1216764e-05
9.0422852e-05
8.9495713e-05
8.8444271e-05
8.7277162e-05
8.6003459e-05
8.4631847e-05
8.3171377e-05
8.1630726e-05
8.0018777e-05
7.8343881e-05
7.6614398e-05
7.4838186e-05
7.3023012e-05
7.1176067e-05
6.9304347e-05
6.7414258e-05
6.5511923e-05
6.3602895e-05
6.1692392e-05
5.9785082e-05
5.788529e-05
5.5996836e-05
5.412319e-05
5.2267383e-05
5.0432097e-05
4.8619608e-05
4.6831826e-05
4.5070281e-05
4.3335725e-05
4.1629246e-05
3.9946996e-05
3.8300033e-05
3.6689341e-05
3.5126332e-05
3.3594734e-05
3.209023e-05
3.061903e-05
2.9184737e-05
2.7786674e-05
2.6424065e-05
2.509729e-05
2.380671e-05
2.255212e-05
2.1333115e-05
2.0149447e-05
1.9000917e-05
1.7887242e-05
1.680799e-05
1.5762696e-05
1.4750892e-05
1.3772026e-05
1.2825369e-05
1.191005e-05
1.1025177e-05
1.0169915e-05
9.3434764e-06
8.545004e-06
7.773362e-06
7.0270828e-06
6.3044933e-06
5.6039712e-06
4.9231907e-06
4.2594545e-06
3.605935e-06
2.9615194e-06
2.3024298e-06
1.6676875e-06
9.0651486e-07
4.7719393e-07
-0.00018174684
-0.00017995042
-0.00017808643
-0.00017629623
-0.00017448097
-0.00017259013
-0.00017063973
-0.00016864265
-0.00016659596
-0.00016449532
-0.00016234053
-0.00016013182
-0.00015786864
-0.00015554971
-0.00015317402
-0.00015074036
-0.00014824779
-0.00014569522
-0.00014308192
-0.0001404071
-0.00013767029
-0.00013487094
-0.00013200873
-0.00012908322
-0.0001260942
-0.00012304132
-0.00011992454
-0.00011674369
-0.00011349899
-0.00011019052
-0.00010681883
-0.00010338434
-9.9887945e-05
-9.6330396e-05
-9.2712973e-05
-8.9036783e-05
-8.5303518e-05
-8.1514685e-05
-7.7672433e-05
-7.3778715e-05
-6.983619e-05
-6.5847305e-05
-6.1815267e-05
-5.7743045e-05
-5.363442e-05
-4.9492909e-05
-4.5322881e-05
-4.1128407e-05
-3.6914452e-05
-3.2685647e-05
-2.844755e-05
-2.4205339e-05
-1.9965143e-05
-1.573266e-05
-1.1514547e-05
-7.3169698e-06
-3.1470455e-06
9.8865582e-07
5.0826395e-06
9.1280248e-06
1.3117034e-05
1.7042591e-05
2.0896782e-05
2.4672479e-05
2.8361772e-05
3.1957626e-05
3.5452312e-05
3.8839074e-05
4.2110586e-05
4.5260561e-05
4.8282268e-05
5.1170064e-05
5.3918035e-05
5.6521386e-05
5.8975139e-05
6.1275503e-05
6.3418531e-05
6.5401534e-05
6.7221752e-05
6.8877689e-05
7.0367817e-05
7.1691932e-05
7.2849787e-05
7.3842465e-05
7.4671099e-05
7.5338065e-05
7.5845826e-05
7.6198024e-05
7.6398326e-05
7.6451506e-05
7.6362347e-05
7.6136547e-05
7.5779792e-05
7.529848e-05
7.4698949e-05
7.398807e-05
7.317212e-05
7.2257895e-05
7.1252436e-05
7.0163324e-05
6.8997686e-05
6.776275e-05
6.6465374e-05
6.5112561e-05
6.3710927e-05
6.2267051e-05
6.0787074e-05
5.9277022e-05
5.7742454e-05
5.6188749e-05
5.4620824e-05
5.3043352e-05
5.1460577e-05
4.9876488e-05
4.829467e-05
4.6718463e-05
4.5150858e-05
4.3594585e-05
4.205213e-05
4.0525632e-05
3.901754e-05
3.7528658e-05
3.6065873e-05
3.4623044e-05
3.319973e-05
3.1790312e-05
3.0408058e-05
2.9060546e-05
2.7745757e-05
2.6460914e-05
2.5205671e-05
2.3980485e-05
2.2785468e-05
2.1620515e-05
2.0485621e-05
1.9380837e-05
1.8306173e-05
1.7261472e-05
1.6246477e-05
1.5260964e-05
1.4304767e-05
1.3377529e-05
1.247853e-05
1.1606892e-05
1.0761903e-05
9.9429953e-06
9.149538e-06
8.3807251e-06
7.6355122e-06
6.9126222e-06
6.2105236e-06
5.527612e-06
4.8615157e-06
4.2098632e-06
3.5665858e-06
2.9313834e-06
2.2828053e-06
1.6575832e-06
9.1920626e-07
4.7664876e-07
-0.00015056837
-0.00014925694
-0.0001478946
-0.00014657726
-0.00014524094
-0.00014385134
-0.00014241834
-0.00014095003
-0.00013944453
-0.00013789858
-0.00013631195
-0.00013468444
-0.0001330157
-0.00013130458
-0.00012955036
-0.0001277519
-0.00012590849
-0.00012401901
-0.00012208282
-0.000120099
-0.00011806707
-0.00011598624
-0.00011385613
-0.00011167603
-0.00010944558
-0.00010716416
-0.00010483149
-0.00010244704
-0.00010001067
-9.7522052e-05
-9.4981231e-05
-9.2388074e-05
-8.9742873e-05
-8.7045721e-05
-8.4297159e-05
-8.1497522e-05
-7.8647629e-05
-7.5748091e-05
-7.280004e-05
-6.9804399e-05
-6.6762658e-05
-6.3676092e-05
-6.0546591e-05
-5.7375813e-05
-5.4166015e-05
-5.091925e-05
-4.7638334e-05
-4.4325818e-05
-4.0984932e-05
-3.7618622e-05
-3.4230595e-05
-3.0824281e-05
-2.7403888e-05
-2.3973314e-05
-2.0537244e-05
-1.7100014e-05
-1.3666779e-05
-1.0242317e-05
-6.8319149e-06
-3.440486e-06
-7.4179325e-08
3.2612889e-06
6.5598093e-06
9.8158757e-06
1.3023147e-05
1.6175791e-05
1.9267329e-05
2.2291935e-05
2.5243162e-05
2.8115259e-05
3.0901943e-05
3.3597726e-05
3.6196717e-05
3.86939e-05
4.1083979e-05
4.336258e-05
4.5525203e-05
4.756828e-05
4.9488086e-05
5.1281848e-05
5.2946652e-05
5.4480545e-05
5.5881529e-05
5.7148612e-05
5.8280802e-05
5.9278179e-05
6.0140873e-05
6.0870061e-05
6.1467061e-05
6.1934165e-05
6.2273792e-05
6.2489343e-05
6.2584307e-05
6.2562821e-05
6.2429021e-05
6.2186343e-05
6.1838199e-05
6.1390155e-05
6.0847806e-05
6.021666e-05
5.9502106e-05
5.8710135e-05
5.7846561e-05
5.6917352e-05
5.5928174e-05
5.4884818e-05
5.379274e-05
5.2657434e-05
5.1484077e-05
5.0277788e-05
4.9043324e-05
4.7785333e-05
4.6508101e-05
4.5215759e-05
4.3912108e-05
4.2600786e-05
4.1285154e-05
3.9968476e-05
3.8653791e-05
3.7344439e-05
3.6042803e-05
3.4755105e-05
3.3472584e-05
3.219617e-05
3.0915213e-05
2.9652126e-05
2.8420165e-05
2.7215697e-05
2.6032525e-05
2.4870517e-05
2.3732158e-05
2.2618285e-05
2.152832e-05
2.046198e-05
1.9419623e-05
1.8401748e-05
1.7408693e-05
1.6440547e-05
1.5497198e-05
1.457861e-05
1.3684938e-05
1.2816098e-05
1.1971339e-05
1.1149698e-05
1.0350668e-05
9.5740417e-06
8.8193771e-06
8.0859023e-06
7.3726432e-06
6.6784721e-06
6.0020394e-06
5.3418288e-06
4.6956693e-06
4.0613785e-06
3.4338947e-06
2.8129252e-06
2.180817e-06
1.5685435e-06
8.6421357e-07
4.1971199e-07
-0.00012148092
-0.00012055001
-0.00011958239
-0.00011862852
-0.00011765888
-0.00011665507
-0.00011562057
-0.00011455915
-0.00011347002
-0.00011235142
-0.00011120303
-0.00011002453
-0.00010881556
-0.00010757525
-0.00010630295
-0.00010499769
-0.0001036588
-0.00010228533
-0.00010087666
-9.9431962e-05
-9.7950761e-05
-9.6432308e-05
-9.4876193e-05
-9.3281698e-05
-9.1648434e-05
-8.9975699e-05
-8.8263129e-05
-8.6510076e-05
-8.4716248e-05
-8.2881093e-05
-8.1004441e-05
-7.908587e-05
-7.712535e-05
-7.5122601e-05
-7.3077743e-05
-7.0990646e-05
-6.8861593e-05
-6.6690625e-05
-6.447822e-05
-6.2224621e-05
-5.9930537e-05
-5.7596438e-05
-5.5223323e-05
-5.2811823e-05
-5.0363186e-05
-4.7878708e-05
-4.5359977e-05
-4.2808226e-05
-4.022534e-05
-3.7613077e-05
-3.4973792e-05
-3.23096e-05
-2.9623213e-05
-2.6917127e-05
-2.4194491e-05
-2.145818e-05
-1.8711804e-05
-1.595834e-05
-1.3201374e-05
-1.0445398e-05
-7.6951398e-06
-4.9539442e-06
-2.2260744e-06
4.8400788e-07
3.1713803e-06
5.8317452e-06
8.4602735e-06
1.1052441e-05
1.3603134e-05
1.6107622e-05
1.8560623e-05
2.0957259e-05
2.329217e-05
2.5560536e-05
2.7757215e-05
2.9877721e-05
3.1917369e-05
3.3872182e-05
3.5738111e-05
3.7511796e-05
3.9189795e-05
4.0769309e-05
4.2247422e-05
4.3621959e-05
4.4890739e-05
4.6052428e-05
4.7105755e-05
4.8050283e-05
4.8885568e-05
4.9612034e-05
5.0230207e-05
5.0741337e-05
5.11476e-05
5.1447731e-05
5.1659947e-05
5.17781e-05
5.1785734e-05
5.1691424e-05
5.1508652e-05
5.1241958e-05
5.0892477e-05
5.04636e-05
4.9959852e-05
4.9386076e-05
4.8746878e-05
4.804702e-05
4.7291022e-05
4.6483525e-05
4.5628951e-05
4.4731808e-05
4.3796367e-05
4.2826913e-05
4.1827505e-05
4.0802163e-05
3.975464e-05
3.8688621e-05
3.7607556e-05
3.6514791e-05
3.5413503e-05
3.4306789e-05
3.3197269e-05
3.2087219e-05
3.0977814e-05
2.9871891e-05
2.8771553e-05
2.768362e-05
2.6607889e-05
2.5540069e-05
2.4481222e-05
2.3432733e-05
2.2399583e-05
2.1385335e-05
2.0390247e-05
1.9413918e-05
1.8456659e-05
1.7519136e-05
1.6601944e-05
1.5705298e-05
1.4829058e-05
1.3973463e-05
1.3139476e-05
1.2327404e-05
1.1535614e-05
1.0762133e-05
1.0006865e-05
9.2706517e-06
8.5534674e-06
7.8544792e-06
7.1726792e-06
6.5070407e-06
5.8563762e-06
5.2193238e-06
4.5939296e-06
3.9782825e-06
3.3680634e-06
2.7631859e-06
2.1486685e-06
1.551057e-06
8.7481221e-07
4.1303878e-07
-9.8175992e-05
-9.7516777e-05
-9.6831887e-05
-9.6137303e-05
-9.5429706e-05
-9.4703136e-05
-9.3956452e-05
-9.3189821e-05
-9.240311e-05
-9.1595429e-05
-9.0766389e-05
-8.9915447e-05
-8.9042375e-05
-8.8146527e-05
-8.7227511e-05
-8.6284567e-05
-8.5317209e-05
-8.4324627e-05
-8.3306319e-05
-8.2261513e-05
-8.1189756e-05
-8.0090335e-05
-7.8962832e-05
-7.7806571e-05
-7.6621139e-05
-7.5405875e-05
-7.4160374e-05
-7.2883995e-05
-7.1576361e-05
-7.0236883e-05
-6.8865229e-05
-6.7460878e-05
-6.602357e-05
-6.4552871e-05
-6.3048606e-05
-6.1510435e-05
-5.9938302e-05
-5.8331927e-05
-5.669156e-05
-5.5016428e-05
-5.3309085e-05
-5.156243e-05
-4.9806605e-05
-4.8011598e-05
-4.6144908e-05
-4.4258003e-05
-4.2353644e-05
-4.0420109e-05
-3.8454143e-05
-3.6457727e-05
-3.4433385e-05
-3.238234e-05
-3.0306342e-05
-2.8205277e-05
-2.608539e-05
-2.3936959e-05
-2.1810275e-05
-1.9691472e-05
-1.7472956e-05
-1.5218484e-05
-1.3008446e-05
-1.0810424e-05
-8.601707e-06
-6.3901278e-06
-4.185959e-06
-1.9923608e-06
1.8853581e-07
2.3534342e-06
4.4980903e-06
6.6189195e-06
8.7122662e-06
1.0774516e-05
1.280133e-05
1.4788674e-05
1.6732349e-05
1.8628641e-05
2.0473477e-05
2.2263033e-05
2.3993154e-05
2.5660183e-05
2.7260365e-05
2.8790464e-05
3.0247202e-05
3.1627846e-05
3.2929718e-05
3.415073e-05
3.5288802e-05
3.6342426e-05
3.7309875e-05
3.8190635e-05
3.8981852e-05
3.9690988e-05
4.0322223e-05
4.0881874e-05
4.1364662e-05
4.175055e-05
4.2040282e-05
4.2231282e-05
4.2332136e-05
4.2355107e-05
4.2303204e-05
4.2176803e-05
4.1978193e-05
4.1711406e-05
4.1379655e-05
4.0985925e-05
4.0533518e-05
4.0026195e-05
3.9467459e-05
3.8860813e-05
3.8209665e-05
3.7517592e-05
3.6788021e-05
3.6024435e-05
3.5230115e-05
3.4408392e-05
3.3562468e-05
3.2695328e-05
3.1810212e-05
3.0911092e-05
3.0001461e-05
2.9084022e-05
2.8161232e-05
2.7235059e-05
2.6309568e-05
2.5381905e-05
2.4448853e-05
2.3510511e-05
2.257855e-05
2.1659164e-05
2.0751726e-05
1.9855993e-05
1.8972443e-05
1.8101188e-05
1.72433e-05
1.6400004e-05
1.5571844e-05
1.4758926e-05
1.396112e-05
1.3178516e-05
1.2412591e-05
1.1665324e-05
1.0934916e-05
1.0217611e-05
9.5137329e-06
8.8255501e-06
8.1531089e-06
7.4950841e-06
6.850459e-06
6.2185153e-06
5.5984073e-06
4.9890964e-06
4.3889697e-06
3.7965346e-06
3.2081891e-06
2.6242173e-06
2.0323458e-06
1.4550837e-06
8.1336051e-07
3.5734405e-07
-7.639711e-05
-7.5958349e-05
-7.5503594e-05
-7.5014832e-05
-7.4513317e-05
-7.4004565e-05
-7.3483065e-05
-7.2946293e-05
-7.2395186e-05
-7.1830189e-05
-7.1250919e-05
-7.0656751e-05
-7.0047331e-05
-6.9422118e-05
-6.8780634e-05
-6.8122223e-05
-6.7446417e-05
-6.6752614e-05
-6.6040406e-05
-6.5309239e-05
-6.4558736e-05
-6.3788346e-05
-6.299767e-05
-6.2186117e-05
-6.1353253e-05
-6.049846e-05
-5.9621286e-05
-5.8721116e-05
-5.7797507e-05
-5.6849865e-05
-5.5877773e-05
-5.4880666e-05
-5.3858153e-05
-5.2809694e-05
-5.1734929e-05
-5.063335e-05
-4.9504638e-05
-4.8348337e-05
-4.716419e-05
-4.5951824e-05
-4.4711076e-05
-4.3441673e-05
-4.2143601e-05
-4.0816667e-05
-3.9461024e-05
-3.8076978e-05
-3.6664867e-05
-3.5224866e-05
-3.3757567e-05
-3.2263653e-05
-3.0744188e-05
-2.9200261e-05
-2.7633483e-05
-2.6044963e-05
-2.4435991e-05
-2.2808041e-05
-2.1161538e-05
-1.9496068e-05
-1.7812447e-05
-1.6112903e-05
-1.4399532e-05
-1.2673601e-05
-1.0937058e-05
-9.1922732e-06
-7.4418889e-06
-5.6886546e-06
-3.9358861e-06
-2.1872199e-06
-4.4560566e-07
1.2862769e-06
3.0038615e-06
4.7039103e-06
6.3847571e-06
8.0446593e-06
9.6814358e-06
1.1292937e-05
1.2876447e-05
1.4428685e-05
1.59451e-05
1.7420661e-05
1.8850634e-05
2.0231835e-05
2.1562144e-05
2.2840174e-05
2.4064126e-05
2.5231812e-05
2.6340418e-05
2.7387211e-05
2.8369725e-05
2.9285359e-05
3.0136509e-05
3.0926739e-05
3.1656174e-05
3.2329429e-05
3.2930571e-05
3.3456698e-05
3.3918454e-05
3.4309991e-05
3.4624446e-05
3.4863373e-05
3.502852e-05
3.5120151e-05
3.513638e-05
3.5089585e-05
3.4985023e-05
3.482259e-05
3.4602879e-05
3.4328558e-05
3.4002461e-05
3.3627001e-05
3.3204566e-05
3.2738055e-05
3.2230379e-05
3.1684504e-05
3.1103188e-05
3.0489378e-05
2.984625e-05
2.9176375e-05
2.8483219e-05
2.7771219e-05
2.7042472e-05
2.6298214e-05
2.5540429e-05
2.4771369e-05
2.3993266e-05
2.3208055e-05
2.2417931e-05
2.1625365e-05
2.0834609e-05
2.0049787e-05
1.9267556e-05
1.8485404e-05
1.7704751e-05
1.6927089e-05
1.6156554e-05
1.5396909e-05
1.4649392e-05
1.3912852e-05
1.3185224e-05
1.2467435e-05
1.1766859e-05
1.1090992e-05
1.0427784e-05
9.7607544e-06
9.0975258e-06
8.4511387e-06
7.8213772e-06
7.2035293e-06
6.5957836e-06
5.9976774e-06
5.4086567e-06
4.8280016e-06
4.2542113e-06
3.6865463e-06
3.1210774e-06
2.5605581e-06
1.9908687e-06
1.4368244e-06
8.2358902e-07
3.61014e-07
-6.1033918e-05
-6.0741348e-05
-6.0439627e-05
-6.0086675e-05
-5.9722188e-05
-5.9360467e-05
-5.8992729e-05
-5.8613761e-05
-5.822489e-05
-5.7827067e-05
-5.7419847e-05
-5.7002426e-05
-5.6574594e-05
-5.6136025e-05
-5.5686501e-05
-5.5225557e-05
-5.4752903e-05
-5.4268079e-05
-5.3770792e-05
-5.3260547e-05
-5.2737013e-05
-5.219969e-05
-5.164824e-05
-5.1082158e-05
-5.0501091e-05
-4.9904539e-05
-4.9292133e-05
-4.8663358e-05
-4.8017819e-05
-4.7354983e-05
-4.6674429e-05
-4.5975609e-05
-4.5258069e-05
-4.4521238e-05
-4.3764623e-05
-4.2987622e-05
-4.2189683e-05
-4.1370109e-05
-4.0528199e-05
-3.9663079e-05
-3.8773905e-05
-3.7859568e-05
-3.6919151e-05
-3.5951835e-05
-3.495501e-05
-3.3940249e-05
-3.2917052e-05
-3.1875282e-05
-3.081464e-05
-2.9717799e-05
-2.8543816e-05
-2.729692e-05
-2.6004957e-05
-2.4661782e-05
-2.3313843e-05
-2.2044049e-05
-2.0822912e-05
-1.9575888e-05
-1.829307e-05
-1.6991941e-05
-1.5679319e-05
-1.4355481e-05
-1.3022011e-05
-1.1680427e-05
-1.0329442e-05
-8.9697699e-06
-7.5968222e-06
-6.239951e-06
-4.9227105e-06
-3.5690579e-06
-2.1462851e-06
-7.4056803e-07
6.0955176e-07
1.9375251e-06
3.2633538e-06
4.5895883e-06
5.9156679e-06
7.2499721e-06
8.5916384e-06
9.9195135e-06
1.1213042e-05
1.2463133e-05
1.3670202e-05
1.4838335e-05
1.5970519e-05
1.7066981e-05
1.812557e-05
1.9143458e-05
2.0118474e-05
2.1048854e-05
2.1936882e-05
2.277591e-05
2.3562896e-05
2.4283021e-05
2.493821e-05
2.5544984e-05
2.6100377e-05
2.6608348e-05
2.7063424e-05
2.7457253e-05
2.7787539e-05
2.8056859e-05
2.8264928e-05
2.8414296e-05
2.8505073e-05
2.8545478e-05
2.8537246e-05
2.8478626e-05
2.836962e-05
2.8211329e-05
2.8005593e-05
2.7754545e-05
2.7460192e-05
2.7125497e-05
2.6750627e-05
2.6336875e-05
2.58909e-05
2.5400362e-05
2.4869701e-05
2.4329659e-05
2.3781302e-05
2.3214132e-05
2.2627295e-05
2.2023005e-05
2.1404175e-05
2.0773839e-05
2.013111e-05
1.947987e-05
1.8828499e-05
1.8179543e-05
1.7524718e-05
1.6860915e-05
1.6190294e-05
1.5516316e-05
1.4846019e-05
1.418235e-05
1.3525643e-05
1.2875353e-05
1.2231142e-05
1.1593543e-05
1.0964433e-05
1.034583e-05
9.7362508e-06
9.1326848e-06
8.5356772e-06
7.9475388e-06
7.3678796e-06
6.7939332e-06
6.2249958e-06
5.6624257e-06
5.1066832e-06
4.5571347e-06
4.012749e-06
3.4724586e-06
2.9343532e-06
2.3982586e-06
1.8582312e-06
1.3260782e-06
7.5967638e-07
3.0309679e-07
-4.6089816e-05
-4.5913136e-05
-4.5734018e-05
-4.5494239e-05
-4.5243137e-05
-4.5000543e-05
-4.475635e-05
-4.4504233e-05
-4.4245587e-05
-4.39821e-05
-4.3713362e-05
-4.3438792e-05
-4.3158038e-05
-4.287101e-05
-4.2577352e-05
-4.2276847e-05
-4.1969148e-05
-4.1654115e-05
-4.133146e-05
-4.1001058e-05
-4.0662614e-05
-4.0315986e-05
-3.9960861e-05
-3.9597079e-05
-3.9224323e-05
-3.8842434e-05
-3.8451107e-05
-3.8050195e-05
-3.7639392e-05
-3.7218554e-05
-3.6787383e-05
-3.6345764e-05
-3.5893433e-05
-3.5430322e-05
-3.495627e-05
-3.4471485e-05
-3.3975268e-05
-3.3465828e-05
-3.2940634e-05
-3.2396716e-05
-3.1830522e-05
-3.1239006e-05
-3.0619826e-05
-2.9968987e-05
-2.9274663e-05
-2.8518105e-05
-2.7673535e-05
-2.6723776e-05
-2.5682832e-05
-2.4587225e-05
-2.3473239e-05
-2.2368944e-05
-2.1299904e-05
-2.0293173e-05
-1.9352089e-05
-1.8447976e-05
-1.7557732e-05
-1.6675256e-05
-1.5788266e-05
-1.4881693e-05
-1.3951281e-05
-1.3001395e-05
-1.2035546e-05
-1.1055319e-05
-1.0061546e-05
-9.0537426e-06
-8.0398563e-06
-7.0530259e-06
-6.076773e-06
-5.0357224e-06
-3.9044333e-06
-2.7596843e-06
-1.68238e-06
-6.5681661e-07
3.7118507e-07
1.4262819e-06
2.4937432e-06
3.5534482e-06
4.6026192e-06
5.6478229e-06
6.6920857e-06
7.7305491e-06
8.7546026e-06
9.756983e-06
1.073401e-05
1.1684687e-05
1.2609178e-05
1.3507836e-05
1.438075e-05
1.5228557e-05
1.6046942e-05
1.6832041e-05
1.7581643e-05
1.8290824e-05
1.8951201e-05
1.9565052e-05
2.0137801e-05
2.0669708e-05
2.1159207e-05
2.1606012e-05
2.2010993e-05
2.2375298e-05
2.270063e-05
2.2976366e-05
2.3202686e-05
2.336985e-05
2.347313e-05
2.3542673e-05
2.3580614e-05
2.3566928e-05
2.3504311e-05
2.3400266e-05
2.3256182e-05
2.3073066e-05
2.2852719e-05
2.2597008e-05
2.2307747e-05
2.19865e-05
2.163579e-05
2.1258825e-05
2.0857082e-05
2.0431587e-05
1.9984123e-05
1.9516785e-05
1.9031641e-05
1.8530791e-05
1.8016057e-05
1.7489251e-05
1.6952397e-05
1.6407573e-05
1.5856148e-05
1.5299346e-05
1.4738597e-05
1.4176343e-05
1.3612912e-05
1.3047258e-05
1.2479792e-05
1.1912243e-05
1.1344626e-05
1.0781109e-05
1.022391e-05
9.6729005e-06
9.1263005e-06
8.5822606e-06
8.0408665e-06
7.503338e-06
6.9701961e-06
6.4410508e-06
5.915555e-06
5.3937106e-06
4.8754484e-06
4.3604803e-06
3.8482681e-06
3.338271e-06
2.8292026e-06
2.3211277e-06
1.8092947e-06
1.302469e-06
7.6809933e-07
3.0332921e-07
-3.889541e-05
-3.8752279e-05
-3.8610001e-05
-3.8410671e-05
-3.8201018e-05
-3.8001481e-05
-3.7802965e-05
-3.7599354e-05
-3.7391655e-05
-3.718158e-05
-3.6968634e-05
-3.6752354e-05
-3.6532282e-05
-3.630855e-05
-3.6080858e-05
-3.5849337e-05
-3.5613728e-05
-3.537421e-05
-3.5130501e-05
-3.4882774e-05
-3.4630706e-05
-3.4374416e-05
-3.411351e-05
-3.3848064e-05
-3.3577642e-05
-3.3302315e-05
-3.3021634e-05
-3.2735675e-05
-3.2443975e-05
-3.2146628e-05
-3.1843191e-05
-3.1533806e-05
-3.121807e-05
-3.0896174e-05
-3.0567743e-05
-3.0232997e-05
-2.9891553e-05
-2.954363e-05
-2.9188864e-05
-2.882753e-05
-2.8459347e-05
-2.8084661e-05
-2.7703138e-05
-2.7315451e-05
-2.6922102e-05
-2.6515975e-05
-2.6072739e-05
-2.5557634e-05
-2.4945484e-05
-2.4245869e-05
-2.349336e-05
-2.2714018e-05
-2.1902931e-05
-2.1046453e-05
-2.0153186e-05
-1.9233378e-05
-1.828201e-05
-1.7321881e-05
-1.6394454e-05
-1.5515443e-05
-1.4674197e-05
-1.3850148e-05
-1.3031547e-05
-1.2223374e-05
-1.1430283e-05
-1.0649709e-05
-9.8744261e-06
-9.0968865e-06
-8.3095357e-06
-7.504224e-06
-6.6749212e-06
-5.8211208e-06
-4.9342695e-06
-4.0128317e-06
-3.0865026e-06
-2.1865404e-06
-1.3338673e-06
-5.3515689e-07
2.6057301e-07
1.1069769e-06
1.9992574e-06
2.9103079e-06
3.8193935e-06
4.7145573e-06
5.5904126e-06
6.4454425e-06
7.2788921e-06
8.0910639e-06
8.8825827e-06
9.6532533e-06
1.0402065e-05
1.1127167e-05
1.1824381e-05
1.2497434e-05
1.3146959e-05
1.3770212e-05
1.4364341e-05
1.4927354e-05
1.5458763e-05
1.5957364e-05
1.64229e-05
1.6853833e-05
1.7250139e-05
1.7611976e-05
1.7940717e-05
1.8229448e-05
1.847377e-05
1.8675972e-05
1.8836501e-05
1.8950946e-05
1.9023013e-05
1.9058128e-05
1.9057476e-05
1.9020233e-05
1.8946498e-05
1.88375e-05
1.8694615e-05
1.8519116e-05
1.8312524e-05
1.8076933e-05
1.7814415e-05
1.7526731e-05
1.7215537e-05
1.6882573e-05
1.6529647e-05
1.6158553e-05
1.5771232e-05
1.5369988e-05
1.4956938e-05
1.4533456e-05
1.4100432e-05
1.3658913e-05
1.3210524e-05
1.2756122e-05
1.2292041e-05
1.1817861e-05
1.1336484e-05
1.0848926e-05
1.0360735e-05
9.8752178e-06
9.3915248e-06
8.9079765e-06
8.4241896e-06
7.9403657e-06
7.456614e-06
6.9728363e-06
6.4888863e-06
6.0047298e-06
5.5206028e-06
5.0368647e-06
4.5537803e-06
4.0714421e-06
3.5897616e-06
3.1086488e-06
2.6275334e-06
2.1466389e-06
1.6631093e-06
1.1836673e-06
6.8688196e-07
2.55268e-07
-3.0164953e-05
-3.0049006e-05
-2.9941397e-05
-2.9800827e-05
-2.9648726e-05
-2.950104e-05
-2.9355733e-05
-2.9208524e-05
-2.9057262e-05
-2.8902375e-05
-2.87434e-05
-2.8580626e-05
-2.8413534e-05
-2.8242899e-05
-2.8068877e-05
-2.7892776e-05
-2.771467e-05
-2.7535496e-05
-2.735518e-05
-2.7174646e-05
-2.6993593e-05
-2.6812572e-05
-2.6630828e-05
-2.6448465e-05
-2.6264356e-05
-2.6078255e-05
-2.5888415e-05
-2.5694045e-05
-2.5493669e-05
-2.5287442e-05
-2.5074788e-05
-2.4856388e-05
-2.463194e-05
-2.4402335e-05
-2.4167465e-05
-2.3928339e-05
-2.3684872e-05
-2.3438099e-05
-2.3188271e-05
-2.2936984e-05
-2.2685701e-05
-2.2438275e-05
-2.2196801e-05
-2.1963418e-05
-2.1738197e-05
-2.1516525e-05
-2.1284082e-05
-2.1021738e-05
-2.0708321e-05
-2.0318153e-05
-1.9822357e-05
-1.9210338e-05
-1.8493371e-05
-1.770609e-05
-1.6891135e-05
-1.608077e-05
-1.5295092e-05
-1.4538928e-05
-1.38019e-05
-1.3073846e-05
-1.2347765e-05
-1.1630306e-05
-1.0944114e-05
-1.0307158e-05
-9.7140006e-06
-9.1505032e-06
-8.6054243e-06
-8.0689438e-06
-7.5305313e-06
-6.9819614e-06
-6.4175227e-06
-5.8345881e-06
-5.2346196e-06
-4.618697e-06
-3.9931904e-06
-3.3767702e-06
-2.764449e-06
-2.1315364e-06
-1.4691996e-06
-7.8426641e-07
-8.417491e-08
6.2744904e-07
1.3472061e-06
2.0686588e-06
2.7845813e-06
3.4899239e-06
4.1835033e-06
4.8655337e-06
5.536792e-06
6.1968426e-06
6.8445005e-06
7.4779113e-06
8.0949784e-06
8.6934859e-06
9.2753264e-06
9.8399334e-06
1.0384973e-05
1.0908425e-05
1.1409273e-05
1.1886542e-05
1.2339156e-05
1.2765834e-05
1.3165398e-05
1.3536771e-05
1.387883e-05
1.4191028e-05
1.4473394e-05
1.4726531e-05
1.4952194e-05
1.5146663e-05
1.5305493e-05
1.5429e-05
1.5519123e-05
1.5576006e-05
1.5599312e-05
1.5588924e-05
1.5543696e-05
1.5467598e-05
1.5364258e-05
1.5234214e-05
1.507759e-05
1.4895516e-05
1.4689662e-05
1.4461706e-05
1.4213299e-05
1.3946115e-05
1.3661835e-05
1.336209e-05
1.3048393e-05
1.2722105e-05
1.2384476e-05
1.2036682e-05
1.167976e-05
1.1314532e-05
1.0941731e-05
1.0562421e-05
1.0177836e-05
9.7881667e-06
9.3961755e-06
8.9989851e-06
8.5944673e-06
8.1828978e-06
7.7638994e-06
7.3402936e-06
6.9140226e-06
6.4851015e-06
6.0531813e-06
5.6182217e-06
5.1804835e-06
4.7404076e-06
4.2984849e-06
3.8551735e-06
3.4108113e-06
2.9656773e-06
2.519611e-06
2.0728757e-06
1.6231933e-06
1.1740306e-06
7.0809116e-07
2.6525439e-07
-2.913349e-05
-2.898098e-05
-2.8830774e-05
-2.8672483e-05
-2.8510894e-05
-2.8349161e-05
-2.8184866e-05
-2.8015085e-05
-2.7837798e-05
-2.7652543e-05
-2.7458906e-05
-2.7257249e-05
-2.7047773e-05
-2.683188e-05
-2.6611105e-05
-2.6388204e-05
-2.616531e-05
-2.5944815e-05
-2.572797e-05
-2.5516226e-05
-2.530944e-05
-2.5107335e-05
-2.4908027e-05
-2.4709812e-05
-2.4509728e-05
-2.4305607e-05
-2.4094813e-05
-2.3876571e-05
-2.3650202e-05
-2.341639e-05
-2.3175026e-05
-2.2927195e-05
-2.2673263e-05
-2.2414681e-05
-2.2151862e-05
-2.1886077e-05
-2.1617503e-05
-2.1347445e-05
-2.1076821e-05
-2.0808834e-05
-2.0547825e-05
-2.0301484e-05
-2.0076568e-05
-1.9878834e-05
-1.9711164e-05
-1.9571503e-05
-1.9442216e-05
-1.9296101e-05
-1.9103459e-05
-1.8837553e-05
-1.847916e-05
-1.8015523e-05
-1.744807e-05
-1.6818465e-05
-1.6191619e-05
-1.5613287e-05
-1.5091478e-05
-1.4622175e-05
-1.4212072e-05
-1.385648e-05
-1.3520223e-05
-1.3169486e-05
-1.2789393e-05
-1.2377087e-05
-1.1932103e-05
-1.1455647e-05
-1.0949618e-05
-1.0418619e-05
-9.8690253e-06
-9.3089104e-06
-8.7448146e-06
-8.1811423e-06
-7.6188365e-06
-7.0587751e-06
-6.4990632e-06
-5.9310138e-06
-5.3367626e-06
-4.6975415e-06
-4.0045922e-06
-3.2980194e-06
-2.6540232e-06
-2.0803517e-06
-1.5113413e-06
-8.9991043e-07
-2.5655339e-07
3.7747124e-07
9.8264209e-07
1.5683741e-06
2.1496389e-06
2.7300698e-06
3.3059217e-06
3.8737488e-06
4.4330701e-06
4.9837796e-06
5.5251145e-06
6.055383e-06
6.5731294e-06
7.0770346e-06
7.5661638e-06
8.0393197e-06
8.4952956e-06
8.9325227e-06
9.3497807e-06
9.7454508e-06
1.0119203e-05
1.0469239e-05
1.0795879e-05
1.1098016e-05
1.1374711e-05
1.1626934e-05
1.1852621e-05
1.2045094e-05
1.2205736e-05
1.2333152e-05
1.2432798e-05
1.2506628e-05
1.2553432e-05
1.2573322e-05
1.2567261e-05
1.2535697e-05
1.247893e-05
1.2397458e-05
1.2292123e-05
1.2164051e-05
1.2014576e-05
1.1845157e-05
1.1657396e-05
1.1452953e-05
1.1233483e-05
1.1000534e-05
1.0755501e-05
1.0499584e-05
1.0233752e-05
9.9587372e-06
9.6748763e-06
9.3822325e-06
9.0807505e-06
8.7703512e-06
8.4515777e-06
8.1233069e-06
7.7849415e-06
7.4372528e-06
7.0801992e-06
6.7145914e-06
6.3409835e-06
5.9594698e-06
5.5702642e-06
5.1739148e-06
4.7712199e-06
4.3631254e-06
3.9506308e-06
3.5347344e-06
3.1163486e-06
2.6963566e-06
2.2752491e-06
1.8540528e-06
1.4315796e-06
1.0133554e-06
5.8694712e-07
2.063801e-07
-2.1959121e-05
-2.1870468e-05
-2.1745663e-05
-2.1607027e-05
-2.146383e-05
-2.1319265e-05
-2.1174931e-05
-2.1032346e-05
-2.0892733e-05
-2.0757346e-05
-2.0627242e-05
-2.0503703e-05
-2.0387453e-05
-2.0278835e-05
-2.0176952e-05
-2.008046e-05
-1.9987155e-05
-1.9895201e-05
-1.9802577e-05
-1.9708158e-05
-1.9610723e-05
-1.9509893e-05
-1.9404938e-05
-1.9295826e-05
-1.9182027e-05
-1.9063782e-05
-1.8940816e-05
-1.8813542e-05
-1.868159e-05
-1.8545074e-05
-1.8403292e-05
-1.8256313e-05
-1.8103643e-05
-1.7945688e-05
-1.7782287e-05
-1.7614154e-05
-1.744137e-05
-1.7264863e-05
-1.7084962e-05
-1.6902928e-05
-1.6719583e-05
-1.6537026e-05
-1.635728e-05
-1.618146e-05
-1.600616e-05
-1.5826926e-05
-1.563935e-05
-1.5440497e-05
-1.5227518e-05
-1.4999516e-05
-1.475705e-05
-1.4502795e-05
-1.4239049e-05
-1.3968611e-05
-1.3691885e-05
-1.3407866e-05
-1.3116246e-05
-1.2818141e-05
-1.2517844e-05
-1.2224309e-05
-1.1940129e-05
-1.1659172e-05
-1.1368201e-05
-1.1053848e-05
-1.0711013e-05
-1.0341075e-05
-9.9447868e-06
-9.5272489e-06
-9.0979644e-06
-8.6661134e-06
-8.2359946e-06
-7.8077246e-06
-7.3784679e-06
-6.9450952e-06
-6.5043121e-06
-6.0539537e-06
-5.592262e-06
-5.1187977e-06
-4.6337576e-06
-4.1389424e-06
-3.6373811e-06
-3.1328222e-06
-2.6269191e-06
-2.1209526e-06
-1.6161719e-06
-1.1144428e-06
-6.1645478e-07
-1.2180552e-07
3.6999019e-07
8.5842943e-07
1.3430521e-06
1.8230469e-06
2.2979594e-06
2.7670166e-06
3.2297228e-06
3.6852974e-06
4.1332168e-06
4.5726443e-06
5.0028825e-06
5.4228516e-06
5.8315449e-06
6.2277046e-06
6.6103155e-06
6.9782257e-06
7.3304516e-06
7.6658817e-06
7.9836747e-06
8.2829824e-06
8.5630817e-06
8.8224602e-06
9.0595036e-06
9.2721009e-06
9.4592284e-06
9.6199617e-06
9.7550978e-06
9.8654948e-06
9.9535639e-06
1.0017965e-05
1.0057057e-05
1.0071831e-05
1.0066656e-05
1.0043077e-05
1.0001074e-05
9.940435e-06
9.8613341e-06
9.7646098e-06
9.6518239e-06
9.5248822e-06
9.38569e-06
9.2359073e-06
9.0768644e-06
8.9094709e-06
8.7342284e-06
8.5512747e-06
8.3603924e-06
8.1610088e-06
7.9523349e-06
7.7330669e-06
7.5025685e-06
7.2598266e-06
7.0037963e-06
6.7328906e-06
6.4500235e-06
6.154816e-06
5.8461101e-06
5.52406e-06
5.1896764e-06
4.8443371e-06
4.4895608e-06
4.1269024e-06
3.7578738e-06
3.3839073e-06
3.0063252e-06
2.6262487e-06
2.2443805e-06
1.8609295e-06
1.4749291e-06
1.0856315e-06
6.8219054e-07
2.9500277e-07
-2.1332488e-05
-2.121083e-05
-2.1016228e-05
-2.0789435e-05
-2.0549631e-05
-2.0306377e-05
-2.0065529e-05
-1.9832106e-05
-1.9610374e-05
-1.9404648e-05
-1.9218868e-05
-1.9056974e-05
-1.8921303e-05
-1.8812134e-05
-1.8726386e-05
-1.8658942e-05
-1.8602671e-05
-1.8550476e-05
-1.8495912e-05
-1.8434752e-05
-1.8364354e-05
-1.8284432e-05
-1.8195187e-05
-1.8097688e-05
-1.7992728e-05
-1.7881829e-05
-1.776589e-05
-1.7645901e-05
-1.7521699e-05
-1.7393187e-05
-1.7259627e-05
-1.7121017e-05
-1.6977194e-05
-1.6828944e-05
-1.6676735e-05
-1.6521508e-05
-1.63635e-05
-1.620332e-05
-1.6040953e-05
-1.5876772e-05
-1.5710532e-05
-1.5542377e-05
-1.5371896e-05
-1.5199083e-05
-1.502346e-05
-1.4845038e-05
-1.466324e-05
-1.4477295e-05
-1.4286055e-05
-1.4089807e-05
-1.3879987e-05
-1.3643146e-05
-1.338337e-05
-1.31172e-05
-1.2855386e-05
-1.2601977e-05
-1.2354881e-05
-1.2110913e-05
-1.1868042e-05
-1.1625063e-05
-1.1380291e-05
-1.1129587e-05
-1.0863482e-05
-1.0575273e-05
-1.0265926e-05
-9.9418084e-06
-9.6099813e-06
-9.2766479e-06
-8.9478041e-06
-8.6253847e-06
-8.3014029e-06
-7.9668085e-06
-7.616023e-06
-7.2468819e-06
-6.8601152e-06
-6.4600393e-06
-6.0521563e-06
-5.6420377e-06
-5.2329643e-06
-4.8259617e-06
-4.4188097e-06
-4.0079408e-06
-3.5892519e-06
-3.1606474e-06
-2.7223998e-06
-2.2780368e-06
-1.8317836e-06
-1.3875886e-06
-9.4769962e-07
-5.1344724e-07
-8.4790421e-08
3.3860213e-07
7.5775225e-07
1.1733467e-06
1.5860991e-06
1.9959263e-06
2.4026896e-06
2.8050405e-06
3.2004599e-06
3.5855892e-06
3.9578378e-06
4.3149208e-06
4.654782e-06
4.9752431e-06
5.2771683e-06
5.5654438e-06
5.8458177e-06
6.1212767e-06
6.391246e-06
6.6556156e-06
6.9124904e-06
7.1615932e-06
7.3963354e-06
7.6121255e-06
7.7983556e-06
7.9490355e-06
8.0651035e-06
8.1501366e-06
8.2106563e-06
8.2505343e-06
8.2736088e-06
8.2808739e-06
8.2746838e-06
8.2546302e-06
8.2186424e-06
8.1657349e-06
8.0969665e-06
8.0145227e-06
7.9209312e-06
7.8186333e-06
7.7098046e-06
7.5960628e-06
7.4783457e-06
7.3569681e-06
7.2314919e-06
7.1006814e-06
6.9624696e-06
6.8161239e-06
6.6549763e-06
6.473654e-06
6.2697858e-06
6.0471789e-06
5.8072176e-06
5.5493754e-06
5.2731515e-06
4.9790577e-06
4.6684979e-06
4.3433688e-06
4.005809e-06
3.658104e-06
3.3025824e-06
2.941579e-06
2.5775056e-06
2.2127528e-06
1.8494817e-06
1.4898236e-06
1.1359971e-06
7.9142503e-07
4.5884279e-07
1.6795938e-07
-1.3574948e-05
-1.3612636e-05
-1.365215e-05
-1.3706596e-05
-1.3758504e-05
-1.3802725e-05
-1.3842007e-05
-1.3878442e-05
-1.3913408e-05
-1.3947739e-05
-1.3982307e-05
-1.4017206e-05
-1.4052409e-05
-1.4087306e-05
-1.4121465e-05
-1.4154137e-05
-1.4184933e-05
-1.4213292e-05
-1.4239086e-05
-1.4262043e-05
-1.428227e-05
-1.4299681e-05
-1.4314474e-05
-1.43266e-05
-1.4336206e-05
-1.4343169e-05
-1.4347515e-05
-1.4349029e-05
-1.4347642e-05
-1.4343109e-05
-1.433535e-05
-1.4324168e-05
-1.4309508e-05
-1.4291218e-05
-1.4269227e-05
-1.4243364e-05
-1.4213477e-05
-1.4179359e-05
-1.4140825e-05
-1.4097675e-05
-1.4049662e-05
-1.3996544e-05
-1.3938014e-05
-1.3873799e-05
-1.3802993e-05
-1.3723692e-05
-1.3632699e-05
-1.3525999e-05
-1.3398375e-05
-1.324361e-05
-1.3054005e-05
-1.2820414e-05
-1.253495e-05
-1.2197869e-05
-1.1816985e-05
-1.1404392e-05
-1.0973632e-05
-1.0539767e-05
-1.01195e-05
-9.7223161e-06
-9.3461774e-06
-8.9999131e-06
-8.6988034e-06
-8.4611359e-06
-8.3012242e-06
-8.2060487e-06
-8.1518054e-06
-8.1123586e-06
-8.0832867e-06
-8.0602204e-06
-8.002127e-06
-7.8750514e-06
-7.6535607e-06
-7.3152133e-06
-6.8603073e-06
-6.3271038e-06
-5.7750964e-06
-5.2685268e-06
-4.8606796e-06
-4.5645535e-06
-4.3410204e-06
-4.1298378e-06
-3.8784806e-06
-3.5596675e-06
-3.1894622e-06
-2.8099159e-06
-2.4426097e-06
-2.0899214e-06
-1.751298e-06
-1.425562e-06
-1.1103556e-06
-8.0289454e-07
-4.994688e-07
-1.9708818e-07
1.0599462e-07
4.0850819e-07
7.1701548e-07
1.0496727e-06
1.4132566e-06
1.7934839e-06
2.1758125e-06
2.5570606e-06
2.9353977e-06
3.2866201e-06
3.5717492e-06
3.7860152e-06
3.967558e-06
4.151804e-06
4.3458761e-06
4.5409877e-06
4.7330248e-06
4.9264489e-06
5.1248794e-06
5.3228475e-06
5.5073088e-06
5.6648314e-06
5.7884849e-06
5.8793437e-06
5.9446648e-06
5.9918979e-06
6.024495e-06
6.045412e-06
6.0572486e-06
6.0602583e-06
6.053808e-06
6.042001e-06
6.0326788e-06
6.0289761e-06
6.0295557e-06
6.0327331e-06
6.0373872e-06
6.0417974e-06
6.0437259e-06
6.0425104e-06
6.0371234e-06
6.0248398e-06
6.0030389e-06
5.9690932e-06
5.9166928e-06
5.838387e-06
5.7266693e-06
5.5805125e-06
5.405792e-06
5.208108e-06
4.9886625e-06
4.7486387e-06
4.4899465e-06
4.2148488e-06
3.9257983e-06
3.6253301e-06
3.3157346e-06
2.9990617e-06
2.6783474e-06
2.356246e-06
2.0336322e-06
1.7099429e-06
1.3820301e-06
1.0435088e-06
6.8014793e-07
2.9656268e-07
-8.0694182e-06
-7.7467288e-06
-7.4685729e-06
-7.2248764e-06
-7.0122791e-06
-6.8288049e-06
-6.6724698e-06
-6.5422232e-06
-6.4367428e-06
-6.3554722e-06
-6.2974768e-06
-6.2625183e-06
-6.2499447e-06
-6.2597274e-06
-6.2912303e-06
-6.3441361e-06
-6.4173435e-06
-6.5100403e-06
-6.6206989e-06
-6.7481181e-06
-6.8904509e-06
-7.0462072e-06
-7.2133325e-06
-7.3901442e-06
-7.5744582e-06
-7.7645185e-06
-7.9582241e-06
-8.153953e-06
-8.3498035e-06
-8.5443263e-06
-8.7358249e-06
-8.9229932e-06
-9.1042797e-06
-9.2784438e-06
-9.4439923e-06
-9.5996533e-06
-9.7438784e-06
-9.8752465e-06
-9.9920312e-06
-1.0092562e-05
-1.0174854e-05
-1.0236955e-05
-1.0276651e-05
-1.0291871e-05
-1.0280625e-05
-1.0241657e-05
-1.017432e-05
-1.007888e-05
-9.9560949e-06
-9.8074837e-06
-9.6348655e-06
-9.4406982e-06
-9.2276202e-06
-8.9987756e-06
-8.7571361e-06
-8.5059109e-06
-8.2479203e-06
-7.986097e-06
-7.7227972e-06
-7.4603558e-06
-7.2004665e-06
-6.9448735e-06
-6.6945083e-06
-6.4500623e-06
-6.2112789e-06
-5.9778426e-06
-5.7485864e-06
-5.5223086e-06
-5.2971756e-06
-5.0715411e-06
-4.8432045e-06
-4.6108922e-06
-4.3741053e-06
-4.1340188e-06
-3.8924108e-06
-3.6516843e-06
-3.4135861e-06
-3.1797069e-06
-2.9504094e-06
-2.7252367e-06
-2.5024648e-06
-2.2803891e-06
-2.0572567e-06
-1.8322598e-06
-1.605008e-06
-1.3757135e-06
-1.14454e-06
-9.1228621e-07
-6.7969076e-07
-4.4757698e-07
-2.1630815e-07
1.3641246e-08
2.4209337e-07
4.6880481e-07
6.938238e-07
9.170934e-07
1.1387221e-06
1.3591349e-06
1.5796503e-06
1.801911e-06
2.0283065e-06
2.2614827e-06
2.5017279e-06
2.7441925e-06
2.9806475e-06
3.20448e-06
3.4148325e-06
3.6145325e-06
3.8063476e-06
3.9912877e-06
4.1693605e-06
4.3405419e-06
4.5049503e-06
4.6621005e-06
4.8103538e-06
4.9469758e-06
5.0682983e-06
5.1713857e-06
5.2519988e-06
5.3091438e-06
5.3404912e-06
5.3435594e-06
5.3192458e-06
5.2587018e-06
5.1644309e-06
5.0527901e-06
4.9452702e-06
4.8557221e-06
4.7879478e-06
4.7418266e-06
4.7228185e-06
4.7322555e-06
4.7652532e-06
4.822977e-06
4.8947065e-06
4.9673547e-06
5.032178e-06
5.0841858e-06
5.1147463e-06
5.1069358e-06
5.0444353e-06
4.9283236e-06
4.7728232e-06
4.5796587e-06
4.3482921e-06
4.0849848e-06
3.7969003e-06
3.4899714e-06
3.1691433e-06
2.83886e-06
2.5033785e-06
2.1670136e-06
1.8344872e-06
1.5109476e-06
1.2011995e-06
9.1143636e-07
6.4659473e-07
4.0519483e-07
1.959613e-07
-2.3809631e-08
-4.3595599e-05
-4.400015e-05
-4.4342488e-05
-4.4668411e-05
-4.4980394e-05
-4.5278758e-05
-4.556407e-05
-4.5836535e-05
-4.6096616e-05
-4.6344317e-05
-4.65799e-05
-4.6803123e-05
-4.7014014e-05
-4.7212059e-05
-4.7397037e-05
-4.7568151e-05
-4.7724894e-05
-4.7866101e-05
-4.7990836e-05
-4.8097358e-05
-4.8183966e-05
-4.8247799e-05
-4.8285439e-05
-4.8291508e-05
-4.8260423e-05
-4.8187454e-05
-4.8071226e-05
-4.7912682e-05
-4.771525e-05
-4.7482737e-05
-4.7219386e-05
-4.6928346e-05
-4.6612455e-05
-4.6273353e-05
-4.5912581e-05
-4.5530865e-05
-4.5129132e-05
-4.4707768e-05
-4.4267479e-05
-4.380855e-05
-4.3331603e-05
-4.2836904e-05
-4.2325038e-05
-4.17963e-05
-4.1251314e-05
-4.0690556e-05
-4.0114883e-05
-3.9525051e-05
-3.8922139e-05
-3.8307142e-05
-3.7681329e-05
-3.7045964e-05
-3.6402615e-05
-3.5752853e-05
-3.5098434e-05
-3.4441025e-05
-3.3782412e-05
-3.3124274e-05
-3.2468321e-05
-3.1816095e-05
-3.1169067e-05
-3.052846e-05
-2.989531e-05
-2.9270319e-05
-2.865391e-05
-2.8046138e-05
-2.7446761e-05
-2.6855249e-05
-2.6270898e-05
-2.5692936e-05
-2.5120688e-05
-2.4553752e-05
-2.3992142e-05
-2.3436409e-05
-2.2887625e-05
-2.2347331e-05
-2.1817296e-05
-2.1299264e-05
-2.079455e-05
-2.0303801e-05
-1.9826875e-05
-1.9363148e-05
-1.8912081e-05
-1.8474028e-05
-1.8050848e-05
-1.7646049e-05
-1.7264535e-05
-1.6909518e-05
-1.6573303e-05
-1.6238485e-05
-1.5894621e-05
-1.554343e-05
-1.5189603e-05
-1.483456e-05
-1.4476935e-05
-1.411544e-05
-1.3749919e-05
-1.3380778e-05
-1.300813e-05
-1.2632477e-05
-1.2247799e-05
-1.1835192e-05
-1.1379473e-05
-1.088806e-05
-1.0379312e-05
-9.8594266e-06
-9.3217677e-06
-8.7631526e-06
-8.1897702e-06
-7.6090724e-06
-7.0222845e-06
-6.4259014e-06
-5.8168286e-06
-5.1947279e-06
-4.5608074e-06
-3.9166415e-06
-3.2642009e-06
-2.6063767e-06
-1.9465987e-06
-1.2879619e-06
-6.3288255e-07
1.6833284e-08
6.6313709e-07
1.2911414e-06
1.8501961e-06
2.2939253e-06
2.6328497e-06
2.9119877e-06
3.1612763e-06
3.3873173e-06
3.5969728e-06
3.7995548e-06
4.0028488e-06
4.2066629e-06
4.4049798e-06
4.5907426e-06
4.7554809e-06
4.889629e-06
4.9873538e-06
5.0466468e-06
5.0683147e-06
5.0519601e-06
4.9924763e-06
4.8840497e-06
4.7285118e-06
4.5331405e-06
4.3065888e-06
4.056142e-06
3.787173e-06
3.5038435e-06
3.2101602e-06
2.9104863e-06
2.6088707e-06
2.3104651e-06
2.0228037e-06
1.7508117e-06
1.4797468e-06
1.1810745e-06
8.2026243e-07
4.5817703e-07
)
;

boundaryField
{
    corpo
    {
        type            zeroGradient;
    }
    esterno
    {
        type            freestreamPressure;
        freestreamValue uniform 0;
        supersonic      false;
        value           nonuniform List<scalar> 
428
(
7.3067232e-05
7.3066318e-05
7.3063957e-05
7.3060043e-05
7.3054112e-05
7.3045969e-05
7.3035062e-05
7.3021154e-05
7.3003637e-05
7.2982249e-05
7.2867848e-05
7.277592e-05
7.2748579e-05
7.271621e-05
7.2676923e-05
7.2630725e-05
7.2576171e-05
7.2387508e-05
7.2148757e-05
7.2086876e-05
7.201133e-05
7.1921431e-05
7.1816179e-05
7.1288158e-05
7.1133749e-05
7.0994357e-05
7.0829704e-05
7.0419503e-05
6.9838709e-05
6.9585821e-05
6.9298011e-05
6.8585984e-05
6.7934377e-05
6.7552163e-05
6.692163e-05
6.5852144e-05
6.5346787e-05
6.4481782e-05
6.3228127e-05
6.2551062e-05
6.1164084e-05
6.0097796e-05
5.902234e-05
5.7502671e-05
5.6894267e-05
5.6364618e-05
5.5136225e-05
5.412385e-05
5.3500941e-05
5.2863647e-05
5.2209859e-05
5.1173761e-05
4.9879344e-05
4.9231007e-05
4.8564612e-05
4.7871068e-05
4.6662439e-05
4.5447258e-05
4.4718089e-05
4.3963684e-05
4.3179789e-05
4.1493946e-05
4.0660365e-05
3.9847755e-05
3.8998699e-05
3.7535586e-05
3.6387943e-05
3.5512338e-05
3.4601025e-05
3.3149049e-05
3.1942537e-05
3.1008588e-05
3.003219e-05
2.843546e-05
2.7331279e-05
2.6325825e-05
2.5157331e-05
2.3614241e-05
2.2594477e-05
2.1543637e-05
2.0083839e-05
1.8932577e-05
1.7898853e-05
1.6651505e-05
1.5409625e-05
1.4425097e-05
1.3331757e-05
1.2156111e-05
1.1266388e-05
1.0325175e-05
9.3609148e-06
8.6739587e-06
7.9632587e-06
7.3034208e-06
6.8184141e-06
6.2241352e-06
5.7401879e-06
5.3788957e-06
4.9607403e-06
4.8079114e-06
4.7373712e-06
4.8288631e-06
5.2081205e-06
5.5855794e-06
6.3906125e-06
7.3532075e-06
8.7841666e-06
1.0557343e-05
1.3262499e-05
1.5803745e-05
1.9071268e-05
1.9277324e-05
1.9395247e-05
1.9461337e-05
1.9451878e-05
1.9394149e-05
1.9267644e-05
1.909808e-05
1.887406e-05
1.8619286e-05
1.8328078e-05
1.8018471e-05
1.7687636e-05
1.7346701e-05
1.6994913e-05
1.6637034e-05
1.6274814e-05
1.5907669e-05
1.5540261e-05
1.5167639e-05
1.4797475e-05
1.4421219e-05
1.4049455e-05
1.3670524e-05
1.3297686e-05
1.2916583e-05
1.2542922e-05
1.2160056e-05
1.1785714e-05
1.140141e-05
1.1026225e-05
1.0641325e-05
1.0264836e-05
9.8803035e-06
9.5024503e-06
9.118394e-06
8.7395362e-06
8.3561159e-06
7.976532e-06
7.5938491e-06
7.2138262e-06
6.8306065e-06
6.4436113e-06
6.0903434e-06
5.7574105e-06
5.4256473e-06
5.0885758e-06
4.741942e-06
4.3821325e-06
4.0085802e-06
3.6222598e-06
3.220069e-06
2.8079184e-06
2.3837872e-06
1.9484477e-06
1.5057367e-06
1.055218e-06
5.9775485e-07
1.3507606e-07
-3.3199407e-07
-8.0297252e-07
-1.2737098e-06
-1.728468e-06
-2.1424029e-06
-2.4916014e-06
-2.7633502e-06
-2.9635049e-06
-3.1115678e-06
-3.2308604e-06
-3.3415946e-06
-3.4520209e-06
-3.5565174e-06
-3.6570508e-06
-3.7550519e-06
-3.8481506e-06
-3.935242e-06
-4.0172976e-06
-4.095632e-06
-4.1718699e-06
-4.2473284e-06
-4.3227095e-06
-4.398315e-06
-4.4738337e-06
-4.5489286e-06
-4.6233291e-06
-4.6940335e-06
-4.765073e-06
-4.8372102e-06
-4.9114435e-06
-4.9835911e-06
-5.0542748e-06
-5.1242109e-06
-5.1930719e-06
-5.2606084e-06
-5.3273532e-06
-5.3935606e-06
-5.4608363e-06
-5.5340524e-06
-5.6199079e-06
-5.7260278e-06
-5.8618206e-06
-6.0416667e-06
-6.2770898e-06
-6.5626114e-06
-6.8820163e-06
-7.2244842e-06
-7.5753678e-06
-7.9260758e-06
-8.2688325e-06
-8.6030319e-06
-8.929129e-06
-9.2460941e-06
-9.5530936e-06
-9.8550924e-06
-1.0155652e-05
-1.0453721e-05
-1.0745876e-05
-1.1041653e-05
-1.1336395e-05
-1.1624742e-05
-1.1917267e-05
-1.2207225e-05
-1.2492734e-05
-1.2781068e-05
-1.306291e-05
-1.3346077e-05
-1.3625511e-05
-1.3902738e-05
-1.42223e-05
-1.4436769e-05
-1.4629245e-05
-1.4818731e-05
-1.5009534e-05
-1.5204027e-05
-1.5403222e-05
-1.5608778e-05
-1.5820804e-05
-1.6039509e-05
-1.626487e-05
-1.6495637e-05
-1.6732072e-05
-1.6976479e-05
-1.7225916e-05
-1.747843e-05
-1.7740005e-05
-1.8002576e-05
-1.8272118e-05
-1.8544741e-05
-1.882051e-05
-1.9100264e-05
-1.9381769e-05
-1.9665154e-05
-1.9952212e-05
-2.023525e-05
-2.0525837e-05
-2.0808549e-05
-2.1096132e-05
-2.138112e-05
-2.1797937e-05
-2.2000213e-05
-2.2171382e-05
-2.2334344e-05
-2.2490336e-05
-2.2639518e-05
-2.2782174e-05
-2.2918407e-05
-2.3048448e-05
-2.3172298e-05
-2.3290089e-05
-2.34017e-05
-2.3507146e-05
-2.3606168e-05
-2.3698656e-05
-2.3784213e-05
-2.3862583e-05
-2.3933186e-05
-2.3995553e-05
-2.4048813e-05
-2.4092116e-05
-2.4124031e-05
-2.414285e-05
-2.4145883e-05
-2.4130339e-05
-2.4093853e-05
-2.4035737e-05
-2.3956463e-05
-2.3857745e-05
-2.3741486e-05
-2.3609808e-05
-2.3464287e-05
-2.3306339e-05
-2.3136786e-05
-2.2956397e-05
-2.2765537e-05
-2.2564668e-05
-2.2353984e-05
-2.2133837e-05
-2.190437e-05
-2.1665894e-05
-2.1418542e-05
-2.1162607e-05
-2.0898235e-05
-2.062574e-05
-2.0345359e-05
-2.005752e-05
-1.9762601e-05
-1.9461143e-05
-1.9153642e-05
-1.8840734e-05
-1.8523049e-05
-1.8201372e-05
-1.7876489e-05
-1.7549277e-05
-1.7220571e-05
-1.6891262e-05
-1.6562192e-05
-1.6234213e-05
-1.5908098e-05
-1.5584583e-05
-1.5264278e-05
-1.4947701e-05
-1.4635204e-05
-1.4326997e-05
-1.402311e-05
-1.372342e-05
-1.3427663e-05
-1.3135486e-05
-1.2846503e-05
-1.2560378e-05
-1.2276909e-05
-1.1996103e-05
-1.1718235e-05
-1.1443842e-05
-1.1173693e-05
-1.0908675e-05
-1.0649657e-05
-1.0397299e-05
-1.0151924e-05
-9.9134598e-06
-9.6815957e-06
-9.4560611e-06
-9.2370338e-06
-9.0254429e-06
-8.8230424e-06
-8.6322848e-06
-8.4547751e-06
-8.286667e-06
-8.1192572e-06
-7.9473246e-06
-7.7717279e-06
-7.5948135e-06
-7.4172911e-06
-7.2384781e-06
-7.0577296e-06
-6.8749678e-06
-6.6903963e-06
-6.5040712e-06
-6.3162437e-06
-6.123904e-06
-5.9175995e-06
-5.6897391e-06
-5.4440314e-06
-5.189657e-06
-4.9297133e-06
-4.6608831e-06
-4.3815748e-06
-4.0948831e-06
-3.8045337e-06
-3.5111393e-06
-3.2129474e-06
-2.9084107e-06
-2.5973603e-06
-2.2804e-06
-1.9583172e-06
-1.6320972e-06
-1.3031855e-06
-9.7329698e-07
-6.4397925e-07
-3.1644039e-07
8.4165887e-09
3.3156742e-07
6.4556839e-07
9.2509445e-07
1.1469578e-06
1.3164187e-06
1.4559864e-06
1.5806294e-06
1.6936486e-06
1.798475e-06
1.8997647e-06
2.0014103e-06
2.103316e-06
2.2024733e-06
2.2953536e-06
2.3777218e-06
2.444795e-06
2.4936568e-06
2.5233029e-06
2.5341366e-06
2.5259592e-06
2.4962174e-06
2.4420043e-06
2.3642357e-06
2.2665506e-06
2.1532754e-06
2.0280528e-06
1.8935692e-06
1.7519054e-06
1.6050648e-06
1.455229e-06
1.3044224e-06
1.1552208e-06
1.0113914e-06
8.7539667e-07
7.398655e-07
5.9053091e-07
4.1012676e-07
2.2908601e-07
)
;
    }
    front
    {
        type            wedge;
    }
    back
    {
        type            wedge;
    }
    presa
    {
        type            zeroGradient;
    }
    scarico
    {
        type            zeroGradient;
    }
    uscita
    {
        type            fixedValue;
        value           uniform 0;
    }
    defaultFaces
    {
        type            empty;
    }
}


// ************************************************************************* //
