/*--------------------------------*- C++ -*----------------------------------*\
  =========                 |
  \\      /  F ield         | OpenFOAM: The Open Source CFD Toolbox
   \\    /   O peration     | Version:  14
    \\  /    A nd           |
     \\/     M anipulation  |
\*---------------------------------------------------------------------------*/
FoamFile
{
    format      ascii;
    class       dictionary;
    location    "system";
    object      blockMeshDict;
}
// * * * * * * * * * * * * * * * * * * * * * * * * * * * * * * * * * * * * * //

convertToMeters 1;

vertices
(
    (0 0 -0)
    (-0.0275 0 -0)
    (-0.0475 0 -0)
    (-4 0 -0)
    (0.3014260547 0.07717146134 -0.003369378768)
    (0.3014260547 0.07717146134 0.003369378768)
    (0.3014260547 0.100278597 -0.004378258098)
    (0.3014260547 0.100278597 0.004378258098)
    (0.3014260547 0.1102690792 -0.004814451972)
    (0.3014260547 0.1102690792 0.004814451972)
    (0.3014260547 3.956997381 -0.1727662367)
    (0.3014260547 3.956997381 0.1727662367)
    (0.7 0.02564305408 -0.00111959992)
    (0.7 0.02564305408 0.00111959992)
    (0.7 0.04875018973 -0.002128479251)
    (0.7 0.04875018973 0.002128479251)
    (0.7 0.04925163928 -0.002150373011)
    (0.7 0.04925163928 0.002150373011)
    (0.7 3.988993254 -0.1741632067)
    (0.7 3.988993254 0.1741632067)
    (0.855123737 0.005908526945 -0.0002579718576)
    (0.855123737 0.005908526945 0.0002579718576)
    (0.855123737 0.0290156626 -0.001266851188)
    (0.855123737 0.0290156626 0.001266851188)
    (0.855123737 0.02951711214 -0.001288744948)
    (0.855123737 0.02951711214 0.001288744948)
    (0.855123737 3.994515002 -0.1744042914)
    (0.855123737 3.994515002 0.1744042914)
    (0.95 0.001052416318 -4.594948878e-05)
    (0.95 0.001052416318 4.594948878e-05)
    (0.95 0.02452675872 -0.001070861412)
    (0.95 0.02452675872 0.001070861412)
    (0.95 0.02522584271 -0.001101384079)
    (0.95 0.02522584271 0.001101384079)
    (0.95 3.995993072 -0.1744688254)
    (0.95 3.995993072 0.1744688254)
    (1 0 -0)
    (1 0.02452675872 -0.001070861412)
    (1 0.02452675872 0.001070861412)
    (1 0.02522584271 -0.001101384079)
    (1 0.02522584271 0.001101384079)
    (1 3.996192886 -0.1744775495)
    (1 3.996192886 0.1744775495)
    (8 0 -0)
    (8 0.02452675872 -0.001070861412)
    (8 0.02452675872 0.001070861412)
    (8 0.02522584271 -0.001101384079)
    (8 0.02522584271 0.001101384079)
    (8 3.996192886 -0.1744775495)
    (8 3.996192886 0.1744775495)
);

blocks
(
    hex (0 4 6 1 0 5 7 1) (100 100 1)
    edgeGrading (((0.624007 0.800000 29.8376) (0.375993 0.200000 0.441886)) ((0.624007 0.800000 29.8376) (0.375993 0.200000 0.441886)) ((0.624007 0.800000 29.8376) (0.375993 0.200000 0.441886)) ((0.624007 0.800000 29.8376) (0.375993 0.200000 0.441886))  486.213 395.941 395.941 486.213  1 1 1 1)
    hex (1 6 8 2 1 7 9 2) (100 36 1)
    edgeGrading (((0.624007 0.800000 29.8376) (0.375993 0.200000 0.441886)) ((0.624007 0.800000 29.8376) (0.375993 0.200000 0.441886)) ((0.624007 0.800000 29.8376) (0.375993 0.200000 0.441886)) ((0.624007 0.800000 29.8376) (0.375993 0.200000 0.441886))  1 1 1 1  1 1 1 1)
    hex (2 8 10 3 2 9 11 3) (100 90 1)
    edgeGrading (((0.624007 0.800000 29.8376) (0.375993 0.200000 0.441886)) 1 1 ((0.624007 0.800000 29.8376) (0.375993 0.200000 0.441886))  477.306 1078.64 1078.64 477.306  1 1 1 1)
    hex (4 12 14 6 5 13 15 7) (80 100 1)
    edgeGrading (((0.430636 0.400000 1.74908) (0.569364 0.600000 0.42842)) ((0.430636 0.400000 1.74908) (0.569364 0.600000 0.42842)) ((0.430636 0.400000 1.74908) (0.569364 0.600000 0.42842)) ((0.430636 0.400000 1.74908) (0.569364 0.600000 0.42842))  395.941 ((0.505308 0.550000 351.058) (0.494692 0.450000 0.00843311)) ((0.505308 0.550000 351.058) (0.494692 0.450000 0.00843311)) 395.941  1 1 1 1)
    hex (6 14 16 8 7 15 17 9) (80 36 1)
    edgeGrading (((0.430636 0.400000 1.74908) (0.569364 0.600000 0.42842)) ((0.430636 0.400000 1.74908) (0.569364 0.600000 0.42842)) ((0.430636 0.400000 1.74908) (0.569364 0.600000 0.42842)) ((0.430636 0.400000 1.74908) (0.569364 0.600000 0.42842))  1 ((0.500000 0.500000 1.87404) (0.500000 0.500000 0.533608)) ((0.500000 0.500000 1.87404) (0.500000 0.500000 0.533608)) 1  1 1 1 1)
    hex (8 16 18 10 9 17 19 11) (80 90 1)
    edgeGrading (((0.430636 0.400000 1.74908) (0.569364 0.600000 0.42842)) 1 1 ((0.430636 0.400000 1.74908) (0.569364 0.600000 0.42842))  1078.64 45038.1 45038.1 1078.64  1 1 1 1)
    hex (12 20 22 14 13 21 23 15) (80 100 1)
    edgeGrading (((0.428554 0.150000 3.02648) (0.571446 0.850000 0.00117666)) ((0.428554 0.150000 3.02648) (0.571446 0.850000 0.00117666)) ((0.428554 0.150000 3.02648) (0.571446 0.850000 0.00117666)) ((0.428554 0.150000 3.02648) (0.571446 0.850000 0.00117666))  ((0.505308 0.550000 351.058) (0.494692 0.450000 0.00843311)) ((0.505308 0.550000 351.058) (0.494692 0.450000 0.00843311)) ((0.505308 0.550000 351.058) (0.494692 0.450000 0.00843311)) ((0.505308 0.550000 351.058) (0.494692 0.450000 0.00843311))  1 1 1 1)
    hex (14 22 24 16 15 23 25 17) (80 36 1)
    edgeGrading (((0.428554 0.150000 3.02648) (0.571446 0.850000 0.00117666)) ((0.428554 0.150000 3.02648) (0.571446 0.850000 0.00117666)) ((0.428554 0.150000 3.02648) (0.571446 0.850000 0.00117666)) ((0.428554 0.150000 3.02648) (0.571446 0.850000 0.00117666))  ((0.500000 0.500000 1.87404) (0.500000 0.500000 0.533608)) ((0.500000 0.500000 1.87404) (0.500000 0.500000 0.533608)) ((0.500000 0.500000 1.87404) (0.500000 0.500000 0.533608)) ((0.500000 0.500000 1.87404) (0.500000 0.500000 0.533608))  1 1 1 1)
    hex (16 24 26 18 17 25 27 19) (80 90 1)
    edgeGrading (((0.428554 0.150000 3.02648) (0.571446 0.850000 0.00117666)) 1 1 ((0.428554 0.150000 3.02648) (0.571446 0.850000 0.00117666))  45038.1 45038.1 45038.1 45038.1  1 1 1 1)
    hex (20 28 30 22 21 29 31 23) (170 100 1)
    edgeGrading (((0.500691 0.594118 257.445) (0.499309 0.405882 0.0229474)) ((0.500691 0.594118 257.445) (0.499309 0.405882 0.0229474)) ((0.500691 0.594118 257.445) (0.499309 0.405882 0.0229474)) ((0.500691 0.594118 257.445) (0.499309 0.405882 0.0229474))  ((0.505308 0.550000 351.058) (0.494692 0.450000 0.00843311)) ((0.505308 0.550000 351.058) (0.494692 0.450000 0.00843311)) ((0.505308 0.550000 351.058) (0.494692 0.450000 0.00843311)) ((0.505308 0.550000 351.058) (0.494692 0.450000 0.00843311))  1 1 1 1)
    hex (24 32 34 26 25 33 35 27) (170 90 1)
    edgeGrading (((0.500691 0.594118 257.445) (0.499309 0.405882 0.0229474)) 1 1 ((0.500691 0.594118 257.445) (0.499309 0.405882 0.0229474))  45038.1 45038.1 45038.1 45038.1  1 1 1 1)
    hex (28 36 37 30 29 36 38 31) (60 100 1)
    edgeGrading (((0.768699 0.916667 44.3813) (0.231301 0.083333 0.755067)) ((0.768699 0.916667 44.3813) (0.231301 0.083333 0.755067)) ((0.768699 0.916667 44.3813) (0.231301 0.083333 0.755067)) ((0.768699 0.916667 44.3813) (0.231301 0.083333 0.755067))  ((0.505308 0.550000 351.058) (0.494692 0.450000 0.00843311)) ((0.505308 0.550000 351.058) (0.494692 0.450000 0.00843311)) ((0.505308 0.550000 351.058) (0.494692 0.450000 0.00843311)) ((0.505308 0.550000 351.058) (0.494692 0.450000 0.00843311))  1 1 1 1)
    hex (30 37 39 32 31 38 40 33) (60 16 1)
    edgeGrading (((0.768699 0.916667 44.3813) (0.231301 0.083333 0.755067)) ((0.768699 0.916667 44.3813) (0.231301 0.083333 0.755067)) ((0.768699 0.916667 44.3813) (0.231301 0.083333 0.755067)) ((0.768699 0.916667 44.3813) (0.231301 0.083333 0.755067))  ((0.500000 0.500000 4.82611) (0.500000 0.500000 0.207206)) ((0.500000 0.500000 4.82611) (0.500000 0.500000 0.207206)) ((0.500000 0.500000 4.82611) (0.500000 0.500000 0.207206)) ((0.500000 0.500000 4.82611) (0.500000 0.500000 0.207206))  1 1 1 1)
    hex (32 39 41 34 33 40 42 35) (60 90 1)
    edgeGrading (((0.768699 0.916667 44.3813) (0.231301 0.083333 0.755067)) 1 1 ((0.768699 0.916667 44.3813) (0.231301 0.083333 0.755067))  45038.1 45038.1 45038.1 45038.1  1 1 1 1)
    hex (36 43 44 37 36 43 45 38) (140 100 1)
    edgeGrading (119.325 119.325 119.325 119.325  ((0.505308 0.550000 351.058) (0.494692 0.450000 0.00843311)) ((0.505308 0.550000 351.058) (0.494692 0.450000 0.00843311)) ((0.505308 0.550000 351.058) (0.494692 0.450000 0.00843311)) ((0.505308 0.550000 351.058) (0.494692 0.450000 0.00843311))  1 1 1 1)
    hex (37 44 46 39 38 45 47 40) (140 16 1)
    edgeGrading (119.325 119.325 119.325 119.325  ((0.500000 0.500000 4.82611) (0.500000 0.500000 0.207206)) ((0.500000 0.500000 4.82611) (0.500000 0.500000 0.207206)) ((0.500000 0.500000 4.82611) (0.500000 0.500000 0.207206)) ((0.500000 0.500000 4.82611) (0.500000 0.500000 0.207206))  1 1 1 1)
    hex (39 46 48 41 40 47 49 42) (140 90 1)
    edgeGrading (119.325 1 1 119.325  45038.1 45038.1 45038.1 45038.1  1 1 1 1)
);

edges
(
    polyLine 0 4 ((2.741531724e-05 0.0009970721193 -4.353310888e-05) (0.0001096582626 0.001993965743 -8.705842446e-05) (0.0002467198171 0.002990502643 -0.0001305681652) (0.0004385849506 0.003986505125 -0.0001740545727) (0.0006852326227 0.004981796293 -0.0002175099235) (0.0009866357859 0.005976200307 -0.0002609265404) (0.001342761388 0.006969542637 -0.0003042968032) (0.001753570375 0.007961650309 -0.0003476131596) (0.002219017698 0.008952352145 -0.0003908681359) (0.002739052316 0.00994147899 -0.0004340543466) (0.0033136172 0.01092886393 -0.000477164504) (0.003942649343 0.01191434249 -0.0005201914273) (0.004626079764 0.01289775285 -0.0005631280507) (0.005363833519 0.01387893598 -0.0006059674316) (0.006155829702 0.01485773586 -0.0006487027572) (0.007001981465 0.01583399957 -0.0006913273511) (0.007902196015 0.01680757744 -0.000733834679) (0.008856374636 0.01777832317 -0.0007762183531) (0.009864412689 0.01874609393 -0.0008184721367) (0.01092619963 0.01971075037 -0.0008605899466) (0.01204161903 0.02067215676 -0.0009025658559) (0.01321054856 0.02163018094 -0.0009443940949) (0.01443286005 0.02258469438 -0.0009860690519) (0.01570841944 0.02353557216 -0.001027585272) (0.01703708686 0.0244826929 -0.001068937457) (0.0184187166 0.02542593874 -0.00111012046) (0.01985315716 0.02636519527 -0.001151129286) (0.02134025123 0.02730035139 -0.001191959083) (0.02287983574 0.02823129919 -0.001232605142) (0.02447174185 0.02915793386 -0.001273062886) (0.026115795 0.03008015346 -0.001313327863) (0.02781181488 0.03099785876 -0.001353395742) (0.02955961552 0.03191095305 -0.001393262299) (0.03135900525 0.03281934187 -0.001432923412) (0.03320978675 0.03372293283 -0.001472375045) (0.03511175706 0.03462163525 -0.00151161324) (0.0370647076 0.03551535999 -0.001550634105) (0.03906842421 0.03640401906 -0.001589433798) (0.04112268716 0.03728752534 -0.001628008515) (0.04322727118 0.03816579229 -0.001666354478) (0.04538194548 0.03903873355 -0.001704467917) (0.04758647377 0.0399062626 -0.001742345053) (0.0498406143 0.04076829244 -0.001779982089) (0.05214411988 0.04162473517 -0.001817375186) (0.05449673791 0.04247550163 -0.001854520452) (0.05689821038 0.04332050103 -0.001891413922) (0.05934827397 0.04415964052 -0.001928051544) (0.06184665998 0.04499282485 -0.001964429157) (0.06439309444 0.04581995593 -0.00200054248) (0.06698729811 0.04664093247 -0.00203638709) (0.0696289865 0.04745564956 -0.002071958406) (0.07231786992 0.04826399831 -0.002107251675) (0.07505365351 0.04906586548 -0.002142261951) (0.07783603725 0.04986113305 -0.002176984083) (0.08066471603 0.05064967791 -0.002211412696) (0.08353937964 0.05143137149 -0.002245542174) (0.08645971286 0.05220607942 -0.002279366653) (0.08942539543 0.05297366118 -0.002312879997) (0.09243610214 0.05373396986 -0.00234607579) (0.09549150281 0.05448685176 -0.002378947324) (0.0985912624 0.05523214622 -0.002411487583) (0.101735041 0.05596968531 -0.002443689235) (0.1049224938 0.05669929361 -0.002475544621) (0.1081532713 0.05742078802 -0.002507045748) (0.1114270193 0.05813397756 -0.002538184275) (0.1147433786 0.05883866322 -0.002568951515) (0.1181019857 0.05953463783 -0.002599338423) (0.1215024722 0.060221686 -0.002629335594) (0.1249444652 0.06089958398 -0.002658933259) (0.1284275873 0.0615680997 -0.002688121286) (0.1319514564 0.06222699272 -0.002716889177) (0.1355156863 0.06287601426 -0.002745226069) (0.139119886 0.06351490728 -0.002773120741) (0.1427636602 0.06414340658 -0.002800561612) (0.1464466094 0.06476123888 -0.002827536754) (0.1501683297 0.06536812308 -0.00285403389) (0.1539284131 0.06596377035 -0.002880040411) (0.157726447 0.06654788447 -0.002905543385) (0.1615620152 0.06712016203 -0.002930529562) (0.1654346968 0.06768029276 -0.002954985398) (0.1693440673 0.06822795988 -0.002978897061) (0.173289698 0.0687628405 -0.003002250453) (0.1772711561 0.06928460596 -0.003025031225) (0.1812880051 0.06979292237 -0.003047224799) (0.1853398045 0.07028745101 -0.003068816386) (0.1894261099 0.0707678489 -0.003089791011) (0.1935464732 0.07123376931 -0.003110133535) (0.1977004426 0.07168486234 -0.003129828682) (0.2018875625 0.07212077555 -0.003148861064) (0.2061073739 0.07254115457 -0.003167215208) (0.2103594138 0.07294564376 -0.003184875588) (0.2146432162 0.07333388691 -0.003201826649) (0.2189583111 0.07370552792 -0.003218052847) (0.2233042254 0.0740602116 -0.00323353867) (0.2276804825 0.07439758433 -0.003248268682) (0.2320866025 0.07471729491 -0.003262227547) (0.2365221023 0.0750189953 -0.003275400071) (0.2409864953 0.07530234146 -0.003287771231) (0.2454792921 0.07556699414 -0.003299326217) (0.25 0.07581261972 -0.003310050461) (0.2545481232 0.07603889104 -0.003319929681) (0.2591231629 0.07624548827 -0.003328949911) (0.2637246176 0.07643209971 -0.003337097542) (0.2683519824 0.07659842267 -0.003344359359) (0.2730047501 0.07674416433 -0.003350722577) (0.2776824104 0.07686904253 -0.003356174877) (0.2823844503 0.0769727867 -0.003360704446) (0.2871103542 0.07705513861 -0.003364300008) (0.2918596039 0.07711585324 -0.003366950865) (0.2966316785 0.07715469955 -0.003368646932))
    polyLine 0 5 ((2.741531724e-05 0.0009970721193 4.353310888e-05) (0.0001096582626 0.001993965743 8.705842446e-05) (0.0002467198171 0.002990502643 0.0001305681652) (0.0004385849506 0.003986505125 0.0001740545727) (0.0006852326227 0.004981796293 0.0002175099235) (0.0009866357859 0.005976200307 0.0002609265404) (0.001342761388 0.006969542637 0.0003042968032) (0.001753570375 0.007961650309 0.0003476131596) (0.002219017698 0.008952352145 0.0003908681359) (0.002739052316 0.00994147899 0.0004340543466) (0.0033136172 0.01092886393 0.000477164504) (0.003942649343 0.01191434249 0.0005201914273) (0.004626079764 0.01289775285 0.0005631280507) (0.005363833519 0.01387893598 0.0006059674316) (0.006155829702 0.01485773586 0.0006487027572) (0.007001981465 0.01583399957 0.0006913273511) (0.007902196015 0.01680757744 0.000733834679) (0.008856374636 0.01777832317 0.0007762183531) (0.009864412689 0.01874609393 0.0008184721367) (0.01092619963 0.01971075037 0.0008605899466) (0.01204161903 0.02067215676 0.0009025658559) (0.01321054856 0.02163018094 0.0009443940949) (0.01443286005 0.02258469438 0.0009860690519) (0.01570841944 0.02353557216 0.001027585272) (0.01703708686 0.0244826929 0.001068937457) (0.0184187166 0.02542593874 0.00111012046) (0.01985315716 0.02636519527 0.001151129286) (0.02134025123 0.02730035139 0.001191959083) (0.02287983574 0.02823129919 0.001232605142) (0.02447174185 0.02915793386 0.001273062886) (0.026115795 0.03008015346 0.001313327863) (0.02781181488 0.03099785876 0.001353395742) (0.02955961552 0.03191095305 0.001393262299) (0.03135900525 0.03281934187 0.001432923412) (0.03320978675 0.03372293283 0.001472375045) (0.03511175706 0.03462163525 0.00151161324) (0.0370647076 0.03551535999 0.001550634105) (0.03906842421 0.03640401906 0.001589433798) (0.04112268716 0.03728752534 0.001628008515) (0.04322727118 0.03816579229 0.001666354478) (0.04538194548 0.03903873355 0.001704467917) (0.04758647377 0.0399062626 0.001742345053) (0.0498406143 0.04076829244 0.001779982089) (0.05214411988 0.04162473517 0.001817375186) (0.05449673791 0.04247550163 0.001854520452) (0.05689821038 0.04332050103 0.001891413922) (0.05934827397 0.04415964052 0.001928051544) (0.06184665998 0.04499282485 0.001964429157) (0.06439309444 0.04581995593 0.00200054248) (0.06698729811 0.04664093247 0.00203638709) (0.0696289865 0.04745564956 0.002071958406) (0.07231786992 0.04826399831 0.002107251675) (0.07505365351 0.04906586548 0.002142261951) (0.07783603725 0.04986113305 0.002176984083) (0.08066471603 0.05064967791 0.002211412696) (0.08353937964 0.05143137149 0.002245542174) (0.08645971286 0.05220607942 0.002279366653) (0.08942539543 0.05297366118 0.002312879997) (0.09243610214 0.05373396986 0.00234607579) (0.09549150281 0.05448685176 0.002378947324) (0.0985912624 0.05523214622 0.002411487583) (0.101735041 0.05596968531 0.002443689235) (0.1049224938 0.05669929361 0.002475544621) (0.1081532713 0.05742078802 0.002507045748) (0.1114270193 0.05813397756 0.002538184275) (0.1147433786 0.05883866322 0.002568951515) (0.1181019857 0.05953463783 0.002599338423) (0.1215024722 0.060221686 0.002629335594) (0.1249444652 0.06089958398 0.002658933259) (0.1284275873 0.0615680997 0.002688121286) (0.1319514564 0.06222699272 0.002716889177) (0.1355156863 0.06287601426 0.002745226069) (0.139119886 0.06351490728 0.002773120741) (0.1427636602 0.06414340658 0.002800561612) (0.1464466094 0.06476123888 0.002827536754) (0.1501683297 0.06536812308 0.00285403389) (0.1539284131 0.06596377035 0.002880040411) (0.157726447 0.06654788447 0.002905543385) (0.1615620152 0.06712016203 0.002930529562) (0.1654346968 0.06768029276 0.002954985398) (0.1693440673 0.06822795988 0.002978897061) (0.173289698 0.0687628405 0.003002250453) (0.1772711561 0.06928460596 0.003025031225) (0.1812880051 0.06979292237 0.003047224799) (0.1853398045 0.07028745101 0.003068816386) (0.1894261099 0.0707678489 0.003089791011) (0.1935464732 0.07123376931 0.003110133535) (0.1977004426 0.07168486234 0.003129828682) (0.2018875625 0.07212077555 0.003148861064) (0.2061073739 0.07254115457 0.003167215208) (0.2103594138 0.07294564376 0.003184875588) (0.2146432162 0.07333388691 0.003201826649) (0.2189583111 0.07370552792 0.003218052847) (0.2233042254 0.0740602116 0.00323353867) (0.2276804825 0.07439758433 0.003248268682) (0.2320866025 0.07471729491 0.003262227547) (0.2365221023 0.0750189953 0.003275400071) (0.2409864953 0.07530234146 0.003287771231) (0.2454792921 0.07556699414 0.003299326217) (0.25 0.07581261972 0.003310050461) (0.2545481232 0.07603889104 0.003319929681) (0.2591231629 0.07624548827 0.003328949911) (0.2637246176 0.07643209971 0.003337097542) (0.2683519824 0.07659842267 0.003344359359) (0.2730047501 0.07674416433 0.003350722577) (0.2776824104 0.07686904253 0.003356174877) (0.2823844503 0.0769727867 0.003360704446) (0.2871103542 0.07705513861 0.003364300008) (0.2918596039 0.07711585324 0.003366950865) (0.2966316785 0.07715469955 0.003368646932))
    polyLine 4 12 ((0.3062422068 0.07716593797 -0.003369137612) (0.3110796066 0.07713794514 -0.003367915419) (0.3159377237 0.07708731563 -0.003365704887) (0.3208160252 0.0770139 -0.003362499491) (0.3257139763 0.07691756729 -0.003358293514) (0.3306310399 0.07679820569 -0.003353082074) (0.3355666766 0.07665572313 -0.003346861151) (0.3405203454 0.07649004791 -0.003339627615) (0.3454915028 0.07630112922 -0.003331379247) (0.3504796039 0.07608893771 -0.003322114765) (0.3554841015 0.07585346596 -0.003311833847) (0.360504447 0.07559472889 -0.003300537142) (0.3655400897 0.07531276422 -0.003288226299) (0.3705904774 0.07500763276 -0.003274903972) (0.3756550564 0.07467941881 -0.003260573841) (0.3807332712 0.07432823034 -0.003245240621) (0.3858245649 0.07395419929 -0.003228910073) (0.3909283793 0.07355748167 -0.003211589008) (0.3960441546 0.07313825777 -0.003193285297) (0.4011713298 0.07269673213 -0.003174007871) (0.4063093427 0.07223313366 -0.003153766725) (0.4114576298 0.07174771555 -0.003132572912) (0.4166156266 0.07124075522 -0.003110438546) (0.4217827675 0.07071255418 -0.003087376791) (0.4269584857 0.07016343786 -0.003063401855) (0.4321422138 0.06959375533 -0.003038528978) (0.4373333832 0.06900387909 -0.003012774425) (0.4425314248 0.06839420464 -0.002986155464) (0.4477357684 0.06776515019 -0.002958690354) (0.4529458433 0.06711715613 -0.002930398322) (0.4581610783 0.06645068461 -0.002901299547) (0.4633809014 0.06576621896 -0.002871415131) (0.4686047402 0.06506426311 -0.002840767077) (0.4738320219 0.06434534097 -0.002809378259) (0.4790621731 0.06360999577 -0.002777272394) (0.4842946205 0.0628587893 -0.002744474011) (0.4895287901 0.06209230115 -0.002711008416) (0.4947641079 0.06131112794 -0.002676901657) (0.5 0.06051588244 -0.002642180488) (0.5052358921 0.05970719271 -0.002606872332) (0.5104712099 0.05888570118 -0.002571005237) (0.5157053795 0.0580520637 -0.002534607839) (0.5209378269 0.05720694854 -0.002497709314) (0.5261679781 0.05635103541 -0.00246033934) (0.5313952598 0.05548501443 -0.002422528047) (0.5366190986 0.05460958503 -0.002384305974) (0.5418389217 0.0537254549 -0.002345704019) (0.5470541567 0.05283333889 -0.002306753393) (0.5522642316 0.05193395788 -0.00226748557) (0.5574685752 0.05102803767 -0.002227932239) (0.5626666168 0.05011630781 -0.002188125254) (0.5678577862 0.04919950048 -0.002148096582) (0.5730415143 0.04827834933 -0.002107878254) (0.5782172325 0.0473535883 -0.002067502315) (0.5833843734 0.04642595049 -0.002027000774) (0.5885423702 0.04549616698 -0.001986405549) (0.5936906573 0.04456496571 -0.001945748424) (0.5988286702 0.04363307032 -0.001905060992) (0.6039558454 0.04270119902 -0.001864374613) (0.6090716207 0.04177006348 -0.001823720357) (0.6141754351 0.04084036773 -0.001783128964) (0.6192667288 0.03991280705 -0.00174263079) (0.6243449436 0.03898806697 -0.001702255766) (0.6294095226 0.03806682217 -0.00166203335) (0.6344599103 0.03714973552 -0.001621992482) (0.639495553 0.03623745707 -0.001582161544) (0.6445158985 0.0353306231 -0.001542568318) (0.6495203961 0.03442985521 -0.001503239943) (0.6545084972 0.03353575945 -0.001464202879) (0.6594796546 0.03264892546 -0.00142548287) (0.6644333234 0.03176992564 -0.001387104909) (0.6693689601 0.03089931444 -0.001349093204) (0.6742860237 0.03003762761 -0.001311471144) (0.6791839748 0.02918538149 -0.001274261275) (0.6840622763 0.02834307244 -0.001237485268) (0.6889203934 0.02751117619 -0.001201163893) (0.6937577932 0.02669014735 -0.001165317) (0.6985739453 0.02588041888 -0.001129963491))
    polyLine 5 13 ((0.3062422068 0.07716593797 0.003369137612) (0.3110796066 0.07713794514 0.003367915419) (0.3159377237 0.07708731563 0.003365704887) (0.3208160252 0.0770139 0.003362499491) (0.3257139763 0.07691756729 0.003358293514) (0.3306310399 0.07679820569 0.003353082074) (0.3355666766 0.07665572313 0.003346861151) (0.3405203454 0.07649004791 0.003339627615) (0.3454915028 0.07630112922 0.003331379247) (0.3504796039 0.07608893771 0.003322114765) (0.3554841015 0.07585346596 0.003311833847) (0.360504447 0.07559472889 0.003300537142) (0.3655400897 0.07531276422 0.003288226299) (0.3705904774 0.07500763276 0.003274903972) (0.3756550564 0.07467941881 0.003260573841) (0.3807332712 0.07432823034 0.003245240621) (0.3858245649 0.07395419929 0.003228910073) (0.3909283793 0.07355748167 0.003211589008) (0.3960441546 0.07313825777 0.003193285297) (0.4011713298 0.07269673213 0.003174007871) (0.4063093427 0.07223313366 0.003153766725) (0.4114576298 0.07174771555 0.003132572912) (0.4166156266 0.07124075522 0.003110438546) (0.4217827675 0.07071255418 0.003087376791) (0.4269584857 0.07016343786 0.003063401855) (0.4321422138 0.06959375533 0.003038528978) (0.4373333832 0.06900387909 0.003012774425) (0.4425314248 0.06839420464 0.002986155464) (0.4477357684 0.06776515019 0.002958690354) (0.4529458433 0.06711715613 0.002930398322) (0.4581610783 0.06645068461 0.002901299547) (0.4633809014 0.06576621896 0.002871415131) (0.4686047402 0.06506426311 0.002840767077) (0.4738320219 0.06434534097 0.002809378259) (0.4790621731 0.06360999577 0.002777272394) (0.4842946205 0.0628587893 0.002744474011) (0.4895287901 0.06209230115 0.002711008416) (0.4947641079 0.06131112794 0.002676901657) (0.5 0.06051588244 0.002642180488) (0.5052358921 0.05970719271 0.002606872332) (0.5104712099 0.05888570118 0.002571005237) (0.5157053795 0.0580520637 0.002534607839) (0.5209378269 0.05720694854 0.002497709314) (0.5261679781 0.05635103541 0.00246033934) (0.5313952598 0.05548501443 0.002422528047) (0.5366190986 0.05460958503 0.002384305974) (0.5418389217 0.0537254549 0.002345704019) (0.5470541567 0.05283333889 0.002306753393) (0.5522642316 0.05193395788 0.00226748557) (0.5574685752 0.05102803767 0.002227932239) (0.5626666168 0.05011630781 0.002188125254) (0.5678577862 0.04919950048 0.002148096582) (0.5730415143 0.04827834933 0.002107878254) (0.5782172325 0.0473535883 0.002067502315) (0.5833843734 0.04642595049 0.002027000774) (0.5885423702 0.04549616698 0.001986405549) (0.5936906573 0.04456496571 0.001945748424) (0.5988286702 0.04363307032 0.001905060992) (0.6039558454 0.04270119902 0.001864374613) (0.6090716207 0.04177006348 0.001823720357) (0.6141754351 0.04084036773 0.001783128964) (0.6192667288 0.03991280705 0.00174263079) (0.6243449436 0.03898806697 0.001702255766) (0.6294095226 0.03806682217 0.00166203335) (0.6344599103 0.03714973552 0.001621992482) (0.639495553 0.03623745707 0.001582161544) (0.6445158985 0.0353306231 0.001542568318) (0.6495203961 0.03442985521 0.001503239943) (0.6545084972 0.03353575945 0.001464202879) (0.6594796546 0.03264892546 0.00142548287) (0.6644333234 0.03176992564 0.001387104909) (0.6693689601 0.03089931444 0.001349093204) (0.6742860237 0.03003762761 0.001311471144) (0.6791839748 0.02918538149 0.001274261275) (0.6840622763 0.02834307244 0.001237485268) (0.6889203934 0.02751117619 0.001201163893) (0.6937577932 0.02669014735 0.001165317) (0.6985739453 0.02588041888 0.001129963491))
    polyLine 12 20 ((0.7033683215 0.02508240168 -0.001095121308) (0.7081403961 0.02429648419 -0.001060807409) (0.7128896458 0.02352303203 -0.001027037758) (0.7176155497 0.02276238774 -0.0009938273117) (0.7223175896 0.02201487055 -0.0009611900061) (0.7269952499 0.02128077614 -0.0009291387521) (0.7316480176 0.02056037658 -0.0008976854282) (0.7362753824 0.01985392021 -0.0008668408767) (0.7408768371 0.01916163159 -0.0008366149029) (0.7454518768 0.01848371158 -0.000807016276) (0.75 0.01782033736 -0.0007780527323) (0.7545207079 0.01717166259 -0.0007497309802) (0.7590135047 0.01653781756 -0.0007220567082) (0.7634778977 0.01591890939 -0.0006950345942) (0.7679133975 0.01531502237 -0.0006686683172) (0.7723195175 0.01472621818 -0.0006429605711) (0.7766957746 0.01415253632 -0.0006179130803) (0.7810416889 0.01359399448 -0.0005935266169) (0.7853567838 0.01305058899 -0.0005698010207) (0.7896405862 0.01252229529 -0.0005467352196) (0.7938926261 0.01200906847 -0.0005243272527) (0.7981124375 0.01151084382 -0.0005025742949) (0.8022995574 0.01102753743 -0.0004814726823) (0.8064535268 0.01055904681 -0.0004610179399) (0.8105738901 0.01010525152 -0.0004412048098) (0.8146601955 0.009666013918 -0.0004220272818) (0.8187119949 0.009241179804 -0.0004034786238) (0.8227288439 0.0088305792 -0.0003855514143) (0.826710302 0.008434027088 -0.0003682375752) (0.8306559327 0.008051324189 -0.0003515284058) (0.8345653032 0.00768225776 -0.0003354146175) (0.8384379848 0.0073266024 -0.0003198863691) (0.842273553 0.00698412087 -0.0003049333026) (0.8460715869 0.006654564928 -0.0002905445794) (0.8498316703 0.006337676161 -0.000276708917) (0.8535533906 0.006033186835 -0.000263414626))
    polyLine 13 21 ((0.7033683215 0.02508240168 0.001095121308) (0.7081403961 0.02429648419 0.001060807409) (0.7128896458 0.02352303203 0.001027037758) (0.7176155497 0.02276238774 0.0009938273117) (0.7223175896 0.02201487055 0.0009611900061) (0.7269952499 0.02128077614 0.0009291387521) (0.7316480176 0.02056037658 0.0008976854282) (0.7362753824 0.01985392021 0.0008668408767) (0.7408768371 0.01916163159 0.0008366149029) (0.7454518768 0.01848371158 0.000807016276) (0.75 0.01782033736 0.0007780527323) (0.7545207079 0.01717166259 0.0007497309802) (0.7590135047 0.01653781756 0.0007220567082) (0.7634778977 0.01591890939 0.0006950345942) (0.7679133975 0.01531502237 0.0006686683172) (0.7723195175 0.01472621818 0.0006429605711) (0.7766957746 0.01415253632 0.0006179130803) (0.7810416889 0.01359399448 0.0005935266169) (0.7853567838 0.01305058899 0.0005698010207) (0.7896405862 0.01252229529 0.0005467352196) (0.7938926261 0.01200906847 0.0005243272527) (0.7981124375 0.01151084382 0.0005025742949) (0.8022995574 0.01102753743 0.0004814726823) (0.8064535268 0.01055904681 0.0004610179399) (0.8105738901 0.01010525152 0.0004412048098) (0.8146601955 0.009666013918 0.0004220272818) (0.8187119949 0.009241179804 0.0004034786238) (0.8227288439 0.0088305792 0.0003855514143) (0.826710302 0.008434027088 0.0003682375752) (0.8306559327 0.008051324189 0.0003515284058) (0.8345653032 0.00768225776 0.0003354146175) (0.8384379848 0.0073266024 0.0003198863691) (0.842273553 0.00698412087 0.0003049333026) (0.8460715869 0.006654564928 0.0002905445794) (0.8498316703 0.006337676161 0.000276708917) (0.8535533906 0.006033186835 0.000263414626))
    polyLine 20 28 ((0.8572363398 0.005740820737 -0.0002506496464) (0.860880114 0.005460294022 -0.0002384015855) (0.8644843137 0.005191316059 -0.0002266577541) (0.8680485436 0.004933590271 -0.0002154052032) (0.8715724127 0.004686814969 -0.0002046307608) (0.8750555348 0.004450684177 -0.0001943210678) (0.8784975278 0.004224888446 -0.0001844626132) (0.8818980143 0.004009115654 -0.0001750417697) (0.8852566214 0.003803051796 -0.0001660448273) (0.8885729807 0.003606381749 -0.0001574580277) (0.8918467287 0.003418790026 -0.0001492675961) (0.8950775062 0.003239961502 -0.0001414597742) (0.898264959 0.003069582127 -0.00013402085) (0.9014087376 0.002907339601 -0.0001269371883) (0.9045084972 0.002752924042 -0.0001201952594) (0.9075638979 0.002606028609 -0.0001137816663) (0.9105746046 0.00246635011 -0.0001076831714) (0.9135402871 0.002333589572 -0.0001018867211) (0.9164606204 0.002207452787 -9.637947011e-05) (0.919335284 0.002087650823 -9.114880338e-05) (0.9221639628 0.001973900501 -8.61823571e-05) (0.9249463465 0.001865924848 -8.146803826e-05) (0.9276821301 0.001763453502 -7.699404266e-05) (0.9303710135 0.001666223096 -7.274887147e-05) (0.9330127019 0.001573977603 -6.872134626e-05) (0.9356069056 0.001486468642 -6.490062252e-05) (0.93815334 0.001403455758 -6.127620172e-05) (0.940651726 0.001324706658 -5.783794176e-05) (0.9431017896 0.00124999742 -5.457606599e-05) (0.9455032621 0.001179112663 -5.148117066e-05) (0.9478558801 0.001111845685 -4.854423097e-05))
    polyLine 21 29 ((0.8572363398 0.005740820737 0.0002506496464) (0.860880114 0.005460294022 0.0002384015855) (0.8644843137 0.005191316059 0.0002266577541) (0.8680485436 0.004933590271 0.0002154052032) (0.8715724127 0.004686814969 0.0002046307608) (0.8750555348 0.004450684177 0.0001943210678) (0.8784975278 0.004224888446 0.0001844626132) (0.8818980143 0.004009115654 0.0001750417697) (0.8852566214 0.003803051796 0.0001660448273) (0.8885729807 0.003606381749 0.0001574580277) (0.8918467287 0.003418790026 0.0001492675961) (0.8950775062 0.003239961502 0.0001414597742) (0.898264959 0.003069582127 0.00013402085) (0.9014087376 0.002907339601 0.0001269371883) (0.9045084972 0.002752924042 0.0001201952594) (0.9075638979 0.002606028609 0.0001137816663) (0.9105746046 0.00246635011 0.0001076831714) (0.9135402871 0.002333589572 0.0001018867211) (0.9164606204 0.002207452787 9.637947011e-05) (0.919335284 0.002087650823 9.114880338e-05) (0.9221639628 0.001973900501 8.61823571e-05) (0.9249463465 0.001865924848 8.146803826e-05) (0.9276821301 0.001763453502 7.699404266e-05) (0.9303710135 0.001666223096 7.274887147e-05) (0.9330127019 0.001573977603 6.872134626e-05) (0.9356069056 0.001486468642 6.490062252e-05) (0.93815334 0.001403455758 6.127620172e-05) (0.940651726 0.001324706658 5.783794176e-05) (0.9431017896 0.00124999742 5.457606599e-05) (0.9455032621 0.001179112663 5.148117066e-05) (0.9478558801 0.001111845685 4.854423097e-05))
    polyLine 28 36 ((0.9501593857 0.001047998565 -4.575660554e-05) (0.9524135262 0.000987382239 -4.311003957e-05) (0.9546180545 0.0009298165311 -4.059666648e-05) (0.9567727288 0.0008751301671 -3.820900827e-05) (0.9588773128 0.0008231607481 -3.593997443e-05) (0.9609315758 0.0007737546981 -3.37828597e-05) (0.9629352924 0.0007267671827 -3.173134047e-05) (0.9648882429 0.0006820620002 -2.977947005e-05) (0.9667902132 0.0006395114471 -2.792167278e-05) (0.9686409947 0.0005989961582 -2.615273707e-05) (0.9704403845 0.0005604049243 -2.446780741e-05) (0.9721881851 0.0005236344874 -2.286237546e-05) (0.973884205 0.0004885893157 -2.133227022e-05) (0.9755282581 0.0004551813606 -1.98736474e-05) (0.9771201643 0.0004233297957 -1.848297804e-05) (0.9786597488 0.0003929607409 -1.715703647e-05) (0.9801468428 0.0003640069734 -1.589288768e-05) (0.9815812834 0.0003364076257 -1.468787414e-05) (0.9829629131 0.0003101078744 -1.35396022e-05) (0.9842915806 0.0002850586204 -1.244592815e-05) (0.98556714 0.000261216162 -1.140494394e-05) (0.9867894514 0.0002385418647 -1.041496274e-05) (0.987958381 0.0002170018261 -9.474504342e-06) (0.9890738004 0.0001965665415 -8.582280548e-06) (0.9901355873 0.0001772105687 -7.737180521e-06) (0.9911436254 0.0001589121956 -6.9382563e-06) (0.992097804 0.0001416531124 -6.184708453e-06) (0.9929980185 0.0001254180883 -5.475871995e-06) (0.9938441703 0.0001101946567 -4.811202616e-06) (0.9946361665 9.597280819e-05 -4.190263299e-06) (0.9953739202 8.274469479e-05 -3.612711395e-06) (0.9960573507 7.05043456e-05 -3.078286208e-06) (0.9966863828 5.92473957e-05 -2.586797161e-06) (0.9972609477 4.897082968e-05 -2.138112599e-06) (0.9977809823 3.967274086e-05 -1.732149274e-06) (0.9982464296 3.135210747e-05 -1.368862574e-06) (0.9986572386 2.400858679e-05 -1.048237537e-06) (0.9990133642 1.764232834e-05 -7.702806905e-07) (0.9993147674 1.22538068e-05 -5.350127589e-07) (0.999561415 7.843675668e-06 -3.424622755e-07) (0.9997532802 4.412642252e-06 -1.926601214e-07) (0.9998903417 1.961364524e-06 -8.56350245e-08) (0.9999725847 4.903704352e-07 -2.141003558e-08))
    polyLine 29 36 ((0.9501593857 0.001047998565 4.575660554e-05) (0.9524135262 0.000987382239 4.311003957e-05) (0.9546180545 0.0009298165311 4.059666648e-05) (0.9567727288 0.0008751301671 3.820900827e-05) (0.9588773128 0.0008231607481 3.593997443e-05) (0.9609315758 0.0007737546981 3.37828597e-05) (0.9629352924 0.0007267671827 3.173134047e-05) (0.9648882429 0.0006820620002 2.977947005e-05) (0.9667902132 0.0006395114471 2.792167278e-05) (0.9686409947 0.0005989961582 2.615273707e-05) (0.9704403845 0.0005604049243 2.446780741e-05) (0.9721881851 0.0005236344874 2.286237546e-05) (0.973884205 0.0004885893157 2.133227022e-05) (0.9755282581 0.0004551813606 1.98736474e-05) (0.9771201643 0.0004233297957 1.848297804e-05) (0.9786597488 0.0003929607409 1.715703647e-05) (0.9801468428 0.0003640069734 1.589288768e-05) (0.9815812834 0.0003364076257 1.468787414e-05) (0.9829629131 0.0003101078744 1.35396022e-05) (0.9842915806 0.0002850586204 1.244592815e-05) (0.98556714 0.000261216162 1.140494394e-05) (0.9867894514 0.0002385418647 1.041496274e-05) (0.987958381 0.0002170018261 9.474504342e-06) (0.9890738004 0.0001965665415 8.582280548e-06) (0.9901355873 0.0001772105687 7.737180521e-06) (0.9911436254 0.0001589121956 6.9382563e-06) (0.992097804 0.0001416531124 6.184708453e-06) (0.9929980185 0.0001254180883 5.475871995e-06) (0.9938441703 0.0001101946567 4.811202616e-06) (0.9946361665 9.597280819e-05 4.190263299e-06) (0.9953739202 8.274469479e-05 3.612711395e-06) (0.9960573507 7.05043456e-05 3.078286208e-06) (0.9966863828 5.92473957e-05 2.586797161e-06) (0.9972609477 4.897082968e-05 2.138112599e-06) (0.9977809823 3.967274086e-05 1.732149274e-06) (0.9982464296 3.135210747e-05 1.368862574e-06) (0.9986572386 2.400858679e-05 1.048237537e-06) (0.9990133642 1.764232834e-05 7.702806905e-07) (0.9993147674 1.22538068e-05 5.350127589e-07) (0.999561415 7.843675668e-06 3.424622755e-07) (0.9997532802 4.412642252e-06 1.926601214e-07) (0.9998903417 1.961364524e-06 8.56350245e-08) (0.9999725847 4.903704352e-07 2.141003558e-08))
    polyLine 1 6 ((-0.02745686093 0.001902207884 -8.305218983e-05) (-0.02725877844 0.004645456052 -0.0002028249915) (-0.02691758253 0.007224081525 -0.000315410211) (-0.02644438178 0.009713169423 -0.0004240861357) (-0.02584677694 0.01213117938 -0.0005296587305) (-0.02513270676 0.01448041839 -0.0006322287207) (-0.024310629 0.01675909646 -0.0007317179536) (-0.02338924239 0.01896491446 -0.0008280260475) (-0.02237716205 0.02109625928 -0.0009210825719) (-0.02128263744 0.02315256734 -0.001010862921) (-0.02011333779 0.02513435083 -0.001097389457) (-0.0188762093 0.02704307813 -0.00118072629) (-0.0175773977 0.02888099599 -0.001260971517) (-0.01622222528 0.03065093853 -0.001338248877) (-0.01481520953 0.03235614643 -0.001412699862) (-0.01336011103 0.03400010826 -0.001484476786) (-0.01185999973 0.0355864286 -0.001553737028) (-0.01031733074 0.03711872326 -0.001620638457) (-0.00873402309 0.03860053974 -0.001685335962) (-0.007111536671 0.04003529961 -0.001747978931) (-0.00545094442 0.04142625923 -0.001808709539) (-0.003752997925 0.04277648513 -0.001867661675) (-0.002018185684 0.04408884097 -0.001924960368) (-0.0002467838594 0.04536598306 -0.001980721596) (0.001561100186 0.04661036226 -0.002035052365) (0.003405491024 0.04782423029 -0.002088050988) (0.005286514297 0.04900964899 -0.002139807487) (0.007204371137 0.05016850145 -0.002190404077) (0.009159317155 0.05130250397 -0.002239915697) (0.01115164533 0.05241321858 -0.002288410544) (0.0131816722 0.05350206527 -0.002335950617) (0.01524972682 0.05457033397 -0.002382592236) (0.01735614198 0.05561919582 -0.002428386533) (0.01950124735 0.05664971385 -0.002473379922) (0.02168536416 0.0576628528 -0.002517614524) (0.02390880114 0.05865948817 -0.002561128564) (0.02617185149 0.05964041452 -0.002603956733) (0.02847479061 0.06060635293 -0.002646130515) (0.03081787462 0.06155795786 -0.002687678484) (0.03320133927 0.0624958232 -0.002728626569) (0.03562539933 0.06342048781 -0.002768998297) (0.03809024828 0.06433244036 -0.002808815006) (0.0405960583 0.06523212381 -0.002848096034) (0.04314298033 0.06611993924 -0.002886858892) (0.04573114442 0.06699624935 -0.002925119418) (0.04836066008 0.06786138153 -0.002962891905) (0.05103161677 0.06871563061 -0.003000189225) (0.05374408437 0.06955926125 -0.003037022934) (0.05649811376 0.0703925101 -0.003073403365) (0.05929373734 0.07121558763 -0.003109339706) (0.06213096965 0.07202867985 -0.003144840079) (0.06500980788 0.0728319497 -0.003179911598) (0.06793023245 0.07362553838 -0.003214560428) (0.07089220752 0.07440956644 -0.003248791832) (0.07389568155 0.07518413479 -0.003282610217) (0.07694058777 0.07594932554 -0.003316019166) (0.08002684465 0.07670520277 -0.003349021479) (0.08315435637 0.07745181322 -0.003381619195) (0.08632301327 0.07818918681 -0.003413813621) (0.08953269219 0.07891733726 -0.003445605357) (0.09278325694 0.07963626246 -0.003476994309) (0.09607455862 0.08034594493 -0.003507979715) (0.09940643596 0.0810463522 -0.003538560156) (0.1027787157 0.08173743713 -0.003568733576) (0.1061912127 0.08241913823 -0.003598497289) (0.1096437306 0.08309137997 -0.003627847997) (0.1131360617 0.08375407306 -0.003656781802) (0.1166679876 0.08440711472 -0.003685294217) (0.1202392789 0.08505038896 -0.003713380177) (0.1238496961 0.08568376685 -0.003741034053) (0.1274989893 0.08630710683 -0.003768249664) (0.1311868986 0.08692025492 -0.003795020288) (0.1349131543 0.08752304512 -0.003821338676) (0.1386774772 0.08811529966 -0.003847197068) (0.1424795784 0.08869682933 -0.003872587202) (0.14631916 0.08926743388 -0.003897500334) (0.1501959147 0.08982690233 -0.003921927254) (0.1541095265 0.09037501341 -0.003945858301) (0.1580596706 0.09091153596 -0.003969283381) (0.1620460133 0.09143622935 -0.00399219199) (0.1660682126 0.09194884402 -0.004014573229) (0.170125918 0.09244912188 -0.004036415832) (0.174218771 0.09293679692 -0.004057708184) (0.1783464048 0.09341159571 -0.004078438347) (0.1825084446 0.09387323799 -0.004098594085) (0.1867045079 0.0943214373 -0.004118162889) (0.1909342043 0.09475590156 -0.004137132008) (0.1951971361 0.09517633381 -0.004155488477) (0.1994928979 0.09558243282 -0.004173219143) (0.203821077 0.09597389385 -0.0041903107) (0.2081812535 0.09635040935 -0.004206749722) (0.2125730004 0.09671166977 -0.004222522692) (0.2169958837 0.0970573643 -0.004237616042) (0.2214494625 0.0973871817 -0.00425201618) (0.2259332893 0.09770081108 -0.004265709535) (0.2304469098 0.09799794281 -0.004278682586) (0.2349898633 0.0982782693 -0.004290921905) (0.2395616826 0.09854148593 -0.004302414191) (0.2441618945 0.09878729188 -0.004313146311) (0.2487900194 0.09901539106 -0.004323105336) (0.2534455718 0.099225493 -0.004332278585) (0.2581280603 0.09941731372 -0.004340653659) (0.2628369876 0.0995905767 -0.004348218483) (0.267571851 0.09974501372 -0.004354961349) (0.2723321421 0.0998803658 -0.004360870949) (0.2771173471 0.09999638411 -0.004365936418) (0.281926947 0.1000928308 -0.004370147373) (0.2867604177 0.1001694801 -0.004373493951) (0.29161723 0.1002261187 -0.004375966848) (0.2964968499 0.1002625473 -0.004377557355))
    polyLine 1 7 ((-0.02745686093 0.001902207884 8.305218983e-05) (-0.02725877844 0.004645456052 0.0002028249915) (-0.02691758253 0.007224081525 0.000315410211) (-0.02644438178 0.009713169423 0.0004240861357) (-0.02584677694 0.01213117938 0.0005296587305) (-0.02513270676 0.01448041839 0.0006322287207) (-0.024310629 0.01675909646 0.0007317179536) (-0.02338924239 0.01896491446 0.0008280260475) (-0.02237716205 0.02109625928 0.0009210825719) (-0.02128263744 0.02315256734 0.001010862921) (-0.02011333779 0.02513435083 0.001097389457) (-0.0188762093 0.02704307813 0.00118072629) (-0.0175773977 0.02888099599 0.001260971517) (-0.01622222528 0.03065093853 0.001338248877) (-0.01481520953 0.03235614643 0.001412699862) (-0.01336011103 0.03400010826 0.001484476786) (-0.01185999973 0.0355864286 0.001553737028) (-0.01031733074 0.03711872326 0.001620638457) (-0.00873402309 0.03860053974 0.001685335962) (-0.007111536671 0.04003529961 0.001747978931) (-0.00545094442 0.04142625923 0.001808709539) (-0.003752997925 0.04277648513 0.001867661675) (-0.002018185684 0.04408884097 0.001924960368) (-0.0002467838594 0.04536598306 0.001980721596) (0.001561100186 0.04661036226 0.002035052365) (0.003405491024 0.04782423029 0.002088050988) (0.005286514297 0.04900964899 0.002139807487) (0.007204371137 0.05016850145 0.002190404077) (0.009159317155 0.05130250397 0.002239915697) (0.01115164533 0.05241321858 0.002288410544) (0.0131816722 0.05350206527 0.002335950617) (0.01524972682 0.05457033397 0.002382592236) (0.01735614198 0.05561919582 0.002428386533) (0.01950124735 0.05664971385 0.002473379922) (0.02168536416 0.0576628528 0.002517614524) (0.02390880114 0.05865948817 0.002561128564) (0.02617185149 0.05964041452 0.002603956733) (0.02847479061 0.06060635293 0.002646130515) (0.03081787462 0.06155795786 0.002687678484) (0.03320133927 0.0624958232 0.002728626569) (0.03562539933 0.06342048781 0.002768998297) (0.03809024828 0.06433244036 0.002808815006) (0.0405960583 0.06523212381 0.002848096034) (0.04314298033 0.06611993924 0.002886858892) (0.04573114442 0.06699624935 0.002925119418) (0.04836066008 0.06786138153 0.002962891905) (0.05103161677 0.06871563061 0.003000189225) (0.05374408437 0.06955926125 0.003037022934) (0.05649811376 0.0703925101 0.003073403365) (0.05929373734 0.07121558763 0.003109339706) (0.06213096965 0.07202867985 0.003144840079) (0.06500980788 0.0728319497 0.003179911598) (0.06793023245 0.07362553838 0.003214560428) (0.07089220752 0.07440956644 0.003248791832) (0.07389568155 0.07518413479 0.003282610217) (0.07694058777 0.07594932554 0.003316019166) (0.08002684465 0.07670520277 0.003349021479) (0.08315435637 0.07745181322 0.003381619195) (0.08632301327 0.07818918681 0.003413813621) (0.08953269219 0.07891733726 0.003445605357) (0.09278325694 0.07963626246 0.003476994309) (0.09607455862 0.08034594493 0.003507979715) (0.09940643596 0.0810463522 0.003538560156) (0.1027787157 0.08173743713 0.003568733576) (0.1061912127 0.08241913823 0.003598497289) (0.1096437306 0.08309137997 0.003627847997) (0.1131360617 0.08375407306 0.003656781802) (0.1166679876 0.08440711472 0.003685294217) (0.1202392789 0.08505038896 0.003713380177) (0.1238496961 0.08568376685 0.003741034053) (0.1274989893 0.08630710683 0.003768249664) (0.1311868986 0.08692025492 0.003795020288) (0.1349131543 0.08752304512 0.003821338676) (0.1386774772 0.08811529966 0.003847197068) (0.1424795784 0.08869682933 0.003872587202) (0.14631916 0.08926743388 0.003897500334) (0.1501959147 0.08982690233 0.003921927254) (0.1541095265 0.09037501341 0.003945858301) (0.1580596706 0.09091153596 0.003969283381) (0.1620460133 0.09143622935 0.00399219199) (0.1660682126 0.09194884402 0.004014573229) (0.170125918 0.09244912188 0.004036415832) (0.174218771 0.09293679692 0.004057708184) (0.1783464048 0.09341159571 0.004078438347) (0.1825084446 0.09387323799 0.004098594085) (0.1867045079 0.0943214373 0.004118162889) (0.1909342043 0.09475590156 0.004137132008) (0.1951971361 0.09517633381 0.004155488477) (0.1994928979 0.09558243282 0.004173219143) (0.203821077 0.09597389385 0.0041903107) (0.2081812535 0.09635040935 0.004206749722) (0.2125730004 0.09671166977 0.004222522692) (0.2169958837 0.0970573643 0.004237616042) (0.2214494625 0.0973871817 0.00425201618) (0.2259332893 0.09770081108 0.004265709535) (0.2304469098 0.09799794281 0.004278682586) (0.2349898633 0.0982782693 0.004290921905) (0.2395616826 0.09854148593 0.004302414191) (0.2441618945 0.09878729188 0.004313146311) (0.2487900194 0.09901539106 0.004323105336) (0.2534455718 0.099225493 0.004332278585) (0.2581280603 0.09941731372 0.004340653659) (0.2628369876 0.0995905767 0.004348218483) (0.267571851 0.09974501372 0.004354961349) (0.2723321421 0.0998803658 0.004360870949) (0.2771173471 0.09999638411 0.004365936418) (0.281926947 0.1000928308 0.004370147373) (0.2867604177 0.1001694801 0.004373493951) (0.29161723 0.1002261187 0.004375966848) (0.2964968499 0.1002625473 0.004377557355))
    polyLine 6 14 ((0.3062422068 0.1002730736 -0.004378016943) (0.3110796066 0.1002450808 -0.004376794749) (0.3159377237 0.1001944513 -0.004374584217) (0.3208160252 0.1001210357 -0.004371378821) (0.3257139763 0.1000247029 -0.004367172845) (0.3306310399 0.09990534135 -0.004361961405) (0.3355666766 0.09976285879 -0.004355740482) (0.3405203454 0.09959718356 -0.004348506945) (0.3454915028 0.09940826487 -0.004340258577) (0.3504796039 0.09919607337 -0.004330994096) (0.3554841015 0.09896060161 -0.004320713177) (0.360504447 0.09870186455 -0.004309416473) (0.3655400897 0.09841989987 -0.004297105629) (0.3705904774 0.09811476841 -0.004283783302) (0.3756550564 0.09778655446 -0.004269453171) (0.3807332712 0.09743536599 -0.004254119952) (0.3858245649 0.09706133494 -0.004237789403) (0.3909283793 0.09666461733 -0.004220468338) (0.3960441546 0.09624539342 -0.004202164627) (0.4011713298 0.09580386778 -0.004182887202) (0.4063093427 0.09534026931 -0.004162646055) (0.4114576298 0.0948548512 -0.004141452243) (0.4166156266 0.09434789087 -0.004119317877) (0.4217827675 0.09381968984 -0.004096256122) (0.4269584857 0.09327057351 -0.004072281185) (0.4321422138 0.09270089099 -0.004047408309) (0.4373333832 0.09211101474 -0.004021653756) (0.4425314248 0.09150134029 -0.003995034795) (0.4477357684 0.09087228584 -0.003967569684) (0.4529458433 0.09022429179 -0.003939277653) (0.4581610783 0.08955782027 -0.003910178878) (0.4633809014 0.08887335461 -0.003880294462) (0.4686047402 0.08817139876 -0.003849646407) (0.4738320219 0.08745247663 -0.003818257589) (0.4790621731 0.08671713143 -0.003786151724) (0.4842946205 0.08596592495 -0.003753353341) (0.4895287901 0.0851994368 -0.003719887746) (0.4947641079 0.08441826359 -0.003685780987) (0.5 0.08362301809 -0.003651059819) (0.5052358921 0.08281432836 -0.003615751663) (0.5104712099 0.08199283684 -0.003579884568) (0.5157053795 0.08115919935 -0.003543487169) (0.5209378269 0.08031408419 -0.003506588645) (0.5261679781 0.07945817107 -0.00346921867) (0.5313952598 0.07859215008 -0.003431407378) (0.5366190986 0.07771672068 -0.003393185305) (0.5418389217 0.07683259055 -0.00335458335) (0.5470541567 0.07594047454 -0.003315632723) (0.5522642316 0.07504109353 -0.0032763649) (0.5574685752 0.07413517332 -0.00323681157) (0.5626666168 0.07322344346 -0.003197004585) (0.5678577862 0.07230663614 -0.003156975912) (0.5730415143 0.07138548498 -0.003116757584) (0.5782172325 0.07046072395 -0.003076381646) (0.5833843734 0.06953308614 -0.003035880104) (0.5885423702 0.06860330263 -0.002995284879) (0.5936906573 0.06767210136 -0.002954627754) (0.5988286702 0.06674020598 -0.002913940323) (0.6039558454 0.06580833468 -0.002873253943) (0.6090716207 0.06487719914 -0.002832599688) (0.6141754351 0.06394750338 -0.002792008294) (0.6192667288 0.0630199427 -0.00275151012) (0.6243449436 0.06209520262 -0.002711135097) (0.6294095226 0.06117395783 -0.00267091268) (0.6344599103 0.06025687118 -0.002630871812) (0.639495553 0.05934459273 -0.002591040875) (0.6445158985 0.05843775875 -0.002551447649) (0.6495203961 0.05753699087 -0.002512119273) (0.6545084972 0.05664289511 -0.002473082209) (0.6594796546 0.05575606111 -0.002434362201) (0.6644333234 0.05487706129 -0.00239598424) (0.6693689601 0.05400645009 -0.002357972534) (0.6742860237 0.05314476326 -0.002320350475) (0.6791839748 0.05229251714 -0.002283140606) (0.6840622763 0.05145020809 -0.002246364598) (0.6889203934 0.05061831184 -0.002210043224) (0.6937577932 0.049797283 -0.00217419633) (0.6985739453 0.04898755453 -0.002138842822))
    polyLine 7 15 ((0.3062422068 0.1002730736 0.004378016943) (0.3110796066 0.1002450808 0.004376794749) (0.3159377237 0.1001944513 0.004374584217) (0.3208160252 0.1001210357 0.004371378821) (0.3257139763 0.1000247029 0.004367172845) (0.3306310399 0.09990534135 0.004361961405) (0.3355666766 0.09976285879 0.004355740482) (0.3405203454 0.09959718356 0.004348506945) (0.3454915028 0.09940826487 0.004340258577) (0.3504796039 0.09919607337 0.004330994096) (0.3554841015 0.09896060161 0.004320713177) (0.360504447 0.09870186455 0.004309416473) (0.3655400897 0.09841989987 0.004297105629) (0.3705904774 0.09811476841 0.004283783302) (0.3756550564 0.09778655446 0.004269453171) (0.3807332712 0.09743536599 0.004254119952) (0.3858245649 0.09706133494 0.004237789403) (0.3909283793 0.09666461733 0.004220468338) (0.3960441546 0.09624539342 0.004202164627) (0.4011713298 0.09580386778 0.004182887202) (0.4063093427 0.09534026931 0.004162646055) (0.4114576298 0.0948548512 0.004141452243) (0.4166156266 0.09434789087 0.004119317877) (0.4217827675 0.09381968984 0.004096256122) (0.4269584857 0.09327057351 0.004072281185) (0.4321422138 0.09270089099 0.004047408309) (0.4373333832 0.09211101474 0.004021653756) (0.4425314248 0.09150134029 0.003995034795) (0.4477357684 0.09087228584 0.003967569684) (0.4529458433 0.09022429179 0.003939277653) (0.4581610783 0.08955782027 0.003910178878) (0.4633809014 0.08887335461 0.003880294462) (0.4686047402 0.08817139876 0.003849646407) (0.4738320219 0.08745247663 0.003818257589) (0.4790621731 0.08671713143 0.003786151724) (0.4842946205 0.08596592495 0.003753353341) (0.4895287901 0.0851994368 0.003719887746) (0.4947641079 0.08441826359 0.003685780987) (0.5 0.08362301809 0.003651059819) (0.5052358921 0.08281432836 0.003615751663) (0.5104712099 0.08199283684 0.003579884568) (0.5157053795 0.08115919935 0.003543487169) (0.5209378269 0.08031408419 0.003506588645) (0.5261679781 0.07945817107 0.00346921867) (0.5313952598 0.07859215008 0.003431407378) (0.5366190986 0.07771672068 0.003393185305) (0.5418389217 0.07683259055 0.00335458335) (0.5470541567 0.07594047454 0.003315632723) (0.5522642316 0.07504109353 0.0032763649) (0.5574685752 0.07413517332 0.00323681157) (0.5626666168 0.07322344346 0.003197004585) (0.5678577862 0.07230663614 0.003156975912) (0.5730415143 0.07138548498 0.003116757584) (0.5782172325 0.07046072395 0.003076381646) (0.5833843734 0.06953308614 0.003035880104) (0.5885423702 0.06860330263 0.002995284879) (0.5936906573 0.06767210136 0.002954627754) (0.5988286702 0.06674020598 0.002913940323) (0.6039558454 0.06580833468 0.002873253943) (0.6090716207 0.06487719914 0.002832599688) (0.6141754351 0.06394750338 0.002792008294) (0.6192667288 0.0630199427 0.00275151012) (0.6243449436 0.06209520262 0.002711135097) (0.6294095226 0.06117395783 0.00267091268) (0.6344599103 0.06025687118 0.002630871812) (0.639495553 0.05934459273 0.002591040875) (0.6445158985 0.05843775875 0.002551447649) (0.6495203961 0.05753699087 0.002512119273) (0.6545084972 0.05664289511 0.002473082209) (0.6594796546 0.05575606111 0.002434362201) (0.6644333234 0.05487706129 0.00239598424) (0.6693689601 0.05400645009 0.002357972534) (0.6742860237 0.05314476326 0.002320350475) (0.6791839748 0.05229251714 0.002283140606) (0.6840622763 0.05145020809 0.002246364598) (0.6889203934 0.05061831184 0.002210043224) (0.6937577932 0.049797283 0.00217419633) (0.6985739453 0.04898755453 0.002138842822))
    polyLine 14 22 ((0.7033683215 0.04818953733 -0.002104000638) (0.7081403961 0.04740361984 -0.002069686739) (0.7128896458 0.04663016768 -0.002035917089) (0.7176155497 0.0458695234 -0.002002706642) (0.7223175896 0.0451220062 -0.001970069337) (0.7269952499 0.04438791179 -0.001938018083) (0.7316480176 0.04366751224 -0.001906564759) (0.7362753824 0.04296105586 -0.001875720207) (0.7408768371 0.04226876724 -0.001845494233) (0.7454518768 0.04159084723 -0.001815895607) (0.75 0.04092747302 -0.001786932063) (0.7545207079 0.04027879825 -0.001758610311) (0.7590135047 0.03964495321 -0.001730936039) (0.7634778977 0.03902604505 -0.001703913925) (0.7679133975 0.03842215802 -0.001677547648) (0.7723195175 0.03783335383 -0.001651839902) (0.7766957746 0.03725967197 -0.001626792411) (0.7810416889 0.03670113013 -0.001602405947) (0.7853567838 0.03615772464 -0.001578680351) (0.7896405862 0.03562943094 -0.00155561455) (0.7938926261 0.03511620412 -0.001533206583) (0.7981124375 0.03461797947 -0.001511453625) (0.8022995574 0.03413467309 -0.001490352013) (0.8064535268 0.03366618246 -0.00146989727) (0.8105738901 0.03321238718 -0.00145008414) (0.8146601955 0.03277314957 -0.001430906612) (0.8187119949 0.03234831546 -0.001412357954) (0.8227288439 0.03193771485 -0.001394430745) (0.826710302 0.03154116274 -0.001377116906) (0.8306559327 0.03115845984 -0.001360407736) (0.8345653032 0.03078939341 -0.001344293948) (0.8384379848 0.03043373805 -0.0013287657) (0.842273553 0.03009125652 -0.001313812633) (0.8460715869 0.02976170058 -0.00129942391) (0.8498316703 0.02944481181 -0.001285588248) (0.8535533906 0.02914032249 -0.001272293956))
    polyLine 15 23 ((0.7033683215 0.04818953733 0.002104000638) (0.7081403961 0.04740361984 0.002069686739) (0.7128896458 0.04663016768 0.002035917089) (0.7176155497 0.0458695234 0.002002706642) (0.7223175896 0.0451220062 0.001970069337) (0.7269952499 0.04438791179 0.001938018083) (0.7316480176 0.04366751224 0.001906564759) (0.7362753824 0.04296105586 0.001875720207) (0.7408768371 0.04226876724 0.001845494233) (0.7454518768 0.04159084723 0.001815895607) (0.75 0.04092747302 0.001786932063) (0.7545207079 0.04027879825 0.001758610311) (0.7590135047 0.03964495321 0.001730936039) (0.7634778977 0.03902604505 0.001703913925) (0.7679133975 0.03842215802 0.001677547648) (0.7723195175 0.03783335383 0.001651839902) (0.7766957746 0.03725967197 0.001626792411) (0.7810416889 0.03670113013 0.001602405947) (0.7853567838 0.03615772464 0.001578680351) (0.7896405862 0.03562943094 0.00155561455) (0.7938926261 0.03511620412 0.001533206583) (0.7981124375 0.03461797947 0.001511453625) (0.8022995574 0.03413467309 0.001490352013) (0.8064535268 0.03366618246 0.00146989727) (0.8105738901 0.03321238718 0.00145008414) (0.8146601955 0.03277314957 0.001430906612) (0.8187119949 0.03234831546 0.001412357954) (0.8227288439 0.03193771485 0.001394430745) (0.826710302 0.03154116274 0.001377116906) (0.8306559327 0.03115845984 0.001360407736) (0.8345653032 0.03078939341 0.001344293948) (0.8384379848 0.03043373805 0.0013287657) (0.842273553 0.03009125652 0.001313812633) (0.8460715869 0.02976170058 0.00129942391) (0.8498316703 0.02944481181 0.001285588248) (0.8535533906 0.02914032249 0.001272293956))
    polyLine 2 8 ((-0.0474441854 0.002560447601 -0.0001117915565) (-0.04715815703 0.006573334142 -0.0002869979667) (-0.04666241031 0.01030132919 -0.0004497657457) (-0.0459762307 0.01387388364 -0.0006057468416) (-0.04511287468 0.01732267131 -0.000756324163) (-0.04408620488 0.02065150334 -0.0009016641082) (-0.04291099454 0.0238571555 -0.001041625904) (-0.04160243896 0.02693556654 -0.001176032233) (-0.04017558752 0.02988390143 -0.001304759314) (-0.0386448502 0.03270117649 -0.0014277642) (-0.03702362221 0.03538830078 -0.00154508658) (-0.03532403371 0.03794786488 -0.001656839562) (-0.03355681394 0.04038382907 -0.001763196055) (-0.03173125038 0.04270118868 -0.001864374161) (-0.02985522068 0.04490565755 -0.00196062335) (-0.02793527581 0.0470033901 -0.002052212332) (-0.02597675526 0.04900075029 -0.002139418961) (-0.02398391914 0.05090412792 -0.002222522223) (-0.02196008535 0.05271979899 -0.002301796134) (-0.01990776379 0.05445382441 -0.002377505319) (-0.01782878228 0.05611198074 -0.002449901987) (-0.01572440103 0.05769971665 -0.002519224034) (-0.01359541437 0.05922212956 -0.002585694018) (-0.01144223941 0.06068395741 -0.0026495188) (-0.009264992072 0.06208958145 -0.002710889671) (-0.00706355158 0.063443037 -0.002769982816) (-0.004837614414 0.06474802922 -0.002826960007) (-0.002586739102 0.06600795231 -0.002881969437) (-0.0003103830162 0.06722591025 -0.002935146629) (0.001992067625 0.06840473839 -0.002986615378) (0.004321273523 0.06954702479 -0.003036488679) (0.006677922868 0.07065513096 -0.003084869639) (0.009062715924 0.0717312116 -0.003131852334) (0.0114763529 0.07277723317 -0.003177522622) (0.01391952454 0.07379499109 -0.003221958893) (0.01639290491 0.07478612561 -0.003265232761) (0.01889714595 0.07575213635 -0.0033074097) (0.02143287353 0.0766943955 -0.003348549624) (0.02400068455 0.07761415983 -0.003388707401) (0.0266011451 0.0785125815 -0.003427933339) (0.02923478918 0.0793907178 -0.003466273597) (0.03190211815 0.08024953995 -0.003503770582) (0.03460360046 0.08108994089 -0.00354046328) (0.03733967187 0.08191274238 -0.003576387568) (0.0401107358 0.08271870123 -0.003611576492) (0.04291716393 0.08350851494 -0.003646060503) (0.04575929695 0.08428282669 -0.003679867684) (0.04863744533 0.0850422298 -0.00371302394) (0.05155189023 0.08578727172 -0.003745553173) (0.05450288439 0.0865184575 -0.003777477434) (0.05749065307 0.08723625302 -0.003808817063) (0.06051539497 0.0879410877 -0.003839590809) (0.06357728313 0.08863335703 -0.003869815941) (0.06667646581 0.08931342476 -0.00389950834) (0.06981306741 0.08998162487 -0.003928682586) (0.07298718926 0.09063826329 -0.003957352039) (0.0761989104 0.09128361946 -0.003985528898) (0.07944828843 0.09191794772 -0.004013224268) (0.08273536017 0.09254147854 -0.004040448211) (0.08606014239 0.0931544196 -0.004067209796) (0.08942263249 0.0937569568 -0.004093517138) (0.0928228091 0.09434925514 -0.004119377442) (0.09626063274 0.09493145952 -0.004144797034) (0.09973604635 0.09550369544 -0.004169781394) (0.1032489759 0.09606606972 -0.004194335186) (0.1067993308 0.09661867108 -0.004218462282) (0.1103870045 0.0971615707 -0.004242165791) (0.1140118751 0.09769482276 -0.004265448079) (0.1176738054 0.09821846497 -0.004288310792) (0.1213726439 0.09873251902 -0.004310754876) (0.1251082247 0.09923699105 -0.004332780601) (0.1288803682 0.09973187214 -0.004354387576) (0.1326888816 0.1002171387 -0.004375574772) (0.136533559 0.1006927531 -0.004396340542) (0.140414182 0.1011586637 -0.00441668264) (0.1443305197 0.1016148059 -0.004436598237) (0.1482823297 0.1020611021 -0.00445608395) (0.152269358 0.1024974624 -0.004475135856) (0.1562913391 0.1029237853 -0.004493749514) (0.160347997 0.1033399577 -0.004511919993) (0.1644390449 0.1037458558 -0.004529641887) (0.1685641861 0.1041413456 -0.004546909346) (0.1727231136 0.1045262835 -0.004563716096) (0.176915511 0.1049005166 -0.004580055466) (0.1811410526 0.1052638837 -0.004595920415) (0.1853994035 0.1056162156 -0.004611303561) (0.1896902202 0.1059573362 -0.004626197205) (0.1940131508 0.1062870624 -0.004640593363) (0.1983678349 0.1066052057 -0.0046544838) (0.2027539043 0.1069115722 -0.004667860052) (0.2071709833 0.1072059639 -0.004680713468) (0.2116186884 0.1074881788 -0.004693035237) (0.2160966292 0.1077580123 -0.004704816422) (0.220604408 0.1080152576 -0.004716047997) (0.2251416208 0.1082597069 -0.004726720881) (0.2297078565 0.1084911515 -0.004736825972) (0.2343026982 0.1087093835 -0.004746354187) (0.2389257225 0.108914196 -0.004755296494) (0.2435765002 0.1091053843 -0.004763643955) (0.2482545963 0.1092827465 -0.004771387758) (0.2529595702 0.1094460848 -0.004778519259) (0.2576909757 0.1095952057 -0.004785030018) (0.2624483617 0.1097299215 -0.004790911838) (0.2672312714 0.1098500509 -0.004796156802) (0.2720392434 0.1099554199 -0.004800757312) (0.2768718112 0.1100458626 -0.004804706126) (0.2817285036 0.1101212223 -0.004807996398) (0.2866088443 0.1101813518 -0.004810621711) (0.2915123529 0.110226115 -0.004812576116) (0.2964385441 0.1102553873 -0.004813854169))
    polyLine 2 9 ((-0.0474441854 0.002560447601 0.0001117915565) (-0.04715815703 0.006573334142 0.0002869979667) (-0.04666241031 0.01030132919 0.0004497657457) (-0.0459762307 0.01387388364 0.0006057468416) (-0.04511287468 0.01732267131 0.000756324163) (-0.04408620488 0.02065150334 0.0009016641082) (-0.04291099454 0.0238571555 0.001041625904) (-0.04160243896 0.02693556654 0.001176032233) (-0.04017558752 0.02988390143 0.001304759314) (-0.0386448502 0.03270117649 0.0014277642) (-0.03702362221 0.03538830078 0.00154508658) (-0.03532403371 0.03794786488 0.001656839562) (-0.03355681394 0.04038382907 0.001763196055) (-0.03173125038 0.04270118868 0.001864374161) (-0.02985522068 0.04490565755 0.00196062335) (-0.02793527581 0.0470033901 0.002052212332) (-0.02597675526 0.04900075029 0.002139418961) (-0.02398391914 0.05090412792 0.002222522223) (-0.02196008535 0.05271979899 0.002301796134) (-0.01990776379 0.05445382441 0.002377505319) (-0.01782878228 0.05611198074 0.002449901987) (-0.01572440103 0.05769971665 0.002519224034) (-0.01359541437 0.05922212956 0.002585694018) (-0.01144223941 0.06068395741 0.0026495188) (-0.009264992072 0.06208958145 0.002710889671) (-0.00706355158 0.063443037 0.002769982816) (-0.004837614414 0.06474802922 0.002826960007) (-0.002586739102 0.06600795231 0.002881969437) (-0.0003103830162 0.06722591025 0.002935146629) (0.001992067625 0.06840473839 0.002986615378) (0.004321273523 0.06954702479 0.003036488679) (0.006677922868 0.07065513096 0.003084869639) (0.009062715924 0.0717312116 0.003131852334) (0.0114763529 0.07277723317 0.003177522622) (0.01391952454 0.07379499109 0.003221958893) (0.01639290491 0.07478612561 0.003265232761) (0.01889714595 0.07575213635 0.0033074097) (0.02143287353 0.0766943955 0.003348549624) (0.02400068455 0.07761415983 0.003388707401) (0.0266011451 0.0785125815 0.003427933339) (0.02923478918 0.0793907178 0.003466273597) (0.03190211815 0.08024953995 0.003503770582) (0.03460360046 0.08108994089 0.00354046328) (0.03733967187 0.08191274238 0.003576387568) (0.0401107358 0.08271870123 0.003611576492) (0.04291716393 0.08350851494 0.003646060503) (0.04575929695 0.08428282669 0.003679867684) (0.04863744533 0.0850422298 0.00371302394) (0.05155189023 0.08578727172 0.003745553173) (0.05450288439 0.0865184575 0.003777477434) (0.05749065307 0.08723625302 0.003808817063) (0.06051539497 0.0879410877 0.003839590809) (0.06357728313 0.08863335703 0.003869815941) (0.06667646581 0.08931342476 0.00389950834) (0.06981306741 0.08998162487 0.003928682586) (0.07298718926 0.09063826329 0.003957352039) (0.0761989104 0.09128361946 0.003985528898) (0.07944828843 0.09191794772 0.004013224268) (0.08273536017 0.09254147854 0.004040448211) (0.08606014239 0.0931544196 0.004067209796) (0.08942263249 0.0937569568 0.004093517138) (0.0928228091 0.09434925514 0.004119377442) (0.09626063274 0.09493145952 0.004144797034) (0.09973604635 0.09550369544 0.004169781394) (0.1032489759 0.09606606972 0.004194335186) (0.1067993308 0.09661867108 0.004218462282) (0.1103870045 0.0971615707 0.004242165791) (0.1140118751 0.09769482276 0.004265448079) (0.1176738054 0.09821846497 0.004288310792) (0.1213726439 0.09873251902 0.004310754876) (0.1251082247 0.09923699105 0.004332780601) (0.1288803682 0.09973187214 0.004354387576) (0.1326888816 0.1002171387 0.004375574772) (0.136533559 0.1006927531 0.004396340542) (0.140414182 0.1011586637 0.00441668264) (0.1443305197 0.1016148059 0.004436598237) (0.1482823297 0.1020611021 0.00445608395) (0.152269358 0.1024974624 0.004475135856) (0.1562913391 0.1029237853 0.004493749514) (0.160347997 0.1033399577 0.004511919993) (0.1644390449 0.1037458558 0.004529641887) (0.1685641861 0.1041413456 0.004546909346) (0.1727231136 0.1045262835 0.004563716096) (0.176915511 0.1049005166 0.004580055466) (0.1811410526 0.1052638837 0.004595920415) (0.1853994035 0.1056162156 0.004611303561) (0.1896902202 0.1059573362 0.004626197205) (0.1940131508 0.1062870624 0.004640593363) (0.1983678349 0.1066052057 0.0046544838) (0.2027539043 0.1069115722 0.004667860052) (0.2071709833 0.1072059639 0.004680713468) (0.2116186884 0.1074881788 0.004693035237) (0.2160966292 0.1077580123 0.004704816422) (0.220604408 0.1080152576 0.004716047997) (0.2251416208 0.1082597069 0.004726720881) (0.2297078565 0.1084911515 0.004736825972) (0.2343026982 0.1087093835 0.004746354187) (0.2389257225 0.108914196 0.004755296494) (0.2435765002 0.1091053843 0.004763643955) (0.2482545963 0.1092827465 0.004771387758) (0.2529595702 0.1094460848 0.004778519259) (0.2576909757 0.1095952057 0.004785030018) (0.2624483617 0.1097299215 0.004790911838) (0.2672312714 0.1098500509 0.004796156802) (0.2720392434 0.1099554199 0.004800757312) (0.2768718112 0.1100458626 0.004804706126) (0.2817285036 0.1101212223 0.004807996398) (0.2866088443 0.1101813518 0.004810621711) (0.2915123529 0.110226115 0.004812576116) (0.2964385441 0.1102553873 0.004813854169))
    polyLine 8 16 ((0.3062422068 0.1100356207 -0.004804258951) (0.3110796066 0.1097814764 -0.004793162773) (0.3159377237 0.1095065404 -0.004781158807) (0.3208160252 0.1092107234 -0.004768243158) (0.3257139763 0.1088939536 -0.004754412693) (0.3306310399 0.1085561776 -0.004739665071) (0.3355666766 0.1081973602 -0.004723998767) (0.3405203454 0.107817486 -0.004707413099) (0.3454915028 0.1074165591 -0.004689908253) (0.3504796039 0.1069946041 -0.004671485301) (0.3554841015 0.1065516664 -0.004652146224) (0.360504447 0.1060878126 -0.00463189393) (0.3655400897 0.1056031309 -0.004610732269) (0.3705904774 0.1050977315 -0.004588666053) (0.3756550564 0.1045717467 -0.004565701063) (0.3807332712 0.1040253316 -0.004541844064) (0.3858245649 0.1034586637 -0.004517102811) (0.3909283793 0.1028719437 -0.004491486059) (0.3960441546 0.1022653949 -0.004465003566) (0.4011713298 0.1016392638 -0.004437666095) (0.4063093427 0.1009938202 -0.004409485416) (0.4114576298 0.1003293564 -0.004380474302) (0.4166156266 0.09964618809 -0.004350646529) (0.4217827675 0.09894465345 -0.004320016865) (0.4269584857 0.09822511332 -0.004288601065) (0.4321422138 0.09748795087 -0.004256415857) (0.4373333832 0.09673357129 -0.004223478933) (0.4425314248 0.09596240146 -0.004189808932) (0.4477357684 0.09517488955 -0.004155425419) (0.4529458433 0.09437150457 -0.004120348873) (0.4581610783 0.09355273585 -0.004084600659) (0.4633809014 0.09271909255 -0.004048203006) (0.4686047402 0.091871103 -0.004011178983) (0.4738320219 0.09100931413 -0.003973552468) (0.4790621731 0.09013429071 -0.003935348121) (0.4842946205 0.0892466147 -0.003896591349) (0.4895287901 0.08834688444 -0.003857308278) (0.4947641079 0.08743571384 -0.00381752571) (0.5 0.08651373154 -0.003777271094) (0.5052358921 0.08558158005 -0.003736572481) (0.5104712099 0.08463991479 -0.003695458487) (0.5157053795 0.08368940317 -0.003653958254) (0.5209378269 0.08273072359 -0.003612101399) (0.5261679781 0.08176456445 -0.003569917981) (0.5313952598 0.08079162311 -0.003527438444) (0.5366190986 0.07981260481 -0.003484693582) (0.5418389217 0.07882822163 -0.003441714484) (0.5470541567 0.07783919136 -0.00339853249) (0.5522642316 0.0768462364 -0.00335517914) (0.5574685752 0.07585008264 -0.003311686128) (0.5626666168 0.07485145831 -0.003268085248) (0.5678577862 0.07385109284 -0.003224408348) (0.5730415143 0.07284971572 -0.003180687279) (0.5782172325 0.07184805536 -0.003136953843) (0.5833843734 0.07084683789 -0.003093239744) (0.5885423702 0.06984678606 -0.003049576539) (0.5936906573 0.06884861809 -0.003005995584) (0.5988286702 0.06785304653 -0.002962527991) (0.6039558454 0.06686077713 -0.002919204573) (0.6090716207 0.06587250775 -0.0028760558) (0.6141754351 0.06488892727 -0.002833111749) (0.6192667288 0.0639107145 -0.002790402057) (0.6243449436 0.06293853717 -0.002747955878) (0.6294095226 0.06197305085 -0.002705801835) (0.6344599103 0.061014898 -0.002663967978) (0.639495553 0.06006470699 -0.002622481743) (0.6445158985 0.05912309116 -0.002581369908) (0.6495203961 0.0581906479 -0.002540658556) (0.6545084972 0.05726795781 -0.002500373036) (0.6594796546 0.05635558387 -0.00246053793) (0.6644333234 0.05545407062 -0.002421177011) (0.6693689601 0.05456394345 -0.00238231322) (0.6742860237 0.05368570785 -0.002343968625) (0.6791839748 0.05281984881 -0.002306164403) (0.6840622763 0.05196683012 -0.002268920803) (0.6889203934 0.0511270939 -0.002232257128) (0.6937577932 0.05030106 -0.002196191709) (0.6985739453 0.04948912555 -0.002160741885))
    polyLine 9 17 ((0.3062422068 0.1100356207 0.004804258951) (0.3110796066 0.1097814764 0.004793162773) (0.3159377237 0.1095065404 0.004781158807) (0.3208160252 0.1092107234 0.004768243158) (0.3257139763 0.1088939536 0.004754412693) (0.3306310399 0.1085561776 0.004739665071) (0.3355666766 0.1081973602 0.004723998767) (0.3405203454 0.107817486 0.004707413099) (0.3454915028 0.1074165591 0.004689908253) (0.3504796039 0.1069946041 0.004671485301) (0.3554841015 0.1065516664 0.004652146224) (0.360504447 0.1060878126 0.00463189393) (0.3655400897 0.1056031309 0.004610732269) (0.3705904774 0.1050977315 0.004588666053) (0.3756550564 0.1045717467 0.004565701063) (0.3807332712 0.1040253316 0.004541844064) (0.3858245649 0.1034586637 0.004517102811) (0.3909283793 0.1028719437 0.004491486059) (0.3960441546 0.1022653949 0.004465003566) (0.4011713298 0.1016392638 0.004437666095) (0.4063093427 0.1009938202 0.004409485416) (0.4114576298 0.1003293564 0.004380474302) (0.4166156266 0.09964618809 0.004350646529) (0.4217827675 0.09894465345 0.004320016865) (0.4269584857 0.09822511332 0.004288601065) (0.4321422138 0.09748795087 0.004256415857) (0.4373333832 0.09673357129 0.004223478933) (0.4425314248 0.09596240146 0.004189808932) (0.4477357684 0.09517488955 0.004155425419) (0.4529458433 0.09437150457 0.004120348873) (0.4581610783 0.09355273585 0.004084600659) (0.4633809014 0.09271909255 0.004048203006) (0.4686047402 0.091871103 0.004011178983) (0.4738320219 0.09100931413 0.003973552468) (0.4790621731 0.09013429071 0.003935348121) (0.4842946205 0.0892466147 0.003896591349) (0.4895287901 0.08834688444 0.003857308278) (0.4947641079 0.08743571384 0.00381752571) (0.5 0.08651373154 0.003777271094) (0.5052358921 0.08558158005 0.003736572481) (0.5104712099 0.08463991479 0.003695458487) (0.5157053795 0.08368940317 0.003653958254) (0.5209378269 0.08273072359 0.003612101399) (0.5261679781 0.08176456445 0.003569917981) (0.5313952598 0.08079162311 0.003527438444) (0.5366190986 0.07981260481 0.003484693582) (0.5418389217 0.07882822163 0.003441714484) (0.5470541567 0.07783919136 0.00339853249) (0.5522642316 0.0768462364 0.00335517914) (0.5574685752 0.07585008264 0.003311686128) (0.5626666168 0.07485145831 0.003268085248) (0.5678577862 0.07385109284 0.003224408348) (0.5730415143 0.07284971572 0.003180687279) (0.5782172325 0.07184805536 0.003136953843) (0.5833843734 0.07084683789 0.003093239744) (0.5885423702 0.06984678606 0.003049576539) (0.5936906573 0.06884861809 0.003005995584) (0.5988286702 0.06785304653 0.002962527991) (0.6039558454 0.06686077713 0.002919204573) (0.6090716207 0.06587250775 0.0028760558) (0.6141754351 0.06488892727 0.002833111749) (0.6192667288 0.0639107145 0.002790402057) (0.6243449436 0.06293853717 0.002747955878) (0.6294095226 0.06197305085 0.002705801835) (0.6344599103 0.061014898 0.002663967978) (0.639495553 0.06006470699 0.002622481743) (0.6445158985 0.05912309116 0.002581369908) (0.6495203961 0.0581906479 0.002540658556) (0.6545084972 0.05726795781 0.002500373036) (0.6594796546 0.05635558387 0.00246053793) (0.6644333234 0.05545407062 0.002421177011) (0.6693689601 0.05456394345 0.00238231322) (0.6742860237 0.05368570785 0.002343968625) (0.6791839748 0.05281984881 0.002306164403) (0.6840622763 0.05196683012 0.002268920803) (0.6889203934 0.0511270939 0.002232257128) (0.6937577932 0.05030106 0.002196191709) (0.6985739453 0.04948912555 0.002160741885))
    polyLine 16 24 ((0.7033683215 0.04869098688 -0.002125894398) (0.7081403961 0.04790506939 -0.002091580499) (0.7128896458 0.04713161723 -0.002057810849) (0.7176155497 0.04637097294 -0.002024600402) (0.7223175896 0.04562345575 -0.001991963097) (0.7269952499 0.04488936134 -0.001959911843) (0.7316480176 0.04416896178 -0.001928458519) (0.7362753824 0.04346250541 -0.001897613967) (0.7408768371 0.04277021679 -0.001867387993) (0.7454518768 0.04209229678 -0.001837789367) (0.75 0.04142892256 -0.001808825823) (0.7545207079 0.04078024779 -0.001780504071) (0.7590135047 0.04014640276 -0.001752829799) (0.7634778977 0.03952749459 -0.001725807685) (0.7679133975 0.03892360757 -0.001699441408) (0.7723195175 0.03833480338 -0.001673733662) (0.7766957746 0.03776112152 -0.001648686171) (0.7810416889 0.03720257968 -0.001624299707) (0.7853567838 0.03665917419 -0.001600574111) (0.7896405862 0.03613088049 -0.00157750831) (0.7938926261 0.03561765367 -0.001555100343) (0.7981124375 0.03511942902 -0.001533347385) (0.8022995574 0.03463612263 -0.001512245773) (0.8064535268 0.03416763201 -0.00149179103) (0.8105738901 0.03371383672 -0.0014719779) (0.8146601955 0.03327459912 -0.001452800372) (0.8187119949 0.032849765 -0.001434251714) (0.8227288439 0.0324391644 -0.001416324505) (0.826710302 0.03204261229 -0.001399010666) (0.8306559327 0.03165990939 -0.001382301496) (0.8345653032 0.03129084296 -0.001366187708) (0.8384379848 0.0309351876 -0.00135065946) (0.842273553 0.03059270607 -0.001335706393) (0.8460715869 0.03026315013 -0.00132131767) (0.8498316703 0.02994626136 -0.001307482008) (0.8535533906 0.02964177203 -0.001294187717))
    polyLine 17 25 ((0.7033683215 0.04869098688 0.002125894398) (0.7081403961 0.04790506939 0.002091580499) (0.7128896458 0.04713161723 0.002057810849) (0.7176155497 0.04637097294 0.002024600402) (0.7223175896 0.04562345575 0.001991963097) (0.7269952499 0.04488936134 0.001959911843) (0.7316480176 0.04416896178 0.001928458519) (0.7362753824 0.04346250541 0.001897613967) (0.7408768371 0.04277021679 0.001867387993) (0.7454518768 0.04209229678 0.001837789367) (0.75 0.04142892256 0.001808825823) (0.7545207079 0.04078024779 0.001780504071) (0.7590135047 0.04014640276 0.001752829799) (0.7634778977 0.03952749459 0.001725807685) (0.7679133975 0.03892360757 0.001699441408) (0.7723195175 0.03833480338 0.001673733662) (0.7766957746 0.03776112152 0.001648686171) (0.7810416889 0.03720257968 0.001624299707) (0.7853567838 0.03665917419 0.001600574111) (0.7896405862 0.03613088049 0.00157750831) (0.7938926261 0.03561765367 0.001555100343) (0.7981124375 0.03511942902 0.001533347385) (0.8022995574 0.03463612263 0.001512245773) (0.8064535268 0.03416763201 0.00149179103) (0.8105738901 0.03371383672 0.0014719779) (0.8146601955 0.03327459912 0.001452800372) (0.8187119949 0.032849765 0.001434251714) (0.8227288439 0.0324391644 0.001416324505) (0.826710302 0.03204261229 0.001399010666) (0.8306559327 0.03165990939 0.001382301496) (0.8345653032 0.03129084296 0.001366187708) (0.8384379848 0.0309351876 0.00135065946) (0.842273553 0.03059270607 0.001335706393) (0.8460715869 0.03026315013 0.00132131767) (0.8498316703 0.02994626136 0.001307482008) (0.8535533906 0.02964177203 0.001294187717))
    polyLine 22 30 ((0.8551402672 0.02899891967 -0.001266120176) (0.8551898463 0.02895381771 -0.001264150982) (0.8552724397 0.02889003544 -0.001261366188) (0.8553879899 0.02881508133 -0.001258093621) (0.8555364163 0.0287333875 -0.001254526791) (0.8557176156 0.02864742813 -0.001250773724) (0.8559314613 0.02855862383 -0.001246896445) (0.8561778046 0.02846783761 -0.001242932633) (0.8564564736 0.02837562868 -0.001238906704) (0.8567672743 0.02828238405 -0.001234835555) (0.8571099899 0.02818838922 -0.001230731652) (0.8574843817 0.02809386775 -0.001226604756) (0.8578901888 0.02799900421 -0.001222462924) (0.8583271282 0.02790395801 -0.001218313117) (0.8587948956 0.02780887182 -0.001214161565) (0.8592931649 0.02771387697 -0.001210014) (0.8598215888 0.02761909678 -0.001205875807) (0.8603797992 0.0275246487 -0.001201752116) (0.8609674069 0.02743064569 -0.001197647855) (0.8615840025 0.02733719693 -0.001193567794) (0.8622291562 0.02724440834 -0.001189516557) (0.8629024184 0.02715238276 -0.001185498633) (0.86360332 0.02706121993 -0.001181518379) (0.8643313724 0.02697101648 -0.001177580011) (0.8650860682 0.0268818657 -0.001173687604) (0.8658668816 0.02679385739 -0.001169845078) (0.8666732683 0.02670707758 -0.00116605619) (0.8675046663 0.02662160835 -0.001162324522) (0.8683604963 0.0265375275 -0.001158653473) (0.8692401617 0.02645490841 -0.001155046246) (0.8701430496 0.02637381973 -0.001151505838) (0.8710685307 0.02629432527 -0.001148035035) (0.87201596 0.02621648377 -0.001144636401) (0.8729846773 0.02614034879 -0.001141312276) (0.8739740074 0.02606596857 -0.001138064766) (0.8749832608 0.02599338599 -0.001134895742) (0.8760117342 0.02592263852 -0.001131806841) (0.8770587108 0.02585375818 -0.00112879946) (0.878123461 0.0257867716 -0.001125874763) (0.8792052427 0.02572170006 -0.001123033678) (0.8803033021 0.02565855959 -0.001120276905) (0.8814168738 0.02559736108 -0.001117604921) (0.8825451817 0.02553811045 -0.001115017982) (0.8836874397 0.0254808088 -0.001112516138) (0.8848428515 0.02542545262 -0.001110099235) (0.886010612 0.02537203405 -0.00110776693) (0.8871899073 0.02532054106 -0.001105518698) (0.8883799156 0.02527095776 -0.001103353844) (0.8895798076 0.02522326466 -0.001101271518) (0.8907887469 0.02517743895 -0.001099270724) (0.8920058912 0.02513345477 -0.001097350334) (0.893230392 0.02509128358 -0.0010955091) (0.8944613961 0.02505089436 -0.001093745668) (0.8956980456 0.02501225399 -0.001092058593) (0.8969394786 0.02497532751 -0.001090446348) (0.8981848299 0.02494007839 -0.001088907339) (0.8994332317 0.02490646884 -0.001087439914) (0.9006838138 0.02487446006 -0.001086042381) (0.9019357048 0.02484401251 -0.001084713012) (0.9031880322 0.0248150861 -0.001083450057) (0.9044399232 0.02478764046 -0.001082251755) (0.9056905053 0.02476163514 -0.001081116338) (0.9069389071 0.02473702973 -0.001080042043) (0.9081842584 0.0247137841 -0.001079027117) (0.9094256914 0.02469185849 -0.001078069824) (0.9106623408 0.02467121364 -0.00107716845) (0.911893345 0.02465181087 -0.001076321307) (0.9131178458 0.02463361219 -0.001075526735) (0.9143349901 0.0246165803 -0.001074783107) (0.9155439294 0.02460067867 -0.001074088827) (0.9167438213 0.02458587153 -0.001073442333) (0.9179338297 0.02457212385 -0.001072842097) (0.919113125 0.02455940137 -0.001072286621) (0.9202808855 0.02454767048 -0.001071774439) (0.9214362973 0.02453689823 -0.001071304113) (0.9225785553 0.02452705225 -0.001070874228) (0.9237068632 0.02451810068 -0.001070483394) (0.9248204349 0.02451001206 -0.001070130237) (0.9259184942 0.02450275528 -0.0010698134) (0.927000276 0.02449629947 -0.001069531533) (0.9280650262 0.02449061391 -0.001069283296) (0.9291120028 0.02448566793 -0.001069067349) (0.9301404762 0.02448143083 -0.001068882354) (0.9311497296 0.0244778718 -0.001068726963) (0.9321390597 0.02447495982 -0.001068599824) (0.933107777 0.02447266364 -0.00106849957) (0.9340552063 0.02447095164 -0.001068424822) (0.9349806874 0.02446979185 -0.001068374185) (0.9358835753 0.02446915187 -0.001068346243) (0.9367632407 0.0244689989 -0.001068339564) (0.9376190707 0.02446929965 -0.001068352695) (0.9384504687 0.02447002044 -0.001068384165) (0.9392568554 0.02447112714 -0.001068432485) (0.9400376687 0.02447258526 -0.001068496148) (0.9407923646 0.02447435997 -0.001068573633) (0.941520417 0.02447641621 -0.001068663411) (0.9422213186 0.02447871874 -0.001068763941) (0.9428945808 0.02448123223 -0.001068873683) (0.9435397345 0.0244839214 -0.001068991094) (0.9441563301 0.02448675113 -0.001069114643) (0.9447439378 0.0244896866 -0.001069242809) (0.9453021481 0.02449269342 -0.001069374089) (0.9458305721 0.0244957378 -0.00106950701) (0.9463288414 0.02449878669 -0.001069640127) (0.9467966087 0.02450180795 -0.001069772038) (0.9472335482 0.02450477053 -0.001069901387) (0.9476393552 0.02450764462 -0.001070026873) (0.948013747 0.02451040183 -0.001070147255) (0.9483564627 0.02451301531 -0.001070261362) (0.9486672634 0.02451545998 -0.001070368099) (0.9489459324 0.02451771262 -0.001070466451) (0.9491922757 0.02451975205 -0.001070555494) (0.9494061214 0.02452155922 -0.001070634397) (0.9495873207 0.02452311739 -0.001070702428) (0.9497357471 0.02452441219 -0.001070758961) (0.9498512973 0.02452543174 -0.001070803475) (0.9499338907 0.02452616671 -0.001070835564) (0.9499834698 0.02452661038 -0.001070854936))
    polyLine 23 31 ((0.8551402672 0.02899891967 0.001266120176) (0.8551898463 0.02895381771 0.001264150982) (0.8552724397 0.02889003544 0.001261366188) (0.8553879899 0.02881508133 0.001258093621) (0.8555364163 0.0287333875 0.001254526791) (0.8557176156 0.02864742813 0.001250773724) (0.8559314613 0.02855862383 0.001246896445) (0.8561778046 0.02846783761 0.001242932633) (0.8564564736 0.02837562868 0.001238906704) (0.8567672743 0.02828238405 0.001234835555) (0.8571099899 0.02818838922 0.001230731652) (0.8574843817 0.02809386775 0.001226604756) (0.8578901888 0.02799900421 0.001222462924) (0.8583271282 0.02790395801 0.001218313117) (0.8587948956 0.02780887182 0.001214161565) (0.8592931649 0.02771387697 0.001210014) (0.8598215888 0.02761909678 0.001205875807) (0.8603797992 0.0275246487 0.001201752116) (0.8609674069 0.02743064569 0.001197647855) (0.8615840025 0.02733719693 0.001193567794) (0.8622291562 0.02724440834 0.001189516557) (0.8629024184 0.02715238276 0.001185498633) (0.86360332 0.02706121993 0.001181518379) (0.8643313724 0.02697101648 0.001177580011) (0.8650860682 0.0268818657 0.001173687604) (0.8658668816 0.02679385739 0.001169845078) (0.8666732683 0.02670707758 0.00116605619) (0.8675046663 0.02662160835 0.001162324522) (0.8683604963 0.0265375275 0.001158653473) (0.8692401617 0.02645490841 0.001155046246) (0.8701430496 0.02637381973 0.001151505838) (0.8710685307 0.02629432527 0.001148035035) (0.87201596 0.02621648377 0.001144636401) (0.8729846773 0.02614034879 0.001141312276) (0.8739740074 0.02606596857 0.001138064766) (0.8749832608 0.02599338599 0.001134895742) (0.8760117342 0.02592263852 0.001131806841) (0.8770587108 0.02585375818 0.00112879946) (0.878123461 0.0257867716 0.001125874763) (0.8792052427 0.02572170006 0.001123033678) (0.8803033021 0.02565855959 0.001120276905) (0.8814168738 0.02559736108 0.001117604921) (0.8825451817 0.02553811045 0.001115017982) (0.8836874397 0.0254808088 0.001112516138) (0.8848428515 0.02542545262 0.001110099235) (0.886010612 0.02537203405 0.00110776693) (0.8871899073 0.02532054106 0.001105518698) (0.8883799156 0.02527095776 0.001103353844) (0.8895798076 0.02522326466 0.001101271518) (0.8907887469 0.02517743895 0.001099270724) (0.8920058912 0.02513345477 0.001097350334) (0.893230392 0.02509128358 0.0010955091) (0.8944613961 0.02505089436 0.001093745668) (0.8956980456 0.02501225399 0.001092058593) (0.8969394786 0.02497532751 0.001090446348) (0.8981848299 0.02494007839 0.001088907339) (0.8994332317 0.02490646884 0.001087439914) (0.9006838138 0.02487446006 0.001086042381) (0.9019357048 0.02484401251 0.001084713012) (0.9031880322 0.0248150861 0.001083450057) (0.9044399232 0.02478764046 0.001082251755) (0.9056905053 0.02476163514 0.001081116338) (0.9069389071 0.02473702973 0.001080042043) (0.9081842584 0.0247137841 0.001079027117) (0.9094256914 0.02469185849 0.001078069824) (0.9106623408 0.02467121364 0.00107716845) (0.911893345 0.02465181087 0.001076321307) (0.9131178458 0.02463361219 0.001075526735) (0.9143349901 0.0246165803 0.001074783107) (0.9155439294 0.02460067867 0.001074088827) (0.9167438213 0.02458587153 0.001073442333) (0.9179338297 0.02457212385 0.001072842097) (0.919113125 0.02455940137 0.001072286621) (0.9202808855 0.02454767048 0.001071774439) (0.9214362973 0.02453689823 0.001071304113) (0.9225785553 0.02452705225 0.001070874228) (0.9237068632 0.02451810068 0.001070483394) (0.9248204349 0.02451001206 0.001070130237) (0.9259184942 0.02450275528 0.0010698134) (0.927000276 0.02449629947 0.001069531533) (0.9280650262 0.02449061391 0.001069283296) (0.9291120028 0.02448566793 0.001069067349) (0.9301404762 0.02448143083 0.001068882354) (0.9311497296 0.0244778718 0.001068726963) (0.9321390597 0.02447495982 0.001068599824) (0.933107777 0.02447266364 0.00106849957) (0.9340552063 0.02447095164 0.001068424822) (0.9349806874 0.02446979185 0.001068374185) (0.9358835753 0.02446915187 0.001068346243) (0.9367632407 0.0244689989 0.001068339564) (0.9376190707 0.02446929965 0.001068352695) (0.9384504687 0.02447002044 0.001068384165) (0.9392568554 0.02447112714 0.001068432485) (0.9400376687 0.02447258526 0.001068496148) (0.9407923646 0.02447435997 0.001068573633) (0.941520417 0.02447641621 0.001068663411) (0.9422213186 0.02447871874 0.001068763941) (0.9428945808 0.02448123223 0.001068873683) (0.9435397345 0.0244839214 0.001068991094) (0.9441563301 0.02448675113 0.001069114643) (0.9447439378 0.0244896866 0.001069242809) (0.9453021481 0.02449269342 0.001069374089) (0.9458305721 0.0244957378 0.00106950701) (0.9463288414 0.02449878669 0.001069640127) (0.9467966087 0.02450180795 0.001069772038) (0.9472335482 0.02450477053 0.001069901387) (0.9476393552 0.02450764462 0.001070026873) (0.948013747 0.02451040183 0.001070147255) (0.9483564627 0.02451301531 0.001070261362) (0.9486672634 0.02451545998 0.001070368099) (0.9489459324 0.02451771262 0.001070466451) (0.9491922757 0.02451975205 0.001070555494) (0.9494061214 0.02452155922 0.001070634397) (0.9495873207 0.02452311739 0.001070702428) (0.9497357471 0.02452441219 0.001070758961) (0.9498512973 0.02452543174 0.001070803475) (0.9499338907 0.02452616671 0.001070835564) (0.9499834698 0.02452661038 0.001070854936))
    polyLine 24 32 ((0.8551402672 0.02953232531 -0.001289409169) (0.8551898463 0.02957283906 -0.001291178038) (0.8552724397 0.02962897785 -0.00129362911) (0.8553879899 0.02969323855 -0.001296434793) (0.8555364163 0.02976119649 -0.001299401901) (0.8557176156 0.02983038706 -0.001302422827) (0.8559314613 0.02989940134 -0.001305436055) (0.8561778046 0.02996739012 -0.001308404509) (0.8564564736 0.03003381006 -0.001311304466) (0.8567672743 0.03009829214 -0.001314119815) (0.8571099899 0.03016057089 -0.001316838964) (0.8574843817 0.03022044487 -0.001319453118) (0.8578901888 0.03027775363 -0.001321955273) (0.8583271282 0.03033236397 -0.001324339612) (0.8587948956 0.03038416137 -0.001326601135) (0.8592931649 0.03043304468 -0.001328735426) (0.8598215888 0.03047892272 -0.001330738505) (0.8603797992 0.0305217121 -0.001332606729) (0.8609674069 0.03056133589 -0.001334336741) (0.8615840025 0.03059772279 -0.001335925428) (0.8622291562 0.03063080665 -0.0013373699) (0.8629024184 0.03066052624 -0.001338667486) (0.86360332 0.03068682525 -0.001339815725) (0.8643313724 0.03070965225 -0.001340812373) (0.8650860682 0.03072896089 -0.001341655407) (0.8658668816 0.03074471008 -0.001342343031) (0.8666732683 0.0307568641 -0.001342873688) (0.8675046663 0.03076539293 -0.001343246064) (0.8683604963 0.03077027234 -0.001343459104) (0.8692401617 0.03077148419 -0.001343512015) (0.8701430496 0.03076901654 -0.001343404275) (0.8710685307 0.03076286382 -0.001343135641) (0.87201596 0.03075302697 -0.001342706155) (0.8729846773 0.03073951356 -0.001342116146) (0.8739740074 0.03072233779 -0.001341366236) (0.8749832608 0.03070152061 -0.001340457339) (0.8760117342 0.03067708964 -0.001339390659) (0.8770587108 0.03064907919 -0.001338167697) (0.878123461 0.03061753015 -0.001336790236) (0.8792052427 0.03058248992 -0.001335260346) (0.8803033021 0.03054401223 -0.001333580374) (0.8814168738 0.03050215701 -0.001331752936) (0.8825451817 0.03045699017 -0.001329780909) (0.8836874397 0.03040858338 -0.001327667423) (0.8848428515 0.0303570138 -0.001325415846) (0.886010612 0.03030236383 -0.001323029777) (0.8871899073 0.0302447208 -0.001320513028) (0.8883799156 0.03018417666 -0.001317869614) (0.8895798076 0.03012082767 -0.001315103737) (0.8907887469 0.03005477401 -0.001312219772) (0.8920058912 0.0299861195 -0.001309222251) (0.893230392 0.0299149712 -0.00130611585) (0.8944613961 0.0298414391 -0.001302905369) (0.8956980456 0.0297656357 -0.001299595721) (0.8969394786 0.02968767574 -0.001296191916) (0.8981848299 0.0296076758 -0.001292699043) (0.8994332317 0.02952575398 -0.001289122259) (0.9006838138 0.02944202962 -0.001285466774) (0.9019357048 0.02935662291 -0.001281737837) (0.9031880322 0.02926965467 -0.001277940721) (0.9044399232 0.02918124603 -0.001274080717) (0.9056905053 0.02909151822 -0.001270163116) (0.9069389071 0.02900059227 -0.001266193203) (0.9081842584 0.02890858883 -0.001262176246) (0.9094256914 0.02881562799 -0.001258117489) (0.9106623408 0.02872182908 -0.00125402214) (0.911893345 0.02862731052 -0.00124989537) (0.9131178458 0.02853218972 -0.001245742306) (0.9143349901 0.02843658293 -0.001241568024) (0.9155439294 0.02834060518 -0.001237377545) (0.9167438213 0.02824437023 -0.001233175836) (0.9179338297 0.02814799046 -0.001228967805) (0.919113125 0.02805157693 -0.001224758299) (0.9202808855 0.02795523928 -0.001220552106) (0.9214362973 0.02785908577 -0.001216353953) (0.9225785553 0.0277632233 -0.001212168507) (0.9237068632 0.0276677574 -0.001208000376) (0.9248204349 0.02757279229 -0.00120385411) (0.9259184942 0.02747843091 -0.001199734203) (0.927000276 0.02738477495 -0.001195645096) (0.9280650262 0.0272919249 -0.001191591175) (0.9291120028 0.02719998009 -0.001187576778) (0.9301404762 0.02710903875 -0.001183606193) (0.9311497296 0.02701919802 -0.001179683662) (0.9321390597 0.02693055401 -0.001175813381) (0.933107777 0.02684320179 -0.001171999501) (0.9340552063 0.02675723545 -0.001168246129) (0.9349806874 0.02667274806 -0.00116455733) (0.9358835753 0.0265898317 -0.001160937124) (0.9367632407 0.02650857743 -0.001157389486) (0.9376190707 0.02642907525 -0.001153918346) (0.9384504687 0.02635141405 -0.001150527584) (0.9392568554 0.02627568158 -0.001147221033) (0.9400376687 0.02620196433 -0.001144002469) (0.9407923646 0.02613034748 -0.001140875609) (0.941520417 0.02606091478 -0.001137844112) (0.9422213186 0.02599374843 -0.001134911566) (0.9428945808 0.02592892896 -0.001132081487) (0.9435397345 0.02586653506 -0.001129357311) (0.9441563301 0.02580664347 -0.001126742387) (0.9447439378 0.02574932877 -0.001124239974) (0.9453021481 0.02569466326 -0.001121853226) (0.9458305721 0.02564271673 -0.001119585191) (0.9463288414 0.0255935563 -0.001117438801) (0.9467966087 0.02554724625 -0.00111541686) (0.9472335482 0.0255038478 -0.001113522043) (0.9476393552 0.02546341894 -0.00111175688) (0.948013747 0.02542601424 -0.001110123756) (0.9483564627 0.02539168468 -0.001108624895) (0.9486672634 0.02536047745 -0.001107262358) (0.9489459324 0.02533243583 -0.001106038034) (0.9491922757 0.02530759896 -0.001104953633) (0.9494061214 0.02528600177 -0.001104010679) (0.9495873207 0.0252676748 -0.001103210507) (0.9497357471 0.02525264411 -0.001102554253) (0.9498512973 0.02524093115 -0.001102042854) (0.9499338907 0.02523255271 -0.001101677043) (0.9499834698 0.02522752082 -0.001101457346))
    polyLine 25 33 ((0.8551402672 0.02953232531 0.001289409169) (0.8551898463 0.02957283906 0.001291178038) (0.8552724397 0.02962897785 0.00129362911) (0.8553879899 0.02969323855 0.001296434793) (0.8555364163 0.02976119649 0.001299401901) (0.8557176156 0.02983038706 0.001302422827) (0.8559314613 0.02989940134 0.001305436055) (0.8561778046 0.02996739012 0.001308404509) (0.8564564736 0.03003381006 0.001311304466) (0.8567672743 0.03009829214 0.001314119815) (0.8571099899 0.03016057089 0.001316838964) (0.8574843817 0.03022044487 0.001319453118) (0.8578901888 0.03027775363 0.001321955273) (0.8583271282 0.03033236397 0.001324339612) (0.8587948956 0.03038416137 0.001326601135) (0.8592931649 0.03043304468 0.001328735426) (0.8598215888 0.03047892272 0.001330738505) (0.8603797992 0.0305217121 0.001332606729) (0.8609674069 0.03056133589 0.001334336741) (0.8615840025 0.03059772279 0.001335925428) (0.8622291562 0.03063080665 0.0013373699) (0.8629024184 0.03066052624 0.001338667486) (0.86360332 0.03068682525 0.001339815725) (0.8643313724 0.03070965225 0.001340812373) (0.8650860682 0.03072896089 0.001341655407) (0.8658668816 0.03074471008 0.001342343031) (0.8666732683 0.0307568641 0.001342873688) (0.8675046663 0.03076539293 0.001343246064) (0.8683604963 0.03077027234 0.001343459104) (0.8692401617 0.03077148419 0.001343512015) (0.8701430496 0.03076901654 0.001343404275) (0.8710685307 0.03076286382 0.001343135641) (0.87201596 0.03075302697 0.001342706155) (0.8729846773 0.03073951356 0.001342116146) (0.8739740074 0.03072233779 0.001341366236) (0.8749832608 0.03070152061 0.001340457339) (0.8760117342 0.03067708964 0.001339390659) (0.8770587108 0.03064907919 0.001338167697) (0.878123461 0.03061753015 0.001336790236) (0.8792052427 0.03058248992 0.001335260346) (0.8803033021 0.03054401223 0.001333580374) (0.8814168738 0.03050215701 0.001331752936) (0.8825451817 0.03045699017 0.001329780909) (0.8836874397 0.03040858338 0.001327667423) (0.8848428515 0.0303570138 0.001325415846) (0.886010612 0.03030236383 0.001323029777) (0.8871899073 0.0302447208 0.001320513028) (0.8883799156 0.03018417666 0.001317869614) (0.8895798076 0.03012082767 0.001315103737) (0.8907887469 0.03005477401 0.001312219772) (0.8920058912 0.0299861195 0.001309222251) (0.893230392 0.0299149712 0.00130611585) (0.8944613961 0.0298414391 0.001302905369) (0.8956980456 0.0297656357 0.001299595721) (0.8969394786 0.02968767574 0.001296191916) (0.8981848299 0.0296076758 0.001292699043) (0.8994332317 0.02952575398 0.001289122259) (0.9006838138 0.02944202962 0.001285466774) (0.9019357048 0.02935662291 0.001281737837) (0.9031880322 0.02926965467 0.001277940721) (0.9044399232 0.02918124603 0.001274080717) (0.9056905053 0.02909151822 0.001270163116) (0.9069389071 0.02900059227 0.001266193203) (0.9081842584 0.02890858883 0.001262176246) (0.9094256914 0.02881562799 0.001258117489) (0.9106623408 0.02872182908 0.00125402214) (0.911893345 0.02862731052 0.00124989537) (0.9131178458 0.02853218972 0.001245742306) (0.9143349901 0.02843658293 0.001241568024) (0.9155439294 0.02834060518 0.001237377545) (0.9167438213 0.02824437023 0.001233175836) (0.9179338297 0.02814799046 0.001228967805) (0.919113125 0.02805157693 0.001224758299) (0.9202808855 0.02795523928 0.001220552106) (0.9214362973 0.02785908577 0.001216353953) (0.9225785553 0.0277632233 0.001212168507) (0.9237068632 0.0276677574 0.001208000376) (0.9248204349 0.02757279229 0.00120385411) (0.9259184942 0.02747843091 0.001199734203) (0.927000276 0.02738477495 0.001195645096) (0.9280650262 0.0272919249 0.001191591175) (0.9291120028 0.02719998009 0.001187576778) (0.9301404762 0.02710903875 0.001183606193) (0.9311497296 0.02701919802 0.001179683662) (0.9321390597 0.02693055401 0.001175813381) (0.933107777 0.02684320179 0.001171999501) (0.9340552063 0.02675723545 0.001168246129) (0.9349806874 0.02667274806 0.00116455733) (0.9358835753 0.0265898317 0.001160937124) (0.9367632407 0.02650857743 0.001157389486) (0.9376190707 0.02642907525 0.001153918346) (0.9384504687 0.02635141405 0.001150527584) (0.9392568554 0.02627568158 0.001147221033) (0.9400376687 0.02620196433 0.001144002469) (0.9407923646 0.02613034748 0.001140875609) (0.941520417 0.02606091478 0.001137844112) (0.9422213186 0.02599374843 0.001134911566) (0.9428945808 0.02592892896 0.001132081487) (0.9435397345 0.02586653506 0.001129357311) (0.9441563301 0.02580664347 0.001126742387) (0.9447439378 0.02574932877 0.001124239974) (0.9453021481 0.02569466326 0.001121853226) (0.9458305721 0.02564271673 0.001119585191) (0.9463288414 0.0255935563 0.001117438801) (0.9467966087 0.02554724625 0.00111541686) (0.9472335482 0.0255038478 0.001113522043) (0.9476393552 0.02546341894 0.00111175688) (0.948013747 0.02542601424 0.001110123756) (0.9483564627 0.02539168468 0.001108624895) (0.9486672634 0.02536047745 0.001107262358) (0.9489459324 0.02533243583 0.001106038034) (0.9491922757 0.02530759896 0.001104953633) (0.9494061214 0.02528600177 0.001104010679) (0.9495873207 0.0252676748 0.001103210507) (0.9497357471 0.02525264411 0.001102554253) (0.9498512973 0.02524093115 0.001102042854) (0.9499338907 0.02523255271 0.001101677043) (0.9499834698 0.02522752082 0.001101457346))
    polyLine 3 10 ((-3.996636337 0.1465580308 -0.006398861814) (-3.986549874 0.2929188728 -0.01278911418) (-3.969754181 0.4388856027 -0.01916215924) (-3.946271858 0.5842618273 -0.02550942229) (-3.916134498 0.728851948 -0.03182236329) (-3.87938265 0.8724614237 -0.03809248841) (-3.836065762 1.014897033 -0.04431136141) (-3.786242117 1.155967134 -0.05047061502) (-3.729978749 1.295481921 -0.05656196218) (-3.667351359 1.433253682 -0.06257720718) (-3.598444211 1.56909705 -0.06850825673) (-3.523350017 1.702829253 -0.07434713081) (-3.442169812 1.834270359 -0.08008597341) (-3.355012822 1.963243517 -0.08571706312) (-3.261996315 2.0895752 -0.09123282351) (-3.163245439 2.213095432 -0.09662583331) (-3.058893062 2.333638021 -0.1018888364) (-2.949079586 2.451040782 -0.1070147516) (-2.83395276 2.565145752 -0.1119966822) (-2.713667485 2.675799408 -0.1168279252) (-2.588385599 2.78285287 -0.1215019803) (-2.458275666 2.886162099 -0.1260125586) (-2.323512743 2.985588098 -0.1303535915) (-2.184278149 3.080997092 -0.1345192382) (-2.04075922 3.172260712 -0.1385038938) (-1.893149055 3.259256166 -0.1423021974) (-1.741646259 3.341866404 -0.1459090383) (-1.586454673 3.419980276 -0.1493195636) (-1.427783103 3.493492685 -0.1525291847) (-1.265845035 3.562304721 -0.155533583) (-1.100858351 3.6263238 -0.1583287164) (-0.9330450354 3.685463786 -0.1609108239) (-0.7626308752 3.739645109 -0.1632764316) (-0.5898451565 3.78879487 -0.1654223565) (-0.4149203565 3.832846939 -0.1673457114) (-0.2380918304 3.871742046 -0.1690439084) (-0.05959749491 3.905427859 -0.1705146628) (0.1203224922 3.933859055 -0.1717559956))
    polyLine 3 11 ((-3.996636337 0.1465580308 0.006398861814) (-3.986549874 0.2929188728 0.01278911418) (-3.969754181 0.4388856027 0.01916215924) (-3.946271858 0.5842618273 0.02550942229) (-3.916134498 0.728851948 0.03182236329) (-3.87938265 0.8724614237 0.03809248841) (-3.836065762 1.014897033 0.04431136141) (-3.786242117 1.155967134 0.05047061502) (-3.729978749 1.295481921 0.05656196218) (-3.667351359 1.433253682 0.06257720718) (-3.598444211 1.56909705 0.06850825673) (-3.523350017 1.702829253 0.07434713081) (-3.442169812 1.834270359 0.08008597341) (-3.355012822 1.963243517 0.08571706312) (-3.261996315 2.0895752 0.09123282351) (-3.163245439 2.213095432 0.09662583331) (-3.058893062 2.333638021 0.1018888364) (-2.949079586 2.451040782 0.1070147516) (-2.83395276 2.565145752 0.1119966822) (-2.713667485 2.675799408 0.1168279252) (-2.588385599 2.78285287 0.1215019803) (-2.458275666 2.886162099 0.1260125586) (-2.323512743 2.985588098 0.1303535915) (-2.184278149 3.080997092 0.1345192382) (-2.04075922 3.172260712 0.1385038938) (-1.893149055 3.259256166 0.1423021974) (-1.741646259 3.341866404 0.1459090383) (-1.586454673 3.419980276 0.1493195636) (-1.427783103 3.493492685 0.1525291847) (-1.265845035 3.562304721 0.155533583) (-1.100858351 3.6263238 0.1583287164) (-0.9330450354 3.685463786 0.1609108239) (-0.7626308752 3.739645109 0.1632764316) (-0.5898451565 3.78879487 0.1654223565) (-0.4149203565 3.832846939 0.1673457114) (-0.2380918304 3.871742046 0.1690439084) (-0.05959749491 3.905427859 0.1705146628) (0.1203224922 3.933859055 0.1717559956))
    polyLine 10 18 ((0.3116007672 3.958136279 -0.1728159621) (0.3217783864 3.959258465 -0.1728649578) (0.3319588691 3.960363934 -0.1729132236) (0.3421421724 3.961452681 -0.1729607594) (0.3523282534 3.962524703 -0.1730075648) (0.3625170689 3.963579994 -0.1730536398) (0.3727085761 3.964618549 -0.1730989841) (0.3829027318 3.965640366 -0.1731435976) (0.393099493 3.966645438 -0.17318748) (0.4032988167 3.967633763 -0.1732306312) (0.4135006598 3.968605335 -0.173273051) (0.4237049792 3.969560151 -0.1733147391) (0.4339117318 3.970498207 -0.1733556955) (0.4441208746 3.971419498 -0.17339592) (0.4543323645 3.972324021 -0.1734354123) (0.4645461582 3.973211772 -0.1734741724) (0.4747622128 3.974082748 -0.1735122) (0.484980485 3.974936944 -0.173549495) (0.4952009318 3.975774357 -0.1735860572) (0.5054235099 3.976594983 -0.1736218865) (0.5156481762 3.97739882 -0.1736569828) (0.5258748876 3.978185863 -0.1736913458) (0.5361036008 3.978956109 -0.1737249755) (0.5463342727 3.979709555 -0.1737578717) (0.5565668601 3.980446198 -0.1737900342) (0.5668013197 3.981166035 -0.173821463) (0.5770376084 3.981869062 -0.1738521578) (0.5872756829 3.982555277 -0.1738821186) (0.5975155001 3.983224677 -0.1739113452) (0.6077570166 3.983877259 -0.1739398376) (0.6180001892 3.98451302 -0.1739675955) (0.6282449748 3.985131958 -0.1739946189) (0.6384913299 3.985734069 -0.1740209077) (0.6487392115 3.986319352 -0.1740464617) (0.6589885761 3.986887804 -0.1740712808) (0.6692393805 3.987439422 -0.174095365) (0.6794915815 3.987974205 -0.1741187141) (0.6897451358 3.988492149 -0.174141328))
    polyLine 11 19 ((0.3116007672 3.958136279 0.1728159621) (0.3217783864 3.959258465 0.1728649578) (0.3319588691 3.960363934 0.1729132236) (0.3421421724 3.961452681 0.1729607594) (0.3523282534 3.962524703 0.1730075648) (0.3625170689 3.963579994 0.1730536398) (0.3727085761 3.964618549 0.1730989841) (0.3829027318 3.965640366 0.1731435976) (0.393099493 3.966645438 0.17318748) (0.4032988167 3.967633763 0.1732306312) (0.4135006598 3.968605335 0.173273051) (0.4237049792 3.969560151 0.1733147391) (0.4339117318 3.970498207 0.1733556955) (0.4441208746 3.971419498 0.17339592) (0.4543323645 3.972324021 0.1734354123) (0.4645461582 3.973211772 0.1734741724) (0.4747622128 3.974082748 0.1735122) (0.484980485 3.974936944 0.173549495) (0.4952009318 3.975774357 0.1735860572) (0.5054235099 3.976594983 0.1736218865) (0.5156481762 3.97739882 0.1736569828) (0.5258748876 3.978185863 0.1736913458) (0.5361036008 3.978956109 0.1737249755) (0.5463342727 3.979709555 0.1737578717) (0.5565668601 3.980446198 0.1737900342) (0.5668013197 3.981166035 0.173821463) (0.5770376084 3.981869062 0.1738521578) (0.5872756829 3.982555277 0.1738821186) (0.5975155001 3.983224677 0.1739113452) (0.6077570166 3.983877259 0.1739398376) (0.6180001892 3.98451302 0.1739675955) (0.6282449748 3.985131958 0.1739946189) (0.6384913299 3.985734069 0.1740209077) (0.6487392115 3.986319352 0.1740464617) (0.6589885761 3.986887804 0.1740712808) (0.6692393805 3.987439422 0.174095365) (0.6794915815 3.987974205 0.1741187141) (0.6897451358 3.988492149 0.174141328))
    polyLine 18 26 ((0.7039745559 3.989182925 -0.174171488) (0.7079492995 3.989370067 -0.1741796588) (0.7119242283 3.98955468 -0.1741877191) (0.7158993398 3.989736762 -0.174195669) (0.7198746315 3.989916314 -0.1742035084) (0.7238501008 3.990093337 -0.1742112374) (0.7278257452 3.990267828 -0.1742188558) (0.7318015622 3.99043979 -0.1742263638) (0.7357775493 3.990609221 -0.1742337614) (0.7397537039 3.990776121 -0.1742410484) (0.7437300236 3.990940491 -0.1742482249) (0.7477065057 3.99110233 -0.174255291) (0.7516831479 3.991261638 -0.1742622465) (0.7556599475 3.991418415 -0.1742690915) (0.7596369021 3.991572661 -0.1742758261) (0.7636140091 3.991724376 -0.1742824501) (0.767591266 3.991873559 -0.1742889636) (0.7715686703 3.992020211 -0.1742953665) (0.7755462194 3.992164332 -0.174301659) (0.7795239109 3.992305921 -0.1743078409) (0.7835017421 3.992444978 -0.1743139123) (0.7874797107 3.992581504 -0.1743198731) (0.791457814 3.992715497 -0.1743257234) (0.7954360496 3.992846959 -0.1743314631) (0.7994144149 3.992975889 -0.1743370923) (0.8033929074 3.993102287 -0.174342611) (0.8073715246 3.993226152 -0.174348019) (0.8113502639 3.993347485 -0.1743533166) (0.8153291229 3.993466286 -0.1743585035) (0.819308099 3.993582555 -0.1743635799) (0.8232871896 3.993696291 -0.1743685457) (0.8272663923 3.993807494 -0.174373401) (0.8312457046 3.993916165 -0.1743781457) (0.8352251238 3.994022303 -0.1743827798) (0.8392046476 3.994125909 -0.1743873033) (0.8431842733 3.994226981 -0.1743917162) (0.8471639984 3.994325521 -0.1743960185) (0.8511438205 3.994421528 -0.1744002103))
    polyLine 19 27 ((0.7039745559 3.989182925 0.174171488) (0.7079492995 3.989370067 0.1741796588) (0.7119242283 3.98955468 0.1741877191) (0.7158993398 3.989736762 0.174195669) (0.7198746315 3.989916314 0.1742035084) (0.7238501008 3.990093337 0.1742112374) (0.7278257452 3.990267828 0.1742188558) (0.7318015622 3.99043979 0.1742263638) (0.7357775493 3.990609221 0.1742337614) (0.7397537039 3.990776121 0.1742410484) (0.7437300236 3.990940491 0.1742482249) (0.7477065057 3.99110233 0.174255291) (0.7516831479 3.991261638 0.1742622465) (0.7556599475 3.991418415 0.1742690915) (0.7596369021 3.991572661 0.1742758261) (0.7636140091 3.991724376 0.1742824501) (0.767591266 3.991873559 0.1742889636) (0.7715686703 3.992020211 0.1742953665) (0.7755462194 3.992164332 0.174301659) (0.7795239109 3.992305921 0.1743078409) (0.7835017421 3.992444978 0.1743139123) (0.7874797107 3.992581504 0.1743198731) (0.791457814 3.992715497 0.1743257234) (0.7954360496 3.992846959 0.1743314631) (0.7994144149 3.992975889 0.1743370923) (0.8033929074 3.993102287 0.174342611) (0.8073715246 3.993226152 0.174348019) (0.8113502639 3.993347485 0.1743533166) (0.8153291229 3.993466286 0.1743585035) (0.819308099 3.993582555 0.1743635799) (0.8232871896 3.993696291 0.1743685457) (0.8272663923 3.993807494 0.174373401) (0.8312457046 3.993916165 0.1743781457) (0.8352251238 3.994022303 0.1743827798) (0.8392046476 3.994125909 0.1743873033) (0.8431842733 3.994226981 0.1743917162) (0.8471639984 3.994325521 0.1743960185) (0.8511438205 3.994421528 0.1744002103))
    polyLine 26 34 ((0.8575559557 3.994570878 -0.174406731) (0.8599882082 3.994625808 -0.1744091293) (0.8624204938 3.994679791 -0.1744114863) (0.864852812 3.994732829 -0.174413802) (0.8672851623 3.994784921 -0.1744160764) (0.8697175439 3.994836067 -0.1744183094) (0.8721499564 3.994886267 -0.1744205012) (0.8745823992 3.99493552 -0.1744226517) (0.8770148717 3.994983828 -0.1744247608) (0.8794473733 3.995031189 -0.1744268287) (0.8818799034 3.995077604 -0.1744288552) (0.8843124616 3.995123074 -0.1744308404) (0.8867450471 3.995167597 -0.1744327843) (0.8891776595 3.995211174 -0.174434687) (0.8916102981 3.995253804 -0.1744365483) (0.8940429623 3.995295489 -0.1744383682) (0.8964756517 3.995336227 -0.1744401469) (0.8989083656 3.995376019 -0.1744418843) (0.9013411034 3.995414865 -0.1744435803) (0.9037738646 3.995452765 -0.1744452351) (0.9062066485 3.995489719 -0.1744468485) (0.9086394547 3.995525726 -0.1744484206) (0.9110722825 3.995560787 -0.1744499514) (0.9135051314 3.995594902 -0.1744514409) (0.9159380008 3.995628071 -0.1744528891) (0.91837089 3.995660293 -0.1744542959) (0.9208037986 3.995691569 -0.1744556615) (0.923236726 3.995721899 -0.1744569857) (0.9256696715 3.995751283 -0.1744582686) (0.9281026347 3.99577972 -0.1744595102) (0.9305356148 3.995807211 -0.1744607105) (0.9329686115 3.995833756 -0.1744618695) (0.9354016239 3.995859354 -0.1744629871) (0.9378346517 3.995884006 -0.1744640635) (0.9402676943 3.995907712 -0.1744650985) (0.9427007509 3.995930471 -0.1744660922) (0.9451338211 3.995952284 -0.1744670446) (0.9475669044 3.995973151 -0.1744679556))
    polyLine 27 35 ((0.8575559557 3.994570878 0.174406731) (0.8599882082 3.994625808 0.1744091293) (0.8624204938 3.994679791 0.1744114863) (0.864852812 3.994732829 0.174413802) (0.8672851623 3.994784921 0.1744160764) (0.8697175439 3.994836067 0.1744183094) (0.8721499564 3.994886267 0.1744205012) (0.8745823992 3.99493552 0.1744226517) (0.8770148717 3.994983828 0.1744247608) (0.8794473733 3.995031189 0.1744268287) (0.8818799034 3.995077604 0.1744288552) (0.8843124616 3.995123074 0.1744308404) (0.8867450471 3.995167597 0.1744327843) (0.8891776595 3.995211174 0.174434687) (0.8916102981 3.995253804 0.1744365483) (0.8940429623 3.995295489 0.1744383682) (0.8964756517 3.995336227 0.1744401469) (0.8989083656 3.995376019 0.1744418843) (0.9013411034 3.995414865 0.1744435803) (0.9037738646 3.995452765 0.1744452351) (0.9062066485 3.995489719 0.1744468485) (0.9086394547 3.995525726 0.1744484206) (0.9110722825 3.995560787 0.1744499514) (0.9135051314 3.995594902 0.1744514409) (0.9159380008 3.995628071 0.1744528891) (0.91837089 3.995660293 0.1744542959) (0.9208037986 3.995691569 0.1744556615) (0.923236726 3.995721899 0.1744569857) (0.9256696715 3.995751283 0.1744582686) (0.9281026347 3.99577972 0.1744595102) (0.9305356148 3.995807211 0.1744607105) (0.9329686115 3.995833756 0.1744618695) (0.9354016239 3.995859354 0.1744629871) (0.9378346517 3.995884006 0.1744640635) (0.9402676943 3.995907712 0.1744650985) (0.9427007509 3.995930471 0.1744660922) (0.9451338211 3.995952284 0.1744670446) (0.9475669044 3.995973151 0.1744679556))
    polyLine 34 41 ((0.9512820102 3.996003187 -0.174469267) (0.9525640236 3.99601304 -0.1744696972) (0.95384604 3.99602263 -0.1744701159) (0.9551280596 3.996031957 -0.1744705231) (0.9564100821 3.996041022 -0.1744709189) (0.9576921074 3.996049823 -0.1744713032) (0.9589741355 3.996058362 -0.174471676) (0.9602561664 3.996066639 -0.1744720374) (0.9615381998 3.996074652 -0.1744723873) (0.9628202358 3.996082403 -0.1744727257) (0.9641022742 3.996089891 -0.1744730526) (0.965384315 3.996097117 -0.1744733681) (0.966666358 3.996104079 -0.1744736721) (0.9679484033 3.996110779 -0.1744739646) (0.9692304506 3.996117216 -0.1744742456) (0.9705125 3.996123391 -0.1744745152) (0.9717945513 3.996129303 -0.1744747733) (0.9730766044 3.996134952 -0.17447502) (0.9743586594 3.996140338 -0.1744752551) (0.975640716 3.996145461 -0.1744754788) (0.9769227742 3.996150322 -0.1744756911) (0.978204834 3.99615492 -0.1744758918) (0.9794868951 3.996159255 -0.1744760811) (0.9807689577 3.996163328 -0.1744762589) (0.9820510214 3.996167138 -0.1744764252) (0.9833330864 3.996170685 -0.1744765801) (0.9846151525 3.996173969 -0.1744767235) (0.9858972195 3.99617699 -0.1744768554) (0.9871792875 3.996179749 -0.1744769759) (0.9884613564 3.996182245 -0.1744770849) (0.989743426 3.996184479 -0.1744771824) (0.9910254963 3.996186449 -0.1744772684) (0.9923075671 3.996188157 -0.174477343) (0.9935896385 3.996189602 -0.1744774061) (0.9948717103 3.996190784 -0.1744774577) (0.9961537824 3.996191704 -0.1744774978) (0.9974358548 3.996192361 -0.1744775265) (0.9987179274 3.996192755 -0.1744775437))
    polyLine 35 42 ((0.9512820102 3.996003187 0.174469267) (0.9525640236 3.99601304 0.1744696972) (0.95384604 3.99602263 0.1744701159) (0.9551280596 3.996031957 0.1744705231) (0.9564100821 3.996041022 0.1744709189) (0.9576921074 3.996049823 0.1744713032) (0.9589741355 3.996058362 0.174471676) (0.9602561664 3.996066639 0.1744720374) (0.9615381998 3.996074652 0.1744723873) (0.9628202358 3.996082403 0.1744727257) (0.9641022742 3.996089891 0.1744730526) (0.965384315 3.996097117 0.1744733681) (0.966666358 3.996104079 0.1744736721) (0.9679484033 3.996110779 0.1744739646) (0.9692304506 3.996117216 0.1744742456) (0.9705125 3.996123391 0.1744745152) (0.9717945513 3.996129303 0.1744747733) (0.9730766044 3.996134952 0.17447502) (0.9743586594 3.996140338 0.1744752551) (0.975640716 3.996145461 0.1744754788) (0.9769227742 3.996150322 0.1744756911) (0.978204834 3.99615492 0.1744758918) (0.9794868951 3.996159255 0.1744760811) (0.9807689577 3.996163328 0.1744762589) (0.9820510214 3.996167138 0.1744764252) (0.9833330864 3.996170685 0.1744765801) (0.9846151525 3.996173969 0.1744767235) (0.9858972195 3.99617699 0.1744768554) (0.9871792875 3.996179749 0.1744769759) (0.9884613564 3.996182245 0.1744770849) (0.989743426 3.996184479 0.1744771824) (0.9910254963 3.996186449 0.1744772684) (0.9923075671 3.996188157 0.174477343) (0.9935896385 3.996189602 0.1744774061) (0.9948717103 3.996190784 0.1744774577) (0.9961537824 3.996191704 0.1744774978) (0.9974358548 3.996192361 0.1744775265) (0.9987179274 3.996192755 0.1744775437))
    polyLine 22 24 ((0.8551236099 0.02901579548 -0.00126685699) (0.855123229 0.02901619397 -0.001266874388) (0.8551225961 0.02901685765 -0.001266903365) (0.8551217136 0.0290177858 -0.001266943889) (0.8551205851 0.02901897742 -0.001266995916) (0.8551192154 0.02902043122 -0.001267059391) (0.8551176101 0.02902214564 -0.001267134244) (0.8551157757 0.02902411883 -0.001267220395) (0.8551137197 0.02902634867 -0.001267317752) (0.8551114507 0.02902883275 -0.001267426209) (0.855108978 0.02903156839 -0.00126754565) (0.8551063117 0.02903455267 -0.001267675946) (0.8551034627 0.02903778235 -0.001267816958) (0.8551004429 0.02904125399 -0.001267968532) (0.8550972645 0.02904496383 -0.001268130508) (0.8550939407 0.02904890791 -0.00126830271) (0.855090485 0.02905308199 -0.001268484954) (0.8550869118 0.02905748158 -0.001268677044) (0.8550832357 0.02906210199 -0.001268878776) (0.8550794718 0.02906693825 -0.001269089931) (0.8550756355 0.0290719852 -0.001269310286) (0.8550717427 0.02907723744 -0.001269539604) (0.8550678093 0.02908268936 -0.00126977764) (0.8550638515 0.02908833514 -0.00127002414) (0.8550598855 0.02909416877 -0.001270278842) (0.8550559277 0.02910018403 -0.001270541473) (0.8550519943 0.02910637452 -0.001270811756) (0.8550481015 0.02911273366 -0.001271089402) (0.8550442652 0.02911925471 -0.001271374117) (0.8550405013 0.02912593075 -0.0012716656) (0.8550368252 0.02913275471 -0.00127196354) (0.8550332519 0.02913971938 -0.001272267624) (0.8550297963 0.0291468174 -0.00127257753) (0.8550264725 0.02915404127 -0.001272892932) (0.8550232941 0.02916138341 -0.001273213496) (0.8550202742 0.02916883607 -0.001273538886) (0.8550174253 0.02917639144 -0.001273868761) (0.855014759 0.02918404158 -0.001274202773) (0.8550122862 0.0291917785 -0.001274540574) (0.8550100172 0.02919959409 -0.001274881811) (0.8550079613 0.02920748021 -0.001275226126) (0.8550061269 0.02921542862 -0.001275573161) (0.8550045215 0.02922343106 -0.001275922555) (0.8550031518 0.02923147922 -0.001276273945) (0.8550020234 0.02923956475 -0.001276626967) (0.8550011409 0.02924767927 -0.001276981255) (0.8550005079 0.0292558144 -0.001277336442) (0.8550001271 0.02926396174 -0.001277692163) (0.855 0.02927211289 -0.00127804805) (0.8550001271 0.02928025229 -0.001278403423) (0.8550005079 0.02928836438 -0.001278757605) (0.8550011409 0.02929644093 -0.001279110235) (0.8550020234 0.02930447378 -0.001279460957) (0.8550031518 0.02931245488 -0.001279809419) (0.8550045215 0.02932037628 -0.001280155275) (0.8550061269 0.02932823016 -0.001280498183) (0.8550079613 0.02933600881 -0.001280837806) (0.8550100172 0.02934370466 -0.001281173814) (0.8550122862 0.02935131027 -0.001281505882) (0.855014759 0.02935881835 -0.001281833692) (0.8550174253 0.02936622175 -0.001282156931) (0.8550202742 0.02937351347 -0.001282475294) (0.8550232941 0.02938068666 -0.001282788483) (0.8550264725 0.02938773465 -0.001283096205) (0.8550297963 0.02939465094 -0.001283398176) (0.8550332519 0.02940142916 -0.00128369412) (0.8550368252 0.02940806315 -0.001283983766) (0.8550405013 0.02941454691 -0.001284266853) (0.8550442652 0.02942087462 -0.001284543127) (0.8550481015 0.02942704065 -0.001284812342) (0.8550519943 0.02943303954 -0.001285074259) (0.8550559277 0.02943886602 -0.001285328649) (0.8550598855 0.02944451501 -0.001285575289) (0.8550638515 0.02944998161 -0.001285813966) (0.8550678093 0.02945526112 -0.001286044474) (0.8550717427 0.02946034903 -0.001286266617) (0.8550756355 0.02946524102 -0.001286480206) (0.8550794718 0.02946993294 -0.00128668506) (0.8550832357 0.02947442088 -0.001286881007) (0.8550869118 0.02947870109 -0.001287067885) (0.855090485 0.02948277001 -0.001287245538) (0.8550939407 0.02948662429 -0.001287413819) (0.8550972645 0.02949026076 -0.001287572592) (0.8551004429 0.02949367647 -0.001287721725) (0.8551034627 0.02949686864 -0.001287861097) (0.8551063117 0.02949983467 -0.001287990597) (0.855108978 0.0295025722 -0.00128811012) (0.8551114507 0.02950507901 -0.00128821957) (0.8551137197 0.0295073531 -0.001288318859) (0.8551157757 0.02950939268 -0.001288407909) (0.8551176101 0.0295111961 -0.001288486648) (0.8551192154 0.02951276196 -0.001288555015) (0.8551205851 0.02951408901 -0.001288612955) (0.8551217136 0.0295151762 -0.001288660423) (0.8551225961 0.02951602267 -0.001288697381) (0.855123229 0.02951662778 -0.0012887238) (0.8551236099 0.02951699103 -0.00128873966))
    polyLine 23 25 ((0.8551236099 0.02901579548 0.00126685699) (0.855123229 0.02901619397 0.001266874388) (0.8551225961 0.02901685765 0.001266903365) (0.8551217136 0.0290177858 0.001266943889) (0.8551205851 0.02901897742 0.001266995916) (0.8551192154 0.02902043122 0.001267059391) (0.8551176101 0.02902214564 0.001267134244) (0.8551157757 0.02902411883 0.001267220395) (0.8551137197 0.02902634867 0.001267317752) (0.8551114507 0.02902883275 0.001267426209) (0.855108978 0.02903156839 0.00126754565) (0.8551063117 0.02903455267 0.001267675946) (0.8551034627 0.02903778235 0.001267816958) (0.8551004429 0.02904125399 0.001267968532) (0.8550972645 0.02904496383 0.001268130508) (0.8550939407 0.02904890791 0.00126830271) (0.855090485 0.02905308199 0.001268484954) (0.8550869118 0.02905748158 0.001268677044) (0.8550832357 0.02906210199 0.001268878776) (0.8550794718 0.02906693825 0.001269089931) (0.8550756355 0.0290719852 0.001269310286) (0.8550717427 0.02907723744 0.001269539604) (0.8550678093 0.02908268936 0.00126977764) (0.8550638515 0.02908833514 0.00127002414) (0.8550598855 0.02909416877 0.001270278842) (0.8550559277 0.02910018403 0.001270541473) (0.8550519943 0.02910637452 0.001270811756) (0.8550481015 0.02911273366 0.001271089402) (0.8550442652 0.02911925471 0.001271374117) (0.8550405013 0.02912593075 0.0012716656) (0.8550368252 0.02913275471 0.00127196354) (0.8550332519 0.02913971938 0.001272267624) (0.8550297963 0.0291468174 0.00127257753) (0.8550264725 0.02915404127 0.001272892932) (0.8550232941 0.02916138341 0.001273213496) (0.8550202742 0.02916883607 0.001273538886) (0.8550174253 0.02917639144 0.001273868761) (0.855014759 0.02918404158 0.001274202773) (0.8550122862 0.0291917785 0.001274540574) (0.8550100172 0.02919959409 0.001274881811) (0.8550079613 0.02920748021 0.001275226126) (0.8550061269 0.02921542862 0.001275573161) (0.8550045215 0.02922343106 0.001275922555) (0.8550031518 0.02923147922 0.001276273945) (0.8550020234 0.02923956475 0.001276626967) (0.8550011409 0.02924767927 0.001276981255) (0.8550005079 0.0292558144 0.001277336442) (0.8550001271 0.02926396174 0.001277692163) (0.855 0.02927211289 0.00127804805) (0.8550001271 0.02928025229 0.001278403423) (0.8550005079 0.02928836438 0.001278757605) (0.8550011409 0.02929644093 0.001279110235) (0.8550020234 0.02930447378 0.001279460957) (0.8550031518 0.02931245488 0.001279809419) (0.8550045215 0.02932037628 0.001280155275) (0.8550061269 0.02932823016 0.001280498183) (0.8550079613 0.02933600881 0.001280837806) (0.8550100172 0.02934370466 0.001281173814) (0.8550122862 0.02935131027 0.001281505882) (0.855014759 0.02935881835 0.001281833692) (0.8550174253 0.02936622175 0.001282156931) (0.8550202742 0.02937351347 0.001282475294) (0.8550232941 0.02938068666 0.001282788483) (0.8550264725 0.02938773465 0.001283096205) (0.8550297963 0.02939465094 0.001283398176) (0.8550332519 0.02940142916 0.00128369412) (0.8550368252 0.02940806315 0.001283983766) (0.8550405013 0.02941454691 0.001284266853) (0.8550442652 0.02942087462 0.001284543127) (0.8550481015 0.02942704065 0.001284812342) (0.8550519943 0.02943303954 0.001285074259) (0.8550559277 0.02943886602 0.001285328649) (0.8550598855 0.02944451501 0.001285575289) (0.8550638515 0.02944998161 0.001285813966) (0.8550678093 0.02945526112 0.001286044474) (0.8550717427 0.02946034903 0.001286266617) (0.8550756355 0.02946524102 0.001286480206) (0.8550794718 0.02946993294 0.00128668506) (0.8550832357 0.02947442088 0.001286881007) (0.8550869118 0.02947870109 0.001287067885) (0.855090485 0.02948277001 0.001287245538) (0.8550939407 0.02948662429 0.001287413819) (0.8550972645 0.02949026076 0.001287572592) (0.8551004429 0.02949367647 0.001287721725) (0.8551034627 0.02949686864 0.001287861097) (0.8551063117 0.02949983467 0.001287990597) (0.855108978 0.0295025722 0.00128811012) (0.8551114507 0.02950507901 0.00128821957) (0.8551137197 0.0295073531 0.001288318859) (0.8551157757 0.02950939268 0.001288407909) (0.8551176101 0.0295111961 0.001288486648) (0.8551192154 0.02951276196 0.001288555015) (0.8551205851 0.02951408901 0.001288612955) (0.8551217136 0.0295151762 0.001288660423) (0.8551225961 0.02951602267 0.001288697381) (0.855123229 0.02951662778 0.0012887238) (0.8551236099 0.02951699103 0.00128873966))
);

defaultPatch { name defaultFaces; type empty; }

boundary
(
    front { type wedge; faces ((0 4 6 1) (1 6 8 2) (2 8 10 3) (4 12 14 6) (6 14 16 8) (8 16 18 10) (12 20 22 14) (14 22 24 16) (16 24 26 18) (20 28 30 22) (24 32 34 26) (28 36 37 30) (30 37 39 32) (32 39 41 34) (36 43 44 37) (37 44 46 39) (39 46 48 41)); }
    back { type wedge; faces ((0 1 7 5) (1 2 9 7) (2 3 11 9) (5 7 15 13) (7 9 17 15) (9 11 19 17) (13 15 23 21) (15 17 25 23) (17 19 27 25) (21 23 31 29) (25 27 35 33) (29 31 38 36) (31 33 40 38) (33 35 42 40) (36 38 45 43) (38 40 47 45) (40 42 49 47)); }
    corpo { type wall; faces ((0 4 5 0) (4 12 13 5) (12 20 21 13) (20 28 29 21) (28 36 36 29)); }
    esterno { type patch; faces ((3 10 11 3) (10 18 19 11) (18 26 27 19) (26 34 35 27) (34 41 42 35) (41 48 49 42)); }
    carena { type wall; faces ((22 24 25 23) (22 30 31 23) (24 32 33 25) (30 32 33 31)); }
    uscita { type patch; faces ((43 44 45 43) (44 46 47 45) (46 48 49 47)); }
);
