/*--------------------------------*- C++ -*----------------------------------*\
  =========                 |
  \\      /  F ield         | OpenFOAM: The Open Source CFD Toolbox
   \\    /   O peration     | Website:  https://openfoam.org
    \\  /    A nd           | Version:  14
     \\/     M anipulation  |
\*---------------------------------------------------------------------------*/
FoamFile
{
    format      ascii;
    class       volScalarField;
    location    "1500";
    object      nut;
}
// * * * * * * * * * * * * * * * * * * * * * * * * * * * * * * * * * * * * * //

dimensions      [0 2 -1 0 0 0 0];

internalField   nonuniform List<scalar> 
48400
(
2.9719279e-18
2.2085932e-18
2.3268977e-18
2.684452e-18
3.2100348e-18
3.993007e-18
4.9985488e-18
6.1880833e-18
7.5207222e-18
9.0167525e-18
1.068359e-17
1.2535535e-17
1.5385157e-17
1.7393979e-17
2.436447e-17
2.9788986e-17
5.8227132e-17
1.1464704e-16
3.4760973e-16
2.4237147e-15
5.3731286e-15
1.3588338e-14
2.1462094e-14
2.4552992e-14
2.5261941e-14
2.5026616e-14
2.4561947e-14
2.4147536e-14
2.3713628e-14
2.328734e-14
2.2737796e-14
2.216901e-14
2.1747845e-14
2.1388007e-14
2.1121373e-14
2.0660376e-14
2.0487083e-14
2.0384235e-14
2.0260789e-14
2.0216302e-14
2.0376029e-14
2.0434915e-14
2.0705185e-14
2.1062052e-14
2.1419423e-14
2.2014459e-14
2.2577141e-14
2.3396825e-14
2.4244681e-14
2.4928393e-14
2.5162353e-14
2.5660361e-14
2.6127372e-14
2.6446262e-14
2.7055745e-14
2.7402641e-14
2.7969876e-14
2.8637554e-14
2.897361e-14
2.9684341e-14
3.0326731e-14
3.0846674e-14
3.1635001e-14
3.2296632e-14
3.2967027e-14
3.3831871e-14
3.4542704e-14
3.5268714e-14
3.6227595e-14
3.7081189e-14
3.7862362e-14
3.8922644e-14
3.996278e-14
4.0751945e-14
4.1844285e-14
4.3017446e-14
4.4052395e-14
4.512456e-14
4.6383596e-14
4.7682422e-14
4.8849701e-14
5.0091991e-14
5.1466547e-14
5.2928785e-14
5.4274251e-14
5.5602801e-14
5.7103563e-14
5.8646362e-14
6.0221589e-14
6.1711703e-14
6.3200775e-14
6.4802682e-14
6.6432468e-14
6.8106753e-14
6.9836331e-14
7.1392277e-14
7.3008481e-14
7.4634096e-14
7.6266862e-14
7.7934054e-14
7.9576899e-14
8.1267963e-14
8.2899163e-14
8.4530427e-14
8.6016951e-14
8.7490781e-14
8.8912017e-14
9.0298667e-14
9.1636832e-14
9.2907377e-14
9.4113608e-14
9.522898e-14
9.6260181e-14
9.7189369e-14
9.8007311e-14
9.8719356e-14
9.9283678e-14
9.9758498e-14
1.0005556e-13
1.0033372e-13
6.252262e-16
4.6462371e-16
4.8943915e-16
5.6456256e-16
6.7497754e-16
8.3947626e-16
1.0507183e-15
1.3005939e-15
1.5805479e-15
1.8944263e-15
2.2457821e-15
2.6320555e-15
3.2345006e-15
3.6533114e-15
5.1195335e-15
6.2678163e-15
1.2109905e-14
2.4316585e-14
7.0724266e-14
5.1435767e-13
1.1324563e-12
2.8498058e-12
4.5059687e-12
5.1598048e-12
5.3121557e-12
5.264117e-12
5.1660921e-12
5.0782257e-12
4.9866014e-12
4.8969685e-12
4.7816562e-12
4.6623421e-12
4.573936e-12
4.4983526e-12
4.4423565e-12
4.3454772e-12
4.3090345e-12
4.2873989e-12
4.2614419e-12
4.25207e-12
4.2856273e-12
4.2979901e-12
4.354782e-12
4.4297778e-12
4.5048848e-12
4.6299434e-12
4.7482014e-12
4.9204358e-12
5.0988368e-12
5.2425961e-12
5.291818e-12
5.3964827e-12
5.494637e-12
5.5616665e-12
5.6897539e-12
5.7626665e-12
5.881871e-12
6.0221718e-12
6.092828e-12
6.2421814e-12
6.377161e-12
6.4864398e-12
6.6520899e-12
6.7911141e-12
6.9320065e-12
7.1137174e-12
7.2630763e-12
7.4156411e-12
7.6170962e-12
7.7964227e-12
7.9605759e-12
8.1833324e-12
8.4018045e-12
8.5676416e-12
8.7971312e-12
9.0435198e-12
9.2609284e-12
9.4861796e-12
9.7506235e-12
1.0023384e-11
1.0268578e-11
1.052953e-11
1.0818189e-11
1.1125235e-11
1.140779e-11
1.1686833e-11
1.2001974e-11
1.2325886e-11
1.2656603e-11
1.2969498e-11
1.3282187e-11
1.361849e-11
1.3960606e-11
1.4312065e-11
1.4675104e-11
1.5001753e-11
1.5341055e-11
1.5682238e-11
1.6024912e-11
1.6374804e-11
1.6719578e-11
1.7074458e-11
1.7416762e-11
1.7759058e-11
1.8071023e-11
1.8380316e-11
1.8678504e-11
1.8969442e-11
1.9250204e-11
1.9516774e-11
1.9769846e-11
2.0003853e-11
2.0220199e-11
2.0415142e-11
2.0586748e-11
2.0736135e-11
2.0854538e-11
2.095416e-11
2.1016507e-11
2.1074837e-11
1.7160633e-14
1.275024e-14
1.3423349e-14
1.5470483e-14
1.8476142e-14
2.2952285e-14
2.8691316e-14
3.5469502e-14
4.3055412e-14
5.1545318e-14
6.1096261e-14
7.149112e-14
8.7949831e-14
9.9245796e-14
1.3915998e-13
1.7071865e-13
3.257756e-13
6.6859346e-13
1.8631666e-12
1.4152382e-11
3.0949544e-11
7.7440702e-11
1.2248888e-10
1.403629e-10
1.4463463e-10
1.4342324e-10
1.407959e-10
1.3842373e-10
1.3595172e-10
1.3353888e-10
1.3043386e-10
1.27221e-10
1.2483764e-10
1.2279381e-10
1.2127922e-10
1.1865669e-10
1.1767457e-10
1.1708774e-10
1.163857e-10
1.161356e-10
1.1704908e-10
1.1738654e-10
1.1893359e-10
1.2097123e-10
1.2301491e-10
1.2641385e-10
1.2962753e-10
1.3430441e-10
1.3916059e-10
1.4306418e-10
1.4439979e-10
1.472459e-10
1.4990243e-10
1.5172632e-10
1.55201e-10
1.5717612e-10
1.6041568e-10
1.6421015e-10
1.6613064e-10
1.7018585e-10
1.7383304e-10
1.7679976e-10
1.8128937e-10
1.8504735e-10
1.8886946e-10
1.9378805e-10
1.9782377e-10
2.0195921e-10
2.0740877e-10
2.1224936e-10
2.1669528e-10
2.2272097e-10
2.2860883e-10
2.3309566e-10
2.393042e-10
2.4594364e-10
2.5180706e-10
2.5789439e-10
2.6502883e-10
2.7237026e-10
2.7897979e-10
2.8602249e-10
2.9379605e-10
3.0205194e-10
3.0965365e-10
3.1717354e-10
3.256523e-10
3.3435263e-10
3.4322995e-10
3.516379e-10
3.600474e-10
3.6907421e-10
3.7824667e-10
3.8766907e-10
3.9739274e-10
4.0615281e-10
4.1525574e-10
4.2438837e-10
4.3355695e-10
4.4291648e-10
4.5213701e-10
4.6162402e-10
4.7077131e-10
4.7991271e-10
4.8825147e-10
4.9651909e-10
5.0447449e-10
5.1223712e-10
5.19727e-10
5.2683726e-10
5.3358626e-10
5.3982595e-10
5.4559447e-10
5.5079193e-10
5.5536749e-10
5.5935055e-10
5.6250916e-10
5.6516697e-10
5.6683434e-10
5.6838606e-10
1.7990183e-13
1.3352382e-13
1.4025746e-13
1.6110429e-13
1.9156375e-13
2.3681204e-13
2.9442057e-13
3.619622e-13
4.371027e-13
5.2081995e-13
6.1553773e-13
7.1757522e-13
8.8290559e-13
9.9483946e-13
1.3966012e-12
1.7193784e-12
3.2368252e-12
6.8315046e-12
1.8161624e-11
1.4499282e-10
3.145032e-10
7.7967736e-10
1.2299661e-09
1.4092131e-09
1.45459e-09
1.4454195e-09
1.4212635e-09
1.3991035e-09
1.3757344e-09
1.3528207e-09
1.3230382e-09
1.2921675e-09
1.2692069e-09
1.2492856e-09
1.2344881e-09
1.2087967e-09
1.1994037e-09
1.1936347e-09
1.1867925e-09
1.1845143e-09
1.1937001e-09
1.1971283e-09
1.2127104e-09
1.232995e-09
1.2534609e-09
1.2873316e-09
1.3193318e-09
1.3657677e-09
1.414446e-09
1.4531333e-09
1.4662777e-09
1.4946761e-09
1.5206713e-09
1.5388766e-09
1.5732167e-09
1.5925856e-09
1.6248195e-09
1.6618393e-09
1.6808831e-09
1.7210957e-09
1.7565319e-09
1.7858519e-09
1.8300281e-09
1.8665677e-09
1.9042448e-09
1.9523714e-09
1.9915197e-09
2.0321445e-09
2.0853138e-09
2.1320774e-09
2.1755766e-09
2.2343402e-09
2.2908644e-09
2.3345162e-09
2.3950535e-09
2.4587863e-09
2.5151378e-09
2.5741501e-09
2.6429283e-09
2.7129876e-09
2.7763527e-09
2.8442481e-09
2.9186088e-09
2.9970305e-09
3.0693255e-09
3.141337e-09
3.2220794e-09
3.3043644e-09
3.3880461e-09
3.467583e-09
3.5474365e-09
3.632548e-09
3.7185984e-09
3.8069418e-09
3.8977581e-09
3.9799183e-09
4.0654774e-09
4.1505944e-09
4.2358488e-09
4.3227815e-09
4.4083397e-09
4.4962314e-09
4.5808351e-09
4.6651717e-09
4.7423284e-09
4.8188749e-09
4.8919992e-09
4.9633342e-09
5.0321169e-09
5.0973726e-09
5.1592681e-09
5.2164568e-09
5.2693178e-09
5.3169303e-09
5.3588567e-09
5.3953511e-09
5.4243485e-09
5.4487627e-09
5.4642206e-09
5.4783464e-09
1.1244789e-12
8.3208139e-13
8.6882176e-13
9.8904114e-13
1.1623872e-12
1.4180813e-12
1.737551e-12
2.1044615e-12
2.5054857e-12
2.9471747e-12
3.4504246e-12
3.9852844e-12
4.8897848e-12
5.488575e-12
7.7160076e-12
9.553213e-12
1.7682687e-11
3.8865822e-11
9.7612283e-11
8.2966397e-10
1.7787299e-09
4.3310275e-09
6.7672518e-09
7.73786e-09
8.0136618e-09
8.0020952e-09
7.9025732e-09
7.8071537e-09
7.7014465e-09
7.595587e-09
7.45278e-09
7.3038953e-09
7.1928711e-09
7.093327e-09
7.018725e-09
6.8878549e-09
6.8436237e-09
6.8142735e-09
6.7800018e-09
6.7708976e-09
6.8212917e-09
6.8404487e-09
6.9259837e-09
7.0339417e-09
7.1444872e-09
7.32516e-09
7.495499e-09
7.7407629e-09
8.0049545e-09
8.208763e-09
8.2763461e-09
8.4279602e-09
8.5604445e-09
8.6573037e-09
8.8366608e-09
8.9356017e-09
9.1063742e-09
9.2936252e-09
9.3930073e-09
9.6045006e-09
9.781893e-09
9.9340033e-09
1.0161986e-08
1.0344893e-08
1.0539404e-08
1.0784345e-08
1.0978911e-08
1.1186763e-08
1.145537e-08
1.1685506e-08
1.1905695e-08
1.2202057e-08
1.2476199e-08
1.2693637e-08
1.2998371e-08
1.3307866e-08
1.3580938e-08
1.387317e-08
1.4210351e-08
1.4545172e-08
1.4850364e-08
1.5182348e-08
1.5540235e-08
1.5910772e-08
1.6252596e-08
1.6598914e-08
1.6983154e-08
1.7368276e-08
1.7756267e-08
1.8127691e-08
1.850446e-08
1.8900251e-08
1.9295259e-08
1.9700008e-08
2.0112314e-08
2.0488562e-08
2.0883073e-08
2.1268504e-08
2.1651984e-08
2.2041918e-08
2.2424902e-08
2.2817023e-08
2.319307e-08
2.3565787e-08
2.3908837e-08
2.4250222e-08
2.4571234e-08
2.4883874e-08
2.5184931e-08
2.5470204e-08
2.5740416e-08
2.5989754e-08
2.6220195e-08
2.6427641e-08
2.6610463e-08
2.6769622e-08
2.6896676e-08
2.7003871e-08
2.7073212e-08
2.7134166e-08
5.1383152e-12
3.779632e-12
3.8995508e-12
4.3606989e-12
5.0085861e-12
5.9531042e-12
7.090688e-12
8.3434634e-12
9.6625603e-12
1.1082999e-11
1.272264e-11
1.4424416e-11
1.755078e-11
1.9515765e-11
2.7433054e-11
3.4212167e-11
6.1672979e-11
1.4404315e-10
3.3538522e-10
3.0925301e-09
6.5272916e-09
1.5416765e-08
2.3655364e-08
2.6946171e-08
2.8053443e-08
2.8237145e-08
2.8093587e-08
2.7926762e-08
2.7701352e-08
2.7459954e-08
2.7095196e-08
2.6710083e-08
2.6425214e-08
2.6148994e-08
2.5936764e-08
2.5552109e-08
2.5447956e-08
2.536429e-08
2.526793e-08
2.5257526e-08
2.543032e-08
2.5497033e-08
2.5788697e-08
2.6135983e-08
2.6501527e-08
2.7085572e-08
2.7634517e-08
2.8412873e-08
2.9303078e-08
2.9953034e-08
3.0156707e-08
3.0646981e-08
3.104322e-08
3.1352355e-08
3.1913078e-08
3.2208938e-08
3.2754246e-08
3.3308189e-08
3.3613858e-08
3.4282834e-08
3.4799123e-08
3.5264999e-08
3.5964651e-08
3.6496035e-08
3.7089589e-08
3.782478e-08
3.8382421e-08
3.9007235e-08
3.9804375e-08
4.0454654e-08
4.1105093e-08
4.1983301e-08
4.2741606e-08
4.3365057e-08
4.4264414e-08
4.51283e-08
4.5880355e-08
4.671789e-08
4.7675746e-08
4.8585561e-08
4.9421214e-08
5.0358096e-08
5.1348646e-08
5.2340621e-08
5.3253357e-08
5.4207552e-08
5.5255041e-08
5.6276884e-08
5.7287846e-08
5.8266315e-08
5.9280336e-08
6.0326449e-08
6.1347235e-08
6.2389903e-08
6.3437111e-08
6.4405749e-08
6.5438406e-08
6.6422218e-08
6.7389076e-08
6.8368244e-08
6.9328316e-08
7.0307986e-08
7.1243141e-08
7.2162637e-08
7.3017165e-08
7.3875712e-08
7.4664846e-08
7.5430463e-08
7.6167024e-08
7.6864591e-08
7.7524845e-08
7.8133478e-08
7.869667e-08
7.9203751e-08
7.9651683e-08
8.0042373e-08
8.0356856e-08
8.0623534e-08
8.0802332e-08
8.0950566e-08
1.9100162e-11
1.3921098e-11
1.4088234e-11
1.5312158e-11
1.6962347e-11
1.9353501e-11
2.2067313e-11
2.4844877e-11
2.7578126e-11
3.0419784e-11
3.384081e-11
3.7220934e-11
4.4598717e-11
4.8419746e-11
6.7637508e-11
8.5186292e-11
1.4689303e-10
3.775573e-10
7.8785249e-10
8.0843979e-09
1.6782929e-08
3.8160436e-08
5.7402186e-08
6.522449e-08
6.8387598e-08
6.9501196e-08
6.977443e-08
6.9888923e-08
6.9789547e-08
6.9608528e-08
6.9146488e-08
6.8639009e-08
6.8289585e-08
6.7868854e-08
6.7522949e-08
6.6833706e-08
6.6747595e-08
6.6615679e-08
6.6460545e-08
6.6499325e-08
6.6901512e-08
6.705459e-08
6.7722264e-08
6.8451723e-08
6.9253259e-08
7.049492e-08
7.1660215e-08
7.3274353e-08
7.5340908e-08
7.6731376e-08
7.7125052e-08
7.8174593e-08
7.894113e-08
7.9585402e-08
8.0743076e-08
8.1312461e-08
8.2466986e-08
8.3533334e-08
8.4138425e-08
8.554693e-08
8.6525875e-08
8.7455952e-08
8.8882223e-08
8.9887368e-08
9.1079773e-08
9.2544308e-08
9.3579775e-08
9.4813261e-08
9.638621e-08
9.7581953e-08
9.8843573e-08
1.0058327e-07
1.0195192e-07
1.0311215e-07
1.0488596e-07
1.064898e-07
1.0783758e-07
1.0942949e-07
1.1125797e-07
1.128966e-07
1.1440208e-07
1.1617387e-07
1.1802656e-07
1.197999e-07
1.2141492e-07
1.2318367e-07
1.2512401e-07
1.269582e-07
1.2872371e-07
1.3045417e-07
1.3231178e-07
1.3420614e-07
1.3600127e-07
1.3782793e-07
1.3963239e-07
1.4132905e-07
1.4319321e-07
1.4492917e-07
1.4660616e-07
1.4829704e-07
1.4995591e-07
1.516477e-07
1.5325749e-07
1.5482819e-07
1.5630533e-07
1.5781856e-07
1.5917787e-07
1.6048819e-07
1.6174928e-07
1.6294552e-07
1.6407956e-07
1.6512556e-07
1.6609675e-07
1.6697334e-07
1.677519e-07
1.6843376e-07
1.6898928e-07
1.6946455e-07
1.6979845e-07
1.7005811e-07
6.1374895e-11
4.4257843e-11
4.3651285e-11
4.5690116e-11
4.826858e-11
5.2193696e-11
5.6211832e-11
5.9737561e-11
6.0956064e-11
6.1994229e-11
6.47829e-11
6.729514e-11
7.820086e-11
8.2561533e-11
1.1462158e-10
1.4637745e-10
2.2906139e-10
6.8591343e-10
1.225112e-09
1.4446475e-08
3.013418e-08
6.8198087e-08
1.0362002e-07
1.1959375e-07
1.2784558e-07
1.3194321e-07
1.3366784e-07
1.3492649e-07
1.3563166e-07
1.3610397e-07
1.3606764e-07
1.3594234e-07
1.3597462e-07
1.3570578e-07
1.3541167e-07
1.3459884e-07
1.3475739e-07
1.3466133e-07
1.3452173e-07
1.34696e-07
1.3540558e-07
1.356524e-07
1.367983e-07
1.3792301e-07
1.3923554e-07
1.4120304e-07
1.430551e-07
1.4554322e-07
1.493977e-07
1.5171681e-07
1.5228153e-07
1.5398115e-07
1.5509319e-07
1.5609352e-07
1.5791585e-07
1.5872938e-07
1.605933e-07
1.6216014e-07
1.6304308e-07
1.653222e-07
1.6675215e-07
1.681552e-07
1.7040944e-07
1.7187154e-07
1.7371036e-07
1.7598525e-07
1.7745067e-07
1.7931316e-07
1.8174572e-07
1.8344451e-07
1.8532636e-07
1.8804632e-07
1.8981391e-07
1.9122382e-07
1.9386833e-07
1.9608882e-07
1.9771108e-07
1.9992802e-07
2.0262779e-07
2.0479496e-07
2.0671271e-07
2.0927736e-07
2.1200159e-07
2.1438486e-07
2.1646678e-07
2.1899422e-07
2.2186e-07
2.2443959e-07
2.2676481e-07
2.2908481e-07
2.3179542e-07
2.3457501e-07
2.3706809e-07
2.39577e-07
2.419933e-07
2.4432261e-07
2.4707371e-07
2.4959318e-07
2.5193209e-07
2.5427215e-07
2.5658154e-07
2.5894813e-07
2.6120127e-07
2.6337475e-07
2.6545845e-07
2.6769595e-07
2.6965368e-07
2.7150421e-07
2.732918e-07
2.7499778e-07
2.7662619e-07
2.7813488e-07
2.7954891e-07
2.8083494e-07
2.8199141e-07
2.8301584e-07
2.838704e-07
2.8461564e-07
2.8518174e-07
2.8559725e-07
1.7730353e-10
1.2684391e-10
1.2151142e-10
1.2194284e-10
1.2210554e-10
1.2413066e-10
1.2287624e-10
1.1595622e-10
1.1111066e-10
1.0794265e-10
1.0862303e-10
1.0749565e-10
1.2302327e-10
1.2461778e-10
1.7232761e-10
2.2936009e-10
3.0357379e-10
1.1743125e-09
1.6694832e-09
2.4167875e-08
4.9059734e-08
1.0892719e-07
1.6615916e-07
1.9217681e-07
2.0478395e-07
2.1188557e-07
2.1658514e-07
2.2033207e-07
2.2292611e-07
2.2502219e-07
2.262894e-07
2.2736591e-07
2.2850324e-07
2.2891988e-07
2.2903885e-07
2.284533e-07
2.2916774e-07
2.292518e-07
2.2924342e-07
2.2961562e-07
2.3066016e-07
2.30938e-07
2.3255949e-07
2.3395527e-07
2.3572627e-07
2.3830948e-07
2.4075749e-07
2.4391883e-07
2.5054819e-07
2.5395039e-07
2.5462435e-07
2.5694881e-07
2.5830133e-07
2.5958575e-07
2.6203066e-07
2.6298307e-07
2.6554431e-07
2.6752707e-07
2.6857229e-07
2.7173309e-07
2.735524e-07
2.7533925e-07
2.7843301e-07
2.8027577e-07
2.8271105e-07
2.8551484e-07
2.867268e-07
2.8857357e-07
2.914536e-07
2.9310033e-07
2.9501229e-07
2.9840137e-07
3.0054485e-07
3.0216046e-07
3.056704e-07
3.0872442e-07
3.1071252e-07
3.1357256e-07
3.173123e-07
3.2024266e-07
3.2267507e-07
3.2612724e-07
3.2996111e-07
3.3323123e-07
3.3594595e-07
3.3935327e-07
3.4338803e-07
3.470229e-07
3.5016271e-07
3.5324089e-07
3.5698279e-07
3.6093773e-07
3.6441997e-07
3.6787567e-07
3.7114885e-07
3.7428218e-07
3.7814055e-07
3.817313e-07
3.8499795e-07
3.8822631e-07
3.9140978e-07
3.9468596e-07
3.9780634e-07
4.0080101e-07
4.0366451e-07
4.0683511e-07
4.0961712e-07
4.1220851e-07
4.1470427e-07
4.1709151e-07
4.1938043e-07
4.2150734e-07
4.2351202e-07
4.2534467e-07
4.2700589e-07
4.2848899e-07
4.2974277e-07
4.3084869e-07
4.3172607e-07
4.3236264e-07
4.6609187e-10
3.3667503e-10
3.1392337e-10
3.0314691e-10
2.8838543e-10
2.7547925e-10
2.4266557e-10
2.1640746e-10
1.9647792e-10
1.8020532e-10
1.7340512e-10
1.6058608e-10
1.8191003e-10
1.7234628e-10
2.3487696e-10
3.4246288e-10
3.5863554e-10
1.9172097e-09
2.1303974e-09
3.7629487e-08
7.2107955e-08
1.5628083e-07
2.3632585e-07
2.7092513e-07
2.9226888e-07
3.0539266e-07
3.15035e-07
3.2307817e-07
3.2902858e-07
3.340782e-07
3.3786673e-07
3.4126599e-07
3.4451521e-07
3.4644314e-07
3.4759302e-07
3.4776503e-07
3.4952339e-07
3.5010576e-07
3.5045858e-07
3.5115921e-07
3.5261457e-07
3.5285875e-07
3.5491407e-07
3.5637795e-07
3.5845921e-07
3.614088e-07
3.6364652e-07
3.6597582e-07
3.7852359e-07
3.8294189e-07
3.8340993e-07
3.8573255e-07
3.8696504e-07
3.8789222e-07
3.9048659e-07
3.911077e-07
3.9374575e-07
3.9582744e-07
3.9632494e-07
3.9985147e-07
4.0181601e-07
4.0329513e-07
4.0685023e-07
4.0870531e-07
4.1112275e-07
4.1487779e-07
4.166789e-07
4.1914845e-07
4.2325562e-07
4.2555605e-07
4.2803057e-07
4.327749e-07
4.3585689e-07
4.3796878e-07
4.4276332e-07
4.4720807e-07
4.499107e-07
4.53683e-07
4.5887591e-07
4.6301989e-07
4.6621773e-07
4.707644e-07
4.7611392e-07
4.8069034e-07
4.8423492e-07
4.8869239e-07
4.9422362e-07
4.9927746e-07
5.0351864e-07
5.0750568e-07
5.1244051e-07
5.1789249e-07
5.2265823e-07
5.2732008e-07
5.3165699e-07
5.3570414e-07
5.4086827e-07
5.4580719e-07
5.5025302e-07
5.5457755e-07
5.5881739e-07
5.6320026e-07
5.6737218e-07
5.7136474e-07
5.7513904e-07
5.7942835e-07
5.8325378e-07
5.8677339e-07
5.9014093e-07
5.9336356e-07
5.9646598e-07
5.9935728e-07
6.0209622e-07
6.0461299e-07
6.069118e-07
6.0897458e-07
6.1073425e-07
6.1230031e-07
6.135879e-07
6.1452465e-07
1.047465e-09
8.0924042e-10
7.4804806e-10
7.0769872e-10
6.5265271e-10
5.9042237e-10
4.9168001e-10
4.1510803e-10
3.5527932e-10
3.0512988e-10
2.7958409e-10
2.3479953e-10
2.6755088e-10
2.2610857e-10
2.9946813e-10
4.6449009e-10
3.8368966e-10
2.6017304e-09
2.1404223e-09
4.9057202e-08
8.4222146e-08
1.9441655e-07
3.00449e-07
3.4034845e-07
3.6867958e-07
3.8745727e-07
4.0314001e-07
4.1749606e-07
4.2867987e-07
4.3849337e-07
4.4656378e-07
4.5396172e-07
4.6103933e-07
4.6637232e-07
4.7014151e-07
4.7229039e-07
4.7649309e-07
4.7916161e-07
4.8085797e-07
4.8290594e-07
4.8581793e-07
4.8674613e-07
4.8993887e-07
4.9199612e-07
4.9474646e-07
4.9831859e-07
5.0176412e-07
5.0533906e-07
5.1837858e-07
5.2532622e-07
5.2648144e-07
5.2996897e-07
5.3207843e-07
5.3331062e-07
5.3712378e-07
5.3811418e-07
5.4180184e-07
5.4497749e-07
5.4544484e-07
5.5025005e-07
5.5327128e-07
5.5506568e-07
5.599322e-07
5.6254939e-07
5.6560395e-07
5.7086294e-07
5.7359468e-07
5.769168e-07
5.8268756e-07
5.8601354e-07
5.892249e-07
5.9568796e-07
6.0013409e-07
6.0284935e-07
6.0910643e-07
6.153913e-07
6.1905784e-07
6.2385189e-07
6.3078788e-07
6.3652336e-07
6.4065017e-07
6.4638097e-07
6.5355232e-07
6.5981204e-07
6.643458e-07
6.6992268e-07
6.7718292e-07
6.8400724e-07
6.8962173e-07
6.9462342e-07
7.0083671e-07
7.0805456e-07
7.1439472e-07
7.2052566e-07
7.261208e-07
7.3115083e-07
7.37761e-07
7.4428309e-07
7.5014442e-07
7.5575759e-07
7.6121772e-07
7.6687547e-07
7.7226583e-07
7.7741221e-07
7.822034e-07
7.8776096e-07
7.9283463e-07
7.9746555e-07
8.0186235e-07
8.0606519e-07
8.1012542e-07
8.139202e-07
8.1753191e-07
8.2086727e-07
8.2393625e-07
8.2667098e-07
8.2899871e-07
8.3108226e-07
8.328388e-07
8.3411272e-07
1.3023253e-09
1.5962149e-09
1.5063154e-09
1.4356439e-09
1.3302639e-09
1.19909e-09
1.0142789e-09
8.4298533e-10
6.93164e-10
5.5777111e-10
4.8776648e-10
3.746868e-10
4.0169346e-10
3.1416165e-10
3.6053544e-10
5.5428936e-10
3.9936379e-10
2.8044574e-09
1.8460201e-09
5.5396872e-08
8.4842807e-08
2.1549027e-07
3.388206e-07
3.9414346e-07
4.3535737e-07
4.651225e-07
4.8988458e-07
5.1328079e-07
5.3174873e-07
5.4829489e-07
5.6237989e-07
5.753523e-07
5.8766297e-07
5.9782899e-07
6.0561181e-07
6.1045881e-07
6.1825218e-07
6.2415074e-07
6.2818161e-07
6.3258589e-07
6.3810215e-07
6.4075004e-07
6.4626684e-07
6.5011524e-07
6.5473237e-07
6.6018146e-07
6.6577095e-07
6.7124777e-07
6.8360547e-07
6.9340075e-07
6.9580069e-07
7.0083454e-07
7.0429929e-07
7.0607416e-07
7.1139483e-07
7.1305717e-07
7.180207e-07
7.2275189e-07
7.2338368e-07
7.2958525e-07
7.3412013e-07
7.3645473e-07
7.428587e-07
7.4662267e-07
7.5050041e-07
7.5744436e-07
7.6137199e-07
7.6558327e-07
7.7317938e-07
7.7784847e-07
7.8181334e-07
7.9008024e-07
7.9629805e-07
7.9966204e-07
8.0732691e-07
8.1580097e-07
8.2068919e-07
8.265081e-07
8.3531639e-07
8.4299821e-07
8.4819199e-07
8.5510394e-07
8.6427163e-07
8.7253002e-07
8.7820267e-07
8.8491854e-07
8.9403035e-07
9.0290159e-07
9.1016143e-07
9.1626694e-07
9.237991e-07
9.3295545e-07
9.4113098e-07
9.4897775e-07
9.5602674e-07
9.6209964e-07
9.7023289e-07
9.7836938e-07
9.8574577e-07
9.9275445e-07
9.995281e-07
1.0065436e-06
1.0132247e-06
1.0195966e-06
1.0254608e-06
1.0323261e-06
1.0386938e-06
1.0445153e-06
1.0500133e-06
1.0552578e-06
1.0603313e-06
1.0650801e-06
1.069614e-06
1.0738129e-06
1.0776958e-06
1.080996e-06
1.0836991e-06
1.0861138e-06
1.0881362e-06
1.0895022e-06
1.3527413e-09
1.6279494e-09
1.702462e-09
1.7424282e-09
1.7740586e-09
1.7630181e-09
1.7034382e-09
1.5844937e-09
1.3955509e-09
1.1375015e-09
9.4828876e-10
6.9486744e-10
6.583599e-10
4.9425501e-10
4.5566627e-10
6.6061914e-10
4.1840379e-10
2.4118439e-09
1.1071274e-09
5.7233168e-08
6.7774943e-08
2.086978e-07
3.6333512e-07
4.3550217e-07
4.9249629e-07
5.3662426e-07
5.7319194e-07
6.0727895e-07
6.361219e-07
6.6174297e-07
6.8411999e-07
7.0470505e-07
7.2406081e-07
7.4089394e-07
7.5457857e-07
7.6346528e-07
7.7614317e-07
7.8656742e-07
7.9418937e-07
8.0195377e-07
8.1108453e-07
8.163923e-07
8.2509882e-07
8.3161038e-07
8.389141e-07
8.4699876e-07
8.5543508e-07
8.6337551e-07
8.7492098e-07
8.8731393e-07
8.9142592e-07
8.982904e-07
9.0359798e-07
9.0617546e-07
9.132017e-07
9.1583823e-07
9.2219452e-07
9.2892586e-07
9.299735e-07
9.3756968e-07
9.440584e-07
9.4718251e-07
9.5527991e-07
9.6061872e-07
9.6547636e-07
9.7429817e-07
9.7981905e-07
9.850238e-07
9.9462783e-07
1.0010638e-06
1.0058984e-06
1.0160619e-06
1.0245025e-06
1.0286691e-06
1.0377423e-06
1.0487283e-06
1.0551733e-06
1.0621128e-06
1.0729109e-06
1.0828589e-06
1.0893095e-06
1.0975267e-06
1.1087289e-06
1.1190067e-06
1.1259618e-06
1.1340104e-06
1.1449738e-06
1.1558704e-06
1.1648741e-06
1.1722372e-06
1.1812033e-06
1.1922539e-06
1.2022786e-06
1.2119362e-06
1.2205067e-06
1.2277606e-06
1.2374406e-06
1.2464691e-06
1.2548938e-06
1.2630265e-06
1.2709171e-06
1.2790576e-06
1.286724e-06
1.2940561e-06
1.3008993e-06
1.3087809e-06
1.3158544e-06
1.3224985e-06
1.3287975e-06
1.3348027e-06
1.3405837e-06
1.3459764e-06
1.351116e-06
1.3558517e-06
1.3602188e-06
1.3641752e-06
1.3676154e-06
1.3707129e-06
1.3733772e-06
1.3751918e-06
1.341708e-09
1.6399266e-09
1.7145755e-09
1.7580989e-09
1.8180012e-09
1.8680457e-09
1.918645e-09
1.9765239e-09
2.0117365e-09
1.9583064e-09
1.8321404e-09
1.4716773e-09
1.2601365e-09
9.3148925e-10
6.9315196e-10
8.6885319e-10
5.0842184e-10
1.9166648e-09
6.2788862e-10
4.9222671e-08
4.0792424e-08
1.657534e-07
3.649058e-07
4.6346293e-07
5.3645541e-07
5.9624391e-07
6.462918e-07
6.9248433e-07
7.3395582e-07
7.710844e-07
8.0423896e-07
8.3448847e-07
8.6372679e-07
8.8949746e-07
9.1145484e-07
9.2633745e-07
9.4575386e-07
9.623329e-07
9.7528034e-07
9.8779153e-07
1.0018582e-06
1.0110029e-06
1.0240135e-06
1.0342361e-06
1.045187e-06
1.056759e-06
1.0689007e-06
1.0801343e-06
1.0912611e-06
1.1058531e-06
1.1120351e-06
1.1210305e-06
1.1288103e-06
1.1325835e-06
1.1415943e-06
1.1456113e-06
1.1535032e-06
1.1627651e-06
1.1646158e-06
1.1736466e-06
1.1825623e-06
1.1867971e-06
1.1967703e-06
1.2041129e-06
1.2101663e-06
1.2210665e-06
1.2285751e-06
1.2349713e-06
1.2467603e-06
1.2551558e-06
1.2612308e-06
1.2734243e-06
1.2839399e-06
1.2892542e-06
1.3000581e-06
1.313339e-06
1.321455e-06
1.3298785e-06
1.3427218e-06
1.3546379e-06
1.3624499e-06
1.3725635e-06
1.3853587e-06
1.396346e-06
1.4044813e-06
1.4146954e-06
1.427148e-06
1.438913e-06
1.4489009e-06
1.4578038e-06
1.4686618e-06
1.4809003e-06
1.4918401e-06
1.5027763e-06
1.5124492e-06
1.5211412e-06
1.5325458e-06
1.5434619e-06
1.5537204e-06
1.5635768e-06
1.5731034e-06
1.5829182e-06
1.5921618e-06
1.6009937e-06
1.6091579e-06
1.6186297e-06
1.6272634e-06
1.6353864e-06
1.6430687e-06
1.6503856e-06
1.6574433e-06
1.6640394e-06
1.6703504e-06
1.6761866e-06
1.681602e-06
1.6865348e-06
1.6908681e-06
1.6947992e-06
1.6982616e-06
1.7006567e-06
1.3057342e-09
1.5964903e-09
1.6701439e-09
1.7088422e-09
1.7661607e-09
1.8130356e-09
1.8690747e-09
1.9439015e-09
2.0276796e-09
2.1180851e-09
2.2453963e-09
2.275703e-09
2.2850291e-09
1.9585632e-09
1.4173605e-09
1.389732e-09
8.3405506e-10
1.7714318e-09
5.7418197e-10
2.9443789e-08
2.4341239e-08
8.9118038e-08
3.1023146e-07
4.735603e-07
5.6464977e-07
6.3965845e-07
7.03136e-07
7.6182278e-07
8.171651e-07
8.676629e-07
9.1409491e-07
9.5642722e-07
9.982654e-07
1.0356719e-06
1.0684771e-06
1.0921645e-06
1.120988e-06
1.1457435e-06
1.1662959e-06
1.1854491e-06
1.2063289e-06
1.220813e-06
1.2397765e-06
1.2551076e-06
1.2710319e-06
1.2872824e-06
1.3042962e-06
1.3200962e-06
1.3313641e-06
1.3478353e-06
1.3563009e-06
1.3676732e-06
1.3787277e-06
1.3842257e-06
1.3956055e-06
1.4015965e-06
1.411191e-06
1.4236409e-06
1.4268335e-06
1.43742e-06
1.4491974e-06
1.4549171e-06
1.466975e-06
1.476381e-06
1.4840874e-06
1.4970849e-06
1.5065383e-06
1.5145959e-06
1.5285776e-06
1.5378801e-06
1.5463956e-06
1.560893e-06
1.5708022e-06
1.5782957e-06
1.5922374e-06
1.605524e-06
1.6145083e-06
1.6256597e-06
1.6403727e-06
1.6527357e-06
1.6622429e-06
1.6746448e-06
1.6894764e-06
1.702898e-06
1.7127289e-06
1.7247706e-06
1.739503e-06
1.75369e-06
1.7658319e-06
1.7764138e-06
1.7891441e-06
1.8036816e-06
1.8168654e-06
1.8300442e-06
1.8416662e-06
1.8519038e-06
1.8653175e-06
1.8783578e-06
1.8907284e-06
1.9025894e-06
1.9140202e-06
1.9257673e-06
1.9368364e-06
1.947412e-06
1.957098e-06
1.9683511e-06
1.978785e-06
1.9886369e-06
1.9979435e-06
2.0067987e-06
2.0153553e-06
2.0233675e-06
2.0310608e-06
2.0382008e-06
2.044865e-06
2.0509694e-06
2.0563877e-06
2.0613383e-06
2.0657906e-06
2.0689361e-06
1.2756135e-09
1.5431081e-09
1.6066329e-09
1.6387978e-09
1.6901841e-09
1.7313454e-09
1.787632e-09
1.8566274e-09
1.9301376e-09
2.0172468e-09
2.1523888e-09
2.277916e-09
2.4652805e-09
2.6291609e-09
2.5829695e-09
2.5511741e-09
1.8065166e-09
2.1787201e-09
9.6681165e-10
1.7209339e-08
2.0847356e-08
1.1670552e-08
2.1147168e-07
4.0874269e-07
5.6723965e-07
6.6346675e-07
7.4161967e-07
8.1201552e-07
8.8071602e-07
9.4476259e-07
1.0059473e-06
1.0623462e-06
1.1190184e-06
1.1706718e-06
1.2173276e-06
1.2529167e-06
1.2941028e-06
1.329723e-06
1.3606796e-06
1.3888452e-06
1.4192555e-06
1.4409776e-06
1.4681886e-06
1.4903547e-06
1.5130977e-06
1.5355972e-06
1.5589774e-06
1.5810962e-06
1.5933232e-06
1.6116628e-06
1.6224445e-06
1.6363573e-06
1.6515434e-06
1.6593821e-06
1.6735882e-06
1.6823793e-06
1.6938565e-06
1.7102514e-06
1.7154576e-06
1.7278194e-06
1.742441e-06
1.7501341e-06
1.7644581e-06
1.7744765e-06
1.7852043e-06
1.7995695e-06
1.8093482e-06
1.8205185e-06
1.8361115e-06
1.846768e-06
1.8571875e-06
1.8744055e-06
1.8870164e-06
1.8962584e-06
1.9126696e-06
1.9287554e-06
1.9399985e-06
1.9532339e-06
1.9705689e-06
1.9856391e-06
1.9971843e-06
2.0117191e-06
2.0291545e-06
2.0453595e-06
2.0572567e-06
2.0713617e-06
2.0885858e-06
2.1054973e-06
2.1201791e-06
2.1327757e-06
2.1475977e-06
2.1646749e-06
2.1804362e-06
2.1961944e-06
2.2101302e-06
2.22221e-06
2.237845e-06
2.2532875e-06
2.2680934e-06
2.2822944e-06
2.2959575e-06
2.3099487e-06
2.3231455e-06
2.3357659e-06
2.3472324e-06
2.3604887e-06
2.3730057e-06
2.3848822e-06
2.3961034e-06
2.4067725e-06
2.4170996e-06
2.4267889e-06
2.4361225e-06
2.4448159e-06
2.4529747e-06
2.4604906e-06
2.4672306e-06
2.4734311e-06
2.4791076e-06
2.4832198e-06
1.2493898e-09
1.4927303e-09
1.5471724e-09
1.5736575e-09
1.619138e-09
1.6563204e-09
1.7135658e-09
1.7749791e-09
1.8388158e-09
1.9265926e-09
2.05141e-09
2.1617403e-09
2.3193633e-09
2.4965164e-09
2.6669563e-09
2.9971985e-09
3.0330692e-09
3.1590805e-09
2.1583634e-09
8.8377179e-09
1.9099189e-08
6.387253e-09
8.1828942e-08
2.9465233e-07
4.8464611e-07
6.4370196e-07
7.578943e-07
8.4367256e-07
9.2369379e-07
9.995104e-07
1.0748149e-06
1.1457913e-06
1.2182059e-06
1.2859024e-06
1.349048e-06
1.3995628e-06
1.4561632e-06
1.5056717e-06
1.5503333e-06
1.5904354e-06
1.6335255e-06
1.6651658e-06
1.7034384e-06
1.7346356e-06
1.7668139e-06
1.7975681e-06
1.8292586e-06
1.859872e-06
1.8742556e-06
1.8949269e-06
1.9078843e-06
1.9247062e-06
1.9445142e-06
1.9554274e-06
1.9730159e-06
1.9855988e-06
1.9993164e-06
2.0202852e-06
2.0283127e-06
2.0428706e-06
2.0586666e-06
2.0693166e-06
2.0860009e-06
2.0986014e-06
2.1118214e-06
2.1290391e-06
2.1417897e-06
2.1554491e-06
2.1738982e-06
2.1875847e-06
2.2002547e-06
2.2203468e-06
2.2362338e-06
2.2476036e-06
2.2667109e-06
2.2859083e-06
2.2999228e-06
2.3155651e-06
2.3357444e-06
2.3539576e-06
2.3680036e-06
2.384964e-06
2.4052444e-06
2.4246522e-06
2.4391083e-06
2.4555916e-06
2.4755671e-06
2.4955544e-06
2.5132444e-06
2.5282966e-06
2.5454959e-06
2.5653924e-06
2.5841299e-06
2.60285e-06
2.6195494e-06
2.6338712e-06
2.6519832e-06
2.6701554e-06
2.6877717e-06
2.704712e-06
2.7210058e-06
2.7376166e-06
2.7533092e-06
2.7683471e-06
2.7819295e-06
2.7974508e-06
2.8123896e-06
2.8266426e-06
2.8401284e-06
2.852948e-06
2.8653783e-06
2.8770668e-06
2.8883581e-06
2.898913e-06
2.9088691e-06
2.9180932e-06
2.9264485e-06
2.9341856e-06
2.9413728e-06
2.9467252e-06
1.225577e-09
1.4441238e-09
1.4903305e-09
1.5121179e-09
1.5532206e-09
1.5886519e-09
1.6464541e-09
1.7003825e-09
1.7593427e-09
1.8558215e-09
1.9685835e-09
2.0656755e-09
2.215275e-09
2.3631405e-09
2.5351877e-09
2.7639385e-09
2.9588594e-09
3.4365665e-09
3.4748149e-09
3.0428872e-09
1.4623141e-08
1.1465833e-08
4.6617277e-08
1.5196151e-07
3.5226608e-07
5.3883055e-07
7.0369844e-07
8.5074916e-07
9.4468853e-07
1.0332135e-06
1.1201988e-06
1.2042246e-06
1.2908761e-06
1.3746357e-06
1.4553389e-06
1.52295e-06
1.5974757e-06
1.6636744e-06
1.7254742e-06
1.7807386e-06
1.8400192e-06
1.8848725e-06
1.9375178e-06
1.9807015e-06
2.0254467e-06
2.0670178e-06
2.1097673e-06
2.1512039e-06
2.1696646e-06
2.1934625e-06
2.2084398e-06
2.2290487e-06
2.2535468e-06
2.2683205e-06
2.2902027e-06
2.3072703e-06
2.3242226e-06
2.3500133e-06
2.3624482e-06
2.3795491e-06
2.4003746e-06
2.4142642e-06
2.434118e-06
2.4505481e-06
2.4667906e-06
2.4871916e-06
2.5036578e-06
2.5202687e-06
2.5418522e-06
2.5592345e-06
2.5746528e-06
2.5979975e-06
2.6175406e-06
2.6317187e-06
2.6538751e-06
2.676475e-06
2.6939732e-06
2.7124434e-06
2.7357403e-06
2.7576401e-06
2.7747822e-06
2.7945486e-06
2.8179681e-06
2.8410725e-06
2.8587164e-06
2.8779818e-06
2.9010263e-06
2.9244977e-06
2.9457558e-06
2.9638231e-06
2.9837648e-06
3.0068112e-06
3.0290036e-06
3.0511164e-06
3.0711279e-06
3.0882149e-06
3.1091171e-06
3.1304121e-06
3.1512787e-06
3.1714317e-06
3.1908373e-06
3.2105187e-06
3.2291535e-06
3.2470693e-06
3.2631995e-06
3.2813002e-06
3.2990721e-06
3.3161212e-06
3.3322936e-06
3.3476751e-06
3.3626181e-06
3.3767052e-06
3.390347e-06
3.4031461e-06
3.4152747e-06
3.4265765e-06
3.4369142e-06
3.4465481e-06
3.4555981e-06
3.4625374e-06
1.2036461e-09
1.3971363e-09
1.4355898e-09
1.4534861e-09
1.4908931e-09
1.5260488e-09
1.5825484e-09
1.6293965e-09
1.6912324e-09
1.7938134e-09
1.8908125e-09
1.9812393e-09
2.1339409e-09
2.2607166e-09
2.4421524e-09
2.6261361e-09
2.8290274e-09
3.0936806e-09
3.3700333e-09
3.586315e-09
6.7569868e-09
1.174119e-08
1.0311759e-09
2.968507e-08
1.9116278e-07
3.8196506e-07
5.705281e-07
7.4633186e-07
9.1084237e-07
1.0413787e-06
1.1435479e-06
1.239699e-06
1.3372567e-06
1.4345518e-06
1.5309789e-06
1.6158776e-06
1.7090502e-06
1.7935602e-06
1.8752336e-06
1.9485763e-06
2.0275048e-06
2.0891304e-06
2.1598569e-06
2.2185609e-06
2.2795325e-06
2.3351971e-06
2.3923984e-06
2.4476155e-06
2.4723663e-06
2.5005539e-06
2.5181432e-06
2.5431533e-06
2.5726957e-06
2.591958e-06
2.619416e-06
2.6413801e-06
2.6630212e-06
2.6942554e-06
2.7115891e-06
2.7326598e-06
2.7612529e-06
2.7796316e-06
2.8031102e-06
2.8266471e-06
2.8467158e-06
2.870995e-06
2.8917038e-06
2.9120851e-06
2.9373996e-06
2.9589048e-06
2.9779635e-06
3.0050811e-06
3.0286586e-06
3.0466298e-06
3.0723071e-06
3.0987591e-06
3.1203596e-06
3.1423752e-06
3.1692945e-06
3.1952052e-06
3.2163884e-06
3.239445e-06
3.2665087e-06
3.2936614e-06
3.3153382e-06
3.3379464e-06
3.364534e-06
3.3919313e-06
3.4172931e-06
3.4391947e-06
3.4623394e-06
3.4890618e-06
3.515057e-06
3.5411752e-06
3.5651772e-06
3.5857053e-06
3.6098383e-06
3.6346372e-06
3.6593407e-06
3.6832788e-06
3.7063824e-06
3.7296804e-06
3.7518046e-06
3.7731724e-06
3.7924056e-06
3.8134731e-06
3.8345923e-06
3.8549478e-06
3.8743214e-06
3.892772e-06
3.9107314e-06
3.9277127e-06
3.9441909e-06
3.9597101e-06
3.9744772e-06
3.9883183e-06
4.0010979e-06
4.0130831e-06
4.024429e-06
4.0333943e-06
1.1830945e-09
1.3516081e-09
1.3828973e-09
1.3976859e-09
1.4319796e-09
1.467805e-09
1.5217185e-09
1.5619685e-09
1.6337229e-09
1.7323798e-09
1.811447e-09
1.9071332e-09
2.0591743e-09
2.1768927e-09
2.3669525e-09
2.5226302e-09
2.7430904e-09
2.9444218e-09
3.2213356e-09
3.437189e-09
4.2638846e-09
5.5293462e-09
2.8350866e-09
1.0432167e-09
6.0590933e-08
2.0239518e-07
3.8582076e-07
5.7663724e-07
7.7015733e-07
9.4778204e-07
1.124024e-06
1.2489084e-06
1.3619031e-06
1.4687089e-06
1.5766841e-06
1.6761889e-06
1.7854307e-06
1.887414e-06
1.9895915e-06
2.0825054e-06
2.1834756e-06
2.2649597e-06
2.3573376e-06
2.4352201e-06
2.5164673e-06
2.5900384e-06
2.6655582e-06
2.7384241e-06
2.7720781e-06
2.8061128e-06
2.827787e-06
2.85779e-06
2.8931474e-06
2.91767e-06
2.9520391e-06
2.9796041e-06
3.0071685e-06
3.0450366e-06
3.0676273e-06
3.0943665e-06
3.1300126e-06
3.153914e-06
3.1824741e-06
3.2155364e-06
3.2396842e-06
3.2695397e-06
3.3008149e-06
3.3252825e-06
3.3549848e-06
3.3820882e-06
3.4054989e-06
3.4371718e-06
3.4656484e-06
3.4881289e-06
3.5181398e-06
3.5491541e-06
3.575555e-06
3.601906e-06
3.6331601e-06
3.6637975e-06
3.6896527e-06
3.7168762e-06
3.7482066e-06
3.780085e-06
3.8063966e-06
3.8332591e-06
3.8639781e-06
3.8959817e-06
3.9261051e-06
3.9525549e-06
3.9796167e-06
4.0107033e-06
4.0411009e-06
4.0718987e-06
4.1005854e-06
4.1252629e-06
4.1533808e-06
4.1822844e-06
4.2114727e-06
4.2398457e-06
4.2673353e-06
4.2949534e-06
4.3212367e-06
4.3467024e-06
4.3697246e-06
4.3945066e-06
4.4194105e-06
4.4436449e-06
4.4669113e-06
4.4891097e-06
4.5107174e-06
4.5312191e-06
4.5511461e-06
4.5699883e-06
4.5879825e-06
4.6049492e-06
4.6207533e-06
4.6356699e-06
4.6498489e-06
4.6613997e-06
1.1635606e-09
1.3075502e-09
1.332267e-09
1.3446579e-09
1.3762085e-09
1.4133997e-09
1.464129e-09
1.5011213e-09
1.5812269e-09
1.6666853e-09
1.7311376e-09
1.8485238e-09
1.9897694e-09
2.1037329e-09
2.2919487e-09
2.4385449e-09
2.6626179e-09
2.8493739e-09
3.1117875e-09
3.3388949e-09
3.6712713e-09
4.1401904e-09
4.4040848e-09
1.4339944e-09
2.8283402e-08
6.4611825e-08
1.9822811e-07
3.5759614e-07
5.6100297e-07
7.6042048e-07
9.7064641e-07
1.1613012e-06
1.3542361e-06
1.4756134e-06
1.5982838e-06
1.7080669e-06
1.8279728e-06
1.9432504e-06
2.0629229e-06
2.1739804e-06
2.2966228e-06
2.3993369e-06
2.5155247e-06
2.6154291e-06
2.7207402e-06
2.8159984e-06
2.9139101e-06
3.0089125e-06
3.0545726e-06
3.0959673e-06
3.1238584e-06
3.1597705e-06
3.2022637e-06
3.233144e-06
3.2756504e-06
3.3100452e-06
3.3445548e-06
3.3906654e-06
3.4193523e-06
3.4532365e-06
3.4964389e-06
3.5267516e-06
3.5621417e-06
3.6032661e-06
3.6334593e-06
3.6699456e-06
3.71012e-06
3.7403265e-06
3.7756852e-06
3.8166143e-06
3.8459171e-06
3.8791832e-06
3.9215082e-06
3.9494517e-06
3.9837361e-06
4.0211947e-06
4.053382e-06
4.0849533e-06
4.1214313e-06
4.1577626e-06
4.1891727e-06
4.2214764e-06
4.2579234e-06
4.2953951e-06
4.3272059e-06
4.3592759e-06
4.3949237e-06
4.4324293e-06
4.4681258e-06
4.50002e-06
4.5318399e-06
4.5682057e-06
4.6037493e-06
4.6400661e-06
4.6743068e-06
4.7040016e-06
4.7370275e-06
4.7708312e-06
4.8053411e-06
4.8389415e-06
4.8716917e-06
4.9044586e-06
4.9357766e-06
4.9661704e-06
4.9938198e-06
5.0231133e-06
5.0526114e-06
5.0814838e-06
5.1094486e-06
5.1361725e-06
5.1622429e-06
5.1870106e-06
5.211163e-06
5.2340338e-06
5.2560362e-06
5.2768355e-06
5.2964282e-06
5.3150292e-06
5.3327742e-06
5.3476618e-06
1.144745e-09
1.2649849e-09
1.2838612e-09
1.2944904e-09
1.3243295e-09
1.3621446e-09
1.4091525e-09
1.4461587e-09
1.5295534e-09
1.6021233e-09
1.6616274e-09
1.7995642e-09
1.9164728e-09
2.0357996e-09
2.2209279e-09
2.3607026e-09
2.5873733e-09
2.764594e-09
3.0317613e-09
3.2525946e-09
3.564393e-09
3.8435826e-09
4.1907373e-09
2.7707579e-09
8.0473101e-09
2.697979e-09
8.2501167e-08
1.582971e-07
3.157551e-07
5.0198577e-07
7.3356512e-07
9.540287e-07
1.1828472e-06
1.3900816e-06
1.5862137e-06
1.7111676e-06
1.84389e-06
1.966665e-06
2.0979334e-06
2.2217155e-06
2.3611918e-06
2.483259e-06
2.62185e-06
2.7443344e-06
2.8757273e-06
2.9951902e-06
3.119031e-06
3.2402842e-06
3.3013221e-06
3.3514705e-06
3.3880858e-06
3.4313735e-06
3.4826524e-06
3.5215182e-06
3.5730878e-06
3.6162823e-06
3.6585172e-06
3.7147167e-06
3.7511009e-06
3.7934817e-06
3.8456221e-06
3.8837342e-06
3.9275785e-06
3.9770632e-06
4.0146238e-06
4.0593851e-06
4.1077055e-06
4.1452629e-06
4.1881485e-06
4.2392237e-06
4.2763308e-06
4.3155647e-06
4.3700587e-06
4.4084656e-06
4.4446483e-06
4.4931326e-06
4.5396254e-06
4.5772861e-06
4.618337e-06
4.667875e-06
4.7059468e-06
4.7444316e-06
4.787019e-06
4.8312315e-06
4.8696699e-06
4.9081389e-06
4.9496456e-06
4.9938616e-06
5.0361363e-06
5.074609e-06
5.1122212e-06
5.1550089e-06
5.1966441e-06
5.2395568e-06
5.280444e-06
5.3162335e-06
5.3553313e-06
5.3950533e-06
5.4359807e-06
5.4757799e-06
5.5148984e-06
5.5538286e-06
5.5912925e-06
5.6276487e-06
5.6610007e-06
5.6958203e-06
5.730971e-06
5.7654505e-06
5.7991505e-06
5.8313755e-06
5.862946e-06
5.8929499e-06
5.9223499e-06
5.9502018e-06
5.9772088e-06
6.00278e-06
6.0271441e-06
6.0503376e-06
6.0725711e-06
6.0918769e-06
1.126552e-09
1.2246405e-09
1.2388753e-09
1.2484677e-09
1.2768614e-09
1.3146509e-09
1.3577991e-09
1.3976724e-09
1.4797493e-09
1.5374085e-09
1.6072901e-09
1.75059e-09
1.8394448e-09
1.981946e-09
2.15198e-09
2.2906791e-09
2.5164012e-09
2.6889009e-09
2.9592435e-09
3.173567e-09
3.4897399e-09
3.7531746e-09
4.0976257e-09
4.3269022e-09
4.3784326e-09
3.6147401e-11
4.7082593e-08
2.9808793e-08
1.3853982e-07
2.357937e-07
4.3362275e-07
6.5765002e-07
9.1354222e-07
1.1527438e-06
1.396636e-06
1.6164509e-06
1.8239081e-06
1.9590678e-06
2.1041979e-06
2.233294e-06
2.3817033e-06
2.5170024e-06
2.6708736e-06
2.812648e-06
2.9678432e-06
3.1108806e-06
3.2620098e-06
3.4113847e-06
3.4906548e-06
3.5505554e-06
3.5983547e-06
3.6507755e-06
3.7124002e-06
3.7611707e-06
3.8224492e-06
3.8766031e-06
3.9275555e-06
3.9952181e-06
4.0419639e-06
4.0940472e-06
4.1570489e-06
4.2050127e-06
4.2585237e-06
4.3181425e-06
4.3645041e-06
4.4192177e-06
4.4767448e-06
4.5232356e-06
4.5754907e-06
4.6361705e-06
4.6819752e-06
4.7303563e-06
4.7944725e-06
4.8428755e-06
4.8863906e-06
4.9446174e-06
5.0020697e-06
5.0485055e-06
5.0973837e-06
5.157573e-06
5.2111157e-06
5.2563185e-06
5.3057089e-06
5.3630433e-06
5.4182451e-06
5.4646498e-06
5.5117251e-06
5.5664371e-06
5.6185722e-06
5.6650937e-06
5.7097699e-06
5.7603595e-06
5.8092923e-06
5.8602284e-06
5.9091642e-06
5.9523845e-06
5.9990274e-06
6.0459551e-06
6.0947446e-06
6.1419326e-06
6.1888567e-06
6.2351954e-06
6.2802381e-06
6.3238434e-06
6.3642854e-06
6.4059212e-06
6.4481213e-06
6.4894485e-06
6.5302391e-06
6.5691942e-06
6.6076041e-06
6.6440716e-06
6.6800503e-06
6.7141002e-06
6.7474216e-06
6.77897e-06
6.8093989e-06
6.8383815e-06
6.8663807e-06
6.8912954e-06
1.1100173e-09
1.1899498e-09
1.201939e-09
1.2109196e-09
1.2382274e-09
1.2752785e-09
1.3146506e-09
1.3595807e-09
1.4336602e-09
1.4791855e-09
1.5757424e-09
1.702639e-09
1.7768746e-09
1.944514e-09
2.0809161e-09
2.2381969e-09
2.4542056e-09
2.6305248e-09
2.8985686e-09
3.109529e-09
3.4258682e-09
3.6889592e-09
4.0289045e-09
4.2915769e-09
4.6760784e-09
3.9118492e-09
1.1065334e-08
2.539106e-09
6.0774591e-08
6.3614601e-08
1.8931767e-07
3.2529456e-07
5.5980016e-07
8.0846652e-07
1.0844565e-06
1.3423295e-06
1.6142531e-06
1.8459198e-06
2.0706346e-06
2.2108707e-06
2.3713147e-06
2.5111499e-06
2.669662e-06
2.8229511e-06
2.992819e-06
3.1539455e-06
3.3289355e-06
3.5033053e-06
3.6019443e-06
3.6717254e-06
3.7323149e-06
3.7950023e-06
3.8674489e-06
3.9274877e-06
3.9985292e-06
4.0653503e-06
4.1261911e-06
4.2061165e-06
4.2659513e-06
4.3290158e-06
4.4044335e-06
4.4644933e-06
4.5286816e-06
4.6007015e-06
4.657797e-06
4.7240089e-06
4.7931952e-06
4.8506799e-06
4.9137422e-06
4.985967e-06
5.0416746e-06
5.100902e-06
5.175605e-06
5.2344273e-06
5.2882346e-06
5.3574954e-06
5.4251518e-06
5.4820863e-06
5.5410944e-06
5.6119329e-06
5.6770581e-06
5.7328881e-06
5.7915203e-06
5.8605597e-06
5.9278648e-06
5.9858411e-06
6.0418962e-06
6.107288e-06
6.175632e-06
6.2398716e-06
6.29339e-06
6.3534208e-06
6.4150458e-06
6.479055e-06
6.5453258e-06
6.5976823e-06
6.653664e-06
6.7094151e-06
6.7678481e-06
6.8239703e-06
6.8806124e-06
6.9358834e-06
6.990386e-06
7.0428296e-06
7.0921651e-06
7.142247e-06
7.1933564e-06
7.2431071e-06
7.2927884e-06
7.3400143e-06
7.3870172e-06
7.4314972e-06
7.4758128e-06
7.5176129e-06
7.5589922e-06
7.5980616e-06
7.6362767e-06
7.6725891e-06
7.7080465e-06
7.7401224e-06
1.0987038e-09
1.1677703e-09
1.1803432e-09
1.1889557e-09
1.2153411e-09
1.2513918e-09
1.290314e-09
1.3363598e-09
1.4061137e-09
1.4504341e-09
1.5615171e-09
1.6702143e-09
1.7417836e-09
1.922349e-09
2.0351107e-09
2.2254032e-09
2.4212359e-09
2.6084132e-09
2.8665157e-09
3.0782419e-09
3.393988e-09
3.6485791e-09
4.001369e-09
4.2437132e-09
4.6802561e-09
4.9764713e-09
5.8975168e-09
5.721355e-09
1.8892074e-08
1.9918302e-08
8.778599e-08
9.78591e-08
2.5093755e-07
4.0769148e-07
6.6724934e-07
9.4269915e-07
1.2523755e-06
1.5204841e-06
1.8141678e-06
2.0667294e-06
2.3168165e-06
2.466141e-06
2.6357406e-06
2.7898127e-06
2.9609855e-06
3.130294e-06
3.3183436e-06
3.5073836e-06
3.6239096e-06
3.7019079e-06
3.7745324e-06
3.8463496e-06
3.9273595e-06
3.9982898e-06
4.0779075e-06
4.1579333e-06
4.2293911e-06
4.3211253e-06
4.3955431e-06
4.4700176e-06
4.5579184e-06
4.63156e-06
4.7070389e-06
4.7932883e-06
4.8632899e-06
4.9424784e-06
5.025782e-06
5.0967129e-06
5.1718009e-06
5.2578418e-06
5.3258261e-06
5.396859e-06
5.4845095e-06
5.556236e-06
5.6219433e-06
5.7044111e-06
5.7841574e-06
5.8533407e-06
5.923986e-06
6.0073978e-06
6.0833229e-06
6.1519539e-06
6.2221518e-06
6.3040258e-06
6.382045e-06
6.4536555e-06
6.521434e-06
6.5990406e-06
6.6801752e-06
6.7593614e-06
6.8251267e-06
6.8974634e-06
6.9711171e-06
7.0480185e-06
7.1306512e-06
7.2033866e-06
7.2704941e-06
7.3404551e-06
7.4147249e-06
7.4873577e-06
7.5624839e-06
7.6345862e-06
7.7032265e-06
7.7664465e-06
7.8270445e-06
7.887653e-06
7.9500665e-06
8.0102576e-06
8.0712565e-06
8.1286471e-06
8.1865771e-06
8.2410006e-06
8.2960155e-06
8.347527e-06
8.399316e-06
8.4478618e-06
8.496184e-06
8.541796e-06
8.5869849e-06
8.6282341e-06
1.0971579e-09
1.1624317e-09
1.1770884e-09
1.1850329e-09
1.2112347e-09
1.2477748e-09
1.2857944e-09
1.3360577e-09
1.3999946e-09
1.4484963e-09
1.5759353e-09
1.6607861e-09
1.7481386e-09
1.9405522e-09
2.0486115e-09
2.270752e-09
2.4342951e-09
2.648255e-09
2.8930079e-09
3.1213843e-09
3.433431e-09
3.6960477e-09
4.0461015e-09
4.2882222e-09
4.7225326e-09
5.0774375e-09
5.5580078e-09
5.9321946e-09
6.8941455e-09
1.6293605e-09
3.1360296e-08
9.2719382e-08
1.0599606e-07
1.3021153e-07
2.9846975e-07
4.6933375e-07
7.6724574e-07
1.0470365e-06
1.3837799e-06
1.6774724e-06
1.9933654e-06
2.2614047e-06
2.5520832e-06
2.7110948e-06
2.891467e-06
3.0597781e-06
3.2451856e-06
3.4341541e-06
3.5646377e-06
3.645623e-06
3.7253422e-06
3.8012216e-06
3.8845142e-06
3.9638567e-06
4.0490842e-06
4.140666e-06
4.2217124e-06
4.3217709e-06
4.4093136e-06
4.4928643e-06
4.5903902e-06
4.6773767e-06
4.7636736e-06
4.8645822e-06
4.9487944e-06
5.0414614e-06
5.1397643e-06
5.2257071e-06
5.3131745e-06
5.4141697e-06
5.4969884e-06
5.5810291e-06
5.6836879e-06
5.7717673e-06
5.8509899e-06
5.9486633e-06
6.0432671e-06
6.1269692e-06
6.2105848e-06
6.3089298e-06
6.3978423e-06
6.4812928e-06
6.5653451e-06
6.6624687e-06
6.7532407e-06
6.8402556e-06
6.9217951e-06
7.0139714e-06
7.1077723e-06
7.201329e-06
7.2812105e-06
7.3686925e-06
7.4558599e-06
7.5470185e-06
7.6443309e-06
7.7345605e-06
7.8176304e-06
7.9029864e-06
7.9933536e-06
8.0810878e-06
8.1734171e-06
8.2611687e-06
8.3518958e-06
8.4390439e-06
8.5225346e-06
8.5988927e-06
8.6822171e-06
8.762105e-06
8.8424394e-06
8.9124975e-06
8.9844403e-06
9.0511925e-06
9.1201562e-06
9.1837927e-06
9.2492142e-06
9.309642e-06
9.371256e-06
9.4286349e-06
9.4866631e-06
9.5396522e-06
1.1055104e-09
1.1687877e-09
1.1845488e-09
1.191998e-09
1.2190955e-09
1.2563802e-09
1.2980678e-09
1.3495206e-09
1.4105528e-09
1.4813609e-09
1.6073014e-09
1.669573e-09
1.8147123e-09
2.0036913e-09
2.117229e-09
2.3564636e-09
2.505131e-09
2.7744319e-09
3.0090812e-09
3.2780243e-09
3.5877517e-09
3.8669442e-09
4.2173166e-09
4.4655632e-09
4.9011162e-09
5.2685793e-09
5.7283105e-09
6.0772376e-09
6.632818e-09
6.6729416e-09
8.9215352e-09
5.7589694e-09
3.2220037e-08
2.9973053e-09
1.3417183e-07
1.3673813e-07
3.4148927e-07
4.9749554e-07
8.1131126e-07
1.1161099e-06
1.4755459e-06
1.785589e-06
2.1348044e-06
2.4214469e-06
2.7443568e-06
2.936446e-06
3.1260074e-06
3.3124857e-06
3.4507376e-06
3.5248562e-06
3.603531e-06
3.675991e-06
3.7537324e-06
3.8387286e-06
3.9246555e-06
4.0223498e-06
4.1080243e-06
4.2079328e-06
4.3026711e-06
4.3887235e-06
4.489406e-06
4.587536e-06
4.6821609e-06
4.7951202e-06
4.8920279e-06
4.9955104e-06
5.1059609e-06
5.2054469e-06
5.3032807e-06
5.4180086e-06
5.5169658e-06
5.6149923e-06
5.7327697e-06
5.8394845e-06
5.9333826e-06
6.0468522e-06
6.1578101e-06
6.2580057e-06
6.3559636e-06
6.4712843e-06
6.5765761e-06
6.6777134e-06
6.7780347e-06
6.8930066e-06
6.9998561e-06
7.1047435e-06
7.2017087e-06
7.3109475e-06
7.4194553e-06
7.5294755e-06
7.6254316e-06
7.7311636e-06
7.8348458e-06
7.9434519e-06
8.056982e-06
8.1647579e-06
8.2662199e-06
8.3691289e-06
8.4773002e-06
8.5809763e-06
8.6911894e-06
8.7951506e-06
8.9060382e-06
9.0139223e-06
9.1200996e-06
9.2158537e-06
9.3204162e-06
9.4196903e-06
9.5236314e-06
9.6203121e-06
9.7201804e-06
9.8129553e-06
9.9095682e-06
9.9976679e-06
1.0080668e-05
1.0156128e-05
1.0235318e-05
1.0307516e-05
1.0382738e-05
1.0450625e-05
1.1154059e-09
1.171774e-09
1.1864868e-09
1.1939617e-09
1.2226716e-09
1.263824e-09
1.306781e-09
1.3618355e-09
1.431402e-09
1.5131132e-09
1.637988e-09
1.7148559e-09
1.9112345e-09
2.0746731e-09
2.2121753e-09
2.4814246e-09
2.6582281e-09
2.9957089e-09
3.2175051e-09
3.5501023e-09
3.8389899e-09
4.159665e-09
4.5105374e-09
4.7877768e-09
5.2463142e-09
5.6435142e-09
6.1364718e-09
6.530073e-09
7.0707494e-09
7.4052857e-09
8.0988751e-09
8.4371113e-09
1.0792065e-08
6.8788639e-09
3.9179716e-08
1.3613868e-09
1.4690512e-07
1.4142571e-07
3.3972038e-07
4.990004e-07
8.070388e-07
1.1120376e-06
1.5082242e-06
1.8333338e-06
2.2100168e-06
2.5211354e-06
2.8692951e-06
3.1296472e-06
3.2785115e-06
3.3441084e-06
3.4230668e-06
3.4959325e-06
3.5709267e-06
3.6617241e-06
3.7401956e-06
3.8335793e-06
3.9144354e-06
4.0022504e-06
4.0957061e-06
4.1758833e-06
4.2724409e-06
4.3777697e-06
4.4747875e-06
4.5917403e-06
4.6945698e-06
4.8011042e-06
4.9151743e-06
5.021811e-06
5.1250474e-06
5.2489381e-06
5.3623028e-06
5.4728596e-06
5.6014198e-06
5.7251436e-06
5.8319861e-06
5.9581896e-06
6.0835439e-06
6.2002895e-06
6.313325e-06
6.4463515e-06
6.5703437e-06
6.6915524e-06
6.8097242e-06
6.9436022e-06
7.0684051e-06
7.1933838e-06
7.3069977e-06
7.4355994e-06
7.5615056e-06
7.6921189e-06
7.8073255e-06
7.935177e-06
8.0588267e-06
8.1892596e-06
8.3219974e-06
8.4501597e-06
8.5717349e-06
8.6949053e-06
8.8238256e-06
8.9465455e-06
9.0776698e-06
9.2007581e-06
9.3332505e-06
9.4619101e-06
9.5918201e-06
9.7097498e-06
9.837701e-06
9.9578785e-06
1.0085121e-05
1.0205267e-05
1.0331709e-05
1.0449064e-05
1.0573125e-05
1.0687426e-05
1.0806976e-05
1.0915004e-05
1.1029534e-05
1.1133714e-05
1.124013e-05
1.1327267e-05
1.1114102e-09
1.1514022e-09
1.1624784e-09
1.1715203e-09
1.2025887e-09
1.2453129e-09
1.2934117e-09
1.3544762e-09
1.4270486e-09
1.5299781e-09
1.6544972e-09
1.7653718e-09
1.990696e-09
2.1299453e-09
2.3602496e-09
2.6564127e-09
2.8992594e-09
3.2501441e-09
3.47792e-09
3.8802997e-09
4.1426011e-09
4.5666725e-09
4.9164673e-09
5.2882006e-09
5.7743429e-09
6.2534301e-09
6.8041649e-09
7.2547809e-09
7.8414735e-09
8.2250524e-09
8.8787013e-09
9.4970911e-09
1.017216e-08
1.0432173e-08
1.3315822e-08
8.4451827e-09
4.0825343e-08
1.3933865e-09
1.5260247e-07
1.1853206e-07
3.2627138e-07
4.3995037e-07
7.5678819e-07
1.0228777e-06
1.4402654e-06
1.7890354e-06
2.1948946e-06
2.5241591e-06
2.7822188e-06
2.906786e-06
3.0438107e-06
3.1906145e-06
3.310641e-06
3.4201479e-06
3.4895161e-06
3.5762564e-06
3.6526445e-06
3.7278045e-06
3.8217411e-06
3.90085e-06
3.99051e-06
4.095664e-06
4.1827155e-06
4.2902066e-06
4.3875861e-06
4.4857171e-06
4.5919008e-06
4.6963989e-06
4.7986061e-06
4.92377e-06
5.0439397e-06
5.1595623e-06
5.2881514e-06
5.4208602e-06
5.5333267e-06
5.6638813e-06
5.7969662e-06
5.9268757e-06
6.0532802e-06
6.2013023e-06
6.3416201e-06
6.4808416e-06
6.6144137e-06
6.7639313e-06
6.9039849e-06
7.0487584e-06
7.1788372e-06
7.3284803e-06
7.4736502e-06
7.6289564e-06
7.7667129e-06
7.9202834e-06
8.0659735e-06
8.2217306e-06
8.3752553e-06
8.5274555e-06
8.6712265e-06
8.8181932e-06
8.971771e-06
9.1185336e-06
9.2754654e-06
9.4227508e-06
9.5811912e-06
9.7338814e-06
9.8903012e-06
1.0033114e-05
1.0187795e-05
1.0332289e-05
1.0485766e-05
1.0630332e-05
1.0784769e-05
1.0928104e-05
1.1081792e-05
1.1222854e-05
1.1375912e-05
1.1514292e-05
1.1663461e-05
1.1798193e-05
1.194198e-05
1.2076562e-05
1.0766655e-09
1.0894037e-09
1.0945604e-09
1.1068855e-09
1.1380732e-09
1.1846743e-09
1.2344163e-09
1.2970725e-09
1.3873173e-09
1.4985442e-09
1.632656e-09
1.7848112e-09
1.9663643e-09
2.0668184e-09
2.2842221e-09
2.4835585e-09
2.6420203e-09
2.8870778e-09
3.0829092e-09
3.4416588e-09
3.7306942e-09
4.2449278e-09
4.6583892e-09
5.3040299e-09
6.0104529e-09
7.1203573e-09
7.7021008e-09
8.2661185e-09
8.8806172e-09
9.3266835e-09
1.0027393e-08
1.0704485e-08
1.1435764e-08
1.1915866e-08
1.2384834e-08
1.2839776e-08
1.5302065e-08
1.1437692e-08
3.6920107e-08
1.0862728e-08
1.2902161e-07
5.3347187e-08
2.9939898e-07
3.4215813e-07
6.4608677e-07
8.634465e-07
1.2610769e-06
1.6031124e-06
1.9166665e-06
2.0551253e-06
2.2119699e-06
2.3810464e-06
2.5027372e-06
2.672734e-06
2.8063235e-06
2.9494987e-06
3.1054724e-06
3.235354e-06
3.3905937e-06
3.5506944e-06
3.6380028e-06
3.7417415e-06
3.8161401e-06
3.911136e-06
4.0018715e-06
4.0913381e-06
4.1890122e-06
4.2924953e-06
4.3868167e-06
4.5002619e-06
4.6112011e-06
4.7173478e-06
4.8313122e-06
4.9609061e-06
5.0674576e-06
5.1910814e-06
5.3232996e-06
5.4588624e-06
5.5909608e-06
5.7435032e-06
5.888677e-06
6.0348152e-06
6.1737692e-06
6.3292534e-06
6.4754168e-06
6.6351081e-06
6.7788352e-06
6.9486014e-06
7.1117678e-06
7.2906958e-06
7.4502275e-06
7.6277951e-06
7.7929475e-06
7.972197e-06
8.1438383e-06
8.3217297e-06
8.4899876e-06
8.6649369e-06
8.8473806e-06
9.0234735e-06
9.2110913e-06
9.3877897e-06
9.5767738e-06
9.7576001e-06
9.9439338e-06
1.0114996e-05
1.0300601e-05
1.0474592e-05
1.0660115e-05
1.0834322e-05
1.1021756e-05
1.1195698e-05
1.138389e-05
1.1555388e-05
1.1743457e-05
1.191296e-05
1.2098943e-05
1.2266034e-05
1.2448165e-05
1.2621199e-05
1.072024e-09
1.0809282e-09
1.0870753e-09
1.0963721e-09
1.119536e-09
1.1528889e-09
1.1900847e-09
1.2448976e-09
1.3122956e-09
1.4058255e-09
1.4946712e-09
1.6122036e-09
1.7798329e-09
1.8902354e-09
2.1167318e-09
2.2310705e-09
2.38999e-09
2.607959e-09
2.8053395e-09
3.1095014e-09
3.3483199e-09
3.7344559e-09
4.0289274e-09
4.4883337e-09
4.9165051e-09
5.632642e-09
6.3015573e-09
7.2972947e-09
8.4070104e-09
9.8665385e-09
1.1272433e-08
1.2194127e-08
1.2736533e-08
1.3103136e-08
1.3584336e-08
1.3924366e-08
1.443384e-08
1.4604563e-08
1.6563955e-08
1.6336223e-08
3.0656829e-08
2.0502996e-08
9.3598873e-08
2.3400906e-08
2.2136353e-07
2.6640847e-07
4.8509249e-07
6.6927774e-07
8.943817e-07
9.9905764e-07
1.1134464e-06
1.2723569e-06
1.3812383e-06
1.5599306e-06
1.7088232e-06
1.8650459e-06
2.0522884e-06
2.1892178e-06
2.3703716e-06
2.5559815e-06
2.6940722e-06
2.8750842e-06
3.0225482e-06
3.1754021e-06
3.3327113e-06
3.4930833e-06
3.6446369e-06
3.8113947e-06
3.8949962e-06
3.9923302e-06
4.0908613e-06
4.1860465e-06
4.2826739e-06
4.4076015e-06
4.5069308e-06
4.62315e-06
4.7485467e-06
4.8751372e-06
4.993679e-06
5.1277846e-06
5.2583849e-06
5.393814e-06
5.523635e-06
5.672199e-06
5.8126358e-06
5.9793447e-06
6.1296966e-06
6.3106996e-06
6.4822235e-06
6.6707105e-06
6.8407522e-06
7.0282184e-06
7.201703e-06
7.3928747e-06
7.5754959e-06
7.7755852e-06
7.9697639e-06
8.1732141e-06
8.386091e-06
8.5913089e-06
8.810315e-06
9.0159738e-06
9.2356785e-06
9.4445406e-06
9.6625617e-06
9.8656546e-06
1.0087111e-05
1.0296841e-05
1.0521402e-05
1.0732529e-05
1.0959976e-05
1.1170858e-05
1.1399627e-05
1.1606996e-05
1.18357e-05
1.2040953e-05
1.2269864e-05
1.2474959e-05
1.2701932e-05
1.2913588e-05
1.0599449e-09
1.0508359e-09
1.0526579e-09
1.0632931e-09
1.0883841e-09
1.1282153e-09
1.1748574e-09
1.2344236e-09
1.3062638e-09
1.3906551e-09
1.458877e-09
1.5323105e-09
1.5989987e-09
1.7321707e-09
1.9250051e-09
2.0173712e-09
2.2369828e-09
2.43831e-09
2.6418751e-09
2.8797914e-09
3.0758197e-09
3.3662826e-09
3.591184e-09
3.9322324e-09
4.2406357e-09
4.7796532e-09
5.2247244e-09
5.9544782e-09
6.6305759e-09
7.6354616e-09
8.7422846e-09
1.0461529e-08
1.234623e-08
1.3777412e-08
1.4229588e-08
1.4732778e-08
1.5226322e-08
1.5672272e-08
1.624996e-08
1.644336e-08
1.7969423e-08
1.7924842e-08
2.506355e-08
2.3564684e-08
5.7771699e-08
4.3691562e-08
1.2226109e-07
1.9724483e-07
2.7369621e-07
3.4402443e-07
3.761174e-07
4.6537015e-07
5.1146193e-07
6.0434447e-07
6.9096784e-07
7.8114341e-07
9.0039594e-07
9.9274341e-07
1.1159365e-06
1.2640401e-06
1.3659624e-06
1.542554e-06
1.690244e-06
1.8531036e-06
2.0257887e-06
2.2070528e-06
2.372166e-06
2.5749435e-06
2.7478065e-06
2.9221299e-06
3.1050837e-06
3.2891512e-06
3.4344674e-06
3.6261745e-06
3.7974913e-06
3.97036e-06
4.0948849e-06
4.2012602e-06
4.2961067e-06
4.4023294e-06
4.5137825e-06
4.6365362e-06
4.7579433e-06
4.8982336e-06
5.0324346e-06
5.1952251e-06
5.3348212e-06
5.501245e-06
5.6560186e-06
5.8258965e-06
5.9846446e-06
6.157876e-06
6.3226434e-06
6.5084496e-06
6.6943281e-06
6.9065929e-06
7.1211545e-06
7.3401077e-06
7.5738902e-06
7.7927978e-06
8.0327061e-06
8.2527246e-06
8.4934739e-06
8.720568e-06
8.9693514e-06
9.2056731e-06
9.46637e-06
9.7146572e-06
9.9817054e-06
1.0232913e-05
1.050398e-05
1.0754317e-05
1.1027233e-05
1.1275025e-05
1.15518e-05
1.1800355e-05
1.2081729e-05
1.2333239e-05
1.2615466e-05
1.2872671e-05
1.0839413e-09
1.0788768e-09
1.0827349e-09
1.0932767e-09
1.1115229e-09
1.1415223e-09
1.1740726e-09
1.2157434e-09
1.2565796e-09
1.284888e-09
1.335782e-09
1.4034343e-09
1.523885e-09
1.6506788e-09
1.7347894e-09
1.8563814e-09
2.1324827e-09
2.286184e-09
2.4798674e-09
2.6735054e-09
2.8690573e-09
3.1183385e-09
3.3395673e-09
3.632722e-09
3.9038862e-09
4.339829e-09
4.7032549e-09
5.2488174e-09
5.7194235e-09
6.426864e-09
7.1099137e-09
8.2692762e-09
9.356429e-09
1.1044437e-08
1.2607946e-08
1.5638969e-08
1.6088293e-08
1.6781515e-08
1.7272454e-08
1.792408e-08
1.8514516e-08
1.8894567e-08
2.0031397e-08
2.015441e-08
2.265791e-08
2.609447e-08
2.2111937e-08
5.4462995e-08
5.6631639e-08
8.6847637e-08
8.485387e-08
1.2418568e-07
1.2753886e-07
1.6809057e-07
1.8892106e-07
2.3434258e-07
2.6455119e-07
3.2687095e-07
3.5437863e-07
4.3889706e-07
4.7352292e-07
5.6018468e-07
6.2738104e-07
7.172314e-07
8.0640778e-07
9.2033069e-07
1.0136931e-06
1.1502799e-06
1.26344e-06
1.3971871e-06
1.5371056e-06
1.7044424e-06
1.8385706e-06
2.0359429e-06
2.2182736e-06
2.4040033e-06
2.6001283e-06
2.8044273e-06
3.0040376e-06
3.1971077e-06
3.3933412e-06
3.6059259e-06
3.8089111e-06
4.0100907e-06
4.1981046e-06
4.3385281e-06
4.4500891e-06
4.5821598e-06
4.7042327e-06
4.8410722e-06
4.9811347e-06
5.1328783e-06
5.2889031e-06
5.4661937e-06
5.6486629e-06
5.8481902e-06
6.0562755e-06
6.2552387e-06
6.4828853e-06
6.6829698e-06
6.9196788e-06
7.1263724e-06
7.3692449e-06
7.5985929e-06
7.8727751e-06
8.1328509e-06
8.4248827e-06
8.6995217e-06
8.9993047e-06
9.2780981e-06
9.5842172e-06
9.8628222e-06
1.0177121e-05
1.0465079e-05
1.0795199e-05
1.1092209e-05
1.1433884e-05
1.1737071e-05
1.2082801e-05
1.2391014e-05
1.0878999e-09
1.071192e-09
1.0728467e-09
1.0820277e-09
1.1006361e-09
1.1388187e-09
1.1772194e-09
1.2098405e-09
1.2437059e-09
1.3091956e-09
1.3624653e-09
1.4375385e-09
1.5076366e-09
1.545068e-09
1.6463436e-09
1.8252333e-09
1.9587859e-09
2.060932e-09
2.2985727e-09
2.5063531e-09
2.7381606e-09
2.9833035e-09
3.2233883e-09
3.484136e-09
3.7349664e-09
4.0964492e-09
4.4060147e-09
4.8301854e-09
5.2020154e-09
5.7087016e-09
6.1971688e-09
6.9927011e-09
7.7257103e-09
8.8039663e-09
9.7548933e-09
1.1627538e-08
1.343811e-08
1.5950487e-08
1.8351766e-08
1.9344187e-08
1.9804789e-08
2.0837654e-08
2.131629e-08
2.2391827e-08
2.2995244e-08
2.4036099e-08
2.4588918e-08
2.7024749e-08
2.7377904e-08
2.1961916e-08
2.305288e-08
2.9282727e-08
2.6585148e-08
4.3112648e-08
4.0099023e-08
5.9692621e-08
5.653783e-08
8.1057478e-08
7.9637917e-08
1.155642e-07
1.0648756e-07
1.5037197e-07
1.5457665e-07
2.011405e-07
2.1481919e-07
2.7018548e-07
2.9582757e-07
3.5703126e-07
4.0041405e-07
4.6615447e-07
5.1862153e-07
5.9983033e-07
6.6143964e-07
7.5129421e-07
8.5006197e-07
9.4707888e-07
1.0642217e-06
1.1850006e-06
1.3204748e-06
1.445932e-06
1.5920358e-06
1.7512858e-06
1.9229026e-06
2.1012584e-06
2.2909011e-06
2.5172284e-06
2.7230889e-06
2.9488e-06
3.1723538e-06
3.3978392e-06
3.6524269e-06
3.899063e-06
4.1497735e-06
4.3995209e-06
4.5561581e-06
4.7105992e-06
4.8822719e-06
5.0312651e-06
5.2322235e-06
5.3923271e-06
5.6146909e-06
5.7954642e-06
6.0385231e-06
6.25617e-06
6.5318228e-06
6.7809205e-06
7.0706549e-06
7.336609e-06
7.6375877e-06
7.9119482e-06
8.2274434e-06
8.5082288e-06
8.8542225e-06
9.1714347e-06
9.5483179e-06
9.8827346e-06
1.027767e-05
1.0620869e-05
1.1024669e-05
1.1374972e-05
1.1439775e-09
1.1351169e-09
1.1360855e-09
1.1467879e-09
1.1681268e-09
1.2012923e-09
1.1952289e-09
1.2176975e-09
1.2637672e-09
1.2739683e-09
1.3139164e-09
1.3703479e-09
1.4310953e-09
1.5194147e-09
1.6695045e-09
1.7500946e-09
1.8467905e-09
1.994853e-09
2.2020928e-09
2.3614488e-09
2.6177967e-09
2.8674531e-09
3.1206364e-09
3.3582925e-09
3.6099572e-09
3.9330877e-09
4.2220584e-09
4.5902346e-09
4.9148444e-09
5.3398463e-09
5.7310515e-09
6.3514005e-09
6.9065019e-09
7.6826945e-09
8.3281559e-09
9.5599332e-09
1.0756296e-08
1.2308041e-08
1.4220015e-08
1.7093576e-08
1.9897834e-08
2.2649044e-08
2.3326523e-08
2.4507737e-08
2.5274859e-08
2.6431101e-08
2.7351854e-08
2.8251337e-08
2.6385402e-08
1.8703929e-08
1.9256695e-08
2.0143215e-08
1.9534411e-08
2.1140008e-08
2.0891806e-08
2.1886175e-08
2.3327211e-08
2.3358286e-08
2.5279572e-08
2.8799247e-08
2.7283907e-08
3.6586127e-08
3.7021939e-08
5.0440413e-08
5.0695186e-08
6.3868909e-08
6.7467276e-08
8.144582e-08
9.1847028e-08
1.0702267e-07
1.2446725e-07
1.4194152e-07
1.6874044e-07
1.8666109e-07
2.2615225e-07
2.5120634e-07
2.9998917e-07
3.3630664e-07
3.9700059e-07
4.4482389e-07
5.1406887e-07
5.7266848e-07
6.5689331e-07
7.2688389e-07
8.2441016e-07
9.1892701e-07
1.0497717e-06
1.156235e-06
1.3148998e-06
1.4308067e-06
1.6227232e-06
1.7675488e-06
1.9770818e-06
2.1555112e-06
2.3958387e-06
2.5984712e-06
2.8990323e-06
3.1151526e-06
3.4500673e-06
3.6896921e-06
4.051462e-06
4.3190968e-06
4.6944247e-06
4.8836324e-06
5.118188e-06
5.3126217e-06
5.5602006e-06
5.7848836e-06
6.0600991e-06
6.3100354e-06
6.6176652e-06
6.8921096e-06
7.244177e-06
7.5584421e-06
7.9462183e-06
8.2783715e-06
8.6905385e-06
9.036548e-06
9.4705586e-06
9.833716e-06
1.1666754e-09
1.1520253e-09
1.1532194e-09
1.1616136e-09
1.1802256e-09
1.1969342e-09
1.2171978e-09
1.2630754e-09
1.2702339e-09
1.3274956e-09
1.3805314e-09
1.435238e-09
1.4968521e-09
1.5872327e-09
1.6304009e-09
1.7004667e-09
1.8362742e-09
1.98502e-09
2.1405359e-09
2.2918003e-09
2.4980221e-09
2.6936128e-09
2.9481918e-09
3.2234976e-09
3.5315031e-09
3.8413301e-09
4.1650109e-09
4.5071128e-09
4.8331369e-09
5.2045399e-09
5.5555758e-09
6.0815799e-09
6.5406628e-09
7.1567916e-09
7.6278502e-09
8.5249318e-09
9.3696514e-09
1.0410015e-08
1.1621711e-08
1.3483015e-08
1.5184764e-08
1.8062923e-08
2.1315641e-08
2.5521111e-08
2.7493761e-08
2.9088293e-08
2.9927925e-08
3.1302972e-08
2.241173e-08
1.8530229e-08
1.8912587e-08
1.9724647e-08
1.9406739e-08
2.0463495e-08
2.0531176e-08
2.0828047e-08
2.2016068e-08
2.1281976e-08
2.2404952e-08
2.3181031e-08
2.2731919e-08
2.406023e-08
2.4479209e-08
2.4564106e-08
2.6120039e-08
2.6475444e-08
2.7361949e-08
2.89039e-08
3.1174392e-08
3.1161878e-08
3.7094959e-08
3.8370774e-08
4.6644029e-08
5.0625646e-08
5.9831477e-08
5.7625909e-08
7.494923e-08
7.1282118e-08
9.6804958e-08
8.7283829e-08
1.2802115e-07
1.1838097e-07
1.6797872e-07
1.5226999e-07
2.196401e-07
2.0720354e-07
2.9031911e-07
2.7868439e-07
3.8337495e-07
3.7497197e-07
4.9770986e-07
5.0656483e-07
6.4575792e-07
6.6411208e-07
8.2877739e-07
8.5674497e-07
1.0632472e-06
1.1152653e-06
1.360823e-06
1.4479673e-06
1.7254915e-06
1.8545957e-06
2.162731e-06
2.3540497e-06
2.6860087e-06
2.9470139e-06
3.3170518e-06
3.633534e-06
4.0475075e-06
4.4139557e-06
4.8682393e-06
5.270508e-06
5.5744186e-06
5.830147e-06
6.1760183e-06
6.4620036e-06
6.8557027e-06
7.1763318e-06
7.617032e-06
7.9735724e-06
1.2632497e-09
1.2502784e-09
1.2502731e-09
1.2613877e-09
1.2849811e-09
1.2932418e-09
1.2996779e-09
1.2962639e-09
1.3558602e-09
1.3544118e-09
1.3816019e-09
1.4290122e-09
1.4861565e-09
1.5520077e-09
1.6307593e-09
1.7620019e-09
1.8861828e-09
1.998815e-09
2.1348082e-09
2.2772059e-09
2.4843903e-09
2.658677e-09
2.9260553e-09
3.1416212e-09
3.425036e-09
3.7456109e-09
4.1391369e-09
4.4751917e-09
4.8183709e-09
5.161123e-09
5.5068072e-09
5.9599777e-09
6.3949038e-09
6.9050301e-09
7.3069714e-09
8.0064296e-09
8.6899676e-09
9.4626194e-09
1.0327633e-08
1.1638623e-08
1.2780021e-08
1.4646547e-08
1.6763559e-08
1.9325076e-08
2.3008671e-08
2.7220113e-08
3.2958487e-08
3.4730278e-08
2.0186408e-08
1.8805755e-08
1.9032494e-08
1.9721438e-08
1.9512062e-08
2.0268672e-08
2.0467129e-08
2.0664199e-08
2.1705926e-08
2.1280047e-08
2.2089631e-08
2.2942886e-08
2.2725017e-08
2.3736365e-08
2.4285656e-08
2.4359842e-08
2.5456572e-08
2.5937941e-08
2.6134042e-08
2.7366243e-08
2.8004168e-08
2.8091567e-08
2.9459942e-08
3.0633665e-08
3.0287845e-08
3.2072383e-08
3.36725e-08
3.3963613e-08
3.5643179e-08
3.7283787e-08
4.0348161e-08
4.0694922e-08
4.6345621e-08
4.8677012e-08
5.9132587e-08
5.7842626e-08
6.5667878e-08
6.4035315e-08
7.5252162e-08
7.2813809e-08
8.9741482e-08
8.3571919e-08
1.1323951e-07
1.0552975e-07
1.4730977e-07
1.3810469e-07
1.9485155e-07
1.8344822e-07
2.5890484e-07
2.4502972e-07
3.5500885e-07
3.3844093e-07
4.877104e-07
4.6717994e-07
6.5137511e-07
6.570592e-07
8.6270258e-07
9.1365741e-07
1.1489945e-06
1.2528836e-06
1.5386552e-06
1.7125105e-06
2.0599886e-06
2.3062145e-06
2.7299409e-06
3.0370526e-06
3.5358494e-06
3.9227857e-06
4.4961531e-06
4.9550724e-06
5.5856197e-06
6.0654725e-06
1.3207856e-09
1.3079101e-09
1.3081329e-09
1.3168838e-09
1.325414e-09
1.3350717e-09
1.34566e-09
1.4098255e-09
1.3885729e-09
1.4294077e-09
1.4944093e-09
1.5451116e-09
1.6030695e-09
1.6687244e-09
1.7628963e-09
1.8318468e-09
1.912184e-09
2.0348458e-09
2.168944e-09
2.3530758e-09
2.5349952e-09
2.7292013e-09
2.9728922e-09
3.165318e-09
3.4493037e-09
3.7012419e-09
4.0548028e-09
4.350651e-09
4.7760151e-09
5.1683757e-09
5.5487651e-09
5.9931868e-09
6.4373185e-09
6.9251744e-09
7.3101749e-09
7.9021079e-09
8.5107714e-09
9.1484653e-09
9.8302494e-09
1.084801e-08
1.1693776e-08
1.3012748e-08
1.4483054e-08
1.6178829e-08
1.8591161e-08
2.1277752e-08
2.5175487e-08
2.9902784e-08
1.8824416e-08
1.9702341e-08
1.9818295e-08
2.0374153e-08
2.0252439e-08
2.0798655e-08
2.1067148e-08
2.1200492e-08
2.2075735e-08
2.1863914e-08
2.2414279e-08
2.3254096e-08
2.31568e-08
2.3930353e-08
2.4536994e-08
2.4668617e-08
2.5587222e-08
2.6182081e-08
2.6416079e-08
2.7490304e-08
2.8249931e-08
2.8464234e-08
2.9637172e-08
3.0936083e-08
3.0758013e-08
3.2302784e-08
3.3760318e-08
3.4339677e-08
3.531528e-08
3.7061736e-08
3.8682871e-08
3.9302052e-08
4.1068522e-08
4.3194306e-08
4.5226287e-08
4.6409226e-08
4.8503388e-08
5.1464798e-08
5.4387813e-08
5.7225958e-08
5.9261439e-08
6.0072563e-08
6.4431096e-08
6.4722106e-08
7.1623236e-08
7.088271e-08
7.7547595e-08
7.6081613e-08
8.3774239e-08
8.0034303e-08
9.3945117e-08
8.6555625e-08
1.1188139e-07
1.0000055e-07
1.4163321e-07
1.2102019e-07
1.9307408e-07
1.67466e-07
2.6876003e-07
2.3766602e-07
3.879075e-07
3.4790449e-07
5.5533574e-07
5.2279705e-07
7.8744403e-07
8.0038951e-07
1.1071767e-06
1.2150275e-06
1.5757033e-06
1.8106284e-06
2.2661641e-06
2.6584895e-06
1.4805464e-09
1.4692394e-09
1.4693982e-09
1.4821686e-09
1.4856853e-09
1.4931408e-09
1.5061061e-09
1.4832255e-09
1.5310944e-09
1.5597128e-09
1.5588194e-09
1.6011914e-09
1.6556796e-09
1.7238963e-09
1.8001435e-09
1.8610542e-09
1.9865028e-09
2.1046099e-09
2.2646094e-09
2.4137285e-09
2.5729416e-09
2.7764729e-09
2.9957405e-09
3.2493278e-09
3.5586877e-09
3.8563325e-09
4.1818903e-09
4.4912061e-09
4.8684347e-09
5.2154024e-09
5.6043477e-09
6.1022554e-09
6.6290134e-09
7.1187086e-09
7.5005008e-09
8.0343204e-09
8.6196039e-09
9.1436461e-09
9.7278806e-09
1.053686e-08
1.1231968e-08
1.2219185e-08
1.333934e-08
1.4555235e-08
1.6253601e-08
1.8100418e-08
2.0716178e-08
2.3841861e-08
1.8396972e-08
2.1786432e-08
2.0453876e-08
2.1480513e-08
2.2229439e-08
2.2621166e-08
2.291668e-08
2.2989691e-08
2.3731349e-08
2.3660358e-08
2.4012996e-08
2.4808024e-08
2.4816874e-08
2.5417253e-08
2.6039379e-08
2.6225154e-08
2.6974785e-08
2.7631242e-08
2.787476e-08
2.8796713e-08
2.9586066e-08
2.985291e-08
3.0804358e-08
3.2083992e-08
3.2044195e-08
3.3295187e-08
3.4710527e-08
3.5379992e-08
3.6216733e-08
3.7794744e-08
3.9336044e-08
4.005761e-08
4.1574311e-08
4.3635467e-08
4.5556552e-08
4.6948004e-08
4.8696958e-08
5.164918e-08
5.4237028e-08
5.7019953e-08
5.9154531e-08
6.2564149e-08
6.6973731e-08
7.0233067e-08
7.0991552e-08
7.1915418e-08
7.1473709e-08
7.3370793e-08
7.4986962e-08
7.6555167e-08
7.825995e-08
7.970082e-08
8.3264257e-08
8.4313046e-08
9.1168219e-08
8.9887191e-08
9.6480527e-08
9.5114143e-08
1.0127104e-07
9.5706556e-08
1.0948166e-07
9.7173625e-08
1.2722337e-07
1.0619981e-07
1.6142612e-07
1.4500063e-07
2.0434073e-07
2.4028076e-07
2.840592e-07
3.8503914e-07
4.4280887e-07
6.2256217e-07
1.6225329e-09
1.6111915e-09
1.6092362e-09
1.6214656e-09
1.6132551e-09
1.6167844e-09
1.6221777e-09
1.6871574e-09
1.6615957e-09
1.6777211e-09
1.7542629e-09
1.8129637e-09
1.8415763e-09
1.8909616e-09
1.9462259e-09
2.0281585e-09
2.088868e-09
2.1824473e-09
2.2691453e-09
2.3696363e-09
2.517465e-09
2.6837046e-09
2.8859215e-09
3.1161974e-09
3.3832034e-09
3.6806948e-09
4.0891806e-09
4.4735771e-09
5.0335199e-09
5.5147584e-09
6.0233032e-09
6.3233443e-09
6.8336417e-09
7.2223288e-09
7.7279377e-09
8.2212593e-09
8.8981344e-09
9.3536055e-09
9.929195e-09
1.060514e-08
1.1268424e-08
1.2062658e-08
1.3027791e-08
1.3993665e-08
1.5328794e-08
1.6741659e-08
1.8653992e-08
2.089503e-08
1.8965956e-08
2.5147133e-08
2.0189833e-08
2.099478e-08
2.1507259e-08
2.2312812e-08
2.3175951e-08
2.3853525e-08
2.5140034e-08
2.5884819e-08
2.678682e-08
2.7468619e-08
2.7535388e-08
2.796251e-08
2.8527769e-08
2.8712264e-08
2.9290189e-08
2.9920166e-08
3.0160946e-08
3.0905572e-08
3.1686149e-08
3.1983254e-08
3.2765659e-08
3.3990865e-08
3.4118376e-08
3.5129894e-08
3.6511327e-08
3.7274044e-08
3.8048677e-08
3.9477954e-08
4.1014227e-08
4.1821641e-08
4.3169588e-08
4.5108622e-08
4.6986407e-08
4.8398631e-08
5.0008989e-08
5.2762894e-08
5.527357e-08
5.7951078e-08
6.0025933e-08
6.317138e-08
6.7254863e-08
7.1334445e-08
7.5405039e-08
8.0134948e-08
8.2051931e-08
8.4156598e-08
8.6522772e-08
8.8510615e-08
9.0545633e-08
9.2121258e-08
9.4383452e-08
9.5756409e-08
9.8364492e-08
9.9108129e-08
1.0276168e-07
1.0526607e-07
1.0895594e-07
1.1131796e-07
1.1345435e-07
1.1403521e-07
1.1536195e-07
1.168379e-07
1.1588504e-07
1.1932851e-07
1.1524759e-07
1.2276853e-07
1.0845233e-07
1.3073838e-07
9.2677404e-08
1.5258159e-07
1.9391891e-09
1.9281007e-09
1.9272519e-09
1.9480356e-09
1.9258741e-09
1.9243013e-09
1.9334202e-09
1.8884224e-09
1.9188711e-09
1.9840974e-09
1.9512705e-09
1.9494747e-09
1.9696894e-09
2.0038964e-09
2.0468404e-09
2.1009209e-09
2.1733074e-09
2.2542966e-09
2.3517951e-09
2.4923186e-09
2.6469382e-09
2.8107095e-09
2.9857646e-09
3.1934466e-09
3.3719304e-09
3.649918e-09
3.8939497e-09
4.2512979e-09
4.5969605e-09
5.0324099e-09
5.5405962e-09
6.1301871e-09
6.9344763e-09
7.8637652e-09
8.2655647e-09
8.6014931e-09
9.2973925e-09
9.6946513e-09
1.0437224e-08
1.1068373e-08
1.1771137e-08
1.2408796e-08
1.3316642e-08
1.4074951e-08
1.5225734e-08
1.6313375e-08
1.7842915e-08
1.953729e-08
2.0187628e-08
2.4006679e-08
2.0619865e-08
2.1290889e-08
2.1734246e-08
2.239938e-08
2.3103454e-08
2.3701726e-08
2.468736e-08
2.5399197e-08
2.6196861e-08
2.7451261e-08
2.8353333e-08
2.9556835e-08
3.0963793e-08
3.2249513e-08
3.2712933e-08
3.3329711e-08
3.3603379e-08
3.4229861e-08
3.5004324e-08
3.5363883e-08
3.603193e-08
3.720555e-08
3.7500017e-08
3.8348457e-08
3.9692628e-08
4.0575189e-08
4.1352987e-08
4.2694932e-08
4.426987e-08
4.5229119e-08
4.6520118e-08
4.8444649e-08
5.0395178e-08
5.1958416e-08
5.3569862e-08
5.6285776e-08
5.8866177e-08
6.1622454e-08
6.3807351e-08
6.6912972e-08
7.0905525e-08
7.5097638e-08
7.9097554e-08
8.3840981e-08
8.7754646e-08
9.3918778e-08
1.0125473e-07
1.037506e-07
1.0598918e-07
1.081882e-07
1.1063886e-07
1.1291263e-07
1.1586186e-07
1.1769022e-07
1.2186452e-07
1.2537139e-07
1.2636819e-07
1.2810895e-07
1.2900799e-07
1.3068711e-07
1.3150479e-07
1.3299169e-07
1.3370607e-07
1.3514623e-07
1.3573152e-07
1.3665879e-07
1.3685952e-07
1.3780806e-07
1.3827582e-07
1.3827679e-07
2.3567583e-09
2.3430585e-09
2.3380068e-09
2.3247362e-09
2.3095926e-09
2.2987992e-09
2.2927893e-09
2.3374365e-09
2.3386818e-09
2.2841966e-09
2.2956037e-09
2.3346361e-09
2.3435815e-09
2.3662694e-09
2.396689e-09
2.4421375e-09
2.5047913e-09
2.5730261e-09
2.6630766e-09
2.7638291e-09
2.865012e-09
2.9601316e-09
3.1317118e-09
3.2612298e-09
3.4803665e-09
3.6729109e-09
3.9455644e-09
4.239496e-09
4.5599849e-09
4.9529711e-09
5.329808e-09
5.8531007e-09
6.3808533e-09
7.1099451e-09
7.831252e-09
8.7823287e-09
9.9589615e-09
1.0790563e-08
1.1253705e-08
1.1718464e-08
1.2365144e-08
1.2937529e-08
1.3859578e-08
1.4528493e-08
1.5597034e-08
1.648558e-08
1.7855911e-08
1.9207732e-08
2.2219836e-08
2.2223321e-08
2.1893068e-08
2.2493001e-08
2.2909157e-08
2.3517238e-08
2.4132284e-08
2.4712007e-08
2.5531801e-08
2.6240969e-08
2.6932024e-08
2.8000197e-08
2.8842945e-08
2.9901876e-08
3.108211e-08
3.223247e-08
3.3536339e-08
3.5110184e-08
3.6531567e-08
3.8300433e-08
4.0202957e-08
4.0668029e-08
4.1287197e-08
4.2437108e-08
4.2919528e-08
4.3690248e-08
4.5040549e-08
4.6058364e-08
4.6937489e-08
4.8221524e-08
4.9916829e-08
5.1037157e-08
5.2404015e-08
5.4321296e-08
5.6476853e-08
5.8200951e-08
5.9981445e-08
6.2698117e-08
6.5559234e-08
6.8464021e-08
7.1017421e-08
7.4188919e-08
7.8452946e-08
8.2909575e-08
8.7316743e-08
9.2309391e-08
9.6802619e-08
1.0310132e-07
1.1065873e-07
1.186067e-07
1.2724128e-07
1.3196439e-07
1.3360159e-07
1.3524943e-07
1.3685341e-07
1.3836693e-07
1.4000451e-07
1.4131195e-07
1.4293061e-07
1.4411605e-07
1.4568672e-07
1.4677093e-07
1.4825378e-07
1.4922936e-07
1.5049446e-07
1.5135217e-07
1.5238222e-07
1.5316813e-07
1.5370682e-07
1.5432468e-07
1.5472245e-07
1.5512268e-07
3.1946231e-09
3.178861e-09
3.1759491e-09
3.1469158e-09
3.119297e-09
3.0937811e-09
3.0819389e-09
3.016041e-09
2.9668135e-09
2.9729347e-09
2.9306566e-09
2.8617764e-09
2.8318598e-09
2.8307841e-09
2.8371025e-09
2.8656262e-09
2.9087408e-09
2.9602161e-09
3.0386387e-09
3.1230835e-09
3.2148497e-09
3.3855383e-09
3.51532e-09
3.7151952e-09
3.8971501e-09
4.1062912e-09
4.3640802e-09
4.6008074e-09
4.9237384e-09
5.1864176e-09
5.5528996e-09
5.8958512e-09
6.3646429e-09
6.8758118e-09
7.4568869e-09
8.1041832e-09
8.9732242e-09
9.9398848e-09
1.1139203e-08
1.2540169e-08
1.3784679e-08
1.4212462e-08
1.4930572e-08
1.5494381e-08
1.6473618e-08
1.7322551e-08
1.8703353e-08
1.9929004e-08
2.5197933e-08
2.1984537e-08
2.4188056e-08
2.4761333e-08
2.5174037e-08
2.5768053e-08
2.6320891e-08
2.6894649e-08
2.7600589e-08
2.8294579e-08
2.892505e-08
2.9872133e-08
3.0644655e-08
3.1653292e-08
3.2654951e-08
3.3791042e-08
3.4905159e-08
3.637309e-08
3.7661304e-08
3.9295644e-08
4.106183e-08
4.2923472e-08
4.484271e-08
4.7470918e-08
5.0397714e-08
5.1336795e-08
5.2689417e-08
5.4036101e-08
5.5058195e-08
5.6516403e-08
5.8342182e-08
5.985914e-08
6.1366443e-08
6.3522739e-08
6.594246e-08
6.8103574e-08
7.0157246e-08
7.3170978e-08
7.6443177e-08
7.9820449e-08
8.2911323e-08
8.6477414e-08
9.124881e-08
9.6320596e-08
1.0144384e-07
1.0703818e-07
1.1242193e-07
1.1926526e-07
1.2657214e-07
1.3211892e-07
1.3784271e-07
1.4349013e-07
1.4895903e-07
1.5046275e-07
1.5216043e-07
1.5364602e-07
1.551834e-07
1.5662274e-07
1.5801008e-07
1.5939339e-07
1.6066356e-07
1.6198444e-07
1.6315035e-07
1.6435865e-07
1.6539963e-07
1.6641565e-07
1.6732937e-07
1.681534e-07
1.6896416e-07
1.6937816e-07
1.7005666e-07
1.7051449e-07
4.6286459e-09
4.6022513e-09
4.5906767e-09
4.5177233e-09
4.4620401e-09
4.4107295e-09
4.3679154e-09
4.362365e-09
4.2411817e-09
4.0859705e-09
4.0028033e-09
3.9642426e-09
3.8946361e-09
3.8608565e-09
3.8330512e-09
3.7375453e-09
3.7146826e-09
3.7072904e-09
3.7302275e-09
3.760979e-09
3.8446494e-09
3.9154159e-09
4.0522759e-09
4.1724184e-09
4.336321e-09
4.5753315e-09
4.7857413e-09
5.1362878e-09
5.4996778e-09
5.7734514e-09
6.0438561e-09
6.3875588e-09
6.7790616e-09
7.2459289e-09
7.7505704e-09
8.2978292e-09
9.0185316e-09
9.8044355e-09
1.0745585e-08
1.189048e-08
1.3279657e-08
1.4882528e-08
1.6967046e-08
1.8271384e-08
1.9008156e-08
1.9689729e-08
2.0731053e-08
2.1798915e-08
2.9047931e-08
2.2852582e-08
2.7197953e-08
2.4309677e-08
2.5237924e-08
2.626687e-08
2.7425191e-08
2.8594288e-08
3.0000496e-08
3.1234869e-08
3.1942943e-08
3.2826059e-08
3.3691684e-08
3.4732851e-08
3.5799248e-08
3.7009871e-08
3.8225157e-08
3.9731616e-08
4.1179929e-08
4.288049e-08
4.4702805e-08
4.6704583e-08
4.8691981e-08
5.1301356e-08
5.3689944e-08
5.6482238e-08
5.9644045e-08
6.3257289e-08
6.6809325e-08
6.992775e-08
7.2081592e-08
7.4189945e-08
7.603275e-08
7.8644314e-08
8.148251e-08
8.4359863e-08
8.6852497e-08
9.0513976e-08
9.3769088e-08
9.6500289e-08
9.8768965e-08
1.0134763e-07
1.0486138e-07
1.0871132e-07
1.1224e-07
1.1608695e-07
1.1940944e-07
1.2385538e-07
1.2928661e-07
1.3498483e-07
1.4076741e-07
1.4659674e-07
1.5301098e-07
1.5950748e-07
1.6306342e-07
1.64549e-07
1.6590485e-07
1.6730792e-07
1.685794e-07
1.6988341e-07
1.7108171e-07
1.7229938e-07
1.7342608e-07
1.7453612e-07
1.7557418e-07
1.7650833e-07
1.7745443e-07
1.7821555e-07
1.7909761e-07
1.7951967e-07
1.8032111e-07
1.8089109e-07
6.2810764e-09
6.2690374e-09
6.2583245e-09
6.2133958e-09
6.1768652e-09
6.1482069e-09
6.1309541e-09
6.0153233e-09
5.9342467e-09
5.9167248e-09
5.8988732e-09
5.8135969e-09
5.7606868e-09
5.4826481e-09
5.314196e-09
5.1660361e-09
5.0418424e-09
4.9383978e-09
4.8737209e-09
4.8241558e-09
4.8139774e-09
4.8522198e-09
4.8791151e-09
4.978478e-09
5.1524493e-09
5.2509802e-09
5.5151718e-09
5.7312662e-09
6.0898287e-09
6.4670351e-09
6.9385941e-09
7.4748648e-09
8.1147005e-09
8.6288892e-09
9.0527835e-09
9.4942394e-09
1.0093899e-08
1.0710692e-08
1.1504143e-08
1.2379029e-08
1.3506332e-08
1.4739423e-08
1.6422966e-08
1.8293618e-08
2.0847797e-08
2.411459e-08
2.5108874e-08
2.6121971e-08
2.7939584e-08
2.6598725e-08
2.7384214e-08
2.7376501e-08
2.8340165e-08
2.9331167e-08
3.0485078e-08
3.1631647e-08
3.3002297e-08
3.441276e-08
3.596907e-08
3.7691521e-08
3.9539263e-08
4.1588602e-08
4.3814564e-08
4.5036961e-08
4.6330296e-08
4.7796411e-08
4.9341571e-08
5.1017239e-08
5.288594e-08
5.4911591e-08
5.699281e-08
5.950945e-08
6.2059144e-08
6.4837852e-08
6.7970625e-08
7.050697e-08
7.2685383e-08
7.5036071e-08
7.7849238e-08
8.0722489e-08
8.4161375e-08
8.6101892e-08
8.8475018e-08
9.0699293e-08
9.2711753e-08
9.5335258e-08
9.8373326e-08
1.014999e-07
1.0432258e-07
1.0724239e-07
1.1106854e-07
1.1515744e-07
1.1927167e-07
1.2336016e-07
1.2735591e-07
1.3192706e-07
1.3770919e-07
1.4367036e-07
1.4993917e-07
1.5607039e-07
1.6291568e-07
1.6971594e-07
1.7182077e-07
1.7362008e-07
1.7484281e-07
1.7653664e-07
1.7765782e-07
1.7925151e-07
1.8029761e-07
1.8180495e-07
1.8276998e-07
1.841952e-07
1.850662e-07
1.8633018e-07
1.8710112e-07
1.8819993e-07
1.8890805e-07
1.8968417e-07
1.9027562e-07
1.9125566e-07
8.0963578e-09
8.0787433e-09
8.0585237e-09
7.9891905e-09
7.9341704e-09
7.8964208e-09
7.8584526e-09
7.7470658e-09
7.736534e-09
7.5902186e-09
7.4918462e-09
7.4205029e-09
7.3224029e-09
7.2315377e-09
7.1545295e-09
7.0972238e-09
7.0610177e-09
7.0497663e-09
7.0807923e-09
7.1163658e-09
7.0110542e-09
6.9204049e-09
6.848855e-09
6.9628267e-09
6.9111418e-09
7.0477116e-09
7.13523e-09
7.2976193e-09
7.5360292e-09
7.7774039e-09
8.1271016e-09
8.5122486e-09
9.0179478e-09
9.6598259e-09
1.0448849e-08
1.1396484e-08
1.246344e-08
1.3020137e-08
1.3721502e-08
1.4545351e-08
1.554113e-08
1.6719111e-08
1.8237809e-08
1.9953682e-08
2.2257963e-08
2.4941046e-08
2.856305e-08
3.2918482e-08
3.0965173e-08
3.5353995e-08
3.2366719e-08
3.5294053e-08
3.6309495e-08
3.7332789e-08
3.852878e-08
3.969293e-08
4.1110163e-08
4.2565784e-08
4.4157429e-08
4.5929705e-08
4.783378e-08
4.9920133e-08
5.1764432e-08
5.336605e-08
5.5062468e-08
5.6934365e-08
5.891283e-08
6.092301e-08
6.239219e-08
6.3959422e-08
6.5560045e-08
6.7398701e-08
6.928869e-08
7.1260516e-08
7.3434143e-08
7.5872332e-08
7.8354564e-08
8.0927864e-08
8.3865146e-08
8.6959302e-08
9.0061392e-08
9.3454264e-08
9.735694e-08
1.0134042e-07
1.0536551e-07
1.0813414e-07
1.113974e-07
1.1475142e-07
1.1795318e-07
1.211214e-07
1.2512202e-07
1.2946616e-07
1.3397317e-07
1.3835858e-07
1.4279481e-07
1.4757995e-07
1.5356879e-07
1.5981488e-07
1.6642385e-07
1.7287541e-07
1.7788761e-07
1.7988659e-07
1.8134646e-07
1.8328229e-07
1.8468088e-07
1.864995e-07
1.8781311e-07
1.8951815e-07
1.907167e-07
1.923362e-07
1.9338431e-07
1.9493206e-07
1.9582744e-07
1.972976e-07
1.9807388e-07
1.993887e-07
2.0003496e-07
2.0115559e-07
2.016738e-07
2.0280169e-07
1.0911627e-08
1.0903104e-08
1.0877119e-08
1.0781004e-08
1.0700467e-08
1.0636157e-08
1.0485591e-08
1.0310824e-08
1.0115151e-08
9.9707732e-09
9.862337e-09
9.5749807e-09
9.386421e-09
9.2328283e-09
9.0963544e-09
8.9844134e-09
8.8146891e-09
8.7409472e-09
8.7060717e-09
8.704881e-09
8.7202483e-09
8.7328761e-09
8.9561532e-09
9.0303394e-09
9.2501604e-09
9.4981778e-09
9.7862174e-09
9.9978584e-09
1.0294453e-08
1.0759775e-08
1.1060644e-08
1.1356629e-08
1.185095e-08
1.2368771e-08
1.3149071e-08
1.3933142e-08
1.5067264e-08
1.6323368e-08
1.8039833e-08
2.0088865e-08
2.1021864e-08
2.2152718e-08
2.3587744e-08
2.526363e-08
2.7494667e-08
3.0086296e-08
3.3535225e-08
3.6449524e-08
3.7523242e-08
4.109936e-08
4.0107958e-08
4.2056176e-08
4.2104798e-08
4.336835e-08
4.4739593e-08
4.6165898e-08
4.7708708e-08
4.9347389e-08
5.1086557e-08
5.2413353e-08
5.3781728e-08
5.5254619e-08
5.6866101e-08
5.8533171e-08
6.03045e-08
6.2197194e-08
6.4220337e-08
6.6338973e-08
6.8642827e-08
7.1047629e-08
7.3607855e-08
7.6774245e-08
7.8716697e-08
8.0764489e-08
8.2894745e-08
8.5297498e-08
8.7741118e-08
9.0284269e-08
9.3011254e-08
9.6029195e-08
9.8978854e-08
1.0219876e-07
1.0575759e-07
1.0963258e-07
1.133295e-07
1.1754399e-07
1.2213503e-07
1.2777197e-07
1.3097205e-07
1.3420091e-07
1.3796809e-07
1.423855e-07
1.4672524e-07
1.5132569e-07
1.5568769e-07
1.6062544e-07
1.6643741e-07
1.7280954e-07
1.7951932e-07
1.8626738e-07
1.8847745e-07
1.904701e-07
1.9198078e-07
1.9381505e-07
1.9510354e-07
1.9682781e-07
1.9791556e-07
1.9944133e-07
2.0035977e-07
2.0169322e-07
2.0248354e-07
2.0358478e-07
2.0425782e-07
2.0525487e-07
2.058232e-07
2.0673562e-07
2.0721262e-07
2.0809476e-07
2.0845856e-07
2.0944426e-07
1.4838095e-08
1.4836177e-08
1.4791304e-08
1.4642876e-08
1.4519494e-08
1.4434213e-08
1.4168481e-08
1.3971956e-08
1.3877479e-08
1.3674185e-08
1.3192869e-08
1.2937681e-08
1.2730237e-08
1.2478143e-08
1.211593e-08
1.1857464e-08
1.1597037e-08
1.1379581e-08
1.1207333e-08
1.1000441e-08
1.0883979e-08
1.1000584e-08
1.0939567e-08
1.1037315e-08
1.1185193e-08
1.1409608e-08
1.1675362e-08
1.2076475e-08
1.2488658e-08
1.3042875e-08
1.3629418e-08
1.4340038e-08
1.513156e-08
1.6134137e-08
1.689155e-08
1.7738147e-08
1.8731847e-08
1.9836644e-08
2.1138911e-08
2.2658405e-08
2.4459425e-08
2.6549833e-08
2.8990849e-08
3.0625845e-08
3.254776e-08
3.4705821e-08
3.7216594e-08
4.0032336e-08
4.2749006e-08
4.4059683e-08
4.6560135e-08
4.6259666e-08
4.8116392e-08
4.9368267e-08
5.0710499e-08
5.210874e-08
5.3592022e-08
5.516492e-08
5.6808994e-08
5.8600581e-08
6.0475657e-08
6.2428403e-08
6.4593143e-08
6.6939227e-08
6.8646863e-08
7.0422555e-08
7.2347655e-08
7.4334215e-08
7.6509151e-08
7.8734557e-08
8.1172648e-08
8.3734131e-08
8.6470192e-08
8.9345385e-08
9.2488234e-08
9.6524747e-08
9.9029513e-08
1.0157156e-07
1.0432017e-07
1.0733876e-07
1.1042878e-07
1.1369135e-07
1.173136e-07
1.2128874e-07
1.2522174e-07
1.2955753e-07
1.3428969e-07
1.3949787e-07
1.4490191e-07
1.5038645e-07
1.5720575e-07
1.6199518e-07
1.6696573e-07
1.7214214e-07
1.774021e-07
1.8318986e-07
1.8869489e-07
1.9031585e-07
1.917669e-07
1.9340797e-07
1.9474632e-07
1.9635956e-07
1.9751028e-07
1.9896495e-07
1.9996577e-07
2.0127425e-07
2.0212469e-07
2.0330734e-07
2.0402301e-07
2.0510441e-07
2.0570355e-07
2.0670308e-07
2.0719636e-07
2.0813796e-07
2.0853158e-07
2.0943691e-07
2.0975448e-07
2.1062197e-07
2.1089403e-07
2.1181987e-07
2.0857139e-08
2.087495e-08
2.0816027e-08
2.0809689e-08
2.043479e-08
2.0317473e-08
1.9911491e-08
1.963761e-08
1.9230828e-08
1.8693806e-08
1.8399888e-08
1.7914557e-08
1.7451645e-08
1.6835403e-08
1.637411e-08
1.5935288e-08
1.551713e-08
1.5162917e-08
1.4810526e-08
1.4378927e-08
1.4340489e-08
1.4068551e-08
1.3949192e-08
1.3916374e-08
1.4010906e-08
1.4095812e-08
1.4336139e-08
1.4750252e-08
1.5044199e-08
1.5447742e-08
1.5926887e-08
1.6526e-08
1.7230272e-08
1.8077997e-08
1.9124386e-08
2.029514e-08
2.1772984e-08
2.3202538e-08
2.4540451e-08
2.6045088e-08
2.7792035e-08
2.9753566e-08
3.2074761e-08
3.4768025e-08
3.7849161e-08
4.0882899e-08
4.324594e-08
4.5929857e-08
5.0085502e-08
4.9278735e-08
5.2470889e-08
5.2535929e-08
5.4552865e-08
5.5199323e-08
5.6899451e-08
5.8630939e-08
6.0535535e-08
6.2891931e-08
6.4451362e-08
6.6214569e-08
6.8016533e-08
6.99179e-08
7.2016911e-08
7.4235286e-08
7.6587838e-08
7.9079477e-08
8.1811252e-08
8.5412417e-08
8.771737e-08
9.0082775e-08
9.2687878e-08
9.5420064e-08
9.8332024e-08
1.0139728e-07
1.0476629e-07
1.0823035e-07
1.1210063e-07
1.1610965e-07
1.2045688e-07
1.2587986e-07
1.2951529e-07
1.3316851e-07
1.3722868e-07
1.4157226e-07
1.4607552e-07
1.5080029e-07
1.5607683e-07
1.6172799e-07
1.6792443e-07
1.7431665e-07
1.81403e-07
1.8607582e-07
1.8753205e-07
1.8866017e-07
1.9003223e-07
1.9115208e-07
1.9244643e-07
1.9359232e-07
1.9483456e-07
1.9602833e-07
1.9722978e-07
1.9842471e-07
1.9946366e-07
2.0057002e-07
2.014626e-07
2.0248938e-07
2.032396e-07
2.0419142e-07
2.0481623e-07
2.0571116e-07
2.0622877e-07
2.0707505e-07
2.0750256e-07
2.0830968e-07
2.0866332e-07
2.0944401e-07
2.0974167e-07
2.1050554e-07
2.10754e-07
2.1157628e-07
2.9632468e-08
2.9684232e-08
2.9592528e-08
2.9560598e-08
2.9019593e-08
2.8852205e-08
2.8244068e-08
2.783406e-08
2.7485904e-08
2.6700226e-08
2.5981835e-08
2.5331441e-08
2.4544068e-08
2.3812882e-08
2.311471e-08
2.243205e-08
2.1555853e-08
2.088591e-08
2.0215422e-08
1.9759705e-08
1.9137621e-08
1.8715405e-08
1.8363069e-08
1.8252345e-08
1.8074825e-08
1.8040537e-08
1.8100982e-08
1.8269975e-08
1.8576584e-08
1.9042343e-08
1.9597583e-08
2.0370173e-08
2.1204942e-08
2.2269858e-08
2.3170264e-08
2.4267779e-08
2.5542905e-08
2.6989756e-08
2.8736755e-08
3.0773176e-08
3.3023603e-08
3.4797016e-08
3.6949762e-08
3.9376355e-08
4.2230605e-08
4.5603291e-08
4.9601337e-08
5.4665873e-08
5.57719e-08
5.78187e-08
5.8797195e-08
6.2537849e-08
6.2299791e-08
6.4914897e-08
6.6723727e-08
6.8576041e-08
7.0590457e-08
7.2705445e-08
7.4932134e-08
7.7380072e-08
7.993598e-08
8.2649758e-08
8.6142855e-08
8.8614042e-08
9.1155437e-08
9.3905159e-08
9.6807674e-08
9.99071e-08
1.031959e-07
1.0663848e-07
1.1028319e-07
1.1421386e-07
1.1875641e-07
1.220804e-07
1.2568129e-07
1.2939113e-07
1.3350063e-07
1.378385e-07
1.4248611e-07
1.4746299e-07
1.5290005e-07
1.5866877e-07
1.6502895e-07
1.7242192e-07
1.7814956e-07
1.820888e-07
1.8334084e-07
1.8409828e-07
1.8531804e-07
1.8604079e-07
1.8724839e-07
1.8796254e-07
1.8917498e-07
1.8990574e-07
1.9112889e-07
1.91886e-07
1.9313407e-07
1.9392581e-07
1.9520669e-07
1.9604178e-07
1.9735314e-07
1.9812426e-07
1.9931117e-07
2.0000902e-07
2.01078e-07
2.0170778e-07
2.0266261e-07
2.0322274e-07
2.040732e-07
2.0457356e-07
2.0533426e-07
2.0578739e-07
2.0647199e-07
2.0688988e-07
2.075133e-07
2.0790894e-07
2.084877e-07
2.0887687e-07
2.0941614e-07
2.0984595e-07
4.303449e-08
4.3149663e-08
4.3022543e-08
4.2982655e-08
4.2210628e-08
4.198565e-08
4.1088675e-08
4.0508142e-08
3.9748538e-08
3.8503518e-08
3.770726e-08
3.6816458e-08
3.5263944e-08
3.4158165e-08
3.310409e-08
3.1661946e-08
3.0510237e-08
2.9436726e-08
2.8415756e-08
2.7526191e-08
2.6768636e-08
2.5696803e-08
2.5177431e-08
2.462776e-08
2.4163577e-08
2.3896966e-08
2.3786458e-08
2.3763779e-08
2.401266e-08
2.4415599e-08
2.4818225e-08
2.5305522e-08
2.5972618e-08
2.6850375e-08
2.7927023e-08
2.925568e-08
3.1125841e-08
3.2559054e-08
3.4190815e-08
3.6166877e-08
3.8512168e-08
4.1220595e-08
4.4531251e-08
4.7901254e-08
5.096455e-08
5.4455312e-08
5.8583621e-08
6.3288739e-08
6.6584006e-08
6.9958047e-08
7.1082295e-08
7.3708277e-08
7.6201714e-08
7.7805178e-08
8.0078707e-08
8.2467451e-08
8.5043557e-08
8.7749583e-08
9.05611e-08
9.4027657e-08
9.6634055e-08
9.9330229e-08
1.023048e-07
1.0542593e-07
1.0880897e-07
1.1231213e-07
1.1618604e-07
1.2082523e-07
1.2434639e-07
1.280846e-07
1.3215614e-07
1.3660084e-07
1.4129716e-07
1.4637494e-07
1.5193416e-07
1.5783849e-07
1.6505244e-07
1.7062802e-07
1.7659146e-07
1.7774889e-07
1.7856505e-07
1.7932693e-07
1.8014677e-07
1.8088757e-07
1.8172899e-07
1.824729e-07
1.8334704e-07
1.8409548e-07
1.8501091e-07
1.8576799e-07
1.8673023e-07
1.8750344e-07
1.8851758e-07
1.8930633e-07
1.9037999e-07
1.91191e-07
1.9232651e-07
1.9317028e-07
1.943642e-07
1.9525089e-07
1.9640469e-07
1.9717595e-07
1.9823162e-07
1.9890357e-07
1.9986578e-07
2.0044772e-07
2.0132105e-07
2.018149e-07
2.0260982e-07
2.0302824e-07
2.0375898e-07
2.0411485e-07
2.0479387e-07
2.0510104e-07
2.0574078e-07
2.0601483e-07
2.0662863e-07
2.0688821e-07
2.0752033e-07
2.0772792e-07
6.3149153e-08
6.3378801e-08
6.318331e-08
6.3086899e-08
6.1972882e-08
6.166505e-08
6.0348293e-08
5.9500025e-08
5.8617887e-08
5.6818391e-08
5.5434024e-08
5.3422288e-08
5.1898177e-08
5.0321693e-08
4.8183406e-08
4.6387088e-08
4.4642937e-08
4.2991111e-08
4.0911563e-08
3.9406962e-08
3.7866337e-08
3.6595306e-08
3.5343824e-08
3.4287935e-08
3.3445213e-08
3.2856723e-08
3.2226583e-08
3.1978213e-08
3.1800074e-08
3.1873494e-08
3.2167933e-08
3.2679631e-08
3.3457473e-08
3.4500603e-08
3.591208e-08
3.7125365e-08
3.8690368e-08
4.0590965e-08
4.2759239e-08
4.549106e-08
4.8307927e-08
5.1055306e-08
5.4190205e-08
5.7973538e-08
6.236897e-08
6.8221211e-08
7.2367785e-08
7.716583e-08
8.2383154e-08
8.3383983e-08
8.8465396e-08
8.8622685e-08
9.2722013e-08
9.4325764e-08
9.7836281e-08
9.9903223e-08
1.0418974e-07
1.071222e-07
1.1020472e-07
1.1361541e-07
1.1727146e-07
1.2104731e-07
1.2527065e-07
1.2972619e-07
1.350989e-07
1.3932346e-07
1.4398757e-07
1.4891608e-07
1.5427601e-07
1.5994367e-07
1.6611558e-07
1.7230971e-07
1.731053e-07
1.7369465e-07
1.7445315e-07
1.7506003e-07
1.7579419e-07
1.7642826e-07
1.7714965e-07
1.7781863e-07
1.7854068e-07
1.7924142e-07
1.7997486e-07
1.8070546e-07
1.8145524e-07
1.8221619e-07
1.8299273e-07
1.8377637e-07
1.8459011e-07
1.8539685e-07
1.8624857e-07
1.8708429e-07
1.879745e-07
1.8883825e-07
1.8977738e-07
1.9066452e-07
1.9166622e-07
1.9257904e-07
1.9364357e-07
1.9449482e-07
1.9546206e-07
1.9620016e-07
1.9707694e-07
1.9771893e-07
1.9851372e-07
1.9906837e-07
1.9979117e-07
2.0025974e-07
2.0092318e-07
2.0131625e-07
2.0193511e-07
2.0226477e-07
2.0285148e-07
2.0313131e-07
2.0369723e-07
2.0394265e-07
2.0449902e-07
2.0473204e-07
2.0531689e-07
2.0549998e-07
9.4032637e-08
9.4462497e-08
9.4179453e-08
9.404314e-08
9.2429955e-08
9.2028884e-08
9.010454e-08
8.8893015e-08
8.7375271e-08
8.4651668e-08
8.2828391e-08
7.9883034e-08
7.7430184e-08
7.4290624e-08
7.165686e-08
6.8959544e-08
6.6340381e-08
6.2972475e-08
6.0347405e-08
5.7917988e-08
5.5613432e-08
5.2877646e-08
5.0901643e-08
4.9086474e-08
4.7616486e-08
4.6154043e-08
4.5062796e-08
4.4207132e-08
4.3644386e-08
4.3349195e-08
4.3346363e-08
4.4054779e-08
4.4463263e-08
4.5146391e-08
4.6243422e-08
4.7552573e-08
4.9417727e-08
5.2107716e-08
5.4188884e-08
5.6771601e-08
5.9857306e-08
6.3597523e-08
6.8024761e-08
7.27421e-08
7.7265233e-08
8.2735601e-08
8.9114918e-08
9.6696593e-08
1.0119012e-07
1.0531543e-07
1.0750283e-07
1.1286342e-07
1.1443842e-07
1.211314e-07
1.2200954e-07
1.2703748e-07
1.3085784e-07
1.3493925e-07
1.3922238e-07
1.4393393e-07
1.4902893e-07
1.5579007e-07
1.6087186e-07
1.6617449e-07
1.6871193e-07
1.6908412e-07
1.6984011e-07
1.701909e-07
1.7094968e-07
1.7129809e-07
1.7206028e-07
1.7241692e-07
1.7317626e-07
1.7355435e-07
1.7431308e-07
1.7471426e-07
1.7547218e-07
1.7591003e-07
1.7666028e-07
1.7714072e-07
1.7788236e-07
1.7840735e-07
1.7914856e-07
1.7972277e-07
1.8045945e-07
1.8109197e-07
1.8183754e-07
1.8251628e-07
1.8328528e-07
1.8401156e-07
1.8480351e-07
1.8559005e-07
1.8640478e-07
1.8725013e-07
1.8810017e-07
1.8899654e-07
1.8990072e-07
1.9084673e-07
1.9170409e-07
1.925495e-07
1.9330982e-07
1.9407048e-07
1.9474045e-07
1.95431e-07
1.9602039e-07
1.9664576e-07
1.9716694e-07
1.9772513e-07
1.9819122e-07
1.9868817e-07
1.9911322e-07
1.995574e-07
1.9995339e-07
2.0035522e-07
2.0073274e-07
2.011057e-07
2.014742e-07
2.0183644e-07
2.0220028e-07
2.0261076e-07
1.4133969e-07
1.4212088e-07
1.4168096e-07
1.4143795e-07
1.403838e-07
1.3856268e-07
1.3709429e-07
1.3399737e-07
1.3195134e-07
1.2798377e-07
1.2524494e-07
1.2066688e-07
1.1723051e-07
1.1248496e-07
1.0857913e-07
1.0453802e-07
9.9358622e-08
9.5233635e-08
9.1229693e-08
8.6477865e-08
8.2639491e-08
7.9091211e-08
7.5678518e-08
7.2608877e-08
6.9910579e-08
6.7434997e-08
6.4605808e-08
6.2893706e-08
6.2126483e-08
6.1084736e-08
6.0402395e-08
6.0175437e-08
6.0268054e-08
6.0896915e-08
6.1990391e-08
6.3526697e-08
6.5899882e-08
6.8012603e-08
7.0692167e-08
7.4059788e-08
7.8157038e-08
8.2856235e-08
8.7434266e-08
9.2975226e-08
9.9469419e-08
1.080197e-07
1.1496939e-07
1.2330822e-07
1.3052647e-07
1.3424356e-07
1.3946363e-07
1.4306154e-07
1.4942094e-07
1.5245953e-07
1.6035825e-07
1.6305168e-07
1.6436649e-07
1.6483918e-07
1.6523425e-07
1.656779e-07
1.6609656e-07
1.6650757e-07
1.6696514e-07
1.6734998e-07
1.6784303e-07
1.6820729e-07
1.6874462e-07
1.690921e-07
1.6966848e-07
1.6999804e-07
1.7061999e-07
1.7093927e-07
1.7159906e-07
1.7192309e-07
1.7262678e-07
1.7295179e-07
1.737022e-07
1.740437e-07
1.7483147e-07
1.7520154e-07
1.7602574e-07
1.7642976e-07
1.7729166e-07
1.7773998e-07
1.7862625e-07
1.7913413e-07
1.80047e-07
1.8060912e-07
1.8155353e-07
1.8217516e-07
1.8314405e-07
1.8383801e-07
1.8482671e-07
1.8559431e-07
1.8660841e-07
1.8744606e-07
1.8849331e-07
1.8927615e-07
1.9021029e-07
1.9091936e-07
1.9174192e-07
1.9239008e-07
1.9310535e-07
1.9370476e-07
1.9432102e-07
1.9487566e-07
1.9540455e-07
1.9591326e-07
1.9636717e-07
1.9683436e-07
1.9722709e-07
1.9765975e-07
1.9800428e-07
1.9841134e-07
1.9871993e-07
1.9911304e-07
1.9939774e-07
1.9979468e-07
2.0006043e-07
2.0053274e-07
1.4521865e-07
1.4500721e-07
1.4501791e-07
1.4502285e-07
1.4508486e-07
1.4511886e-07
1.4515929e-07
1.4521954e-07
1.452312e-07
1.4523645e-07
1.4519188e-07
1.4532905e-07
1.4563485e-07
1.4586336e-07
1.458859e-07
1.4604194e-07
1.4594771e-07
1.4603742e-07
1.3838096e-07
1.3225237e-07
1.2632125e-07
1.1941095e-07
1.1384685e-07
1.0881002e-07
1.0427854e-07
9.9928462e-08
9.6106214e-08
9.2872256e-08
9.0151576e-08
8.795924e-08
8.6304763e-08
8.513918e-08
8.4614644e-08
8.4645993e-08
8.5500476e-08
8.7247712e-08
8.8862074e-08
9.1279829e-08
9.4456177e-08
9.9397932e-08
1.0346479e-07
1.0855522e-07
1.1481794e-07
1.2355994e-07
1.3080013e-07
1.3961249e-07
1.4997913e-07
1.5974458e-07
1.6025491e-07
1.6064075e-07
1.6091744e-07
1.6132332e-07
1.6158998e-07
1.620152e-07
1.6228794e-07
1.6273371e-07
1.6301265e-07
1.634722e-07
1.6375695e-07
1.6423716e-07
1.6453104e-07
1.6502183e-07
1.653445e-07
1.6584492e-07
1.6619512e-07
1.6670349e-07
1.6709479e-07
1.6760907e-07
1.6804109e-07
1.6856152e-07
1.6904455e-07
1.6957003e-07
1.7010177e-07
1.7063812e-07
1.7122574e-07
1.7176303e-07
1.7241227e-07
1.729545e-07
1.7366066e-07
1.7420957e-07
1.7497426e-07
1.7552644e-07
1.763518e-07
1.7691056e-07
1.7778784e-07
1.7836092e-07
1.7929112e-07
1.7987421e-07
1.8086054e-07
1.8146012e-07
1.8249406e-07
1.8312476e-07
1.841999e-07
1.848667e-07
1.8598543e-07
1.8666354e-07
1.8769536e-07
1.8826378e-07
1.8920548e-07
1.8967895e-07
1.9052747e-07
1.9092434e-07
1.9167903e-07
1.9201737e-07
1.9268419e-07
1.9297165e-07
1.9356265e-07
1.9380055e-07
1.943286e-07
1.9452352e-07
1.9500223e-07
1.9516324e-07
1.9560612e-07
1.9574446e-07
1.961646e-07
1.9629979e-07
1.9671162e-07
1.9682571e-07
1.9733166e-07
1.9733045e-07
1.4420625e-07
1.4399562e-07
1.440116e-07
1.4401695e-07
1.4407738e-07
1.4409999e-07
1.4414028e-07
1.4418044e-07
1.4420709e-07
1.4432044e-07
1.4465749e-07
1.4480304e-07
1.4468142e-07
1.4464292e-07
1.4482557e-07
1.449677e-07
1.4510666e-07
1.4548965e-07
1.45602e-07
1.4590925e-07
1.4599095e-07
1.4616981e-07
1.4652764e-07
1.4691555e-07
1.4730439e-07
1.4732128e-07
1.451223e-07
1.3934113e-07
1.3438946e-07
1.3015137e-07
1.2653238e-07
1.2394556e-07
1.2202853e-07
1.2104364e-07
1.220833e-07
1.2242081e-07
1.2390775e-07
1.264933e-07
1.3127818e-07
1.3529665e-07
1.4042282e-07
1.4701789e-07
1.5500727e-07
1.5574132e-07
1.5633166e-07
1.5707151e-07
1.5782284e-07
1.5856087e-07
1.5915491e-07
1.59454e-07
1.598091e-07
1.6012026e-07
1.6048727e-07
1.6081191e-07
1.6119727e-07
1.6154003e-07
1.6193436e-07
1.6229884e-07
1.6270195e-07
1.6309826e-07
1.6350444e-07
1.6392755e-07
1.6434691e-07
1.6479886e-07
1.6522493e-07
1.6570573e-07
1.6614709e-07
1.6665553e-07
1.6710786e-07
1.6764405e-07
1.6811411e-07
1.6867489e-07
1.6915763e-07
1.697477e-07
1.7024951e-07
1.7085588e-07
1.7138332e-07
1.7200899e-07
1.7255789e-07
1.7320432e-07
1.7378097e-07
1.744418e-07
1.7505532e-07
1.7573315e-07
1.7637864e-07
1.7708091e-07
1.7776944e-07
1.7848439e-07
1.7922994e-07
1.7996076e-07
1.8075861e-07
1.8152045e-07
1.8236701e-07
1.8315601e-07
1.8397529e-07
1.846469e-07
1.8539765e-07
1.8595697e-07
1.8663936e-07
1.8710167e-07
1.8771176e-07
1.8809654e-07
1.8863211e-07
1.8895864e-07
1.894257e-07
1.8970087e-07
1.9011269e-07
1.9033698e-07
1.9070835e-07
1.9088685e-07
1.9122967e-07
1.9138185e-07
1.9171003e-07
1.9182963e-07
1.9214628e-07
1.9224608e-07
1.9258527e-07
1.926751e-07
1.9311364e-07
1.9309833e-07
1.4365132e-07
1.4343975e-07
1.4345714e-07
1.4346402e-07
1.4352766e-07
1.4355356e-07
1.4359039e-07
1.436363e-07
1.4365947e-07
1.437328e-07
1.4365037e-07
1.4365674e-07
1.4385847e-07
1.4422724e-07
1.4432779e-07
1.4440846e-07
1.4440465e-07
1.4443146e-07
1.4465078e-07
1.4472236e-07
1.4496417e-07
1.4522968e-07
1.4556613e-07
1.4572787e-07
1.4573276e-07
1.4602985e-07
1.4672017e-07
1.4691886e-07
1.4699789e-07
1.4722877e-07
1.4769117e-07
1.4812401e-07
1.4871736e-07
1.4922843e-07
1.4960595e-07
1.5010308e-07
1.504316e-07
1.5088514e-07
1.5133273e-07
1.5179752e-07
1.5235955e-07
1.5292785e-07
1.5354209e-07
1.5426568e-07
1.5487275e-07
1.557682e-07
1.5636679e-07
1.5737187e-07
1.5781255e-07
1.5821304e-07
1.5847994e-07
1.5888375e-07
1.5916697e-07
1.5956863e-07
1.5988048e-07
1.6028001e-07
1.6061522e-07
1.6101264e-07
1.6137401e-07
1.6177776e-07
1.6215972e-07
1.6256346e-07
1.6297701e-07
1.6338463e-07
1.6382068e-07
1.6423341e-07
1.647005e-07
1.6512013e-07
1.6561e-07
1.6604049e-07
1.665594e-07
1.6700143e-07
1.6754124e-07
1.6800681e-07
1.6857322e-07
1.6905214e-07
1.696524e-07
1.7015415e-07
1.7078098e-07
1.7131311e-07
1.7197129e-07
1.7253098e-07
1.7322711e-07
1.7382056e-07
1.7454542e-07
1.7518256e-07
1.7594352e-07
1.7661258e-07
1.7742066e-07
1.7812345e-07
1.789709e-07
1.7971656e-07
1.8055029e-07
1.8120825e-07
1.8194521e-07
1.8250189e-07
1.8316566e-07
1.8362449e-07
1.8421615e-07
1.8459195e-07
1.8510831e-07
1.8542018e-07
1.8585933e-07
1.8612678e-07
1.8649681e-07
1.8672286e-07
1.8704048e-07
1.8724345e-07
1.8751004e-07
1.8766463e-07
1.8789732e-07
1.8802247e-07
1.8824401e-07
1.8835537e-07
1.8857054e-07
1.8867665e-07
1.8890723e-07
1.8901229e-07
1.8928124e-07
1.8932204e-07
1.4245205e-07
1.4224117e-07
1.4226465e-07
1.4226968e-07
1.4233178e-07
1.423461e-07
1.4238169e-07
1.4241407e-07
1.4243985e-07
1.4253952e-07
1.4280973e-07
1.4309597e-07
1.4306295e-07
1.4292914e-07
1.4298995e-07
1.4307122e-07
1.4316865e-07
1.4364228e-07
1.437635e-07
1.44068e-07
1.4422709e-07
1.4442965e-07
1.4466399e-07
1.447523e-07
1.4510629e-07
1.4582376e-07
1.4577698e-07
1.457741e-07
1.4586344e-07
1.4642641e-07
1.4694029e-07
1.4722495e-07
1.4773768e-07
1.4786757e-07
1.4823693e-07
1.4872098e-07
1.4896446e-07
1.4976464e-07
1.5004681e-07
1.5088419e-07
1.5136939e-07
1.520672e-07
1.5277744e-07
1.5333313e-07
1.5417503e-07
1.546956e-07
1.5554651e-07
1.5615988e-07
1.5669771e-07
1.5698354e-07
1.5728284e-07
1.5759973e-07
1.5788834e-07
1.5823451e-07
1.5852561e-07
1.5890214e-07
1.591899e-07
1.5959596e-07
1.5988624e-07
1.6032867e-07
1.6061811e-07
1.6108722e-07
1.6139183e-07
1.6188802e-07
1.6220189e-07
1.6272246e-07
1.6305978e-07
1.6360238e-07
1.6395854e-07
1.6452353e-07
1.6490978e-07
1.6549267e-07
1.6590497e-07
1.6651329e-07
1.6695988e-07
1.6757833e-07
1.6806899e-07
1.6870136e-07
1.6922942e-07
1.6987861e-07
1.7044837e-07
1.7110747e-07
1.7172362e-07
1.7239709e-07
1.7304815e-07
1.7374465e-07
1.7443571e-07
1.7514333e-07
1.7588355e-07
1.7660246e-07
1.7734693e-07
1.77973e-07
1.7861294e-07
1.7914176e-07
1.7969379e-07
1.8011777e-07
1.806095e-07
1.8093372e-07
1.8136466e-07
1.8160833e-07
1.8197358e-07
1.821583e-07
1.8246124e-07
1.8262479e-07
1.8282814e-07
1.8296794e-07
1.8310653e-07
1.8323527e-07
1.8331118e-07
1.8341711e-07
1.8347003e-07
1.8357063e-07
1.8361417e-07
1.8371821e-07
1.8376658e-07
1.8388326e-07
1.8395181e-07
1.840943e-07
1.8418552e-07
1.8437359e-07
1.4179395e-07
1.4158255e-07
1.4160723e-07
1.4161424e-07
1.4167908e-07
1.4169834e-07
1.4173297e-07
1.4176524e-07
1.4179594e-07
1.4193021e-07
1.4185577e-07
1.4173673e-07
1.4181637e-07
1.4214642e-07
1.4244647e-07
1.42457e-07
1.4257377e-07
1.4263642e-07
1.4272589e-07
1.4276682e-07
1.4292073e-07
1.4319878e-07
1.4342098e-07
1.4365627e-07
1.4415426e-07
1.4397044e-07
1.4399062e-07
1.4424926e-07
1.4488903e-07
1.4553562e-07
1.4556923e-07
1.4594722e-07
1.4621457e-07
1.4643055e-07
1.4725647e-07
1.4741012e-07
1.482174e-07
1.4861097e-07
1.4904625e-07
1.4978827e-07
1.4994154e-07
1.5086535e-07
1.5099703e-07
1.5188935e-07
1.522097e-07
1.5296254e-07
1.5356801e-07
1.541948e-07
1.5480579e-07
1.5503533e-07
1.5542237e-07
1.556502e-07
1.5606567e-07
1.5629477e-07
1.5674324e-07
1.5698123e-07
1.5744834e-07
1.5770083e-07
1.5818398e-07
1.5846433e-07
1.5895185e-07
1.5925755e-07
1.5975601e-07
1.6009366e-07
1.6059025e-07
1.6096215e-07
1.6146389e-07
1.6187186e-07
1.6236787e-07
1.6281535e-07
1.6331228e-07
1.6379565e-07
1.6428583e-07
1.6481329e-07
1.6530398e-07
1.6585752e-07
1.663602e-07
1.6694145e-07
1.6745105e-07
1.6806057e-07
1.6858702e-07
1.692131e-07
1.6976734e-07
1.7041304e-07
1.7098603e-07
1.7165964e-07
1.7226148e-07
1.7293862e-07
1.7355123e-07
1.7411701e-07
1.7463463e-07
1.7510949e-07
1.7552781e-07
1.7591555e-07
1.7625577e-07
1.7654452e-07
1.7683994e-07
1.7703225e-07
1.7728118e-07
1.7741549e-07
1.7758196e-07
1.7767666e-07
1.7773589e-07
1.7779608e-07
1.7782468e-07
1.7789673e-07
1.7786491e-07
1.7792194e-07
1.7788269e-07
1.7790765e-07
1.7786732e-07
1.7787699e-07
1.7783776e-07
1.7785343e-07
1.7782235e-07
1.7786153e-07
1.778351e-07
1.779099e-07
1.7786943e-07
1.7795421e-07
1.4036341e-07
1.4015277e-07
1.4018422e-07
1.4018856e-07
1.4025289e-07
1.4025971e-07
1.4028816e-07
1.4031509e-07
1.403471e-07
1.4043699e-07
1.4061653e-07
1.4091611e-07
1.4113234e-07
1.4098253e-07
1.4087039e-07
1.4084146e-07
1.4099499e-07
1.4142993e-07
1.4150503e-07
1.4183456e-07
1.4210965e-07
1.4231931e-07
1.4248627e-07
1.4276427e-07
1.4267717e-07
1.4283008e-07
1.4335479e-07
1.4385797e-07
1.4425377e-07
1.4404643e-07
1.4420312e-07
1.4468576e-07
1.4489101e-07
1.4575025e-07
1.4592055e-07
1.4632409e-07
1.4685057e-07
1.4692542e-07
1.4772178e-07
1.4786143e-07
1.4860354e-07
1.4905011e-07
1.4956907e-07
1.5033946e-07
1.5068145e-07
1.5168439e-07
1.5199281e-07
1.5313142e-07
1.5338448e-07
1.5383056e-07
1.540079e-07
1.5444531e-07
1.546547e-07
1.5507687e-07
1.5533209e-07
1.5573947e-07
1.5603242e-07
1.5642394e-07
1.5675768e-07
1.5714268e-07
1.5750722e-07
1.5788002e-07
1.5828363e-07
1.5865127e-07
1.5907871e-07
1.5944377e-07
1.5990147e-07
1.6026981e-07
1.6074051e-07
1.6112153e-07
1.6160836e-07
1.6200467e-07
1.6249196e-07
1.629231e-07
1.6341242e-07
1.6386479e-07
1.6436448e-07
1.6484875e-07
1.6534577e-07
1.6586995e-07
1.6637228e-07
1.6692539e-07
1.6744315e-07
1.6802948e-07
1.6854553e-07
1.6916335e-07
1.6962421e-07
1.7013762e-07
1.7051428e-07
1.70922e-07
1.7120041e-07
1.7153894e-07
1.7170989e-07
1.7197853e-07
1.7208587e-07
1.7226223e-07
1.7232956e-07
1.7237161e-07
1.7239005e-07
1.7243904e-07
1.7239507e-07
1.7238423e-07
1.7232155e-07
1.7226293e-07
1.7217939e-07
1.7209038e-07
1.719934e-07
1.7188095e-07
1.7177329e-07
1.7165292e-07
1.7154135e-07
1.7142563e-07
1.7132269e-07
1.7122074e-07
1.7113625e-07
1.7106085e-07
1.7100288e-07
1.7096634e-07
1.7094813e-07
1.7091906e-07
1.3957772e-07
1.3936708e-07
1.3939974e-07
1.3940688e-07
1.3947272e-07
1.394842e-07
1.3952137e-07
1.395422e-07
1.3958522e-07
1.3974741e-07
1.3970834e-07
1.3955718e-07
1.395026e-07
1.3963e-07
1.3999356e-07
1.4016762e-07
1.404754e-07
1.404211e-07
1.4042998e-07
1.4057248e-07
1.4060794e-07
1.4077303e-07
1.4102835e-07
1.4101165e-07
1.4124562e-07
1.4181198e-07
1.4194953e-07
1.4203563e-07
1.419174e-07
1.4220331e-07
1.431652e-07
1.4331613e-07
1.4402643e-07
1.4410712e-07
1.4424097e-07
1.4479791e-07
1.4494044e-07
1.4570643e-07
1.4603816e-07
1.4660028e-07
1.4716143e-07
1.4749847e-07
1.4816845e-07
1.4847763e-07
1.4919643e-07
1.4963153e-07
1.5034012e-07
1.5102223e-07
1.5146529e-07
1.5179065e-07
1.5204248e-07
1.5239783e-07
1.5264614e-07
1.5302165e-07
1.5328235e-07
1.5367212e-07
1.5393955e-07
1.5433491e-07
1.5461773e-07
1.5502089e-07
1.5531443e-07
1.5571131e-07
1.5603266e-07
1.564238e-07
1.5676371e-07
1.571442e-07
1.5751959e-07
1.5788948e-07
1.5828775e-07
1.5865201e-07
1.5908437e-07
1.594407e-07
1.5989377e-07
1.6026262e-07
1.6073987e-07
1.6110384e-07
1.6161524e-07
1.61988e-07
1.6251388e-07
1.6290751e-07
1.6345023e-07
1.6385283e-07
1.6440609e-07
1.6479694e-07
1.6523377e-07
1.6555038e-07
1.6588072e-07
1.6608386e-07
1.6634485e-07
1.6646484e-07
1.6662839e-07
1.666656e-07
1.6668919e-07
1.6673902e-07
1.666908e-07
1.6668699e-07
1.6659905e-07
1.6650471e-07
1.6639696e-07
1.6623575e-07
1.6611215e-07
1.6589907e-07
1.6576093e-07
1.6552491e-07
1.6537419e-07
1.6512976e-07
1.6495129e-07
1.6471723e-07
1.6453028e-07
1.6430622e-07
1.641284e-07
1.6391848e-07
1.6376287e-07
1.6357588e-07
1.6345062e-07
1.6330029e-07
1.63209e-07
1.6310879e-07
1.6305877e-07
1.6297192e-07
1.3790851e-07
1.376993e-07
1.3774053e-07
1.3774174e-07
1.3780549e-07
1.3780006e-07
1.3782808e-07
1.3785433e-07
1.3789747e-07
1.3799967e-07
1.3804735e-07
1.3832956e-07
1.3862638e-07
1.3869242e-07
1.3851065e-07
1.3844624e-07
1.3845338e-07
1.3869182e-07
1.3891939e-07
1.3922162e-07
1.394848e-07
1.398103e-07
1.3979944e-07
1.3998053e-07
1.4039972e-07
1.4036067e-07
1.404362e-07
1.4062804e-07
1.4101807e-07
1.4199334e-07
1.41977e-07
1.4216061e-07
1.4214664e-07
1.4218972e-07
1.4290274e-07
1.4313348e-07
1.4383977e-07
1.4422719e-07
1.445099e-07
1.4495928e-07
1.451414e-07
1.4569701e-07
1.4597102e-07
1.4671685e-07
1.4711394e-07
1.4793092e-07
1.4857689e-07
1.4936727e-07
1.498529e-07
1.5016896e-07
1.5044379e-07
1.5076627e-07
1.5102599e-07
1.5135299e-07
1.5160759e-07
1.5194269e-07
1.5218132e-07
1.5252312e-07
1.527545e-07
1.5311344e-07
1.5333162e-07
1.5369753e-07
1.5392354e-07
1.5430164e-07
1.5452549e-07
1.5491218e-07
1.5515654e-07
1.5555186e-07
1.5580357e-07
1.5621195e-07
1.56488e-07
1.5690155e-07
1.5719084e-07
1.5762723e-07
1.5793797e-07
1.5836874e-07
1.5871735e-07
1.5914635e-07
1.5950801e-07
1.5993032e-07
1.6029203e-07
1.6059577e-07
1.6087594e-07
1.6106919e-07
1.6124645e-07
1.6137933e-07
1.6140131e-07
1.6144469e-07
1.6142704e-07
1.6139278e-07
1.6132528e-07
1.6119256e-07
1.6107398e-07
1.6088884e-07
1.607096e-07
1.6046321e-07
1.6027411e-07
1.5996309e-07
1.5976739e-07
1.5940495e-07
1.5920785e-07
1.5881927e-07
1.5860926e-07
1.5824406e-07
1.5799803e-07
1.576683e-07
1.5741147e-07
1.5710831e-07
1.5686211e-07
1.5658351e-07
1.5636383e-07
1.5611127e-07
1.5592843e-07
1.5570776e-07
1.5556677e-07
1.5538906e-07
1.5528762e-07
1.5516976e-07
1.5510319e-07
1.550061e-07
1.3702703e-07
1.3682008e-07
1.3686305e-07
1.3687065e-07
1.3692855e-07
1.3692219e-07
1.3697455e-07
1.3700018e-07
1.3706216e-07
1.3718573e-07
1.3719549e-07
1.3711014e-07
1.3695442e-07
1.3692181e-07
1.37114e-07
1.3745232e-07
1.3783266e-07
1.3790096e-07
1.3791874e-07
1.3804362e-07
1.3807308e-07
1.379999e-07
1.3809743e-07
1.3842566e-07
1.3842087e-07
1.3858287e-07
1.3902996e-07
1.3927639e-07
1.3987667e-07
1.3969704e-07
1.3970682e-07
1.3983233e-07
1.401871e-07
1.4108517e-07
1.4148383e-07
1.4190191e-07
1.421936e-07
1.4224715e-07
1.4257379e-07
1.428218e-07
1.4329893e-07
1.4386426e-07
1.4442872e-07
1.4516267e-07
1.4568336e-07
1.4643077e-07
1.4689829e-07
1.4750928e-07
1.4784025e-07
1.4804541e-07
1.4824684e-07
1.4844176e-07
1.4864613e-07
1.4883542e-07
1.4906054e-07
1.4925582e-07
1.4948826e-07
1.4969368e-07
1.4994241e-07
1.5017426e-07
1.5042738e-07
1.5067666e-07
1.5095239e-07
1.5122545e-07
1.5150663e-07
1.5179936e-07
1.5210368e-07
1.5241541e-07
1.5272114e-07
1.5305656e-07
1.5337362e-07
1.5372156e-07
1.5402987e-07
1.5440682e-07
1.5470345e-07
1.5506992e-07
1.5535078e-07
1.5565955e-07
1.5582604e-07
1.5605321e-07
1.5613068e-07
1.5615483e-07
1.5616142e-07
1.5614949e-07
1.5607459e-07
1.5595356e-07
1.5580705e-07
1.5558562e-07
1.5541761e-07
1.5511059e-07
1.5489858e-07
1.5457318e-07
1.5430071e-07
1.539674e-07
1.536733e-07
1.533042e-07
1.5304383e-07
1.5261632e-07
1.5236809e-07
1.5192813e-07
1.5168508e-07
1.5128421e-07
1.5103839e-07
1.5070153e-07
1.50455e-07
1.5017354e-07
1.4994356e-07
1.4970269e-07
1.4950237e-07
1.4929335e-07
1.4912495e-07
1.4894148e-07
1.4880859e-07
1.4865346e-07
1.4855702e-07
1.4843575e-07
1.4837376e-07
1.4829305e-07
1.4826604e-07
1.4819174e-07
1.3540622e-07
1.3522365e-07
1.3525917e-07
1.3526015e-07
1.3531255e-07
1.3532262e-07
1.3532831e-07
1.3534018e-07
1.3539714e-07
1.3547541e-07
1.3549556e-07
1.3554621e-07
1.3571528e-07
1.3588458e-07
1.3590418e-07
1.3590325e-07
1.3584469e-07
1.3585832e-07
1.360333e-07
1.3632327e-07
1.3641773e-07
1.3670245e-07
1.3701547e-07
1.3712754e-07
1.3728091e-07
1.3763816e-07
1.3770802e-07
1.3799694e-07
1.3793867e-07
1.3805209e-07
1.3865326e-07
1.3895052e-07
1.3978353e-07
1.3978734e-07
1.3989582e-07
1.3989364e-07
1.3998092e-07
1.4029836e-07
1.4070634e-07
1.4125516e-07
1.4179942e-07
1.4237509e-07
1.4282205e-07
1.4333498e-07
1.43626e-07
1.4414694e-07
1.4434927e-07
1.4495377e-07
1.4513353e-07
1.45391e-07
1.4552224e-07
1.4579166e-07
1.4594202e-07
1.4621898e-07
1.4640485e-07
1.4669093e-07
1.4689569e-07
1.47186e-07
1.474137e-07
1.4771636e-07
1.4794974e-07
1.4825086e-07
1.4850165e-07
1.4880313e-07
1.4905006e-07
1.4934239e-07
1.4960141e-07
1.498819e-07
1.5012779e-07
1.5039507e-07
1.5062537e-07
1.5086221e-07
1.5105108e-07
1.5124642e-07
1.5135259e-07
1.5136623e-07
1.5137035e-07
1.5136075e-07
1.5125283e-07
1.5115513e-07
1.50964e-07
1.5078813e-07
1.5056162e-07
1.503086e-07
1.4997631e-07
1.4970783e-07
1.4934533e-07
1.4904108e-07
1.4872762e-07
1.4841054e-07
1.4812389e-07
1.4784902e-07
1.4757977e-07
1.4734273e-07
1.4709345e-07
1.4685362e-07
1.4666388e-07
1.4643379e-07
1.4631008e-07
1.4609825e-07
1.4600215e-07
1.4581309e-07
1.4572152e-07
1.4556948e-07
1.454732e-07
1.4535378e-07
1.4525716e-07
1.4515986e-07
1.4506949e-07
1.4498903e-07
1.4491489e-07
1.4485126e-07
1.4479666e-07
1.4474859e-07
1.4471362e-07
1.4468404e-07
1.4466787e-07
1.4466015e-07
1.4466373e-07
1.4464641e-07
1.346899e-07
1.3454685e-07
1.3457673e-07
1.3457624e-07
1.3460421e-07
1.3459549e-07
1.3461995e-07
1.3462173e-07
1.3467617e-07
1.3470499e-07
1.3469964e-07
1.3473844e-07
1.3470711e-07
1.3470403e-07
1.3473524e-07
1.3480197e-07
1.3494362e-07
1.3503531e-07
1.3510164e-07
1.3507096e-07
1.3512429e-07
1.3524854e-07
1.3534946e-07
1.3545948e-07
1.3557526e-07
1.3573545e-07
1.3589337e-07
1.3603011e-07
1.3620836e-07
1.3680701e-07
1.3689879e-07
1.3722014e-07
1.3713441e-07
1.3715832e-07
1.3744796e-07
1.3768136e-07
1.3829258e-07
1.386876e-07
1.3923434e-07
1.3960212e-07
1.4003007e-07
1.4031496e-07
1.406586e-07
1.4094251e-07
1.4132031e-07
1.4168699e-07
1.4212773e-07
1.4261949e-07
1.4294082e-07
1.431512e-07
1.4333881e-07
1.4355453e-07
1.4373325e-07
1.4394672e-07
1.4413271e-07
1.4434351e-07
1.4452065e-07
1.4472122e-07
1.448986e-07
1.4509532e-07
1.4525523e-07
1.4543119e-07
1.4558692e-07
1.4574752e-07
1.4587331e-07
1.4601096e-07
1.4613509e-07
1.4625298e-07
1.4630964e-07
1.4631839e-07
1.4631126e-07
1.4627203e-07
1.4620424e-07
1.4610225e-07
1.4594334e-07
1.4576319e-07
1.456052e-07
1.4540698e-07
1.4522228e-07
1.4503953e-07
1.4484438e-07
1.4464892e-07
1.4447316e-07
1.4431797e-07
1.4417478e-07
1.4407922e-07
1.4396045e-07
1.4387017e-07
1.4379155e-07
1.4369399e-07
1.436173e-07
1.4354032e-07
1.4344136e-07
1.4337934e-07
1.4328901e-07
1.4322876e-07
1.4316723e-07
1.4309793e-07
1.4305448e-07
1.4297863e-07
1.4294086e-07
1.4286318e-07
1.4282753e-07
1.4275201e-07
1.4272008e-07
1.4264991e-07
1.4261006e-07
1.4254846e-07
1.425072e-07
1.4245195e-07
1.4241433e-07
1.4236511e-07
1.4233454e-07
1.4229314e-07
1.4227192e-07
1.4224233e-07
1.4223206e-07
1.4221601e-07
1.4222407e-07
1.4218974e-07
1.340706e-07
1.3396454e-07
1.3398729e-07
1.3398406e-07
1.340031e-07
1.339977e-07
1.3400475e-07
1.3400366e-07
1.3396458e-07
1.3403523e-07
1.3404816e-07
1.3405634e-07
1.3406202e-07
1.3408307e-07
1.3411244e-07
1.3417481e-07
1.3417827e-07
1.3420632e-07
1.3425019e-07
1.3430121e-07
1.3438597e-07
1.3446288e-07
1.3452299e-07
1.3459603e-07
1.3467427e-07
1.3478408e-07
1.3488394e-07
1.3497287e-07
1.3514091e-07
1.3516557e-07
1.3528956e-07
1.3541979e-07
1.3556394e-07
1.3597764e-07
1.3615653e-07
1.3655615e-07
1.3676647e-07
1.3701918e-07
1.3725849e-07
1.3755918e-07
1.3781635e-07
1.3812977e-07
1.3840644e-07
1.3880258e-07
1.3907404e-07
1.3951759e-07
1.397735e-07
1.4022621e-07
1.403859e-07
1.4053707e-07
1.406343e-07
1.4078482e-07
1.4087325e-07
1.4102042e-07
1.4111853e-07
1.4126582e-07
1.4135547e-07
1.4149659e-07
1.4156959e-07
1.4169399e-07
1.4173649e-07
1.4180454e-07
1.4183961e-07
1.4186758e-07
1.4187701e-07
1.418963e-07
1.4189453e-07
1.4186285e-07
1.4182742e-07
1.4177401e-07
1.4173761e-07
1.4166728e-07
1.4160876e-07
1.4156529e-07
1.4152362e-07
1.414893e-07
1.4146905e-07
1.4143256e-07
1.4140132e-07
1.4137677e-07
1.4135667e-07
1.4133366e-07
1.4133167e-07
1.4131766e-07
1.4130391e-07
1.413059e-07
1.4128183e-07
1.4127042e-07
1.4125316e-07
1.4121673e-07
1.4120414e-07
1.4116297e-07
1.4112794e-07
1.4108895e-07
1.4103979e-07
1.4098692e-07
1.4094043e-07
1.4086882e-07
1.4082047e-07
1.4073359e-07
1.4068563e-07
1.4058567e-07
1.40541e-07
1.4043665e-07
1.4039194e-07
1.402915e-07
1.4023842e-07
1.4014658e-07
1.4009318e-07
1.4000819e-07
1.3995839e-07
1.3987787e-07
1.398359e-07
1.3976423e-07
1.3973388e-07
1.3967617e-07
1.3965874e-07
1.396181e-07
1.3961827e-07
1.3956531e-07
1.3363867e-07
1.3355507e-07
1.3357014e-07
1.3356875e-07
1.335797e-07
1.3357661e-07
1.3358252e-07
1.3358474e-07
1.3362142e-07
1.3361414e-07
1.3361288e-07
1.3363138e-07
1.3364821e-07
1.3366592e-07
1.3368569e-07
1.3370701e-07
1.3372243e-07
1.3375136e-07
1.3377421e-07
1.3380309e-07
1.3382989e-07
1.3387167e-07
1.3390265e-07
1.3394763e-07
1.3398769e-07
1.3405052e-07
1.3409999e-07
1.3416347e-07
1.3422995e-07
1.3431214e-07
1.3442108e-07
1.3449531e-07
1.3467089e-07
1.3473274e-07
1.3482328e-07
1.3495458e-07
1.3511002e-07
1.3523877e-07
1.3543459e-07
1.3559965e-07
1.3581686e-07
1.3601827e-07
1.3625055e-07
1.3646443e-07
1.3670064e-07
1.3694376e-07
1.3716465e-07
1.3745242e-07
1.3756945e-07
1.3768434e-07
1.3776881e-07
1.3787944e-07
1.3795674e-07
1.380562e-07
1.3813961e-07
1.3823227e-07
1.3830391e-07
1.3838039e-07
1.3844639e-07
1.3852345e-07
1.3857072e-07
1.3863243e-07
1.3868079e-07
1.3873482e-07
1.3876191e-07
1.3881058e-07
1.3883648e-07
1.3888209e-07
1.3890352e-07
1.3895179e-07
1.3898191e-07
1.3901345e-07
1.3905007e-07
1.3909063e-07
1.3911594e-07
1.391424e-07
1.3916915e-07
1.3918014e-07
1.392011e-07
1.3920549e-07
1.3921362e-07
1.391964e-07
1.3920471e-07
1.3916517e-07
1.3916098e-07
1.3911386e-07
1.390911e-07
1.3902355e-07
1.3900117e-07
1.3891292e-07
1.3888221e-07
1.3879581e-07
1.3874283e-07
1.3865486e-07
1.3859261e-07
1.3849324e-07
1.3844283e-07
1.3833118e-07
1.38291e-07
1.3817122e-07
1.3813897e-07
1.3801665e-07
1.3799082e-07
1.3788023e-07
1.3784824e-07
1.3775247e-07
1.3772053e-07
1.3763572e-07
1.3760811e-07
1.3753257e-07
1.3751417e-07
1.3744962e-07
1.3744208e-07
1.3738735e-07
1.3738956e-07
1.3734565e-07
1.3735589e-07
1.3732392e-07
1.3734475e-07
1.3731399e-07
1.3344753e-07
1.3336719e-07
1.3338317e-07
1.3338159e-07
1.3339345e-07
1.3339043e-07
1.3339587e-07
1.3339591e-07
1.3339317e-07
1.3341507e-07
1.3341377e-07
1.3342255e-07
1.3342605e-07
1.3343323e-07
1.3344445e-07
1.3345449e-07
1.3346313e-07
1.3348225e-07
1.33488e-07
1.3350732e-07
1.3351501e-07
1.335388e-07
1.3355178e-07
1.3358092e-07
1.335956e-07
1.3363315e-07
1.3365889e-07
1.3370442e-07
1.3373669e-07
1.3379581e-07
1.3384051e-07
1.3389763e-07
1.3395451e-07
1.3402315e-07
1.340787e-07
1.3416848e-07
1.342566e-07
1.343442e-07
1.3447151e-07
1.3458825e-07
1.3473629e-07
1.3487675e-07
1.3503401e-07
1.3518285e-07
1.3536217e-07
1.3553462e-07
1.3572526e-07
1.3593941e-07
1.3603426e-07
1.3612104e-07
1.3618866e-07
1.3627699e-07
1.3633983e-07
1.3641489e-07
1.3648395e-07
1.3654894e-07
1.3660888e-07
1.3666149e-07
1.3671794e-07
1.3677392e-07
1.368139e-07
1.3686588e-07
1.3690721e-07
1.369567e-07
1.3698283e-07
1.3703162e-07
1.3705647e-07
1.3709939e-07
1.3711802e-07
1.3715045e-07
1.3717004e-07
1.3717952e-07
1.3720538e-07
1.3720773e-07
1.3722283e-07
1.3720763e-07
1.3722676e-07
1.3719996e-07
1.3720713e-07
1.3717545e-07
1.3717048e-07
1.3712476e-07
1.3711872e-07
1.3706681e-07
1.3704768e-07
1.3699933e-07
1.3697546e-07
1.3691566e-07
1.3690305e-07
1.3683447e-07
1.3682023e-07
1.3675702e-07
1.3673627e-07
1.3668431e-07
1.3666417e-07
1.3661117e-07
1.3660128e-07
1.365427e-07
1.365386e-07
1.364783e-07
1.3648072e-07
1.3641931e-07
1.3642853e-07
1.3637093e-07
1.3637827e-07
1.3632686e-07
1.3633271e-07
1.362852e-07
1.3629239e-07
1.3624685e-07
1.362573e-07
1.3621306e-07
1.3622783e-07
1.3618539e-07
1.3620501e-07
1.3616636e-07
1.3619076e-07
1.3615893e-07
1.3618802e-07
1.3616716e-07
1.3316239e-07
1.3309558e-07
1.3310578e-07
1.3310429e-07
1.3311077e-07
1.3310839e-07
1.3311151e-07
1.3311013e-07
1.331156e-07
1.3313305e-07
1.3313687e-07
1.3314503e-07
1.3315296e-07
1.3316638e-07
1.3318076e-07
1.331922e-07
1.3320133e-07
1.3323164e-07
1.3323255e-07
1.3325848e-07
1.3326174e-07
1.3329654e-07
1.3330831e-07
1.3335083e-07
1.3335895e-07
1.3339973e-07
1.3340902e-07
1.3344306e-07
1.3345308e-07
1.3349238e-07
1.3350423e-07
1.3354188e-07
1.3355748e-07
1.3359908e-07
1.3361846e-07
1.3368596e-07
1.3372514e-07
1.3379566e-07
1.3385183e-07
1.3392954e-07
1.339897e-07
1.3407393e-07
1.3414155e-07
1.3424332e-07
1.3433173e-07
1.3444857e-07
1.3454955e-07
1.3467367e-07
1.3473932e-07
1.3479479e-07
1.3483277e-07
1.3488799e-07
1.3491368e-07
1.3496505e-07
1.3499108e-07
1.3504121e-07
1.3506375e-07
1.3511148e-07
1.3513917e-07
1.3518909e-07
1.3521012e-07
1.3526347e-07
1.3528403e-07
1.3533727e-07
1.3534649e-07
1.3540405e-07
1.3541558e-07
1.3546665e-07
1.3547293e-07
1.3551986e-07
1.3553025e-07
1.3556611e-07
1.3557205e-07
1.3560594e-07
1.3561063e-07
1.3562614e-07
1.3563906e-07
1.3563876e-07
1.3564902e-07
1.3564311e-07
1.356582e-07
1.3564124e-07
1.35662e-07
1.3564033e-07
1.356558e-07
1.3563681e-07
1.3565055e-07
1.3562317e-07
1.3564488e-07
1.3561e-07
1.3562953e-07
1.3559782e-07
1.3561004e-07
1.3558053e-07
1.3558898e-07
1.3555412e-07
1.3556579e-07
1.3552321e-07
1.3553541e-07
1.354862e-07
1.3549964e-07
1.3544582e-07
1.3545832e-07
1.3540569e-07
1.3541158e-07
1.3536149e-07
1.3536369e-07
1.3531427e-07
1.3531578e-07
1.3526619e-07
1.3526955e-07
1.3521954e-07
1.3522589e-07
1.3517615e-07
1.3518756e-07
1.3514056e-07
1.3515771e-07
1.3511709e-07
1.3513949e-07
1.3510937e-07
1.3304896e-07
1.3301447e-07
1.3302056e-07
1.3301985e-07
1.330231e-07
1.3302228e-07
1.3302358e-07
1.3302258e-07
1.3302446e-07
1.3302755e-07
1.3302274e-07
1.3301934e-07
1.3301852e-07
1.3302281e-07
1.3301132e-07
1.3300947e-07
1.3301681e-07
1.330366e-07
1.3302502e-07
1.3303956e-07
1.330348e-07
1.3306248e-07
1.3306155e-07
1.3308663e-07
1.3307698e-07
1.3310478e-07
1.3310917e-07
1.3315446e-07
1.3316421e-07
1.3322371e-07
1.3322306e-07
1.3327948e-07
1.3328425e-07
1.3334553e-07
1.3336162e-07
1.3342144e-07
1.3342628e-07
1.334794e-07
1.3348933e-07
1.3354267e-07
1.3354815e-07
1.336044e-07
1.3362439e-07
1.3371437e-07
1.3374622e-07
1.3384012e-07
1.3387852e-07
1.3397243e-07
1.3400221e-07
1.340403e-07
1.340528e-07
1.3408962e-07
1.3409629e-07
1.3413637e-07
1.3414752e-07
1.341924e-07
1.3420316e-07
1.3425276e-07
1.3426603e-07
1.3431864e-07
1.3432723e-07
1.3438212e-07
1.3439039e-07
1.3444588e-07
1.3444832e-07
1.3450822e-07
1.3451362e-07
1.3457187e-07
1.3457096e-07
1.3462792e-07
1.346266e-07
1.3467659e-07
1.3466664e-07
1.3471702e-07
1.3470347e-07
1.3473911e-07
1.3473004e-07
1.3475389e-07
1.3474504e-07
1.3476122e-07
1.3475558e-07
1.3475743e-07
1.3475926e-07
1.347512e-07
1.3475187e-07
1.3473942e-07
1.347416e-07
1.3471732e-07
1.3472889e-07
1.3469316e-07
1.34705e-07
1.3466705e-07
1.3467413e-07
1.3463443e-07
1.3463957e-07
1.3459213e-07
1.3460018e-07
1.3454464e-07
1.3455282e-07
1.344947e-07
1.3449859e-07
1.3444231e-07
1.3443935e-07
1.3438815e-07
1.3437986e-07
1.3433279e-07
1.3432244e-07
1.3427796e-07
1.3426835e-07
1.3422582e-07
1.34219e-07
1.3417857e-07
1.3417658e-07
1.341391e-07
1.3414177e-07
1.341079e-07
1.3411485e-07
1.3408585e-07
1.3409625e-07
1.3407489e-07
1.3295738e-07
1.3291215e-07
1.3291753e-07
1.3291656e-07
1.3291974e-07
1.3291806e-07
1.3291935e-07
1.3291742e-07
1.3291955e-07
1.3292901e-07
1.3293198e-07
1.3293717e-07
1.32942e-07
1.3295021e-07
1.3295262e-07
1.3296236e-07
1.3297553e-07
1.3298579e-07
1.3296192e-07
1.3298541e-07
1.3297288e-07
1.3300341e-07
1.3298177e-07
1.3300808e-07
1.3298033e-07
1.3301786e-07
1.3299586e-07
1.3303229e-07
1.3299926e-07
1.3302779e-07
1.3299986e-07
1.330385e-07
1.3302566e-07
1.3307452e-07
1.3305876e-07
1.3311318e-07
1.3310873e-07
1.3318386e-07
1.331794e-07
1.3326215e-07
1.3324897e-07
1.3334639e-07
1.3333995e-07
1.334255e-07
1.3341093e-07
1.3348954e-07
1.3347234e-07
1.3354903e-07
1.3353009e-07
1.335636e-07
1.3355008e-07
1.3358602e-07
1.335741e-07
1.3361964e-07
1.336118e-07
1.3366121e-07
1.336505e-07
1.3369977e-07
1.3368854e-07
1.3373877e-07
1.3372184e-07
1.3377241e-07
1.337572e-07
1.3380945e-07
1.3379043e-07
1.3384307e-07
1.3382316e-07
1.3387099e-07
1.3384496e-07
1.3389039e-07
1.3386376e-07
1.3390541e-07
1.338722e-07
1.3391748e-07
1.3388019e-07
1.3391967e-07
1.3388677e-07
1.3392349e-07
1.3389185e-07
1.339272e-07
1.3389889e-07
1.3392671e-07
1.3390371e-07
1.3392482e-07
1.3390266e-07
1.3392093e-07
1.3390279e-07
1.3391165e-07
1.339007e-07
1.3389847e-07
1.3388992e-07
1.3388239e-07
1.3387379e-07
1.3386052e-07
1.338545e-07
1.3383258e-07
1.3383449e-07
1.3380361e-07
1.3381178e-07
1.3377429e-07
1.3378403e-07
1.3374451e-07
1.3375106e-07
1.3371532e-07
1.3371655e-07
1.3368508e-07
1.3368337e-07
1.3365408e-07
1.3365196e-07
1.3362355e-07
1.3362278e-07
1.3359485e-07
1.3359609e-07
1.3356864e-07
1.3357225e-07
1.3354591e-07
1.335519e-07
1.3352803e-07
1.3353604e-07
1.3351666e-07
1.3292595e-07
1.3290896e-07
1.3291229e-07
1.3291188e-07
1.329128e-07
1.3291268e-07
1.3291295e-07
1.3291131e-07
1.3291269e-07
1.3291482e-07
1.3290771e-07
1.3290254e-07
1.3290073e-07
1.3290058e-07
1.3288698e-07
1.3288914e-07
1.3288607e-07
1.3288363e-07
1.328717e-07
1.3289555e-07
1.328833e-07
1.3290331e-07
1.3288083e-07
1.3290205e-07
1.3288467e-07
1.3291581e-07
1.3289795e-07
1.3293216e-07
1.3290791e-07
1.3294958e-07
1.3292695e-07
1.329797e-07
1.3294595e-07
1.3300059e-07
1.3295281e-07
1.330131e-07
1.3296053e-07
1.3302052e-07
1.3296588e-07
1.3303149e-07
1.3299187e-07
1.3306245e-07
1.3302817e-07
1.3310951e-07
1.3308472e-07
1.3318854e-07
1.3314737e-07
1.3325384e-07
1.3322762e-07
1.3327268e-07
1.3326055e-07
1.3330761e-07
1.3329212e-07
1.3333809e-07
1.3331959e-07
1.3336485e-07
1.3334161e-07
1.3338551e-07
1.3336105e-07
1.3340513e-07
1.3337574e-07
1.3342105e-07
1.3339374e-07
1.334381e-07
1.3340444e-07
1.3344502e-07
1.3341072e-07
1.3344882e-07
1.3341057e-07
1.3344943e-07
1.3341156e-07
1.3344961e-07
1.3340854e-07
1.3345252e-07
1.3341075e-07
1.3345684e-07
1.3341866e-07
1.3346437e-07
1.3342592e-07
1.334695e-07
1.3343235e-07
1.3346933e-07
1.3343425e-07
1.3346773e-07
1.3343368e-07
1.3346521e-07
1.3343323e-07
1.3345547e-07
1.3343029e-07
1.3344442e-07
1.3342128e-07
1.3343056e-07
1.3340781e-07
1.3341107e-07
1.3339142e-07
1.3338515e-07
1.3337239e-07
1.3335594e-07
1.3334808e-07
1.3332345e-07
1.3331834e-07
1.3329019e-07
1.3328674e-07
1.3325758e-07
1.3325528e-07
1.3322555e-07
1.3322436e-07
1.3319568e-07
1.3319508e-07
1.3316809e-07
1.331675e-07
1.3314062e-07
1.3313962e-07
1.3311338e-07
1.3311243e-07
1.3308734e-07
1.330878e-07
1.330645e-07
1.3306665e-07
1.3304675e-07
1.3289472e-07
1.3286303e-07
1.3286551e-07
1.328651e-07
1.3286646e-07
1.3286527e-07
1.3286555e-07
1.3286403e-07
1.3286487e-07
1.3286768e-07
1.328706e-07
1.3287551e-07
1.3287808e-07
1.3288246e-07
1.3288202e-07
1.3289674e-07
1.3289829e-07
1.3290426e-07
1.3288938e-07
1.3291911e-07
1.3289139e-07
1.3291299e-07
1.3288191e-07
1.3291328e-07
1.3288446e-07
1.3292069e-07
1.3288278e-07
1.3291946e-07
1.3287318e-07
1.3291122e-07
1.3286303e-07
1.3290126e-07
1.3285358e-07
1.3289677e-07
1.3285182e-07
1.3290358e-07
1.3286029e-07
1.3292009e-07
1.3287622e-07
1.3294581e-07
1.3289017e-07
1.3297101e-07
1.3289876e-07
1.3299063e-07
1.3291181e-07
1.3298963e-07
1.3291477e-07
1.3301575e-07
1.3296966e-07
1.3300907e-07
1.3298456e-07
1.3302391e-07
1.3299804e-07
1.330374e-07
1.3301272e-07
1.3305347e-07
1.330282e-07
1.3307031e-07
1.3304624e-07
1.3309106e-07
1.3306629e-07
1.3311241e-07
1.3307991e-07
1.3312385e-07
1.3308678e-07
1.3313224e-07
1.3309633e-07
1.3314401e-07
1.3310709e-07
1.3315769e-07
1.3312112e-07
1.3317207e-07
1.3313439e-07
1.3318739e-07
1.3314665e-07
1.3319605e-07
1.3315466e-07
1.3320057e-07
1.3315677e-07
1.3320008e-07
1.3315587e-07
1.331932e-07
1.331512e-07
1.3318652e-07
1.3314303e-07
1.3317498e-07
1.3312922e-07
1.3315381e-07
1.3310976e-07
1.3312762e-07
1.3308308e-07
1.3309854e-07
1.3305255e-07
1.3306585e-07
1.3302085e-07
1.3302918e-07
1.3298896e-07
1.3299105e-07
1.3295739e-07
1.3295637e-07
1.329285e-07
1.3292485e-07
1.328999e-07
1.3289513e-07
1.3287407e-07
1.3286708e-07
1.328503e-07
1.3283949e-07
1.3282703e-07
1.328112e-07
1.3280172e-07
1.3278151e-07
1.3277512e-07
1.3275202e-07
1.3274868e-07
1.3272448e-07
1.3272271e-07
1.3269941e-07
1.3269802e-07
1.326768e-07
1.3290819e-07
1.3290202e-07
1.3290401e-07
1.3290393e-07
1.3290414e-07
1.3290353e-07
1.3290361e-07
1.3290216e-07
1.3290267e-07
1.3290426e-07
1.329004e-07
1.3289219e-07
1.3288982e-07
1.3288706e-07
1.3287758e-07
1.3288261e-07
1.3286554e-07
1.3285613e-07
1.3285588e-07
1.3287469e-07
1.328466e-07
1.3286349e-07
1.3284137e-07
1.3287176e-07
1.3284506e-07
1.3287407e-07
1.3283995e-07
1.3287031e-07
1.328357e-07
1.3287371e-07
1.328385e-07
1.3288629e-07
1.3284667e-07
1.3290461e-07
1.3285028e-07
1.3291188e-07
1.3284356e-07
1.3290832e-07
1.3283011e-07
1.3290093e-07
1.328169e-07
1.3289413e-07
1.3280955e-07
1.3289176e-07
1.3281079e-07
1.3289591e-07
1.3282829e-07
1.3291489e-07
1.3286075e-07
1.3289458e-07
1.3286266e-07
1.3289715e-07
1.3286228e-07
1.3289789e-07
1.328619e-07
1.328988e-07
1.3286029e-07
1.3289785e-07
1.328584e-07
1.3289698e-07
1.3285479e-07
1.3289339e-07
1.3285437e-07
1.3289694e-07
1.3285794e-07
1.3290254e-07
1.3286458e-07
1.3291007e-07
1.3287074e-07
1.3291689e-07
1.3287664e-07
1.3292243e-07
1.328803e-07
1.3292775e-07
1.3288246e-07
1.3293016e-07
1.3288348e-07
1.3293219e-07
1.3288251e-07
1.3293331e-07
1.328807e-07
1.3293076e-07
1.3287914e-07
1.3292151e-07
1.3286654e-07
1.32905e-07
1.3285016e-07
1.328843e-07
1.3283306e-07
1.3286343e-07
1.3281433e-07
1.3284333e-07
1.3279521e-07
1.3282288e-07
1.3277638e-07
1.3280109e-07
1.3275781e-07
1.3277862e-07
1.3273762e-07
1.3275366e-07
1.3271383e-07
1.3272571e-07
1.3268692e-07
1.3269809e-07
1.3265971e-07
1.3266767e-07
1.3262945e-07
1.3263307e-07
1.3259586e-07
1.3259546e-07
1.3256235e-07
1.3255946e-07
1.3253174e-07
1.3252665e-07
1.3250409e-07
1.32497e-07
1.324788e-07
1.3246912e-07
1.3245216e-07
1.3244187e-07
1.3291157e-07
1.328882e-07
1.3288915e-07
1.3288865e-07
1.3288921e-07
1.3288837e-07
1.3288826e-07
1.3288695e-07
1.3288727e-07
1.3288735e-07
1.3288779e-07
1.3289205e-07
1.3289459e-07
1.3289689e-07
1.3289909e-07
1.3290772e-07
1.3289677e-07
1.3291723e-07
1.3291602e-07
1.3292502e-07
1.3289401e-07
1.3291954e-07
1.3289368e-07
1.3292866e-07
1.328894e-07
1.3291843e-07
1.3287446e-07
1.329123e-07
1.3286634e-07
1.3291028e-07
1.3285556e-07
1.3290206e-07
1.3283926e-07
1.3288557e-07
1.328172e-07
1.3286571e-07
1.3279877e-07
1.3285761e-07
1.3279178e-07
1.3286209e-07
1.3279051e-07
1.3286986e-07
1.3278634e-07
1.3287588e-07
1.3278157e-07
1.3287509e-07
1.3277519e-07
1.32859e-07
1.3279184e-07
1.3282409e-07
1.327868e-07
1.3281942e-07
1.3278186e-07
1.3281515e-07
1.3277842e-07
1.3281242e-07
1.3277534e-07
1.328099e-07
1.3277351e-07
1.3280924e-07
1.3277171e-07
1.3280869e-07
1.327711e-07
1.328091e-07
1.3276894e-07
1.3280685e-07
1.3276577e-07
1.3280372e-07
1.3276043e-07
1.3279892e-07
1.3275347e-07
1.327926e-07
1.3274428e-07
1.32785e-07
1.3273309e-07
1.3277487e-07
1.327207e-07
1.327633e-07
1.3270609e-07
1.327497e-07
1.3269018e-07
1.3273364e-07
1.3267352e-07
1.3271848e-07
1.3265947e-07
1.327053e-07
1.3264788e-07
1.3269221e-07
1.326373e-07
1.326797e-07
1.3262574e-07
1.3266685e-07
1.3261315e-07
1.3265236e-07
1.3259939e-07
1.3263553e-07
1.3258406e-07
1.3261691e-07
1.3256642e-07
1.3259672e-07
1.3254651e-07
1.3257521e-07
1.3252404e-07
1.3254754e-07
1.324939e-07
1.3251411e-07
1.3245973e-07
1.3247748e-07
1.3242353e-07
1.3243918e-07
1.3238554e-07
1.3239932e-07
1.3234784e-07
1.3236004e-07
1.323099e-07
1.3232019e-07
1.3227144e-07
1.322814e-07
1.3223585e-07
1.3224615e-07
1.3295176e-07
1.3295203e-07
1.3295354e-07
1.3295377e-07
1.3295359e-07
1.3295269e-07
1.3295266e-07
1.3295156e-07
1.3295162e-07
1.3295218e-07
1.3295052e-07
1.3294441e-07
1.3294116e-07
1.3293569e-07
1.3293019e-07
1.3292843e-07
1.3291542e-07
1.3292312e-07
1.328985e-07
1.3290174e-07
1.3288254e-07
1.3291062e-07
1.3288757e-07
1.3291093e-07
1.3287284e-07
1.3289932e-07
1.3286411e-07
1.3290168e-07
1.3286247e-07
1.3290075e-07
1.3285287e-07
1.3289587e-07
1.3284532e-07
1.3289802e-07
1.3284191e-07
1.3290535e-07
1.3283809e-07
1.3291063e-07
1.3282754e-07
1.3290456e-07
1.3280572e-07
1.3288758e-07
1.3277839e-07
1.3286764e-07
1.3275664e-07
1.3284483e-07
1.3273895e-07
1.3282931e-07
1.3275994e-07
1.3279535e-07
1.3275588e-07
1.3279196e-07
1.3275147e-07
1.3278802e-07
1.3274701e-07
1.3278379e-07
1.3274139e-07
1.3277808e-07
1.3273509e-07
1.3277201e-07
1.3272687e-07
1.3276423e-07
1.3271774e-07
1.3275592e-07
1.3270672e-07
1.3274476e-07
1.3269672e-07
1.3273354e-07
1.3268592e-07
1.3272186e-07
1.3267485e-07
1.3271044e-07
1.3266259e-07
1.3269981e-07
1.3265e-07
1.3268838e-07
1.3263711e-07
1.3267742e-07
1.3262384e-07
1.3266619e-07
1.326109e-07
1.3265422e-07
1.3259781e-07
1.3264179e-07
1.3258365e-07
1.3262766e-07
1.3256821e-07
1.3261066e-07
1.3255078e-07
1.3259126e-07
1.3253018e-07
1.325693e-07
1.3250666e-07
1.3254426e-07
1.3248063e-07
1.3251592e-07
1.3245234e-07
1.3248514e-07
1.324216e-07
1.324525e-07
1.3238856e-07
1.3241838e-07
1.3235407e-07
1.3238506e-07
1.323212e-07
1.3235291e-07
1.3228962e-07
1.3232159e-07
1.3225886e-07
1.3229082e-07
1.3222847e-07
1.3225941e-07
1.3219452e-07
1.3222348e-07
1.321569e-07
1.3218506e-07
1.3211701e-07
1.3214533e-07
1.3207777e-07
1.3210852e-07
1.3297747e-07
1.3295913e-07
1.3295931e-07
1.3295841e-07
1.3295856e-07
1.32958e-07
1.3295782e-07
1.3295662e-07
1.3295668e-07
1.3295592e-07
1.3295512e-07
1.3295648e-07
1.3295848e-07
1.3296098e-07
1.3296334e-07
1.3296709e-07
1.3296245e-07
1.3297961e-07
1.3296205e-07
1.3298199e-07
1.3296487e-07
1.3299699e-07
1.329577e-07
1.3298101e-07
1.3294166e-07
1.3297756e-07
1.3293696e-07
1.329777e-07
1.3292584e-07
1.3296658e-07
1.3290619e-07
1.3295566e-07
1.328915e-07
1.329469e-07
1.328729e-07
1.3292967e-07
1.3284576e-07
1.3290656e-07
1.3281792e-07
1.3288653e-07
1.327959e-07
1.3287563e-07
1.3278091e-07
1.3287244e-07
1.3276898e-07
1.3286737e-07
1.3276185e-07
1.328541e-07
1.327787e-07
1.3281373e-07
1.327694e-07
1.3280462e-07
1.3275836e-07
1.3279378e-07
1.3274638e-07
1.3278204e-07
1.3273328e-07
1.3276916e-07
1.3272033e-07
1.3275684e-07
1.3270687e-07
1.3274432e-07
1.3269414e-07
1.3273284e-07
1.3268119e-07
1.3272158e-07
1.3266888e-07
1.3271005e-07
1.3265689e-07
1.326988e-07
1.3264458e-07
1.3268605e-07
1.326326e-07
1.3267412e-07
1.3261802e-07
1.3266009e-07
1.3260375e-07
1.3264591e-07
1.3258849e-07
1.3263041e-07
1.3257183e-07
1.3261282e-07
1.3255321e-07
1.325936e-07
1.325324e-07
1.3257232e-07
1.3250989e-07
1.3254861e-07
1.3248583e-07
1.3252324e-07
1.3245982e-07
1.3249642e-07
1.3243222e-07
1.3246807e-07
1.3240348e-07
1.3243829e-07
1.3237395e-07
1.3240779e-07
1.3234368e-07
1.3237696e-07
1.3231279e-07
1.3234595e-07
1.3228138e-07
1.3231472e-07
1.3224939e-07
1.3228265e-07
1.3221643e-07
1.3224936e-07
1.3218216e-07
1.3221458e-07
1.3214631e-07
1.3217866e-07
1.3211024e-07
1.3214308e-07
1.3207418e-07
1.3210757e-07
1.3203784e-07
1.3207193e-07
1.3199846e-07
1.3203191e-07
1.3303582e-07
1.3303976e-07
1.3304128e-07
1.3304158e-07
1.3304132e-07
1.3304036e-07
1.3304022e-07
1.3303932e-07
1.3303922e-07
1.3303881e-07
1.3303811e-07
1.3303482e-07
1.3303203e-07
1.3302565e-07
1.3302232e-07
1.330148e-07
1.3301048e-07
1.3301266e-07
1.3298621e-07
1.3299988e-07
1.3297657e-07
1.3299376e-07
1.3295753e-07
1.3298476e-07
1.3295417e-07
1.329883e-07
1.3294738e-07
1.3298141e-07
1.3293269e-07
1.3297218e-07
1.329204e-07
1.3296836e-07
1.3291248e-07
1.3296531e-07
1.3289987e-07
1.3296021e-07
1.3288543e-07
1.3295748e-07
1.3287364e-07
1.3295611e-07
1.3285947e-07
1.3295004e-07
1.3283728e-07
1.3293462e-07
1.328063e-07
1.3290886e-07
1.3277629e-07
1.3287194e-07
1.3278461e-07
1.3282105e-07
1.3277126e-07
1.3280829e-07
1.3275805e-07
1.3279593e-07
1.327457e-07
1.3278457e-07
1.3273395e-07
1.3277368e-07
1.3272333e-07
1.3276387e-07
1.3271226e-07
1.3275372e-07
1.3270116e-07
1.3274357e-07
1.3268869e-07
1.3273242e-07
1.3267527e-07
1.3271961e-07
1.3266126e-07
1.3270587e-07
1.3264558e-07
1.3268947e-07
1.3262975e-07
1.326734e-07
1.3261095e-07
1.3265584e-07
1.3259122e-07
1.3263619e-07
1.325705e-07
1.326163e-07
1.3254733e-07
1.3259285e-07
1.3252497e-07
1.3256865e-07
1.3250158e-07
1.3254379e-07
1.3247691e-07
1.3251793e-07
1.3245126e-07
1.3249125e-07
1.3242441e-07
1.3246357e-07
1.3239641e-07
1.3243482e-07
1.3236749e-07
1.3240512e-07
1.3233788e-07
1.3237483e-07
1.3230756e-07
1.3234402e-07
1.322764e-07
1.3231251e-07
1.3224413e-07
1.3228e-07
1.322105e-07
1.3224607e-07
1.3217525e-07
1.3221045e-07
1.3213816e-07
1.3217301e-07
1.3209918e-07
1.321338e-07
1.3205832e-07
1.3209287e-07
1.3201562e-07
1.320504e-07
1.3197126e-07
1.3200671e-07
1.3192626e-07
1.3196353e-07
1.3307854e-07
1.3306342e-07
1.3306299e-07
1.3306161e-07
1.3306158e-07
1.3306118e-07
1.3306104e-07
1.3305998e-07
1.3305987e-07
1.3305886e-07
1.3305802e-07
1.3305677e-07
1.3305755e-07
1.3305951e-07
1.3306086e-07
1.330633e-07
1.3306464e-07
1.3306684e-07
1.3305719e-07
1.3308292e-07
1.3306172e-07
1.3308409e-07
1.3305227e-07
1.3308664e-07
1.3304765e-07
1.3308124e-07
1.3303072e-07
1.3306934e-07
1.3301742e-07
1.3306418e-07
1.3300469e-07
1.3305608e-07
1.3298722e-07
1.3304503e-07
1.3296527e-07
1.3302914e-07
1.3293932e-07
1.3300867e-07
1.3291111e-07
1.3298625e-07
1.3288102e-07
1.3296351e-07
1.3285052e-07
1.3294276e-07
1.3282186e-07
1.3292557e-07
1.3280137e-07
1.3290695e-07
1.3282081e-07
1.3286176e-07
1.3281145e-07
1.3285323e-07
1.3280156e-07
1.3284401e-07
1.3279123e-07
1.3283397e-07
1.3277979e-07
1.3282232e-07
1.3276736e-07
1.3280953e-07
1.3275251e-07
1.3279481e-07
1.3273628e-07
1.3277924e-07
1.3271804e-07
1.3276243e-07
1.3269875e-07
1.3274396e-07
1.3267921e-07
1.3272492e-07
1.3265843e-07
1.327037e-07
1.3263843e-07
1.3268368e-07
1.3261599e-07
1.3266287e-07
1.3259345e-07
1.3264089e-07
1.3257127e-07
1.3261971e-07
1.3254729e-07
1.3259737e-07
1.3252377e-07
1.3257286e-07
1.3250106e-07
1.3254709e-07
1.3247671e-07
1.3252035e-07
1.3245091e-07
1.3249248e-07
1.3242356e-07
1.3246335e-07
1.3239472e-07
1.3243316e-07
1.3236473e-07
1.3240212e-07
1.3233378e-07
1.3237026e-07
1.3230177e-07
1.3233739e-07
1.3226841e-07
1.3230318e-07
1.3223329e-07
1.3226731e-07
1.3219613e-07
1.3222947e-07
1.3215677e-07
1.3218957e-07
1.321152e-07
1.3214768e-07
1.3207156e-07
1.3210397e-07
1.3202604e-07
1.320587e-07
1.3197891e-07
1.3201216e-07
1.3193037e-07
1.3196463e-07
1.3188064e-07
1.3191632e-07
1.331516e-07
1.3315746e-07
1.3315902e-07
1.3315954e-07
1.3315932e-07
1.3315844e-07
1.3315821e-07
1.3315734e-07
1.3315718e-07
1.3315627e-07
1.331556e-07
1.331538e-07
1.3315212e-07
1.3314698e-07
1.3314402e-07
1.3313696e-07
1.3313334e-07
1.3312639e-07
1.3311895e-07
1.3312915e-07
1.3309378e-07
1.331085e-07
1.3307542e-07
1.331095e-07
1.3306859e-07
1.3309709e-07
1.3305298e-07
1.3309389e-07
1.3304725e-07
1.3309063e-07
1.3303144e-07
1.3307924e-07
1.330139e-07
1.3307099e-07
1.3299866e-07
1.3306149e-07
1.3298086e-07
1.3305294e-07
1.3296427e-07
1.3304745e-07
1.3294727e-07
1.3304071e-07
1.3292586e-07
1.3302967e-07
1.3289864e-07
1.330113e-07
1.3287062e-07
1.3297928e-07
1.328788e-07
1.3292132e-07
1.3286245e-07
1.3290621e-07
1.3284575e-07
1.3289032e-07
1.3282884e-07
1.3287369e-07
1.3281122e-07
1.3285587e-07
1.3279359e-07
1.3283812e-07
1.3277499e-07
1.3282006e-07
1.3275675e-07
1.3280273e-07
1.3273793e-07
1.3278551e-07
1.3271902e-07
1.3276736e-07
1.3270076e-07
1.3274945e-07
1.3268153e-07
1.3272969e-07
1.3266366e-07
1.3271147e-07
1.3264286e-07
1.3269248e-07
1.3262146e-07
1.3267158e-07
1.3259987e-07
1.3264995e-07
1.3257602e-07
1.3262595e-07
1.3255168e-07
1.3260051e-07
1.3252571e-07
1.3257305e-07
1.3249804e-07
1.3254385e-07
1.3246874e-07
1.3251303e-07
1.3243818e-07
1.3248094e-07
1.3240653e-07
1.3244793e-07
1.3237384e-07
1.3241401e-07
1.3234001e-07
1.3237888e-07
1.3230476e-07
1.3234222e-07
1.3226773e-07
1.3230372e-07
1.3222861e-07
1.3226319e-07
1.3218724e-07
1.3222064e-07
1.321437e-07
1.3217618e-07
1.3209817e-07
1.3213004e-07
1.3205088e-07
1.3208247e-07
1.3200204e-07
1.3203368e-07
1.3195182e-07
1.3198384e-07
1.3190032e-07
1.3193306e-07
1.3184759e-07
1.3188143e-07
1.3320965e-07
1.3319673e-07
1.3319586e-07
1.33194e-07
1.3319388e-07
1.3319352e-07
1.3319343e-07
1.3319254e-07
1.3319235e-07
1.3319115e-07
1.3319039e-07
1.331884e-07
1.3318809e-07
1.3318792e-07
1.3318867e-07
1.331901e-07
1.3319088e-07
1.3319144e-07
1.331934e-07
1.3319759e-07
1.3317946e-07
1.3320621e-07
1.3318867e-07
1.3321592e-07
1.3317097e-07
1.3320555e-07
1.3315942e-07
1.3320559e-07
1.3314977e-07
1.3319383e-07
1.3312631e-07
1.331805e-07
1.3310911e-07
1.3317239e-07
1.3309174e-07
1.3315959e-07
1.3306714e-07
1.3314285e-07
1.330394e-07
1.3312153e-07
1.3300661e-07
1.3309571e-07
1.3296977e-07
1.330688e-07
1.3293177e-07
1.3304067e-07
1.3289995e-07
1.3300813e-07
1.3291225e-07
1.3295588e-07
1.3289947e-07
1.329451e-07
1.3288658e-07
1.3293386e-07
1.3287329e-07
1.3292188e-07
1.3285928e-07
1.3290892e-07
1.3284524e-07
1.3289576e-07
1.3282995e-07
1.3288164e-07
1.3281425e-07
1.3286696e-07
1.3279689e-07
1.3285107e-07
1.3277823e-07
1.3283283e-07
1.3275939e-07
1.3281361e-07
1.3273858e-07
1.3279141e-07
1.3271832e-07
1.3276963e-07
1.3269401e-07
1.3274621e-07
1.3266844e-07
1.3272017e-07
1.3264241e-07
1.3269214e-07
1.3261524e-07
1.3266317e-07
1.3258661e-07
1.3263289e-07
1.3255662e-07
1.3260142e-07
1.3252515e-07
1.3256908e-07
1.3249259e-07
1.325359e-07
1.3245942e-07
1.3250197e-07
1.3242541e-07
1.3246724e-07
1.3239025e-07
1.3243144e-07
1.323536e-07
1.3239404e-07
1.3231518e-07
1.3235465e-07
1.3227475e-07
1.3231312e-07
1.3223221e-07
1.3226951e-07
1.3218763e-07
1.3222405e-07
1.3214124e-07
1.3217696e-07
1.3209326e-07
1.3212846e-07
1.3204385e-07
1.3207869e-07
1.3199309e-07
1.3202771e-07
1.3194098e-07
1.3197553e-07
1.3188747e-07
1.3192214e-07
1.3183247e-07
1.3186753e-07
1.332969e-07
1.3330352e-07
1.3330518e-07
1.3330599e-07
1.3330587e-07
1.3330517e-07
1.3330489e-07
1.3330393e-07
1.3330374e-07
1.3330258e-07
1.3330189e-07
1.3330029e-07
1.3329927e-07
1.3329588e-07
1.332936e-07
1.3328754e-07
1.3328433e-07
1.3327769e-07
1.3327386e-07
1.3326689e-07
1.3325348e-07
1.3327266e-07
1.332327e-07
1.3324565e-07
1.3320622e-07
1.3324744e-07
1.3320226e-07
1.3324241e-07
1.331864e-07
1.3322973e-07
1.3316613e-07
1.3322133e-07
1.3315335e-07
1.3321473e-07
1.3313701e-07
1.3320322e-07
1.3311426e-07
1.3318786e-07
1.3309003e-07
1.3317326e-07
1.3306618e-07
1.3316277e-07
1.3304275e-07
1.3315324e-07
1.3301468e-07
1.3313916e-07
1.3298658e-07
1.3311249e-07
1.3300584e-07
1.3305341e-07
1.3299094e-07
1.3303882e-07
1.3297441e-07
1.3302263e-07
1.3295645e-07
1.3300521e-07
1.329371e-07
1.3298647e-07
1.3291729e-07
1.3296739e-07
1.3289575e-07
1.3294722e-07
1.3287373e-07
1.3292689e-07
1.3285025e-07
1.3290593e-07
1.3282616e-07
1.3288319e-07
1.3280268e-07
1.3285985e-07
1.3277813e-07
1.328343e-07
1.3275446e-07
1.3280987e-07
1.3272765e-07
1.327846e-07
1.3270059e-07
1.3275667e-07
1.3267468e-07
1.3272807e-07
1.326475e-07
1.3269873e-07
1.3261923e-07
1.3266823e-07
1.3259001e-07
1.3263671e-07
1.3255948e-07
1.326046e-07
1.3252783e-07
1.3257151e-07
1.3249527e-07
1.3253714e-07
1.3246111e-07
1.3250125e-07
1.3242468e-07
1.3246347e-07
1.323856e-07
1.3242331e-07
1.3234388e-07
1.323807e-07
1.3229969e-07
1.323359e-07
1.3225332e-07
1.3228927e-07
1.3220506e-07
1.3224118e-07
1.3215521e-07
1.3219183e-07
1.3210393e-07
1.3214129e-07
1.3205126e-07
1.3208949e-07
1.3199714e-07
1.3203634e-07
1.3194146e-07
1.3198173e-07
1.3188412e-07
1.3192557e-07
1.3182501e-07
1.3186782e-07
1.3337085e-07
1.3335951e-07
1.3335832e-07
1.3335606e-07
1.3335587e-07
1.3335546e-07
1.3335539e-07
1.3335461e-07
1.3335442e-07
1.3335309e-07
1.3335237e-07
1.3335035e-07
1.3334959e-07
1.3334767e-07
1.3334756e-07
1.333476e-07
1.3334804e-07
1.3334855e-07
1.3334869e-07
1.3334656e-07
1.3334956e-07
1.3335619e-07
1.3332895e-07
1.3335583e-07
1.3333806e-07
1.3337425e-07
1.3332034e-07
1.3336029e-07
1.3329963e-07
1.333511e-07
1.3328237e-07
1.3334088e-07
1.3326638e-07
1.3333247e-07
1.3324739e-07
1.3331746e-07
1.3321982e-07
1.3329728e-07
1.3319041e-07
1.3328023e-07
1.3316137e-07
1.3326237e-07
1.3312646e-07
1.3323674e-07
1.3308215e-07
1.332046e-07
1.3303825e-07
1.3316619e-07
1.3305e-07
1.3309977e-07
1.3303224e-07
1.3308309e-07
1.3301446e-07
1.330662e-07
1.329969e-07
1.3304941e-07
1.3297935e-07
1.330324e-07
1.3296237e-07
1.3301594e-07
1.3294429e-07
1.3299919e-07
1.3292615e-07
1.3298273e-07
1.3290656e-07
1.3296576e-07
1.3288581e-07
1.3294643e-07
1.3286518e-07
1.3292628e-07
1.3284243e-07
1.32903e-07
1.3282075e-07
1.328808e-07
1.3279491e-07
1.3285698e-07
1.3276828e-07
1.328294e-07
1.3274206e-07
1.3280014e-07
1.3271362e-07
1.3276945e-07
1.3268349e-07
1.3273708e-07
1.3265208e-07
1.3270322e-07
1.3261896e-07
1.3266814e-07
1.3258413e-07
1.3263109e-07
1.3254765e-07
1.3259162e-07
1.3250876e-07
1.325496e-07
1.3246705e-07
1.325051e-07
1.3242264e-07
1.3245828e-07
1.3237607e-07
1.3240965e-07
1.3232785e-07
1.3235971e-07
1.3227832e-07
1.3230882e-07
1.3222757e-07
1.3225714e-07
1.321756e-07
1.3220461e-07
1.3212229e-07
1.3215101e-07
1.3206744e-07
1.3209609e-07
1.3201086e-07
1.3203963e-07
1.3195237e-07
1.3198147e-07
1.3189184e-07
1.3192151e-07
1.3182922e-07
1.3185972e-07
1.3347343e-07
1.3348014e-07
1.3348184e-07
1.3348298e-07
1.33483e-07
1.3348253e-07
1.3348223e-07
1.3348118e-07
1.3348095e-07
1.3347963e-07
1.3347891e-07
1.334772e-07
1.3347635e-07
1.3347362e-07
1.334722e-07
1.3346823e-07
1.3346559e-07
1.3345894e-07
1.3345527e-07
1.3344799e-07
1.3344373e-07
1.3343536e-07
1.3341866e-07
1.3344298e-07
1.3340667e-07
1.3342075e-07
1.3336378e-07
1.3341321e-07
1.3335765e-07
1.3340812e-07
1.3334066e-07
1.3339795e-07
1.3332493e-07
1.3338993e-07
1.3330582e-07
1.3337265e-07
1.3327776e-07
1.3335657e-07
1.3325316e-07
1.3334543e-07
1.3322776e-07
1.3332975e-07
1.3319459e-07
1.3330981e-07
1.3315697e-07
1.3329038e-07
1.3312502e-07
1.3326665e-07
1.3314741e-07
1.3320335e-07
1.3313281e-07
1.3319043e-07
1.3311761e-07
1.3317648e-07
1.3310175e-07
1.3316132e-07
1.3308477e-07
1.3314442e-07
1.3306708e-07
1.331265e-07
1.3304692e-07
1.331067e-07
1.3302545e-07
1.3308587e-07
1.330013e-07
1.3306344e-07
1.3297527e-07
1.330381e-07
1.3294922e-07
1.3301171e-07
1.3292131e-07
1.3298281e-07
1.3289439e-07
1.3295498e-07
1.328631e-07
1.3292488e-07
1.3283163e-07
1.328919e-07
1.3280039e-07
1.3285754e-07
1.3276753e-07
1.3282269e-07
1.3273356e-07
1.3278699e-07
1.3269855e-07
1.3275024e-07
1.3266166e-07
1.327124e-07
1.3262272e-07
1.3267253e-07
1.3258197e-07
1.3263029e-07
1.3253903e-07
1.325859e-07
1.3249398e-07
1.3253978e-07
1.324473e-07
1.3249216e-07
1.3239961e-07
1.3244331e-07
1.323512e-07
1.323934e-07
1.3230198e-07
1.3234242e-07
1.3225153e-07
1.3229028e-07
1.3219953e-07
1.3223674e-07
1.3214566e-07
1.321815e-07
1.3208963e-07
1.3212435e-07
1.3203126e-07
1.3206513e-07
1.3197044e-07
1.3200373e-07
1.3190713e-07
1.3194014e-07
1.3184133e-07
1.3187433e-07
1.335653e-07
1.3355515e-07
1.3355376e-07
1.3355124e-07
1.3355097e-07
1.3355043e-07
1.3355033e-07
1.3354959e-07
1.3354945e-07
1.3354807e-07
1.3354736e-07
1.3354539e-07
1.3354451e-07
1.3354162e-07
1.3354135e-07
1.3354029e-07
1.3353976e-07
1.3353818e-07
1.335376e-07
1.3353599e-07
1.3353608e-07
1.3353381e-07
1.3353729e-07
1.3354521e-07
1.3351588e-07
1.3353183e-07
1.3350631e-07
1.335592e-07
1.3349839e-07
1.3354541e-07
1.3347127e-07
1.3353344e-07
1.3345352e-07
1.3351967e-07
1.3343103e-07
1.3350421e-07
1.3340469e-07
1.3349196e-07
1.3337864e-07
1.3347473e-07
1.3334378e-07
1.3345058e-07
1.3330233e-07
1.3342576e-07
1.3325899e-07
1.333993e-07
1.3321794e-07
1.3336082e-07
1.3323328e-07
1.3328861e-07
1.3321368e-07
1.3327064e-07
1.3319352e-07
1.3325175e-07
1.3317274e-07
1.3323186e-07
1.3315088e-07
1.3321058e-07
1.3312878e-07
1.3318912e-07
1.3310488e-07
1.3316676e-07
1.3308082e-07
1.3314469e-07
1.3305526e-07
1.3312237e-07
1.3302912e-07
1.3309803e-07
1.3300421e-07
1.3307325e-07
1.3297799e-07
1.3304587e-07
1.3295289e-07
1.3301957e-07
1.3292317e-07
1.3299208e-07
1.3289267e-07
1.329617e-07
1.328628e-07
1.329288e-07
1.3283291e-07
1.3289462e-07
1.3280137e-07
1.3285862e-07
1.3276795e-07
1.3282069e-07
1.3273157e-07
1.3278116e-07
1.3269222e-07
1.3273941e-07
1.3265056e-07
1.3269554e-07
1.3260646e-07
1.3265013e-07
1.3256012e-07
1.3260361e-07
1.32512e-07
1.3255583e-07
1.3246257e-07
1.3250665e-07
1.3241188e-07
1.3245583e-07
1.3235973e-07
1.324031e-07
1.3230564e-07
1.3234831e-07
1.3224935e-07
1.322912e-07
1.3219067e-07
1.3223165e-07
1.3212951e-07
1.3216963e-07
1.3206583e-07
1.3210519e-07
1.319996e-07
1.3203844e-07
1.3193083e-07
1.3196951e-07
1.3185951e-07
1.3189849e-07
1.3368562e-07
1.3369202e-07
1.3369367e-07
1.3369515e-07
1.3369532e-07
1.3369509e-07
1.3369481e-07
1.336937e-07
1.3369346e-07
1.3369198e-07
1.3369124e-07
1.336894e-07
1.3368852e-07
1.3368559e-07
1.3368572e-07
1.3368245e-07
1.3367994e-07
1.3367343e-07
1.3367029e-07
1.3366388e-07
1.3366112e-07
1.3365458e-07
1.3364919e-07
1.3363979e-07
1.3361659e-07
1.336367e-07
1.3361238e-07
1.3363041e-07
1.3356248e-07
1.3361604e-07
1.3354528e-07
1.3360349e-07
1.3352812e-07
1.3359647e-07
1.3351162e-07
1.3358812e-07
1.334866e-07
1.3357054e-07
1.334526e-07
1.335474e-07
1.3341548e-07
1.3352823e-07
1.3338073e-07
1.3351163e-07
1.3334383e-07
1.3349033e-07
1.3330291e-07
1.3346199e-07
1.333275e-07
1.3338944e-07
1.3331054e-07
1.3337406e-07
1.3329314e-07
1.3335769e-07
1.3327509e-07
1.3334031e-07
1.3325603e-07
1.3332166e-07
1.3323682e-07
1.3330283e-07
1.3321558e-07
1.3328289e-07
1.3319367e-07
1.3326266e-07
1.3316934e-07
1.3324131e-07
1.3314315e-07
1.3321655e-07
1.3311692e-07
1.3319009e-07
1.3308796e-07
1.3315981e-07
1.3305937e-07
1.3313021e-07
1.3302544e-07
1.3309888e-07
1.3299036e-07
1.3306417e-07
1.329556e-07
1.330283e-07
1.3291813e-07
1.3298901e-07
1.3287988e-07
1.3294707e-07
1.3284011e-07
1.3290276e-07
1.3279816e-07
1.3285678e-07
1.3275429e-07
1.3280893e-07
1.3270921e-07
1.3275952e-07
1.3266258e-07
1.3270911e-07
1.326142e-07
1.3265798e-07
1.3256403e-07
1.326058e-07
1.3251217e-07
1.3255223e-07
1.3245842e-07
1.3249698e-07
1.3240243e-07
1.3243976e-07
1.3234381e-07
1.3238049e-07
1.3228246e-07
1.3231903e-07
1.3221848e-07
1.3225532e-07
1.3215199e-07
1.3218936e-07
1.3208312e-07
1.3212116e-07
1.3201193e-07
1.3205072e-07
1.3193843e-07
1.3197804e-07
1.3186259e-07
1.3190314e-07
1.3379852e-07
1.3378938e-07
1.3378791e-07
1.3378528e-07
1.3378493e-07
1.3378418e-07
1.3378402e-07
1.3378323e-07
1.3378314e-07
1.3378177e-07
1.3378105e-07
1.3377909e-07
1.3377817e-07
1.3377521e-07
1.3377511e-07
1.3377272e-07
1.3377069e-07
1.337672e-07
1.3376685e-07
1.3376627e-07
1.3376582e-07
1.3376206e-07
1.3376013e-07
1.3375297e-07
1.3375724e-07
1.3376278e-07
1.3374435e-07
1.3374541e-07
1.3372247e-07
1.3377169e-07
1.336999e-07
1.3376181e-07
1.3368308e-07
1.3375704e-07
1.3366191e-07
1.3373845e-07
1.3362516e-07
1.3371237e-07
1.3358777e-07
1.3369481e-07
1.3355615e-07
1.3368088e-07
1.3352151e-07
1.3365918e-07
1.3347587e-07
1.3362799e-07
1.334274e-07
1.3358984e-07
1.3344558e-07
1.3351006e-07
1.3342477e-07
1.3349145e-07
1.3340336e-07
1.3347162e-07
1.3338126e-07
1.3345057e-07
1.3335802e-07
1.3342781e-07
1.3333453e-07
1.3340449e-07
1.3330865e-07
1.3337949e-07
1.3328198e-07
1.3335405e-07
1.332527e-07
1.3332739e-07
1.3322172e-07
1.3329742e-07
1.3319125e-07
1.3326629e-07
1.3315871e-07
1.3323232e-07
1.3312749e-07
1.331987e-07
1.3309263e-07
1.3316322e-07
1.3305755e-07
1.3312662e-07
1.3302106e-07
1.3308869e-07
1.3298221e-07
1.3304987e-07
1.3294206e-07
1.330094e-07
1.3290099e-07
1.3296735e-07
1.3285824e-07
1.3292422e-07
1.3281402e-07
1.3287917e-07
1.3276904e-07
1.3283208e-07
1.3272261e-07
1.3278324e-07
1.3267419e-07
1.327327e-07
1.3262355e-07
1.3267988e-07
1.3257071e-07
1.3262446e-07
1.3251544e-07
1.3256632e-07
1.3245748e-07
1.3250552e-07
1.3239652e-07
1.3244237e-07
1.3233265e-07
1.3237704e-07
1.3226603e-07
1.3230961e-07
1.3219679e-07
1.3224009e-07
1.3212498e-07
1.3216839e-07
1.3205062e-07
1.3209438e-07
1.3197369e-07
1.3201792e-07
1.3189415e-07
1.3193884e-07
1.3394018e-07
1.3394603e-07
1.3394758e-07
1.3394935e-07
1.3394964e-07
1.3394963e-07
1.3394939e-07
1.339483e-07
1.3394809e-07
1.3394648e-07
1.3394569e-07
1.3394371e-07
1.3394277e-07
1.3393977e-07
1.3394065e-07
1.3393663e-07
1.3393285e-07
1.3392966e-07
1.3392814e-07
1.3392275e-07
1.3391898e-07
1.3390925e-07
1.3390489e-07
1.3389732e-07
1.3389271e-07
1.3388403e-07
1.3386194e-07
1.3387199e-07
1.338566e-07
1.3386626e-07
1.3380058e-07
1.3386286e-07
1.3377935e-07
1.3385088e-07
1.3375373e-07
1.338311e-07
1.3371992e-07
1.3381588e-07
1.3369106e-07
1.3380428e-07
1.3365961e-07
1.3378451e-07
1.3361778e-07
1.3375675e-07
1.3356908e-07
1.3372755e-07
1.3352367e-07
1.3369637e-07
1.3355016e-07
1.3361808e-07
1.3353125e-07
1.336014e-07
1.3351135e-07
1.3358335e-07
1.3349037e-07
1.3356393e-07
1.3346798e-07
1.3354275e-07
1.3344519e-07
1.3352101e-07
1.3341983e-07
1.334976e-07
1.3339373e-07
1.3347369e-07
1.3336496e-07
1.3344845e-07
1.3333448e-07
1.3341947e-07
1.3330484e-07
1.3338898e-07
1.3327314e-07
1.3335548e-07
1.3324277e-07
1.333207e-07
1.3320917e-07
1.3328434e-07
1.3317437e-07
1.3324597e-07
1.3313806e-07
1.3320597e-07
1.3309921e-07
1.3316483e-07
1.3305837e-07
1.3312172e-07
1.3301575e-07
1.3307665e-07
1.3297038e-07
1.3303017e-07
1.3292247e-07
1.3298134e-07
1.3287281e-07
1.3292998e-07
1.3282077e-07
1.3287631e-07
1.3276594e-07
1.3282034e-07
1.3270824e-07
1.3276158e-07
1.3264799e-07
1.326999e-07
1.3258535e-07
1.3263552e-07
1.3252046e-07
1.325687e-07
1.3245326e-07
1.3249987e-07
1.3238386e-07
1.3242912e-07
1.3231224e-07
1.3235639e-07
1.3223828e-07
1.3228153e-07
1.3216181e-07
1.3220435e-07
1.3208268e-07
1.3212464e-07
1.3200079e-07
1.3204218e-07
1.3191616e-07
1.3195673e-07
1.3407837e-07
1.3407016e-07
1.3406869e-07
1.340661e-07
1.3406567e-07
1.3406467e-07
1.3406444e-07
1.3406354e-07
1.340635e-07
1.3406211e-07
1.3406137e-07
1.3405938e-07
1.3405843e-07
1.3405601e-07
1.3405555e-07
1.3405043e-07
1.3404809e-07
1.3404901e-07
1.3404735e-07
1.3404153e-07
1.3403933e-07
1.340346e-07
1.3403333e-07
1.3402948e-07
1.340282e-07
1.3402074e-07
1.3402226e-07
1.3402466e-07
1.3400862e-07
1.340082e-07
1.3398276e-07
1.3402759e-07
1.3395313e-07
1.3402209e-07
1.3392633e-07
1.3401343e-07
1.3389381e-07
1.3399634e-07
1.3385768e-07
1.3397363e-07
1.338166e-07
1.339479e-07
1.3377265e-07
1.3392304e-07
1.3372689e-07
1.3389676e-07
1.3368122e-07
1.3386372e-07
1.3370433e-07
1.3377556e-07
1.3368098e-07
1.337544e-07
1.3365679e-07
1.3373171e-07
1.3363168e-07
1.337076e-07
1.3360505e-07
1.3368155e-07
1.3357789e-07
1.3365502e-07
1.3354776e-07
1.3362675e-07
1.3351672e-07
1.335983e-07
1.3348274e-07
1.3356875e-07
1.334472e-07
1.335356e-07
1.334129e-07
1.3350068e-07
1.3337753e-07
1.3346393e-07
1.3334264e-07
1.3342475e-07
1.3330548e-07
1.3338479e-07
1.3326655e-07
1.3334275e-07
1.3322641e-07
1.3329895e-07
1.331839e-07
1.3325386e-07
1.3313957e-07
1.3320668e-07
1.3309365e-07
1.3315757e-07
1.3304508e-07
1.3310719e-07
1.3299404e-07
1.330546e-07
1.3294131e-07
1.3299957e-07
1.3288614e-07
1.3294238e-07
1.3282808e-07
1.3288321e-07
1.327673e-07
1.3282172e-07
1.3270444e-07
1.3275795e-07
1.3263988e-07
1.3269207e-07
1.3257371e-07
1.3262405e-07
1.3250556e-07
1.3255392e-07
1.3243523e-07
1.3248125e-07
1.3236255e-07
1.3240556e-07
1.3228733e-07
1.3232639e-07
1.3220952e-07
1.322434e-07
1.3212912e-07
1.3215633e-07
1.3204622e-07
1.3206503e-07
1.3196094e-07
1.3196942e-07
1.3424624e-07
1.3425142e-07
1.3425281e-07
1.3425481e-07
1.3425516e-07
1.3425533e-07
1.3425515e-07
1.3425415e-07
1.34254e-07
1.342523e-07
1.3425144e-07
1.342493e-07
1.342483e-07
1.342457e-07
1.3424459e-07
1.3423994e-07
1.3424141e-07
1.3423899e-07
1.3423369e-07
1.3422472e-07
1.3422282e-07
1.3421754e-07
1.3421418e-07
1.3420531e-07
1.3420107e-07
1.3419104e-07
1.3418508e-07
1.3417228e-07
1.3415913e-07
1.3415943e-07
1.3414512e-07
1.3415158e-07
1.3410097e-07
1.3414262e-07
1.3406539e-07
1.341356e-07
1.3401525e-07
1.341176e-07
1.3397567e-07
1.3409744e-07
1.339402e-07
1.3407965e-07
1.3390143e-07
1.3405744e-07
1.3385495e-07
1.3402766e-07
1.3380595e-07
1.3398741e-07
1.3382174e-07
1.3389663e-07
1.3379708e-07
1.3387603e-07
1.3377233e-07
1.3385396e-07
1.3374714e-07
1.3383032e-07
1.3372079e-07
1.3380472e-07
1.3369446e-07
1.3377887e-07
1.3366554e-07
1.3375162e-07
1.3363625e-07
1.3372439e-07
1.3360415e-07
1.3369594e-07
1.335711e-07
1.3366291e-07
1.3354e-07
1.3362866e-07
1.335063e-07
1.3359286e-07
1.3347159e-07
1.3355436e-07
1.3343413e-07
1.3351481e-07
1.3339477e-07
1.3347286e-07
1.3335416e-07
1.3342881e-07
1.3331089e-07
1.3338313e-07
1.3326563e-07
1.3333485e-07
1.3321866e-07
1.332842e-07
1.3316874e-07
1.3323192e-07
1.3311596e-07
1.3317688e-07
1.3306122e-07
1.3311893e-07
1.3300375e-07
1.3305868e-07
1.329433e-07
1.3299666e-07
1.328802e-07
1.3293256e-07
1.3281509e-07
1.3286622e-07
1.3274801e-07
1.3279745e-07
1.3267857e-07
1.3272588e-07
1.3260599e-07
1.3265141e-07
1.3252989e-07
1.3257374e-07
1.3245013e-07
1.3249266e-07
1.3236674e-07
1.3240805e-07
1.3227993e-07
1.3231983e-07
1.3218998e-07
1.3222785e-07
1.320973e-07
1.3213187e-07
1.320023e-07
1.3203155e-07
1.344153e-07
1.3440799e-07
1.3440664e-07
1.3440415e-07
1.3440365e-07
1.3440244e-07
1.3440214e-07
1.3440109e-07
1.344011e-07
1.3439961e-07
1.3439884e-07
1.3439679e-07
1.3439582e-07
1.3439316e-07
1.3439237e-07
1.3438826e-07
1.34389e-07
1.3438442e-07
1.3437481e-07
1.3437619e-07
1.343757e-07
1.3437077e-07
1.3436735e-07
1.3435953e-07
1.3435749e-07
1.3435134e-07
1.3434893e-07
1.343427e-07
1.3434283e-07
1.3434138e-07
1.3432345e-07
1.3432931e-07
1.3429705e-07
1.3432397e-07
1.3427503e-07
1.3431291e-07
1.3422119e-07
1.3431841e-07
1.3417469e-07
1.3430508e-07
1.3413709e-07
1.3428187e-07
1.3408943e-07
1.3425142e-07
1.3403859e-07
1.3421212e-07
1.3398848e-07
1.341683e-07
1.3400285e-07
1.3407788e-07
1.3397698e-07
1.3405701e-07
1.3395022e-07
1.340343e-07
1.3392251e-07
1.3400976e-07
1.3389342e-07
1.3398295e-07
1.3386439e-07
1.3395534e-07
1.3383241e-07
1.3392556e-07
1.3379982e-07
1.3389309e-07
1.3376589e-07
1.33858e-07
1.3373056e-07
1.3382083e-07
1.3369416e-07
1.3378171e-07
1.3365518e-07
1.3374094e-07
1.3361554e-07
1.336978e-07
1.3357335e-07
1.3365399e-07
1.3352923e-07
1.3360777e-07
1.3348371e-07
1.3355938e-07
1.3343539e-07
1.3350935e-07
1.3338509e-07
1.3345664e-07
1.3333315e-07
1.3340143e-07
1.3327824e-07
1.3334446e-07
1.3322057e-07
1.3328461e-07
1.3316131e-07
1.33222e-07
1.3309989e-07
1.3315741e-07
1.33036e-07
1.3309123e-07
1.3296964e-07
1.3302267e-07
1.3290103e-07
1.3295105e-07
1.3282987e-07
1.3287587e-07
1.3275576e-07
1.3279674e-07
1.3267823e-07
1.3271376e-07
1.3259743e-07
1.3262683e-07
1.325137e-07
1.3253587e-07
1.3242735e-07
1.3244084e-07
1.3233862e-07
1.3234169e-07
1.3224759e-07
1.3223833e-07
1.3215427e-07
1.3213068e-07
1.3205857e-07
1.3201864e-07
1.3461581e-07
1.3462029e-07
1.3462151e-07
1.3462362e-07
1.3462397e-07
1.3462427e-07
1.3462417e-07
1.346233e-07
1.3462324e-07
1.3462147e-07
1.3462055e-07
1.3461827e-07
1.3461721e-07
1.3461451e-07
1.3461354e-07
1.346091e-07
1.3461132e-07
1.3460017e-07
1.3460044e-07
1.3459987e-07
1.3459509e-07
1.3458396e-07
1.3458004e-07
1.3457235e-07
1.3457004e-07
1.3456235e-07
1.3455764e-07
1.3454636e-07
1.3454053e-07
1.3452185e-07
1.345164e-07
1.3450859e-07
1.3448367e-07
1.3449964e-07
1.3445276e-07
1.3446831e-07
1.3441295e-07
1.3446853e-07
1.3434222e-07
1.3446173e-07
1.3428793e-07
1.3443875e-07
1.3424059e-07
1.3441155e-07
1.3419121e-07
1.3437879e-07
1.3414331e-07
1.3432977e-07
1.3415946e-07
1.3423473e-07
1.341316e-07
1.3421142e-07
1.3410288e-07
1.3418656e-07
1.3407319e-07
1.341603e-07
1.3404202e-07
1.3413216e-07
1.3401091e-07
1.3410202e-07
1.3397807e-07
1.3406966e-07
1.3394489e-07
1.3403523e-07
1.3391041e-07
1.3400019e-07
1.3387422e-07
1.3396313e-07
1.3383778e-07
1.3392471e-07
1.3379924e-07
1.3388484e-07
1.3376035e-07
1.3384214e-07
1.3371844e-07
1.3379838e-07
1.3367412e-07
1.3375169e-07
1.336282e-07
1.3370261e-07
1.3357913e-07
1.336518e-07
1.3352773e-07
1.3359794e-07
1.3347436e-07
1.3354128e-07
1.3341766e-07
1.3348286e-07
1.3335809e-07
1.3342152e-07
1.3329716e-07
1.3335725e-07
1.3323397e-07
1.3329054e-07
1.3316769e-07
1.3322135e-07
1.3309791e-07
1.3314861e-07
1.3302481e-07
1.3307186e-07
1.3294829e-07
1.329912e-07
1.3286824e-07
1.3290688e-07
1.3278439e-07
1.3281951e-07
1.3269693e-07
1.3272916e-07
1.3260612e-07
1.3263556e-07
1.325122e-07
1.3253828e-07
1.3241541e-07
1.3243674e-07
1.3231603e-07
1.3233034e-07
1.3221434e-07
1.3221854e-07
1.3211058e-07
1.3210097e-07
1.3482313e-07
1.3481669e-07
1.3481559e-07
1.3481319e-07
1.3481265e-07
1.3481132e-07
1.3481096e-07
1.3480977e-07
1.348098e-07
1.3480814e-07
1.3480731e-07
1.3480518e-07
1.3480419e-07
1.3480146e-07
1.3480051e-07
1.3479804e-07
1.3479463e-07
1.3478825e-07
1.3478836e-07
1.3478518e-07
1.3477448e-07
1.3477241e-07
1.3477099e-07
1.3476659e-07
1.3476454e-07
1.3475646e-07
1.3475204e-07
1.347419e-07
1.3473869e-07
1.3473076e-07
1.3472664e-07
1.3471434e-07
1.3471125e-07
1.3471301e-07
1.3466553e-07
1.3470069e-07
1.3464463e-07
1.3467086e-07
1.345891e-07
1.3467903e-07
1.3452509e-07
1.3467356e-07
1.3446768e-07
1.3464881e-07
1.3441879e-07
1.3460602e-07
1.3435499e-07
1.3455013e-07
1.3436765e-07
1.344477e-07
1.3433814e-07
1.344224e-07
1.34309e-07
1.3439443e-07
1.3428069e-07
1.3436484e-07
1.3425095e-07
1.343351e-07
1.3421953e-07
1.343032e-07
1.3418647e-07
1.3427099e-07
1.341519e-07
1.3423637e-07
1.3411604e-07
1.3420092e-07
1.3407771e-07
1.3416264e-07
1.3403834e-07
1.3412206e-07
1.3399576e-07
1.3407892e-07
1.3395202e-07
1.3403197e-07
1.3390475e-07
1.3398351e-07
1.3385493e-07
1.3393174e-07
1.3380356e-07
1.3387722e-07
1.337489e-07
1.3382067e-07
1.3369187e-07
1.337609e-07
1.336331e-07
1.3369845e-07
1.3357129e-07
1.3363453e-07
1.3350685e-07
1.335676e-07
1.3344102e-07
1.3349716e-07
1.3337254e-07
1.3342337e-07
1.3330057e-07
1.3334621e-07
1.3322517e-07
1.3326482e-07
1.3314723e-07
1.3317903e-07
1.3306719e-07
1.3308906e-07
1.3298513e-07
1.3299509e-07
1.3290048e-07
1.3289755e-07
1.3281295e-07
1.3279639e-07
1.3272219e-07
1.3269141e-07
1.3262785e-07
1.3258243e-07
1.3252968e-07
1.3246923e-07
1.3242761e-07
1.3235159e-07
1.3232172e-07
1.3222923e-07
1.3221219e-07
1.3210186e-07
1.3506485e-07
1.3506864e-07
1.3506971e-07
1.3507171e-07
1.3507208e-07
1.3507246e-07
1.350724e-07
1.3507168e-07
1.3507174e-07
1.3506992e-07
1.3506895e-07
1.3506657e-07
1.3506546e-07
1.3506249e-07
1.3506145e-07
1.3505701e-07
1.3505492e-07
1.3504899e-07
1.3505106e-07
1.3504031e-07
1.3503732e-07
1.3503694e-07
1.3503217e-07
1.3502196e-07
1.3501826e-07
1.3500759e-07
1.350027e-07
1.3499195e-07
1.3498786e-07
1.349754e-07
1.3496683e-07
1.3495225e-07
1.3494382e-07
1.3492249e-07
1.3490754e-07
1.3491785e-07
1.3485415e-07
1.3489141e-07
1.3482303e-07
1.3486676e-07
1.3475735e-07
1.348573e-07
1.3467598e-07
1.3484135e-07
1.3461141e-07
1.3479246e-07
1.345474e-07
1.3474015e-07
1.3456369e-07
1.3463987e-07
1.3453698e-07
1.3461406e-07
1.3450942e-07
1.345876e-07
1.3448002e-07
1.3455799e-07
1.3444929e-07
1.3452726e-07
1.3441673e-07
1.3449359e-07
1.3438237e-07
1.3445901e-07
1.3434571e-07
1.3442139e-07
1.3430711e-07
1.3438259e-07
1.3426532e-07
1.3434065e-07
1.3422216e-07
1.342965e-07
1.3417555e-07
1.3425008e-07
1.34128e-07
1.342003e-07
1.3407717e-07
1.3414971e-07
1.3402413e-07
1.3409614e-07
1.3397e-07
1.3404023e-07
1.3391298e-07
1.3398283e-07
1.3385418e-07
1.3392246e-07
1.3379416e-07
1.3385947e-07
1.3373098e-07
1.3379486e-07
1.3366457e-07
1.3372643e-07
1.3359618e-07
1.3365368e-07
1.3352451e-07
1.3357725e-07
1.3344902e-07
1.3349761e-07
1.3337017e-07
1.3341388e-07
1.3328909e-07
1.3332561e-07
1.3320618e-07
1.3323252e-07
1.3312127e-07
1.3313419e-07
1.3303355e-07
1.3303071e-07
1.3294272e-07
1.3292182e-07
1.3284856e-07
1.328074e-07
1.3275083e-07
1.3268753e-07
1.3264932e-07
1.3256246e-07
1.3254376e-07
1.3243244e-07
1.3243395e-07
1.322977e-07
1.3231971e-07
1.3215841e-07
1.3532027e-07
1.3531466e-07
1.353139e-07
1.3531164e-07
1.3531109e-07
1.3530969e-07
1.3530928e-07
1.35308e-07
1.3530807e-07
1.3530617e-07
1.3530526e-07
1.3530304e-07
1.3530198e-07
1.3529894e-07
1.3529785e-07
1.3529402e-07
1.352917e-07
1.3528721e-07
1.3528351e-07
1.3527592e-07
1.35276e-07
1.3527381e-07
1.3526216e-07
1.3525879e-07
1.3525617e-07
1.3524863e-07
1.3524482e-07
1.3523524e-07
1.3523138e-07
1.3521881e-07
1.3521274e-07
1.3520047e-07
1.3519395e-07
1.351779e-07
1.3517382e-07
1.3515848e-07
1.3513519e-07
1.3515235e-07
1.3508635e-07
1.3512992e-07
1.3503878e-07
1.351001e-07
1.3497609e-07
1.350803e-07
1.349025e-07
1.3504564e-07
1.348369e-07
1.3499635e-07
1.3483566e-07
1.3490129e-07
1.348052e-07
1.3487269e-07
1.3477379e-07
1.3484285e-07
1.3474003e-07
1.3480985e-07
1.3470507e-07
1.3477597e-07
1.3466851e-07
1.3473905e-07
1.3463045e-07
1.3470125e-07
1.3459037e-07
1.3466023e-07
1.3454866e-07
1.3461808e-07
1.3450388e-07
1.3457265e-07
1.3445813e-07
1.3452523e-07
1.3440919e-07
1.3447593e-07
1.3435995e-07
1.3442367e-07
1.3430766e-07
1.3437119e-07
1.342532e-07
1.3431574e-07
1.3419766e-07
1.3425784e-07
1.3413868e-07
1.3419807e-07
1.3407717e-07
1.3413438e-07
1.3401355e-07
1.34067e-07
1.3394561e-07
1.3399711e-07
1.3387347e-07
1.3392262e-07
1.3379887e-07
1.3384352e-07
1.3372081e-07
1.3376092e-07
1.3363878e-07
1.3367534e-07
1.33553e-07
1.3358555e-07
1.3346429e-07
1.3349069e-07
1.3337282e-07
1.3339029e-07
1.3327843e-07
1.3328393e-07
1.3318059e-07
1.3317188e-07
1.3307938e-07
1.3305403e-07
1.3297496e-07
1.3293031e-07
1.3286737e-07
1.328008e-07
1.327565e-07
1.3266564e-07
1.3264212e-07
1.3252504e-07
1.3252393e-07
1.3237921e-07
1.3240162e-07
1.3222836e-07
1.3561476e-07
1.3561791e-07
1.3561881e-07
1.3562061e-07
1.3562096e-07
1.3562136e-07
1.3562133e-07
1.3562075e-07
1.3562093e-07
1.3561903e-07
1.3561805e-07
1.3561564e-07
1.356144e-07
1.3561083e-07
1.3560959e-07
1.356051e-07
1.356026e-07
1.3559662e-07
1.3559447e-07
1.3558855e-07
1.3559106e-07
1.3558047e-07
1.3557454e-07
1.3557403e-07
1.3556498e-07
1.3555805e-07
1.3555172e-07
1.3553824e-07
1.3553343e-07
1.3551943e-07
1.3551205e-07
1.3549716e-07
1.3548909e-07
1.3546993e-07
1.3546184e-07
1.3543883e-07
1.354298e-07
1.354024e-07
1.3538468e-07
1.3538231e-07
1.3531353e-07
1.3536424e-07
1.3524445e-07
1.3532985e-07
1.3517009e-07
1.3529014e-07
1.3509987e-07
1.352276e-07
1.3508539e-07
1.3513807e-07
1.3505273e-07
1.3510761e-07
1.3501957e-07
1.3507681e-07
1.349844e-07
1.3504328e-07
1.3494828e-07
1.3500925e-07
1.3491033e-07
1.3497185e-07
1.3487062e-07
1.3493342e-07
1.3482848e-07
1.3489125e-07
1.3478467e-07
1.3484801e-07
1.3473788e-07
1.3480145e-07
1.3469085e-07
1.3475326e-07
1.3464099e-07
1.3470322e-07
1.3459119e-07
1.3464961e-07
1.3453779e-07
1.3459516e-07
1.3448138e-07
1.3453652e-07
1.3442313e-07
1.3447439e-07
1.343605e-07
1.3440965e-07
1.3429475e-07
1.3434019e-07
1.3422665e-07
1.3426661e-07
1.3415412e-07
1.3419051e-07
1.3407757e-07
1.3410976e-07
1.3399907e-07
1.3402437e-07
1.3391721e-07
1.3393543e-07
1.3383099e-07
1.3384338e-07
1.3374024e-07
1.3374682e-07
1.3364577e-07
1.3364505e-07
1.3354791e-07
1.3353782e-07
1.3344678e-07
1.3342484e-07
1.3334205e-07
1.333064e-07
1.3323401e-07
1.3318208e-07
1.3312288e-07
1.3305148e-07
1.3300866e-07
1.329144e-07
1.3289112e-07
1.3277088e-07
1.3276981e-07
1.326212e-07
1.3264415e-07
1.3246577e-07
1.325135e-07
1.3230508e-07
1.3593174e-07
1.3592694e-07
1.3592654e-07
1.3592448e-07
1.3592394e-07
1.3592254e-07
1.3592211e-07
1.3592078e-07
1.3592092e-07
1.3591879e-07
1.3591783e-07
1.3591539e-07
1.3591407e-07
1.3591022e-07
1.3590903e-07
1.3590476e-07
1.3590245e-07
1.3589747e-07
1.358952e-07
1.3589046e-07
1.3588743e-07
1.3587855e-07
1.3587763e-07
1.3587083e-07
1.3586117e-07
1.3585961e-07
1.358481e-07
1.3584027e-07
1.3583592e-07
1.3582343e-07
1.3581607e-07
1.3580283e-07
1.3579549e-07
1.3577744e-07
1.3577068e-07
1.3575396e-07
1.3573843e-07
1.3572051e-07
1.3570901e-07
1.3567044e-07
1.3567384e-07
1.3564759e-07
1.3559513e-07
1.3563228e-07
1.3551036e-07
1.3559851e-07
1.3542551e-07
1.3553882e-07
1.3540686e-07
1.3545266e-07
1.3537405e-07
1.3542062e-07
1.353407e-07
1.353879e-07
1.3530455e-07
1.3535166e-07
1.3526666e-07
1.3531462e-07
1.3522617e-07
1.3527394e-07
1.3518362e-07
1.3523266e-07
1.3513861e-07
1.35188e-07
1.3509238e-07
1.3514311e-07
1.3504332e-07
1.3509496e-07
1.3499414e-07
1.3504486e-07
1.3494136e-07
1.3499193e-07
1.348879e-07
1.3493416e-07
1.3482993e-07
1.3487491e-07
1.3476851e-07
1.348109e-07
1.3470537e-07
1.347433e-07
1.3463788e-07
1.3467318e-07
1.345674e-07
1.3459818e-07
1.3449483e-07
1.3451899e-07
1.3441792e-07
1.3443732e-07
1.3433704e-07
1.3435042e-07
1.3425442e-07
1.3425805e-07
1.3416835e-07
1.3416139e-07
1.3407766e-07
1.3406122e-07
1.3398208e-07
1.3395643e-07
1.3388229e-07
1.3384679e-07
1.3377818e-07
1.3373251e-07
1.3366923e-07
1.3361361e-07
1.3355449e-07
1.3349058e-07
1.3343399e-07
1.3336287e-07
1.3330811e-07
1.3322967e-07
1.3317734e-07
1.3309013e-07
1.3304225e-07
1.3294353e-07
1.3290328e-07
1.3278934e-07
1.327607e-07
1.3262729e-07
1.3261454e-07
1.3245736e-07
1.3629504e-07
1.3629762e-07
1.3629832e-07
1.3629987e-07
1.3630017e-07
1.3630052e-07
1.3630051e-07
1.3630006e-07
1.3630037e-07
1.3629841e-07
1.3629747e-07
1.3629472e-07
1.362931e-07
1.3628869e-07
1.3628752e-07
1.3628329e-07
1.3628085e-07
1.3627526e-07
1.3627286e-07
1.3626692e-07
1.3626535e-07
1.3625953e-07
1.3625565e-07
1.3624556e-07
1.3624238e-07
1.3623657e-07
1.3622336e-07
1.3621847e-07
1.3620739e-07
1.3619598e-07
1.3618634e-07
1.3617145e-07
1.3616297e-07
1.3614245e-07
1.361345e-07
1.3611139e-07
1.360971e-07
1.3607733e-07
1.3605549e-07
1.3603276e-07
1.3601616e-07
1.3597045e-07
1.3596625e-07
1.3592895e-07
1.3587412e-07
1.3589601e-07
1.3577101e-07
1.3584978e-07
1.3572928e-07
1.3576756e-07
1.3569225e-07
1.3573336e-07
1.3565521e-07
1.35698e-07
1.3561608e-07
1.3565875e-07
1.3557642e-07
1.3561918e-07
1.3553509e-07
1.3557619e-07
1.3549243e-07
1.3553322e-07
1.3544746e-07
1.3548681e-07
1.3540108e-07
1.3544019e-07
1.353508e-07
1.3538948e-07
1.3529951e-07
1.3533622e-07
1.352435e-07
1.352797e-07
1.3518662e-07
1.3521814e-07
1.3512517e-07
1.3515555e-07
1.3506042e-07
1.3508798e-07
1.3499419e-07
1.3501656e-07
1.3492333e-07
1.3494233e-07
1.3484927e-07
1.3486264e-07
1.3477301e-07
1.3477835e-07
1.3469198e-07
1.3469138e-07
1.346065e-07
1.345984e-07
1.3451933e-07
1.3449901e-07
1.3442893e-07
1.3439427e-07
1.3433438e-07
1.3428463e-07
1.3423574e-07
1.3416838e-07
1.3413407e-07
1.34045e-07
1.3402923e-07
1.3391481e-07
1.339203e-07
1.3377836e-07
1.3380556e-07
1.3363711e-07
1.3368421e-07
1.3349159e-07
1.3355574e-07
1.3334197e-07
1.3341984e-07
1.3318815e-07
1.3327652e-07
1.3302976e-07
1.33126e-07
1.328662e-07
1.329687e-07
1.3269677e-07
1.3280513e-07
1.3252075e-07
1.3669258e-07
1.3668861e-07
1.3668848e-07
1.3668668e-07
1.3668617e-07
1.3668484e-07
1.3668442e-07
1.366831e-07
1.3668335e-07
1.3668112e-07
1.3667981e-07
1.36677e-07
1.3667495e-07
1.3667047e-07
1.3666969e-07
1.3666571e-07
1.3666308e-07
1.3665815e-07
1.3665601e-07
1.3665093e-07
1.3664928e-07
1.3664124e-07
1.3663705e-07
1.3662745e-07
1.3662417e-07
1.3661503e-07
1.3660437e-07
1.3659894e-07
1.3658672e-07
1.3658058e-07
1.3656815e-07
1.365561e-07
1.3654749e-07
1.3652777e-07
1.3651965e-07
1.3649602e-07
1.3648758e-07
1.3645957e-07
1.3644928e-07
1.3641931e-07
1.3640398e-07
1.3637146e-07
1.3635405e-07
1.3630561e-07
1.3629599e-07
1.3625652e-07
1.3620054e-07
1.3621164e-07
1.3612856e-07
1.3614639e-07
1.3608889e-07
1.3611364e-07
1.3605002e-07
1.360805e-07
1.3600909e-07
1.360433e-07
1.3596824e-07
1.3600474e-07
1.3592564e-07
1.3596118e-07
1.3588173e-07
1.3591651e-07
1.3583529e-07
1.3586684e-07
1.357873e-07
1.3581605e-07
1.3573487e-07
1.3576015e-07
1.3568133e-07
1.3570164e-07
1.3562257e-07
1.3564001e-07
1.3556294e-07
1.3557335e-07
1.3549806e-07
1.3550595e-07
1.3542902e-07
1.3543316e-07
1.3535797e-07
1.3535636e-07
1.3528155e-07
1.3527688e-07
1.3520143e-07
1.3519172e-07
1.3511875e-07
1.3510204e-07
1.3503046e-07
1.3501025e-07
1.3493665e-07
1.3491272e-07
1.3484011e-07
1.3480923e-07
1.3473892e-07
1.3470116e-07
1.3463203e-07
1.3458896e-07
1.3451978e-07
1.3447029e-07
1.3440398e-07
1.3434397e-07
1.342854e-07
1.3420959e-07
1.3416402e-07
1.3406696e-07
1.3403859e-07
1.33917e-07
1.3390859e-07
1.3375989e-07
1.3377342e-07
1.3359581e-07
1.3363237e-07
1.3342502e-07
1.3348482e-07
1.3324771e-07
1.3333033e-07
1.3306391e-07
1.3316875e-07
1.3287351e-07
1.330001e-07
1.326763e-07
1.3714764e-07
1.3714972e-07
1.3715023e-07
1.3715148e-07
1.371517e-07
1.3715197e-07
1.3715198e-07
1.3715161e-07
1.3715208e-07
1.3715007e-07
1.3714877e-07
1.3714557e-07
1.3714257e-07
1.3713917e-07
1.3713818e-07
1.3713394e-07
1.3713169e-07
1.3712659e-07
1.3712427e-07
1.3711843e-07
1.3711648e-07
1.3710805e-07
1.3710392e-07
1.3709376e-07
1.3709119e-07
1.3708106e-07
1.3707263e-07
1.3706531e-07
1.3705388e-07
1.3704758e-07
1.3703004e-07
1.3701976e-07
1.3700642e-07
1.3698776e-07
1.3697433e-07
1.3695586e-07
1.369373e-07
1.3691478e-07
1.3689809e-07
1.3686593e-07
1.3684927e-07
1.3681008e-07
1.3679176e-07
1.3674877e-07
1.367276e-07
1.3666948e-07
1.3664839e-07
1.3660512e-07
1.3655845e-07
1.3655461e-07
1.3651755e-07
1.3652089e-07
1.3647662e-07
1.3648681e-07
1.364325e-07
1.3644785e-07
1.3638733e-07
1.3640817e-07
1.3633994e-07
1.3636321e-07
1.3629123e-07
1.3631715e-07
1.3623989e-07
1.3626509e-07
1.3618723e-07
1.3621137e-07
1.3613029e-07
1.3615049e-07
1.3607411e-07
1.360864e-07
1.3601303e-07
1.3601857e-07
1.3595174e-07
1.3594496e-07
1.3588506e-07
1.3587059e-07
1.3581411e-07
1.3579038e-07
1.3574143e-07
1.3570617e-07
1.3566307e-07
1.3561938e-07
1.3558082e-07
1.355265e-07
1.3549601e-07
1.3542887e-07
1.3540509e-07
1.3532924e-07
1.3530796e-07
1.3522351e-07
1.3520767e-07
1.3511188e-07
1.3510164e-07
1.3499654e-07
1.3498815e-07
1.3487875e-07
1.3486692e-07
1.3475624e-07
1.3473942e-07
1.3462791e-07
1.3460606e-07
1.3449322e-07
1.3446679e-07
1.343515e-07
1.3432067e-07
1.3420332e-07
1.3416785e-07
1.3404805e-07
1.3400845e-07
1.3388519e-07
1.3384237e-07
1.3371463e-07
1.3366919e-07
1.3353655e-07
1.3348835e-07
1.3335133e-07
1.3329924e-07
1.3315938e-07
1.3310139e-07
1.3296098e-07
1.3765358e-07
1.3765048e-07
1.3765046e-07
1.3764898e-07
1.376485e-07
1.3764735e-07
1.3764696e-07
1.376457e-07
1.376461e-07
1.376438e-07
1.3764179e-07
1.3763783e-07
1.3763537e-07
1.376323e-07
1.376308e-07
1.3762741e-07
1.3762517e-07
1.3762019e-07
1.3761787e-07
1.3761192e-07
1.3761009e-07
1.3760124e-07
1.3759687e-07
1.3758629e-07
1.3758391e-07
1.3757283e-07
1.3756578e-07
1.375562e-07
1.3754573e-07
1.3753758e-07
1.375193e-07
1.375118e-07
1.3749795e-07
1.3747907e-07
1.3746954e-07
1.3744681e-07
1.3743178e-07
1.3740764e-07
1.3739061e-07
1.3735915e-07
1.3734267e-07
1.3730425e-07
1.3728658e-07
1.3724143e-07
1.3722095e-07
1.371638e-07
1.3715435e-07
1.3707983e-07
1.3706323e-07
1.3704149e-07
1.3702223e-07
1.3700623e-07
1.3698086e-07
1.3697077e-07
1.3693596e-07
1.3693004e-07
1.3688996e-07
1.3688878e-07
1.3684084e-07
1.368415e-07
1.3678945e-07
1.3679312e-07
1.3673431e-07
1.3673832e-07
1.3667752e-07
1.3668252e-07
1.3661098e-07
1.366247e-07
1.3655064e-07
1.3655845e-07
1.3648552e-07
1.364876e-07
1.3642086e-07
1.3641007e-07
1.3635065e-07
1.3633171e-07
1.3627618e-07
1.3624665e-07
1.3620035e-07
1.3615702e-07
1.3611846e-07
1.3606447e-07
1.3603257e-07
1.3596486e-07
1.3594434e-07
1.358596e-07
1.3584978e-07
1.3575169e-07
1.35749e-07
1.3563617e-07
1.3564588e-07
1.3551307e-07
1.3553748e-07
1.3538474e-07
1.3542167e-07
1.3525257e-07
1.3529787e-07
1.3511426e-07
1.3516738e-07
1.3496918e-07
1.3503006e-07
1.3481755e-07
1.3488513e-07
1.3465945e-07
1.3473091e-07
1.3449611e-07
1.345674e-07
1.3432694e-07
1.3439498e-07
1.3415095e-07
1.3421426e-07
1.3396706e-07
1.3402587e-07
1.3377426e-07
1.3383037e-07
1.3357166e-07
1.3362821e-07
1.3335859e-07
1.3341971e-07
1.3313451e-07
1.3823477e-07
1.3823639e-07
1.3823673e-07
1.3823767e-07
1.3823779e-07
1.38238e-07
1.3823799e-07
1.3823765e-07
1.3823833e-07
1.3823618e-07
1.3823368e-07
1.3822997e-07
1.3822731e-07
1.3822459e-07
1.3822327e-07
1.3822026e-07
1.38218e-07
1.3821284e-07
1.3821023e-07
1.3820346e-07
1.3820143e-07
1.381918e-07
1.3818738e-07
1.3817683e-07
1.3817492e-07
1.3816368e-07
1.3815776e-07
1.3814578e-07
1.3813652e-07
1.3812781e-07
1.3810832e-07
1.3810416e-07
1.3808277e-07
1.380704e-07
1.3805144e-07
1.3803282e-07
1.3801307e-07
1.379883e-07
1.3796998e-07
1.3793678e-07
1.3791924e-07
1.3787808e-07
1.3785909e-07
1.3781072e-07
1.3778893e-07
1.3773536e-07
1.3770776e-07
1.3763028e-07
1.376278e-07
1.3759271e-07
1.375847e-07
1.3755356e-07
1.3754015e-07
1.3751542e-07
1.3749095e-07
1.3747118e-07
1.3744029e-07
1.3742626e-07
1.3738641e-07
1.3737466e-07
1.3733096e-07
1.3732242e-07
1.3727249e-07
1.3726348e-07
1.3721328e-07
1.3720394e-07
1.3714588e-07
1.3714159e-07
1.3708182e-07
1.3707234e-07
1.3701188e-07
1.3699717e-07
1.3694492e-07
1.3691413e-07
1.3687201e-07
1.3683051e-07
1.3679439e-07
1.3673969e-07
1.3671523e-07
1.3664438e-07
1.3662876e-07
1.3654668e-07
1.365371e-07
1.3644192e-07
1.3644208e-07
1.3633183e-07
1.3633908e-07
1.3621986e-07
1.3622834e-07
1.3609994e-07
1.3611462e-07
1.3597189e-07
1.3599481e-07
1.358382e-07
1.3586686e-07
1.3570012e-07
1.3573084e-07
1.355541e-07
1.3558955e-07
1.3539861e-07
1.3544285e-07
1.3523382e-07
1.3529064e-07
1.3505951e-07
1.3513065e-07
1.3487726e-07
1.3496224e-07
1.3468698e-07
1.3478502e-07
1.3448838e-07
1.3459867e-07
1.3428122e-07
1.3440297e-07
1.3406517e-07
1.3419779e-07
1.3383992e-07
1.3398301e-07
1.3360524e-07
1.3375847e-07
1.3336114e-07
1.3889191e-07
1.3888967e-07
1.3888966e-07
1.3888852e-07
1.388881e-07
1.3888716e-07
1.3888681e-07
1.3888567e-07
1.3888631e-07
1.3888355e-07
1.3888038e-07
1.3887607e-07
1.3887398e-07
1.3887185e-07
1.3887014e-07
1.3886806e-07
1.3886574e-07
1.3886006e-07
1.3885713e-07
1.3884973e-07
1.3884798e-07
1.3883862e-07
1.388345e-07
1.388243e-07
1.3882274e-07
1.3881125e-07
1.3880457e-07
1.3879039e-07
1.3878418e-07
1.3877171e-07
1.3875601e-07
1.3874666e-07
1.3872837e-07
1.3871468e-07
1.3869422e-07
1.3867984e-07
1.3865619e-07
1.3863462e-07
1.3861536e-07
1.3858247e-07
1.3856489e-07
1.3852317e-07
1.3850429e-07
1.3845505e-07
1.3843336e-07
1.3837612e-07
1.3835003e-07
1.3828672e-07
1.3826734e-07
1.3823309e-07
1.3823072e-07
1.3818608e-07
1.3819007e-07
1.3814425e-07
1.3813987e-07
1.3809801e-07
1.3808762e-07
1.3805324e-07
1.3803129e-07
1.3800246e-07
1.3797286e-07
1.3795213e-07
1.3791059e-07
1.378943e-07
1.3784745e-07
1.3783572e-07
1.3777905e-07
1.3776911e-07
1.3771169e-07
1.3769815e-07
1.3763038e-07
1.3762973e-07
1.3755988e-07
1.3754333e-07
1.37484e-07
1.3745503e-07
1.3740431e-07
1.3735711e-07
1.3732456e-07
1.3725287e-07
1.3723745e-07
1.371452e-07
1.3714516e-07
1.3702932e-07
1.3704953e-07
1.3690778e-07
1.3694461e-07
1.3678488e-07
1.3683048e-07
1.3665383e-07
1.3671291e-07
1.3651479e-07
1.3658758e-07
1.3637146e-07
1.3645095e-07
1.3622655e-07
1.363017e-07
1.3607675e-07
1.3614646e-07
1.3591463e-07
1.3598096e-07
1.3574817e-07
1.3580711e-07
1.3557322e-07
1.3562224e-07
1.3539107e-07
1.3542617e-07
1.3520091e-07
1.3521906e-07
1.3500186e-07
1.3500117e-07
1.3479322e-07
1.3477262e-07
1.3457435e-07
1.345334e-07
1.3434466e-07
1.3428345e-07
1.3410369e-07
1.340228e-07
1.3385109e-07
1.3965363e-07
1.3965483e-07
1.3965503e-07
1.3965566e-07
1.396557e-07
1.3965585e-07
1.3965581e-07
1.3965547e-07
1.3965641e-07
1.396535e-07
1.3964969e-07
1.396462e-07
1.3964476e-07
1.3964238e-07
1.3964111e-07
1.3964001e-07
1.3963706e-07
1.3963025e-07
1.3962703e-07
1.3961937e-07
1.3961813e-07
1.3960922e-07
1.3960514e-07
1.3959447e-07
1.3959306e-07
1.3958079e-07
1.3957278e-07
1.3956075e-07
1.3955378e-07
1.3954156e-07
1.395252e-07
1.3951572e-07
1.3949782e-07
1.3948336e-07
1.394618e-07
1.394498e-07
1.3942003e-07
1.3940235e-07
1.393794e-07
1.393458e-07
1.3932751e-07
1.3928378e-07
1.3926433e-07
1.3921269e-07
1.3919042e-07
1.3913104e-07
1.3910425e-07
1.3903361e-07
1.3901423e-07
1.3898502e-07
1.3896981e-07
1.3893533e-07
1.3892973e-07
1.3888622e-07
1.3888588e-07
1.3883334e-07
1.3883659e-07
1.3878279e-07
1.3878163e-07
1.3872651e-07
1.3872283e-07
1.3867266e-07
1.3865769e-07
1.3861237e-07
1.3858983e-07
1.3855391e-07
1.3851411e-07
1.3848764e-07
1.3843896e-07
1.3841837e-07
1.383564e-07
1.383451e-07
1.3827452e-07
1.3826182e-07
1.3818607e-07
1.3817738e-07
1.3809375e-07
1.3808164e-07
1.380027e-07
1.3797791e-07
1.37905e-07
1.3786939e-07
1.378037e-07
1.3775038e-07
1.3770087e-07
1.3762394e-07
1.3758902e-07
1.3749524e-07
1.3746845e-07
1.3735599e-07
1.3734676e-07
1.3720547e-07
1.3721922e-07
1.3704745e-07
1.3708148e-07
1.3688548e-07
1.36931e-07
1.3671732e-07
1.3677685e-07
1.3653113e-07
1.3661118e-07
1.363409e-07
1.3643844e-07
1.3613993e-07
1.3625364e-07
1.3592913e-07
1.3605626e-07
1.3570836e-07
1.3584632e-07
1.3547739e-07
1.3562395e-07
1.3523585e-07
1.3538911e-07
1.3498312e-07
1.3514157e-07
1.3471844e-07
1.3488121e-07
1.3444102e-07
1.3460815e-07
1.3415007e-07
1.4053219e-07
1.4053071e-07
1.4053066e-07
1.4052984e-07
1.4052951e-07
1.405288e-07
1.405285e-07
1.4052754e-07
1.4052849e-07
1.4052443e-07
1.405205e-07
1.405173e-07
1.4051584e-07
1.4051387e-07
1.4051325e-07
1.4051269e-07
1.4050798e-07
1.4050095e-07
1.4049759e-07
1.4049051e-07
1.4049016e-07
1.4048192e-07
1.4047766e-07
1.4046612e-07
1.4046521e-07
1.4045202e-07
1.4044659e-07
1.4043293e-07
1.404268e-07
1.4041261e-07
1.4039832e-07
1.4038625e-07
1.4037096e-07
1.4035381e-07
1.4033453e-07
1.4032154e-07
1.402892e-07
1.4027841e-07
1.402495e-07
1.4021972e-07
1.4020117e-07
1.4015705e-07
1.401382e-07
1.4008621e-07
1.4006453e-07
1.4000443e-07
1.3997793e-07
1.399066e-07
1.3988828e-07
1.3985818e-07
1.398433e-07
1.3981206e-07
1.3979978e-07
1.3977334e-07
1.3974639e-07
1.3971809e-07
1.3969868e-07
1.3966371e-07
1.3964688e-07
1.3960123e-07
1.3959274e-07
1.3954088e-07
1.3953253e-07
1.3947299e-07
1.3946979e-07
1.3940817e-07
1.3939729e-07
1.3933579e-07
1.393248e-07
1.3926223e-07
1.3924191e-07
1.3918506e-07
1.3915945e-07
1.3909949e-07
1.3906697e-07
1.3901632e-07
1.389676e-07
1.3892289e-07
1.3886815e-07
1.3882272e-07
1.3875998e-07
1.3871873e-07
1.386475e-07
1.3860287e-07
1.3853375e-07
1.3847844e-07
1.384098e-07
1.3835204e-07
1.382757e-07
1.3821387e-07
1.3814033e-07
1.3806301e-07
1.3799852e-07
1.3790303e-07
1.3784673e-07
1.3773614e-07
1.3768432e-07
1.3755778e-07
1.3752083e-07
1.3736156e-07
1.3734062e-07
1.3716798e-07
1.3714662e-07
1.3695884e-07
1.3693995e-07
1.3673729e-07
1.3672103e-07
1.3650251e-07
1.3649063e-07
1.3625339e-07
1.3624926e-07
1.3598878e-07
1.3599695e-07
1.3570749e-07
1.3573341e-07
1.354086e-07
1.3545815e-07
1.3509156e-07
1.351707e-07
1.3475641e-07
1.415671e-07
1.415679e-07
1.4156799e-07
1.4156838e-07
1.4156835e-07
1.4156844e-07
1.4156836e-07
1.4156805e-07
1.4156925e-07
1.4156465e-07
1.4156089e-07
1.4155851e-07
1.4155778e-07
1.415561e-07
1.4155615e-07
1.415552e-07
1.4154894e-07
1.4154253e-07
1.4153853e-07
1.4153354e-07
1.4153384e-07
1.4152555e-07
1.4152036e-07
1.4150793e-07
1.4150815e-07
1.4149658e-07
1.4149001e-07
1.4147578e-07
1.4146898e-07
1.4145732e-07
1.4144247e-07
1.4142978e-07
1.4141712e-07
1.4139862e-07
1.4138051e-07
1.4136777e-07
1.4133511e-07
1.4132722e-07
1.4129218e-07
1.4126979e-07
1.4124569e-07
1.4120387e-07
1.4118511e-07
1.4113203e-07
1.4111099e-07
1.4104993e-07
1.41024e-07
1.4095131e-07
1.4093399e-07
1.4090339e-07
1.4088833e-07
1.408561e-07
1.4084463e-07
1.408187e-07
1.4078584e-07
1.4076688e-07
1.4073281e-07
1.4071771e-07
1.4067616e-07
1.4065829e-07
1.4061849e-07
1.4060046e-07
1.4055596e-07
1.4053217e-07
1.4049292e-07
1.4046616e-07
1.4042066e-07
1.4038993e-07
1.4035077e-07
1.4031152e-07
1.4026993e-07
1.4022877e-07
1.4019127e-07
1.4013642e-07
1.4010083e-07
1.4004854e-07
1.4000157e-07
1.3995059e-07
1.3990118e-07
1.3984741e-07
1.3978864e-07
1.3974256e-07
1.3966982e-07
1.3962545e-07
1.3954944e-07
1.3949941e-07
1.3941752e-07
1.3937215e-07
1.3927455e-07
1.3923142e-07
1.3913098e-07
1.3907707e-07
1.3897931e-07
1.3891459e-07
1.388147e-07
1.3874674e-07
1.3863698e-07
1.3856654e-07
1.3845878e-07
1.3836252e-07
1.3827458e-07
1.3815337e-07
1.3806064e-07
1.3793881e-07
1.3782961e-07
1.3771476e-07
1.3758095e-07
1.3748001e-07
1.3731445e-07
1.3723244e-07
1.3702996e-07
1.3697022e-07
1.367274e-07
1.3669185e-07
1.3640658e-07
1.3639615e-07
1.3606712e-07
1.3608231e-07
1.3570857e-07
1.3574999e-07
1.4279242e-07
1.4279155e-07
1.4279146e-07
1.4279094e-07
1.4279071e-07
1.4279023e-07
1.4278996e-07
1.4278928e-07
1.4279034e-07
1.427847e-07
1.4278158e-07
1.4278e-07
1.4277913e-07
1.4277791e-07
1.4277828e-07
1.4277654e-07
1.4276944e-07
1.4276356e-07
1.4276055e-07
1.4275706e-07
1.4275786e-07
1.4274908e-07
1.4274165e-07
1.4273208e-07
1.427336e-07
1.4272253e-07
1.427151e-07
1.4269935e-07
1.4269666e-07
1.426866e-07
1.4266902e-07
1.4265782e-07
1.4264918e-07
1.4262652e-07
1.4261229e-07
1.4260009e-07
1.4256752e-07
1.4256147e-07
1.4252538e-07
1.4250949e-07
1.4248057e-07
1.4244601e-07
1.424247e-07
1.4237543e-07
1.4235607e-07
1.4229656e-07
1.4227305e-07
1.4220196e-07
1.4218728e-07
1.4215744e-07
1.4214289e-07
1.4211149e-07
1.4210163e-07
1.4206847e-07
1.4205292e-07
1.420136e-07
1.4200712e-07
1.4196765e-07
1.4195106e-07
1.4191111e-07
1.4189302e-07
1.4185854e-07
1.4182879e-07
1.4179435e-07
1.4176441e-07
1.417341e-07
1.4168983e-07
1.4166158e-07
1.4161988e-07
1.4158656e-07
1.4153855e-07
1.4150607e-07
1.4146253e-07
1.4141324e-07
1.4137441e-07
1.4132582e-07
1.4127787e-07
1.4122598e-07
1.4118212e-07
1.4112058e-07
1.4107255e-07
1.4101499e-07
1.4095599e-07
1.408964e-07
1.4083806e-07
1.4076946e-07
1.4070576e-07
1.4064421e-07
1.405596e-07
1.4050459e-07
1.4041341e-07
1.4034989e-07
1.4025807e-07
1.4018692e-07
1.4008731e-07
1.4001969e-07
1.3990054e-07
1.3983923e-07
1.3970276e-07
1.3964255e-07
1.3952979e-07
1.3939649e-07
1.3931433e-07
1.3916772e-07
1.3907496e-07
1.3892877e-07
1.3881316e-07
1.3867846e-07
1.3852837e-07
1.3841439e-07
1.3822047e-07
1.3813358e-07
1.3788959e-07
1.378327e-07
1.3753618e-07
1.3750846e-07
1.3716091e-07
1.3715795e-07
1.3676456e-07
1.367788e-07
1.4427505e-07
1.442755e-07
1.4427552e-07
1.4427573e-07
1.4427567e-07
1.4427571e-07
1.4427558e-07
1.4427543e-07
1.4427607e-07
1.4427094e-07
1.4426879e-07
1.4426772e-07
1.4426732e-07
1.4426654e-07
1.4426718e-07
1.4426452e-07
1.4425726e-07
1.4425311e-07
1.4425078e-07
1.4424878e-07
1.4424986e-07
1.4423932e-07
1.4423258e-07
1.4422629e-07
1.4422883e-07
1.4421802e-07
1.4420692e-07
1.44196e-07
1.4419747e-07
1.4418489e-07
1.4416573e-07
1.441619e-07
1.441528e-07
1.4412805e-07
1.4412127e-07
1.4410889e-07
1.440772e-07
1.4407474e-07
1.4404003e-07
1.440284e-07
1.4399866e-07
1.4397144e-07
1.4394703e-07
1.4390808e-07
1.438862e-07
1.43834e-07
1.4381377e-07
1.4374591e-07
1.4373555e-07
1.4370752e-07
1.4369398e-07
1.4366439e-07
1.4365705e-07
1.4362741e-07
1.4361152e-07
1.4357826e-07
1.4356743e-07
1.4353453e-07
1.4351721e-07
1.4347861e-07
1.4346503e-07
1.4342998e-07
1.4340565e-07
1.4336873e-07
1.4334655e-07
1.4331507e-07
1.4327515e-07
1.4324763e-07
1.4321069e-07
1.4317919e-07
1.4313279e-07
1.4310547e-07
1.4306332e-07
1.4301768e-07
1.4297979e-07
1.4293854e-07
1.4288786e-07
1.4284425e-07
1.4279977e-07
1.4274394e-07
1.4269637e-07
1.4264468e-07
1.4258663e-07
1.4253002e-07
1.4247746e-07
1.4240675e-07
1.4235134e-07
1.422883e-07
1.4220937e-07
1.4215312e-07
1.4206997e-07
1.4200099e-07
1.4192043e-07
1.4184162e-07
1.4175235e-07
1.4168043e-07
1.4156538e-07
1.4150489e-07
1.4136869e-07
1.4130996e-07
1.4115878e-07
1.4109636e-07
1.409749e-07
1.4082621e-07
1.4074483e-07
1.405701e-07
1.4048906e-07
1.4030079e-07
1.4020467e-07
1.4001662e-07
1.3988874e-07
1.3971553e-07
1.3953873e-07
1.3939489e-07
1.3915269e-07
1.3905124e-07
1.3872948e-07
1.3868023e-07
1.3826892e-07
1.3827672e-07
1.4609861e-07
1.4609815e-07
1.4609812e-07
1.4609782e-07
1.4609771e-07
1.4609744e-07
1.4609728e-07
1.4609694e-07
1.4609709e-07
1.4609273e-07
1.4609139e-07
1.4609096e-07
1.4609063e-07
1.4609005e-07
1.4609061e-07
1.4608728e-07
1.4608155e-07
1.4607906e-07
1.4607787e-07
1.4607703e-07
1.4607723e-07
1.4606744e-07
1.4606255e-07
1.4605946e-07
1.4606248e-07
1.4605003e-07
1.4604187e-07
1.4603661e-07
1.4603924e-07
1.460233e-07
1.460112e-07
1.4601244e-07
1.4599948e-07
1.4598059e-07
1.4598145e-07
1.4596412e-07
1.459421e-07
1.4594336e-07
1.4591111e-07
1.4590527e-07
1.4587945e-07
1.4585962e-07
1.4583938e-07
1.4581126e-07
1.4578995e-07
1.4575324e-07
1.4573456e-07
1.4567925e-07
1.4567634e-07
1.4565217e-07
1.4564057e-07
1.4561531e-07
1.4561244e-07
1.4558768e-07
1.4557389e-07
1.4554553e-07
1.4553822e-07
1.455129e-07
1.4549726e-07
1.4546364e-07
1.4545805e-07
1.4542666e-07
1.4540985e-07
1.45374e-07
1.4536441e-07
1.4533457e-07
1.4530241e-07
1.4527886e-07
1.4525233e-07
1.452243e-07
1.4518544e-07
1.451651e-07
1.4513324e-07
1.4508813e-07
1.4506393e-07
1.4502707e-07
1.4498483e-07
1.4494795e-07
1.4491471e-07
1.4486328e-07
1.4482627e-07
1.4478375e-07
1.4473291e-07
1.44685e-07
1.4464577e-07
1.4457702e-07
1.4453876e-07
1.4448106e-07
1.4441293e-07
1.4436543e-07
1.4429698e-07
1.4422923e-07
1.4417247e-07
1.4408812e-07
1.4402568e-07
1.4395208e-07
1.4385539e-07
1.4380244e-07
1.4367721e-07
1.4362974e-07
1.434868e-07
1.4344239e-07
1.4329561e-07
1.4321613e-07
1.4309225e-07
1.4296959e-07
1.4286557e-07
1.4270229e-07
1.4261324e-07
1.4241007e-07
1.4233245e-07
1.4208819e-07
1.4201991e-07
1.4173124e-07
1.4167178e-07
1.4133296e-07
1.4128372e-07
1.4088614e-07
1.4085092e-07
1.4038241e-07
1.4840609e-07
1.4840628e-07
1.4840629e-07
1.4840638e-07
1.4840637e-07
1.4840641e-07
1.4840636e-07
1.4840639e-07
1.4840619e-07
1.484041e-07
1.4840386e-07
1.4840374e-07
1.484036e-07
1.4840345e-07
1.4840363e-07
1.4840138e-07
1.4839861e-07
1.4839803e-07
1.4839764e-07
1.4839762e-07
1.4839668e-07
1.48391e-07
1.4838945e-07
1.4838887e-07
1.4838982e-07
1.4838233e-07
1.4837896e-07
1.4837766e-07
1.4837832e-07
1.4836793e-07
1.4836438e-07
1.4836538e-07
1.4835554e-07
1.4834877e-07
1.4834975e-07
1.4833713e-07
1.4832951e-07
1.4832946e-07
1.4831139e-07
1.4831052e-07
1.4829486e-07
1.4828653e-07
1.4827519e-07
1.482608e-07
1.4824885e-07
1.4823207e-07
1.4821733e-07
1.4819358e-07
1.4819501e-07
1.4817728e-07
1.4816799e-07
1.4815656e-07
1.4815756e-07
1.4814364e-07
1.4813173e-07
1.4811819e-07
1.4811692e-07
1.4810463e-07
1.4809168e-07
1.4807474e-07
1.480744e-07
1.4805844e-07
1.4804452e-07
1.4802595e-07
1.4802732e-07
1.4800588e-07
1.4798514e-07
1.4797623e-07
1.4796261e-07
1.479461e-07
1.4791893e-07
1.4792009e-07
1.4789375e-07
1.478669e-07
1.4785878e-07
1.4783801e-07
1.4780763e-07
1.4779423e-07
1.4777411e-07
1.4774096e-07
1.4772345e-07
1.4770198e-07
1.4766433e-07
1.4764542e-07
1.4762137e-07
1.4757364e-07
1.4756386e-07
1.4752345e-07
1.4747842e-07
1.4746193e-07
1.4741113e-07
1.4737451e-07
1.4734636e-07
1.4727967e-07
1.4726478e-07
1.4719826e-07
1.4715365e-07
1.4711422e-07
1.4703337e-07
1.4701457e-07
1.4690899e-07
1.4690051e-07
1.4678278e-07
1.4676028e-07
1.4664566e-07
1.4660105e-07
1.4648829e-07
1.4642923e-07
1.463059e-07
1.4624079e-07
1.460937e-07
1.4603054e-07
1.4584678e-07
1.4579106e-07
1.4556022e-07
1.4551112e-07
1.4522944e-07
1.4517322e-07
1.4485075e-07
1.4474953e-07
9.9112869e-14
9.6749055e-14
9.4469759e-14
9.2060235e-14
8.9636188e-14
8.7150159e-14
8.4662322e-14
8.2141718e-14
7.9698576e-14
7.7185965e-14
7.4713191e-14
7.2260232e-14
6.9835758e-14
6.7520363e-14
6.5176427e-14
6.2855312e-14
6.0655024e-14
5.8506573e-14
5.6358879e-14
5.427413e-14
5.2302611e-14
5.041856e-14
4.8524517e-14
4.6657605e-14
4.4871872e-14
4.3175089e-14
4.1548191e-14
3.9987826e-14
3.8484508e-14
3.7013955e-14
3.5607052e-14
3.4263185e-14
3.2979928e-14
3.1753342e-14
3.0582995e-14
2.9463803e-14
2.8393664e-14
2.7369776e-14
2.6393438e-14
2.5461029e-14
2.4572247e-14
2.372314e-14
2.2914938e-14
2.2143478e-14
2.1411823e-14
2.0708227e-14
2.0038882e-14
1.9397436e-14
1.878611e-14
1.8204014e-14
1.7650453e-14
1.7119135e-14
1.6629889e-14
1.6151491e-14
1.570093e-14
1.5268964e-14
1.485495e-14
1.4460058e-14
1.4073216e-14
1.3723749e-14
1.3385027e-14
1.3056552e-14
1.2739947e-14
1.2438119e-14
1.2165551e-14
1.1897448e-14
1.1633085e-14
1.1378064e-14
1.115553e-14
1.0935282e-14
1.071047e-14
1.0504176e-14
1.0320616e-14
1.0133138e-14
9.9372466e-15
9.7811954e-15
9.6247014e-15
9.4502708e-15
9.308784e-15
9.1645663e-15
8.8962982e-15
8.5899008e-15
8.309062e-15
8.0500992e-15
7.8030929e-15
7.587518e-15
7.3928376e-15
7.2052628e-15
7.0429425e-15
6.882864e-15
6.744992e-15
6.6083011e-15
6.4878476e-15
6.3675884e-15
6.2605991e-15
6.1565888e-15
6.0565301e-15
5.965177e-15
5.8704306e-15
5.7872475e-15
5.7076121e-15
5.6234958e-15
5.5501447e-15
5.4811401e-15
5.4108039e-15
5.3426655e-15
5.2840239e-15
5.2276157e-15
5.1716707e-15
5.1181533e-15
5.0706197e-15
5.0290094e-15
4.9898444e-15
4.9532218e-15
4.9201351e-15
4.8908311e-15
4.865363e-15
4.8449491e-15
4.8297129e-15
4.817774e-15
4.809212e-15
4.804387e-15
4.8034251e-15
4.8062191e-15
4.8127409e-15
4.8228518e-15
4.8365534e-15
4.8536237e-15
4.8741871e-15
4.8978942e-15
4.9249583e-15
4.9549239e-15
4.9881193e-15
5.023858e-15
5.0628569e-15
5.1042449e-15
5.149044e-15
5.1959617e-15
5.2466872e-15
5.2994423e-15
5.3561962e-15
5.4144916e-15
5.4782556e-15
5.5438385e-15
5.6168131e-15
5.6926952e-15
5.7790957e-15
5.8689894e-15
5.9747943e-15
6.0868768e-15
6.2243847e-15
6.3719992e-15
6.5678288e-15
6.7927908e-15
7.1128159e-15
7.5205073e-15
8.160663e-15
9.1901996e-15
1.1692057e-14
2.2484766e-16
2.0819042e-11
2.0323288e-11
1.984509e-11
1.9339675e-11
1.8831114e-11
1.8309532e-11
1.7787537e-11
1.7258622e-11
1.6745912e-11
1.6218602e-11
1.5699649e-11
1.5184737e-11
1.4675858e-11
1.4189764e-11
1.3697681e-11
1.3210398e-11
1.2748379e-11
1.2297231e-11
1.1846257e-11
1.1408452e-11
1.0994378e-11
1.0598653e-11
1.0200835e-11
9.8086938e-12
9.4335552e-12
9.0770907e-12
8.7352922e-12
8.4074566e-12
8.0915899e-12
7.7825991e-12
7.4869683e-12
7.2045636e-12
6.9348869e-12
6.677109e-12
6.4311398e-12
6.1959135e-12
5.9709888e-12
5.7557775e-12
5.5505534e-12
5.3545566e-12
5.1677245e-12
4.9892274e-12
4.819324e-12
4.6571398e-12
4.5033193e-12
4.3553951e-12
4.2146687e-12
4.0798032e-12
3.9512675e-12
3.828875e-12
3.7124796e-12
3.6007589e-12
3.497883e-12
3.3972857e-12
3.3025403e-12
3.2117034e-12
3.1246404e-12
3.0415971e-12
2.9602459e-12
2.8867522e-12
2.8155167e-12
2.7464364e-12
2.6798516e-12
2.6163737e-12
2.559047e-12
2.5026588e-12
2.4470583e-12
2.3934223e-12
2.3466161e-12
2.3002897e-12
2.2530059e-12
2.2096157e-12
2.171004e-12
2.1315687e-12
2.0903673e-12
2.0575414e-12
2.0246197e-12
1.9879314e-12
1.9581689e-12
1.92783e-12
1.8713973e-12
1.8069407e-12
1.7478572e-12
1.6933738e-12
1.6414058e-12
1.5960466e-12
1.5550809e-12
1.5156104e-12
1.4814493e-12
1.4477598e-12
1.4187394e-12
1.3899666e-12
1.3646081e-12
1.3392891e-12
1.3167604e-12
1.2948562e-12
1.2737831e-12
1.2545383e-12
1.2345796e-12
1.2170509e-12
1.2002658e-12
1.1825385e-12
1.1670724e-12
1.1525178e-12
1.1376823e-12
1.1233071e-12
1.1109259e-12
1.0990117e-12
1.0871932e-12
1.0758825e-12
1.0658267e-12
1.0570128e-12
1.0487099e-12
1.0409382e-12
1.0339059e-12
1.0276645e-12
1.0222249e-12
1.0178428e-12
1.0145433e-12
1.0119312e-12
1.0100226e-12
1.0088924e-12
1.0085665e-12
1.0090215e-12
1.0102507e-12
1.0122241e-12
1.014941e-12
1.0183536e-12
1.0224867e-12
1.0272655e-12
1.0327331e-12
1.038792e-12
1.0455091e-12
1.0527378e-12
1.0606255e-12
1.0689866e-12
1.078031e-12
1.0874836e-12
1.0976926e-12
1.1082792e-12
1.1196477e-12
1.1312747e-12
1.143969e-12
1.1569534e-12
1.1713724e-12
1.1862662e-12
1.203189e-12
1.2206348e-12
1.2411278e-12
1.262583e-12
1.2888523e-12
1.3165812e-12
1.3533591e-12
1.3947648e-12
1.4534653e-12
1.5261939e-12
1.638384e-12
1.8103319e-12
2.208526e-12
4.3012972e-12
5.6159831e-10
5.484215e-10
5.3567453e-10
5.2222355e-10
5.0866588e-10
4.9475665e-10
4.8082741e-10
4.6670308e-10
4.5299927e-10
4.3889994e-10
4.2502129e-10
4.1122449e-10
3.9759934e-10
3.8455933e-10
3.7135837e-10
3.5828654e-10
3.458691e-10
3.3374003e-10
3.2161764e-10
3.0983741e-10
2.9868431e-10
2.8802004e-10
2.7729982e-10
2.6672623e-10
2.5659978e-10
2.4697396e-10
2.3773995e-10
2.2887912e-10
2.2033751e-10
2.1197931e-10
2.0397872e-10
1.9633122e-10
1.8902598e-10
1.8204022e-10
1.7537176e-10
1.6899226e-10
1.6289001e-10
1.5704921e-10
1.5147752e-10
1.4615459e-10
1.4107903e-10
1.3622844e-10
1.3161003e-10
1.2720017e-10
1.2301654e-10
1.1899244e-10
1.1516328e-10
1.1149241e-10
1.0799303e-10
1.0466018e-10
1.0148998e-10
9.8446428e-11
9.5643577e-11
9.2901839e-11
9.0319353e-11
8.784293e-11
8.5469027e-11
8.3204379e-11
8.0985642e-11
7.8980772e-11
7.7037011e-11
7.51521e-11
7.3335067e-11
7.1602658e-11
7.0037619e-11
6.8497996e-11
6.6980081e-11
6.5515733e-11
6.4237273e-11
6.2971673e-11
6.1680472e-11
6.0495318e-11
5.9440131e-11
5.8362497e-11
5.7237282e-11
5.6340052e-11
5.5439735e-11
5.4437672e-11
5.3624139e-11
5.2794355e-11
5.12518e-11
4.9489632e-11
4.7873687e-11
4.6383343e-11
4.4961943e-11
4.3720857e-11
4.2599711e-11
4.1519699e-11
4.0584492e-11
3.9662319e-11
3.8867683e-11
3.807977e-11
3.738525e-11
3.6691703e-11
3.607451e-11
3.5474198e-11
3.4896812e-11
3.436914e-11
3.3822127e-11
3.3341419e-11
3.2880849e-11
3.2394775e-11
3.197031e-11
3.1570613e-11
3.1163358e-11
3.0768637e-11
3.0428246e-11
3.0100546e-11
2.9775503e-11
2.9464251e-11
2.91872e-11
2.8943954e-11
2.8714615e-11
2.8499729e-11
2.8304927e-11
2.8131617e-11
2.7980097e-11
2.7857328e-11
2.7763966e-11
2.7689226e-11
2.7633542e-11
2.7598915e-11
2.758603e-11
2.759423e-11
2.7623301e-11
2.7672394e-11
2.7741456e-11
2.7829146e-11
2.7936098e-11
2.8060223e-11
2.8202645e-11
2.8360642e-11
2.8535967e-11
2.8724548e-11
2.8930314e-11
2.9148093e-11
2.9383492e-11
2.9628866e-11
2.9893528e-11
3.0166964e-11
3.0459923e-11
3.0757883e-11
3.1082456e-11
3.1412075e-11
3.1777216e-11
3.2151104e-11
3.2574868e-11
3.3006448e-11
3.3512297e-11
3.4033639e-11
3.4670703e-11
3.5327966e-11
3.6200748e-11
3.7156951e-11
3.8509639e-11
4.0124897e-11
4.2568529e-11
4.6094858e-11
5.3903213e-11
9.5986749e-11
5.4172115e-09
5.2980053e-09
5.1813971e-09
5.0590283e-09
4.9349126e-09
4.8073833e-09
4.6793385e-09
4.5491117e-09
4.4223025e-09
4.2916102e-09
4.1628571e-09
4.0338918e-09
3.9068506e-09
3.7843581e-09
3.6602836e-09
3.5374329e-09
3.4198583e-09
3.304816e-09
3.1898954e-09
3.0777688e-09
2.9711525e-09
2.8689691e-09
2.7662431e-09
2.664668e-09
2.5669318e-09
2.4738641e-09
2.3844027e-09
2.2983827e-09
2.2152763e-09
2.1338378e-09
2.0557228e-09
1.9808478e-09
1.9092113e-09
1.8405817e-09
1.7749483e-09
1.7120544e-09
1.6517973e-09
1.5940279e-09
1.538832e-09
1.4860196e-09
1.4355911e-09
1.3873301e-09
1.3413163e-09
1.2973214e-09
1.2555282e-09
1.2152883e-09
1.1769565e-09
1.1401547e-09
1.1050342e-09
1.0715499e-09
1.0396689e-09
1.009029e-09
9.8079994e-10
9.5314074e-10
9.2707681e-10
9.0206007e-10
8.780612e-10
8.5514981e-10
8.3269047e-10
8.1237737e-10
7.9265954e-10
7.7353835e-10
7.5509576e-10
7.3750415e-10
7.2159016e-10
7.0592345e-10
6.9048478e-10
6.7558817e-10
6.6255851e-10
6.4964689e-10
6.3649624e-10
6.2441515e-10
6.1363504e-10
6.026259e-10
5.9115897e-10
5.8198612e-10
5.7275906e-10
5.6254055e-10
5.5422077e-10
5.4570996e-10
5.2992974e-10
5.1189332e-10
4.9532288e-10
4.8003066e-10
4.6545216e-10
4.5270545e-10
4.4117985e-10
4.3008701e-10
4.2046386e-10
4.1098031e-10
4.0280024e-10
3.9468746e-10
3.8753543e-10
3.8038929e-10
3.7403046e-10
3.6783727e-10
3.6188926e-10
3.5644089e-10
3.5080254e-10
3.4584087e-10
3.410788e-10
3.3606733e-10
3.3168116e-10
3.2754428e-10
3.2333678e-10
3.1925802e-10
3.157316e-10
3.1233417e-10
3.0896831e-10
3.0574293e-10
3.0286712e-10
3.0033552e-10
2.9794731e-10
2.9570823e-10
2.9367396e-10
2.9185921e-10
2.9026737e-10
2.8896948e-10
2.8797129e-10
2.8716314e-10
2.8654975e-10
2.8615038e-10
2.8597194e-10
2.860075e-10
2.8625439e-10
2.8670357e-10
2.8735411e-10
2.8819175e-10
2.8922254e-10
2.9042435e-10
2.9180816e-10
2.9334519e-10
2.9505271e-10
2.9688783e-10
2.9889e-10
3.0100474e-10
3.0328833e-10
3.0566046e-10
3.0821495e-10
3.1084132e-10
3.1364727e-10
3.1648041e-10
3.1955833e-10
3.2265474e-10
3.2607534e-10
3.2953777e-10
3.3345149e-10
3.3737324e-10
3.4196107e-10
3.4659042e-10
3.5224122e-10
3.5789162e-10
3.6542991e-10
3.7338909e-10
3.8467123e-10
3.9750289e-10
4.1656486e-10
4.4211852e-10
4.970165e-10
7.9622894e-10
2.6878211e-08
2.6374996e-08
2.5869889e-08
2.5346279e-08
2.480809e-08
2.4253081e-08
2.3692736e-08
2.3119086e-08
2.2555851e-08
2.1973047e-08
2.1398278e-08
2.0812228e-08
2.0238358e-08
1.9675606e-08
1.9104404e-08
1.8539487e-08
1.7989338e-08
1.7448332e-08
1.6908773e-08
1.6377559e-08
1.5867055e-08
1.5374752e-08
1.487975e-08
1.4387459e-08
1.3908277e-08
1.3449806e-08
1.3006861e-08
1.2578792e-08
1.2162876e-08
1.1753787e-08
1.1359395e-08
1.0978659e-08
1.061284e-08
1.0260708e-08
9.9223165e-09
9.5966147e-09
9.2832355e-09
8.9814901e-09
8.6919499e-09
8.4137637e-09
8.1471235e-09
7.8909673e-09
7.6458279e-09
7.4105753e-09
7.1862818e-09
6.9697027e-09
6.7627881e-09
6.563315e-09
6.3723607e-09
6.1897626e-09
6.0154267e-09
5.8473567e-09
5.6923431e-09
5.5397237e-09
5.39574e-09
5.2571654e-09
5.1239368e-09
4.9964729e-09
4.8713073e-09
4.7578352e-09
4.6472906e-09
4.5400524e-09
4.4364647e-09
4.3375275e-09
4.2476969e-09
4.1590496e-09
4.0717784e-09
3.9875379e-09
3.9135036e-09
3.8398935e-09
3.7652285e-09
3.6965109e-09
3.6348248e-09
3.5717821e-09
3.5065413e-09
3.4539621e-09
3.4006655e-09
3.3423788e-09
3.294633e-09
3.2453522e-09
3.154577e-09
3.0507333e-09
2.9548063e-09
2.8660952e-09
2.7816155e-09
2.7074761e-09
2.6402515e-09
2.575704e-09
2.519438e-09
2.4640619e-09
2.4161808e-09
2.3686561e-09
2.3267556e-09
2.284823e-09
2.2475305e-09
2.2110792e-09
2.176213e-09
2.1440928e-09
2.1109981e-09
2.0817944e-09
2.053634e-09
2.0242201e-09
1.9983535e-09
1.9738542e-09
1.9490567e-09
1.9250253e-09
1.9041345e-09
1.8839739e-09
1.8640735e-09
1.8449887e-09
1.8279272e-09
1.8128358e-09
1.7985977e-09
1.7852548e-09
1.7730995e-09
1.7622205e-09
1.7526444e-09
1.7447815e-09
1.7386504e-09
1.7336279e-09
1.7297498e-09
1.7271113e-09
1.7257519e-09
1.72563e-09
1.7267263e-09
1.728985e-09
1.7323984e-09
1.7368788e-09
1.7424586e-09
1.7490023e-09
1.7565708e-09
1.764988e-09
1.7743511e-09
1.7843987e-09
1.7953587e-09
1.8068989e-09
1.8193441e-09
1.832206e-09
1.8460283e-09
1.8601399e-09
1.8751607e-09
1.8901681e-09
1.9064211e-09
1.9225495e-09
1.9403148e-09
1.9579995e-09
1.9779407e-09
1.9974527e-09
2.0202703e-09
2.0425832e-09
2.0698774e-09
2.0959048e-09
2.1311173e-09
2.1662957e-09
2.2168463e-09
2.270432e-09
2.3491469e-09
2.4448257e-09
2.6512324e-09
4.003811e-09
8.0364557e-08
7.9204546e-08
7.7989934e-08
7.6757189e-08
7.5467393e-08
7.4131448e-08
7.2774256e-08
7.1373429e-08
6.9982105e-08
6.8535533e-08
6.7112578e-08
6.5619855e-08
6.4176566e-08
6.2724795e-08
6.1246534e-08
5.9794161e-08
5.8340914e-08
5.6899209e-08
5.5469784e-08
5.4045469e-08
5.2653218e-08
5.1296997e-08
4.9935476e-08
4.8571184e-08
4.7218181e-08
4.5913699e-08
4.4644019e-08
4.3407787e-08
4.2196055e-08
4.0997766e-08
3.9833986e-08
3.8697226e-08
3.7597405e-08
3.6530744e-08
3.5497601e-08
3.4495965e-08
3.3525472e-08
3.2584254e-08
3.1674588e-08
3.079439e-08
2.9945236e-08
2.9124081e-08
2.833316e-08
2.7569171e-08
2.6836065e-08
2.6124489e-08
2.5441232e-08
2.4777585e-08
2.4138525e-08
2.3524059e-08
2.2934401e-08
2.2362466e-08
2.183459e-08
2.1309198e-08
2.0812928e-08
2.0332758e-08
1.986912e-08
1.9423741e-08
1.8984832e-08
1.8585401e-08
1.8193327e-08
1.7812545e-08
1.7443734e-08
1.7090637e-08
1.6767895e-08
1.6447596e-08
1.613273e-08
1.5828748e-08
1.5559342e-08
1.5289329e-08
1.5017386e-08
1.476662e-08
1.4538912e-08
1.4305397e-08
1.4066718e-08
1.3872177e-08
1.3671494e-08
1.3456836e-08
1.3279685e-08
1.309319e-08
1.2753528e-08
1.2364975e-08
1.2001845e-08
1.1664379e-08
1.1343665e-08
1.1060184e-08
1.0801529e-08
1.0554306e-08
1.0336793e-08
1.0123149e-08
9.9375936e-09
9.7530472e-09
9.5903393e-09
9.4269748e-09
9.2818683e-09
9.1390113e-09
9.0034523e-09
8.8772288e-09
8.7482099e-09
8.6338805e-09
8.5225344e-09
8.4079002e-09
8.3063358e-09
8.2092609e-09
8.1118842e-09
8.0177068e-09
7.9350389e-09
7.8549324e-09
7.7764373e-09
7.7011497e-09
7.6335787e-09
7.5733128e-09
7.5164513e-09
7.4632896e-09
7.4147134e-09
7.3710581e-09
7.3324876e-09
7.3005683e-09
7.275245e-09
7.2542246e-09
7.2377449e-09
7.2260519e-09
7.2192819e-09
7.2172709e-09
7.2199269e-09
7.2270094e-09
7.2384817e-09
7.2539784e-09
7.2736146e-09
7.2968228e-09
7.3238328e-09
7.3539071e-09
7.3874152e-09
7.423273e-09
7.4623764e-09
7.5033451e-09
7.5474503e-09
7.59267e-09
7.641146e-09
7.6900988e-09
7.7419549e-09
7.7929171e-09
7.8479289e-09
7.9013538e-09
7.9600758e-09
8.0170053e-09
8.0811669e-09
8.1415658e-09
8.2125394e-09
8.2784207e-09
8.3599713e-09
8.4315806e-09
8.5323783e-09
8.6238876e-09
8.7616767e-09
8.8913769e-09
9.0843578e-09
9.2846705e-09
9.7590555e-09
1.4059268e-08
1.6912831e-07
1.6729284e-07
1.6526151e-07
1.6325754e-07
1.6112639e-07
1.5891211e-07
1.5665524e-07
1.5431179e-07
1.5195793e-07
1.4950286e-07
1.4711547e-07
1.44522e-07
1.4206854e-07
1.3953112e-07
1.3693891e-07
1.344375e-07
1.3185628e-07
1.2926595e-07
1.2673415e-07
1.241899e-07
1.2165418e-07
1.1915514e-07
1.1666289e-07
1.1415315e-07
1.1161092e-07
1.0914075e-07
1.0672201e-07
1.0435288e-07
1.0201144e-07
9.9687602e-08
9.7418585e-08
9.5173703e-08
9.2987108e-08
9.0851656e-08
8.8767229e-08
8.673192e-08
8.4746513e-08
8.2807035e-08
8.0918708e-08
7.9077852e-08
7.7289969e-08
7.5548922e-08
7.3860414e-08
7.2217564e-08
7.0629672e-08
6.9079528e-08
6.7583585e-08
6.6117032e-08
6.4694286e-08
6.3317205e-08
6.198779e-08
6.0687411e-08
5.949288e-08
5.8278693e-08
5.7134557e-08
5.6019741e-08
5.4937269e-08
5.3892291e-08
5.2857401e-08
5.1912639e-08
5.0974349e-08
5.0061383e-08
4.9174581e-08
4.832351e-08
4.7539127e-08
4.6752927e-08
4.598146e-08
4.5237893e-08
4.4572286e-08
4.3895396e-08
4.3219897e-08
4.2597662e-08
4.2023426e-08
4.1429264e-08
4.0833057e-08
4.0342469e-08
3.9820348e-08
3.9277632e-08
3.8829057e-08
3.8340588e-08
3.7463398e-08
3.6464231e-08
3.5512953e-08
3.4621231e-08
3.3776793e-08
3.3022889e-08
3.232763e-08
3.1667846e-08
3.1079565e-08
3.0502978e-08
2.9999211e-08
2.9496295e-08
2.9053095e-08
2.860586e-08
2.8209554e-08
2.7814983e-08
2.7445131e-08
2.7095463e-08
2.6741972e-08
2.64275e-08
2.6116022e-08
2.5802202e-08
2.5522015e-08
2.5249895e-08
2.4980337e-08
2.4721202e-08
2.4490636e-08
2.4265285e-08
2.4046902e-08
2.3837916e-08
2.3649487e-08
2.3479316e-08
2.3318545e-08
2.3168959e-08
2.3031949e-08
2.2908214e-08
2.2798461e-08
2.2706906e-08
2.2632757e-08
2.2570205e-08
2.252051e-08
2.2483886e-08
2.2460544e-08
2.2450008e-08
2.2452034e-08
2.2465787e-08
2.2491191e-08
2.2527155e-08
2.2573971e-08
2.262993e-08
2.2695659e-08
2.2768921e-08
2.2850733e-08
2.2937862e-08
2.3032906e-08
2.3131711e-08
2.3237888e-08
2.3345388e-08
2.3460351e-08
2.357446e-08
2.3694635e-08
2.3809618e-08
2.3933448e-08
2.4049442e-08
2.4177093e-08
2.4295387e-08
2.4429506e-08
2.4547246e-08
2.4688387e-08
2.4806992e-08
2.4959957e-08
2.5072701e-08
2.5251551e-08
2.5383228e-08
2.5614899e-08
2.578238e-08
2.6059219e-08
2.6252257e-08
2.6939091e-08
3.6746518e-08
2.8444198e-07
2.8222858e-07
2.7949726e-07
2.769335e-07
2.7416316e-07
2.7127104e-07
2.683282e-07
2.6525921e-07
2.621274e-07
2.5885176e-07
2.5578845e-07
2.5223738e-07
2.4903995e-07
2.455953e-07
2.4204535e-07
2.3880681e-07
2.3529406e-07
2.3167628e-07
2.2828783e-07
2.2488845e-07
2.2138673e-07
2.1786567e-07
2.1442905e-07
2.1074172e-07
2.0693165e-07
2.032023e-07
1.9953907e-07
1.959418e-07
1.923662e-07
1.8881627e-07
1.8534835e-07
1.8187993e-07
1.7848529e-07
1.7515685e-07
1.7189136e-07
1.6868814e-07
1.6555083e-07
1.6247188e-07
1.5945941e-07
1.5650712e-07
1.5362726e-07
1.5080946e-07
1.4806403e-07
1.4537854e-07
1.4276882e-07
1.4021071e-07
1.3773639e-07
1.3528946e-07
1.3289894e-07
1.3057256e-07
1.283165e-07
1.2609112e-07
1.2406973e-07
1.2196847e-07
1.1998619e-07
1.1804995e-07
1.1616049e-07
1.1432988e-07
1.1250752e-07
1.1084633e-07
1.0917255e-07
1.0754031e-07
1.0595293e-07
1.0442884e-07
1.0301549e-07
1.0157909e-07
1.0017185e-07
9.8822853e-08
9.7607546e-08
9.6345339e-08
9.5095893e-08
9.3954477e-08
9.2883983e-08
9.1757814e-08
9.0650903e-08
8.9742544e-08
8.8732251e-08
8.7707865e-08
8.6873887e-08
8.5923302e-08
8.4236174e-08
8.2339669e-08
8.0492548e-08
7.8740383e-08
7.709072e-08
7.5603608e-08
7.4212562e-08
7.2905061e-08
7.1722802e-08
7.0565897e-08
6.9549796e-08
6.853014e-08
6.763312e-08
6.672276e-08
6.5919357e-08
6.5108493e-08
6.4359951e-08
6.3640674e-08
6.2922042e-08
6.2282652e-08
6.1634632e-08
6.0998142e-08
6.0428439e-08
5.9862445e-08
5.9309057e-08
5.8783773e-08
5.8309801e-08
5.7839764e-08
5.7390116e-08
5.6962858e-08
5.6576392e-08
5.6221873e-08
5.5885422e-08
5.55746e-08
5.5289935e-08
5.503158e-08
5.4801534e-08
5.4608345e-08
5.4448416e-08
5.4310737e-08
5.4200034e-08
5.4115881e-08
5.4057974e-08
5.4025209e-08
5.4017147e-08
5.4031732e-08
5.4068698e-08
5.412574e-08
5.4203427e-08
5.4297922e-08
5.4410549e-08
5.453616e-08
5.4677053e-08
5.4826109e-08
5.4988821e-08
5.5155961e-08
5.5335374e-08
5.5513481e-08
5.5703728e-08
5.5887395e-08
5.6079531e-08
5.6255166e-08
5.6444727e-08
5.6610972e-08
5.6795919e-08
5.6953039e-08
5.7135633e-08
5.7273332e-08
5.7449875e-08
5.7565066e-08
5.7737872e-08
5.7806512e-08
5.799243e-08
5.8047689e-08
5.8277351e-08
5.8311518e-08
5.8507061e-08
5.8358329e-08
5.8980526e-08
7.470038e-08
4.3087299e-07
4.2813616e-07
4.2452822e-07
4.2117623e-07
4.1755411e-07
4.137452e-07
4.098692e-07
4.0581999e-07
4.0164522e-07
3.972401e-07
3.9322784e-07
3.8841156e-07
3.8415175e-07
3.7950425e-07
3.7462451e-07
3.7031275e-07
3.6556741e-07
3.6054539e-07
3.5591218e-07
3.513162e-07
3.465099e-07
3.4158622e-07
3.3681279e-07
3.3218373e-07
3.2725689e-07
3.2235981e-07
3.1754779e-07
3.1283269e-07
3.0812439e-07
3.0346874e-07
2.9896335e-07
2.943946e-07
2.8989738e-07
2.8548604e-07
2.81145e-07
2.768761e-07
2.7269236e-07
2.6857869e-07
2.6454391e-07
2.6057495e-07
2.5669741e-07
2.5289492e-07
2.4918336e-07
2.4553921e-07
2.4198478e-07
2.3849245e-07
2.3512914e-07
2.3168479e-07
2.2823592e-07
2.2486636e-07
2.2158931e-07
2.1833458e-07
2.1541663e-07
2.1234898e-07
2.0940485e-07
2.0655103e-07
2.0375536e-07
2.0104267e-07
1.9832611e-07
1.958714e-07
1.9335779e-07
1.9089782e-07
1.8850722e-07
1.8621706e-07
1.8409189e-07
1.8189407e-07
1.7973931e-07
1.776925e-07
1.758532e-07
1.7389212e-07
1.719544e-07
1.7021494e-07
1.6856742e-07
1.6679009e-07
1.6506925e-07
1.6369149e-07
1.6207812e-07
1.6045406e-07
1.5918287e-07
1.5765903e-07
1.5496099e-07
1.5200134e-07
1.4905267e-07
1.4621463e-07
1.435619e-07
1.4115661e-07
1.3887053e-07
1.3674359e-07
1.3480033e-07
1.3289884e-07
1.3122503e-07
1.2953545e-07
1.2805401e-07
1.2654333e-07
1.2521781e-07
1.2386239e-07
1.2263005e-07
1.214316e-07
1.2024482e-07
1.1919644e-07
1.1810626e-07
1.1705953e-07
1.1613082e-07
1.1518336e-07
1.1426493e-07
1.134109e-07
1.1263337e-07
1.1184627e-07
1.1110146e-07
1.1040338e-07
1.0977265e-07
1.0918471e-07
1.0862137e-07
1.0810503e-07
1.0763425e-07
1.0720543e-07
1.068223e-07
1.064993e-07
1.0622656e-07
1.0598583e-07
1.0578981e-07
1.0563748e-07
1.0552637e-07
1.0545416e-07
1.0542012e-07
1.0542076e-07
1.0545489e-07
1.0551871e-07
1.0561324e-07
1.0573169e-07
1.0587633e-07
1.0603813e-07
1.0622142e-07
1.0641218e-07
1.0662099e-07
1.0683179e-07
1.0705819e-07
1.0727578e-07
1.0750859e-07
1.0772302e-07
1.0794552e-07
1.0813167e-07
1.0833497e-07
1.0848965e-07
1.0866866e-07
1.087901e-07
1.0894526e-07
1.0901173e-07
1.0913225e-07
1.0913292e-07
1.092205e-07
1.0910093e-07
1.091823e-07
1.0897872e-07
1.0910007e-07
1.0874319e-07
1.0870412e-07
1.0779288e-07
1.0811445e-07
1.2594533e-07
6.1265905e-07
6.0941354e-07
6.0488913e-07
6.0066516e-07
5.9612703e-07
5.9131651e-07
5.8641776e-07
5.8129981e-07
5.7597731e-07
5.7029084e-07
5.6524268e-07
5.5901569e-07
5.5355902e-07
5.475871e-07
5.4116421e-07
5.3563773e-07
5.2954806e-07
5.2290604e-07
5.1681738e-07
5.1087949e-07
5.0461663e-07
4.9807143e-07
4.9170585e-07
4.8578551e-07
4.794241e-07
4.7300739e-07
4.6667593e-07
4.6047294e-07
4.5425595e-07
4.4810073e-07
4.4218478e-07
4.3615175e-07
4.3017404e-07
4.2429995e-07
4.1850572e-07
4.127916e-07
4.0718267e-07
4.0165746e-07
3.9622753e-07
3.9086984e-07
3.8562488e-07
3.8047018e-07
3.7543069e-07
3.7046901e-07
3.6561725e-07
3.6083233e-07
3.5623101e-07
3.5163089e-07
3.4708607e-07
3.42629e-07
3.3828855e-07
3.3396475e-07
3.3011315e-07
3.260486e-07
3.2208669e-07
3.1823893e-07
3.1448119e-07
3.1084512e-07
3.0715242e-07
3.0391839e-07
3.0050819e-07
2.9713089e-07
2.9386651e-07
2.9076669e-07
2.8792042e-07
2.8487599e-07
2.8186495e-07
2.7906617e-07
2.7660729e-07
2.7385653e-07
2.7109781e-07
2.6873276e-07
2.6649253e-07
2.639421e-07
2.614879e-07
2.5967929e-07
2.5737283e-07
2.5497502e-07
2.5328816e-07
2.5111166e-07
2.471226e-07
2.4307296e-07
2.3888058e-07
2.347265e-07
2.3089793e-07
2.2742716e-07
2.2404101e-07
2.2094235e-07
2.1809545e-07
2.1530302e-07
2.1285089e-07
2.1035809e-07
2.081853e-07
2.059684e-07
2.0403967e-07
2.0204248e-07
2.0026048e-07
1.9852112e-07
1.9680908e-07
1.9533517e-07
1.9373995e-07
1.9224674e-07
1.9097638e-07
1.8961589e-07
1.8829984e-07
1.8713896e-07
1.8607901e-07
1.8495659e-07
1.8390684e-07
1.8296303e-07
1.821191e-07
1.8131085e-07
1.8051577e-07
1.7979859e-07
1.7915807e-07
1.7857316e-07
1.7804853e-07
1.7760576e-07
1.7722166e-07
1.7686584e-07
1.7657064e-07
1.7633835e-07
1.7615799e-07
1.7602422e-07
1.7593616e-07
1.7588837e-07
1.7587927e-07
1.7590224e-07
1.7595957e-07
1.7604111e-07
1.7615095e-07
1.7627561e-07
1.7642205e-07
1.7656887e-07
1.7673339e-07
1.7688886e-07
1.7705963e-07
1.7720633e-07
1.7736886e-07
1.7749374e-07
1.7762569e-07
1.7769805e-07
1.7779259e-07
1.7781063e-07
1.7786162e-07
1.7783173e-07
1.7784949e-07
1.77747e-07
1.7773019e-07
1.775508e-07
1.7754376e-07
1.7722459e-07
1.7734888e-07
1.7700689e-07
1.7747931e-07
1.7681525e-07
1.7650709e-07
1.7446309e-07
1.7446334e-07
1.8833626e-07
8.3184476e-07
8.2810397e-07
8.2265529e-07
8.1752779e-07
8.1203492e-07
8.0618121e-07
8.0021132e-07
7.939802e-07
7.8745794e-07
7.8040671e-07
7.7427128e-07
7.6655184e-07
7.5983091e-07
7.5246513e-07
7.4437999e-07
7.3754666e-07
7.3004703e-07
7.2167028e-07
7.1399197e-07
7.0661032e-07
6.9880571e-07
6.9051437e-07
6.8238891e-07
6.7498646e-07
6.6702822e-07
6.5892289e-07
6.5088759e-07
6.4300818e-07
6.3508589e-07
6.2722146e-07
6.1969946e-07
6.120139e-07
6.0436006e-07
5.9682202e-07
5.8937251e-07
5.8200813e-07
5.747674e-07
5.6762327e-07
5.6059223e-07
5.536386e-07
5.4681893e-07
5.4010385e-07
5.3353056e-07
5.2704536e-07
5.2069263e-07
5.144046e-07
5.0835966e-07
5.0234723e-07
4.9641639e-07
4.9057954e-07
4.8485926e-07
4.7914755e-07
4.7408128e-07
4.6874751e-07
4.6349702e-07
4.5834482e-07
4.5331684e-07
4.484367e-07
4.4343658e-07
4.3919336e-07
4.3462841e-07
4.3004856e-07
4.2561701e-07
4.214287e-07
4.1766205e-07
4.1353651e-07
4.0938335e-07
4.0554374e-07
4.0229156e-07
3.9855957e-07
3.9468697e-07
3.9145002e-07
3.884706e-07
3.8495232e-07
3.8144617e-07
3.7905703e-07
3.7594565e-07
3.7245518e-07
3.7016194e-07
3.6718961e-07
3.6150031e-07
3.559214e-07
3.5012036e-07
3.4425654e-07
3.3883087e-07
3.3395177e-07
3.2914081e-07
3.2471915e-07
3.206895e-07
3.1670349e-07
3.1321895e-07
3.0966274e-07
3.0656269e-07
3.0340572e-07
3.0066143e-07
2.9782535e-07
2.9527959e-07
2.9283073e-07
2.9038977e-07
2.8832939e-07
2.8609066e-07
2.8395518e-07
2.8220149e-07
2.8031305e-07
2.7844394e-07
2.7682407e-07
2.7538083e-07
2.7382397e-07
2.7234255e-07
2.7103285e-07
2.6988223e-07
2.6878285e-07
2.6767827e-07
2.6667498e-07
2.6578965e-07
2.6498511e-07
2.6426189e-07
2.6365343e-07
2.6312699e-07
2.6262691e-07
2.6220201e-07
2.6186613e-07
2.6160169e-07
2.6139833e-07
2.6125427e-07
2.6116157e-07
2.6111812e-07
2.6111405e-07
2.6115232e-07
2.6121823e-07
2.613178e-07
2.6143339e-07
2.6157333e-07
2.6170928e-07
2.6186363e-07
2.6200049e-07
2.6215245e-07
2.6226715e-07
2.6239714e-07
2.6247234e-07
2.6255217e-07
2.6255234e-07
2.6257431e-07
2.624932e-07
2.6245474e-07
2.6230442e-07
2.62223e-07
2.6196678e-07
2.6185717e-07
2.6145165e-07
2.6144697e-07
2.6082374e-07
2.6107678e-07
2.6044017e-07
2.6126774e-07
2.6083923e-07
2.6140214e-07
2.5788967e-07
2.5763022e-07
2.6227657e-07
1.0867851e-06
1.0823018e-06
1.0757241e-06
1.0696616e-06
1.06302e-06
1.0560018e-06
1.0488303e-06
1.0413443e-06
1.03351e-06
1.025083e-06
1.0176809e-06
1.0083703e-06
1.0003655e-06
9.9143689e-07
9.8179084e-07
9.7355821e-07
9.644269e-07
9.5441507e-07
9.4520275e-07
9.3621426e-07
9.2676864e-07
9.1681005e-07
9.0703141e-07
8.9797738e-07
8.8826188e-07
8.7847468e-07
8.68752e-07
8.5918508e-07
8.4954222e-07
8.3996528e-07
8.3075945e-07
8.2135758e-07
8.1202532e-07
8.0281157e-07
7.9369382e-07
7.8467357e-07
7.7578845e-07
7.6700742e-07
7.5835579e-07
7.4979414e-07
7.413875e-07
7.3309707e-07
7.2497005e-07
7.1694476e-07
7.0907495e-07
7.0127928e-07
6.937581e-07
6.8626567e-07
6.78888e-07
6.7160314e-07
6.6431648e-07
6.5704447e-07
6.5063266e-07
6.438781e-07
6.3718869e-07
6.3058237e-07
6.2412677e-07
6.1782224e-07
6.1133791e-07
6.0590081e-07
6.0002272e-07
5.9407283e-07
5.882934e-07
5.8283472e-07
5.7804304e-07
5.7268759e-07
5.6720838e-07
5.6212997e-07
5.5799245e-07
5.5315615e-07
5.4796656e-07
5.4369052e-07
5.3988753e-07
5.3527082e-07
5.3046171e-07
5.2739658e-07
5.2340588e-07
5.1848597e-07
5.154272e-07
5.1151857e-07
5.0373307e-07
4.9623568e-07
4.8849585e-07
4.8053415e-07
4.730891e-07
4.6645985e-07
4.5988491e-07
4.5376434e-07
4.4824409e-07
4.4273007e-07
4.379317e-07
4.3302358e-07
4.2873533e-07
4.2438209e-07
4.2059244e-07
4.1670422e-07
4.131676e-07
4.09834e-07
4.0645492e-07
4.0365e-07
4.0063234e-07
3.976597e-07
3.9529122e-07
3.9277276e-07
3.9020472e-07
3.8798828e-07
3.8608098e-07
3.8401006e-07
3.8198624e-07
3.802093e-07
3.7868077e-07
3.7724234e-07
3.7577037e-07
3.7441227e-07
3.7322361e-07
3.7215296e-07
3.7119031e-07
3.7038431e-07
3.6969637e-07
3.6903151e-07
3.6845097e-07
3.679897e-07
3.6762603e-07
3.6734248e-07
3.6713498e-07
3.6699241e-07
3.6691173e-07
3.6687927e-07
3.6689863e-07
3.669505e-07
3.6704159e-07
3.6715049e-07
3.6728509e-07
3.6741283e-07
3.6755728e-07
3.6767787e-07
3.6780992e-07
3.6789435e-07
3.6798836e-07
3.6801668e-07
3.6804868e-07
3.6797516e-07
3.6792737e-07
3.6774058e-07
3.6762121e-07
3.6733587e-07
3.6718462e-07
3.6669358e-07
3.6660345e-07
3.6587907e-07
3.6600117e-07
3.6496028e-07
3.6544753e-07
3.6441798e-07
3.6545205e-07
3.6436288e-07
3.6344733e-07
3.5808807e-07
3.5794942e-07
3.4975937e-07
1.3720923e-06
1.3673042e-06
1.3598486e-06
1.3529519e-06
1.3453868e-06
1.3373513e-06
1.3291261e-06
1.3205539e-06
1.3115157e-06
1.3016662e-06
1.293227e-06
1.2823327e-06
1.2730881e-06
1.2627224e-06
1.2512822e-06
1.2417379e-06
1.2311669e-06
1.2192891e-06
1.2083862e-06
1.1979017e-06
1.1868621e-06
1.1750265e-06
1.163318e-06
1.1526856e-06
1.1412683e-06
1.1296767e-06
1.1181088e-06
1.1067194e-06
1.0952016e-06
1.0837355e-06
1.0727799e-06
1.0615731e-06
1.0504068e-06
1.0393624e-06
1.0284155e-06
1.0175649e-06
1.0068661e-06
9.9627991e-07
9.8584056e-07
9.7549044e-07
9.653165e-07
9.5526852e-07
9.4541221e-07
9.356627e-07
9.2609165e-07
9.1657877e-07
9.0741123e-07
8.9827384e-07
8.8926144e-07
8.8036569e-07
8.7161405e-07
8.6294707e-07
8.5543391e-07
8.4735385e-07
8.3936947e-07
8.3147198e-07
8.2375176e-07
8.161799e-07
8.0852584e-07
8.0179229e-07
7.947067e-07
7.8759911e-07
7.806747e-07
7.7403898e-07
7.6822436e-07
7.6174255e-07
7.5517914e-07
7.490181e-07
7.4399854e-07
7.381047e-07
7.3186709e-07
7.2666579e-07
7.2202497e-07
7.1640968e-07
7.1050532e-07
7.067252e-07
7.0179782e-07
6.9523791e-07
6.9133867e-07
6.8634485e-07
6.7632602e-07
6.6659311e-07
6.5667292e-07
6.4635201e-07
6.3658082e-07
6.2795266e-07
6.193695e-07
6.1119311e-07
6.0384867e-07
5.9643821e-07
5.9001673e-07
5.8343657e-07
5.7767084e-07
5.7183287e-07
5.6674023e-07
5.6156297e-07
5.5677884e-07
5.5236517e-07
5.4781213e-07
5.4408096e-07
5.4013775e-07
5.3609647e-07
5.3294724e-07
5.2968937e-07
5.262601e-07
5.2327875e-07
5.2081122e-07
5.1814841e-07
5.1546245e-07
5.1309906e-07
5.1110867e-07
5.0928403e-07
5.0739182e-07
5.0560741e-07
5.0405106e-07
5.0266526e-07
5.0142182e-07
5.0038696e-07
4.9952343e-07
4.9868124e-07
4.9792365e-07
4.9731747e-07
4.9684234e-07
4.9647265e-07
4.961996e-07
4.960083e-07
4.9589371e-07
4.9583824e-07
4.9584573e-07
4.958921e-07
4.9598422e-07
4.960977e-07
4.9623795e-07
4.9636945e-07
4.9651578e-07
4.9663324e-07
4.9675869e-07
4.9682649e-07
4.968992e-07
4.9689814e-07
4.9689841e-07
4.9674677e-07
4.9664515e-07
4.9633219e-07
4.9616177e-07
4.9564204e-07
4.9555256e-07
4.9471804e-07
4.9477647e-07
4.9365402e-07
4.9380129e-07
4.9200319e-07
4.9249748e-07
4.9062308e-07
4.8971981e-07
4.8466192e-07
4.8329606e-07
4.7569336e-07
4.7680674e-07
4.5308781e-07
1.6971953e-06
1.6922235e-06
1.6839816e-06
1.6762925e-06
1.6678414e-06
1.658814e-06
1.6495467e-06
1.6399099e-06
1.6296736e-06
1.618347e-06
1.6088844e-06
1.5963562e-06
1.5858492e-06
1.5740306e-06
1.5606753e-06
1.5497597e-06
1.5377389e-06
1.5238876e-06
1.5111605e-06
1.499105e-06
1.4864249e-06
1.472602e-06
1.4587785e-06
1.4464509e-06
1.4332422e-06
1.4197372e-06
1.4061895e-06
1.3928379e-06
1.3792899e-06
1.3657561e-06
1.352901e-06
1.3397456e-06
1.3265907e-06
1.3135532e-06
1.3006095e-06
1.2877537e-06
1.2750642e-06
1.2624926e-06
1.2500856e-06
1.2377618e-06
1.2256346e-06
1.2136395e-06
1.2018667e-06
1.1902018e-06
1.1787416e-06
1.1673082e-06
1.1562984e-06
1.1453229e-06
1.1344795e-06
1.1237435e-06
1.1131157e-06
1.102803e-06
1.0937023e-06
1.083958e-06
1.074298e-06
1.0647045e-06
1.0553103e-06
1.0460737e-06
1.0367699e-06
1.0284783e-06
1.0198555e-06
1.011141e-06
1.0026489e-06
9.9443643e-07
9.8730345e-07
9.7936052e-07
9.7124755e-07
9.6349903e-07
9.5743877e-07
9.5018202e-07
9.4231254e-07
9.3580406e-07
9.3019996e-07
9.232345e-07
9.1568526e-07
9.1127275e-07
9.0528108e-07
8.9776072e-07
8.9331844e-07
8.8716448e-07
8.7603017e-07
8.6424989e-07
8.5241485e-07
8.4021656e-07
8.2865734e-07
8.1841184e-07
8.0817551e-07
7.9797678e-07
7.8861129e-07
7.7907278e-07
7.7084841e-07
7.6237366e-07
7.5495779e-07
7.4741781e-07
7.4085705e-07
7.3420453e-07
7.2799752e-07
7.2234758e-07
7.1643613e-07
7.116333e-07
7.0660936e-07
7.012448e-07
6.9711656e-07
6.9299873e-07
6.8853792e-07
6.8459576e-07
6.8145029e-07
6.7811516e-07
6.7464415e-07
6.7155855e-07
6.6900434e-07
6.6674049e-07
6.6437926e-07
6.6209694e-07
6.6010319e-07
6.5834888e-07
6.5678057e-07
6.5548469e-07
6.5443569e-07
6.5341251e-07
6.524648e-07
6.5170042e-07
6.5110757e-07
6.5065349e-07
6.5032164e-07
6.5009321e-07
6.4995908e-07
6.4989816e-07
6.4991384e-07
6.499769e-07
6.5009405e-07
6.5023948e-07
6.5041232e-07
6.505758e-07
6.5075312e-07
6.5089787e-07
6.5104918e-07
6.5112992e-07
6.5121841e-07
6.5120702e-07
6.5114175e-07
6.5078345e-07
6.5059273e-07
6.4993675e-07
6.4972755e-07
6.4870769e-07
6.4861653e-07
6.4715836e-07
6.472032e-07
6.4534304e-07
6.4392368e-07
6.3959826e-07
6.3796275e-07
6.3259232e-07
6.3077522e-07
6.238449e-07
6.2212108e-07
6.119636e-07
6.1511912e-07
5.7535809e-07
2.0651683e-06
2.0601674e-06
2.0512898e-06
2.0428932e-06
2.0336335e-06
2.0236792e-06
2.0134145e-06
2.0027705e-06
1.9913777e-06
1.9785486e-06
1.9681007e-06
1.9539186e-06
1.9421508e-06
1.928895e-06
1.913525e-06
1.9011898e-06
1.887735e-06
1.8718281e-06
1.857153e-06
1.8434598e-06
1.8291139e-06
1.8132176e-06
1.7970986e-06
1.782959e-06
1.767877e-06
1.7523632e-06
1.7367117e-06
1.7212658e-06
1.705538e-06
1.6897554e-06
1.6748477e-06
1.6596002e-06
1.6443035e-06
1.6291106e-06
1.6140011e-06
1.5989618e-06
1.5841001e-06
1.5693566e-06
1.5547952e-06
1.5403047e-06
1.5260297e-06
1.5118881e-06
1.4980014e-06
1.4842183e-06
1.4706706e-06
1.4570987e-06
1.4440339e-06
1.4310089e-06
1.4181185e-06
1.4053042e-06
1.3925785e-06
1.3805222e-06
1.3695841e-06
1.3579697e-06
1.3464312e-06
1.3349281e-06
1.3236417e-06
1.3125141e-06
1.3013268e-06
1.2912572e-06
1.2808966e-06
1.2703488e-06
1.2600673e-06
1.2500714e-06
1.2413497e-06
1.2317452e-06
1.2219135e-06
1.2123538e-06
1.2049274e-06
1.1961513e-06
1.1865039e-06
1.1783981e-06
1.1715678e-06
1.1631132e-06
1.1536157e-06
1.1482579e-06
1.1410381e-06
1.1315343e-06
1.1260467e-06
1.1183718e-06
1.1047123e-06
1.0899021e-06
1.0752787e-06
1.0600456e-06
1.0454221e-06
1.0325755e-06
1.0197132e-06
1.0074961e-06
9.9665814e-07
9.8554073e-07
9.7606607e-07
9.6606882e-07
9.5751628e-07
9.4854466e-07
9.4093976e-07
9.329776e-07
9.2572396e-07
9.1897644e-07
9.1192156e-07
9.0622837e-07
8.9999688e-07
8.9316954e-07
8.879431e-07
8.8285708e-07
8.7727037e-07
8.7224382e-07
8.6833106e-07
8.6424813e-07
8.5992805e-07
8.560332e-07
8.528383e-07
8.5008509e-07
8.4721944e-07
8.4440231e-07
8.4192852e-07
8.3976739e-07
8.3784068e-07
8.3626174e-07
8.3502148e-07
8.3381532e-07
8.3267809e-07
8.3175339e-07
8.3104146e-07
8.3050313e-07
8.3011597e-07
8.2985439e-07
8.2970674e-07
8.296437e-07
8.2967375e-07
8.2975274e-07
8.298968e-07
8.3006716e-07
8.3026572e-07
8.3043871e-07
8.3063042e-07
8.3075972e-07
8.3090727e-07
8.3092531e-07
8.3099228e-07
8.3076465e-07
8.3018709e-07
8.2891159e-07
8.2810819e-07
8.2624791e-07
8.2519571e-07
8.2263999e-07
8.2136781e-07
8.1793913e-07
8.1634765e-07
8.1191344e-07
8.1002756e-07
8.0428598e-07
8.0210817e-07
7.950381e-07
7.9265154e-07
7.836221e-07
7.8148929e-07
7.6872689e-07
7.7340422e-07
7.1832e-07
2.4792542e-06
2.47442e-06
2.4651332e-06
2.4561706e-06
2.4462319e-06
2.4354687e-06
2.4242951e-06
2.4127475e-06
2.4002854e-06
2.3859716e-06
2.3746072e-06
2.358793e-06
2.345798e-06
2.3311599e-06
2.3137096e-06
2.2999253e-06
2.2850828e-06
2.2670728e-06
2.2503459e-06
2.2349618e-06
2.2189497e-06
2.2009265e-06
2.1823455e-06
2.1662829e-06
2.1492574e-06
2.1316573e-06
2.1137948e-06
2.0961363e-06
2.0780912e-06
2.0598824e-06
2.0427699e-06
2.0252899e-06
2.0077034e-06
1.9901972e-06
1.9727559e-06
1.9553553e-06
1.9381386e-06
1.9210339e-06
1.9041284e-06
1.8872731e-06
1.8706502e-06
1.854155e-06
1.8379493e-06
1.8218352e-06
1.8059937e-06
1.7900519e-06
1.7747029e-06
1.7593978e-06
1.7442215e-06
1.7290537e-06
1.7140771e-06
1.7001315e-06
1.6870786e-06
1.673365e-06
1.6597267e-06
1.6460824e-06
1.6326664e-06
1.6194002e-06
1.6060719e-06
1.5939749e-06
1.5816525e-06
1.5690237e-06
1.5566962e-06
1.5446385e-06
1.5340977e-06
1.5226034e-06
1.5108054e-06
1.4992028e-06
1.4900802e-06
1.4795787e-06
1.4679858e-06
1.4579911e-06
1.449602e-06
1.4394815e-06
1.4279187e-06
1.4211336e-06
1.4125459e-06
1.4009515e-06
1.394035e-06
1.3846062e-06
1.3680997e-06
1.3495577e-06
1.3316605e-06
1.3128575e-06
1.2945369e-06
1.2785783e-06
1.2626005e-06
1.2472137e-06
1.2337111e-06
1.2196784e-06
1.2078321e-06
1.1952144e-06
1.1844836e-06
1.1731385e-06
1.163576e-06
1.1535809e-06
1.1443929e-06
1.1359834e-06
1.1270446e-06
1.1199615e-06
1.1125213e-06
1.1046553e-06
1.098661e-06
1.0925646e-06
1.0860997e-06
1.0802693e-06
1.0757029e-06
1.0708095e-06
1.065831e-06
1.0612994e-06
1.0575669e-06
1.0543083e-06
1.050934e-06
1.0476866e-06
1.0448188e-06
1.042289e-06
1.0400269e-06
1.038189e-06
1.0367488e-06
1.0353201e-06
1.0340136e-06
1.0329355e-06
1.0320897e-06
1.0314145e-06
1.0309136e-06
1.0305283e-06
1.0302751e-06
1.0300766e-06
1.0299906e-06
1.0298955e-06
1.0298831e-06
1.0298077e-06
1.0297783e-06
1.0295936e-06
1.0294716e-06
1.029079e-06
1.0287951e-06
1.0280667e-06
1.0275997e-06
1.0263865e-06
1.0256818e-06
1.0238319e-06
1.0228404e-06
1.0202569e-06
1.0189458e-06
1.0154913e-06
1.0138912e-06
1.0093761e-06
1.0073622e-06
1.0016115e-06
9.9922081e-07
9.9191598e-07
9.8915506e-07
9.8022109e-07
9.772333e-07
9.6594066e-07
9.6332705e-07
9.4797297e-07
9.533831e-07
8.8388164e-07
2.9427482e-06
2.9383293e-06
2.928959e-06
2.9196444e-06
2.9092268e-06
2.8978432e-06
2.8859078e-06
2.8736209e-06
2.8602355e-06
2.8445156e-06
2.8323422e-06
2.8149748e-06
2.8008281e-06
2.7849116e-06
2.7653647e-06
2.75013e-06
2.7339835e-06
2.7138693e-06
2.6950184e-06
2.6779115e-06
2.6602635e-06
2.6401018e-06
2.6189187e-06
2.600836e-06
2.5818134e-06
2.5620736e-06
2.5419169e-06
2.5219488e-06
2.5014689e-06
2.4806683e-06
2.4612054e-06
2.4413601e-06
2.4213457e-06
2.4013777e-06
2.3814473e-06
2.3615136e-06
2.3417634e-06
2.3221102e-06
2.3026719e-06
2.2832532e-06
2.2640806e-06
2.2450208e-06
2.2262866e-06
2.2076216e-06
2.1892745e-06
2.17072e-06
2.1528419e-06
2.1350046e-06
2.1172752e-06
2.0994587e-06
2.0821971e-06
2.0661035e-06
2.0506512e-06
2.0345868e-06
2.0186092e-06
2.0025749e-06
1.9867741e-06
1.971102e-06
1.9553529e-06
1.9409495e-06
1.9264166e-06
1.911437e-06
1.8967857e-06
1.8823566e-06
1.8697298e-06
1.856088e-06
1.8420587e-06
1.8280886e-06
1.8169923e-06
1.8045251e-06
1.7907077e-06
1.7785172e-06
1.7682799e-06
1.7562723e-06
1.7423924e-06
1.7337613e-06
1.7236165e-06
1.7097096e-06
1.7010707e-06
1.6897331e-06
1.6699075e-06
1.6467457e-06
1.6250042e-06
1.6020087e-06
1.5792462e-06
1.559571e-06
1.5399009e-06
1.5206756e-06
1.5039978e-06
1.4864152e-06
1.4717317e-06
1.4559168e-06
1.4425722e-06
1.4283197e-06
1.4163877e-06
1.4039274e-06
1.3923755e-06
1.3819683e-06
1.3707205e-06
1.3618973e-06
1.3527914e-06
1.3428981e-06
1.3354284e-06
1.3279819e-06
1.3200107e-06
1.3126953e-06
1.3071043e-06
1.3011834e-06
1.2950979e-06
1.2894977e-06
1.2849118e-06
1.2810041e-06
1.2769769e-06
1.2730542e-06
1.2695842e-06
1.2665369e-06
1.2638178e-06
1.2616188e-06
1.2599559e-06
1.2583052e-06
1.2567855e-06
1.255522e-06
1.2545475e-06
1.2537731e-06
1.2532172e-06
1.2527874e-06
1.2525261e-06
1.2523072e-06
1.252243e-06
1.2521285e-06
1.252145e-06
1.252024e-06
1.2520144e-06
1.2517182e-06
1.2516206e-06
1.2510054e-06
1.2507317e-06
1.2496646e-06
1.2491627e-06
1.247484e-06
1.2466798e-06
1.2442117e-06
1.2430448e-06
1.2396763e-06
1.2381113e-06
1.2336826e-06
1.2317517e-06
1.2260649e-06
1.2236215e-06
1.2164563e-06
1.2135496e-06
1.2045758e-06
1.20122e-06
1.1903099e-06
1.1867033e-06
1.1730694e-06
1.1698953e-06
1.1520176e-06
1.1575035e-06
1.0744873e-06
3.4588456e-06
3.4551607e-06
3.4461637e-06
3.4368048e-06
3.4262017e-06
3.4144808e-06
3.4020085e-06
3.3892271e-06
3.3751395e-06
3.3581775e-06
3.3453512e-06
3.3265883e-06
3.3114198e-06
3.2943903e-06
3.2728002e-06
3.2561549e-06
3.2388346e-06
3.2166755e-06
3.1956757e-06
3.1768467e-06
3.1576316e-06
3.1353728e-06
3.111488e-06
3.0913136e-06
3.0702653e-06
3.0483641e-06
3.0258628e-06
3.0035186e-06
2.9805168e-06
2.9569805e-06
2.9350365e-06
2.912708e-06
2.8901437e-06
2.8675815e-06
2.8450199e-06
2.8223941e-06
2.7999427e-06
2.7775618e-06
2.7554091e-06
2.7332332e-06
2.7113126e-06
2.6894782e-06
2.6680057e-06
2.6465659e-06
2.6255004e-06
2.6040809e-06
2.583414e-06
2.5627668e-06
2.5421788e-06
2.5215264e-06
2.5019358e-06
2.4833342e-06
2.4652141e-06
2.4465273e-06
2.4279531e-06
2.4092636e-06
2.3908068e-06
2.3724436e-06
2.3539738e-06
2.336957e-06
2.3199384e-06
2.3023158e-06
2.2850434e-06
2.2679041e-06
2.2528884e-06
2.2368077e-06
2.2202624e-06
2.2035749e-06
2.1901816e-06
2.1754707e-06
2.1591335e-06
2.1444017e-06
2.1319979e-06
2.1178396e-06
2.1013057e-06
2.090468e-06
2.0785272e-06
2.0619894e-06
2.0512967e-06
2.0381032e-06
2.0143508e-06
1.9854286e-06
1.9591817e-06
1.9312674e-06
1.9031969e-06
1.8790988e-06
1.85506e-06
1.8312023e-06
1.8107547e-06
1.7888514e-06
1.7707901e-06
1.7510717e-06
1.7346073e-06
1.716793e-06
1.7020054e-06
1.6865512e-06
1.6721208e-06
1.659313e-06
1.6452354e-06
1.6342931e-06
1.6231954e-06
1.6108306e-06
1.6015665e-06
1.5924856e-06
1.5827174e-06
1.5735881e-06
1.5667533e-06
1.5595967e-06
1.552202e-06
1.5453216e-06
1.5397005e-06
1.5350095e-06
1.5301988e-06
1.5255019e-06
1.521339e-06
1.5176876e-06
1.5144544e-06
1.5118282e-06
1.5099092e-06
1.5080235e-06
1.5063042e-06
1.5048538e-06
1.5037688e-06
1.5028997e-06
1.5023237e-06
1.5018658e-06
1.5016482e-06
1.5014259e-06
1.5014594e-06
1.5013297e-06
1.5014726e-06
1.5012973e-06
1.5014231e-06
1.5010096e-06
1.5010264e-06
1.5002036e-06
1.5000055e-06
1.4986126e-06
1.4981326e-06
1.495989e-06
1.4951384e-06
1.492041e-06
1.4907416e-06
1.4865604e-06
1.4847763e-06
1.4793341e-06
1.4771e-06
1.470196e-06
1.4673506e-06
1.4587195e-06
1.4553193e-06
1.444624e-06
1.4406928e-06
1.4277587e-06
1.4235327e-06
1.4075748e-06
1.4037695e-06
1.3834857e-06
1.3885599e-06
1.2950704e-06
4.0304393e-06
4.0279015e-06
4.0199106e-06
4.0109347e-06
4.0005644e-06
3.9889156e-06
3.9762355e-06
3.9633104e-06
3.9488384e-06
3.9309166e-06
3.9176544e-06
3.8977618e-06
3.881772e-06
3.8638723e-06
3.8403879e-06
3.8224299e-06
3.8041255e-06
3.7800592e-06
3.7569519e-06
3.7364491e-06
3.7157853e-06
3.6915369e-06
3.66491e-06
3.6426118e-06
3.6195461e-06
3.5955036e-06
3.5706515e-06
3.5459066e-06
3.5203383e-06
3.4939577e-06
3.4694281e-06
3.4445219e-06
3.4193108e-06
3.3940465e-06
3.368736e-06
3.3432808e-06
3.3179798e-06
3.2927079e-06
3.2676738e-06
3.242559e-06
3.2177028e-06
3.1928909e-06
3.1684757e-06
3.1440384e-06
3.1200456e-06
3.0955017e-06
3.071771e-06
3.0480031e-06
3.0242335e-06
3.0007534e-06
2.9786702e-06
2.9571751e-06
2.9361079e-06
2.9145128e-06
2.8930717e-06
2.8714503e-06
2.8500552e-06
2.8287036e-06
2.8072002e-06
2.7872408e-06
2.7674386e-06
2.7468611e-06
2.7266562e-06
2.7064458e-06
2.6887076e-06
2.6698632e-06
2.6504995e-06
2.6307256e-06
2.6146741e-06
2.5974e-06
2.5782263e-06
2.5605819e-06
2.545645e-06
2.5290305e-06
2.509492e-06
2.4960374e-06
2.4820048e-06
2.4625034e-06
2.4493231e-06
2.4342215e-06
2.4060441e-06
2.3702479e-06
2.3384414e-06
2.3047584e-06
2.2705493e-06
2.2410775e-06
2.2118987e-06
2.1824913e-06
2.1575388e-06
2.1304583e-06
2.1083243e-06
2.0839274e-06
2.0636679e-06
2.0416057e-06
2.0232906e-06
2.0042709e-06
1.9863294e-06
1.9705643e-06
1.9531953e-06
1.939526e-06
1.9260307e-06
1.9108056e-06
1.8992768e-06
1.8881569e-06
1.8763154e-06
1.8650406e-06
1.856599e-06
1.847932e-06
1.8390423e-06
1.8306857e-06
1.8237997e-06
1.8181113e-06
1.8123898e-06
1.806815e-06
1.801867e-06
1.7975059e-06
1.7936915e-06
1.7905557e-06
1.7883469e-06
1.7861898e-06
1.7842957e-06
1.782655e-06
1.7814956e-06
1.7805311e-06
1.779993e-06
1.7795176e-06
1.7794284e-06
1.7792303e-06
1.7794459e-06
1.7793502e-06
1.7797043e-06
1.7795314e-06
1.7798806e-06
1.7794067e-06
1.7796292e-06
1.7786513e-06
1.7786202e-06
1.7769469e-06
1.7765772e-06
1.7740052e-06
1.773194e-06
1.769497e-06
1.7681443e-06
1.7631669e-06
1.7612342e-06
1.7547859e-06
1.7523118e-06
1.7441932e-06
1.7410103e-06
1.7309169e-06
1.7270825e-06
1.7146782e-06
1.7102236e-06
1.6952952e-06
1.6904848e-06
1.6722888e-06
1.6678191e-06
1.6452998e-06
1.6496596e-06
1.5484949e-06
4.6598458e-06
4.6589989e-06
4.6528812e-06
4.6448703e-06
4.6353187e-06
4.6243194e-06
4.6118996e-06
4.5993238e-06
4.5849106e-06
4.5664722e-06
4.5530679e-06
4.5324596e-06
4.515941e-06
4.497511e-06
4.4724115e-06
4.4533186e-06
4.4342953e-06
4.4085618e-06
4.3834791e-06
4.3614182e-06
4.339489e-06
4.3134415e-06
4.2841131e-06
4.2597176e-06
4.2346954e-06
4.2085878e-06
4.181437e-06
4.1543227e-06
4.1262009e-06
4.0969186e-06
4.0697398e-06
4.0421983e-06
4.0142799e-06
3.9862409e-06
3.9580987e-06
3.9297097e-06
3.9014408e-06
3.8731409e-06
3.8450827e-06
3.8168688e-06
3.788909e-06
3.7609319e-06
3.7333826e-06
3.7057321e-06
3.6786142e-06
3.6506793e-06
3.6235936e-06
3.596344e-06
3.5693014e-06
3.5429634e-06
3.5181281e-06
3.4933944e-06
3.469098e-06
3.4442998e-06
3.4197112e-06
3.3948722e-06
3.3702491e-06
3.3456032e-06
3.3207444e-06
3.297495e-06
3.27459e-06
3.250726e-06
3.2272648e-06
3.2036037e-06
3.1827821e-06
3.1608135e-06
3.138308e-06
3.1150617e-06
3.0959572e-06
3.0757555e-06
3.0534037e-06
3.0324543e-06
3.0145746e-06
2.9951507e-06
2.9722421e-06
2.9557205e-06
2.9392393e-06
2.9164184e-06
2.9002902e-06
2.882941e-06
2.8498713e-06
2.8061379e-06
2.7675638e-06
2.7270787e-06
2.6858596e-06
2.6498549e-06
2.6146646e-06
2.5786925e-06
2.5483139e-06
2.5151176e-06
2.4880166e-06
2.4580703e-06
2.4332076e-06
2.4060872e-06
2.3834607e-06
2.3601582e-06
2.3379962e-06
2.3186238e-06
2.2973516e-06
2.28031e-06
2.2638803e-06
2.2453012e-06
2.2310543e-06
2.2173403e-06
2.2031146e-06
2.1892841e-06
2.1788724e-06
2.1683485e-06
2.1577102e-06
2.1476126e-06
2.1392011e-06
2.132294e-06
2.125492e-06
2.1188926e-06
2.1130344e-06
2.1078466e-06
2.1033612e-06
2.0996307e-06
2.0970819e-06
2.0946257e-06
2.0925602e-06
2.0907361e-06
2.0895308e-06
2.0884972e-06
2.0880481e-06
2.0876014e-06
2.0877133e-06
2.0876036e-06
2.0880927e-06
2.0881064e-06
2.0887781e-06
2.0886907e-06
2.0893784e-06
2.0889319e-06
2.0894818e-06
2.0884366e-06
2.0886969e-06
2.0868283e-06
2.086693e-06
2.083773e-06
2.0831235e-06
2.0789052e-06
2.077619e-06
2.0719161e-06
2.069948e-06
2.0625577e-06
2.0599489e-06
2.0506776e-06
2.0472639e-06
2.0357782e-06
2.0316084e-06
2.0175849e-06
2.0126929e-06
1.9958954e-06
1.9905725e-06
1.9703002e-06
1.9651815e-06
1.9406548e-06
1.9441746e-06
1.837321e-06
5.3484276e-06
5.3500191e-06
5.3469491e-06
5.3406845e-06
5.33276e-06
5.3232091e-06
5.3117043e-06
5.30016e-06
5.2864126e-06
5.2681193e-06
5.2549639e-06
5.2342569e-06
5.2176211e-06
5.199125e-06
5.1728643e-06
5.1529227e-06
5.1335438e-06
5.1065156e-06
5.0797116e-06
5.0563018e-06
5.0333756e-06
5.0058229e-06
4.9739433e-06
4.9475593e-06
4.9207149e-06
4.892693e-06
4.8633723e-06
4.8339937e-06
4.8034069e-06
4.771238e-06
4.7414054e-06
4.7112243e-06
4.6805902e-06
4.6497536e-06
4.6187459e-06
4.5873657e-06
4.5560547e-06
4.5246289e-06
4.4934405e-06
4.4620001e-06
4.4307991e-06
4.3994951e-06
4.3686421e-06
4.3375762e-06
4.3071562e-06
4.2755519e-06
4.2447977e-06
4.213804e-06
4.1835641e-06
4.1543883e-06
4.1263148e-06
4.0980885e-06
4.0702893e-06
4.0419935e-06
4.0139736e-06
3.9856283e-06
3.957486e-06
3.9292377e-06
3.9007011e-06
3.8738048e-06
3.847462e-06
3.819963e-06
3.7929146e-06
3.7654115e-06
3.7411264e-06
3.7156404e-06
3.6896485e-06
3.6625313e-06
3.6399546e-06
3.6164179e-06
3.5905183e-06
3.5658542e-06
3.5445876e-06
3.5219509e-06
3.495289e-06
3.4752211e-06
3.4558743e-06
3.429345e-06
3.4097974e-06
3.3896919e-06
3.351116e-06
3.2983551e-06
3.2517812e-06
3.2032334e-06
3.1540809e-06
3.1102159e-06
3.0680187e-06
3.0242648e-06
2.9875107e-06
2.9469649e-06
2.9140227e-06
2.8773941e-06
2.8470456e-06
2.8139092e-06
2.7860677e-06
2.7576611e-06
2.7304146e-06
2.706698e-06
2.6807734e-06
2.6596065e-06
2.639651e-06
2.6170834e-06
2.5995253e-06
2.5826708e-06
2.5656032e-06
2.5487327e-06
2.5359022e-06
2.523137e-06
2.5104181e-06
2.4982711e-06
2.4880299e-06
2.4796331e-06
2.471537e-06
2.4637332e-06
2.4568159e-06
2.4506635e-06
2.4454015e-06
2.4409767e-06
2.4380224e-06
2.4352268e-06
2.4329887e-06
2.430989e-06
2.4297728e-06
2.4287047e-06
2.4284069e-06
2.4280484e-06
2.4284497e-06
2.428511e-06
2.4293854e-06
2.429608e-06
2.4307283e-06
2.4308391e-06
2.4320091e-06
2.4317124e-06
2.4327437e-06
2.4317596e-06
2.4324709e-06
2.4305382e-06
2.4307991e-06
2.4276629e-06
2.4273368e-06
2.4227313e-06
2.4216752e-06
2.4153802e-06
2.4135363e-06
2.4053356e-06
2.4027445e-06
2.3924519e-06
2.3889588e-06
2.3762266e-06
2.3718602e-06
2.3563935e-06
2.3512002e-06
2.3327353e-06
2.3270213e-06
2.3049179e-06
2.2992232e-06
2.2729771e-06
2.2756909e-06
2.164705e-06
6.0958992e-06
6.1015902e-06
6.1020185e-06
6.0991446e-06
6.0940804e-06
6.0870735e-06
6.0773852e-06
6.0678009e-06
6.0555347e-06
6.0383424e-06
6.0259499e-06
6.00604e-06
5.9898518e-06
5.9719144e-06
5.9451812e-06
5.9248215e-06
5.9055773e-06
5.8778005e-06
5.8496916e-06
5.8252693e-06
5.8017269e-06
5.7730938e-06
5.7389578e-06
5.7108069e-06
5.6823749e-06
5.6526896e-06
5.6214284e-06
5.5899873e-06
5.5571225e-06
5.5221792e-06
5.4897717e-06
5.4570214e-06
5.4237358e-06
5.3901464e-06
5.356306e-06
5.3219418e-06
5.2875755e-06
5.2529817e-06
5.2186086e-06
5.1838617e-06
5.1493262e-06
5.114572e-06
5.0802774e-06
5.0456152e-06
5.0117492e-06
4.9761697e-06
4.9413973e-06
4.9069011e-06
4.8734542e-06
4.8412884e-06
4.8095642e-06
4.7776006e-06
4.7460447e-06
4.7139686e-06
4.6822407e-06
4.6501055e-06
4.6181597e-06
4.586007e-06
4.553479e-06
4.5225796e-06
4.492458e-06
4.4609647e-06
4.4299964e-06
4.398257e-06
4.3701198e-06
4.3406973e-06
4.3108552e-06
4.2794605e-06
4.2529787e-06
4.225663e-06
4.1958179e-06
4.1670159e-06
4.1418945e-06
4.1155931e-06
4.0847752e-06
4.0606621e-06
4.0379803e-06
4.0073112e-06
3.983872e-06
3.9604323e-06
3.9156164e-06
3.8525047e-06
3.7966615e-06
3.7387812e-06
3.6804396e-06
3.6273559e-06
3.5769939e-06
3.5241021e-06
3.4798471e-06
3.4306406e-06
3.3907554e-06
3.3462327e-06
3.3093334e-06
3.2690819e-06
3.2349706e-06
3.2005028e-06
3.167168e-06
3.1382377e-06
3.1067941e-06
3.0806177e-06
3.0564274e-06
3.0291312e-06
3.00757e-06
2.9869193e-06
2.9664651e-06
2.945996e-06
2.9302171e-06
2.9147434e-06
2.8995415e-06
2.8849836e-06
2.87256e-06
2.8623486e-06
2.8526931e-06
2.8434631e-06
2.8353066e-06
2.8280261e-06
2.8218617e-06
2.8166259e-06
2.8131832e-06
2.8099919e-06
2.8075703e-06
2.8054002e-06
2.8042106e-06
2.8031498e-06
2.8030753e-06
2.8028776e-06
2.8036718e-06
2.8040058e-06
2.8053969e-06
2.8059537e-06
2.8076775e-06
2.8081316e-06
2.8099557e-06
2.8099699e-06
2.8116683e-06
2.8109189e-06
2.8122765e-06
2.8104623e-06
2.8113201e-06
2.8081568e-06
2.8083572e-06
2.8035604e-06
2.8029427e-06
2.7962581e-06
2.7947465e-06
2.785943e-06
2.7835719e-06
2.772469e-06
2.7690935e-06
2.755345e-06
2.7509688e-06
2.7343173e-06
2.7290169e-06
2.7091626e-06
2.7032326e-06
2.6796291e-06
2.6734966e-06
2.6458815e-06
2.6479619e-06
2.5341847e-06
6.9002841e-06
6.9118291e-06
6.9173824e-06
6.9191868e-06
6.9184927e-06
6.9152949e-06
6.9091628e-06
6.9028322e-06
6.8931833e-06
6.8784303e-06
6.8674647e-06
6.8496138e-06
6.834631e-06
6.8180897e-06
6.7918851e-06
6.7717284e-06
6.7532769e-06
6.7255246e-06
6.6967412e-06
6.6718141e-06
6.6481861e-06
6.6190622e-06
6.5831556e-06
6.553611e-06
6.5239616e-06
6.4929956e-06
6.4601564e-06
6.426981e-06
6.3921514e-06
6.3546751e-06
6.3198844e-06
6.2847376e-06
6.2489639e-06
6.2127593e-06
6.1762075e-06
6.1389531e-06
6.1016015e-06
6.0638731e-06
6.0263315e-06
5.9882621e-06
5.9503591e-06
5.9120845e-06
5.8742533e-06
5.8358407e-06
5.7984377e-06
5.7585062e-06
5.7199609e-06
5.6820575e-06
5.6456055e-06
5.6098647e-06
5.5743139e-06
5.538401e-06
5.5028673e-06
5.4667555e-06
5.4310637e-06
5.3948721e-06
5.3588563e-06
5.3225134e-06
5.2857017e-06
5.2504573e-06
5.2162227e-06
5.1803738e-06
5.1451599e-06
5.1087968e-06
5.0764234e-06
5.042631e-06
5.0085617e-06
4.9724801e-06
4.9416593e-06
4.9100955e-06
4.8758825e-06
4.8425094e-06
4.8130542e-06
4.7825958e-06
4.7471992e-06
4.7185312e-06
4.6920065e-06
4.6567181e-06
4.6289227e-06
4.6015113e-06
4.5495925e-06
4.4746987e-06
4.408189e-06
4.3395615e-06
4.2706725e-06
4.2068573e-06
4.1470359e-06
4.0834895e-06
4.0304676e-06
3.9711235e-06
3.9230427e-06
3.8692493e-06
3.8245773e-06
3.7759624e-06
3.7343668e-06
3.6927334e-06
3.652156e-06
3.6170023e-06
3.5790396e-06
3.546833e-06
3.5175742e-06
3.4846813e-06
3.4583175e-06
3.4330982e-06
3.4086136e-06
3.3838991e-06
3.3645549e-06
3.3458155e-06
3.3276448e-06
3.3102506e-06
3.2952364e-06
3.282826e-06
3.2712878e-06
3.2603585e-06
3.2507433e-06
3.2421385e-06
3.2349203e-06
3.2287367e-06
3.2247018e-06
3.2210387e-06
3.2184078e-06
3.2160646e-06
3.2149373e-06
3.2139298e-06
3.2141575e-06
3.2142052e-06
3.2155077e-06
3.2162353e-06
3.2182915e-06
3.2193335e-06
3.2218379e-06
3.2228137e-06
3.2254901e-06
3.2260168e-06
3.2285984e-06
3.2283049e-06
3.2305381e-06
3.2290798e-06
3.2307723e-06
3.227833e-06
3.2288033e-06
3.2240779e-06
3.2241494e-06
3.2173519e-06
3.2164269e-06
3.2073103e-06
3.2054102e-06
3.1937962e-06
3.1907797e-06
3.176337e-06
3.1721963e-06
3.1546885e-06
3.1495326e-06
3.1286544e-06
3.1227359e-06
3.0980458e-06
3.0916838e-06
3.0631133e-06
3.0648514e-06
2.9495695e-06
7.756364e-06
7.7762365e-06
7.7891029e-06
7.7977502e-06
7.8034297e-06
7.8055809e-06
7.8048394e-06
7.8032624e-06
7.7980851e-06
7.7877973e-06
7.7791756e-06
7.7652219e-06
7.7524514e-06
7.7384122e-06
7.714132e-06
7.6950405e-06
7.6782635e-06
7.651609e-06
7.6230626e-06
7.598367e-06
7.5753828e-06
7.546569e-06
7.5096267e-06
7.4792638e-06
7.4489477e-06
7.4172589e-06
7.3833783e-06
7.3489626e-06
7.3126438e-06
7.2730444e-06
7.2362129e-06
7.1989799e-06
7.1610147e-06
7.1224561e-06
7.083432e-06
7.043496e-06
7.0033383e-06
6.9626101e-06
6.9220094e-06
6.880686e-06
6.8394605e-06
6.7976649e-06
6.7562554e-06
6.7139655e-06
6.6730191e-06
6.6288454e-06
6.5868267e-06
6.5457469e-06
6.5061676e-06
6.4664681e-06
6.4269523e-06
6.3869276e-06
6.3472453e-06
6.3068883e-06
6.2670153e-06
6.2265337e-06
6.1862142e-06
6.1454258e-06
6.1040737e-06
6.0641725e-06
6.0255147e-06
5.9849612e-06
5.9451939e-06
5.9038389e-06
5.8668661e-06
5.8282721e-06
5.7895963e-06
5.7484232e-06
5.7128421e-06
5.6765518e-06
5.6375337e-06
5.5991515e-06
5.5648863e-06
5.529751e-06
5.4893382e-06
5.4556015e-06
5.4247073e-06
5.3842717e-06
5.35167e-06
5.3196071e-06
5.259623e-06
5.1714088e-06
5.0927167e-06
5.0117771e-06
4.9308799e-06
4.8546681e-06
4.7839608e-06
4.7080841e-06
4.6448918e-06
4.573769e-06
4.5160888e-06
4.451482e-06
4.3976528e-06
4.3392722e-06
4.2888129e-06
4.2387534e-06
4.1896197e-06
4.1470917e-06
4.1014562e-06
4.0620623e-06
4.0267781e-06
3.9872601e-06
3.9551808e-06
3.9245007e-06
3.8952348e-06
3.8655201e-06
3.8419e-06
3.8192419e-06
3.7975217e-06
3.7767902e-06
3.7587125e-06
3.7436542e-06
3.7298457e-06
3.716884e-06
3.7055413e-06
3.6953756e-06
3.6869191e-06
3.6796254e-06
3.6748706e-06
3.6706363e-06
3.6677491e-06
3.6652163e-06
3.6641784e-06
3.6632698e-06
3.6638801e-06
3.6642669e-06
3.6662011e-06
3.6674595e-06
3.6703423e-06
3.6720452e-06
3.6755245e-06
3.6772332e-06
3.6809819e-06
3.6822633e-06
3.6859694e-06
3.6864018e-06
3.6897686e-06
3.6889603e-06
3.6917579e-06
3.6893573e-06
3.6913766e-06
3.6870551e-06
3.6881041e-06
3.681547e-06
3.6815027e-06
3.6724478e-06
3.6713125e-06
3.6595798e-06
3.6572028e-06
3.6424885e-06
3.6388783e-06
3.6209232e-06
3.6162101e-06
3.5947621e-06
3.589135e-06
3.5638483e-06
3.5575347e-06
3.5284844e-06
3.5302706e-06
3.4149344e-06
8.654757e-06
8.6864465e-06
8.7095482e-06
8.7279802e-06
8.7427443e-06
8.7528566e-06
8.7598667e-06
8.7648243e-06
8.766393e-06
8.7623956e-06
8.7584246e-06
8.7505352e-06
8.7414544e-06
8.7314975e-06
8.7111682e-06
8.6943213e-06
8.6803763e-06
8.6562574e-06
8.6292214e-06
8.6057975e-06
8.5844525e-06
8.5570208e-06
8.5201033e-06
8.4897652e-06
8.4595727e-06
8.4279485e-06
8.3937929e-06
8.3588486e-06
8.3217249e-06
8.2806313e-06
8.2422997e-06
8.2034723e-06
8.163789e-06
8.1233021e-06
8.0821992e-06
8.0399403e-06
7.9972984e-06
7.953837e-06
7.910407e-06
7.8660042e-06
7.8215986e-06
7.7763682e-06
7.731398e-06
7.6851184e-06
7.6411315e-06
7.5934197e-06
7.5481061e-06
7.5041118e-06
7.4608437e-06
7.4171497e-06
7.3736086e-06
7.3293815e-06
7.2854511e-06
7.2407078e-06
7.1964982e-06
7.1515471e-06
7.1067428e-06
7.0613011e-06
7.015206e-06
6.9703854e-06
6.9270398e-06
6.8814641e-06
6.8368699e-06
6.790189e-06
6.7482925e-06
6.7044881e-06
6.6608408e-06
6.6141888e-06
6.5734533e-06
6.531969e-06
6.4877099e-06
6.4438843e-06
6.4043516e-06
6.3640097e-06
6.3181388e-06
6.2788234e-06
6.2430368e-06
6.1968867e-06
6.1590488e-06
6.1216346e-06
6.052533e-06
5.9493663e-06
5.8568828e-06
5.7619275e-06
5.6674717e-06
5.5770622e-06
5.4939229e-06
5.4038909e-06
5.3289954e-06
5.2442975e-06
5.1754679e-06
5.0983448e-06
5.0338112e-06
4.9641089e-06
4.9032426e-06
4.843337e-06
4.7841702e-06
4.7329868e-06
4.678343e-06
4.6304806e-06
4.5881036e-06
4.5407244e-06
4.5019035e-06
4.4647549e-06
4.4298505e-06
4.3942416e-06
4.3655356e-06
4.3382073e-06
4.3122526e-06
4.287598e-06
4.2659063e-06
4.2476794e-06
4.2311433e-06
4.2157488e-06
4.2023507e-06
4.190338e-06
4.1804168e-06
4.1718186e-06
4.1661866e-06
4.1612541e-06
4.1580366e-06
4.1552771e-06
4.1543388e-06
4.1535678e-06
4.1546353e-06
4.1554589e-06
4.1581494e-06
4.1600885e-06
4.1639651e-06
4.1665254e-06
4.1711845e-06
4.1738669e-06
4.1789225e-06
4.1812389e-06
4.1863286e-06
4.187803e-06
4.1925825e-06
4.1927728e-06
4.1969699e-06
4.1954852e-06
4.1988603e-06
4.1953443e-06
4.1976871e-06
4.1918003e-06
4.1929601e-06
4.1844259e-06
4.1843807e-06
4.173015e-06
4.1716092e-06
4.1571131e-06
4.1543795e-06
4.1364758e-06
4.1325424e-06
4.1110601e-06
4.1060548e-06
4.0807306e-06
4.0748056e-06
4.0458097e-06
4.048116e-06
3.9347425e-06
9.5804128e-06
9.6288678e-06
9.6660633e-06
9.6982845e-06
9.7257862e-06
9.747357e-06
9.7653424e-06
9.7799706e-06
9.7911233e-06
9.7950168e-06
9.7993596e-06
9.7992118e-06
9.7968409e-06
9.7930345e-06
9.7793024e-06
9.766281e-06
9.7568572e-06
9.7373676e-06
9.7135699e-06
9.6928204e-06
9.6744229e-06
9.649798e-06
9.6143896e-06
9.5852719e-06
9.5563109e-06
9.5258399e-06
9.4924761e-06
9.4580015e-06
9.4210268e-06
9.3793505e-06
9.3403189e-06
9.3006272e-06
9.2599311e-06
9.2181574e-06
9.1755711e-06
9.1315426e-06
9.0869204e-06
9.0411613e-06
8.995284e-06
8.9481052e-06
8.9007772e-06
8.8523006e-06
8.8038407e-06
8.7546131e-06
8.7080244e-06
8.6574118e-06
8.6093673e-06
8.5620633e-06
8.5150384e-06
8.4674088e-06
8.4198886e-06
8.3714692e-06
8.3232896e-06
8.2741147e-06
8.2255034e-06
8.1759839e-06
8.1265921e-06
8.0763602e-06
8.0253963e-06
7.9754661e-06
7.9272389e-06
7.8763796e-06
7.8267408e-06
7.774454e-06
7.7273695e-06
7.6779942e-06
7.6290484e-06
7.5765644e-06
7.5303255e-06
7.4832138e-06
7.4333024e-06
7.3836173e-06
7.3383956e-06
7.2923292e-06
7.2405733e-06
7.1951822e-06
7.1540092e-06
7.1015564e-06
7.0580789e-06
7.0146199e-06
6.9352857e-06
6.8154626e-06
6.7075206e-06
6.5967307e-06
6.4870976e-06
6.3805781e-06
6.283364e-06
6.1772207e-06
6.0889773e-06
5.9887702e-06
5.9071092e-06
5.8156206e-06
5.7386825e-06
5.6559556e-06
5.5829849e-06
5.5116557e-06
5.4408205e-06
5.3796014e-06
5.3143879e-06
5.2566944e-06
5.205584e-06
5.1495186e-06
5.1026214e-06
5.0579051e-06
5.0164025e-06
4.9738148e-06
4.9391174e-06
4.9062681e-06
4.8752832e-06
4.8460286e-06
4.8200782e-06
4.7980818e-06
4.7782851e-06
4.7599841e-06
4.7441351e-06
4.7299303e-06
4.7182663e-06
4.7081282e-06
4.7014254e-06
4.6956348e-06
4.6919796e-06
4.6889288e-06
4.688074e-06
4.6874645e-06
4.6890481e-06
4.6904027e-06
4.6939658e-06
4.6967411e-06
4.701775e-06
4.7054039e-06
4.7114485e-06
4.715369e-06
4.7219702e-06
4.7256347e-06
4.7323735e-06
4.735247e-06
4.7417268e-06
4.7433143e-06
4.7492169e-06
4.7490834e-06
4.7541348e-06
4.7518922e-06
4.7558591e-06
4.751146e-06
4.7538469e-06
4.7463732e-06
4.7477612e-06
4.7373342e-06
4.7372689e-06
4.7235459e-06
4.7220701e-06
4.7048022e-06
4.7020179e-06
4.6811078e-06
4.6770981e-06
4.6523561e-06
4.6472078e-06
4.618853e-06
4.6222148e-06
4.5126413e-06
1.0510853e-05
1.0582842e-05
1.0639268e-05
1.0690746e-05
1.0735877e-05
1.0773582e-05
1.080691e-05
1.0835386e-05
1.0859994e-05
1.0875451e-05
1.0891537e-05
1.0901152e-05
1.0909133e-05
1.0914555e-05
1.0910821e-05
1.0904184e-05
1.0901465e-05
1.0889264e-05
1.0871105e-05
1.0855099e-05
1.0841597e-05
1.0821608e-05
1.0789679e-05
1.0763403e-05
1.0737203e-05
1.0709368e-05
1.0678256e-05
1.0645626e-05
1.0610104e-05
1.0569123e-05
1.0530527e-05
1.0491012e-05
1.045031e-05
1.0408171e-05
1.0364958e-05
1.0319963e-05
1.0274094e-05
1.0226685e-05
1.0178929e-05
1.0129422e-05
1.0079559e-05
1.0028315e-05
9.977872e-06
9.9264427e-06
9.877756e-06
9.8251627e-06
9.7745622e-06
9.7237612e-06
9.6732197e-06
9.62186e-06
9.5705505e-06
9.5180857e-06
9.4657881e-06
9.4122654e-06
9.3593121e-06
9.3052399e-06
9.251269e-06
9.1962106e-06
9.1403573e-06
9.0852271e-06
9.0320259e-06
8.9757093e-06
8.920892e-06
8.8627988e-06
8.8103467e-06
8.7551176e-06
8.7006145e-06
8.6420048e-06
8.5899805e-06
8.5368682e-06
8.4809479e-06
8.4250264e-06
8.3737521e-06
8.3214803e-06
8.2634543e-06
8.2115182e-06
8.1645188e-06
8.1051823e-06
8.0556995e-06
8.0055369e-06
7.9148348e-06
7.7766167e-06
7.6515378e-06
7.5230164e-06
7.3965523e-06
7.2719343e-06
7.1589401e-06
7.0346298e-06
6.9313094e-06
6.8135502e-06
6.7172685e-06
6.6094451e-06
6.5182699e-06
6.4206852e-06
6.3337787e-06
6.2492999e-06
6.1650277e-06
6.0923447e-06
6.0147021e-06
5.9457614e-06
5.8841767e-06
5.8183534e-06
5.7619215e-06
5.7085344e-06
5.6587105e-06
5.6086211e-06
5.5667651e-06
5.5274532e-06
5.4905284e-06
5.4559064e-06
5.4249318e-06
5.3984833e-06
5.3748327e-06
5.3530884e-06
5.334326e-06
5.3175242e-06
5.3037773e-06
5.2918118e-06
5.2837937e-06
5.2769375e-06
5.2726807e-06
5.2692227e-06
5.2683889e-06
5.2679419e-06
5.2700729e-06
5.2720389e-06
5.2765714e-06
5.2803338e-06
5.2866723e-06
5.2915868e-06
5.2992105e-06
5.3046479e-06
5.3130248e-06
5.3183735e-06
5.3270197e-06
5.3316811e-06
5.340142e-06
5.3435661e-06
5.3514749e-06
5.3531777e-06
5.3602222e-06
5.35978e-06
5.3656964e-06
5.3627272e-06
5.3672999e-06
5.3615017e-06
5.3646906e-06
5.3558017e-06
5.3574753e-06
5.3451511e-06
5.34533e-06
5.3293519e-06
5.3281096e-06
5.3084372e-06
5.3058271e-06
5.2823376e-06
5.2783769e-06
5.2512996e-06
5.2563061e-06
5.1522807e-06
1.1414525e-05
1.1517893e-05
1.1600954e-05
1.167918e-05
1.1748419e-05
1.1808483e-05
1.1863029e-05
1.1910909e-05
1.1954206e-05
1.1986037e-05
1.2018591e-05
1.2042372e-05
1.2064152e-05
1.2082478e-05
1.2091507e-05
1.209643e-05
1.2103507e-05
1.2102257e-05
1.2092789e-05
1.2084128e-05
1.2077938e-05
1.206523e-05
1.2039698e-05
1.2018571e-05
1.1997138e-05
1.1973849e-05
1.1946937e-05
1.1918019e-05
1.1885711e-05
1.1847174e-05
1.1810587e-05
1.1772693e-05
1.173338e-05
1.1692156e-05
1.1649509e-05
1.160467e-05
1.1558566e-05
1.1510417e-05
1.1461569e-05
1.1410325e-05
1.1359235e-05
1.1307006e-05
1.1255594e-05
1.1202914e-05
1.1152967e-05
1.1099255e-05
1.1045921e-05
1.0992124e-05
1.0938518e-05
1.0883831e-05
1.0829111e-05
1.077293e-05
1.0716822e-05
1.0659205e-05
1.0602136e-05
1.0543682e-05
1.0485293e-05
1.042551e-05
1.0364889e-05
1.0304602e-05
1.0246471e-05
1.0184649e-05
1.0124639e-05
1.0060651e-05
1.0002766e-05
9.9415121e-06
9.8812972e-06
9.8163605e-06
9.7583644e-06
9.6989683e-06
9.6367735e-06
9.5743065e-06
9.5167021e-06
9.45781e-06
9.393204e-06
9.3343044e-06
9.2811195e-06
9.2143619e-06
9.1585628e-06
9.1011031e-06
8.9979383e-06
8.8396068e-06
8.6957629e-06
8.5475898e-06
8.4026539e-06
8.2579194e-06
8.1274259e-06
7.9828389e-06
7.8626673e-06
7.7252468e-06
7.6124852e-06
7.486276e-06
7.3789334e-06
7.2645552e-06
7.1617813e-06
7.0622953e-06
6.9627542e-06
6.8765326e-06
6.7850891e-06
6.7032528e-06
6.6293063e-06
6.5525714e-06
6.4849382e-06
6.4218161e-06
6.3617838e-06
6.3033988e-06
6.25316e-06
6.2064004e-06
6.1625127e-06
6.121668e-06
6.0847624e-06
6.053104e-06
6.0248652e-06
5.9990169e-06
5.9767792e-06
5.9568865e-06
5.9406487e-06
5.9265157e-06
5.9169018e-06
5.9087528e-06
5.9037298e-06
5.8997615e-06
5.8988693e-06
5.8985248e-06
5.9011594e-06
5.9037586e-06
5.9093251e-06
5.9142056e-06
5.9219653e-06
5.9283763e-06
5.9377463e-06
5.9449798e-06
5.9553393e-06
5.9627179e-06
5.9735055e-06
5.980362e-06
5.9910602e-06
5.9967884e-06
6.0069792e-06
6.011042e-06
6.0203701e-06
6.022304e-06
6.0304673e-06
6.0298698e-06
6.0366553e-06
6.0331424e-06
6.0385143e-06
6.031805e-06
6.0356105e-06
6.0253623e-06
6.0275918e-06
6.013607e-06
6.014308e-06
5.9965832e-06
5.9957881e-06
5.9742536e-06
5.9719391e-06
5.9467209e-06
5.9540633e-06
5.8572932e-06
1.2225756e-05
1.2386574e-05
1.2511799e-05
1.262609e-05
1.2728157e-05
1.281927e-05
1.290288e-05
1.2977502e-05
1.3046515e-05
1.3100947e-05
1.3156466e-05
1.3200087e-05
1.3241222e-05
1.327763e-05
1.3302749e-05
1.332411e-05
1.3346224e-05
1.3359482e-05
1.3364081e-05
1.3366328e-05
1.3370826e-05
1.3368674e-05
1.3353106e-05
1.3340119e-05
1.3326498e-05
1.3310666e-05
1.329058e-05
1.3267758e-05
1.3240913e-05
1.3207183e-05
1.3174736e-05
1.314043e-05
1.3104403e-05
1.3065825e-05
1.3025362e-05
1.2982196e-05
1.2937199e-05
1.2889533e-05
1.2840617e-05
1.2790098e-05
1.2739789e-05
1.2687959e-05
1.2636927e-05
1.2584385e-05
1.2534148e-05
1.2479288e-05
1.2424168e-05
1.2368174e-05
1.2312236e-05
1.2254884e-05
1.2197379e-05
1.213805e-05
1.2078667e-05
1.2017431e-05
1.1956691e-05
1.1894232e-05
1.1831788e-05
1.1767569e-05
1.1702487e-05
1.1637264e-05
1.1574425e-05
1.1507219e-05
1.1442166e-05
1.137235e-05
1.130912e-05
1.124182e-05
1.1175885e-05
1.1104554e-05
1.1040532e-05
1.0974693e-05
1.0906091e-05
1.0836874e-05
1.0772784e-05
1.0706957e-05
1.0635576e-05
1.0569378e-05
1.0509759e-05
1.043513e-05
1.0372784e-05
1.0307532e-05
1.0190927e-05
1.0010863e-05
9.8467543e-06
9.6770603e-06
9.5120901e-06
9.3452552e-06
9.1955908e-06
9.0286265e-06
8.8898389e-06
8.7306394e-06
8.5995196e-06
8.4528456e-06
8.3273583e-06
8.19419e-06
8.0735654e-06
7.9571156e-06
7.8404353e-06
7.7386336e-06
7.6316478e-06
7.5352851e-06
7.447041e-06
7.3574403e-06
7.2777278e-06
7.2026933e-06
7.1314533e-06
7.0637099e-06
7.0036942e-06
6.9485536e-06
6.8965561e-06
6.8485331e-06
6.8044732e-06
6.7667571e-06
6.7331618e-06
6.7025065e-06
6.6761679e-06
6.6526327e-06
6.6334153e-06
6.6166973e-06
6.6051214e-06
6.5953674e-06
6.5893011e-06
6.5846089e-06
6.583495e-06
6.5831921e-06
6.5863042e-06
6.589625e-06
6.5961997e-06
6.6022867e-06
6.6115389e-06
6.6196357e-06
6.6308773e-06
6.6401699e-06
6.6526807e-06
6.6624255e-06
6.6755478e-06
6.6850065e-06
6.6981552e-06
6.7066669e-06
6.7193682e-06
6.7263387e-06
6.7381933e-06
6.7431076e-06
6.7538139e-06
6.7561767e-06
6.7655176e-06
6.7649141e-06
6.7728252e-06
6.7689609e-06
6.7752629e-06
6.7677943e-06
6.7724495e-06
6.7611876e-06
6.7642194e-06
6.7491798e-06
6.7506011e-06
6.7317436e-06
6.7315525e-06
6.7086697e-06
6.7192222e-06
6.6312612e-06
1.2830593e-05
1.3058584e-05
1.327348e-05
1.3463796e-05
1.3627309e-05
1.3760349e-05
1.3883294e-05
1.399428e-05
1.4098964e-05
1.418388e-05
1.4271353e-05
1.4341965e-05
1.440997e-05
1.4471313e-05
1.4519009e-05
1.4562709e-05
1.4604926e-05
1.463678e-05
1.466132e-05
1.4681151e-05
1.4700925e-05
1.4713828e-05
1.4713063e-05
1.4712126e-05
1.4710039e-05
1.47051e-05
1.46955e-05
1.4682428e-05
1.4664437e-05
1.4638496e-05
1.4612862e-05
1.4584698e-05
1.4554493e-05
1.4520846e-05
1.4484718e-05
1.4445222e-05
1.4403018e-05
1.4357999e-05
1.4312542e-05
1.4264983e-05
1.4217371e-05
1.4167841e-05
1.4119178e-05
1.4067983e-05
1.4017877e-05
1.3963078e-05
1.390747e-05
1.385045e-05
1.3793266e-05
1.3734246e-05
1.3674901e-05
1.36133e-05
1.3551479e-05
1.3487383e-05
1.3423695e-05
1.3357872e-05
1.3292003e-05
1.3223881e-05
1.3154889e-05
1.308518e-05
1.3018084e-05
1.2945841e-05
1.2876108e-05
1.2800738e-05
1.2732446e-05
1.2659279e-05
1.258781e-05
1.2510199e-05
1.2440277e-05
1.2368004e-05
1.2293042e-05
1.221702e-05
1.2146455e-05
1.207352e-05
1.1995325e-05
1.1921622e-05
1.1855466e-05
1.1772652e-05
1.1703646e-05
1.1630242e-05
1.1499429e-05
1.129622e-05
1.1110572e-05
1.0917634e-05
1.0731232e-05
1.0540427e-05
1.0370046e-05
1.0178695e-05
1.0019606e-05
9.8365766e-06
9.6852678e-06
9.5160908e-06
9.3705032e-06
9.216545e-06
9.0761006e-06
8.940681e-06
8.8050007e-06
8.6855617e-06
8.5611222e-06
8.4485705e-06
8.3441654e-06
8.2397549e-06
8.146817e-06
8.0578142e-06
7.9739854e-06
7.8950344e-06
7.8249449e-06
7.7591149e-06
7.6980631e-06
7.6416589e-06
7.5900209e-06
7.5452376e-06
7.5054454e-06
7.4691925e-06
7.438049e-06
7.4102492e-06
7.3874933e-06
7.367708e-06
7.3537444e-06
7.342025e-06
7.3345961e-06
7.3289311e-06
7.3273752e-06
7.3269748e-06
7.3304295e-06
7.334402e-06
7.3419723e-06
7.3493106e-06
7.3600756e-06
7.3700077e-06
7.3831906e-06
7.3947692e-06
7.4095491e-06
7.4219635e-06
7.4375585e-06
7.4500042e-06
7.4657581e-06
7.477523e-06
7.4929083e-06
7.5033176e-06
7.5179322e-06
7.5263541e-06
7.5398875e-06
7.5457849e-06
7.5579819e-06
7.5609094e-06
7.5716669e-06
7.5713106e-06
7.5804254e-06
7.5764389e-06
7.5838513e-06
7.5760452e-06
7.5817543e-06
7.5701473e-06
7.5741425e-06
7.5586985e-06
7.56107e-06
7.5408679e-06
7.5557931e-06
7.4778167e-06
1.318728e-05
1.3492543e-05
1.3786818e-05
1.4055085e-05
1.4304796e-05
1.4534983e-05
1.4745328e-05
1.4906685e-05
1.5058766e-05
1.51858e-05
1.531608e-05
1.5423584e-05
1.5528716e-05
1.5623923e-05
1.5702444e-05
1.5776518e-05
1.5846816e-05
1.5904381e-05
1.5953365e-05
1.59974e-05
1.6039792e-05
1.6073691e-05
1.6094931e-05
1.6111093e-05
1.6125733e-05
1.6136439e-05
1.6141882e-05
1.6142784e-05
1.6137655e-05
1.612408e-05
1.6109424e-05
1.6091025e-05
1.6069768e-05
1.604374e-05
1.6014686e-05
1.5981398e-05
1.5946223e-05
1.5907808e-05
1.5868568e-05
1.5826605e-05
1.5784347e-05
1.5739859e-05
1.569501e-05
1.5646304e-05
1.5598142e-05
1.5545082e-05
1.5490726e-05
1.5434314e-05
1.5377416e-05
1.5318154e-05
1.5258322e-05
1.5195721e-05
1.5132681e-05
1.5066847e-05
1.5001292e-05
1.4933085e-05
1.4864756e-05
1.4793583e-05
1.4721545e-05
1.4648098e-05
1.4577487e-05
1.4500838e-05
1.4427068e-05
1.4346686e-05
1.4273873e-05
1.4195269e-05
1.4118705e-05
1.4035168e-05
1.3959706e-05
1.3881227e-05
1.3800189e-05
1.3717507e-05
1.3640695e-05
1.3560676e-05
1.3475837e-05
1.3394599e-05
1.3321995e-05
1.323087e-05
1.3155253e-05
1.3073514e-05
1.2928042e-05
1.2700619e-05
1.2492505e-05
1.2274865e-05
1.2065906e-05
1.1849482e-05
1.1657059e-05
1.1439505e-05
1.1258597e-05
1.1049847e-05
1.0876649e-05
1.0683057e-05
1.0515523e-05
1.0338846e-05
1.017671e-05
1.0020336e-05
9.8638729e-06
9.7247568e-06
9.5809424e-06
9.4504688e-06
9.3282401e-06
9.2069904e-06
9.0987753e-06
8.9947194e-06
8.8966735e-06
8.8048047e-06
8.7229958e-06
8.6456739e-06
8.5742139e-06
8.5082617e-06
8.4481579e-06
8.3951532e-06
8.3482247e-06
8.3056327e-06
8.2690149e-06
8.236344e-06
8.2094271e-06
8.1860276e-06
8.1691856e-06
8.1550808e-06
8.1459061e-06
8.1389585e-06
8.1366764e-06
8.135976e-06
8.1395875e-06
8.144057e-06
8.1524278e-06
8.1610846e-06
8.1733366e-06
8.185195e-06
8.2003238e-06
8.2143601e-06
8.2314692e-06
8.2467931e-06
8.2649381e-06
8.2807042e-06
8.2991656e-06
8.3145948e-06
8.3328242e-06
8.347088e-06
8.3646713e-06
8.3770781e-06
8.393667e-06
8.4036386e-06
8.4189316e-06
8.425984e-06
8.4398298e-06
8.4436139e-06
8.4557925e-06
8.4559637e-06
8.4664003e-06
8.4627623e-06
8.4714281e-06
8.4639915e-06
8.4708429e-06
8.4595666e-06
8.4647924e-06
8.4476879e-06
8.4682045e-06
8.4008363e-06
1.3221223e-05
1.3617186e-05
1.3995579e-05
1.4350247e-05
1.4685459e-05
1.5007024e-05
1.530389e-05
1.5575892e-05
1.5835666e-05
1.6042092e-05
1.6228037e-05
1.6386093e-05
1.654014e-05
1.6681506e-05
1.6802015e-05
1.6917334e-05
1.7026113e-05
1.7118372e-05
1.7200971e-05
1.7277591e-05
1.7349368e-05
1.7410922e-05
1.7460877e-05
1.7504138e-05
1.754252e-05
1.757515e-05
1.760178e-05
1.7622413e-05
1.7635644e-05
1.7639589e-05
1.7640518e-05
1.7636508e-05
1.762917e-05
1.761493e-05
1.7597479e-05
1.7576302e-05
1.7552122e-05
1.7524004e-05
1.7494573e-05
1.7461707e-05
1.7428625e-05
1.7390816e-05
1.7351825e-05
1.7308285e-05
1.7264564e-05
1.7215536e-05
1.7164743e-05
1.711115e-05
1.705663e-05
1.6999092e-05
1.6940643e-05
1.6878815e-05
1.681626e-05
1.6750272e-05
1.6684384e-05
1.6615203e-05
1.6545807e-05
1.6472838e-05
1.6399014e-05
1.6322957e-05
1.6249942e-05
1.6169882e-05
1.6093065e-05
1.6008559e-05
1.5932092e-05
1.5848805e-05
1.5767904e-05
1.5679097e-05
1.5598761e-05
1.5514586e-05
1.5428054e-05
1.5339118e-05
1.5256566e-05
1.5169747e-05
1.5078698e-05
1.4990132e-05
1.4911413e-05
1.4812105e-05
1.4730143e-05
1.4640115e-05
1.4479969e-05
1.4227768e-05
1.3996759e-05
1.3753366e-05
1.3521133e-05
1.3277786e-05
1.3062328e-05
1.2817075e-05
1.2613101e-05
1.2377015e-05
1.2180464e-05
1.1960774e-05
1.1769658e-05
1.1568501e-05
1.1382997e-05
1.1203797e-05
1.1024939e-05
1.0864011e-05
1.0699372e-05
1.054904e-05
1.0407635e-05
1.0267458e-05
1.0142109e-05
1.0021625e-05
9.9078671e-06
9.8013843e-06
9.7063413e-06
9.6163537e-06
9.5332466e-06
9.4564876e-06
9.3869772e-06
9.3249488e-06
9.2698317e-06
9.2198259e-06
9.1767716e-06
9.1383858e-06
9.1067137e-06
9.0791814e-06
9.0589829e-06
9.0420612e-06
9.0307317e-06
9.0221369e-06
9.0187805e-06
9.0174795e-06
9.0209441e-06
9.0258013e-06
9.034943e-06
9.0448682e-06
9.0585209e-06
9.0723116e-06
9.0893274e-06
9.1059229e-06
9.1253634e-06
9.1437344e-06
9.1644544e-06
9.1837935e-06
9.2050711e-06
9.2243854e-06
9.2456159e-06
9.2640474e-06
9.284762e-06
9.3015447e-06
9.321362e-06
9.3358719e-06
9.3544399e-06
9.3661494e-06
9.3832512e-06
9.3917474e-06
9.4071697e-06
9.412124e-06
9.4257749e-06
9.4269734e-06
9.4387903e-06
9.4362276e-06
9.4461209e-06
9.4397698e-06
9.4479204e-06
9.4351653e-06
9.4607813e-06
9.4043405e-06
1.2825982e-05
1.3328865e-05
1.3807171e-05
1.4265712e-05
1.4697814e-05
1.5117398e-05
1.5506868e-05
1.5879611e-05
1.6240319e-05
1.6567648e-05
1.6866773e-05
1.7153772e-05
1.7371278e-05
1.7573231e-05
1.7750612e-05
1.7920158e-05
1.8080811e-05
1.8220519e-05
1.8348803e-05
1.8469213e-05
1.8581155e-05
1.8680299e-05
1.8766134e-05
1.884499e-05
1.8915609e-05
1.8980597e-05
1.9037039e-05
1.908483e-05
1.9123725e-05
1.9152033e-05
1.9174782e-05
1.9190756e-05
1.9202836e-05
1.9208212e-05
1.9209596e-05
1.9206505e-05
1.919904e-05
1.9185768e-05
1.9170558e-05
1.9151183e-05
1.9129234e-05
1.9101642e-05
1.9072145e-05
1.9037298e-05
1.9001354e-05
1.8959451e-05
1.8915266e-05
1.8867432e-05
1.8818082e-05
1.8764911e-05
1.871037e-05
1.8651722e-05
1.8591969e-05
1.8527992e-05
1.8463874e-05
1.8395672e-05
1.8327132e-05
1.8254136e-05
1.8180284e-05
1.8103227e-05
1.8029379e-05
1.7947359e-05
1.7868925e-05
1.7781617e-05
1.7702773e-05
1.7615963e-05
1.7531883e-05
1.7438845e-05
1.7354678e-05
1.7265675e-05
1.7174608e-05
1.7080161e-05
1.6992715e-05
1.6899719e-05
1.6803225e-05
1.6707845e-05
1.6623651e-05
1.651661e-05
1.642885e-05
1.6330867e-05
1.6156594e-05
1.5879759e-05
1.5626093e-05
1.5356477e-05
1.5100811e-05
1.4829745e-05
1.4590722e-05
1.4316741e-05
1.4088855e-05
1.3824228e-05
1.360321e-05
1.3356087e-05
1.3140095e-05
1.2912971e-05
1.2702737e-05
1.2499076e-05
1.2296412e-05
1.2112223e-05
1.1925115e-05
1.1753034e-05
1.1591503e-05
1.1430172e-05
1.1286144e-05
1.1148081e-05
1.1017151e-05
1.0894344e-05
1.0784595e-05
1.0680764e-05
1.0584824e-05
1.0496037e-05
1.0415862e-05
1.0344052e-05
1.0280048e-05
1.0221914e-05
1.0171677e-05
1.0126766e-05
1.0089476e-05
1.0057055e-05
1.003283e-05
1.0012526e-05
9.9985389e-06
9.9878961e-06
9.9831181e-06
9.9809751e-06
9.9840994e-06
9.9891618e-06
9.9988627e-06
1.0009791e-05
1.0024701e-05
1.0040307e-05
1.0059113e-05
1.0078298e-05
1.0100002e-05
1.0121407e-05
1.0144831e-05
1.0167673e-05
1.0192017e-05
1.0215098e-05
1.0239637e-05
1.0262268e-05
1.0286369e-05
1.0307688e-05
1.033096e-05
1.0350265e-05
1.0372302e-05
1.0389048e-05
1.040952e-05
1.0423205e-05
1.0442005e-05
1.0452286e-05
1.0469277e-05
1.0475901e-05
1.0490984e-05
1.0493917e-05
1.0506967e-05
1.0506193e-05
1.0517379e-05
1.0509977e-05
1.0539753e-05
1.0493339e-05
1.1897529e-05
1.2518963e-05
1.3112422e-05
1.3693386e-05
1.4236504e-05
1.4768401e-05
1.5263991e-05
1.5745628e-05
1.6212468e-05
1.6653446e-05
1.7064604e-05
1.7471358e-05
1.7823155e-05
1.8174577e-05
1.8463305e-05
1.8703111e-05
1.8931671e-05
1.913482e-05
1.9323871e-05
1.9501967e-05
1.9669189e-05
1.9819398e-05
1.9953445e-05
2.007994e-05
2.019327e-05
2.029816e-05
2.0393722e-05
2.0479412e-05
2.0556102e-05
2.061675e-05
2.0669422e-05
2.071678e-05
2.0757722e-05
2.0789566e-05
2.0816692e-05
2.0838192e-05
2.085312e-05
2.0862481e-05
2.0867816e-05
2.0866412e-05
2.086019e-05
2.0847202e-05
2.0831478e-05
2.080992e-05
2.0786122e-05
2.0755454e-05
2.0721876e-05
2.0683663e-05
2.0643143e-05
2.059783e-05
2.0550544e-05
2.0498283e-05
2.044441e-05
2.0385339e-05
2.0325811e-05
2.0261221e-05
2.0196125e-05
2.0125507e-05
2.0054009e-05
1.9978163e-05
1.9905632e-05
1.9823671e-05
1.9745594e-05
1.9657346e-05
1.9577915e-05
1.9489244e-05
1.9403642e-05
1.9307886e-05
1.9221398e-05
1.9128885e-05
1.9034705e-05
1.8935914e-05
1.8844838e-05
1.8746709e-05
1.8645951e-05
1.8544651e-05
1.8456006e-05
1.8342081e-05
1.8249426e-05
1.8144183e-05
1.7957035e-05
1.7656631e-05
1.7381417e-05
1.7085885e-05
1.6807365e-05
1.6508478e-05
1.6245979e-05
1.5942876e-05
1.5690775e-05
1.5396968e-05
1.5150869e-05
1.4875463e-05
1.4633775e-05
1.4379609e-05
1.4143725e-05
1.3914336e-05
1.3686832e-05
1.3478101e-05
1.3267474e-05
1.3071925e-05
1.2889613e-05
1.2705639e-05
1.2541587e-05
1.2384674e-05
1.2235437e-05
1.2094403e-05
1.1968757e-05
1.1850223e-05
1.1740276e-05
1.1638309e-05
1.1546195e-05
1.1463836e-05
1.1390169e-05
1.132314e-05
1.1265009e-05
1.1213007e-05
1.1169536e-05
1.1131672e-05
1.1102898e-05
1.1078711e-05
1.1061594e-05
1.1048438e-05
1.1041812e-05
1.1038383e-05
1.1040803e-05
1.1045641e-05
1.1055628e-05
1.1067273e-05
1.1083311e-05
1.1100456e-05
1.1121021e-05
1.1142729e-05
1.1166615e-05
1.1190678e-05
1.1217332e-05
1.1242765e-05
1.1271149e-05
1.1297137e-05
1.1326076e-05
1.1351789e-05
1.1380593e-05
1.1405272e-05
1.1433291e-05
1.1456465e-05
1.1482956e-05
1.1504273e-05
1.152855e-05
1.1547678e-05
1.1570109e-05
1.1586019e-05
1.1606539e-05
1.1618974e-05
1.1637421e-05
1.1646305e-05
1.1662604e-05
1.1667895e-05
1.1682297e-05
1.1680823e-05
1.1714328e-05
1.1676963e-05
1.0424802e-05
1.1152698e-05
1.1850671e-05
1.254833e-05
1.3197974e-05
1.3850437e-05
1.4464797e-05
1.5071994e-05
1.5656004e-05
1.62157e-05
1.6743271e-05
1.7267136e-05
1.7745917e-05
1.8226969e-05
1.8677022e-05
1.9066571e-05
1.9460252e-05
1.9767363e-05
2.0035488e-05
2.028883e-05
2.0528383e-05
2.0747038e-05
2.0945465e-05
2.1134354e-05
2.1305835e-05
2.1464475e-05
2.1612749e-05
2.1746961e-05
2.1870996e-05
2.1977024e-05
2.2075731e-05
2.2164853e-05
2.2243943e-05
2.2311378e-05
2.2373769e-05
2.2429116e-05
2.2473971e-05
2.2511099e-05
2.2543322e-05
2.25666e-05
2.2584077e-05
2.2593694e-05
2.2599251e-05
2.2596182e-05
2.2589335e-05
2.257448e-05
2.2556739e-05
2.253317e-05
2.2506215e-05
2.2473306e-05
2.2437655e-05
2.2395993e-05
2.2352013e-05
2.2301656e-05
2.225043e-05
2.2192942e-05
2.2134692e-05
2.2069649e-05
2.2003659e-05
2.1931986e-05
2.1863636e-05
2.1784456e-05
2.1709388e-05
2.1622727e-05
2.1545131e-05
2.1456883e-05
2.1372029e-05
2.1275657e-05
2.118893e-05
2.1094775e-05
2.0999466e-05
2.0898033e-05
2.0805094e-05
2.0703392e-05
2.0600064e-05
2.0494213e-05
2.04026e-05
2.0283138e-05
2.0186927e-05
2.0075562e-05
1.9877647e-05
1.9555903e-05
1.9261345e-05
1.8941214e-05
1.864135e-05
1.8315449e-05
1.8030355e-05
1.769857e-05
1.742266e-05
1.7099779e-05
1.682864e-05
1.6524745e-05
1.6257173e-05
1.5975454e-05
1.5713585e-05
1.545772e-05
1.5204874e-05
1.4970733e-05
1.4736073e-05
1.4515895e-05
1.4312005e-05
1.4104882e-05
1.3919813e-05
1.3742447e-05
1.3575249e-05
1.3414288e-05
1.3271922e-05
1.3137277e-05
1.3012693e-05
1.2896523e-05
1.2791755e-05
1.2697939e-05
1.2613859e-05
1.253726e-05
1.2470586e-05
1.241088e-05
1.2360675e-05
1.2316834e-05
1.2283027e-05
1.2254489e-05
1.2233831e-05
1.2217742e-05
1.220892e-05
1.2203823e-05
1.2205255e-05
1.2209529e-05
1.2219592e-05
1.2231615e-05
1.2248684e-05
1.2266946e-05
1.2289517e-05
1.2312983e-05
1.2339447e-05
1.23655e-05
1.239578e-05
1.2423616e-05
1.245594e-05
1.2484778e-05
1.2518056e-05
1.2546935e-05
1.2580336e-05
1.2608518e-05
1.264128e-05
1.2668189e-05
1.269964e-05
1.2724791e-05
1.275455e-05
1.2777334e-05
1.2805236e-05
1.2825251e-05
1.2850836e-05
1.2868129e-05
1.2890728e-05
1.2905417e-05
1.29253e-05
1.2936921e-05
1.2954828e-05
1.2959681e-05
1.2996509e-05
1.2968283e-05
8.5915374e-06
9.3596555e-06
1.0096121e-05
1.085408e-05
1.1570834e-05
1.2328893e-05
1.305189e-05
1.3781718e-05
1.447402e-05
1.5152217e-05
1.5802223e-05
1.6452396e-05
1.7063782e-05
1.7671221e-05
1.8258505e-05
1.8789467e-05
1.9325738e-05
1.9830104e-05
2.0282894e-05
2.0707215e-05
2.1057124e-05
2.1366103e-05
2.1648165e-05
2.1918086e-05
2.2168463e-05
2.2398971e-05
2.2616452e-05
2.2815975e-05
2.3002471e-05
2.3167821e-05
2.3324192e-05
2.3463881e-05
2.3593268e-05
2.3712864e-05
2.3822389e-05
2.3919923e-05
2.4003065e-05
2.4078769e-05
2.4147798e-05
2.4204397e-05
2.4253333e-05
2.4293385e-05
2.4327943e-05
2.4352629e-05
2.4371758e-05
2.4381832e-05
2.43858e-05
2.4382162e-05
2.43737e-05
2.4358797e-05
2.4340467e-05
2.431486e-05
2.4285917e-05
2.4249218e-05
2.4211123e-05
2.4165285e-05
2.4118283e-05
2.4062986e-05
2.4006622e-05
2.3943002e-05
2.3882566e-05
2.3809753e-05
2.374118e-05
2.3659456e-05
2.3586892e-05
2.3502104e-05
2.3421017e-05
2.332686e-05
2.3242669e-05
2.3149418e-05
2.3055633e-05
2.2953921e-05
2.2861503e-05
2.2758409e-05
2.2654824e-05
2.2546373e-05
2.245383e-05
2.2330771e-05
2.2232879e-05
2.2117074e-05
2.1911516e-05
2.1572086e-05
2.1261718e-05
2.0919577e-05
2.0601021e-05
2.0250068e-05
1.994425e-05
1.9585272e-05
1.9286857e-05
1.8935944e-05
1.8640646e-05
1.8308879e-05
1.8016034e-05
1.770699e-05
1.7419544e-05
1.7137146e-05
1.685914e-05
1.6599347e-05
1.6340712e-05
1.6095558e-05
1.5869632e-05
1.5639241e-05
1.5433036e-05
1.5234191e-05
1.5048811e-05
1.4868074e-05
1.4708107e-05
1.455676e-05
1.4416979e-05
1.4286289e-05
1.4168158e-05
1.4062192e-05
1.3967135e-05
1.3880468e-05
1.3804797e-05
1.3736944e-05
1.3679618e-05
1.3629412e-05
1.3590238e-05
1.3557003e-05
1.3532517e-05
1.3513174e-05
1.3501906e-05
1.3494836e-05
1.3495066e-05
1.3498491e-05
1.3508457e-05
1.3520576e-05
1.3538557e-05
1.3557666e-05
1.3582063e-05
1.3607069e-05
1.3636187e-05
1.3664052e-05
1.3697701e-05
1.3727934e-05
1.3764058e-05
1.3795719e-05
1.3833199e-05
1.3865289e-05
1.3903175e-05
1.3934891e-05
1.3972383e-05
1.4003017e-05
1.4039461e-05
1.4068415e-05
1.4103484e-05
1.4130244e-05
1.4163458e-05
1.4187694e-05
1.4218605e-05
1.4240106e-05
1.4268462e-05
1.4287123e-05
1.4312892e-05
1.4328587e-05
1.4352067e-05
1.4361869e-05
1.4402592e-05
1.438173e-05
6.614665e-06
7.3226763e-06
8.0241477e-06
8.7941244e-06
9.536894e-06
1.0345671e-05
1.1114492e-05
1.1912631e-05
1.2661246e-05
1.343788e-05
1.4202573e-05
1.4974687e-05
1.5713654e-05
1.6436105e-05
1.7146908e-05
1.7813153e-05
1.8486315e-05
1.9143189e-05
1.9760305e-05
2.0344593e-05
2.0908281e-05
2.1441934e-05
2.192949e-05
2.2318503e-05
2.2668155e-05
2.2993388e-05
2.3300586e-05
2.3585248e-05
2.3852224e-05
2.4096284e-05
2.4325956e-05
2.4536607e-05
2.473155e-05
2.4912205e-05
2.5080356e-05
2.5231967e-05
2.5370141e-05
2.5499426e-05
2.5617481e-05
2.571794e-05
2.5809463e-05
2.5891375e-05
2.5964941e-05
2.6025615e-05
2.6078904e-05
2.6122206e-05
2.615875e-05
2.618561e-05
2.6205987e-05
2.6216469e-05
2.6221304e-05
2.6217181e-05
2.62088e-05
2.6192151e-05
2.617339e-05
2.6145033e-05
2.6114882e-05
2.607471e-05
2.6033282e-05
2.5982706e-05
2.5934968e-05
2.5873161e-05
2.5815597e-05
2.5743157e-05
2.5679755e-05
2.5602381e-05
2.552898e-05
2.5440763e-05
2.5362718e-05
2.5273736e-05
2.5184927e-05
2.5086101e-05
2.4997338e-05
2.4895774e-05
2.4794979e-05
2.4686595e-05
2.459582e-05
2.4471817e-05
2.4374755e-05
2.4256851e-05
2.4047958e-05
2.3696197e-05
2.3375131e-05
2.3015127e-05
2.2681901e-05
2.2309279e-05
2.1985816e-05
2.1602424e-05
2.1283907e-05
2.0907164e-05
2.0589628e-05
2.0231631e-05
1.9915105e-05
1.9579905e-05
1.9268191e-05
1.8960097e-05
1.8657946e-05
1.8373122e-05
1.8091252e-05
1.7821709e-05
1.7574039e-05
1.7320751e-05
1.7094053e-05
1.6873752e-05
1.6669968e-05
1.6470221e-05
1.629274e-05
1.6124644e-05
1.5969528e-05
1.5824374e-05
1.569286e-05
1.5574593e-05
1.5468408e-05
1.5371515e-05
1.5286729e-05
1.521058e-05
1.5146029e-05
1.5089321e-05
1.5044693e-05
1.5006633e-05
1.4978243e-05
1.4955519e-05
1.4941735e-05
1.4932565e-05
1.4931511e-05
1.4933967e-05
1.4943737e-05
1.4955863e-05
1.4974618e-05
1.4994524e-05
1.5020657e-05
1.5047165e-05
1.5078595e-05
1.5108418e-05
1.5145219e-05
1.5177882e-05
1.5217645e-05
1.5252174e-05
1.5293716e-05
1.5329066e-05
1.5371337e-05
1.5406602e-05
1.5448776e-05
1.5483154e-05
1.5524556e-05
1.5557383e-05
1.559762e-05
1.5628417e-05
1.5666967e-05
1.5695289e-05
1.5731785e-05
1.5757294e-05
1.5791568e-05
1.5814166e-05
1.5846036e-05
1.5865554e-05
1.5895353e-05
1.5908802e-05
1.5956181e-05
1.5938655e-05
3.339173e-06
4.3794425e-06
5.3770159e-06
6.5204407e-06
7.3186374e-06
8.0763273e-06
8.8132857e-06
9.6285839e-06
1.0412135e-05
1.1251285e-05
1.2079272e-05
1.2916863e-05
1.3731065e-05
1.4524967e-05
1.533868e-05
1.613054e-05
1.6930572e-05
1.7713354e-05
1.8464958e-05
1.9187681e-05
1.9907386e-05
2.0610628e-05
2.1279078e-05
2.1900721e-05
2.2499109e-05
2.3058641e-05
2.3534327e-05
2.3927825e-05
2.4298222e-05
2.4643632e-05
2.4968928e-05
2.5270622e-05
2.555218e-05
2.5813842e-05
2.6059204e-05
2.6285363e-05
2.649417e-05
2.6687862e-05
2.686851e-05
2.7028849e-05
2.7179131e-05
2.7317963e-05
2.7442846e-05
2.755072e-05
2.76502e-05
2.7738488e-05
2.7816896e-05
2.7882924e-05
2.7940265e-05
2.7988103e-05
2.8028439e-05
2.8057912e-05
2.8080022e-05
2.8089993e-05
2.8096293e-05
2.8090703e-05
2.8084103e-05
2.8065952e-05
2.8046242e-05
2.8014978e-05
2.7985962e-05
2.79411e-05
2.7900318e-05
2.7842693e-05
2.7793682e-05
2.7728782e-05
2.7668077e-05
2.7590602e-05
2.7523308e-05
2.7442941e-05
2.73635e-05
2.7271692e-05
2.7190617e-05
2.7094388e-05
2.7000289e-05
2.6895497e-05
2.6809976e-05
2.6688516e-05
2.659556e-05
2.6478671e-05
2.6272116e-05
2.5915369e-05
2.5590535e-05
2.5218683e-05
2.4876419e-05
2.4487209e-05
2.4150625e-05
2.3747142e-05
2.3412259e-05
2.3013282e-05
2.2676678e-05
2.2295353e-05
2.1957905e-05
2.159889e-05
2.1265289e-05
2.0933461e-05
2.060916e-05
2.0301027e-05
1.999753e-05
1.9705211e-05
1.9437098e-05
1.9162112e-05
1.891624e-05
1.8675756e-05
1.8454077e-05
1.8236509e-05
1.8042497e-05
1.7858477e-05
1.7688644e-05
1.7529648e-05
1.7385377e-05
1.7255315e-05
1.7138463e-05
1.7031727e-05
1.693821e-05
1.6854071e-05
1.678262e-05
1.6719663e-05
1.666986e-05
1.6627191e-05
1.659514e-05
1.6569219e-05
1.6553115e-05
1.6542006e-05
1.6539808e-05
1.6541452e-05
1.6551085e-05
1.6563422e-05
1.6582857e-05
1.6603933e-05
1.6631385e-05
1.6659884e-05
1.6693425e-05
1.6725536e-05
1.6765286e-05
1.6800506e-05
1.6843838e-05
1.6881378e-05
1.6926896e-05
1.6965609e-05
1.7012218e-05
1.7051107e-05
1.7097942e-05
1.7136134e-05
1.71825e-05
1.7219303e-05
1.7264713e-05
1.7299596e-05
1.7343573e-05
1.7375906e-05
1.7418127e-05
1.7447583e-05
1.7487899e-05
1.7514324e-05
1.7552576e-05
1.7575657e-05
1.7612184e-05
1.7629092e-05
1.7681882e-05
1.7668006e-05
7.5129304e-07
1.3630371e-06
1.8432058e-06
2.7159392e-06
3.5718703e-06
4.6635742e-06
5.7347236e-06
6.9243889e-06
8.0253333e-06
8.8031985e-06
9.5968758e-06
1.0428699e-05
1.1282773e-05
1.213119e-05
1.3017012e-05
1.3890988e-05
1.4763395e-05
1.5618355e-05
1.6452182e-05
1.7282537e-05
1.8127458e-05
1.8962613e-05
1.9777233e-05
2.0559304e-05
2.1329504e-05
2.2070522e-05
2.2779624e-05
2.34528e-05
2.409292e-05
2.4673503e-05
2.5121154e-05
2.5538819e-05
2.5932337e-05
2.630006e-05
2.6645865e-05
2.696753e-05
2.7268451e-05
2.7547704e-05
2.7810589e-05
2.8051132e-05
2.8275339e-05
2.8483102e-05
2.8676256e-05
2.8847215e-05
2.9009642e-05
2.9158552e-05
2.9291368e-05
2.9408564e-05
2.9515346e-05
2.9611256e-05
2.9696585e-05
2.9768403e-05
2.9832122e-05
2.9883084e-05
2.9928129e-05
2.9959272e-05
2.9984446e-05
2.9994508e-05
3.000214e-05
2.9995517e-05
2.9992742e-05
2.9972432e-05
2.9955716e-05
2.9919759e-05
2.9891623e-05
2.9845614e-05
2.980394e-05
2.9743269e-05
2.9692473e-05
2.9626223e-05
2.9561665e-05
2.9482153e-05
2.9413861e-05
2.9327808e-05
2.9245296e-05
2.9148643e-05
2.9072798e-05
2.8958339e-05
2.8873657e-05
2.8761801e-05
2.856478e-05
2.8212679e-05
2.789306e-05
2.7517555e-05
2.7173739e-05
2.6775017e-05
2.6431523e-05
2.6014089e-05
2.5668134e-05
2.525217e-05
2.4901141e-05
2.4500901e-05
2.4146654e-05
2.3767593e-05
2.3415731e-05
2.306349e-05
2.2720189e-05
2.2391769e-05
2.2069359e-05
2.1757026e-05
2.1470921e-05
2.1176619e-05
2.0913693e-05
2.065548e-05
2.0417602e-05
2.0184117e-05
1.997543e-05
1.9777253e-05
1.9594287e-05
1.942289e-05
1.9267266e-05
1.9126686e-05
1.9000389e-05
1.8884899e-05
1.8783702e-05
1.869251e-05
1.8615061e-05
1.8546661e-05
1.8492465e-05
1.8445891e-05
1.8410853e-05
1.8382355e-05
1.8364509e-05
1.8352015e-05
1.8349155e-05
1.8350488e-05
1.8360366e-05
1.8373388e-05
1.8393755e-05
1.8416562e-05
1.8445171e-05
1.8476409e-05
1.8512036e-05
1.854711e-05
1.858975e-05
1.862784e-05
1.8674833e-05
1.8715659e-05
1.8765192e-05
1.8807516e-05
1.8858526e-05
1.8901266e-05
1.8952822e-05
1.899506e-05
1.9046431e-05
1.908743e-05
1.9138108e-05
1.9177199e-05
1.9226723e-05
1.9263218e-05
1.9311265e-05
1.9344778e-05
1.9391208e-05
1.942145e-05
1.9466165e-05
1.9492717e-05
1.9535998e-05
1.9556304e-05
1.9612998e-05
1.9603146e-05
7.8155803e-08
4.6878831e-07
3.2027388e-07
7.8523116e-07
9.7108627e-07
1.5379023e-06
2.0620028e-06
2.8706879e-06
3.7646833e-06
4.8341104e-06
5.9864209e-06
7.1838683e-06
8.4316048e-06
9.5275332e-06
1.0371384e-05
1.1232732e-05
1.2121532e-05
1.3022069e-05
1.392712e-05
1.4843058e-05
1.5769786e-05
1.6677339e-05
1.7575857e-05
1.8444882e-05
1.9322262e-05
2.0195061e-05
2.1058324e-05
2.1908545e-05
2.2736853e-05
2.3528905e-05
2.4273922e-05
2.498191e-05
2.5659138e-05
2.6221956e-05
2.6697698e-05
2.7142108e-05
2.75624e-05
2.7954393e-05
2.8323736e-05
2.8666864e-05
2.8988613e-05
2.9287314e-05
2.9568614e-05
2.982538e-05
3.0065965e-05
3.0287899e-05
3.0495737e-05
3.0679042e-05
3.0852739e-05
3.1013305e-05
3.1156709e-05
3.128433e-05
3.1400256e-05
3.1503222e-05
3.1596252e-05
3.1674402e-05
3.1746067e-05
3.1800607e-05
3.1851413e-05
3.1883928e-05
3.1914762e-05
3.1924918e-05
3.1937305e-05
3.1928704e-05
3.1929414e-05
3.191055e-05
3.1895872e-05
3.1859416e-05
3.1832104e-05
3.1786854e-05
3.1744088e-05
3.1683517e-05
3.1634294e-05
3.1564443e-05
3.1499535e-05
3.141679e-05
3.1356141e-05
3.1254253e-05
3.1183049e-05
3.1081275e-05
3.0902655e-05
3.0567417e-05
3.0264264e-05
2.9895778e-05
2.9559991e-05
2.9161109e-05
2.8818843e-05
2.8395678e-05
2.8045744e-05
2.7619942e-05
2.7260811e-05
2.6847843e-05
2.6482473e-05
2.6088804e-05
2.5723737e-05
2.5355981e-05
2.4998175e-05
2.4653952e-05
2.4316666e-05
2.3988401e-05
2.3687986e-05
2.3378143e-05
2.310137e-05
2.2828995e-05
2.2577962e-05
2.2331518e-05
2.2111002e-05
2.1901435e-05
2.1707966e-05
2.1526607e-05
2.1361963e-05
2.1213036e-05
2.1079376e-05
2.0957063e-05
2.0850025e-05
2.0753483e-05
2.0671652e-05
2.0599308e-05
2.0542128e-05
2.0492969e-05
2.0456181e-05
2.0426271e-05
2.0407767e-05
2.0394913e-05
2.0392354e-05
2.0394256e-05
2.0405275e-05
2.041965e-05
2.0441942e-05
2.0466635e-05
2.0498207e-05
2.0530925e-05
2.0570556e-05
2.0609249e-05
2.065472e-05
2.0696412e-05
2.0747379e-05
2.0791973e-05
2.0845813e-05
2.0892187e-05
2.0947815e-05
2.0994826e-05
2.1051303e-05
2.1097993e-05
2.1154542e-05
2.1200051e-05
2.125615e-05
2.1299731e-05
2.1354887e-05
2.1395937e-05
2.1449939e-05
2.1487836e-05
2.1540366e-05
2.1574557e-05
2.162557e-05
2.1655506e-05
2.1705417e-05
2.1728971e-05
2.1788941e-05
2.1781623e-05
1.4078873e-07
1.7176895e-07
1.5490901e-07
3.2816475e-07
2.3691751e-07
5.18364e-07
5.7353281e-07
8.9907224e-07
1.2277522e-06
1.6815348e-06
2.2757452e-06
2.9839243e-06
3.8960894e-06
4.9132716e-06
6.0877567e-06
7.3310775e-06
8.6294998e-06
9.9037197e-06
1.1132162e-05
1.2024918e-05
1.2956424e-05
1.3888977e-05
1.4843207e-05
1.5786133e-05
1.6748566e-05
1.770814e-05
1.8657618e-05
1.9598806e-05
2.052866e-05
2.1436697e-05
2.2333465e-05
2.3220268e-05
2.4093715e-05
2.493309e-05
2.5732411e-05
2.648554e-05
2.7203812e-05
2.774286e-05
2.8250522e-05
2.8726086e-05
2.9175343e-05
2.9594614e-05
2.9989988e-05
3.0357146e-05
3.0701906e-05
3.1021381e-05
3.1322966e-05
3.1599245e-05
3.1856655e-05
3.2095893e-05
3.2318369e-05
3.2518688e-05
3.2704161e-05
3.2877333e-05
3.3032188e-05
3.3171513e-05
3.3298843e-05
3.3409218e-05
3.3512389e-05
3.3597303e-05
3.3679951e-05
3.3739324e-05
3.3798819e-05
3.3832621e-05
3.3869439e-05
3.3883435e-05
3.3900163e-05
3.3893169e-05
3.389774e-05
3.3882371e-05
3.3870242e-05
3.3836781e-05
3.3814099e-05
3.3767845e-05
3.3727952e-05
3.3666437e-05
3.3627797e-05
3.3545302e-05
3.3493946e-05
3.34085e-05
3.3259003e-05
3.2955765e-05
3.2682835e-05
3.23348e-05
3.2018959e-05
3.1631813e-05
3.1301073e-05
3.0882716e-05
3.0537895e-05
3.0111545e-05
2.9752495e-05
2.9334983e-05
2.8965882e-05
2.8564927e-05
2.8193303e-05
2.7816665e-05
2.7450373e-05
2.7096401e-05
2.674975e-05
2.6411101e-05
2.6101387e-05
2.5781206e-05
2.5495128e-05
2.5213302e-05
2.4953493e-05
2.4698287e-05
2.4469917e-05
2.4252804e-05
2.4052535e-05
2.3864719e-05
2.3694404e-05
2.3540284e-05
2.3402275e-05
2.3275986e-05
2.3165805e-05
2.3066466e-05
2.2982656e-05
2.2908643e-05
2.285061e-05
2.2800883e-05
2.2764239e-05
2.2734696e-05
2.2717226e-05
2.2705571e-05
2.2704838e-05
2.2708653e-05
2.272221e-05
2.2739087e-05
2.2764548e-05
2.2792257e-05
2.2827449e-05
2.2863946e-05
2.2906639e-05
2.2950631e-05
2.2999588e-05
2.304632e-05
2.3101472e-05
2.3150621e-05
2.3209343e-05
2.3260464e-05
2.3321178e-05
2.3373083e-05
2.3434853e-05
2.348657e-05
2.3548619e-05
2.3599183e-05
2.3660897e-05
2.3709611e-05
2.377042e-05
2.3816685e-05
2.3876536e-05
2.3919488e-05
2.3977956e-05
2.401673e-05
2.4070142e-05
2.4095976e-05
2.4137868e-05
2.4159813e-05
2.422074e-05
2.4180659e-05
1.5607276e-07
1.5606162e-07
1.5655722e-07
1.5410016e-07
1.8554701e-07
1.559649e-07
3.0244913e-07
2.5909477e-07
5.3592464e-07
5.0647039e-07
8.6535657e-07
1.0125029e-06
1.4613619e-06
1.8447517e-06
2.4368281e-06
3.0978038e-06
3.9713319e-06
4.9142404e-06
6.0762597e-06
7.322316e-06
8.6522426e-06
1.000606e-05
1.1350982e-05
1.2707865e-05
1.3757444e-05
1.4738142e-05
1.5725961e-05
1.6719397e-05
1.7722864e-05
1.8720708e-05
1.9714188e-05
2.0703231e-05
2.1686654e-05
2.265376e-05
2.3604734e-05
2.4528938e-05
2.5431361e-05
2.6303487e-05
2.7140393e-05
2.7937813e-05
2.8636282e-05
2.9214406e-05
2.9759388e-05
3.0270681e-05
3.0752704e-05
3.1202893e-05
3.1627406e-05
3.2023293e-05
3.239342e-05
3.2738524e-05
3.3061796e-05
3.3361519e-05
3.3638522e-05
3.3897698e-05
3.413617e-05
3.4357907e-05
3.4556187e-05
3.4743671e-05
3.4915936e-05
3.5065369e-05
3.5210404e-05
3.5329967e-05
3.5446454e-05
3.5540109e-05
3.5634225e-05
3.5703319e-05
3.577219e-05
3.5811989e-05
3.5856284e-05
3.5876286e-05
3.5898888e-05
3.5895981e-05
3.5908247e-05
3.5895138e-05
3.5890006e-05
3.5859252e-05
3.5850759e-05
3.5795848e-05
3.5772089e-05
3.5710875e-05
3.5603536e-05
3.5350947e-05
3.5124939e-05
3.4813892e-05
3.4532601e-05
3.4171913e-05
3.3865416e-05
3.3464961e-05
3.3136552e-05
3.2721279e-05
3.2372504e-05
3.1960809e-05
3.1597216e-05
3.1198303e-05
3.0828506e-05
3.0451432e-05
3.008433e-05
2.9728284e-05
2.9379341e-05
2.903737e-05
2.8724783e-05
2.8400857e-05
2.811143e-05
2.7826085e-05
2.7563138e-05
2.7304629e-05
2.7073554e-05
2.6853865e-05
2.6651563e-05
2.6461862e-05
2.6290236e-05
2.6135071e-05
2.5996659e-05
2.5870168e-05
2.5760411e-05
2.566168e-05
2.5579102e-05
2.5506479e-05
2.5450466e-05
2.5402894e-05
2.5368973e-05
2.5342214e-05
2.5328094e-05
2.5319769e-05
2.5322949e-05
2.5330545e-05
2.5348524e-05
2.5369529e-05
2.5399878e-05
2.5431962e-05
2.5472508e-05
2.551344e-05
2.5562222e-05
2.5609799e-05
2.5665523e-05
2.5718433e-05
2.5777989e-05
2.583294e-05
2.589738e-05
2.5954194e-05
2.6020748e-05
2.6078438e-05
2.6146061e-05
2.6203606e-05
2.6271529e-05
2.6328064e-05
2.6395632e-05
2.6450499e-05
2.6517033e-05
2.6569545e-05
2.6634852e-05
2.6684241e-05
2.6730824e-05
2.6752412e-05
2.678523e-05
2.6806493e-05
2.6843602e-05
2.6859931e-05
2.6916098e-05
2.6867579e-05
1.7075147e-07
1.7062668e-07
1.7070827e-07
1.7057325e-07
1.7115116e-07
1.7144894e-07
1.7821852e-07
1.8017935e-07
2.2241989e-07
2.3668994e-07
3.7128115e-07
3.8984883e-07
6.3894001e-07
6.9952251e-07
9.927463e-07
1.2410438e-06
1.6110936e-06
2.0437641e-06
2.5682057e-06
3.2194812e-06
3.9884891e-06
4.9126095e-06
5.9551363e-06
7.1677858e-06
8.4971453e-06
9.8874511e-06
1.131735e-05
1.2718461e-05
1.4117333e-05
1.5483388e-05
1.65697e-05
1.7609785e-05
1.8655135e-05
1.9701338e-05
2.0744906e-05
2.1777665e-05
2.2799864e-05
2.3815829e-05
2.4816197e-05
2.5791536e-05
2.6741884e-05
2.7656631e-05
2.8534784e-05
2.9320582e-05
2.9982966e-05
3.0605759e-05
3.1193656e-05
3.1746158e-05
3.2265652e-05
3.2752749e-05
3.3210412e-05
3.3639417e-05
3.4040225e-05
3.4415278e-05
3.4765666e-05
3.5092314e-05
3.5396546e-05
3.5675849e-05
3.5941551e-05
3.6179159e-05
3.64079e-05
3.6606858e-05
3.6799654e-05
3.6967249e-05
3.712921e-05
3.7265872e-05
3.7398291e-05
3.7505729e-05
3.7615052e-05
3.7697199e-05
3.7778764e-05
3.7829641e-05
3.7886725e-05
3.7912542e-05
3.7946451e-05
3.7948445e-05
3.7975972e-05
3.7958641e-05
3.797282e-05
3.7946947e-05
3.7898101e-05
3.7719725e-05
3.756141e-05
3.7307754e-05
3.707912e-05
3.6762965e-05
3.6496368e-05
3.6129852e-05
3.5831712e-05
3.5441757e-05
3.5115689e-05
3.4722529e-05
3.43757e-05
3.3990271e-05
3.3632555e-05
3.3265346e-05
3.2906874e-05
3.2558071e-05
3.221553e-05
3.1878807e-05
3.1571239e-05
3.1251512e-05
3.0966068e-05
3.0684391e-05
3.0425138e-05
3.0169985e-05
2.994248e-05
2.9726281e-05
2.9527738e-05
2.9341731e-05
2.9174108e-05
2.9022978e-05
2.8888988e-05
2.8766926e-05
2.8661971e-05
2.8568044e-05
2.8490656e-05
2.84232e-05
2.8372764e-05
2.8330724e-05
2.8302725e-05
2.8281763e-05
2.8273859e-05
2.827155e-05
2.8281195e-05
2.8294971e-05
2.8319627e-05
2.8346925e-05
2.8384105e-05
2.842258e-05
2.8470048e-05
2.8517496e-05
2.8573142e-05
2.8627585e-05
2.8689461e-05
2.8749287e-05
2.8815902e-05
2.8878661e-05
2.8949132e-05
2.9012799e-05
2.9086126e-05
2.9150587e-05
2.9224918e-05
2.9289238e-05
2.9363698e-05
2.9427115e-05
2.9501014e-05
2.956292e-05
2.9635628e-05
2.9695245e-05
2.9766414e-05
2.9818667e-05
2.9845613e-05
2.9864069e-05
2.9893029e-05
2.9910775e-05
2.9943367e-05
2.9955098e-05
3.0008047e-05
2.9952658e-05
1.8111054e-07
1.8160887e-07
1.8145381e-07
1.8195317e-07
1.8163634e-07
1.8208899e-07
1.8194739e-07
1.8244079e-07
1.8442777e-07
1.861023e-07
2.0107589e-07
2.0886274e-07
2.3805363e-07
3.2789508e-07
3.7600371e-07
5.6019695e-07
6.795287e-07
9.1941102e-07
1.1328585e-06
1.4471619e-06
1.7781105e-06
2.2098012e-06
2.7067526e-06
3.3129293e-06
4.0200051e-06
4.8575767e-06
5.8271739e-06
6.9336641e-06
8.1631844e-06
9.5395069e-06
1.0990346e-05
1.2475991e-05
1.3957107e-05
1.5419305e-05
1.6840173e-05
1.8192944e-05
1.9502641e-05
2.0601674e-05
2.170039e-05
2.2786596e-05
2.3862702e-05
2.492727e-05
2.5974023e-05
2.6996117e-05
2.7983792e-05
2.8911599e-05
2.9715917e-05
3.0474017e-05
3.1189886e-05
3.186421e-05
3.250108e-05
3.3100403e-05
3.366604e-05
3.4196318e-05
3.4697288e-05
3.516442e-05
3.5607216e-05
3.6015789e-05
3.6405358e-05
3.6762344e-05
3.7102867e-05
3.7412483e-05
3.7706646e-05
3.7973919e-05
3.8227522e-05
3.8457861e-05
3.86703e-05
3.8863852e-05
3.9050016e-05
3.9207739e-05
3.9362048e-05
3.9490243e-05
3.9621381e-05
3.9718964e-05
3.9822262e-05
3.9886597e-05
3.9967734e-05
3.9997116e-05
4.0054203e-05
4.006652e-05
4.0082335e-05
4.0010092e-05
3.9946892e-05
3.9776735e-05
3.9624469e-05
3.9375506e-05
3.9168658e-05
3.8856093e-05
3.860549e-05
3.8258413e-05
3.797032e-05
3.7611258e-05
3.7294888e-05
3.6936803e-05
3.660361e-05
3.625862e-05
3.592021e-05
3.5589735e-05
3.5264063e-05
3.4942738e-05
3.4649623e-05
3.4343468e-05
3.4070699e-05
3.3801166e-05
3.3553629e-05
3.3309657e-05
3.3093072e-05
3.2887472e-05
3.2699452e-05
3.2523656e-05
3.2366224e-05
3.2225044e-05
3.2101087e-05
3.1988841e-05
3.1893779e-05
3.1809525e-05
3.1741925e-05
3.1684018e-05
3.164328e-05
3.1610683e-05
3.15923e-05
3.1580632e-05
3.1582234e-05
3.1589063e-05
3.1608087e-05
3.1630832e-05
3.1664721e-05
3.1700814e-05
3.1747051e-05
3.1794166e-05
3.1850487e-05
3.1906445e-05
3.1970716e-05
3.2033545e-05
3.2103852e-05
3.2171785e-05
3.224634e-05
3.2318003e-05
3.2395898e-05
3.2468272e-05
3.254906e-05
3.2621351e-05
3.270348e-05
3.277546e-05
3.2857505e-05
3.2928472e-05
3.3009745e-05
3.3079115e-05
3.3159022e-05
3.3226065e-05
3.3304207e-05
3.3368454e-05
3.3393399e-05
3.3411109e-05
3.3438357e-05
3.3455178e-05
3.3485255e-05
3.3494108e-05
3.3547222e-05
3.3488218e-05
1.9108488e-07
1.9218066e-07
1.916894e-07
1.9271679e-07
1.9206158e-07
1.9303404e-07
1.9225703e-07
1.932302e-07
1.923769e-07
1.9357481e-07
1.9284681e-07
1.9538747e-07
1.9643512e-07
2.0551705e-07
2.1367915e-07
2.5160145e-07
2.7966446e-07
3.9293949e-07
4.6171985e-07
6.9113684e-07
7.8934293e-07
1.0752537e-06
1.2866391e-06
1.6209256e-06
1.9424499e-06
2.3690199e-06
2.8298925e-06
3.3973455e-06
4.0438928e-06
4.7911159e-06
5.6632793e-06
6.6583452e-06
7.7844577e-06
9.0378427e-06
1.042396e-05
1.1895299e-05
1.3421258e-05
1.4971394e-05
1.6481575e-05
1.7967312e-05
1.9389319e-05
2.0770286e-05
2.2090291e-05
2.3351388e-05
2.4549561e-05
2.5690953e-05
2.6774594e-05
2.7800353e-05
2.8773257e-05
2.9692858e-05
3.0566044e-05
3.1389963e-05
3.2172684e-05
3.2908993e-05
3.3609063e-05
3.426497e-05
3.4889775e-05
3.5472845e-05
3.6028662e-05
3.6546063e-05
3.7037731e-05
3.7494827e-05
3.7928203e-05
3.8330291e-05
3.8711093e-05
3.9062975e-05
3.9395913e-05
3.9699248e-05
3.9990686e-05
4.0253412e-05
4.0502791e-05
4.072832e-05
4.0940114e-05
4.1130678e-05
4.1317342e-05
4.1468902e-05
4.1635366e-05
4.1751724e-05
4.1888262e-05
4.1976482e-05
4.2103964e-05
4.2157338e-05
4.2197157e-05
4.2145978e-05
4.2103857e-05
4.1951331e-05
4.1831001e-05
4.1598761e-05
4.1418149e-05
4.1136515e-05
4.0905936e-05
4.0600627e-05
4.0331913e-05
4.0018347e-05
3.9725124e-05
3.9417416e-05
3.911312e-05
3.8814317e-05
3.8518214e-05
3.8224408e-05
3.7957023e-05
3.7675547e-05
3.7425718e-05
3.717828e-05
3.6951823e-05
3.6728136e-05
3.6530969e-05
3.6344152e-05
3.6174414e-05
3.6016272e-05
3.5876077e-05
3.5751542e-05
3.564395e-05
3.5547571e-05
3.5468108e-05
3.5398965e-05
3.5346268e-05
3.5302773e-05
3.5276279e-05
3.5257435e-05
3.5252709e-05
3.525416e-05
3.5268844e-05
3.528819e-05
3.5319749e-05
3.5354433e-05
3.5400341e-05
3.5447812e-05
3.5505582e-05
3.5563542e-05
3.5630965e-05
3.5697237e-05
3.5772254e-05
3.5844852e-05
3.5925633e-05
3.6002764e-05
3.608762e-05
3.6167771e-05
3.6255363e-05
3.6337329e-05
3.6426695e-05
3.6508301e-05
3.6598928e-05
3.6679177e-05
3.6770202e-05
3.6848898e-05
3.6939099e-05
3.7015791e-05
3.7104583e-05
3.7178571e-05
3.7265677e-05
3.733626e-05
3.7393165e-05
3.7411804e-05
3.7438188e-05
3.7455852e-05
3.7484578e-05
3.7494232e-05
3.7544267e-05
3.7487509e-05
2.0257033e-07
2.039418e-07
2.0344963e-07
2.0476804e-07
2.0406039e-07
2.0540181e-07
2.0449855e-07
2.0590695e-07
2.0481915e-07
2.064167e-07
2.0512147e-07
2.0694407e-07
2.0566729e-07
2.079341e-07
2.0727557e-07
2.1219974e-07
2.1379788e-07
2.2936087e-07
2.40395e-07
2.7697357e-07
3.3310318e-07
4.1280703e-07
5.7186002e-07
7.1748444e-07
9.5248523e-07
1.1669293e-06
1.4596043e-06
1.7468183e-06
2.1037421e-06
2.4897318e-06
2.9473401e-06
3.4594843e-06
4.0519508e-06
4.7507128e-06
5.5020477e-06
6.3911491e-06
7.362045e-06
8.4934882e-06
9.7106816e-06
1.1074571e-05
1.2535821e-05
1.4069861e-05
1.5640245e-05
1.7211983e-05
1.875578e-05
2.0248378e-05
2.1687579e-05
2.3080093e-05
2.4406604e-05
2.5666035e-05
2.6863513e-05
2.7994518e-05
2.9070437e-05
3.0085063e-05
3.1051043e-05
3.1960628e-05
3.2827827e-05
3.3643476e-05
3.4421683e-05
3.5152567e-05
3.584722e-05
3.65003e-05
3.7120805e-05
3.7703286e-05
3.8256075e-05
3.8772227e-05
3.9264126e-05
3.9720528e-05
4.0156231e-05
4.0557822e-05
4.0942506e-05
4.1293777e-05
4.1633493e-05
4.1936634e-05
4.2236133e-05
4.249675e-05
4.2760289e-05
4.2983096e-05
4.3208389e-05
4.3399445e-05
4.3701982e-05
4.4014188e-05
4.4235456e-05
4.4328043e-05
4.4396405e-05
4.4375225e-05
4.4381844e-05
4.4266511e-05
4.4185755e-05
4.4000275e-05
4.3853642e-05
4.362807e-05
4.3429618e-05
4.3182848e-05
4.2949653e-05
4.2698406e-05
4.2446148e-05
4.2195718e-05
4.1945091e-05
4.1693784e-05
4.1465977e-05
4.1222719e-05
4.1008242e-05
4.0794816e-05
4.060058e-05
4.0407929e-05
4.0240128e-05
4.0081593e-05
3.9939086e-05
3.9807122e-05
3.9692171e-05
3.9591832e-05
3.9507688e-05
3.9433911e-05
3.9376338e-05
3.9328283e-05
3.9296046e-05
3.927224e-05
3.9264849e-05
3.9264377e-05
3.9277562e-05
3.9296178e-05
3.9327654e-05
3.9363043e-05
3.9410358e-05
3.9460038e-05
3.9520758e-05
3.9582238e-05
3.9653966e-05
3.972501e-05
3.9805647e-05
3.9884126e-05
3.9971718e-05
4.0055692e-05
4.0148515e-05
4.0236216e-05
4.0332704e-05
4.0422617e-05
4.0521591e-05
4.0612344e-05
4.0712782e-05
4.0803228e-05
4.090398e-05
4.0994235e-05
4.1094267e-05
4.1180881e-05
4.1281347e-05
4.1364967e-05
4.1464321e-05
4.1544455e-05
4.1642373e-05
4.1718422e-05
4.1815167e-05
4.1854333e-05
4.1880648e-05
4.1900163e-05
4.1928552e-05
4.194087e-05
4.198744e-05
4.193731e-05
2.0946046e-07
2.10948e-07
2.1072645e-07
2.1224614e-07
2.1190298e-07
2.1348256e-07
2.130391e-07
2.1475312e-07
2.1419781e-07
2.1607846e-07
2.1533034e-07
2.1742877e-07
2.1649599e-07
2.1887084e-07
2.1781273e-07
2.2062725e-07
2.1949789e-07
2.2341069e-07
2.2285326e-07
2.2962889e-07
2.3277727e-07
2.5143878e-07
2.6697151e-07
3.2131429e-07
3.6871903e-07
4.497057e-07
5.8638791e-07
8.1566162e-07
9.8308443e-07
1.3019973e-06
1.5301966e-06
1.8918552e-06
2.1977762e-06
2.6138325e-06
3.0239009e-06
3.517389e-06
4.0445027e-06
4.6604598e-06
5.3650475e-06
6.1302951e-06
6.9822477e-06
7.93386e-06
9.0000404e-06
1.0168471e-05
1.1451454e-05
1.2854694e-05
1.4357186e-05
1.5901609e-05
1.7501535e-05
1.9060126e-05
2.0622359e-05
2.2120323e-05
2.3574665e-05
2.497021e-05
2.6307629e-05
2.7575292e-05
2.878378e-05
2.9923962e-05
3.1010923e-05
3.2035093e-05
3.3007808e-05
3.3927157e-05
3.4801023e-05
3.5627217e-05
3.6411384e-05
3.7149702e-05
3.785436e-05
3.8516121e-05
3.9147631e-05
3.9735398e-05
4.0302151e-05
4.0825482e-05
4.1331836e-05
4.1794371e-05
4.2246882e-05
4.2655691e-05
4.3056994e-05
4.3417008e-05
4.3773577e-05
4.4086825e-05
4.4603754e-05
4.5213751e-05
4.5719604e-05
4.6114376e-05
4.6399365e-05
4.6541958e-05
4.6673944e-05
4.669505e-05
4.6751395e-05
4.6708608e-05
4.6682487e-05
4.6571022e-05
4.647328e-05
4.6323474e-05
4.6177385e-05
4.6007997e-05
4.5831381e-05
4.565107e-05
4.5466544e-05
4.5276993e-05
4.5106387e-05
4.4918428e-05
4.4754822e-05
4.4590145e-05
4.4441789e-05
4.4293246e-05
4.4166779e-05
4.404785e-05
4.394313e-05
4.3847326e-05
4.376688e-05
4.3699409e-05
4.3646729e-05
4.3603148e-05
4.357444e-05
4.3554092e-05
4.3548348e-05
4.3549979e-05
4.3566846e-05
4.3589682e-05
4.3625189e-05
4.366523e-05
4.3717242e-05
4.377234e-05
4.3838567e-05
4.3906384e-05
4.3984548e-05
4.4062735e-05
4.4150584e-05
4.4237042e-05
4.4332626e-05
4.4425355e-05
4.4526847e-05
4.4624038e-05
4.4729822e-05
4.4829837e-05
4.493843e-05
4.5039901e-05
4.5150176e-05
4.5251905e-05
4.536283e-05
4.5463821e-05
4.5574509e-05
4.567396e-05
4.5783749e-05
4.5880941e-05
4.5990053e-05
4.6082477e-05
4.6191546e-05
4.627868e-05
4.6387447e-05
4.6469097e-05
4.6577531e-05
4.6652856e-05
4.6713215e-05
4.6735588e-05
4.676419e-05
4.6780607e-05
4.6824359e-05
4.6783252e-05
2.119493e-07
2.1334551e-07
2.1346682e-07
2.1487361e-07
2.1495853e-07
2.1647655e-07
2.1652681e-07
2.1823129e-07
2.1823808e-07
2.2018586e-07
2.201043e-07
2.2234529e-07
2.2215817e-07
2.2472268e-07
2.2444399e-07
2.2734328e-07
2.2691422e-07
2.3012804e-07
2.2959887e-07
2.3335765e-07
2.3287587e-07
2.3797425e-07
2.3847991e-07
2.485953e-07
2.5304886e-07
2.7875783e-07
2.9560165e-07
3.6023969e-07
4.0623592e-07
4.9536959e-07
6.1206079e-07
7.9869659e-07
1.0639559e-06
1.3170675e-06
1.6208002e-06
1.9256088e-06
2.2913033e-06
2.6495888e-06
3.081342e-06
3.5226215e-06
4.0312258e-06
4.5665587e-06
5.1893153e-06
5.8677393e-06
6.6341206e-06
7.4357331e-06
8.3450059e-06
9.3169396e-06
1.041156e-05
1.1579413e-05
1.2852677e-05
1.423912e-05
1.5719303e-05
1.7250009e-05
1.8818337e-05
2.038491e-05
2.1937624e-05
2.3441595e-05
2.4908599e-05
2.6316071e-05
2.7670174e-05
2.8963002e-05
3.0197613e-05
3.137053e-05
3.2482615e-05
3.3534665e-05
3.4536822e-05
3.5484017e-05
3.6385593e-05
3.7230488e-05
3.804461e-05
3.8804634e-05
3.9535873e-05
4.0215045e-05
4.0876005e-05
4.1485346e-05
4.2074553e-05
4.262155e-05
4.3152441e-05
4.3636941e-05
4.4451081e-05
4.5459017e-05
4.6316022e-05
4.7034471e-05
4.7647528e-05
4.8127356e-05
4.8535294e-05
4.8758664e-05
4.8970988e-05
4.9059669e-05
4.9172914e-05
4.9214911e-05
4.9263253e-05
4.9254803e-05
4.9232442e-05
4.917825e-05
4.9108154e-05
4.9026976e-05
4.8935913e-05
4.8833477e-05
4.8742985e-05
4.8632324e-05
4.8539404e-05
4.844214e-05
4.8356834e-05
4.826872e-05
4.8198396e-05
4.8132964e-05
4.8078835e-05
4.8031212e-05
4.799628e-05
4.7971906e-05
4.7960014e-05
4.7955406e-05
4.7963504e-05
4.7978369e-05
4.8005837e-05
4.8039294e-05
4.8086025e-05
4.813755e-05
4.8200058e-05
4.8266082e-05
4.83425e-05
4.8421145e-05
4.8509449e-05
4.8598631e-05
4.8696792e-05
4.8794395e-05
4.8900393e-05
4.9004539e-05
4.911664e-05
4.9225532e-05
4.9342107e-05
4.9454119e-05
4.9573738e-05
4.9687388e-05
4.9808739e-05
4.9922793e-05
5.0044928e-05
5.0158273e-05
5.0280363e-05
5.0392024e-05
5.0513438e-05
5.0622541e-05
5.0742848e-05
5.0848594e-05
5.0967566e-05
5.1069311e-05
5.1186649e-05
5.1283891e-05
5.1400354e-05
5.1490711e-05
5.1607525e-05
5.1690116e-05
5.1808283e-05
5.1854168e-05
5.1883509e-05
5.1904742e-05
5.1946177e-05
5.1916107e-05
2.118012e-07
2.1312642e-07
2.1335499e-07
2.1473858e-07
2.1495662e-07
2.1649809e-07
2.1670937e-07
2.1848039e-07
2.186759e-07
2.2074066e-07
2.2091665e-07
2.2329468e-07
2.2344646e-07
2.2618555e-07
2.2631924e-07
2.2940458e-07
2.2966099e-07
2.3278603e-07
2.3328253e-07
2.3653391e-07
2.3721833e-07
2.4054314e-07
2.4155904e-07
2.450472e-07
2.4712837e-07
2.5075828e-07
2.5647519e-07
2.619521e-07
2.7739533e-07
2.8986232e-07
3.2922295e-07
3.6128154e-07
4.5110532e-07
5.2122423e-07
6.5947811e-07
8.0744527e-07
1.0351827e-06
1.281752e-06
1.627359e-06
1.9035012e-06
2.2914498e-06
2.6348161e-06
3.0624292e-06
3.474819e-06
3.9600692e-06
4.448001e-06
5.0046679e-06
5.5933344e-06
6.2522153e-06
6.9757171e-06
7.7514546e-06
8.5824414e-06
9.4621172e-06
1.043808e-05
1.1470896e-05
1.2615651e-05
1.3802806e-05
1.5107259e-05
1.6508591e-05
1.7979716e-05
1.948157e-05
2.1020417e-05
2.2517041e-05
2.4042885e-05
2.5512365e-05
2.6943993e-05
2.8326522e-05
2.9650396e-05
3.0924693e-05
3.2131631e-05
3.3297899e-05
3.439699e-05
3.5450064e-05
3.6437387e-05
3.7393167e-05
3.8284711e-05
3.9137005e-05
3.994456e-05
4.0717332e-05
4.1437288e-05
4.2671755e-05
4.4222378e-05
4.5584303e-05
4.6720637e-05
4.7752472e-05
4.8566361e-05
4.9354112e-05
4.994876e-05
5.0480821e-05
5.0870126e-05
5.1185892e-05
5.139588e-05
5.1583709e-05
5.1708345e-05
5.1833599e-05
5.19316e-05
5.2010803e-05
5.2073445e-05
5.2113265e-05
5.2130944e-05
5.2149637e-05
5.2144169e-05
5.2146992e-05
5.2141104e-05
5.2140912e-05
5.2134053e-05
5.2138606e-05
5.2144064e-05
5.2156387e-05
5.2171694e-05
5.2195664e-05
5.2226716e-05
5.2266769e-05
5.2311545e-05
5.2365816e-05
5.2424671e-05
5.2493175e-05
5.2565819e-05
5.2648849e-05
5.2735153e-05
5.2829947e-05
5.2927005e-05
5.3032124e-05
5.3138473e-05
5.32523e-05
5.336625e-05
5.3487131e-05
5.3606925e-05
5.3733187e-05
5.3857273e-05
5.3987495e-05
5.411437e-05
5.4247208e-05
5.4375504e-05
5.4509785e-05
5.463825e-05
5.4772895e-05
5.4900484e-05
5.5034758e-05
5.5160519e-05
5.5293788e-05
5.5416874e-05
5.5548687e-05
5.5668329e-05
5.5798421e-05
5.5913892e-05
5.6042195e-05
5.615279e-05
5.6279457e-05
5.6384326e-05
5.6509828e-05
5.6608046e-05
5.6733057e-05
5.6823666e-05
5.6949511e-05
5.7031156e-05
5.7105214e-05
5.7131996e-05
5.717127e-05
5.715304e-05
2.1046912e-07
2.1125964e-07
2.1200753e-07
2.1279086e-07
2.1367929e-07
2.1444983e-07
2.1556078e-07
2.1632061e-07
2.1770756e-07
2.1846974e-07
2.2018719e-07
2.2095664e-07
2.2301939e-07
2.2380408e-07
2.2624621e-07
2.2703573e-07
2.2992036e-07
2.3065905e-07
2.3398508e-07
2.3468871e-07
2.384857e-07
2.390793e-07
2.4335586e-07
2.4382777e-07
2.4866128e-07
2.48968e-07
2.5426731e-07
2.546776e-07
2.6101636e-07
2.6225935e-07
2.7175146e-07
2.7580273e-07
2.94202e-07
3.0575346e-07
3.4617408e-07
3.7418806e-07
4.5979294e-07
5.1917066e-07
6.7766391e-07
7.8471199e-07
1.022986e-06
1.2211244e-06
1.5322743e-06
1.814162e-06
2.1797997e-06
2.5297648e-06
2.9391635e-06
3.3448962e-06
3.7984324e-06
4.2597304e-06
4.7695781e-06
5.2950767e-06
5.8761292e-06
6.4766323e-06
7.1561292e-06
7.8591718e-06
8.6477707e-06
9.4495505e-06
1.0296077e-05
1.1194673e-05
1.2163521e-05
1.3189707e-05
1.429611e-05
1.5445972e-05
1.6684787e-05
1.8015998e-05
1.9404438e-05
2.0848244e-05
2.2296968e-05
2.3761935e-05
2.5204085e-05
2.6634298e-05
2.8034938e-05
2.938962e-05
3.0715125e-05
3.1975691e-05
3.3181964e-05
3.4346603e-05
3.5462197e-05
3.651512e-05
3.8352103e-05
4.0683363e-05
4.2755781e-05
4.4514398e-05
4.6106483e-05
4.7438012e-05
4.8644073e-05
4.9666362e-05
5.0577984e-05
5.1364569e-05
5.2086152e-05
5.2634163e-05
5.3127302e-05
5.3498079e-05
5.3814759e-05
5.4069682e-05
5.4292781e-05
5.4473478e-05
5.4648487e-05
5.4808982e-05
5.4967495e-05
5.5103202e-05
5.5237156e-05
5.5359931e-05
5.5475812e-05
5.5577349e-05
5.5680311e-05
5.5777926e-05
5.587594e-05
5.5971937e-05
5.6071039e-05
5.617244e-05
5.627812e-05
5.6385013e-05
5.6497083e-05
5.6610768e-05
5.6730083e-05
5.6850931e-05
5.6978224e-05
5.7106626e-05
5.724015e-05
5.7374178e-05
5.7513148e-05
5.7651975e-05
5.7795397e-05
5.7937931e-05
5.8084712e-05
5.8229742e-05
5.8378715e-05
5.8525164e-05
5.867534e-05
5.8822128e-05
5.8972549e-05
5.9118683e-05
5.9268504e-05
5.941306e-05
5.9561493e-05
5.9703711e-05
5.9850254e-05
5.9989431e-05
6.0133653e-05
6.0269159e-05
6.0410776e-05
6.0542036e-05
6.068092e-05
6.0807377e-05
6.0943564e-05
6.1064652e-05
6.1198394e-05
6.1313415e-05
6.1445234e-05
6.1553323e-05
6.1684118e-05
6.1784122e-05
6.1915353e-05
6.2005388e-05
6.2139493e-05
6.2188519e-05
6.2230298e-05
6.222258e-05
2.085659e-07
2.0897883e-07
2.1002507e-07
2.1041754e-07
2.1162734e-07
2.11979e-07
2.1342612e-07
2.1377432e-07
2.1543814e-07
2.1584137e-07
2.1781328e-07
2.1823193e-07
2.2052783e-07
2.2098135e-07
2.236213e-07
2.2411978e-07
2.2714778e-07
2.2767111e-07
2.3111616e-07
2.3165864e-07
2.3553063e-07
2.3607145e-07
2.4038691e-07
2.4092472e-07
2.4571167e-07
2.4622181e-07
2.5144651e-07
2.5187255e-07
2.5727216e-07
2.5782437e-07
2.6349229e-07
2.6450711e-07
2.7101953e-07
2.7333763e-07
2.8253342e-07
2.8815186e-07
3.0458831e-07
3.1781375e-07
3.5105705e-07
3.7963304e-07
4.4528567e-07
5.0233449e-07
6.2590642e-07
7.2528704e-07
9.3548791e-07
1.0845684e-06
1.3781356e-06
1.6173285e-06
1.9706891e-06
2.291365e-06
2.6912719e-06
3.0756205e-06
3.5138332e-06
3.9498822e-06
4.4229259e-06
4.9103031e-06
5.4272405e-06
5.9749613e-06
6.5438636e-06
7.1551921e-06
7.7894613e-06
8.4914859e-06
9.2038216e-06
9.9907262e-06
1.0783735e-05
1.1591819e-05
1.2453474e-05
1.3347835e-05
1.4315221e-05
1.5302555e-05
1.6376703e-05
1.7461513e-05
1.8642687e-05
1.9876169e-05
2.1185482e-05
2.2514208e-05
2.3869717e-05
2.5229413e-05
2.6598192e-05
2.7924272e-05
3.0342412e-05
3.3631056e-05
3.6625138e-05
3.9265904e-05
4.1661422e-05
4.3742585e-05
4.5592384e-05
4.7211796e-05
4.8649188e-05
4.9902981e-05
5.1038088e-05
5.2015197e-05
5.2923641e-05
5.3703642e-05
5.4425011e-05
5.5003787e-05
5.5517403e-05
5.5961711e-05
5.6337718e-05
5.666434e-05
5.6967053e-05
5.7231731e-05
5.7484167e-05
5.770964e-05
5.7932398e-05
5.8147639e-05
5.8363049e-05
5.857178e-05
5.8777062e-05
5.8976274e-05
5.9173157e-05
5.9366609e-05
5.9558696e-05
5.9746848e-05
5.9934733e-05
6.0119308e-05
6.030302e-05
6.0483686e-05
6.0665235e-05
6.0844434e-05
6.1024355e-05
6.1202115e-05
6.1380965e-05
6.1557619e-05
6.1735442e-05
6.1910837e-05
6.2087379e-05
6.2261085e-05
6.2435879e-05
6.260745e-05
6.2780073e-05
6.2948982e-05
6.3118963e-05
6.3284688e-05
6.3451598e-05
6.361363e-05
6.3777042e-05
6.3934968e-05
6.4094659e-05
6.4248089e-05
6.4403867e-05
6.4552446e-05
6.470422e-05
6.4847616e-05
6.4995411e-05
6.513329e-05
6.5277254e-05
6.5409247e-05
6.5549714e-05
6.5675321e-05
6.5812861e-05
6.5931388e-05
6.6066926e-05
6.6177357e-05
6.631237e-05
6.6412936e-05
6.6549867e-05
6.6637645e-05
6.6751942e-05
6.6757835e-05
2.0628478e-07
2.0669729e-07
2.0765438e-07
2.0811437e-07
2.0914493e-07
2.0966986e-07
2.1082652e-07
2.1142366e-07
2.1275746e-07
2.1343078e-07
2.1500543e-07
2.1574361e-07
2.1758445e-07
2.1840141e-07
2.2051278e-07
2.2144551e-07
2.2383322e-07
2.2488978e-07
2.2756246e-07
2.287552e-07
2.3171404e-07
2.3304629e-07
2.3628715e-07
2.377828e-07
2.4129704e-07
2.4297735e-07
2.4671308e-07
2.4859878e-07
2.5253428e-07
2.5457819e-07
2.5868848e-07
2.6081757e-07
2.6509977e-07
2.6727154e-07
2.7204163e-07
2.7442119e-07
2.7983963e-07
2.8413117e-07
2.9079007e-07
2.993552e-07
3.0946341e-07
3.2705307e-07
3.451187e-07
3.8088781e-07
4.1467656e-07
4.8409136e-07
5.4436462e-07
6.6883885e-07
7.6715522e-07
9.7088351e-07
1.1151669e-06
1.3991171e-06
1.6230564e-06
1.9733262e-06
2.2729002e-06
2.677614e-06
3.040516e-06
3.4873064e-06
3.9021777e-06
4.3810757e-06
4.8384337e-06
5.3470426e-06
5.8523728e-06
6.3940126e-06
6.9504862e-06
7.5284052e-06
8.134377e-06
8.7645405e-06
9.4385232e-06
1.0124303e-05
1.0857232e-05
1.160383e-05
1.2383772e-05
1.3133873e-05
1.3956718e-05
1.4765554e-05
1.5653328e-05
1.6532158e-05
1.7507597e-05
1.8441012e-05
2.0250666e-05
2.3380891e-05
2.6672584e-05
2.9995441e-05
3.3144472e-05
3.6098304e-05
3.8813248e-05
4.1258523e-05
4.3439193e-05
4.5413307e-05
4.715547e-05
4.8722437e-05
5.0111377e-05
5.136467e-05
5.2485007e-05
5.3498231e-05
5.4425908e-05
5.5266645e-05
5.6032327e-05
5.6714006e-05
5.7322855e-05
5.7853857e-05
5.8342224e-05
5.8782068e-05
5.9185183e-05
5.9553959e-05
5.9899402e-05
6.0223608e-05
6.0532272e-05
6.0825889e-05
6.1108842e-05
6.1381188e-05
6.1646138e-05
6.1902155e-05
6.2153147e-05
6.23966e-05
6.2638232e-05
6.2876814e-05
6.3114147e-05
6.3347748e-05
6.35793e-05
6.3806793e-05
6.4032213e-05
6.425343e-05
6.4472597e-05
6.4687454e-05
6.4900333e-05
6.5108754e-05
6.5315302e-05
6.5517294e-05
6.5717551e-05
6.5913091e-05
6.6107074e-05
6.629614e-05
6.6483886e-05
6.6666447e-05
6.6847973e-05
6.7024039e-05
6.7199476e-05
6.7369044e-05
6.7538518e-05
6.7701579e-05
6.7865266e-05
6.80218e-05
6.8179937e-05
6.8329894e-05
6.8482791e-05
6.8626063e-05
6.8774165e-05
6.8910515e-05
6.9054441e-05
6.9183437e-05
6.9324102e-05
6.944498e-05
6.9583791e-05
6.9695084e-05
6.9834348e-05
6.9933436e-05
7.0077073e-05
7.0159078e-05
2.0297734e-07
2.0381427e-07
2.0425083e-07
2.0512948e-07
2.0561768e-07
2.0658887e-07
2.0714328e-07
2.0825062e-07
2.0888014e-07
2.101641e-07
2.1087476e-07
2.1238653e-07
2.1315396e-07
2.1495014e-07
2.1575517e-07
2.1787911e-07
2.1872762e-07
2.2117756e-07
2.2207208e-07
2.2488614e-07
2.2582203e-07
2.2899084e-07
2.2996756e-07
2.3351954e-07
2.3455474e-07
2.3845124e-07
2.395997e-07
2.4371626e-07
2.4516005e-07
2.4934753e-07
2.5112454e-07
2.5538219e-07
2.5747074e-07
2.6179412e-07
2.6414308e-07
2.6857792e-07
2.7111975e-07
2.7568122e-07
2.7864324e-07
2.8344398e-07
2.8739495e-07
2.9280038e-07
2.9898049e-07
3.0593069e-07
3.1683699e-07
3.2737355e-07
3.4773401e-07
3.6566759e-07
4.0341209e-07
4.3469058e-07
5.0232394e-07
5.5538033e-07
6.6987307e-07
7.5472349e-07
9.359348e-07
1.0603404e-06
1.3264558e-06
1.4927761e-06
1.8474943e-06
2.065866e-06
2.4881142e-06
2.7726153e-06
3.2429749e-06
3.5847391e-06
4.0898753e-06
4.4770226e-06
5.0066481e-06
5.4350336e-06
5.9855476e-06
6.4502245e-06
7.0227123e-06
7.5272055e-06
8.1230803e-06
8.6643604e-06
9.2868976e-06
9.8762617e-06
1.0530071e-05
1.1169093e-05
1.1855009e-05
1.2534216e-05
1.3688316e-05
1.5477275e-05
1.753931e-05
1.9738144e-05
2.2220408e-05
2.4992816e-05
2.7832356e-05
3.079431e-05
3.3556264e-05
3.627746e-05
3.8766903e-05
4.1115968e-05
4.3220859e-05
4.5151502e-05
4.6885875e-05
4.8456879e-05
4.9893528e-05
5.1180506e-05
5.2371289e-05
5.3440727e-05
5.4431741e-05
5.5348389e-05
5.6190554e-05
5.6965411e-05
5.76853e-05
5.834699e-05
5.8950327e-05
5.9506817e-05
6.0023486e-05
6.0505481e-05
6.0957712e-05
6.1382862e-05
6.1785784e-05
6.2168534e-05
6.2533749e-05
6.2883333e-05
6.3218176e-05
6.3538468e-05
6.3847114e-05
6.4144428e-05
6.4432781e-05
6.4711736e-05
6.4983355e-05
6.5246863e-05
6.5504159e-05
6.5754211e-05
6.5998874e-05
6.6236895e-05
6.6470177e-05
6.6697232e-05
6.6920083e-05
6.7136999e-05
6.7350177e-05
6.7557607e-05
6.7761727e-05
6.7960208e-05
6.8155807e-05
6.8345782e-05
6.8533334e-05
6.8715165e-05
6.8895093e-05
6.9069081e-05
6.92418e-05
6.9408213e-05
6.9574142e-05
6.9733183e-05
6.9892766e-05
7.0044559e-05
7.0198302e-05
7.0342859e-05
7.049138e-05
7.062854e-05
7.0772662e-05
7.0901967e-05
7.1042887e-05
7.1163342e-05
7.1302959e-05
7.141258e-05
7.1554148e-05
7.1653927e-05
2.0071768e-07
2.016668e-07
2.0188642e-07
2.0289548e-07
2.0312701e-07
2.0425429e-07
2.0450116e-07
2.0579299e-07
2.0605626e-07
2.0755e-07
2.0783534e-07
2.0956045e-07
2.098685e-07
2.1185231e-07
2.1220081e-07
2.1438561e-07
2.1491078e-07
2.1719624e-07
2.1798135e-07
2.2034871e-07
2.2144132e-07
2.2378803e-07
2.2534957e-07
2.2752959e-07
2.2965175e-07
2.3163135e-07
2.3434236e-07
2.3610375e-07
2.3939795e-07
2.4098047e-07
2.448114e-07
2.4626293e-07
2.5058417e-07
2.5193454e-07
2.5671465e-07
2.5796503e-07
2.6319453e-07
2.6434937e-07
2.7000828e-07
2.7110508e-07
2.7716989e-07
2.7832576e-07
2.8482191e-07
2.8630262e-07
2.9346256e-07
2.9566383e-07
3.0416538e-07
3.0783296e-07
3.191508e-07
3.255826e-07
3.4256617e-07
3.5395138e-07
3.8148865e-07
4.0131777e-07
4.4716037e-07
4.804327e-07
5.5570773e-07
6.0880043e-07
7.2720735e-07
8.073406e-07
9.8010737e-07
1.1001972e-06
1.3229585e-06
1.5189087e-06
1.7843288e-06
2.0564e-06
2.3650574e-06
2.7100217e-06
3.0578014e-06
3.463504e-06
3.843603e-06
4.3023058e-06
4.706032e-06
5.2029064e-06
5.6263907e-06
6.1573065e-06
6.5910289e-06
7.1508071e-06
7.6035421e-06
8.1825177e-06
8.9280176e-06
1.0480862e-05
1.1772802e-05
1.3520469e-05
1.4966808e-05
1.6742999e-05
1.8311255e-05
2.0317755e-05
2.213857e-05
2.4338832e-05
2.6565306e-05
2.8967693e-05
3.1286872e-05
3.3628569e-05
3.5867021e-05
3.8005684e-05
4.0034244e-05
4.1916585e-05
4.3682935e-05
4.5314561e-05
4.6808429e-05
4.8205318e-05
4.9475676e-05
5.065256e-05
5.1730629e-05
5.2735434e-05
5.3663575e-05
5.4529924e-05
5.5336761e-05
5.6090989e-05
5.6794786e-05
5.7451953e-05
5.8067801e-05
5.8647673e-05
5.9192995e-05
5.970599e-05
6.0190626e-05
6.0648562e-05
6.1082361e-05
6.1494184e-05
6.1886984e-05
6.2261481e-05
6.2620003e-05
6.2963015e-05
6.3292599e-05
6.3608873e-05
6.3913746e-05
6.4207123e-05
6.4490711e-05
6.4764107e-05
6.5029032e-05
6.5284856e-05
6.5533308e-05
6.5773564e-05
6.6007284e-05
6.6234157e-05
6.645455e-05
6.6668989e-05
6.687741e-05
6.7079931e-05
6.7277598e-05
6.746923e-05
6.7657312e-05
6.7839239e-05
6.8018279e-05
6.8191162e-05
6.8361932e-05
6.852632e-05
6.8689495e-05
6.8845827e-05
6.9002086e-05
6.915066e-05
6.9300725e-05
6.9441614e-05
6.9586336e-05
6.9719398e-05
6.9859906e-05
6.9984357e-05
7.0123133e-05
7.0250461e-05
1.9798753e-07
1.9828299e-07
1.9906747e-07
1.9943689e-07
2.0027791e-07
2.0070318e-07
2.0164639e-07
2.0214296e-07
2.0320407e-07
2.0377905e-07
2.0499454e-07
2.0563738e-07
2.0705328e-07
2.077071e-07
2.0937548e-07
2.1003577e-07
2.1199257e-07
2.1263171e-07
2.1490433e-07
2.1551304e-07
2.1812238e-07
2.1868274e-07
2.2163686e-07
2.2217656e-07
2.2544593e-07
2.259981e-07
2.2954499e-07
2.3012924e-07
2.3395785e-07
2.3457413e-07
2.3868687e-07
2.3933154e-07
2.4372175e-07
2.443968e-07
2.4906672e-07
2.4976855e-07
2.5470563e-07
2.5543782e-07
2.6062886e-07
2.6139683e-07
2.6682942e-07
2.6763995e-07
2.7331197e-07
2.741881e-07
2.8011321e-07
2.8112166e-07
2.8735443e-07
2.8861129e-07
2.9537185e-07
2.9702911e-07
3.0448368e-07
3.0759423e-07
3.1591482e-07
3.2196983e-07
3.3191127e-07
3.4291996e-07
3.5604215e-07
3.7527669e-07
3.9392033e-07
4.2636238e-07
4.5362759e-07
5.0602931e-07
5.4628219e-07
6.2836899e-07
6.8569535e-07
8.0842201e-07
8.8764497e-07
1.0637908e-06
1.1678131e-06
1.4070526e-06
1.5390651e-06
1.8506072e-06
2.0089105e-06
2.3923519e-06
2.5775014e-06
3.0335497e-06
3.2360684e-06
3.7502442e-06
3.9848933e-06
4.5216006e-06
4.9963402e-06
6.4242878e-06
7.2999071e-06
8.721956e-06
9.780862e-06
1.1173852e-05
1.2371388e-05
1.3781953e-05
1.5117241e-05
1.6538199e-05
1.7814001e-05
1.9233366e-05
2.0624892e-05
2.2119147e-05
2.3608161e-05
2.5164643e-05
2.6803031e-05
2.8480094e-05
3.0167873e-05
3.1855629e-05
3.3484098e-05
3.5086037e-05
3.6627472e-05
3.8114591e-05
3.9526801e-05
4.0881152e-05
4.2152149e-05
4.3354466e-05
4.4489059e-05
4.5558316e-05
4.6565731e-05
4.7507999e-05
4.8396226e-05
4.9229594e-05
5.0015336e-05
5.0755583e-05
5.145389e-05
5.2111853e-05
5.2731731e-05
5.3316575e-05
5.3870206e-05
5.4393629e-05
5.4889953e-05
5.5360193e-05
5.5807234e-05
5.6231763e-05
5.6636437e-05
5.7021803e-05
5.739014e-05
5.7741585e-05
5.8078387e-05
5.8400497e-05
5.8709976e-05
5.900664e-05
5.9292371e-05
5.9566932e-05
5.983211e-05
6.0087249e-05
6.0334207e-05
6.0572213e-05
6.0803023e-05
6.1025805e-05
6.1242231e-05
6.145144e-05
6.1654964e-05
6.1851983e-05
6.204392e-05
6.2229961e-05
6.2411296e-05
6.2587422e-05
6.2759027e-05
6.292622e-05
6.3088772e-05
6.3247889e-05
6.3401865e-05
6.3553983e-05
6.3699389e-05
6.3846472e-05
6.3978562e-05
6.4150975e-05
1.9373907e-07
1.939324e-07
1.9474458e-07
1.9496347e-07
1.9587352e-07
1.9611471e-07
1.9716004e-07
1.9742572e-07
1.986317e-07
1.9892409e-07
2.0032247e-07
2.0063514e-07
2.0224177e-07
2.0257556e-07
2.0439063e-07
2.0476071e-07
2.0680206e-07
2.0719499e-07
2.0947731e-07
2.0989678e-07
2.1242507e-07
2.1286045e-07
2.1563908e-07
2.1609886e-07
2.1913262e-07
2.1960726e-07
2.2289472e-07
2.2338258e-07
2.2692501e-07
2.2742818e-07
2.3122908e-07
2.317472e-07
2.3578318e-07
2.3635182e-07
2.4044619e-07
2.4132092e-07
2.4530506e-07
2.4658387e-07
2.5039962e-07
2.5208896e-07
2.557136e-07
2.5782029e-07
2.6123852e-07
2.6376609e-07
2.6696887e-07
2.6991845e-07
2.7290683e-07
2.7629165e-07
2.7907576e-07
2.8292739e-07
2.8554375e-07
2.8990593e-07
2.9251551e-07
2.9743588e-07
3.003717e-07
3.060546e-07
3.0965676e-07
3.1665259e-07
3.2142817e-07
3.3070698e-07
3.3742381e-07
3.5047714e-07
3.6034708e-07
3.7951165e-07
3.9419608e-07
4.2257496e-07
4.4443736e-07
4.8650374e-07
5.1837546e-07
5.790658e-07
6.2477559e-07
7.1079802e-07
7.7370213e-07
8.9096824e-07
9.7585197e-07
1.1325512e-06
1.2389805e-06
1.4423399e-06
1.5715318e-06
1.8137662e-06
2.1242463e-06
2.9549769e-06
3.5804066e-06
4.6928605e-06
5.3889053e-06
6.6088002e-06
7.4663015e-06
8.6534717e-06
9.6010103e-06
1.0748083e-05
1.174296e-05
1.2842375e-05
1.3886497e-05
1.4984043e-05
1.6053538e-05
1.7126836e-05
1.8129192e-05
1.9124567e-05
2.0102127e-05
2.1089809e-05
2.2064874e-05
2.3047149e-05
2.4024323e-05
2.4984111e-05
2.5948198e-05
2.6883185e-05
2.7823671e-05
2.8762059e-05
2.969847e-05
3.0613786e-05
3.1521695e-05
3.2390259e-05
3.3252909e-05
3.4057211e-05
3.4852681e-05
3.5626139e-05
3.6371146e-05
3.7085674e-05
3.7771301e-05
3.8427099e-05
3.9057806e-05
3.9661175e-05
4.0241288e-05
4.0796166e-05
4.1329822e-05
4.1840159e-05
4.2331156e-05
4.2800884e-05
4.3253098e-05
4.3685684e-05
4.4102606e-05
4.4501502e-05
4.4886853e-05
4.5255939e-05
4.5612792e-05
4.5955292e-05
4.6286907e-05
4.6605779e-05
4.6914759e-05
4.7212344e-05
4.7500559e-05
4.7778906e-05
4.804852e-05
4.8309876e-05
4.8562278e-05
4.8807842e-05
4.9044725e-05
4.9276567e-05
4.9498497e-05
4.9718259e-05
4.9926535e-05
5.0135935e-05
5.0330774e-05
5.0531435e-05
5.0712927e-05
5.0907055e-05
5.107399e-05
5.1265724e-05
5.1410502e-05
5.1636249e-05
1.8988792e-07
1.9006654e-07
1.9080255e-07
1.9100008e-07
1.9183661e-07
1.9204911e-07
1.9301458e-07
1.9324048e-07
1.9435977e-07
1.9459913e-07
1.9590086e-07
1.9615028e-07
1.9764194e-07
1.9790642e-07
1.9958612e-07
1.998755e-07
2.0175357e-07
2.0207413e-07
2.0408634e-07
2.0455219e-07
2.0660735e-07
2.0729313e-07
2.0935236e-07
2.1028009e-07
2.1232798e-07
2.1350433e-07
2.1552286e-07
2.1696259e-07
2.1893949e-07
2.2065306e-07
2.2258212e-07
2.2457663e-07
2.2644099e-07
2.2872543e-07
2.3051364e-07
2.3308003e-07
2.3480814e-07
2.3762873e-07
2.3932435e-07
2.4236277e-07
2.4405411e-07
2.4727152e-07
2.489865e-07
2.5234407e-07
2.5410749e-07
2.5758311e-07
2.593927e-07
2.6297799e-07
2.6482864e-07
2.6851709e-07
2.7040893e-07
2.7419976e-07
2.7614176e-07
2.800455e-07
2.820569e-07
2.8611747e-07
2.8823365e-07
2.9253984e-07
2.9482889e-07
2.9955166e-07
3.0212103e-07
3.0754302e-07
3.10589e-07
3.1718281e-07
3.2099963e-07
3.2944525e-07
3.3448646e-07
3.4586921e-07
3.5276197e-07
3.68431e-07
3.7808975e-07
4.0010611e-07
4.1358317e-07
4.4416198e-07
4.6318162e-07
5.0544288e-07
5.3142459e-07
5.8849816e-07
6.2432891e-07
6.9507611e-07
7.9255389e-07
1.0778345e-06
1.3382653e-06
1.831343e-06
2.2194019e-06
2.9262666e-06
3.4331807e-06
4.2726287e-06
4.9626945e-06
5.8333763e-06
6.6227659e-06
7.4852385e-06
8.3100285e-06
9.1485657e-06
9.9755784e-06
1.0782571e-05
1.158768e-05
1.2357157e-05
1.312149e-05
1.3865635e-05
1.4589739e-05
1.5317869e-05
1.6023932e-05
1.6742085e-05
1.7412221e-05
1.8102014e-05
1.8735807e-05
1.9348648e-05
1.992878e-05
2.0496643e-05
2.1040455e-05
2.1572864e-05
2.2084256e-05
2.2589811e-05
2.3072114e-05
2.3551804e-05
2.4011031e-05
2.4466129e-05
2.4900362e-05
2.5330337e-05
2.5740627e-05
2.6148372e-05
2.6535729e-05
2.6922443e-05
2.7288266e-05
2.7655054e-05
2.8000454e-05
2.8348528e-05
2.8675572e-05
2.8999091e-05
2.9341468e-05
2.9511578e-05
2.9813583e-05
3.0159522e-05
3.0314683e-05
3.063511e-05
3.0794421e-05
3.1075327e-05
3.1308953e-05
3.1571961e-05
3.178066e-05
3.2015575e-05
3.2225733e-05
3.2458976e-05
3.2656817e-05
3.2888523e-05
3.3107185e-05
3.334086e-05
3.3453757e-05
3.369814e-05
3.3865728e-05
3.4103157e-05
3.4209674e-05
3.4450674e-05
3.4625258e-05
3.4788556e-05
3.492129e-05
3.5141986e-05
3.5248656e-05
3.5499226e-05
1.8452242e-07
1.8514126e-07
1.8537148e-07
1.8603365e-07
1.8634142e-07
1.8706953e-07
1.8744532e-07
1.8825997e-07
1.8873525e-07
1.8961226e-07
1.901874e-07
1.9115688e-07
1.9180938e-07
1.9289249e-07
1.9360003e-07
1.9481874e-07
1.9558191e-07
1.9693264e-07
1.9774459e-07
1.9924363e-07
2.000955e-07
2.0173796e-07
2.0263412e-07
2.0442265e-07
2.0537125e-07
2.0728663e-07
2.0829781e-07
2.1033178e-07
2.1140562e-07
2.1355692e-07
2.1469509e-07
2.1696055e-07
2.1815808e-07
2.2053315e-07
2.2178853e-07
2.2426792e-07
2.2557994e-07
2.2816068e-07
2.2952689e-07
2.3220574e-07
2.3362443e-07
2.3639772e-07
2.3786661e-07
2.407311e-07
2.4224709e-07
2.4519826e-07
2.4675962e-07
2.497925e-07
2.5139401e-07
2.5450087e-07
2.5614021e-07
2.593127e-07
2.609889e-07
2.6421866e-07
2.6593024e-07
2.6921603e-07
2.709612e-07
2.7430899e-07
2.7609747e-07
2.7952136e-07
2.8136502e-07
2.848949e-07
2.8683079e-07
2.9053101e-07
2.9260834e-07
2.965744e-07
2.9888639e-07
3.032962e-07
3.0596559e-07
3.1104943e-07
3.142841e-07
3.2042602e-07
3.244579e-07
3.3212617e-07
3.3736746e-07
3.4726884e-07
3.540282e-07
3.671083e-07
3.7588661e-07
3.9233301e-07
4.1575069e-07
4.8492684e-07
5.528209e-07
6.8793519e-07
8.0852307e-07
1.0429765e-06
1.2299356e-06
1.5836819e-06
1.8504723e-06
2.3095722e-06
2.7003274e-06
3.2290446e-06
3.7119874e-06
4.2914081e-06
4.8298183e-06
5.4363921e-06
5.9951805e-06
6.6095561e-06
7.1597056e-06
7.7664981e-06
8.2899734e-06
8.8738651e-06
9.3745174e-06
9.9239793e-06
1.0397578e-05
1.0915173e-05
1.1359553e-05
1.1838518e-05
1.225098e-05
1.2696521e-05
1.3077558e-05
1.3489163e-05
1.3838479e-05
1.4221582e-05
1.4544041e-05
1.4901583e-05
1.5200273e-05
1.5534773e-05
1.5811962e-05
1.6124804e-05
1.63849e-05
1.6679417e-05
1.6925256e-05
1.7203427e-05
1.7436861e-05
1.7701733e-05
1.7923514e-05
1.8178371e-05
1.8389467e-05
1.863611e-05
1.8838208e-05
1.9077036e-05
1.9271319e-05
1.9503578e-05
1.9692188e-05
1.9918735e-05
2.0102904e-05
2.0322903e-05
2.0510591e-05
2.0705225e-05
2.0950983e-05
2.0970103e-05
2.1148922e-05
2.1413398e-05
2.1409433e-05
2.1628065e-05
2.1821436e-05
2.1871496e-05
2.2023798e-05
2.2264932e-05
2.2255095e-05
2.2457233e-05
2.2565832e-05
2.2756707e-05
2.2845159e-05
2.3035907e-05
2.3171087e-05
2.3235079e-05
2.3327034e-05
2.3572721e-05
1.7810222e-07
1.7864849e-07
1.7885523e-07
1.7947772e-07
1.797428e-07
1.8046649e-07
1.8079159e-07
1.8162029e-07
1.820064e-07
1.8294238e-07
1.8339866e-07
1.8443996e-07
1.8496535e-07
1.8611932e-07
1.8670363e-07
1.8797979e-07
1.8862063e-07
1.9000096e-07
1.9070429e-07
1.9219549e-07
1.9295251e-07
1.9454315e-07
1.9535633e-07
1.9705363e-07
1.9791851e-07
1.9971078e-07
2.0062615e-07
2.0251235e-07
2.0347563e-07
2.0545412e-07
2.0646736e-07
2.0853273e-07
2.0959021e-07
2.1173935e-07
2.1283854e-07
2.1506561e-07
2.1620473e-07
2.1850482e-07
2.1968075e-07
2.2204926e-07
2.2325983e-07
2.2569184e-07
2.2693457e-07
2.2942674e-07
2.3069935e-07
2.3324702e-07
2.3454921e-07
2.3714895e-07
2.3847735e-07
2.4112468e-07
2.4247765e-07
2.4516946e-07
2.4654387e-07
2.4927703e-07
2.506693e-07
2.5344024e-07
2.5484911e-07
2.5765081e-07
2.5907762e-07
2.6190807e-07
2.633477e-07
2.6620522e-07
2.6766125e-07
2.7055325e-07
2.720273e-07
2.749569e-07
2.7645914e-07
2.7945922e-07
2.8100381e-07
2.8409544e-07
2.8571294e-07
2.8897264e-07
2.9069212e-07
2.94188e-07
2.9608366e-07
2.9995705e-07
3.020782e-07
3.0649079e-07
3.0899179e-07
3.139049e-07
3.1992894e-07
3.3759803e-07
3.5320325e-07
3.8449658e-07
4.1247504e-07
4.6814183e-07
5.1479868e-07
6.0730383e-07
6.7892129e-07
8.1875091e-07
9.2138637e-07
1.1197191e-06
1.2542935e-06
1.5149422e-06
1.6781512e-06
1.9968962e-06
2.1832389e-06
2.5448524e-06
2.7564834e-06
3.138194e-06
3.3727477e-06
3.7583228e-06
4.0089715e-06
4.3858661e-06
4.6410258e-06
5.0072045e-06
5.25958e-06
5.6062785e-06
5.8506846e-06
6.1785224e-06
6.4114591e-06
6.7173334e-06
6.9346139e-06
7.2196477e-06
7.4218397e-06
7.6868327e-06
7.873872e-06
8.1195549e-06
8.2913652e-06
8.5184657e-06
8.6767869e-06
8.8880875e-06
9.0336942e-06
9.2309679e-06
9.3645046e-06
9.5499298e-06
9.6721524e-06
9.8475328e-06
9.9600689e-06
1.0126031e-05
1.023042e-05
1.0388474e-05
1.0484299e-05
1.063812e-05
1.0723412e-05
1.0862928e-05
1.0935133e-05
1.1053622e-05
1.1119328e-05
1.120705e-05
1.1261731e-05
1.1361782e-05
1.1410165e-05
1.1508847e-05
1.1555616e-05
1.1677996e-05
1.1685234e-05
1.1794185e-05
1.1855776e-05
1.194721e-05
1.2023597e-05
1.2062712e-05
1.2136418e-05
1.2232018e-05
1.2287142e-05
1.2420918e-05
1.2421604e-05
1.2522818e-05
1.2562848e-05
1.2725225e-05
1.7105642e-07
1.7151733e-07
1.7170709e-07
1.7223448e-07
1.7248462e-07
1.7311958e-07
1.7342726e-07
1.741696e-07
1.7453423e-07
1.7538482e-07
1.7581429e-07
1.767708e-07
1.7726641e-07
1.7833293e-07
1.7888763e-07
1.8007192e-07
1.806824e-07
1.8196783e-07
1.8264052e-07
1.8403335e-07
1.8475704e-07
1.8624375e-07
1.8702086e-07
1.8860572e-07
1.8942942e-07
1.9109827e-07
1.9196619e-07
1.9371512e-07
1.9462313e-07
1.9644815e-07
1.9739709e-07
1.9929133e-07
2.0027596e-07
2.0223441e-07
2.0325183e-07
2.0526922e-07
2.0631728e-07
2.0838862e-07
2.094641e-07
2.1158426e-07
2.1268462e-07
2.1484797e-07
2.1597019e-07
2.1817195e-07
2.1931282e-07
2.2154735e-07
2.2270555e-07
2.2496802e-07
2.2613989e-07
2.2842473e-07
2.2960903e-07
2.3191169e-07
2.3310729e-07
2.3542331e-07
2.3662801e-07
2.3895548e-07
2.401659e-07
2.4250286e-07
2.4371955e-07
2.4606365e-07
2.472818e-07
2.4962937e-07
2.5085118e-07
2.5320161e-07
2.5442305e-07
2.5677073e-07
2.5799437e-07
2.6034467e-07
2.615672e-07
2.6391412e-07
2.6514386e-07
2.675e-07
2.6873202e-07
2.7109852e-07
2.7235492e-07
2.7475211e-07
2.7602373e-07
2.7848586e-07
2.7978711e-07
2.8229689e-07
2.84905e-07
2.9216707e-07
2.9703102e-07
3.0643239e-07
3.1334965e-07
3.2713809e-07
3.3757516e-07
3.5878134e-07
3.7456363e-07
4.0653318e-07
4.2959002e-07
4.7566481e-07
5.0780244e-07
5.7068306e-07
6.130828e-07
6.9389489e-07
7.4699799e-07
8.4509984e-07
9.0832457e-07
1.0229716e-06
1.0931014e-06
1.2224431e-06
1.2976811e-06
1.4370583e-06
1.5154399e-06
1.6624423e-06
1.7412566e-06
1.8906098e-06
1.9686755e-06
2.1179146e-06
2.1945505e-06
2.3389509e-06
2.4146652e-06
2.5515897e-06
2.6256213e-06
2.7546971e-06
2.8258406e-06
2.9466613e-06
3.0138322e-06
3.1261287e-06
3.1893055e-06
3.2939482e-06
3.3528823e-06
3.450233e-06
3.5048901e-06
3.5954948e-06
3.6460964e-06
3.7304859e-06
3.7775035e-06
3.8562077e-06
3.8995385e-06
3.9737853e-06
4.0131102e-06
4.0834716e-06
4.1199879e-06
4.1860953e-06
4.2202482e-06
4.2817088e-06
4.3130266e-06
4.3700481e-06
4.3988966e-06
4.4528093e-06
4.4792744e-06
4.5299926e-06
4.5532907e-06
4.5999007e-06
4.620208e-06
4.6621172e-06
4.6824022e-06
4.721114e-06
4.7421358e-06
4.7812987e-06
4.8008236e-06
4.8406757e-06
4.8599374e-06
4.8901394e-06
4.9106801e-06
4.9402909e-06
4.9574673e-06
5.0150162e-06
1.6308336e-07
1.6350185e-07
1.6366015e-07
1.6413827e-07
1.6435815e-07
1.6494316e-07
1.6521697e-07
1.6590074e-07
1.6622708e-07
1.6700975e-07
1.6739417e-07
1.6827226e-07
1.6871643e-07
1.6969088e-07
1.7018966e-07
1.7126691e-07
1.718154e-07
1.7298598e-07
1.7359043e-07
1.7485726e-07
1.7550903e-07
1.7686259e-07
1.7756435e-07
1.7900765e-07
1.7975346e-07
1.8127477e-07
1.8206157e-07
1.8365629e-07
1.8447967e-07
1.8614284e-07
1.8700241e-07
1.8872612e-07
1.8961585e-07
1.9139355e-07
1.9230998e-07
1.941351e-07
1.9507586e-07
1.9694275e-07
1.9790454e-07
1.9980804e-07
2.0078848e-07
2.027234e-07
2.0371973e-07
2.056818e-07
2.0669101e-07
2.086751e-07
2.0969597e-07
2.1169787e-07
2.1272678e-07
2.1474092e-07
2.1577577e-07
2.1779824e-07
2.1883655e-07
2.2086264e-07
2.2190219e-07
2.2392799e-07
2.2496647e-07
2.2698794e-07
2.280254e-07
2.3004028e-07
2.3107233e-07
2.3307732e-07
2.3410646e-07
2.3610485e-07
2.371181e-07
2.391108e-07
2.4010742e-07
2.4209846e-07
2.4307377e-07
2.4505466e-07
2.4601708e-07
2.4799041e-07
2.4893158e-07
2.5089053e-07
2.5182552e-07
2.5377209e-07
2.5468609e-07
2.5662606e-07
2.5752627e-07
2.594461e-07
2.6110062e-07
2.6623036e-07
2.686261e-07
2.739514e-07
2.7649973e-07
2.8235336e-07
2.8530476e-07
2.9222616e-07
2.9592074e-07
3.0460492e-07
3.094209e-07
3.2063817e-07
3.2695263e-07
3.4144371e-07
3.4961589e-07
3.6780331e-07
3.7817074e-07
4.0015078e-07
4.1276832e-07
4.3872589e-07
4.5313725e-07
4.8279693e-07
4.9893112e-07
5.312902e-07
5.4874714e-07
5.8352443e-07
6.017736e-07
6.3769607e-07
6.5642138e-07
6.9300828e-07
7.1185811e-07
7.4811503e-07
7.6660048e-07
8.0211742e-07
8.2010277e-07
8.5443385e-07
8.7172765e-07
9.0450057e-07
9.2084353e-07
9.5173562e-07
9.6716735e-07
9.9623364e-07
1.0106965e-06
1.0378611e-06
1.0513564e-06
1.0766539e-06
1.0892164e-06
1.1127546e-06
1.1244509e-06
1.1463341e-06
1.1571709e-06
1.1775589e-06
1.187592e-06
1.2066139e-06
1.2159113e-06
1.2335693e-06
1.2420916e-06
1.2584557e-06
1.2664798e-06
1.2817484e-06
1.2892854e-06
1.3033646e-06
1.3103029e-06
1.323771e-06
1.3303786e-06
1.3427327e-06
1.3491392e-06
1.3617394e-06
1.3678103e-06
1.3795082e-06
1.3852162e-06
1.3960319e-06
1.4018607e-06
1.4127152e-06
1.4177517e-06
1.4283331e-06
1.4332066e-06
1.4429053e-06
1.4486459e-06
1.4597432e-06
1.5509526e-07
1.5546482e-07
1.5558653e-07
1.5603396e-07
1.5621452e-07
1.5674742e-07
1.5697696e-07
1.5760716e-07
1.5788535e-07
1.5860523e-07
1.5894134e-07
1.5974447e-07
1.6013692e-07
1.6103012e-07
1.6146752e-07
1.6246126e-07
1.6294352e-07
1.640181e-07
1.6455131e-07
1.6571402e-07
1.6629034e-07
1.6753006e-07
1.6815045e-07
1.694742e-07
1.7013392e-07
1.7152895e-07
1.7222576e-07
1.7368981e-07
1.7441976e-07
1.7594827e-07
1.7671199e-07
1.7829667e-07
1.7908824e-07
1.8072312e-07
1.8153946e-07
1.8321583e-07
1.8405419e-07
1.8576509e-07
1.8662135e-07
1.8836096e-07
1.8923218e-07
1.9099352e-07
1.9187656e-07
1.9365573e-07
1.9454505e-07
1.9634517e-07
1.9722436e-07
1.990486e-07
1.9991432e-07
2.0175646e-07
2.0260847e-07
2.0446349e-07
2.0530139e-07
2.071634e-07
2.0798674e-07
2.0985146e-07
2.1065918e-07
2.1252151e-07
2.1331465e-07
2.1517168e-07
2.1594638e-07
2.1779388e-07
2.1855133e-07
2.2038877e-07
2.2112718e-07
2.2294654e-07
2.2366898e-07
2.2547242e-07
2.2617801e-07
2.2795381e-07
2.286488e-07
2.3040185e-07
2.3108105e-07
2.3280137e-07
2.3347545e-07
2.3516809e-07
2.3582277e-07
2.3748917e-07
2.3813679e-07
2.3976213e-07
2.4093731e-07
2.4516948e-07
2.4679401e-07
2.5086794e-07
2.5244354e-07
2.5638416e-07
2.5794725e-07
2.6182215e-07
2.6343336e-07
2.6733861e-07
2.6907499e-07
2.7313013e-07
2.750722e-07
2.79415e-07
2.8162749e-07
2.8636769e-07
2.8891052e-07
2.9411461e-07
2.9702727e-07
3.0276036e-07
3.059657e-07
3.1223337e-07
3.1570307e-07
3.2239672e-07
3.2608141e-07
3.3315525e-07
3.3695725e-07
3.4421375e-07
3.4808793e-07
3.5544406e-07
3.5932585e-07
3.6660967e-07
3.7041335e-07
3.7753309e-07
3.8123375e-07
3.8811695e-07
3.9167459e-07
3.9824619e-07
4.0160091e-07
4.0780409e-07
4.1096557e-07
4.1680426e-07
4.1976302e-07
4.2521643e-07
4.2797687e-07
4.3304392e-07
4.3562066e-07
4.402948e-07
4.4268468e-07
4.4703658e-07
4.4925563e-07
4.5329803e-07
4.5535486e-07
4.5909925e-07
4.6101812e-07
4.6450437e-07
4.6630146e-07
4.6955074e-07
4.712271e-07
4.7426819e-07
4.7583787e-07
4.7869237e-07
4.8016697e-07
4.8285705e-07
4.8424587e-07
4.8679078e-07
4.8811001e-07
4.9052727e-07
4.9178157e-07
4.9408191e-07
4.9527798e-07
4.9747491e-07
4.9861671e-07
5.007176e-07
5.0181732e-07
5.038261e-07
5.0489672e-07
5.0678949e-07
5.0799647e-07
5.1011691e-07
1.4828877e-07
1.4853355e-07
1.4865511e-07
1.489767e-07
1.4911943e-07
1.4949905e-07
1.4968607e-07
1.5013703e-07
1.5036101e-07
1.5088626e-07
1.5115286e-07
1.5175354e-07
1.5206571e-07
1.5274521e-07
1.53101e-07
1.5386596e-07
1.5426327e-07
1.5510893e-07
1.5555284e-07
1.5648289e-07
1.5696817e-07
1.5797661e-07
1.58506e-07
1.5959622e-07
1.6016612e-07
1.6133038e-07
1.6193932e-07
1.6317436e-07
1.6381969e-07
1.6512214e-07
1.658038e-07
1.6716805e-07
1.6788055e-07
1.6930106e-07
1.7004148e-07
1.7151262e-07
1.7227549e-07
1.7380383e-07
1.7455983e-07
1.7615424e-07
1.7689846e-07
1.7855233e-07
1.7928045e-07
1.8098666e-07
1.8169533e-07
1.8344484e-07
1.841359e-07
1.859185e-07
1.8659302e-07
1.8839728e-07
1.8905807e-07
1.9087437e-07
1.9152304e-07
1.9334177e-07
1.9397981e-07
1.9579341e-07
1.9642126e-07
1.9822271e-07
1.9884289e-07
2.0062752e-07
2.0123728e-07
2.0299975e-07
2.0360101e-07
2.0533938e-07
2.0592947e-07
2.0763684e-07
2.0821836e-07
2.0989566e-07
2.1046492e-07
2.1210437e-07
2.1266676e-07
2.1427059e-07
2.1481881e-07
2.1638122e-07
2.1692487e-07
2.1844626e-07
2.1897589e-07
2.2045545e-07
2.2098164e-07
2.2241179e-07
2.2335197e-07
2.2700828e-07
2.2830157e-07
2.3170884e-07
2.3293508e-07
2.3610251e-07
2.3725514e-07
2.4020601e-07
2.4128623e-07
2.4404415e-07
2.4506162e-07
2.4765073e-07
2.4862345e-07
2.5107131e-07
2.5201703e-07
2.5434306e-07
2.5528331e-07
2.5750475e-07
2.5845599e-07
2.6060597e-07
2.6154436e-07
2.6364573e-07
2.6457939e-07
2.6661236e-07
2.6754454e-07
2.6952613e-07
2.7044151e-07
2.7234377e-07
2.732446e-07
2.7507051e-07
2.7594901e-07
2.7767872e-07
2.7852153e-07
2.8015366e-07
2.8095915e-07
2.8249165e-07
2.8325589e-07
2.8468276e-07
2.853972e-07
2.8671134e-07
2.8738545e-07
2.8859311e-07
2.8922921e-07
2.9033228e-07
2.9092675e-07
2.9193415e-07
2.9248733e-07
2.9340886e-07
2.9392378e-07
2.9476654e-07
2.9524374e-07
2.9601574e-07
2.9645797e-07
2.9716735e-07
2.9757754e-07
2.9823178e-07
2.9861562e-07
2.9922029e-07
2.9957878e-07
3.0013965e-07
3.0047578e-07
3.0099797e-07
3.0131441e-07
3.0180282e-07
3.0210076e-07
3.0256055e-07
3.028429e-07
3.0327793e-07
3.0354547e-07
3.0395819e-07
3.042125e-07
3.0460556e-07
3.0484781e-07
3.052229e-07
3.0545453e-07
3.0581345e-07
3.0603565e-07
3.0637941e-07
3.0660303e-07
3.0704798e-07
1.4474971e-07
1.4490585e-07
1.4502524e-07
1.4522118e-07
1.4535023e-07
1.455925e-07
1.4573213e-07
1.4602737e-07
1.4617984e-07
1.4652015e-07
1.4670033e-07
1.4708841e-07
1.4729693e-07
1.477371e-07
1.4797423e-07
1.4847236e-07
1.487386e-07
1.4929405e-07
1.4959419e-07
1.5021223e-07
1.505445e-07
1.5122443e-07
1.5159176e-07
1.5233904e-07
1.5274067e-07
1.5355242e-07
1.5398875e-07
1.5486593e-07
1.5533592e-07
1.562783e-07
1.5678333e-07
1.5778864e-07
1.5832669e-07
1.5940257e-07
1.5994338e-07
1.6111091e-07
1.6164341e-07
1.629037e-07
1.6342091e-07
1.6477163e-07
1.6527534e-07
1.6670317e-07
1.6720107e-07
1.686901e-07
1.6918483e-07
1.7072377e-07
1.7121869e-07
1.7279632e-07
1.7329257e-07
1.7489708e-07
1.7539659e-07
1.7701885e-07
1.7752195e-07
1.7915271e-07
1.7965919e-07
1.8129126e-07
1.8180006e-07
1.8342591e-07
1.8393739e-07
1.8555295e-07
1.8606307e-07
1.8766314e-07
1.8817193e-07
1.8975494e-07
1.9025937e-07
1.9181822e-07
1.9231849e-07
1.9385468e-07
1.9434804e-07
1.9585117e-07
1.9634195e-07
1.9780944e-07
1.9829983e-07
1.9972161e-07
2.0021779e-07
2.0159625e-07
2.0208577e-07
2.0342134e-07
2.0391257e-07
2.0519793e-07
2.0608735e-07
2.0932194e-07
2.1060061e-07
2.1353659e-07
2.1476884e-07
2.1743115e-07
2.1859145e-07
2.2099712e-07
2.2209025e-07
2.2424599e-07
2.2527727e-07
2.2719673e-07
2.2816821e-07
2.2987406e-07
2.3078539e-07
2.3229987e-07
2.3315029e-07
2.345001e-07
2.3528445e-07
2.3649888e-07
2.372114e-07
2.3830261e-07
2.3896409e-07
2.399331e-07
2.4054272e-07
2.4141347e-07
2.419744e-07
2.4274761e-07
2.432631e-07
2.4395635e-07
2.4442913e-07
2.4504674e-07
2.4547452e-07
2.4602739e-07
2.464158e-07
2.4691135e-07
2.4726281e-07
2.4770573e-07
2.4802268e-07
2.4841331e-07
2.4870305e-07
2.4904981e-07
2.4931368e-07
2.4962076e-07
2.4986104e-07
2.5013325e-07
2.5035218e-07
2.5059426e-07
2.5079459e-07
2.5100994e-07
2.511932e-07
2.5138528e-07
2.5155357e-07
2.5172544e-07
2.5188067e-07
2.5203509e-07
2.5217973e-07
2.5231865e-07
2.524537e-07
2.5257915e-07
2.5270571e-07
2.5281946e-07
2.5293859e-07
2.530422e-07
2.5315474e-07
2.5324978e-07
2.5335651e-07
2.5344483e-07
2.5354547e-07
2.5362821e-07
2.5372312e-07
2.5380109e-07
2.5389092e-07
2.5396438e-07
2.5404987e-07
2.5411896e-07
2.5420225e-07
2.5425897e-07
2.5437966e-07
2.5446939e-07
1.4229267e-07
1.4239726e-07
1.4251094e-07
1.4265002e-07
1.4277044e-07
1.4294243e-07
1.4307093e-07
1.4328151e-07
1.4341702e-07
1.4366762e-07
1.4381192e-07
1.4410243e-07
1.4425788e-07
1.4458561e-07
1.4475923e-07
1.4512338e-07
1.4531442e-07
1.4571432e-07
1.4592528e-07
1.4636346e-07
1.4659333e-07
1.4706881e-07
1.4731982e-07
1.4783572e-07
1.4810761e-07
1.4866317e-07
1.4895659e-07
1.4955315e-07
1.4986842e-07
1.5050853e-07
1.5084339e-07
1.5153935e-07
1.5187309e-07
1.5263739e-07
1.5296828e-07
1.537999e-07
1.5412997e-07
1.5502572e-07
1.5535718e-07
1.5631261e-07
1.5664845e-07
1.5765815e-07
1.5800134e-07
1.5905998e-07
1.594124e-07
1.6051378e-07
1.6087771e-07
1.6201603e-07
1.6239151e-07
1.6356061e-07
1.6394796e-07
1.6514316e-07
1.6554132e-07
1.6675752e-07
1.6716518e-07
1.6839792e-07
1.6881288e-07
1.700571e-07
1.7047926e-07
1.7173102e-07
1.7215655e-07
1.7341116e-07
1.7383867e-07
1.750925e-07
1.7552122e-07
1.767581e-07
1.772107e-07
1.7841546e-07
1.7889021e-07
1.8005804e-07
1.8055201e-07
1.816865e-07
1.8219375e-07
1.8329156e-07
1.8381206e-07
1.8487711e-07
1.8539954e-07
1.8643201e-07
1.8696262e-07
1.8795608e-07
1.8893096e-07
1.9143082e-07
1.9286811e-07
1.9513507e-07
1.9653977e-07
1.985928e-07
1.9992771e-07
2.0177767e-07
2.0303604e-07
2.0468594e-07
2.0586397e-07
2.0732349e-07
2.0841711e-07
2.0970376e-07
2.1070926e-07
2.1184008e-07
2.1275603e-07
2.1375147e-07
2.1457489e-07
2.1545762e-07
2.1618606e-07
2.1696562e-07
2.1761904e-07
2.1829737e-07
2.188782e-07
2.1947597e-07
2.1999043e-07
2.2051004e-07
2.2096487e-07
2.2142139e-07
2.2182306e-07
2.2222125e-07
2.2257226e-07
2.2292155e-07
2.2322976e-07
2.2353684e-07
2.2380723e-07
2.2407641e-07
2.243125e-07
2.2454613e-07
2.2475713e-07
2.2495945e-07
2.2514789e-07
2.2532277e-07
2.2549157e-07
2.2564288e-07
2.257947e-07
2.2592598e-07
2.2606348e-07
2.2617735e-07
2.2630205e-07
2.2640113e-07
2.2651461e-07
2.2660125e-07
2.2670496e-07
2.2678106e-07
2.2687701e-07
2.2694418e-07
2.2703273e-07
2.2709251e-07
2.271745e-07
2.2722811e-07
2.2730432e-07
2.2735277e-07
2.2742389e-07
2.2746805e-07
2.2753485e-07
2.2757553e-07
2.2763823e-07
2.2767594e-07
2.277349e-07
2.2777012e-07
2.2782569e-07
2.2785865e-07
2.2791137e-07
2.2794231e-07
2.279917e-07
2.2802318e-07
2.2807636e-07
2.2812827e-07
1.3965253e-07
1.3972927e-07
1.3983512e-07
1.3994393e-07
1.4005095e-07
1.4019331e-07
1.4030856e-07
1.404838e-07
1.4060545e-07
1.4081451e-07
1.4094382e-07
1.4118648e-07
1.4132512e-07
1.4160082e-07
1.4174808e-07
1.4205538e-07
1.4221624e-07
1.425498e-07
1.4272581e-07
1.4308755e-07
1.4327693e-07
1.4366438e-07
1.4386827e-07
1.4428305e-07
1.4450072e-07
1.4494218e-07
1.4516831e-07
1.4564376e-07
1.4587052e-07
1.4638398e-07
1.4661059e-07
1.47162e-07
1.4738805e-07
1.479759e-07
1.4820255e-07
1.4882458e-07
1.4905407e-07
1.4970782e-07
1.4994197e-07
1.5062487e-07
1.5086577e-07
1.515752e-07
1.5182447e-07
1.5255853e-07
1.5281692e-07
1.5357353e-07
1.5384206e-07
1.5461966e-07
1.5489781e-07
1.5569448e-07
1.5598218e-07
1.5679697e-07
1.5709331e-07
1.5792482e-07
1.5822868e-07
1.5907589e-07
1.5938502e-07
1.6024661e-07
1.6055941e-07
1.6142531e-07
1.6176023e-07
1.6261273e-07
1.6297664e-07
1.6381161e-07
1.6420212e-07
1.6501659e-07
1.6543072e-07
1.6622684e-07
1.6666108e-07
1.6743651e-07
1.6788749e-07
1.6864549e-07
1.6910814e-07
1.6984657e-07
1.7032033e-07
1.7104195e-07
1.7151813e-07
1.7222287e-07
1.727057e-07
1.7338866e-07
1.7426673e-07
1.7600748e-07
1.7730048e-07
1.789159e-07
1.8017911e-07
1.816764e-07
1.8287719e-07
1.8425604e-07
1.8538646e-07
1.8664036e-07
1.8769578e-07
1.8882408e-07
1.8980043e-07
1.9081002e-07
1.9170393e-07
1.926026e-07
1.9341309e-07
1.9421261e-07
1.9493762e-07
1.9565296e-07
1.962909e-07
1.9692689e-07
1.9749536e-07
1.9805124e-07
1.9855317e-07
1.9904441e-07
1.9948615e-07
1.9991348e-07
2.0030151e-07
2.0067681e-07
2.0101734e-07
2.0134424e-07
2.0163995e-07
2.0192613e-07
2.0218412e-07
2.0243517e-07
2.0266009e-07
2.0287954e-07
2.0307479e-07
2.0326395e-07
2.0343891e-07
2.0360185e-07
2.0375691e-07
2.0389719e-07
2.0403544e-07
2.0415635e-07
2.0428014e-07
2.0438468e-07
2.0449637e-07
2.0458673e-07
2.046876e-07
2.0476599e-07
2.0485748e-07
2.0492585e-07
2.0500922e-07
2.0506927e-07
2.0514604e-07
2.0519905e-07
2.052697e-07
2.0531684e-07
2.0538207e-07
2.0542459e-07
2.0548478e-07
2.0552361e-07
2.0557943e-07
2.0561511e-07
2.0566744e-07
2.0570045e-07
2.0574959e-07
2.057802e-07
2.058266e-07
2.0585515e-07
2.0589907e-07
2.0592589e-07
2.0596761e-07
2.0599261e-07
2.0603339e-07
2.060543e-07
2.0610631e-07
2.0614036e-07
1.3737204e-07
1.3743613e-07
1.3750676e-07
1.3758313e-07
1.3766839e-07
1.3775441e-07
1.3785414e-07
1.3796741e-07
1.3806882e-07
1.3820729e-07
1.3831409e-07
1.3847948e-07
1.3859354e-07
1.3878531e-07
1.3890701e-07
1.3912723e-07
1.3925488e-07
1.3950321e-07
1.3963834e-07
1.39913e-07
1.4005912e-07
1.4035802e-07
1.4051434e-07
1.4084114e-07
1.4100232e-07
1.4135786e-07
1.4152328e-07
1.4190725e-07
1.4207627e-07
1.424877e-07
1.426612e-07
1.4309765e-07
1.4327602e-07
1.4373519e-07
1.4391876e-07
1.4439842e-07
1.445878e-07
1.4508591e-07
1.4528116e-07
1.457959e-07
1.459972e-07
1.4652682e-07
1.4673401e-07
1.4727731e-07
1.4748983e-07
1.4804558e-07
1.4826339e-07
1.4883085e-07
1.4905288e-07
1.4963069e-07
1.4985604e-07
1.5044141e-07
1.50675e-07
1.5125827e-07
1.5151213e-07
1.5208524e-07
1.5235928e-07
1.5292127e-07
1.5321481e-07
1.5376564e-07
1.5407652e-07
1.5461614e-07
1.5494307e-07
1.5547266e-07
1.5581334e-07
1.5633225e-07
1.566845e-07
1.5719458e-07
1.5755638e-07
1.5805621e-07
1.5842564e-07
1.5891759e-07
1.5929153e-07
1.5977415e-07
1.6015267e-07
1.6062784e-07
1.6100519e-07
1.6147278e-07
1.6185229e-07
1.6230875e-07
1.6299679e-07
1.6417588e-07
1.6517487e-07
1.6628931e-07
1.6725825e-07
1.6830937e-07
1.6922817e-07
1.7021156e-07
1.7107656e-07
1.7198322e-07
1.7279233e-07
1.7361773e-07
1.7436852e-07
1.7511433e-07
1.7580422e-07
1.7647355e-07
1.7710145e-07
1.7770092e-07
1.7826474e-07
1.7880416e-07
1.7930204e-07
1.7978376e-07
1.8022886e-07
1.806512e-07
1.810454e-07
1.8141945e-07
1.8176752e-07
1.820932e-07
1.8239988e-07
1.8268597e-07
1.8295599e-07
1.8320504e-07
1.8344028e-07
1.8365802e-07
1.8386394e-07
1.8405463e-07
1.842348e-07
1.8440005e-07
1.8455988e-07
1.8470021e-07
1.8484282e-07
1.849633e-07
1.8509083e-07
1.8519379e-07
1.8530795e-07
1.8539602e-07
1.854986e-07
1.8557423e-07
1.8566704e-07
1.8573195e-07
1.8581594e-07
1.8587184e-07
1.8594816e-07
1.8599652e-07
1.8606621e-07
1.8610836e-07
1.8617262e-07
1.8620955e-07
1.8626874e-07
1.8630137e-07
1.8635611e-07
1.863852e-07
1.8643603e-07
1.8646221e-07
1.8650962e-07
1.8653342e-07
1.8657793e-07
1.8660004e-07
1.8664164e-07
1.8666223e-07
1.8670057e-07
1.867202e-07
1.8675633e-07
1.8677492e-07
1.8680914e-07
1.8682704e-07
1.8685958e-07
1.868765e-07
1.8691467e-07
1.8694173e-07
1.3619973e-07
1.3625307e-07
1.3629259e-07
1.3635301e-07
1.3640136e-07
1.3646915e-07
1.3652738e-07
1.3660322e-07
1.3667233e-07
1.367564e-07
1.3683775e-07
1.3693304e-07
1.370228e-07
1.3713271e-07
1.3722739e-07
1.3735589e-07
1.3745485e-07
1.3760139e-07
1.3770582e-07
1.3787183e-07
1.3798061e-07
1.381661e-07
1.3827975e-07
1.3848595e-07
1.38604e-07
1.3883005e-07
1.3895269e-07
1.3919823e-07
1.3932612e-07
1.3959009e-07
1.3972489e-07
1.4000591e-07
1.4014715e-07
1.4044469e-07
1.4059185e-07
1.4090551e-07
1.4105832e-07
1.4138761e-07
1.4154529e-07
1.418894e-07
1.4205153e-07
1.4240945e-07
1.4257549e-07
1.4294666e-07
1.4311543e-07
1.4349786e-07
1.4367091e-07
1.4405773e-07
1.4424612e-07
1.4462857e-07
1.4483236e-07
1.4520996e-07
1.4542827e-07
1.4580043e-07
1.4603183e-07
1.4639895e-07
1.4664167e-07
1.4700383e-07
1.4725623e-07
1.4761409e-07
1.4787403e-07
1.4822743e-07
1.4849393e-07
1.4884336e-07
1.4911505e-07
1.4945967e-07
1.4973534e-07
1.5007613e-07
1.5035473e-07
1.506904e-07
1.5097093e-07
1.5130288e-07
1.5158351e-07
1.5191052e-07
1.5219167e-07
1.5251485e-07
1.5279284e-07
1.5311194e-07
1.5338942e-07
1.5370184e-07
1.5420441e-07
1.5501708e-07
1.5573768e-07
1.5651059e-07
1.5720429e-07
1.5793696e-07
1.5859217e-07
1.5928059e-07
1.5989643e-07
1.605335e-07
1.6110955e-07
1.6169149e-07
1.6222653e-07
1.6275411e-07
1.6324631e-07
1.6372143e-07
1.6416993e-07
1.6459687e-07
1.6500009e-07
1.6538543e-07
1.6574193e-07
1.6608689e-07
1.6640608e-07
1.667091e-07
1.6699211e-07
1.6726092e-07
1.6751115e-07
1.677454e-07
1.6796611e-07
1.6817201e-07
1.6836637e-07
1.6854596e-07
1.6871703e-07
1.6887101e-07
1.6902331e-07
1.6915581e-07
1.6929139e-07
1.6940436e-07
1.6952494e-07
1.6962048e-07
1.6972833e-07
1.698099e-07
1.6990646e-07
1.6997555e-07
1.7006221e-07
1.7012074e-07
1.7019868e-07
1.7024847e-07
1.7031901e-07
1.7036125e-07
1.7042506e-07
1.7046088e-07
1.7051899e-07
1.7054945e-07
1.7060265e-07
1.7062887e-07
1.7067729e-07
1.7070091e-07
1.7074456e-07
1.7076586e-07
1.7080552e-07
1.7082482e-07
1.7086112e-07
1.7087872e-07
1.7091208e-07
1.7092834e-07
1.7095938e-07
1.7097434e-07
1.7100337e-07
1.7101719e-07
1.7104445e-07
1.7105734e-07
1.7108302e-07
1.7109514e-07
1.7111942e-07
1.7113095e-07
1.7115386e-07
1.7116556e-07
1.7118711e-07
1.7120959e-07
1.3513521e-07
1.351755e-07
1.3520735e-07
1.3525388e-07
1.3529347e-07
1.3534614e-07
1.3539392e-07
1.3545303e-07
1.3550916e-07
1.3557494e-07
1.3563978e-07
1.3571266e-07
1.3578562e-07
1.3586652e-07
1.3594694e-07
1.3603667e-07
1.3612445e-07
1.3622468e-07
1.3631554e-07
1.3642905e-07
1.365226e-07
1.3664852e-07
1.3674521e-07
1.368842e-07
1.3698344e-07
1.3713492e-07
1.3723675e-07
1.3740055e-07
1.3750484e-07
1.376807e-07
1.377877e-07
1.3797528e-07
1.3808463e-07
1.3828381e-07
1.3839511e-07
1.3860537e-07
1.3871823e-07
1.3893874e-07
1.3905564e-07
1.392843e-07
1.3940513e-07
1.3964165e-07
1.3976551e-07
1.4000665e-07
1.4014081e-07
1.4038108e-07
1.405266e-07
1.4076559e-07
1.409206e-07
1.4115869e-07
1.413222e-07
1.4155969e-07
1.4173055e-07
1.4196732e-07
1.4214456e-07
1.4238076e-07
1.4256345e-07
1.427989e-07
1.429862e-07
1.4322106e-07
1.4341179e-07
1.4364558e-07
1.438393e-07
1.4407198e-07
1.4426794e-07
1.4449862e-07
1.4469615e-07
1.4492519e-07
1.451237e-07
1.4534999e-07
1.4554889e-07
1.4577316e-07
1.4597131e-07
1.4619256e-07
1.463903e-07
1.4660914e-07
1.4680403e-07
1.4702017e-07
1.4721403e-07
1.4742565e-07
1.4777334e-07
1.4832309e-07
1.4881843e-07
1.4934155e-07
1.4981614e-07
1.5031216e-07
1.5075863e-07
1.5122483e-07
1.5164294e-07
1.5207455e-07
1.5246442e-07
1.5285882e-07
1.5322004e-07
1.5357769e-07
1.5390926e-07
1.5423146e-07
1.5453313e-07
1.5482248e-07
1.5509348e-07
1.5535444e-07
1.5559383e-07
1.5582718e-07
1.5604147e-07
1.5624616e-07
1.5643611e-07
1.5661553e-07
1.5678819e-07
1.569404e-07
1.5709518e-07
1.5722566e-07
1.5736493e-07
1.574757e-07
1.5759946e-07
1.5769371e-07
1.5780432e-07
1.5788445e-07
1.5798343e-07
1.5805081e-07
1.5813914e-07
1.5819528e-07
1.5827452e-07
1.5832179e-07
1.5839292e-07
1.5843228e-07
1.5849625e-07
1.5852893e-07
1.5858666e-07
1.5861441e-07
1.586651e-07
1.5868972e-07
1.5873468e-07
1.5875637e-07
1.5879633e-07
1.5881549e-07
1.5885107e-07
1.5886827e-07
1.5890031e-07
1.5891574e-07
1.5894459e-07
1.5895852e-07
1.5898465e-07
1.5899729e-07
1.5902111e-07
1.5903271e-07
1.5905458e-07
1.5906513e-07
1.5908558e-07
1.5909525e-07
1.5911435e-07
1.5912325e-07
1.5914117e-07
1.5914941e-07
1.5916627e-07
1.5917396e-07
1.5918987e-07
1.5919715e-07
1.5921192e-07
1.5922029e-07
1.5922721e-07
1.5924844e-07
1.3408689e-07
1.3411746e-07
1.3413364e-07
1.3416909e-07
1.3419104e-07
1.3423135e-07
1.3425959e-07
1.34305e-07
1.3433984e-07
1.3439049e-07
1.3443237e-07
1.3448851e-07
1.3453711e-07
1.3459944e-07
1.3465426e-07
1.3472316e-07
1.3478469e-07
1.3485921e-07
1.3492798e-07
1.3500826e-07
1.3508412e-07
1.351701e-07
1.352518e-07
1.3534636e-07
1.3543052e-07
1.3553418e-07
1.3562096e-07
1.3573348e-07
1.3582245e-07
1.3594381e-07
1.3603474e-07
1.361646e-07
1.3625713e-07
1.3639516e-07
1.3648899e-07
1.3663462e-07
1.367297e-07
1.3688248e-07
1.3697843e-07
1.3713804e-07
1.3723423e-07
1.3739801e-07
1.3750036e-07
1.37664e-07
1.3777231e-07
1.3793596e-07
1.3804951e-07
1.3821338e-07
1.383314e-07
1.3849549e-07
1.3861649e-07
1.3878134e-07
1.3890648e-07
1.390698e-07
1.3919868e-07
1.3936088e-07
1.394929e-07
1.3965387e-07
1.3978843e-07
1.399483e-07
1.4008473e-07
1.4024318e-07
1.4038124e-07
1.4053827e-07
1.4067763e-07
1.4083264e-07
1.4097278e-07
1.4112611e-07
1.4126684e-07
1.4141786e-07
1.4155823e-07
1.4170785e-07
1.4184713e-07
1.4199468e-07
1.4213316e-07
1.4227909e-07
1.4241508e-07
1.4255926e-07
1.4269398e-07
1.4283526e-07
1.4307731e-07
1.4344508e-07
1.4378594e-07
1.4413578e-07
1.4445904e-07
1.4479081e-07
1.4509184e-07
1.4540403e-07
1.4568322e-07
1.4597228e-07
1.4623085e-07
1.4649438e-07
1.4673304e-07
1.4697105e-07
1.4718979e-07
1.4740108e-07
1.476041e-07
1.477901e-07
1.4797361e-07
1.4813887e-07
1.4830324e-07
1.484475e-07
1.4859713e-07
1.4872027e-07
1.4885533e-07
1.4896116e-07
1.490831e-07
1.4917184e-07
1.4928173e-07
1.4935665e-07
1.4945564e-07
1.4951818e-07
1.4960626e-07
1.4965867e-07
1.4973738e-07
1.497811e-07
1.4985169e-07
1.4988746e-07
1.4994967e-07
1.4998035e-07
1.5003449e-07
1.500614e-07
1.5010837e-07
1.5013169e-07
1.5017269e-07
1.5019294e-07
1.5022858e-07
1.5024665e-07
1.5027733e-07
1.5029407e-07
1.5032001e-07
1.503356e-07
1.5035767e-07
1.5037212e-07
1.5039102e-07
1.5040442e-07
1.5042105e-07
1.5043318e-07
1.5044802e-07
1.5045886e-07
1.5047236e-07
1.5048197e-07
1.5049442e-07
1.5050297e-07
1.5051447e-07
1.5052219e-07
1.5053295e-07
1.5054004e-07
1.5054999e-07
1.5055659e-07
1.5056581e-07
1.5057198e-07
1.505806e-07
1.5058634e-07
1.505945e-07
1.505998e-07
1.5060764e-07
1.5061247e-07
1.5061485e-07
1.506296e-07
1.3352541e-07
1.3353969e-07
1.3355082e-07
1.3356784e-07
1.3358265e-07
1.3360245e-07
1.3362138e-07
1.3364419e-07
1.3366757e-07
1.3369354e-07
1.3372175e-07
1.3375113e-07
1.3378405e-07
1.3381737e-07
1.3385478e-07
1.3389237e-07
1.3393462e-07
1.33976e-07
1.3402335e-07
1.3406892e-07
1.341211e-07
1.341707e-07
1.3422775e-07
1.3428166e-07
1.3434366e-07
1.3440131e-07
1.344683e-07
1.3452956e-07
1.3460156e-07
1.3466612e-07
1.3474359e-07
1.34813e-07
1.3489136e-07
1.3496738e-07
1.3504681e-07
1.3512887e-07
1.3520938e-07
1.3529713e-07
1.3537841e-07
1.3547164e-07
1.3555338e-07
1.3565172e-07
1.3573369e-07
1.3583693e-07
1.3591869e-07
1.3602542e-07
1.3610937e-07
1.3621748e-07
1.3630431e-07
1.3641289e-07
1.3650221e-07
1.3661129e-07
1.3670266e-07
1.368121e-07
1.3690502e-07
1.3701484e-07
1.3710886e-07
1.3721885e-07
1.3731362e-07
1.3742378e-07
1.375188e-07
1.3762882e-07
1.3772392e-07
1.3783375e-07
1.3792862e-07
1.3803783e-07
1.3813211e-07
1.3824091e-07
1.3833431e-07
1.3844224e-07
1.3853441e-07
1.3864188e-07
1.3873225e-07
1.3883884e-07
1.3892763e-07
1.3903353e-07
1.3911978e-07
1.3922462e-07
1.3930963e-07
1.3941224e-07
1.3956424e-07
1.3983095e-07
1.4004462e-07
1.4029641e-07
1.4049821e-07
1.4073485e-07
1.4092389e-07
1.4114057e-07
1.4132171e-07
1.4151412e-07
1.4168804e-07
1.4185639e-07
1.420216e-07
1.4216818e-07
1.4232302e-07
1.4245003e-07
1.4259335e-07
1.4270355e-07
1.4283398e-07
1.4293053e-07
1.4304695e-07
1.4313117e-07
1.4323598e-07
1.4330794e-07
1.4340126e-07
1.4346355e-07
1.4354645e-07
1.4359902e-07
1.436729e-07
1.4371797e-07
1.43781e-07
1.4382153e-07
1.4387522e-07
1.4391099e-07
1.4395685e-07
1.4398849e-07
1.4402759e-07
1.4405533e-07
1.4408855e-07
1.4411257e-07
1.4414111e-07
1.4416197e-07
1.4418658e-07
1.4420453e-07
1.4422582e-07
1.4424116e-07
1.4425961e-07
1.4427289e-07
1.4428895e-07
1.4430045e-07
1.4431432e-07
1.4432438e-07
1.4433633e-07
1.4434521e-07
1.4435549e-07
1.4436351e-07
1.4437241e-07
1.4437973e-07
1.4438729e-07
1.4439412e-07
1.4440042e-07
1.44407e-07
1.4441208e-07
1.444186e-07
1.4442257e-07
1.4442906e-07
1.4443218e-07
1.4443863e-07
1.4444104e-07
1.4444735e-07
1.4444928e-07
1.4445536e-07
1.4445699e-07
1.4446278e-07
1.4446421e-07
1.4446975e-07
1.44471e-07
1.4447637e-07
1.4447539e-07
1.4448468e-07
1.3304983e-07
1.3305764e-07
1.3306292e-07
1.3307281e-07
1.3308107e-07
1.33093e-07
1.3310444e-07
1.3311853e-07
1.3313325e-07
1.3314958e-07
1.3316773e-07
1.3318647e-07
1.3320785e-07
1.3322938e-07
1.3325372e-07
1.332783e-07
1.3330574e-07
1.3333306e-07
1.333637e-07
1.3339406e-07
1.3342762e-07
1.3346092e-07
1.3349738e-07
1.3353385e-07
1.3357312e-07
1.3361251e-07
1.3365443e-07
1.3369683e-07
1.3374124e-07
1.3378662e-07
1.338335e-07
1.3388182e-07
1.3393091e-07
1.3398203e-07
1.3403331e-07
1.3408693e-07
1.3414043e-07
1.3419632e-07
1.3425193e-07
1.3430986e-07
1.3436755e-07
1.3442725e-07
1.3448687e-07
1.3454815e-07
1.346103e-07
1.346728e-07
1.3473466e-07
1.3480072e-07
1.3486197e-07
1.3493089e-07
1.3499157e-07
1.3506314e-07
1.3512304e-07
1.3519702e-07
1.3525597e-07
1.3533173e-07
1.3539076e-07
1.3546714e-07
1.3552654e-07
1.3560322e-07
1.3566275e-07
1.3573946e-07
1.3579906e-07
1.3587569e-07
1.3593524e-07
1.3601138e-07
1.3607078e-07
1.3614637e-07
1.3620565e-07
1.3628008e-07
1.3633934e-07
1.3641245e-07
1.3647175e-07
1.3654275e-07
1.3660271e-07
1.3667127e-07
1.3673161e-07
1.3679718e-07
1.3685884e-07
1.3692066e-07
1.3703416e-07
1.3718858e-07
1.3735445e-07
1.3749312e-07
1.376556e-07
1.3777991e-07
1.3793548e-07
1.3804669e-07
1.3819356e-07
1.3829265e-07
1.384298e-07
1.3851643e-07
1.3864412e-07
1.3871916e-07
1.3883623e-07
1.3890266e-07
1.3900673e-07
1.3906726e-07
1.3915791e-07
1.3921516e-07
1.392893e-07
1.3934435e-07
1.3940605e-07
1.3945726e-07
1.39508e-07
1.3955557e-07
1.3959751e-07
1.396402e-07
1.3967517e-07
1.3971319e-07
1.3974277e-07
1.3977589e-07
1.3980065e-07
1.3982962e-07
1.3985017e-07
1.39876e-07
1.3989247e-07
1.3991585e-07
1.399283e-07
1.3994975e-07
1.3995871e-07
1.3997873e-07
1.3998469e-07
1.4000325e-07
1.400069e-07
1.4002387e-07
1.4002586e-07
1.4004125e-07
1.4004219e-07
1.4005595e-07
1.4005615e-07
1.4006839e-07
1.4006797e-07
1.4007905e-07
1.4007787e-07
1.4008833e-07
1.4008628e-07
1.4009651e-07
1.4009341e-07
1.4010363e-07
1.4009957e-07
1.4010981e-07
1.4010501e-07
1.4011514e-07
1.4010994e-07
1.4011972e-07
1.4011455e-07
1.4012375e-07
1.4011891e-07
1.4012726e-07
1.4012304e-07
1.4013038e-07
1.4012695e-07
1.4013326e-07
1.401306e-07
1.4013601e-07
1.4013399e-07
1.4013874e-07
1.4013711e-07
1.4014149e-07
1.3267599e-07
1.3267564e-07
1.3267656e-07
1.3267782e-07
1.326808e-07
1.3268373e-07
1.3268888e-07
1.3269363e-07
1.32701e-07
1.3270768e-07
1.3271734e-07
1.3272613e-07
1.327379e-07
1.327491e-07
1.3276275e-07
1.3277657e-07
1.3279214e-07
1.3280837e-07
1.3282591e-07
1.3284477e-07
1.3286406e-07
1.3288548e-07
1.3290646e-07
1.3293059e-07
1.3295318e-07
1.3297984e-07
1.3300393e-07
1.3303312e-07
1.3305859e-07
1.3309026e-07
1.3311711e-07
1.3315117e-07
1.3317916e-07
1.3321558e-07
1.332446e-07
1.3328324e-07
1.333132e-07
1.33354e-07
1.3338471e-07
1.3342756e-07
1.3345893e-07
1.3350373e-07
1.3353555e-07
1.3358224e-07
1.3361438e-07
1.3366285e-07
1.3369518e-07
1.3374529e-07
1.3377772e-07
1.3382921e-07
1.338617e-07
1.3391445e-07
1.3394692e-07
1.3400071e-07
1.340331e-07
1.3408781e-07
1.3412001e-07
1.3417548e-07
1.3420739e-07
1.3426358e-07
1.3429504e-07
1.3435173e-07
1.3438277e-07
1.344398e-07
1.3447048e-07
1.3452742e-07
1.345579e-07
1.3461443e-07
1.3464505e-07
1.3470046e-07
1.3473163e-07
1.3478544e-07
1.3481756e-07
1.3486896e-07
1.3490271e-07
1.3495125e-07
1.3498657e-07
1.3503183e-07
1.3506932e-07
1.3511088e-07
1.3518176e-07
1.3528324e-07
1.3538935e-07
1.354781e-07
1.3558364e-07
1.3566148e-07
1.3576298e-07
1.3583206e-07
1.3592692e-07
1.3598936e-07
1.3607554e-07
1.3613279e-07
1.3620905e-07
1.3626257e-07
1.3632791e-07
1.3637896e-07
1.3643322e-07
1.3648226e-07
1.3652595e-07
1.3657337e-07
1.3660664e-07
1.3665278e-07
1.366779e-07
1.3672098e-07
1.3674038e-07
1.3677909e-07
1.3679518e-07
1.3682815e-07
1.3684225e-07
1.3686987e-07
1.3688274e-07
1.369053e-07
1.369168e-07
1.3693533e-07
1.3694537e-07
1.3696097e-07
1.369692e-07
1.3698273e-07
1.3698881e-07
1.3700094e-07
1.3700493e-07
1.3701623e-07
1.3701829e-07
1.3702883e-07
1.3702933e-07
1.3703908e-07
1.3703843e-07
1.3704737e-07
1.3704599e-07
1.3705404e-07
1.3705219e-07
1.3705931e-07
1.3705724e-07
1.3706343e-07
1.3706136e-07
1.3706661e-07
1.3706482e-07
1.3706906e-07
1.3706767e-07
1.3707089e-07
1.3707003e-07
1.3707224e-07
1.3707197e-07
1.3707326e-07
1.3707355e-07
1.3707408e-07
1.3707483e-07
1.3707486e-07
1.3707584e-07
1.3707562e-07
1.370766e-07
1.3707641e-07
1.3707716e-07
1.3707722e-07
1.370776e-07
1.3707805e-07
1.37078e-07
1.3707886e-07
1.3707843e-07
1.3707962e-07
1.3242708e-07
1.3243083e-07
1.3241891e-07
1.3242381e-07
1.3241338e-07
1.3241959e-07
1.3241062e-07
1.3241831e-07
1.3241074e-07
1.3242008e-07
1.3241388e-07
1.3242505e-07
1.3242002e-07
1.3243327e-07
1.3242922e-07
1.324447e-07
1.3244164e-07
1.3245925e-07
1.3245716e-07
1.3247705e-07
1.3247579e-07
1.3249791e-07
1.3249743e-07
1.3252187e-07
1.3252213e-07
1.3254874e-07
1.3254967e-07
1.3257845e-07
1.3257998e-07
1.3261086e-07
1.32613e-07
1.3264589e-07
1.3264851e-07
1.3268335e-07
1.326864e-07
1.3272305e-07
1.327265e-07
1.3276485e-07
1.3276864e-07
1.3280856e-07
1.3281266e-07
1.32854e-07
1.3285836e-07
1.32901e-07
1.3290562e-07
1.3294935e-07
1.3295424e-07
1.3299893e-07
1.3300407e-07
1.3304951e-07
1.3305491e-07
1.3310095e-07
1.3310664e-07
1.3315306e-07
1.3315905e-07
1.3320572e-07
1.3321204e-07
1.3325871e-07
1.3326541e-07
1.3331194e-07
1.3331906e-07
1.3336514e-07
1.3337285e-07
1.3341821e-07
1.3342674e-07
1.3347091e-07
1.3348054e-07
1.3352314e-07
1.3353427e-07
1.3357468e-07
1.3358773e-07
1.3362553e-07
1.3364084e-07
1.3367546e-07
1.3369346e-07
1.337247e-07
1.3374523e-07
1.3377299e-07
1.3379624e-07
1.3382048e-07
1.3386611e-07
1.3392256e-07
1.3399334e-07
1.3403999e-07
1.3411152e-07
1.3415073e-07
1.3421999e-07
1.3425355e-07
1.3431883e-07
1.343478e-07
1.34408e-07
1.3443318e-07
1.3448764e-07
1.3450981e-07
1.3455814e-07
1.3457783e-07
1.3462011e-07
1.3463762e-07
1.3467415e-07
1.3468981e-07
1.3472094e-07
1.3473452e-07
1.3476156e-07
1.3477267e-07
1.3479596e-07
1.3480523e-07
1.3482504e-07
1.3483275e-07
1.3484894e-07
1.3485615e-07
1.3486845e-07
1.3487599e-07
1.3488384e-07
1.3489261e-07
1.3489588e-07
1.3490648e-07
1.3490526e-07
1.3491775e-07
1.3491244e-07
1.3492651e-07
1.3491799e-07
1.3493311e-07
1.3492239e-07
1.3493771e-07
1.3492588e-07
1.3494059e-07
1.349286e-07
1.3494211e-07
1.3493071e-07
1.3494262e-07
1.3493221e-07
1.3494234e-07
1.3493314e-07
1.3494148e-07
1.3493362e-07
1.3494022e-07
1.349338e-07
1.3493867e-07
1.3493372e-07
1.3493688e-07
1.3493346e-07
1.3493497e-07
1.3493302e-07
1.3493306e-07
1.3493239e-07
1.3493128e-07
1.3493157e-07
1.3492977e-07
1.3493053e-07
1.3492854e-07
1.3492928e-07
1.3492758e-07
1.3492789e-07
1.3492683e-07
1.3492645e-07
1.3492621e-07
1.3492505e-07
1.3492564e-07
1.3492378e-07
1.3492504e-07
1.3220811e-07
1.3222507e-07
1.3219321e-07
1.3221084e-07
1.3218046e-07
1.3219893e-07
1.3216996e-07
1.3218944e-07
1.3216178e-07
1.3218243e-07
1.3215601e-07
1.3217796e-07
1.3215262e-07
1.3217606e-07
1.3215163e-07
1.3217667e-07
1.3215313e-07
1.3217968e-07
1.3215703e-07
1.3218517e-07
1.3216328e-07
1.3219297e-07
1.3217182e-07
1.3220308e-07
1.3218266e-07
1.3221536e-07
1.3219562e-07
1.3222973e-07
1.3221064e-07
1.3224607e-07
1.3222766e-07
1.3226432e-07
1.3224652e-07
1.3228433e-07
1.322671e-07
1.3230595e-07
1.322893e-07
1.3232907e-07
1.3231294e-07
1.3235355e-07
1.3233792e-07
1.3237925e-07
1.3236406e-07
1.3240605e-07
1.3239123e-07
1.324338e-07
1.3241927e-07
1.3246241e-07
1.3244806e-07
1.324917e-07
1.3247745e-07
1.3252162e-07
1.3250735e-07
1.32552e-07
1.3253767e-07
1.3258275e-07
1.3256837e-07
1.326137e-07
1.3259941e-07
1.3264473e-07
1.326308e-07
1.3267559e-07
1.3266257e-07
1.3270614e-07
1.3269477e-07
1.3273617e-07
1.3272731e-07
1.3276558e-07
1.3276019e-07
1.3279428e-07
1.3279318e-07
1.3282239e-07
1.3282606e-07
1.3284992e-07
1.3285859e-07
1.3287719e-07
1.3289034e-07
1.3290414e-07
1.329213e-07
1.3293095e-07
1.3296646e-07
1.3298364e-07
1.3304113e-07
1.3305031e-07
1.3310926e-07
1.3311344e-07
1.3317091e-07
1.3317201e-07
1.3322649e-07
1.3322543e-07
1.3327607e-07
1.3327348e-07
1.3331971e-07
1.3331625e-07
1.3335756e-07
1.3335386e-07
1.3338989e-07
1.3338663e-07
1.3341702e-07
1.3341498e-07
1.334394e-07
1.3343897e-07
1.3345781e-07
1.3345909e-07
1.334724e-07
1.3347578e-07
1.3348399e-07
1.3348917e-07
1.3349287e-07
1.334997e-07
1.3349972e-07
1.3350761e-07
1.3350476e-07
1.3351312e-07
1.3350844e-07
1.3351665e-07
1.3351104e-07
1.3351847e-07
1.3351263e-07
1.3351885e-07
1.3351336e-07
1.3351823e-07
1.3351336e-07
1.3351681e-07
1.3351268e-07
1.335148e-07
1.3351143e-07
1.335124e-07
1.3350976e-07
1.3350972e-07
1.3350771e-07
1.3350683e-07
1.3350538e-07
1.3350383e-07
1.3350282e-07
1.3350081e-07
1.335001e-07
1.3349785e-07
1.3349721e-07
1.3349498e-07
1.3349419e-07
1.3349223e-07
1.3349109e-07
1.3348958e-07
1.3348798e-07
1.3348701e-07
1.3348491e-07
1.3348454e-07
1.3348192e-07
1.3348214e-07
1.3347903e-07
1.3347979e-07
1.3347625e-07
1.3347749e-07
1.334736e-07
1.3347522e-07
1.3347112e-07
1.3347298e-07
1.3346882e-07
1.3347076e-07
1.3205022e-07
1.3207844e-07
1.3203002e-07
1.3205845e-07
1.3201142e-07
1.3204018e-07
1.3199449e-07
1.320237e-07
1.3197932e-07
1.3200907e-07
1.3196598e-07
1.3199634e-07
1.3195446e-07
1.3198553e-07
1.3194477e-07
1.3197659e-07
1.3193697e-07
1.3196946e-07
1.31931e-07
1.3196418e-07
1.3192683e-07
1.3196064e-07
1.3192442e-07
1.3195886e-07
1.3192376e-07
1.3195873e-07
1.3192476e-07
1.3196021e-07
1.3192737e-07
1.3196323e-07
1.3193155e-07
1.3196774e-07
1.3193719e-07
1.3197365e-07
1.3194421e-07
1.3198086e-07
1.3195253e-07
1.3198931e-07
1.3196206e-07
1.3199888e-07
1.319727e-07
1.320095e-07
1.3198435e-07
1.3202107e-07
1.3199693e-07
1.3203347e-07
1.3201035e-07
1.3204663e-07
1.3202454e-07
1.3206039e-07
1.3203939e-07
1.3207465e-07
1.3205488e-07
1.3208925e-07
1.3207092e-07
1.3210409e-07
1.3208749e-07
1.32119e-07
1.3210453e-07
1.321339e-07
1.3212201e-07
1.3214864e-07
1.3213984e-07
1.3216319e-07
1.3215797e-07
1.321775e-07
1.321762e-07
1.3219162e-07
1.3219445e-07
1.3220555e-07
1.3221247e-07
1.3221944e-07
1.3223011e-07
1.3223326e-07
1.3224726e-07
1.3224718e-07
1.3226374e-07
1.3226106e-07
1.3227964e-07
1.3227493e-07
1.323109e-07
1.3229451e-07
1.3234894e-07
1.3232933e-07
1.3238317e-07
1.3236198e-07
1.324136e-07
1.3239195e-07
1.3244038e-07
1.3241908e-07
1.3246348e-07
1.3244338e-07
1.3248289e-07
1.3246497e-07
1.324987e-07
1.3248385e-07
1.3251119e-07
1.3250006e-07
1.3252068e-07
1.3251365e-07
1.3252762e-07
1.3252443e-07
1.3253267e-07
1.3253249e-07
1.3253601e-07
1.3253801e-07
1.3253819e-07
1.3254108e-07
1.3253931e-07
1.3254206e-07
1.3253964e-07
1.3254131e-07
1.325391e-07
1.3253921e-07
1.3253775e-07
1.3253622e-07
1.3253561e-07
1.3253262e-07
1.3253268e-07
1.3252862e-07
1.3252907e-07
1.3252443e-07
1.3252497e-07
1.3252005e-07
1.3252051e-07
1.3251554e-07
1.3251584e-07
1.3251094e-07
1.3251107e-07
1.3250634e-07
1.3250622e-07
1.3250178e-07
1.3250134e-07
1.3249731e-07
1.3249646e-07
1.3249296e-07
1.3249169e-07
1.3248874e-07
1.3248706e-07
1.324846e-07
1.3248265e-07
1.3248052e-07
1.3247849e-07
1.3247652e-07
1.324746e-07
1.3247262e-07
1.3247098e-07
1.3246888e-07
1.3246758e-07
1.3246532e-07
1.3246437e-07
1.3246199e-07
1.3246135e-07
1.3245888e-07
1.3245849e-07
1.32456e-07
1.3245579e-07
1.3245336e-07
1.3245325e-07
1.3245094e-07
1.3196682e-07
1.3199538e-07
1.3194285e-07
1.3197119e-07
1.3192016e-07
1.3194832e-07
1.3189885e-07
1.3192687e-07
1.3187899e-07
1.3190689e-07
1.3186064e-07
1.3188843e-07
1.3184374e-07
1.3187152e-07
1.3182827e-07
1.3185606e-07
1.3181424e-07
1.3184199e-07
1.318016e-07
1.3182934e-07
1.3179032e-07
1.3181802e-07
1.3178035e-07
1.3180805e-07
1.3177169e-07
1.3179934e-07
1.3176426e-07
1.3179188e-07
1.3175803e-07
1.3178561e-07
1.3175297e-07
1.3178051e-07
1.31749e-07
1.3177651e-07
1.3174609e-07
1.3177356e-07
1.317442e-07
1.317716e-07
1.3174326e-07
1.3177055e-07
1.3174323e-07
1.3177035e-07
1.3174406e-07
1.317709e-07
1.317457e-07
1.3177211e-07
1.317481e-07
1.3177387e-07
1.3175124e-07
1.3177606e-07
1.3175506e-07
1.3177857e-07
1.3175954e-07
1.3178126e-07
1.3176465e-07
1.3178405e-07
1.3177035e-07
1.3178684e-07
1.3177656e-07
1.3178961e-07
1.3178321e-07
1.3179233e-07
1.3179016e-07
1.3179507e-07
1.3179727e-07
1.317979e-07
1.3180434e-07
1.3180093e-07
1.3181124e-07
1.3180421e-07
1.3181783e-07
1.3180784e-07
1.3182403e-07
1.3181178e-07
1.3182983e-07
1.3181604e-07
1.3183522e-07
1.3182052e-07
1.318403e-07
1.3182517e-07
1.3186155e-07
1.3182183e-07
1.3187255e-07
1.3183523e-07
1.3188155e-07
1.3184795e-07
1.3188854e-07
1.3185954e-07
1.3189375e-07
1.3186967e-07
1.3189742e-07
1.3187805e-07
1.3189982e-07
1.318845e-07
1.3190127e-07
1.3188884e-07
1.3190201e-07
1.3189109e-07
1.3190208e-07
1.3189144e-07
1.3190147e-07
1.3189007e-07
1.3190014e-07
1.318874e-07
1.3189779e-07
1.3188384e-07
1.3189443e-07
1.3187965e-07
1.3188998e-07
1.3187508e-07
1.318846e-07
1.3187024e-07
1.318784e-07
1.3186516e-07
1.3187161e-07
1.3185992e-07
1.3186446e-07
1.318545e-07
1.3185712e-07
1.3184889e-07
1.3184974e-07
1.3184316e-07
1.3184248e-07
1.318373e-07
1.3183543e-07
1.3183135e-07
1.3182862e-07
1.318254e-07
1.3182211e-07
1.318195e-07
1.3181587e-07
1.3181372e-07
1.3180989e-07
1.318081e-07
1.3180419e-07
1.3180265e-07
1.3179881e-07
1.3179739e-07
1.3179375e-07
1.3179229e-07
1.3178903e-07
1.3178735e-07
1.3178464e-07
1.3178257e-07
1.3178054e-07
1.3177802e-07
1.3177668e-07
1.3177374e-07
1.31773e-07
1.3176975e-07
1.3176944e-07
1.3176607e-07
1.3176599e-07
1.3176268e-07
1.3176266e-07
1.3175953e-07
1.3175946e-07
1.3175658e-07
1.3175642e-07
1.3175376e-07
1.3189556e-07
1.3192229e-07
1.3186872e-07
1.3189539e-07
1.3184313e-07
1.3186976e-07
1.3181872e-07
1.3184536e-07
1.3179543e-07
1.3182211e-07
1.317732e-07
1.3179998e-07
1.3175211e-07
1.3177891e-07
1.3173219e-07
1.3175905e-07
1.3171347e-07
1.3174036e-07
1.316959e-07
1.3172285e-07
1.3167947e-07
1.3170647e-07
1.3166414e-07
1.3169122e-07
1.3164992e-07
1.3167706e-07
1.3163675e-07
1.3166396e-07
1.3162463e-07
1.3165188e-07
1.3161354e-07
1.3164079e-07
1.3160344e-07
1.3163057e-07
1.3159427e-07
1.3162114e-07
1.3158596e-07
1.3161248e-07
1.3157846e-07
1.3160454e-07
1.3157176e-07
1.3159726e-07
1.315658e-07
1.3159058e-07
1.3156057e-07
1.3158443e-07
1.3155602e-07
1.3157871e-07
1.3155217e-07
1.315733e-07
1.3154899e-07
1.315681e-07
1.3154649e-07
1.31563e-07
1.3154464e-07
1.3155792e-07
1.3154341e-07
1.3155283e-07
1.315427e-07
1.3154778e-07
1.3154239e-07
1.3154286e-07
1.3154231e-07
1.3153822e-07
1.3154228e-07
1.3153402e-07
1.3154211e-07
1.315304e-07
1.3154168e-07
1.3152745e-07
1.3154088e-07
1.3152521e-07
1.3153971e-07
1.3152364e-07
1.3153819e-07
1.3152269e-07
1.3153633e-07
1.3152224e-07
1.3153424e-07
1.3152222e-07
1.315407e-07
1.3151458e-07
1.3153305e-07
1.3151552e-07
1.3152496e-07
1.3151612e-07
1.3151656e-07
1.3151581e-07
1.3150819e-07
1.3151417e-07
1.3150011e-07
1.3151097e-07
1.3149251e-07
1.3150614e-07
1.3148547e-07
1.3149977e-07
1.3147893e-07
1.3149209e-07
1.3147271e-07
1.3148345e-07
1.3146657e-07
1.314741e-07
1.3146034e-07
1.3146441e-07
1.3145372e-07
1.3145466e-07
1.3144666e-07
1.3144504e-07
1.3143906e-07
1.314357e-07
1.31431e-07
1.314267e-07
1.3142253e-07
1.3141805e-07
1.3141383e-07
1.3140975e-07
1.3140507e-07
1.3140171e-07
1.3139639e-07
1.3139386e-07
1.3138793e-07
1.3138618e-07
1.3137983e-07
1.313786e-07
1.3137212e-07
1.3137112e-07
1.3136484e-07
1.3136377e-07
1.3135797e-07
1.3135659e-07
1.3135145e-07
1.3134965e-07
1.3134521e-07
1.3134302e-07
1.3133918e-07
1.3133676e-07
1.3133333e-07
1.3133089e-07
1.3132762e-07
1.313254e-07
1.3132207e-07
1.3132025e-07
1.3131671e-07
1.3131539e-07
1.3131157e-07
1.3131074e-07
1.3130671e-07
1.3130629e-07
1.3130213e-07
1.3130197e-07
1.3129784e-07
1.3129777e-07
1.3129383e-07
1.3129368e-07
1.3129009e-07
1.3128971e-07
1.3128657e-07
1.3128588e-07
1.3128324e-07
1.312822e-07
1.3184616e-07
1.3187089e-07
1.318173e-07
1.3184194e-07
1.3178972e-07
1.3181426e-07
1.3176341e-07
1.3178782e-07
1.3173834e-07
1.3176258e-07
1.3171453e-07
1.3173855e-07
1.3169187e-07
1.3171571e-07
1.3167023e-07
1.3169388e-07
1.316496e-07
1.3167297e-07
1.3162988e-07
1.3165295e-07
1.3161103e-07
1.3163375e-07
1.3159301e-07
1.3161535e-07
1.3157577e-07
1.3159767e-07
1.3155924e-07
1.3158056e-07
1.3154331e-07
1.3156398e-07
1.3152797e-07
1.3154794e-07
1.315132e-07
1.3153268e-07
1.3149903e-07
1.3151822e-07
1.314856e-07
1.3150452e-07
1.3147287e-07
1.3149155e-07
1.3146084e-07
1.3147922e-07
1.314495e-07
1.3146748e-07
1.3143887e-07
1.3145615e-07
1.3142903e-07
1.3144509e-07
1.3142e-07
1.3143417e-07
1.3141183e-07
1.3142335e-07
1.314045e-07
1.3141257e-07
1.3139795e-07
1.3140189e-07
1.3139207e-07
1.3139138e-07
1.3138668e-07
1.3138116e-07
1.3138155e-07
1.3137142e-07
1.3137648e-07
1.3136232e-07
1.3137134e-07
1.3135396e-07
1.3136605e-07
1.3134639e-07
1.313606e-07
1.3133958e-07
1.3135501e-07
1.3133345e-07
1.3134936e-07
1.3132788e-07
1.3134372e-07
1.3132279e-07
1.3133811e-07
1.3131804e-07
1.3133261e-07
1.3131356e-07
1.313385e-07
1.3129042e-07
1.3132378e-07
1.3127927e-07
1.3130942e-07
1.312684e-07
1.3129521e-07
1.3125762e-07
1.3128106e-07
1.3124685e-07
1.3126686e-07
1.3123609e-07
1.3125255e-07
1.3122541e-07
1.3123812e-07
1.3121485e-07
1.3122365e-07
1.3120447e-07
1.3120924e-07
1.3119431e-07
1.3119501e-07
1.3118431e-07
1.3118114e-07
1.3117444e-07
1.3116771e-07
1.3116465e-07
1.3115489e-07
1.3115483e-07
1.3114274e-07
1.3114492e-07
1.3113137e-07
1.3113491e-07
1.3112076e-07
1.3112481e-07
1.3111089e-07
1.3111473e-07
1.3110168e-07
1.311048e-07
1.3109297e-07
1.3109514e-07
1.3108465e-07
1.3108589e-07
1.3107664e-07
1.3107708e-07
1.3106893e-07
1.3106868e-07
1.3106151e-07
1.3106064e-07
1.3105444e-07
1.3105291e-07
1.3104773e-07
1.3104544e-07
1.3104137e-07
1.3103823e-07
1.3103531e-07
1.3103129e-07
1.3102951e-07
1.3102466e-07
1.3102392e-07
1.3101837e-07
1.3101847e-07
1.3101241e-07
1.3101315e-07
1.310068e-07
1.3100794e-07
1.3100154e-07
1.3100283e-07
1.3099661e-07
1.3099783e-07
1.3099197e-07
1.3099296e-07
1.309876e-07
1.3098824e-07
1.3098346e-07
1.309837e-07
1.309795e-07
1.3097937e-07
1.3097571e-07
1.3097526e-07
1.3097206e-07
1.3181172e-07
1.3183335e-07
1.3178182e-07
1.3180329e-07
1.317532e-07
1.3177445e-07
1.3172586e-07
1.3174686e-07
1.3169977e-07
1.3172048e-07
1.3167482e-07
1.3169526e-07
1.3165088e-07
1.3167104e-07
1.316279e-07
1.3164774e-07
1.3160582e-07
1.3162528e-07
1.3158456e-07
1.3160363e-07
1.3156406e-07
1.3158269e-07
1.3154425e-07
1.3156242e-07
1.3152508e-07
1.3154278e-07
1.3150651e-07
1.3152383e-07
1.3148855e-07
1.315055e-07
1.3147115e-07
1.3148775e-07
1.3145422e-07
1.3147035e-07
1.3143777e-07
1.314532e-07
1.3142171e-07
1.3143627e-07
1.3140614e-07
1.3141954e-07
1.3139118e-07
1.3140296e-07
1.3137692e-07
1.3138645e-07
1.3136344e-07
1.3136999e-07
1.3135073e-07
1.3135377e-07
1.3133871e-07
1.3133779e-07
1.313273e-07
1.3132212e-07
1.313164e-07
1.3130685e-07
1.3130583e-07
1.3129211e-07
1.3129545e-07
1.3127801e-07
1.3128522e-07
1.3126467e-07
1.3127512e-07
1.3125211e-07
1.312651e-07
1.3124029e-07
1.3125518e-07
1.3122917e-07
1.3124536e-07
1.3121869e-07
1.3123571e-07
1.3120877e-07
1.3122625e-07
1.3119935e-07
1.3121704e-07
1.3119038e-07
1.3120808e-07
1.3118182e-07
1.3119934e-07
1.3117363e-07
1.3119078e-07
1.3116582e-07
1.3119604e-07
1.3113232e-07
1.311732e-07
1.3111438e-07
1.311511e-07
1.3109773e-07
1.3112962e-07
1.3108211e-07
1.3110873e-07
1.3106726e-07
1.3108844e-07
1.3105294e-07
1.3106882e-07
1.3103892e-07
1.3104998e-07
1.3102496e-07
1.3103207e-07
1.3101093e-07
1.3101515e-07
1.3099684e-07
1.3099921e-07
1.3098277e-07
1.309842e-07
1.3096893e-07
1.3096994e-07
1.3095557e-07
1.3095631e-07
1.3094286e-07
1.3094316e-07
1.3093095e-07
1.3093044e-07
1.3091985e-07
1.3091813e-07
1.3090951e-07
1.3090631e-07
1.3089982e-07
1.3089504e-07
1.3089064e-07
1.3088438e-07
1.3088186e-07
1.3087436e-07
1.3087338e-07
1.3086502e-07
1.3086514e-07
1.3085632e-07
1.3085708e-07
1.3084826e-07
1.3084917e-07
1.3084079e-07
1.3084141e-07
1.3083385e-07
1.3083384e-07
1.3082736e-07
1.3082648e-07
1.3082123e-07
1.3081941e-07
1.3081537e-07
1.3081267e-07
1.308097e-07
1.3080629e-07
1.3080416e-07
1.308003e-07
1.3079875e-07
1.3079467e-07
1.3079345e-07
1.3078938e-07
1.307883e-07
1.3078439e-07
1.3078333e-07
1.3077965e-07
1.3077857e-07
1.3077511e-07
1.3077404e-07
1.3077075e-07
1.3076976e-07
1.3076657e-07
1.3076571e-07
1.3076256e-07
1.3076187e-07
1.3075875e-07
1.3179632e-07
1.3181681e-07
1.3176592e-07
1.3178598e-07
1.3173632e-07
1.3175593e-07
1.3170745e-07
1.3172665e-07
1.3167929e-07
1.3169812e-07
1.316519e-07
1.3167033e-07
1.3162531e-07
1.3164338e-07
1.3159953e-07
1.3161727e-07
1.3157458e-07
1.31592e-07
1.3155045e-07
1.3156761e-07
1.3152728e-07
1.3154426e-07
1.3150512e-07
1.3152196e-07
1.3148399e-07
1.3150065e-07
1.3146383e-07
1.3148029e-07
1.3144467e-07
1.3146082e-07
1.3142649e-07
1.3144216e-07
1.3140931e-07
1.3142419e-07
1.3139309e-07
1.314068e-07
1.3137783e-07
1.3138988e-07
1.3136348e-07
1.3137327e-07
1.3134976e-07
1.3135671e-07
1.3133651e-07
1.3134011e-07
1.3132367e-07
1.3132353e-07
1.3131115e-07
1.3130695e-07
1.3129892e-07
1.3129046e-07
1.3128685e-07
1.312742e-07
1.3127484e-07
1.3125827e-07
1.3126278e-07
1.3124279e-07
1.3125061e-07
1.312278e-07
1.3123826e-07
1.3121334e-07
1.3122569e-07
1.3119945e-07
1.3121295e-07
1.311861e-07
1.3120012e-07
1.3117327e-07
1.3118726e-07
1.3116094e-07
1.3117445e-07
1.3114907e-07
1.3116176e-07
1.3113764e-07
1.3114923e-07
1.3112662e-07
1.3113692e-07
1.31116e-07
1.3112487e-07
1.3110576e-07
1.3111311e-07
1.3109584e-07
1.3110702e-07
1.310668e-07
1.3107764e-07
1.3104396e-07
1.3105004e-07
1.3102197e-07
1.3102406e-07
1.3100068e-07
1.3099962e-07
1.3097998e-07
1.3097661e-07
1.3095978e-07
1.3095497e-07
1.3094002e-07
1.3093465e-07
1.3092077e-07
1.3091555e-07
1.3090203e-07
1.3089768e-07
1.308838e-07
1.3088097e-07
1.3086616e-07
1.3086532e-07
1.3084924e-07
1.3085054e-07
1.3083323e-07
1.3083647e-07
1.3081826e-07
1.3082295e-07
1.3080442e-07
1.3080991e-07
1.3079171e-07
1.3079731e-07
1.3078003e-07
1.3078518e-07
1.3076925e-07
1.3077357e-07
1.3075923e-07
1.307625e-07
1.3074981e-07
1.3075199e-07
1.3074088e-07
1.3074205e-07
1.3073236e-07
1.3073264e-07
1.3072419e-07
1.3072374e-07
1.3071631e-07
1.3071532e-07
1.3070869e-07
1.3070734e-07
1.3070132e-07
1.3069977e-07
1.3069421e-07
1.3069256e-07
1.3068736e-07
1.3068567e-07
1.306808e-07
1.3067906e-07
1.3067455e-07
1.306727e-07
1.3066863e-07
1.3066657e-07
1.3066301e-07
1.3066069e-07
1.3065769e-07
1.3065507e-07
1.3065262e-07
1.3064973e-07
1.3064776e-07
1.306447e-07
1.306431e-07
1.3064e-07
1.3063859e-07
1.3063562e-07
1.3063425e-07
1.3063154e-07
1.3063008e-07
1.3062774e-07
1.306261e-07
1.3178876e-07
1.3181243e-07
1.3175771e-07
1.3178099e-07
1.3172759e-07
1.317504e-07
1.3169834e-07
1.3172063e-07
1.3166994e-07
1.3169167e-07
1.3164236e-07
1.3166349e-07
1.3161556e-07
1.3163608e-07
1.3158952e-07
1.3160941e-07
1.3156422e-07
1.3158347e-07
1.3153963e-07
1.3155822e-07
1.3151564e-07
1.3153346e-07
1.3149219e-07
1.3150917e-07
1.3146932e-07
1.3148529e-07
1.3144707e-07
1.3146179e-07
1.3142551e-07
1.3143862e-07
1.3140471e-07
1.3141572e-07
1.3138474e-07
1.3139308e-07
1.3136564e-07
1.3137067e-07
1.3134741e-07
1.3134853e-07
1.3133003e-07
1.3132672e-07
1.3131356e-07
1.3130551e-07
1.3129795e-07
1.3128507e-07
1.3128302e-07
1.3126551e-07
1.3126858e-07
1.312469e-07
1.3125443e-07
1.3122931e-07
1.3124044e-07
1.312128e-07
1.3122664e-07
1.3119736e-07
1.3121295e-07
1.3118288e-07
1.3119938e-07
1.3116919e-07
1.311859e-07
1.3115614e-07
1.3117255e-07
1.3114361e-07
1.3115933e-07
1.3113149e-07
1.3114624e-07
1.3111973e-07
1.3113329e-07
1.3110831e-07
1.3112048e-07
1.3109721e-07
1.3110782e-07
1.3108644e-07
1.3109533e-07
1.3107598e-07
1.3108306e-07
1.3106583e-07
1.31071e-07
1.3105589e-07
1.3105925e-07
1.3104616e-07
1.3105037e-07
1.3101964e-07
1.3102189e-07
1.3099571e-07
1.3099503e-07
1.3097255e-07
1.3096966e-07
1.3095009e-07
1.3094588e-07
1.3092823e-07
1.3092369e-07
1.3090694e-07
1.3090302e-07
1.3088622e-07
1.3088371e-07
1.3086607e-07
1.3086564e-07
1.3084661e-07
1.3084853e-07
1.3082792e-07
1.3083213e-07
1.3081015e-07
1.3081623e-07
1.3079344e-07
1.3080069e-07
1.3077782e-07
1.3078551e-07
1.3076325e-07
1.3077076e-07
1.3074962e-07
1.3075655e-07
1.307368e-07
1.3074298e-07
1.3072467e-07
1.3073013e-07
1.3071316e-07
1.3071801e-07
1.3070224e-07
1.3070656e-07
1.3069191e-07
1.3069571e-07
1.3068222e-07
1.3068536e-07
1.3067315e-07
1.3067545e-07
1.306647e-07
1.3066595e-07
1.3065678e-07
1.3065689e-07
1.3064929e-07
1.3064829e-07
1.3064213e-07
1.306402e-07
1.3063522e-07
1.3063264e-07
1.3062852e-07
1.3062558e-07
1.3062201e-07
1.3061896e-07
1.3061571e-07
1.3061273e-07
1.3060967e-07
1.3060682e-07
1.3060391e-07
1.306012e-07
1.3059842e-07
1.3059585e-07
1.3059319e-07
1.3059078e-07
1.3058821e-07
1.3058598e-07
1.3058345e-07
1.3058147e-07
1.3057889e-07
1.3057724e-07
1.3057454e-07
1.3057327e-07
1.3057041e-07
1.3056953e-07
1.3056649e-07
1.3178846e-07
1.3180417e-07
1.3175658e-07
1.3177206e-07
1.3172552e-07
1.317408e-07
1.3169527e-07
1.3171039e-07
1.3166583e-07
1.3168084e-07
1.3163721e-07
1.3165212e-07
1.3160941e-07
1.3162421e-07
1.3158243e-07
1.3159705e-07
1.3155628e-07
1.315706e-07
1.3153097e-07
1.3154477e-07
1.3150653e-07
1.3151949e-07
1.3148299e-07
1.3149465e-07
1.3146037e-07
1.3147019e-07
1.3143871e-07
1.3144602e-07
1.3141801e-07
1.3142212e-07
1.3139825e-07
1.3139847e-07
1.3137938e-07
1.313751e-07
1.313613e-07
1.313521e-07
1.3134388e-07
1.3132956e-07
1.3132695e-07
1.3130761e-07
1.3131035e-07
1.3128637e-07
1.3129391e-07
1.3126594e-07
1.3127754e-07
1.3124637e-07
1.3126116e-07
1.3122768e-07
1.3124478e-07
1.3120982e-07
1.3122843e-07
1.3119267e-07
1.312121e-07
1.3117612e-07
1.3119587e-07
1.3116009e-07
1.3117984e-07
1.3114453e-07
1.3116407e-07
1.3112937e-07
1.3114866e-07
1.3111464e-07
1.3113364e-07
1.3110032e-07
1.3111903e-07
1.3108638e-07
1.311048e-07
1.3107281e-07
1.3109094e-07
1.310596e-07
1.3107741e-07
1.3104678e-07
1.3106417e-07
1.3103438e-07
1.3105118e-07
1.3102241e-07
1.3103847e-07
1.3101091e-07
1.3102606e-07
1.3099983e-07
1.3102606e-07
1.3095965e-07
1.3099507e-07
1.3093348e-07
1.3096608e-07
1.309088e-07
1.3093906e-07
1.3088539e-07
1.3091388e-07
1.308631e-07
1.308904e-07
1.3084185e-07
1.3086842e-07
1.3082164e-07
1.3084773e-07
1.3080246e-07
1.3082809e-07
1.3078436e-07
1.3080929e-07
1.3076741e-07
1.3079116e-07
1.3075156e-07
1.3077362e-07
1.3073675e-07
1.3075659e-07
1.3072286e-07
1.3074008e-07
1.3070977e-07
1.3072409e-07
1.306974e-07
1.3070865e-07
1.3068566e-07
1.3069382e-07
1.3067448e-07
1.3067965e-07
1.3066378e-07
1.3066624e-07
1.3065353e-07
1.3065361e-07
1.3064369e-07
1.3064181e-07
1.3063425e-07
1.3063085e-07
1.3062519e-07
1.3062072e-07
1.3061648e-07
1.3061137e-07
1.306081e-07
1.3060275e-07
1.3060006e-07
1.3059478e-07
1.3059233e-07
1.3058737e-07
1.3058492e-07
1.3058044e-07
1.3057783e-07
1.305739e-07
1.3057106e-07
1.3056769e-07
1.3056461e-07
1.3056175e-07
1.3055847e-07
1.3055606e-07
1.3055264e-07
1.305506e-07
1.305471e-07
1.3054537e-07
1.3054183e-07
1.3054037e-07
1.3053683e-07
1.305356e-07
1.305321e-07
1.3053105e-07
1.3052761e-07
1.3052673e-07
1.3052339e-07
1.3052261e-07
1.3051942e-07
1.305187e-07
1.3051569e-07
1.3179995e-07
1.3181531e-07
1.3176755e-07
1.3178249e-07
1.3173593e-07
1.3175041e-07
1.317051e-07
1.3171904e-07
1.3167507e-07
1.3168839e-07
1.3164586e-07
1.3165842e-07
1.3161752e-07
1.3162912e-07
1.3159007e-07
1.3160045e-07
1.3156354e-07
1.3157237e-07
1.3153797e-07
1.315448e-07
1.3151335e-07
1.3151771e-07
1.3148971e-07
1.3149102e-07
1.3146701e-07
1.3146472e-07
1.3144523e-07
1.3143881e-07
1.3142428e-07
1.3141332e-07
1.3140407e-07
1.3138832e-07
1.3138448e-07
1.3136394e-07
1.3136535e-07
1.3134028e-07
1.3134652e-07
1.3131746e-07
1.3132787e-07
1.3129557e-07
1.313093e-07
1.3127466e-07
1.3129076e-07
1.3125472e-07
1.3127226e-07
1.3123569e-07
1.3125384e-07
1.3121747e-07
1.3123559e-07
1.3119996e-07
1.3121759e-07
1.3118304e-07
1.3119992e-07
1.311666e-07
1.3118262e-07
1.3115057e-07
1.3116573e-07
1.3113489e-07
1.3114925e-07
1.3111952e-07
1.3113311e-07
1.3110441e-07
1.3111727e-07
1.3108959e-07
1.3110168e-07
1.3107508e-07
1.3108628e-07
1.3106094e-07
1.3107103e-07
1.3104724e-07
1.310559e-07
1.3103399e-07
1.3104089e-07
1.3102121e-07
1.3102603e-07
1.3100887e-07
1.3101139e-07
1.3099695e-07
1.3099703e-07
1.3098537e-07
1.3098226e-07
1.3095878e-07
1.309465e-07
1.3093158e-07
1.3091327e-07
1.3090512e-07
1.3088262e-07
1.3087926e-07
1.3085453e-07
1.3085395e-07
1.3082886e-07
1.3082926e-07
1.3080536e-07
1.3080527e-07
1.3078377e-07
1.3078212e-07
1.307638e-07
1.3075994e-07
1.3074514e-07
1.3073883e-07
1.3072755e-07
1.3071891e-07
1.307108e-07
1.3070026e-07
1.3069472e-07
1.306829e-07
1.3067918e-07
1.3066677e-07
1.3066411e-07
1.306518e-07
1.3064953e-07
1.3063784e-07
1.3063548e-07
1.3062476e-07
1.3062205e-07
1.3061241e-07
1.3060932e-07
1.3060068e-07
1.3059733e-07
1.3058949e-07
1.3058611e-07
1.3057883e-07
1.3057563e-07
1.3056868e-07
1.3056586e-07
1.3055908e-07
1.3055671e-07
1.3055003e-07
1.3054811e-07
1.3054152e-07
1.3054e-07
1.3053354e-07
1.3053232e-07
1.3052604e-07
1.3052501e-07
1.3051896e-07
1.3051804e-07
1.3051227e-07
1.3051136e-07
1.3050593e-07
1.3050495e-07
1.3049989e-07
1.3049877e-07
1.3049414e-07
1.3049281e-07
1.3048864e-07
1.3048707e-07
1.3048339e-07
1.3048156e-07
1.3047833e-07
1.304763e-07
1.3047346e-07
1.304713e-07
1.3046876e-07
1.3046657e-07
1.3046422e-07
1.3046211e-07
1.3045984e-07
1.304579e-07
1.3045565e-07
1.3181703e-07
1.3183453e-07
1.3178405e-07
1.3180136e-07
1.317518e-07
1.3176905e-07
1.3172027e-07
1.3173757e-07
1.316895e-07
1.3170691e-07
1.3165951e-07
1.3167705e-07
1.3163034e-07
1.3164794e-07
1.3160202e-07
1.3161951e-07
1.3157462e-07
1.3159169e-07
1.3154818e-07
1.3156436e-07
1.3152275e-07
1.3153743e-07
1.3149839e-07
1.3151083e-07
1.3147509e-07
1.3148449e-07
1.3145283e-07
1.3145841e-07
1.3143156e-07
1.3143264e-07
1.3141115e-07
1.3140727e-07
1.3139148e-07
1.3138242e-07
1.3137237e-07
1.3135823e-07
1.3135369e-07
1.3133482e-07
1.3133529e-07
1.313123e-07
1.3131708e-07
1.3129071e-07
1.31299e-07
1.3127006e-07
1.3128103e-07
1.312503e-07
1.3126317e-07
1.3123137e-07
1.3124546e-07
1.3121316e-07
1.3122791e-07
1.3119559e-07
1.3121054e-07
1.3117855e-07
1.3119338e-07
1.3116198e-07
1.3117641e-07
1.3114582e-07
1.3115965e-07
1.3113004e-07
1.3114307e-07
1.3111464e-07
1.3112666e-07
1.3109965e-07
1.3111042e-07
1.3108509e-07
1.3109433e-07
1.3107101e-07
1.3107843e-07
1.3105743e-07
1.3106274e-07
1.3104435e-07
1.3104734e-07
1.3103175e-07
1.3103231e-07
1.3101956e-07
1.3101773e-07
1.3100771e-07
1.310037e-07
1.3099611e-07
1.3098632e-07
1.3097117e-07
1.3095295e-07
1.3094225e-07
1.3092225e-07
1.3091408e-07
1.3089392e-07
1.308867e-07
1.3086768e-07
1.3086025e-07
1.3084324e-07
1.3083484e-07
1.3082035e-07
1.3081059e-07
1.3079879e-07
1.3078755e-07
1.3077841e-07
1.3076574e-07
1.3075908e-07
1.3074515e-07
1.3074073e-07
1.3072573e-07
1.3072327e-07
1.3070743e-07
1.3070667e-07
1.3069019e-07
1.3069091e-07
1.3067397e-07
1.3067595e-07
1.3065871e-07
1.3066176e-07
1.3064441e-07
1.3064826e-07
1.3063106e-07
1.3063539e-07
1.3061864e-07
1.3062307e-07
1.3060713e-07
1.3061127e-07
1.3059647e-07
1.3059997e-07
1.3058654e-07
1.305892e-07
1.3057722e-07
1.3057899e-07
1.305684e-07
1.3056936e-07
1.3055995e-07
1.3056029e-07
1.3055181e-07
1.3055175e-07
1.3054394e-07
1.3054367e-07
1.3053632e-07
1.3053599e-07
1.3052897e-07
1.3052864e-07
1.3052188e-07
1.305216e-07
1.3051508e-07
1.3051483e-07
1.3050857e-07
1.3050833e-07
1.3050237e-07
1.3050213e-07
1.3049649e-07
1.3049623e-07
1.3049093e-07
1.3049066e-07
1.3048571e-07
1.3048542e-07
1.3048081e-07
1.3048054e-07
1.3047624e-07
1.30476e-07
1.3047199e-07
1.304718e-07
1.3046803e-07
1.3046791e-07
1.3046436e-07
1.3181901e-07
1.3183608e-07
1.3178617e-07
1.3180285e-07
1.3175419e-07
1.3177037e-07
1.3172306e-07
1.3173857e-07
1.3169279e-07
1.317074e-07
1.3166341e-07
1.3167682e-07
1.3163494e-07
1.3164675e-07
1.3160742e-07
1.3161716e-07
1.3158086e-07
1.3158799e-07
1.3155529e-07
1.3155923e-07
1.3153069e-07
1.3153089e-07
1.31507e-07
1.31503e-07
1.3148414e-07
1.3147565e-07
1.3146201e-07
1.314489e-07
1.3144047e-07
1.3142286e-07
1.314194e-07
1.313976e-07
1.3139869e-07
1.3137319e-07
1.3137825e-07
1.3134965e-07
1.3135805e-07
1.3132698e-07
1.3133805e-07
1.3130516e-07
1.3131825e-07
1.3128414e-07
1.3129865e-07
1.3126387e-07
1.3127927e-07
1.312443e-07
1.3126009e-07
1.3122539e-07
1.3124111e-07
1.312071e-07
1.3122232e-07
1.3118939e-07
1.3120371e-07
1.3117224e-07
1.3118527e-07
1.3115562e-07
1.31167e-07
1.3113951e-07
1.3114892e-07
1.3112391e-07
1.3113107e-07
1.311088e-07
1.3111348e-07
1.3109415e-07
1.3109622e-07
1.3107994e-07
1.3107938e-07
1.3106613e-07
1.3106304e-07
1.3105267e-07
1.3104729e-07
1.310395e-07
1.3103222e-07
1.3102655e-07
1.310179e-07
1.3101375e-07
1.3100438e-07
1.3100103e-07
1.3099167e-07
1.3098836e-07
1.3097226e-07
1.3096228e-07
1.3094293e-07
1.3092985e-07
1.309159e-07
1.3089871e-07
1.3089074e-07
1.3086908e-07
1.30867e-07
1.3084113e-07
1.3084428e-07
1.3081502e-07
1.3082232e-07
1.3079081e-07
1.3080094e-07
1.3076849e-07
1.3078007e-07
1.3074797e-07
1.3075971e-07
1.3072914e-07
1.3073989e-07
1.3071184e-07
1.3072068e-07
1.3069591e-07
1.3070214e-07
1.3068118e-07
1.3068435e-07
1.3066748e-07
1.3066739e-07
1.3065461e-07
1.3065132e-07
1.3064239e-07
1.306362e-07
1.3063064e-07
1.306221e-07
1.3061922e-07
1.30609e-07
1.30608e-07
1.3059687e-07
1.3059694e-07
1.305856e-07
1.3058604e-07
1.3057507e-07
1.3057538e-07
1.3056511e-07
1.3056503e-07
1.305556e-07
1.3055509e-07
1.3054644e-07
1.3054561e-07
1.3053758e-07
1.3053664e-07
1.3052904e-07
1.3052816e-07
1.3052087e-07
1.3052015e-07
1.3051313e-07
1.3051258e-07
1.3050589e-07
1.3050542e-07
1.3049918e-07
1.3049864e-07
1.3049301e-07
1.3049225e-07
1.3048734e-07
1.3048626e-07
1.3048213e-07
1.3048066e-07
1.3047733e-07
1.3047545e-07
1.3047289e-07
1.3047062e-07
1.3046875e-07
1.3046615e-07
1.3046487e-07
1.3046202e-07
1.3046121e-07
1.3045818e-07
1.3045773e-07
1.3045461e-07
1.3185093e-07
1.3186815e-07
1.3181869e-07
1.3183485e-07
1.3178743e-07
1.318021e-07
1.3175714e-07
1.3176982e-07
1.3172785e-07
1.3173793e-07
1.3169957e-07
1.317064e-07
1.316723e-07
1.3167519e-07
1.3164599e-07
1.3164432e-07
1.316206e-07
1.3161386e-07
1.3159601e-07
1.3158389e-07
1.3157211e-07
1.3155456e-07
1.3154875e-07
1.3152599e-07
1.3152579e-07
1.314983e-07
1.3150312e-07
1.3147159e-07
1.3148065e-07
1.3144589e-07
1.3145833e-07
1.314212e-07
1.3143618e-07
1.3139747e-07
1.3141422e-07
1.3137463e-07
1.3139249e-07
1.3135259e-07
1.3137104e-07
1.3133126e-07
1.3134991e-07
1.313106e-07
1.3132911e-07
1.3129053e-07
1.3130865e-07
1.3127103e-07
1.3128854e-07
1.3125208e-07
1.3126874e-07
1.3123366e-07
1.3124928e-07
1.3121575e-07
1.3123012e-07
1.3119834e-07
1.312113e-07
1.3118141e-07
1.3119281e-07
1.3116496e-07
1.3117468e-07
1.3114895e-07
1.3115694e-07
1.3113338e-07
1.3113963e-07
1.3111821e-07
1.3112277e-07
1.3110344e-07
1.3110638e-07
1.3108907e-07
1.3109048e-07
1.3107507e-07
1.3107505e-07
1.3106146e-07
1.3106009e-07
1.3104824e-07
1.3104558e-07
1.3103539e-07
1.310315e-07
1.3102291e-07
1.3101784e-07
1.3101076e-07
1.3099989e-07
1.3098443e-07
1.3096595e-07
1.3095448e-07
1.3093428e-07
1.309259e-07
1.3090483e-07
1.3089849e-07
1.3087759e-07
1.3087211e-07
1.3085245e-07
1.308467e-07
1.3082925e-07
1.3082226e-07
1.3080777e-07
1.3079888e-07
1.3078774e-07
1.3077665e-07
1.3076888e-07
1.3075569e-07
1.3075098e-07
1.3073605e-07
1.3073383e-07
1.3071775e-07
1.3071736e-07
1.3070072e-07
1.3070151e-07
1.3068486e-07
1.3068628e-07
1.3067001e-07
1.3067171e-07
1.3065604e-07
1.3065781e-07
1.3064284e-07
1.3064455e-07
1.3063031e-07
1.3063187e-07
1.3061844e-07
1.3061971e-07
1.3060721e-07
1.3060797e-07
1.305966e-07
1.3059661e-07
1.3058659e-07
1.3058561e-07
1.3057712e-07
1.30575e-07
1.3056812e-07
1.3056486e-07
1.3055951e-07
1.3055525e-07
1.3055122e-07
1.3054627e-07
1.3054322e-07
1.3053794e-07
1.305355e-07
1.3053028e-07
1.3052808e-07
1.3052325e-07
1.3052101e-07
1.3051679e-07
1.3051433e-07
1.3051081e-07
1.3050806e-07
1.3050523e-07
1.3050221e-07
1.3049997e-07
1.3049675e-07
1.3049497e-07
1.3049167e-07
1.3049017e-07
1.304869e-07
1.3048555e-07
1.3048241e-07
1.3048108e-07
1.3047815e-07
1.3047676e-07
1.3047408e-07
1.3047258e-07
1.3047018e-07
1.3187017e-07
1.3188355e-07
1.3183827e-07
1.3184922e-07
1.3180752e-07
1.3181533e-07
1.3177785e-07
1.3178185e-07
1.3174925e-07
1.3174879e-07
1.3172165e-07
1.3171618e-07
1.3169497e-07
1.3168412e-07
1.3166907e-07
1.316527e-07
1.3164382e-07
1.3162205e-07
1.3161907e-07
1.3159231e-07
1.3159469e-07
1.3156355e-07
1.3157057e-07
1.3153586e-07
1.3154667e-07
1.3150925e-07
1.3152296e-07
1.314837e-07
1.3149946e-07
1.3145914e-07
1.3147622e-07
1.3143549e-07
1.3145328e-07
1.3141267e-07
1.314307e-07
1.3139058e-07
1.3140851e-07
1.3136918e-07
1.3138673e-07
1.313484e-07
1.3136535e-07
1.3132822e-07
1.3134437e-07
1.3130862e-07
1.3132375e-07
1.3128961e-07
1.313035e-07
1.3127116e-07
1.3128358e-07
1.3125329e-07
1.31264e-07
1.3123599e-07
1.3124477e-07
1.3121923e-07
1.3122591e-07
1.3120299e-07
1.3120746e-07
1.3118724e-07
1.3118944e-07
1.3117194e-07
1.311719e-07
1.3115707e-07
1.3115486e-07
1.311426e-07
1.3113832e-07
1.3112851e-07
1.3112228e-07
1.311148e-07
1.3110671e-07
1.3110146e-07
1.3109158e-07
1.3108848e-07
1.3107688e-07
1.3107584e-07
1.310626e-07
1.3106349e-07
1.3104876e-07
1.3105139e-07
1.3103537e-07
1.3103947e-07
1.3100874e-07
1.3102187e-07
1.3097629e-07
1.3099101e-07
1.3094614e-07
1.3096129e-07
1.3091811e-07
1.3093271e-07
1.30892e-07
1.3090528e-07
1.3086762e-07
1.3087905e-07
1.3084478e-07
1.3085404e-07
1.308233e-07
1.3083026e-07
1.3080303e-07
1.3080771e-07
1.3078382e-07
1.3078636e-07
1.3076556e-07
1.3076618e-07
1.3074818e-07
1.3074714e-07
1.3073162e-07
1.3072916e-07
1.3071584e-07
1.3071219e-07
1.3070085e-07
1.3069614e-07
1.3068663e-07
1.3068094e-07
1.3067318e-07
1.3066655e-07
1.3066045e-07
1.3065295e-07
1.3064839e-07
1.3064014e-07
1.3063689e-07
1.3062816e-07
1.3062587e-07
1.3061701e-07
1.3061525e-07
1.306067e-07
1.3060501e-07
1.3059716e-07
1.3059515e-07
1.3058832e-07
1.305857e-07
1.3058004e-07
1.3057672e-07
1.3057223e-07
1.3056826e-07
1.3056479e-07
1.3056033e-07
1.3055764e-07
1.3055293e-07
1.3055077e-07
1.3054603e-07
1.3054417e-07
1.3053956e-07
1.3053786e-07
1.3053348e-07
1.3053186e-07
1.3052774e-07
1.3052617e-07
1.3052231e-07
1.3052077e-07
1.3051715e-07
1.3051565e-07
1.3051227e-07
1.3051077e-07
1.3050763e-07
1.3050612e-07
1.3050324e-07
1.3050168e-07
1.3049906e-07
1.3049744e-07
1.3049509e-07
1.3049341e-07
1.3190674e-07
1.3190332e-07
1.3187519e-07
1.3186703e-07
1.318446e-07
1.3183136e-07
1.3181485e-07
1.317964e-07
1.3178586e-07
1.3176225e-07
1.3175754e-07
1.31729e-07
1.3172979e-07
1.3169674e-07
1.3170251e-07
1.3166553e-07
1.3167562e-07
1.3163541e-07
1.3164906e-07
1.3160639e-07
1.3162282e-07
1.3157842e-07
1.3159689e-07
1.3155148e-07
1.315713e-07
1.3152548e-07
1.315461e-07
1.3150034e-07
1.3152134e-07
1.31476e-07
1.3149705e-07
1.3145238e-07
1.3147326e-07
1.3142943e-07
1.3144998e-07
1.3140711e-07
1.3142723e-07
1.3138539e-07
1.3140498e-07
1.3136424e-07
1.3138323e-07
1.3134366e-07
1.3136196e-07
1.3132361e-07
1.3134116e-07
1.3130409e-07
1.3132081e-07
1.3128508e-07
1.3130092e-07
1.3126654e-07
1.312815e-07
1.3124846e-07
1.3126254e-07
1.3123082e-07
1.3124408e-07
1.3121358e-07
1.3122613e-07
1.3119675e-07
1.312087e-07
1.3118032e-07
1.311918e-07
1.3116431e-07
1.311754e-07
1.3114874e-07
1.3115948e-07
1.3113363e-07
1.3114401e-07
1.3111902e-07
1.3112895e-07
1.3110493e-07
1.3111426e-07
1.3109134e-07
1.3109991e-07
1.3107826e-07
1.3108586e-07
1.3106563e-07
1.3107211e-07
1.3105343e-07
1.3105863e-07
1.3104159e-07
1.3104879e-07
1.3100724e-07
1.310142e-07
1.3097792e-07
1.3098138e-07
1.3095029e-07
1.3095021e-07
1.309242e-07
1.3092063e-07
1.3089948e-07
1.3089261e-07
1.3087601e-07
1.3086614e-07
1.3085364e-07
1.3084121e-07
1.3083227e-07
1.308178e-07
1.3081178e-07
1.3079591e-07
1.3079209e-07
1.3077549e-07
1.3077314e-07
1.3075652e-07
1.3075485e-07
1.3073895e-07
1.3073719e-07
1.3072269e-07
1.3072015e-07
1.3070767e-07
1.3070375e-07
1.3069376e-07
1.3068803e-07
1.306808e-07
1.3067308e-07
1.3066864e-07
1.3065896e-07
1.306571e-07
1.3064574e-07
1.3064606e-07
1.3063344e-07
1.3063542e-07
1.3062206e-07
1.3062512e-07
1.3061156e-07
1.3061514e-07
1.3060188e-07
1.3060547e-07
1.3059295e-07
1.3059615e-07
1.3058469e-07
1.3058718e-07
1.3057702e-07
1.3057861e-07
1.3056988e-07
1.3057045e-07
1.3056321e-07
1.3056272e-07
1.3055694e-07
1.3055545e-07
1.3055102e-07
1.3054865e-07
1.305454e-07
1.3054232e-07
1.3054005e-07
1.3053648e-07
1.3053492e-07
1.3053111e-07
1.3053001e-07
1.3052618e-07
1.3052529e-07
1.3052166e-07
1.3052077e-07
1.3051748e-07
1.3051645e-07
1.305136e-07
1.3051234e-07
1.3050995e-07
1.3050845e-07
1.3050647e-07
1.3050477e-07
1.3194982e-07
1.3195449e-07
1.3191792e-07
1.3191814e-07
1.318873e-07
1.3188234e-07
1.3185779e-07
1.3184716e-07
1.3182927e-07
1.318127e-07
1.3180156e-07
1.3177907e-07
1.317745e-07
1.3174639e-07
1.3174792e-07
1.3171478e-07
1.3172168e-07
1.3168432e-07
1.3169568e-07
1.3165502e-07
1.3166988e-07
1.3162689e-07
1.3164429e-07
1.3159986e-07
1.3161894e-07
1.3157384e-07
1.3159388e-07
1.3154872e-07
1.315692e-07
1.3152442e-07
1.3154495e-07
1.3150084e-07
1.3152119e-07
1.314779e-07
1.3149796e-07
1.3145556e-07
1.3147526e-07
1.3143377e-07
1.3145311e-07
1.3141252e-07
1.314315e-07
1.3139177e-07
1.3141039e-07
1.3137152e-07
1.3138978e-07
1.3135176e-07
1.3136963e-07
1.3133249e-07
1.3134993e-07
1.3131371e-07
1.3133065e-07
1.3129541e-07
1.3131178e-07
1.3127759e-07
1.3129332e-07
1.3126024e-07
1.3127527e-07
1.3124335e-07
1.3125764e-07
1.3122692e-07
1.3124043e-07
1.3121091e-07
1.3122367e-07
1.3119533e-07
1.3120736e-07
1.3118015e-07
1.3119149e-07
1.3116536e-07
1.3117605e-07
1.3115095e-07
1.3116102e-07
1.3113691e-07
1.311464e-07
1.3112324e-07
1.3113214e-07
1.3110992e-07
1.3111823e-07
1.3109695e-07
1.3110465e-07
1.310843e-07
1.3109737e-07
1.3104601e-07
1.3106308e-07
1.3101557e-07
1.310307e-07
1.3098687e-07
1.3100005e-07
1.3095983e-07
1.3097102e-07
1.3093438e-07
1.3094351e-07
1.3091042e-07
1.3091746e-07
1.3088785e-07
1.3089283e-07
1.3086655e-07
1.3086956e-07
1.3084642e-07
1.3084765e-07
1.3082733e-07
1.3082704e-07
1.3080922e-07
1.308077e-07
1.3079199e-07
1.3078956e-07
1.3077559e-07
1.3077256e-07
1.3075998e-07
1.3075663e-07
1.3074512e-07
1.3074167e-07
1.3073099e-07
1.307276e-07
1.3071757e-07
1.3071433e-07
1.3070484e-07
1.3070178e-07
1.3069278e-07
1.3068988e-07
1.3068136e-07
1.3067856e-07
1.3067055e-07
1.3066779e-07
1.3066032e-07
1.3065753e-07
1.3065065e-07
1.3064776e-07
1.3064148e-07
1.3063847e-07
1.306328e-07
1.3062966e-07
1.3062455e-07
1.3062133e-07
1.306167e-07
1.3061348e-07
1.3060925e-07
1.3060611e-07
1.3060218e-07
1.3059922e-07
1.3059548e-07
1.3059278e-07
1.3058917e-07
1.3058677e-07
1.3058325e-07
1.3058117e-07
1.3057773e-07
1.3057593e-07
1.3057258e-07
1.3057104e-07
1.305678e-07
1.3056645e-07
1.3056336e-07
1.3056212e-07
1.305592e-07
1.3055803e-07
1.3055528e-07
1.3055413e-07
1.3055157e-07
1.305504e-07
1.3054803e-07
1.3198369e-07
1.319636e-07
1.3195228e-07
1.3192724e-07
1.3192159e-07
1.3189168e-07
1.3189144e-07
1.3185701e-07
1.318618e-07
1.3182332e-07
1.3183262e-07
1.3179067e-07
1.3180388e-07
1.317591e-07
1.3177556e-07
1.317286e-07
1.3174766e-07
1.3169915e-07
1.3172021e-07
1.316707e-07
1.3169322e-07
1.3164316e-07
1.3166673e-07
1.3161648e-07
1.3164077e-07
1.3159059e-07
1.3161537e-07
1.3156541e-07
1.3159052e-07
1.3154092e-07
1.3156624e-07
1.3151709e-07
1.3154249e-07
1.314939e-07
1.3151924e-07
1.3147138e-07
1.3149645e-07
1.3144951e-07
1.3147407e-07
1.3142834e-07
1.3145205e-07
1.3140788e-07
1.3143036e-07
1.3138813e-07
1.3140896e-07
1.3136911e-07
1.3138784e-07
1.313508e-07
1.3136703e-07
1.3133315e-07
1.3134654e-07
1.3131612e-07
1.3132645e-07
1.3129963e-07
1.313068e-07
1.3128358e-07
1.3128769e-07
1.3126787e-07
1.3126919e-07
1.312524e-07
1.3125136e-07
1.3123709e-07
1.3123425e-07
1.3122187e-07
1.3121786e-07
1.3120671e-07
1.3120219e-07
1.3119159e-07
1.3118719e-07
1.3117653e-07
1.3117282e-07
1.3116157e-07
1.31159e-07
1.3114677e-07
1.3114565e-07
1.3113218e-07
1.3113272e-07
1.3111789e-07
1.3112011e-07
1.3110397e-07
1.3111029e-07
1.3106549e-07
1.3107834e-07
1.3103256e-07
1.3104775e-07
1.3100205e-07
1.3101842e-07
1.3097384e-07
1.3099028e-07
1.3094776e-07
1.3096332e-07
1.3092359e-07
1.3093755e-07
1.309011e-07
1.3091301e-07
1.3088004e-07
1.3088972e-07
1.308602e-07
1.3086769e-07
1.308414e-07
1.3084688e-07
1.3082351e-07
1.3082726e-07
1.3080641e-07
1.3080879e-07
1.3079002e-07
1.307914e-07
1.307743e-07
1.3077506e-07
1.3075921e-07
1.307597e-07
1.3074472e-07
1.3074528e-07
1.3073082e-07
1.3073173e-07
1.3071755e-07
1.3071896e-07
1.3070491e-07
1.307069e-07
1.3069293e-07
1.3069545e-07
1.3068164e-07
1.3068456e-07
1.3067102e-07
1.3067417e-07
1.3066105e-07
1.3066427e-07
1.306517e-07
1.3065484e-07
1.306429e-07
1.306459e-07
1.306346e-07
1.3063743e-07
1.3062677e-07
1.3062944e-07
1.3061939e-07
1.306219e-07
1.3061242e-07
1.3061477e-07
1.3060586e-07
1.3060803e-07
1.3059971e-07
1.3060165e-07
1.3059393e-07
1.3059559e-07
1.3058851e-07
1.3058983e-07
1.3058342e-07
1.3058437e-07
1.3057864e-07
1.3057918e-07
1.3057413e-07
1.3057426e-07
1.3056987e-07
1.3056961e-07
1.3056583e-07
1.3056521e-07
1.3056199e-07
1.3056106e-07
1.3055831e-07
1.3204271e-07
1.3203192e-07
1.3201124e-07
1.3199482e-07
1.3198061e-07
1.3195851e-07
1.3195059e-07
1.3192313e-07
1.319211e-07
1.3188883e-07
1.3189204e-07
1.3185573e-07
1.3186333e-07
1.3182389e-07
1.3183492e-07
1.3179332e-07
1.3180676e-07
1.3176401e-07
1.3177887e-07
1.317359e-07
1.3175127e-07
1.317089e-07
1.3172397e-07
1.3168295e-07
1.3169702e-07
1.3165797e-07
1.3167044e-07
1.3163387e-07
1.3164426e-07
1.3161061e-07
1.3161849e-07
1.3158812e-07
1.3159317e-07
1.3156633e-07
1.3156832e-07
1.315452e-07
1.3154397e-07
1.3152464e-07
1.3152016e-07
1.315046e-07
1.3149692e-07
1.31485e-07
1.3147433e-07
1.3146576e-07
1.3145241e-07
1.3144682e-07
1.3143124e-07
1.3142812e-07
1.3141084e-07
1.3140959e-07
1.3139127e-07
1.3139119e-07
1.3137253e-07
1.313729e-07
1.3135463e-07
1.3135468e-07
1.3133754e-07
1.3133658e-07
1.3132122e-07
1.3131862e-07
1.3130556e-07
1.3130088e-07
1.3129047e-07
1.3128345e-07
1.3127582e-07
1.3126645e-07
1.3126148e-07
1.3124997e-07
1.3124734e-07
1.312341e-07
1.3123331e-07
1.3121889e-07
1.3121935e-07
1.3120437e-07
1.3120543e-07
1.3119049e-07
1.3119159e-07
1.3117722e-07
1.3117786e-07
1.3116445e-07
1.311645e-07
1.3113175e-07
1.3112938e-07
1.3110086e-07
1.310962e-07
1.3107153e-07
1.3106501e-07
1.3104353e-07
1.3103583e-07
1.3101672e-07
1.3100861e-07
1.3099103e-07
1.3098324e-07
1.3096648e-07
1.3095955e-07
1.3094312e-07
1.3093732e-07
1.3092102e-07
1.3091635e-07
1.3090023e-07
1.3089645e-07
1.308808e-07
1.3087745e-07
1.3086267e-07
1.3085929e-07
1.3084577e-07
1.3084195e-07
1.3082996e-07
1.3082546e-07
1.3081508e-07
1.3080986e-07
1.3080098e-07
1.3079521e-07
1.3078756e-07
1.3078151e-07
1.3077473e-07
1.3076872e-07
1.3076249e-07
1.3075677e-07
1.3075085e-07
1.3074557e-07
1.3073983e-07
1.30735e-07
1.3072948e-07
1.3072499e-07
1.3071977e-07
1.3071548e-07
1.307107e-07
1.3070643e-07
1.307022e-07
1.3069784e-07
1.3069418e-07
1.3068971e-07
1.3068659e-07
1.3068202e-07
1.3067934e-07
1.3067473e-07
1.3067237e-07
1.3066782e-07
1.3066565e-07
1.3066124e-07
1.3065917e-07
1.3065494e-07
1.3065289e-07
1.3064889e-07
1.3064683e-07
1.3064305e-07
1.3064098e-07
1.3063743e-07
1.3063536e-07
1.3063203e-07
1.3062997e-07
1.3062686e-07
1.3062483e-07
1.3062194e-07
1.3061996e-07
1.3061729e-07
1.3061537e-07
1.3061291e-07
1.3061107e-07
1.3210368e-07
1.3206629e-07
1.3207172e-07
1.3203052e-07
1.320402e-07
1.3199569e-07
1.3200893e-07
1.3196182e-07
1.3197793e-07
1.3192892e-07
1.3194721e-07
1.3189702e-07
1.3191681e-07
1.318661e-07
1.3188678e-07
1.3183617e-07
1.3185718e-07
1.3180721e-07
1.3182805e-07
1.3177921e-07
1.3179942e-07
1.3175214e-07
1.3177131e-07
1.3172599e-07
1.3174373e-07
1.3170073e-07
1.3171668e-07
1.3167633e-07
1.3169016e-07
1.3165275e-07
1.3166418e-07
1.3162994e-07
1.3163876e-07
1.3160782e-07
1.3161393e-07
1.315863e-07
1.3158974e-07
1.3156529e-07
1.3156624e-07
1.3154469e-07
1.315435e-07
1.3152439e-07
1.3152157e-07
1.3150432e-07
1.3150047e-07
1.3148442e-07
1.3148022e-07
1.3146466e-07
1.3146077e-07
1.3144507e-07
1.3144207e-07
1.3142568e-07
1.3142402e-07
1.3140656e-07
1.3140654e-07
1.3138778e-07
1.3138952e-07
1.3136943e-07
1.3137287e-07
1.3135155e-07
1.3135653e-07
1.3133421e-07
1.3134045e-07
1.3131741e-07
1.3132462e-07
1.3130117e-07
1.3130903e-07
1.3128546e-07
1.3129369e-07
1.3127026e-07
1.3127862e-07
1.3125555e-07
1.3126384e-07
1.3124128e-07
1.3124935e-07
1.3122744e-07
1.3123515e-07
1.3121401e-07
1.3122123e-07
1.3120096e-07
1.3121332e-07
1.3116215e-07
1.3117815e-07
1.3113103e-07
1.3114488e-07
1.311017e-07
1.3111341e-07
1.3107401e-07
1.310837e-07
1.310478e-07
1.3105574e-07
1.310229e-07
1.3102949e-07
1.309992e-07
1.3100488e-07
1.309766e-07
1.3098183e-07
1.309551e-07
1.3096022e-07
1.3093468e-07
1.309399e-07
1.309154e-07
1.3092073e-07
1.3089728e-07
1.3090256e-07
1.3088035e-07
1.308853e-07
1.3086457e-07
1.3086887e-07
1.3084988e-07
1.3085325e-07
1.3083615e-07
1.3083843e-07
1.3082326e-07
1.3082443e-07
1.3081106e-07
1.3081124e-07
1.3079942e-07
1.3079885e-07
1.3078826e-07
1.3078723e-07
1.3077752e-07
1.3077632e-07
1.3076718e-07
1.3076603e-07
1.3075726e-07
1.307563e-07
1.3074776e-07
1.3074704e-07
1.3073872e-07
1.3073821e-07
1.3073012e-07
1.3072977e-07
1.3072198e-07
1.3072171e-07
1.3071427e-07
1.30714e-07
1.3070698e-07
1.3070667e-07
1.3070008e-07
1.3069972e-07
1.3069356e-07
1.3069315e-07
1.306874e-07
1.3068695e-07
1.3068159e-07
1.3068113e-07
1.3067613e-07
1.3067567e-07
1.3067101e-07
1.3067055e-07
1.3066624e-07
1.3066576e-07
1.3066179e-07
1.3066128e-07
1.3065765e-07
1.3065709e-07
1.306538e-07
1.3065318e-07
1.3065021e-07
1.3218834e-07
1.3213989e-07
1.3215606e-07
1.3210479e-07
1.3212405e-07
1.3207068e-07
1.3209215e-07
1.3203748e-07
1.3206041e-07
1.3200514e-07
1.3202892e-07
1.3197361e-07
1.3199777e-07
1.3194285e-07
1.3196705e-07
1.3191287e-07
1.3193686e-07
1.3188365e-07
1.3190727e-07
1.318552e-07
1.3187834e-07
1.3182753e-07
1.3185006e-07
1.3180065e-07
1.3182245e-07
1.3177458e-07
1.3179547e-07
1.3174932e-07
1.3176908e-07
1.3172488e-07
1.3174325e-07
1.3170125e-07
1.3171792e-07
1.3167843e-07
1.3169308e-07
1.3165638e-07
1.3166871e-07
1.3163507e-07
1.3164482e-07
1.3161442e-07
1.3162144e-07
1.3159435e-07
1.3159864e-07
1.3157475e-07
1.3157648e-07
1.3155552e-07
1.3155504e-07
1.3153654e-07
1.3153439e-07
1.3151772e-07
1.3151458e-07
1.3149899e-07
1.3149561e-07
1.3148034e-07
1.3147745e-07
1.3146178e-07
1.3146004e-07
1.3144339e-07
1.3144326e-07
1.3142526e-07
1.3142699e-07
1.314075e-07
1.3141109e-07
1.3139023e-07
1.3139545e-07
1.3137354e-07
1.3137999e-07
1.3135747e-07
1.3136465e-07
1.3134204e-07
1.3134944e-07
1.3132723e-07
1.313344e-07
1.3131299e-07
1.3131958e-07
1.3129922e-07
1.3130509e-07
1.3128585e-07
1.3129099e-07
1.3127278e-07
1.3128125e-07
1.3123538e-07
1.3124645e-07
1.3120337e-07
1.3121396e-07
1.3117275e-07
1.3118363e-07
1.3114349e-07
1.3115523e-07
1.3111565e-07
1.311285e-07
1.3108932e-07
1.3110319e-07
1.3106458e-07
1.3107908e-07
1.3104152e-07
1.3105599e-07
1.3102017e-07
1.310338e-07
1.3100047e-07
1.3101246e-07
1.3098234e-07
1.3099194e-07
1.3096559e-07
1.309723e-07
1.3095004e-07
1.3095356e-07
1.3093546e-07
1.3093579e-07
1.3092165e-07
1.3091903e-07
1.309084e-07
1.3090332e-07
1.3089557e-07
1.3088865e-07
1.3088304e-07
1.30875e-07
1.3087076e-07
1.3086232e-07
1.3085873e-07
1.3085051e-07
1.3084697e-07
1.3083948e-07
1.3083555e-07
1.308291e-07
1.3082456e-07
1.3081927e-07
1.3081407e-07
1.308099e-07
1.3080414e-07
1.3080094e-07
1.307948e-07
1.3079237e-07
1.3078608e-07
1.3078419e-07
1.3077797e-07
1.3077644e-07
1.3077048e-07
1.3076915e-07
1.3076357e-07
1.3076234e-07
1.3075724e-07
1.3075605e-07
1.3075146e-07
1.3075027e-07
1.3074619e-07
1.3074498e-07
1.3074138e-07
1.3074015e-07
1.30737e-07
1.3073573e-07
1.3073296e-07
1.3073167e-07
1.3072921e-07
1.307279e-07
1.3072569e-07
1.3072435e-07
1.3072233e-07
1.3072098e-07
1.3071908e-07
1.3226104e-07
1.3221213e-07
1.3222894e-07
1.3217703e-07
1.3219708e-07
1.3214294e-07
1.3216528e-07
1.3210979e-07
1.3213356e-07
1.3207753e-07
1.3210202e-07
1.3204612e-07
1.3207074e-07
1.3201554e-07
1.3203982e-07
1.3198579e-07
1.3200934e-07
1.3195688e-07
1.3197936e-07
1.3192881e-07
1.3194994e-07
1.3190159e-07
1.3192108e-07
1.3187523e-07
1.3189278e-07
1.3184974e-07
1.3186505e-07
1.3182508e-07
1.3183788e-07
1.3180123e-07
1.3181126e-07
1.3177813e-07
1.3178521e-07
1.3175572e-07
1.3175975e-07
1.3173393e-07
1.3173493e-07
1.3171266e-07
1.3171079e-07
1.3169185e-07
1.3168738e-07
1.316714e-07
1.3166474e-07
1.3165126e-07
1.316429e-07
1.3163136e-07
1.3162189e-07
1.3161166e-07
1.3160171e-07
1.3159217e-07
1.3158234e-07
1.3157286e-07
1.3156372e-07
1.3155378e-07
1.3154582e-07
1.3153493e-07
1.3152856e-07
1.3151638e-07
1.3151187e-07
1.3149817e-07
1.3149565e-07
1.3148034e-07
1.3147986e-07
1.3146295e-07
1.314644e-07
1.3144604e-07
1.3144922e-07
1.3142967e-07
1.3143425e-07
1.3141386e-07
1.3141944e-07
1.3139867e-07
1.3140475e-07
1.3138411e-07
1.3139015e-07
1.3137019e-07
1.3137564e-07
1.3135689e-07
1.3136123e-07
1.3134418e-07
1.3134984e-07
1.3130959e-07
1.3131247e-07
1.312796e-07
1.3127701e-07
1.3125141e-07
1.312435e-07
1.3122474e-07
1.31212e-07
1.3119934e-07
1.3118257e-07
1.3117503e-07
1.3115517e-07
1.3115166e-07
1.3112975e-07
1.3112918e-07
1.3110618e-07
1.3110755e-07
1.3108431e-07
1.3108679e-07
1.3106398e-07
1.3106691e-07
1.3104501e-07
1.3104793e-07
1.3102728e-07
1.3102983e-07
1.3101065e-07
1.3101261e-07
1.3099501e-07
1.3099622e-07
1.3098029e-07
1.3098064e-07
1.309664e-07
1.3096583e-07
1.3095328e-07
1.3095175e-07
1.3094085e-07
1.309384e-07
1.3092905e-07
1.3092576e-07
1.3091784e-07
1.3091381e-07
1.3090716e-07
1.3090256e-07
1.3089697e-07
1.3089197e-07
1.3088725e-07
1.3088204e-07
1.3087797e-07
1.3087273e-07
1.3086914e-07
1.3086402e-07
1.3086076e-07
1.3085585e-07
1.3085285e-07
1.3084821e-07
1.308454e-07
1.3084105e-07
1.3083841e-07
1.3083434e-07
1.3083189e-07
1.3082805e-07
1.308258e-07
1.3082215e-07
1.3082014e-07
1.3081661e-07
1.3081484e-07
1.308114e-07
1.3080988e-07
1.3080648e-07
1.308052e-07
1.3080183e-07
1.3080075e-07
1.307974e-07
1.307965e-07
1.3079317e-07
1.307924e-07
1.3078912e-07
1.3078844e-07
1.3078524e-07
1.3235229e-07
1.3229946e-07
1.3231965e-07
1.3226518e-07
1.3228725e-07
1.3223182e-07
1.3225493e-07
1.3219926e-07
1.3222274e-07
1.321674e-07
1.3219077e-07
1.3213616e-07
1.321591e-07
1.321055e-07
1.3212784e-07
1.3207542e-07
1.3209708e-07
1.3204595e-07
1.320669e-07
1.3201711e-07
1.3203737e-07
1.3198892e-07
1.3200852e-07
1.3196144e-07
1.3198038e-07
1.3193466e-07
1.3195296e-07
1.319086e-07
1.3192626e-07
1.3188326e-07
1.3190024e-07
1.3185862e-07
1.318749e-07
1.3183467e-07
1.318502e-07
1.318114e-07
1.3182609e-07
1.317888e-07
1.3180255e-07
1.3176686e-07
1.3177952e-07
1.3174559e-07
1.3175695e-07
1.3172498e-07
1.3173481e-07
1.3170506e-07
1.3171304e-07
1.3168581e-07
1.3169163e-07
1.3166723e-07
1.3167056e-07
1.3164928e-07
1.3164983e-07
1.3163191e-07
1.316295e-07
1.3161505e-07
1.316096e-07
1.315986e-07
1.3159023e-07
1.3158246e-07
1.3157144e-07
1.3156653e-07
1.3155334e-07
1.3155071e-07
1.3153597e-07
1.3153494e-07
1.3151937e-07
1.315192e-07
1.3150351e-07
1.315035e-07
1.3148836e-07
1.314879e-07
1.3147382e-07
1.3147248e-07
1.3145978e-07
1.3145735e-07
1.3144613e-07
1.3144259e-07
1.3143277e-07
1.314283e-07
1.314122e-07
1.3139909e-07
1.3137849e-07
1.3136506e-07
1.3134627e-07
1.3133348e-07
1.3131554e-07
1.313041e-07
1.3128633e-07
1.3127667e-07
1.3125869e-07
1.312509e-07
1.3123266e-07
1.3122654e-07
1.3120821e-07
1.3120341e-07
1.3118528e-07
1.3118138e-07
1.3116377e-07
1.3116038e-07
1.3114354e-07
1.3114039e-07
1.3112445e-07
1.311214e-07
1.3110639e-07
1.311034e-07
1.3108925e-07
1.3108637e-07
1.3107298e-07
1.3107028e-07
1.3105753e-07
1.3105504e-07
1.310429e-07
1.310406e-07
1.3102906e-07
1.3102687e-07
1.3101599e-07
1.3101379e-07
1.3100366e-07
1.3100132e-07
1.3099203e-07
1.309894e-07
1.3098103e-07
1.3097802e-07
1.3097061e-07
1.3096719e-07
1.3096072e-07
1.3095689e-07
1.3095131e-07
1.3094713e-07
1.3094237e-07
1.3093792e-07
1.3093389e-07
1.3092929e-07
1.3092586e-07
1.3092122e-07
1.3091829e-07
1.3091373e-07
1.3091119e-07
1.3090682e-07
1.3090456e-07
1.3090045e-07
1.3089838e-07
1.3089461e-07
1.3089266e-07
1.3088925e-07
1.3088735e-07
1.308843e-07
1.3088242e-07
1.3087971e-07
1.3087784e-07
1.3087541e-07
1.3087357e-07
1.3087136e-07
1.3086957e-07
1.3086751e-07
1.308658e-07
1.3086383e-07
1.3086222e-07
1.308603e-07
1.324658e-07
1.3242587e-07
1.3243267e-07
1.3238969e-07
1.3240007e-07
1.323544e-07
1.3236784e-07
1.3232e-07
1.3233596e-07
1.3228648e-07
1.3230445e-07
1.3225385e-07
1.322733e-07
1.322221e-07
1.3224254e-07
1.3219123e-07
1.3221219e-07
1.3216123e-07
1.3218228e-07
1.3213209e-07
1.3215288e-07
1.3210381e-07
1.3212401e-07
1.3207638e-07
1.3209568e-07
1.3204979e-07
1.3206793e-07
1.3202403e-07
1.3204074e-07
1.3199909e-07
1.3201412e-07
1.3197495e-07
1.3198805e-07
1.3195158e-07
1.3196251e-07
1.3192896e-07
1.319375e-07
1.3190703e-07
1.3191303e-07
1.3188573e-07
1.318891e-07
1.31865e-07
1.3186575e-07
1.3184474e-07
1.3184302e-07
1.3182489e-07
1.3182096e-07
1.3180535e-07
1.3179961e-07
1.3178607e-07
1.3177902e-07
1.3176698e-07
1.3175921e-07
1.3174806e-07
1.3174017e-07
1.3172931e-07
1.3172187e-07
1.3171077e-07
1.3170425e-07
1.3169249e-07
1.3168722e-07
1.3167454e-07
1.3167069e-07
1.3165701e-07
1.3165456e-07
1.3163996e-07
1.3163875e-07
1.3162345e-07
1.3162319e-07
1.3160749e-07
1.3160785e-07
1.315921e-07
1.3159272e-07
1.3157723e-07
1.3157783e-07
1.3156286e-07
1.315632e-07
1.3154893e-07
1.3154887e-07
1.3153539e-07
1.3153465e-07
1.3150106e-07
1.3149877e-07
1.3146831e-07
1.3146489e-07
1.3143739e-07
1.314329e-07
1.314082e-07
1.314027e-07
1.3138064e-07
1.3137416e-07
1.3135466e-07
1.3134721e-07
1.3133019e-07
1.3132178e-07
1.3130714e-07
1.3129777e-07
1.3128546e-07
1.3127513e-07
1.3126506e-07
1.3125379e-07
1.3124587e-07
1.3123369e-07
1.3122776e-07
1.3121477e-07
1.3121064e-07
1.3119697e-07
1.3119438e-07
1.3118027e-07
1.3117886e-07
1.3116462e-07
1.3116397e-07
1.3114998e-07
1.3114963e-07
1.3113629e-07
1.311358e-07
1.3112347e-07
1.3112246e-07
1.3111144e-07
1.3110965e-07
1.3110009e-07
1.310974e-07
1.3108933e-07
1.3108576e-07
1.3107907e-07
1.3107478e-07
1.3106926e-07
1.3106448e-07
1.3105987e-07
1.3105485e-07
1.310509e-07
1.310459e-07
1.3104237e-07
1.3103757e-07
1.3103429e-07
1.3102983e-07
1.3102669e-07
1.3102262e-07
1.3101956e-07
1.3101589e-07
1.3101291e-07
1.310096e-07
1.3100671e-07
1.310037e-07
1.3100092e-07
1.3099815e-07
1.3099549e-07
1.3099289e-07
1.3099037e-07
1.309879e-07
1.3098551e-07
1.3098314e-07
1.3098087e-07
1.3097858e-07
1.3097644e-07
1.309742e-07
1.3097218e-07
1.3097e-07
1.3096809e-07
1.3096596e-07
1.3258963e-07
1.3253193e-07
1.3255502e-07
1.324981e-07
1.3252125e-07
1.324652e-07
1.3248824e-07
1.3243313e-07
1.3245596e-07
1.3240175e-07
1.3242434e-07
1.3237096e-07
1.3239333e-07
1.3234065e-07
1.3236283e-07
1.3231078e-07
1.3233279e-07
1.3228135e-07
1.3230316e-07
1.3225233e-07
1.3227393e-07
1.3222378e-07
1.3224509e-07
1.3219576e-07
1.3221663e-07
1.3216834e-07
1.3218861e-07
1.3214157e-07
1.3216103e-07
1.3211554e-07
1.3213393e-07
1.3209025e-07
1.3210735e-07
1.3206573e-07
1.3208131e-07
1.3204197e-07
1.3205585e-07
1.3201891e-07
1.3203101e-07
1.3199652e-07
1.3200685e-07
1.319747e-07
1.319834e-07
1.3195337e-07
1.319607e-07
1.3193247e-07
1.3193879e-07
1.3191192e-07
1.3191766e-07
1.318917e-07
1.3189731e-07
1.3187177e-07
1.3187769e-07
1.3185217e-07
1.3185875e-07
1.3183292e-07
1.3184037e-07
1.318141e-07
1.3182247e-07
1.3179578e-07
1.3180494e-07
1.3177802e-07
1.3178769e-07
1.317609e-07
1.3177066e-07
1.3174445e-07
1.317538e-07
1.3172868e-07
1.317371e-07
1.3171357e-07
1.317206e-07
1.3169908e-07
1.3170432e-07
1.3168513e-07
1.3168834e-07
1.3167163e-07
1.3167271e-07
1.316585e-07
1.3165752e-07
1.3164563e-07
1.3164115e-07
1.3161445e-07
1.3160388e-07
1.3158226e-07
1.3156934e-07
1.3155117e-07
1.3153737e-07
1.3152109e-07
1.3150781e-07
1.3149202e-07
1.3148044e-07
1.3146405e-07
1.3145499e-07
1.3143727e-07
1.3143119e-07
1.3141184e-07
1.3140876e-07
1.3138789e-07
1.3138747e-07
1.3136549e-07
1.3136713e-07
1.3134469e-07
1.3134762e-07
1.3132542e-07
1.3132889e-07
1.313076e-07
1.3131091e-07
1.3129106e-07
1.3129372e-07
1.3127566e-07
1.3127734e-07
1.3126122e-07
1.3126179e-07
1.3124761e-07
1.3124707e-07
1.312347e-07
1.3123316e-07
1.3122244e-07
1.3122004e-07
1.3121077e-07
1.3120765e-07
1.3119964e-07
1.3119596e-07
1.3118904e-07
1.3118493e-07
1.3117894e-07
1.3117451e-07
1.311693e-07
1.3116468e-07
1.311601e-07
1.3115539e-07
1.3115131e-07
1.3114663e-07
1.3114289e-07
1.3113835e-07
1.3113481e-07
1.3113051e-07
1.3112705e-07
1.3112307e-07
1.3111962e-07
1.3111599e-07
1.3111249e-07
1.3110924e-07
1.3110568e-07
1.3110278e-07
1.3109918e-07
1.310966e-07
1.3109299e-07
1.3109071e-07
1.3108712e-07
1.3108509e-07
1.3108157e-07
1.3107978e-07
1.3107635e-07
1.3107478e-07
1.3107146e-07
1.3107009e-07
1.3106689e-07
1.3106574e-07
1.3106266e-07
1.3276362e-07
1.3270123e-07
1.3272859e-07
1.3266719e-07
1.3269426e-07
1.3263416e-07
1.3266058e-07
1.3260205e-07
1.326275e-07
1.325708e-07
1.3259499e-07
1.3254028e-07
1.3256296e-07
1.3251041e-07
1.3253135e-07
1.3248109e-07
1.3250009e-07
1.3245227e-07
1.3246916e-07
1.3242386e-07
1.3243859e-07
1.3239587e-07
1.3240839e-07
1.3236831e-07
1.3237859e-07
1.3234122e-07
1.3234926e-07
1.3231464e-07
1.3232045e-07
1.3228866e-07
1.3229219e-07
1.3226333e-07
1.3226453e-07
1.3223869e-07
1.3223747e-07
1.322148e-07
1.3221104e-07
1.3219165e-07
1.3218526e-07
1.3216921e-07
1.3216014e-07
1.3214743e-07
1.3213572e-07
1.3212624e-07
1.3211204e-07
1.3210555e-07
1.3208915e-07
1.3208526e-07
1.3206708e-07
1.320653e-07
1.3204587e-07
1.3204559e-07
1.3202552e-07
1.3202609e-07
1.3200605e-07
1.3200678e-07
1.319874e-07
1.3198768e-07
1.3196953e-07
1.3196881e-07
1.3195236e-07
1.3195024e-07
1.3193581e-07
1.3193201e-07
1.3191978e-07
1.3191418e-07
1.3190419e-07
1.3189683e-07
1.3188893e-07
1.3187998e-07
1.3187394e-07
1.3186368e-07
1.3185915e-07
1.3184796e-07
1.318445e-07
1.3183281e-07
1.3182998e-07
1.3181825e-07
1.3181558e-07
1.3180423e-07
1.3179906e-07
1.317708e-07
1.3176208e-07
1.3173726e-07
1.3172695e-07
1.3170574e-07
1.3169375e-07
1.3167597e-07
1.3166257e-07
1.316477e-07
1.3163344e-07
1.3162072e-07
1.3160638e-07
1.315949e-07
1.3158129e-07
1.3157017e-07
1.3155803e-07
1.3154655e-07
1.3153641e-07
1.3152406e-07
1.315162e-07
1.3150278e-07
1.3149717e-07
1.3148275e-07
1.3147913e-07
1.3146398e-07
1.3146191e-07
1.3144644e-07
1.314454e-07
1.3143006e-07
1.3142953e-07
1.3141472e-07
1.3141429e-07
1.3140029e-07
1.3139967e-07
1.3138663e-07
1.3138566e-07
1.3137363e-07
1.3137229e-07
1.3136119e-07
1.3135953e-07
1.3134922e-07
1.3134737e-07
1.3133771e-07
1.3133576e-07
1.3132665e-07
1.3132469e-07
1.3131605e-07
1.3131412e-07
1.3130593e-07
1.3130405e-07
1.3129632e-07
1.3129449e-07
1.3128725e-07
1.3128545e-07
1.3127875e-07
1.3127696e-07
1.3127082e-07
1.3126906e-07
1.312635e-07
1.3126177e-07
1.3125678e-07
1.312551e-07
1.3125065e-07
1.3124906e-07
1.3124509e-07
1.3124362e-07
1.3124007e-07
1.3123874e-07
1.3123553e-07
1.3123438e-07
1.3123141e-07
1.3123044e-07
1.3122765e-07
1.3122685e-07
1.3122418e-07
1.3122351e-07
1.3122092e-07
1.3122033e-07
1.3121779e-07
1.3292053e-07
1.3289776e-07
1.328844e-07
1.3286408e-07
1.3284919e-07
1.328312e-07
1.3281493e-07
1.3279896e-07
1.3278159e-07
1.3276722e-07
1.3274916e-07
1.3273588e-07
1.3271759e-07
1.3270489e-07
1.3268679e-07
1.3267426e-07
1.3265666e-07
1.3264399e-07
1.3262712e-07
1.326141e-07
1.3259809e-07
1.3258465e-07
1.325695e-07
1.3255568e-07
1.3254131e-07
1.3252725e-07
1.3251352e-07
1.3249937e-07
1.3248614e-07
1.3247211e-07
1.3245919e-07
1.3244548e-07
1.3243275e-07
1.3241947e-07
1.3240685e-07
1.3239412e-07
1.3238156e-07
1.3236938e-07
1.3235693e-07
1.3234524e-07
1.32333e-07
1.3232167e-07
1.3230981e-07
1.3229863e-07
1.3228735e-07
1.322761e-07
1.3226564e-07
1.3225405e-07
1.3224464e-07
1.322325e-07
1.3222431e-07
1.3221144e-07
1.3220456e-07
1.3219092e-07
1.3218534e-07
1.3217094e-07
1.3216656e-07
1.3215154e-07
1.3214819e-07
1.3213269e-07
1.3213016e-07
1.3211441e-07
1.3211247e-07
1.3209665e-07
1.320951e-07
1.3207939e-07
1.3207806e-07
1.3206262e-07
1.3206133e-07
1.320463e-07
1.3204491e-07
1.3203046e-07
1.3202878e-07
1.320151e-07
1.320129e-07
1.3200025e-07
1.3199728e-07
1.3198591e-07
1.319819e-07
1.3197205e-07
1.3196311e-07
1.3194101e-07
1.3192443e-07
1.3190778e-07
1.3188796e-07
1.318764e-07
1.3185371e-07
1.3184662e-07
1.3182169e-07
1.3181823e-07
1.3179188e-07
1.3179106e-07
1.317642e-07
1.3176501e-07
1.3173852e-07
1.3174003e-07
1.3171466e-07
1.3171613e-07
1.3169245e-07
1.3169332e-07
1.3167169e-07
1.3167163e-07
1.3165222e-07
1.3165106e-07
1.3163392e-07
1.3163163e-07
1.3161666e-07
1.316133e-07
1.3160034e-07
1.3159605e-07
1.3158486e-07
1.3157982e-07
1.3157016e-07
1.3156457e-07
1.3155616e-07
1.315502e-07
1.3154279e-07
1.3153667e-07
1.3153002e-07
1.3152389e-07
1.3151783e-07
1.3151179e-07
1.3150616e-07
1.315003e-07
1.3149503e-07
1.3148938e-07
1.3148439e-07
1.3147897e-07
1.3147424e-07
1.3146902e-07
1.3146455e-07
1.3145952e-07
1.314553e-07
1.3145044e-07
1.3144648e-07
1.3144176e-07
1.3143808e-07
1.3143349e-07
1.3143008e-07
1.3142562e-07
1.314225e-07
1.3141816e-07
1.3141534e-07
1.3141112e-07
1.3140861e-07
1.3140451e-07
1.3140229e-07
1.3139834e-07
1.313964e-07
1.3139261e-07
1.3139093e-07
1.3138734e-07
1.3138587e-07
1.313825e-07
1.3138122e-07
1.313781e-07
1.3137696e-07
1.3137412e-07
1.3137307e-07
1.3137054e-07
1.3317733e-07
1.3312802e-07
1.331413e-07
1.3309121e-07
1.3310583e-07
1.3305519e-07
1.330709e-07
1.3302006e-07
1.3303656e-07
1.3298592e-07
1.3300287e-07
1.3295284e-07
1.3296986e-07
1.3292085e-07
1.3293753e-07
1.3288999e-07
1.3290586e-07
1.328602e-07
1.3287482e-07
1.3283139e-07
1.3284436e-07
1.3280346e-07
1.3281442e-07
1.327763e-07
1.3278494e-07
1.3274979e-07
1.3275591e-07
1.3272381e-07
1.3272732e-07
1.3269826e-07
1.3269918e-07
1.3267307e-07
1.3267157e-07
1.3264818e-07
1.326445e-07
1.326236e-07
1.3261806e-07
1.3259931e-07
1.3259228e-07
1.3257536e-07
1.3256719e-07
1.325518e-07
1.3254279e-07
1.3252867e-07
1.3251906e-07
1.3250607e-07
1.3249598e-07
1.3248402e-07
1.3247348e-07
1.3246257e-07
1.3245153e-07
1.3244174e-07
1.3243009e-07
1.3242154e-07
1.3240915e-07
1.3240191e-07
1.3238869e-07
1.3238285e-07
1.3236874e-07
1.3236428e-07
1.323493e-07
1.3234615e-07
1.3233043e-07
1.323284e-07
1.3231213e-07
1.3231099e-07
1.3229444e-07
1.3229388e-07
1.3227735e-07
1.3227707e-07
1.3226085e-07
1.3226056e-07
1.3224492e-07
1.3224438e-07
1.3222948e-07
1.3222854e-07
1.322145e-07
1.3221309e-07
1.3219993e-07
1.3219804e-07
1.3217535e-07
1.3216956e-07
1.3213928e-07
1.3213296e-07
1.3210511e-07
1.3209866e-07
1.3207272e-07
1.3206654e-07
1.3204202e-07
1.3203643e-07
1.3201294e-07
1.3200816e-07
1.3198544e-07
1.3198152e-07
1.3195951e-07
1.3195632e-07
1.319351e-07
1.3193243e-07
1.3191218e-07
1.319097e-07
1.3189067e-07
1.3188805e-07
1.3187047e-07
1.3186743e-07
1.3185152e-07
1.3184782e-07
1.3183366e-07
1.3182922e-07
1.3181683e-07
1.3181163e-07
1.3180089e-07
1.3179505e-07
1.3178577e-07
1.3177945e-07
1.317714e-07
1.3176479e-07
1.3175771e-07
1.3175102e-07
1.3174468e-07
1.3173806e-07
1.3173227e-07
1.3172584e-07
1.3172046e-07
1.3171429e-07
1.3170924e-07
1.3170334e-07
1.3169858e-07
1.3169295e-07
1.3168846e-07
1.3168307e-07
1.3167887e-07
1.3167368e-07
1.3166979e-07
1.3166477e-07
1.316612e-07
1.3165632e-07
1.3165307e-07
1.3164833e-07
1.3164539e-07
1.3164078e-07
1.3163813e-07
1.3163366e-07
1.3163127e-07
1.3162695e-07
1.3162479e-07
1.3162063e-07
1.3161865e-07
1.3161466e-07
1.3161284e-07
1.3160903e-07
1.3160735e-07
1.3160373e-07
1.3160215e-07
1.3159872e-07
1.3159722e-07
1.3159401e-07
1.3159257e-07
1.3158956e-07
1.3158817e-07
1.3158539e-07
1.334507e-07
1.3339252e-07
1.3341328e-07
1.3335871e-07
1.3337632e-07
1.333259e-07
1.333399e-07
1.3329409e-07
1.3330407e-07
1.3326324e-07
1.3326889e-07
1.3323323e-07
1.3323444e-07
1.3320395e-07
1.332007e-07
1.3317524e-07
1.331677e-07
1.3314692e-07
1.3313545e-07
1.3311878e-07
1.3310397e-07
1.3309066e-07
1.3307324e-07
1.3306246e-07
1.3304324e-07
1.330341e-07
1.3301401e-07
1.3300558e-07
1.3298551e-07
1.3297699e-07
1.3295772e-07
1.3294845e-07
1.3293065e-07
1.329201e-07
1.3290424e-07
1.3289215e-07
1.3287845e-07
1.3286474e-07
1.3285325e-07
1.3283804e-07
1.328286e-07
1.3281215e-07
1.3280447e-07
1.3278713e-07
1.3278084e-07
1.3276302e-07
1.327577e-07
1.3273978e-07
1.3273505e-07
1.3271741e-07
1.3271291e-07
1.3269582e-07
1.3269127e-07
1.3267498e-07
1.3267017e-07
1.326548e-07
1.3264958e-07
1.3263526e-07
1.3262953e-07
1.3261627e-07
1.3260999e-07
1.3259781e-07
1.3259099e-07
1.3257983e-07
1.325725e-07
1.3256226e-07
1.3255455e-07
1.3254508e-07
1.3253714e-07
1.3252822e-07
1.3252026e-07
1.3251168e-07
1.3250391e-07
1.3249542e-07
1.3248806e-07
1.3247945e-07
1.3247269e-07
1.3246379e-07
1.3245775e-07
1.3244843e-07
1.3243862e-07
1.3241325e-07
1.3240165e-07
1.3237582e-07
1.3236674e-07
1.3234058e-07
1.3233376e-07
1.3230742e-07
1.3230254e-07
1.3227625e-07
1.3227297e-07
1.3224694e-07
1.3224494e-07
1.3221938e-07
1.3221838e-07
1.3219346e-07
1.3219314e-07
1.3216911e-07
1.3216916e-07
1.3214624e-07
1.3214635e-07
1.3212478e-07
1.3212461e-07
1.3210462e-07
1.3210393e-07
1.3208567e-07
1.3208422e-07
1.320678e-07
1.3206551e-07
1.3205092e-07
1.3204774e-07
1.3203491e-07
1.3203092e-07
1.3201969e-07
1.3201504e-07
1.3200519e-07
1.3200007e-07
1.319914e-07
1.31986e-07
1.3197828e-07
1.3197279e-07
1.3196583e-07
1.3196039e-07
1.3195405e-07
1.3194875e-07
1.3194294e-07
1.3193782e-07
1.3193245e-07
1.3192752e-07
1.3192255e-07
1.3191779e-07
1.3191317e-07
1.3190855e-07
1.3190424e-07
1.3189974e-07
1.3189569e-07
1.3189128e-07
1.3188744e-07
1.3188314e-07
1.3187946e-07
1.3187528e-07
1.3187173e-07
1.318677e-07
1.3186425e-07
1.3186041e-07
1.3185707e-07
1.3185345e-07
1.3185024e-07
1.3184688e-07
1.3184383e-07
1.3184077e-07
1.3183792e-07
1.3183516e-07
1.3183257e-07
1.318301e-07
1.318278e-07
1.3182562e-07
1.3182362e-07
1.3182171e-07
1.3182e-07
1.337921e-07
1.3376898e-07
1.337532e-07
1.3373216e-07
1.3371516e-07
1.3369599e-07
1.3367811e-07
1.3366049e-07
1.336421e-07
1.3362568e-07
1.3360718e-07
1.3359162e-07
1.3357339e-07
1.335584e-07
1.3354073e-07
1.3352614e-07
1.3350913e-07
1.334949e-07
1.3347852e-07
1.3346467e-07
1.334488e-07
1.3343544e-07
1.3341977e-07
1.3340716e-07
1.3339125e-07
1.3337969e-07
1.3336309e-07
1.3335286e-07
1.3333515e-07
1.3332653e-07
1.3330736e-07
1.3330052e-07
1.3327974e-07
1.3327469e-07
1.3325231e-07
1.3324896e-07
1.3322519e-07
1.3322327e-07
1.3319853e-07
1.3319762e-07
1.3317243e-07
1.3317206e-07
1.3314703e-07
1.3314666e-07
1.3312237e-07
1.3312155e-07
1.330985e-07
1.3309683e-07
1.3307539e-07
1.3307265e-07
1.3305302e-07
1.3304907e-07
1.3303131e-07
1.3302621e-07
1.3301021e-07
1.3300407e-07
1.3298963e-07
1.3298272e-07
1.3296955e-07
1.3296209e-07
1.329499e-07
1.3294218e-07
1.3293071e-07
1.3292292e-07
1.3291196e-07
1.3290422e-07
1.3289367e-07
1.3288604e-07
1.3287587e-07
1.3286829e-07
1.3285856e-07
1.3285094e-07
1.3284176e-07
1.3283395e-07
1.3282545e-07
1.3281733e-07
1.3280961e-07
1.3280108e-07
1.3279421e-07
1.3278522e-07
1.32774e-07
1.3274958e-07
1.3273578e-07
1.3271129e-07
1.3269956e-07
1.3267543e-07
1.3266519e-07
1.3264187e-07
1.3263251e-07
1.3261048e-07
1.3260144e-07
1.3258107e-07
1.3257196e-07
1.3255341e-07
1.3254406e-07
1.3252732e-07
1.3251768e-07
1.3250266e-07
1.3249282e-07
1.3247925e-07
1.3246944e-07
1.3245704e-07
1.3244745e-07
1.3243593e-07
1.324268e-07
1.324159e-07
1.3240736e-07
1.3239693e-07
1.3238906e-07
1.32379e-07
1.323718e-07
1.3236206e-07
1.323555e-07
1.3234611e-07
1.3234009e-07
1.3233105e-07
1.3232549e-07
1.3231685e-07
1.3231166e-07
1.3230343e-07
1.3229852e-07
1.3229069e-07
1.32286e-07
1.3227856e-07
1.3227407e-07
1.3226698e-07
1.3226265e-07
1.3225587e-07
1.3225168e-07
1.3224518e-07
1.3224114e-07
1.3223487e-07
1.3223098e-07
1.3222495e-07
1.3222121e-07
1.322154e-07
1.3221181e-07
1.3220624e-07
1.3220281e-07
1.3219751e-07
1.3219426e-07
1.3218924e-07
1.3218619e-07
1.3218147e-07
1.3217862e-07
1.3217422e-07
1.3217159e-07
1.321675e-07
1.3216511e-07
1.3216134e-07
1.3215918e-07
1.3215571e-07
1.3215377e-07
1.321506e-07
1.3214886e-07
1.3214597e-07
1.3214441e-07
1.321418e-07
1.3214039e-07
1.3213804e-07
1.3424489e-07
1.3418506e-07
1.3420567e-07
1.3414775e-07
1.3416706e-07
1.3411124e-07
1.3412911e-07
1.3407562e-07
1.3409184e-07
1.340409e-07
1.3405531e-07
1.3400717e-07
1.3401956e-07
1.3397448e-07
1.3398457e-07
1.3394289e-07
1.3395035e-07
1.3391243e-07
1.3391687e-07
1.33883e-07
1.3388412e-07
1.3385451e-07
1.3385198e-07
1.3382686e-07
1.3382037e-07
1.3379984e-07
1.3378925e-07
1.3377326e-07
1.3375855e-07
1.3374698e-07
1.337282e-07
1.3372081e-07
1.3369828e-07
1.3369465e-07
1.3366877e-07
1.3366849e-07
1.3363975e-07
1.3364228e-07
1.3361134e-07
1.3361609e-07
1.3358357e-07
1.3358998e-07
1.3355659e-07
1.3356404e-07
1.335304e-07
1.335384e-07
1.335051e-07
1.3351311e-07
1.3348064e-07
1.334883e-07
1.3345706e-07
1.3346401e-07
1.334343e-07
1.3344032e-07
1.3341231e-07
1.3341723e-07
1.3339102e-07
1.333948e-07
1.3337039e-07
1.33373e-07
1.3335033e-07
1.3335185e-07
1.3333084e-07
1.3333131e-07
1.3331186e-07
1.3331135e-07
1.332934e-07
1.3329194e-07
1.3327546e-07
1.3327302e-07
1.3325803e-07
1.3325458e-07
1.3324112e-07
1.3323659e-07
1.3322468e-07
1.3321906e-07
1.3320869e-07
1.3320204e-07
1.3319308e-07
1.3318551e-07
1.3317102e-07
1.3314967e-07
1.3313176e-07
1.3311009e-07
1.3309428e-07
1.3307329e-07
1.3305846e-07
1.3303911e-07
1.3302423e-07
1.3300732e-07
1.3299157e-07
1.3297762e-07
1.3296055e-07
1.329497e-07
1.3293125e-07
1.329233e-07
1.3290369e-07
1.3289823e-07
1.3287789e-07
1.3287429e-07
1.3285383e-07
1.3285144e-07
1.3283138e-07
1.3282959e-07
1.3281046e-07
1.3280877e-07
1.3279089e-07
1.3278895e-07
1.3277257e-07
1.3277015e-07
1.3275532e-07
1.3275235e-07
1.3273906e-07
1.3273554e-07
1.3272369e-07
1.3271965e-07
1.3270911e-07
1.3270466e-07
1.326953e-07
1.326905e-07
1.3268219e-07
1.3267709e-07
1.3266973e-07
1.3266439e-07
1.3265788e-07
1.3265234e-07
1.3264659e-07
1.3264086e-07
1.3263578e-07
1.3262991e-07
1.3262542e-07
1.3261944e-07
1.3261545e-07
1.326094e-07
1.3260583e-07
1.3259975e-07
1.3259651e-07
1.3259045e-07
1.3258749e-07
1.325815e-07
1.3257875e-07
1.325729e-07
1.3257032e-07
1.3256467e-07
1.3256223e-07
1.3255682e-07
1.3255451e-07
1.3254939e-07
1.3254723e-07
1.3254245e-07
1.3254043e-07
1.3253602e-07
1.3253415e-07
1.3253015e-07
1.3252842e-07
1.3252485e-07
1.3252325e-07
1.325201e-07
1.3251863e-07
1.3251587e-07
1.3481826e-07
1.3476504e-07
1.3477754e-07
1.3472572e-07
1.3473709e-07
1.346871e-07
1.3469704e-07
1.3464931e-07
1.3465747e-07
1.3461241e-07
1.3461852e-07
1.3457647e-07
1.3458033e-07
1.3454154e-07
1.3454297e-07
1.345077e-07
1.3450655e-07
1.3447496e-07
1.344712e-07
1.3444325e-07
1.3443703e-07
1.3441254e-07
1.3440401e-07
1.3438278e-07
1.3437212e-07
1.3435382e-07
1.3434135e-07
1.343255e-07
1.3431155e-07
1.3429769e-07
1.342826e-07
1.3427017e-07
1.3425441e-07
1.3424277e-07
1.342268e-07
1.342154e-07
1.3419971e-07
1.3418792e-07
1.3417309e-07
1.3416033e-07
1.3414686e-07
1.3413266e-07
1.3412106e-07
1.3410498e-07
1.3409565e-07
1.3407749e-07
1.3407067e-07
1.340503e-07
1.3404608e-07
1.3402367e-07
1.3402192e-07
1.3399769e-07
1.3399816e-07
1.3397258e-07
1.3397482e-07
1.3394836e-07
1.3395188e-07
1.3392513e-07
1.3392939e-07
1.3390284e-07
1.3390732e-07
1.3388148e-07
1.3388573e-07
1.3386097e-07
1.3386461e-07
1.338412e-07
1.3384402e-07
1.3382211e-07
1.3382395e-07
1.3380358e-07
1.3380441e-07
1.3378558e-07
1.3378542e-07
1.3376804e-07
1.3376692e-07
1.3375093e-07
1.3374894e-07
1.3373426e-07
1.3373144e-07
1.3371797e-07
1.3371188e-07
1.3367911e-07
1.336686e-07
1.3363963e-07
1.3362792e-07
1.3360228e-07
1.3358966e-07
1.3356694e-07
1.3355367e-07
1.3353351e-07
1.335198e-07
1.3350186e-07
1.3348792e-07
1.3347185e-07
1.3345794e-07
1.3344341e-07
1.3342966e-07
1.3341648e-07
1.3340298e-07
1.3339097e-07
1.3337779e-07
1.3336685e-07
1.3335396e-07
1.3334403e-07
1.3333148e-07
1.3332249e-07
1.3331024e-07
1.3330213e-07
1.3329023e-07
1.3328293e-07
1.3327138e-07
1.3326479e-07
1.3325366e-07
1.3324769e-07
1.3323701e-07
1.3323153e-07
1.3322134e-07
1.3321628e-07
1.332066e-07
1.3320188e-07
1.3319272e-07
1.3318825e-07
1.3317959e-07
1.3317535e-07
1.3316717e-07
1.3316312e-07
1.3315541e-07
1.3315149e-07
1.3314421e-07
1.3314038e-07
1.3313354e-07
1.3312975e-07
1.3312336e-07
1.3311954e-07
1.3311361e-07
1.3310969e-07
1.331042e-07
1.3310015e-07
1.3309512e-07
1.3309091e-07
1.3308632e-07
1.3308196e-07
1.3307778e-07
1.3307331e-07
1.3306951e-07
1.33065e-07
1.3306151e-07
1.3305705e-07
1.3305385e-07
1.3304955e-07
1.3304659e-07
1.3304255e-07
1.3303982e-07
1.3303612e-07
1.330336e-07
1.3303031e-07
1.3302798e-07
1.3302513e-07
1.3302298e-07
1.3302058e-07
1.3551195e-07
1.3551787e-07
1.3546777e-07
1.354768e-07
1.3542477e-07
1.3543659e-07
1.353833e-07
1.353973e-07
1.3534332e-07
1.353589e-07
1.3530482e-07
1.3532138e-07
1.3526776e-07
1.3528473e-07
1.3523201e-07
1.3524901e-07
1.351975e-07
1.3521422e-07
1.351642e-07
1.3518027e-07
1.3513215e-07
1.3514718e-07
1.3510123e-07
1.3511498e-07
1.3507135e-07
1.3508357e-07
1.3504248e-07
1.3505287e-07
1.3501446e-07
1.3502284e-07
1.3498707e-07
1.3499332e-07
1.3496023e-07
1.3496416e-07
1.3493365e-07
1.3493535e-07
1.3490718e-07
1.349067e-07
1.3488071e-07
1.3487824e-07
1.348541e-07
1.3484993e-07
1.3482738e-07
1.3482181e-07
1.348005e-07
1.3479401e-07
1.3477358e-07
1.3476656e-07
1.3474667e-07
1.3473966e-07
1.3471996e-07
1.3471333e-07
1.3469352e-07
1.346877e-07
1.3466755e-07
1.3466276e-07
1.3464212e-07
1.3463857e-07
1.3461739e-07
1.3461506e-07
1.3459338e-07
1.3459224e-07
1.3457023e-07
1.3457003e-07
1.345479e-07
1.3454835e-07
1.3452647e-07
1.345272e-07
1.3450589e-07
1.3450649e-07
1.3448612e-07
1.3448625e-07
1.3446714e-07
1.3446644e-07
1.3444882e-07
1.3444711e-07
1.3443113e-07
1.3442828e-07
1.3441397e-07
1.3440994e-07
1.3438637e-07
1.3437349e-07
1.3434408e-07
1.3432908e-07
1.3430399e-07
1.3428745e-07
1.3426599e-07
1.3424845e-07
1.342299e-07
1.3421195e-07
1.3419559e-07
1.3417777e-07
1.3416299e-07
1.3414569e-07
1.3413206e-07
1.3411554e-07
1.3410265e-07
1.3408721e-07
1.3407474e-07
1.340605e-07
1.3404826e-07
1.3403534e-07
1.3402313e-07
1.3401153e-07
1.3399936e-07
1.3398903e-07
1.3397685e-07
1.3396769e-07
1.3395563e-07
1.3394747e-07
1.339356e-07
1.3392823e-07
1.3391674e-07
1.3390997e-07
1.3389902e-07
1.338926e-07
1.338823e-07
1.3387611e-07
1.3386657e-07
1.3386047e-07
1.3385174e-07
1.3384559e-07
1.3383769e-07
1.3383148e-07
1.3382438e-07
1.3381809e-07
1.3381173e-07
1.3380535e-07
1.3379962e-07
1.3379319e-07
1.3378802e-07
1.3378159e-07
1.3377687e-07
1.3377046e-07
1.3376611e-07
1.3375975e-07
1.3375569e-07
1.3374942e-07
1.3374561e-07
1.3373946e-07
1.3373589e-07
1.3372988e-07
1.3372655e-07
1.3372074e-07
1.3371765e-07
1.3371208e-07
1.3370925e-07
1.3370397e-07
1.3370144e-07
1.3369653e-07
1.3369431e-07
1.3368982e-07
1.3368792e-07
1.3368391e-07
1.3368233e-07
1.3367882e-07
1.3367753e-07
1.3367452e-07
1.3367348e-07
1.3367095e-07
1.3654242e-07
1.3654047e-07
1.3649653e-07
1.3649464e-07
1.3645155e-07
1.3644959e-07
1.3640784e-07
1.3640555e-07
1.363655e-07
1.3636263e-07
1.3632463e-07
1.3632095e-07
1.3628527e-07
1.3628057e-07
1.3624733e-07
1.3624159e-07
1.3621074e-07
1.3620402e-07
1.3617546e-07
1.361677e-07
1.361415e-07
1.361326e-07
1.3610862e-07
1.3609873e-07
1.3607669e-07
1.3606592e-07
1.3604567e-07
1.3603402e-07
1.3601532e-07
1.3600303e-07
1.3598543e-07
1.3597272e-07
1.3595599e-07
1.3594294e-07
1.3592672e-07
1.3591367e-07
1.3589754e-07
1.3588466e-07
1.3586844e-07
1.3585588e-07
1.3583931e-07
1.3582722e-07
1.3581029e-07
1.3579862e-07
1.3578132e-07
1.3577014e-07
1.3575261e-07
1.3574173e-07
1.3572417e-07
1.3571357e-07
1.3569619e-07
1.3568565e-07
1.3566868e-07
1.356582e-07
1.3564181e-07
1.3563123e-07
1.3561552e-07
1.3560493e-07
1.3558994e-07
1.3557931e-07
1.3556498e-07
1.3555449e-07
1.3554072e-07
1.3553047e-07
1.3551707e-07
1.3550723e-07
1.354941e-07
1.354848e-07
1.3547175e-07
1.3546305e-07
1.3545002e-07
1.3544202e-07
1.3542894e-07
1.354216e-07
1.3540842e-07
1.3540176e-07
1.3538852e-07
1.3538249e-07
1.353692e-07
1.3536367e-07
1.3533974e-07
1.3532631e-07
1.3529249e-07
1.3528036e-07
1.3524808e-07
1.352368e-07
1.3520634e-07
1.3519553e-07
1.3516704e-07
1.3515648e-07
1.3512999e-07
1.3511956e-07
1.3509506e-07
1.3508458e-07
1.3506216e-07
1.3505149e-07
1.3503105e-07
1.3502028e-07
1.3500164e-07
1.3499077e-07
1.3497384e-07
1.3496299e-07
1.3494747e-07
1.3493676e-07
1.3492255e-07
1.3491206e-07
1.348989e-07
1.3488874e-07
1.3487655e-07
1.3486677e-07
1.3485535e-07
1.3484596e-07
1.3483529e-07
1.348263e-07
1.3481632e-07
1.3480763e-07
1.3479829e-07
1.3478992e-07
1.3478122e-07
1.3477311e-07
1.3476502e-07
1.3475707e-07
1.3474959e-07
1.3474182e-07
1.3473492e-07
1.347273e-07
1.3472095e-07
1.3471346e-07
1.3470758e-07
1.3470025e-07
1.346948e-07
1.3468767e-07
1.3468259e-07
1.3467567e-07
1.3467089e-07
1.3466422e-07
1.3465967e-07
1.3465325e-07
1.3464893e-07
1.3464279e-07
1.3463868e-07
1.3463282e-07
1.3462893e-07
1.3462335e-07
1.3461969e-07
1.346144e-07
1.3461098e-07
1.3460598e-07
1.3460283e-07
1.3459815e-07
1.3459528e-07
1.3459093e-07
1.3458834e-07
1.3458434e-07
1.34582e-07
1.3457836e-07
1.3457625e-07
1.3457295e-07
1.3457102e-07
1.3456806e-07
1.3799631e-07
1.3799852e-07
1.3794786e-07
1.3795251e-07
1.379011e-07
1.3790757e-07
1.3785632e-07
1.3786371e-07
1.3781344e-07
1.3782077e-07
1.3777239e-07
1.3777866e-07
1.3773297e-07
1.3773729e-07
1.3769483e-07
1.3769673e-07
1.3765767e-07
1.3765695e-07
1.3762136e-07
1.3761784e-07
1.3758589e-07
1.3757947e-07
1.37551e-07
1.375421e-07
1.3751664e-07
1.3750571e-07
1.3748298e-07
1.374703e-07
1.3744989e-07
1.3743607e-07
1.3741733e-07
1.3740285e-07
1.3738545e-07
1.3737049e-07
1.3735403e-07
1.3733903e-07
1.3732301e-07
1.3730806e-07
1.3729241e-07
1.3727752e-07
1.3726195e-07
1.3724715e-07
1.3723176e-07
1.372168e-07
1.3720156e-07
1.3718649e-07
1.3717151e-07
1.3715607e-07
1.3714146e-07
1.3712577e-07
1.3711159e-07
1.3709551e-07
1.3708188e-07
1.3706557e-07
1.3705255e-07
1.3703592e-07
1.3702359e-07
1.3700684e-07
1.3699525e-07
1.3697832e-07
1.3696747e-07
1.3695054e-07
1.3694046e-07
1.3692354e-07
1.3691413e-07
1.3689734e-07
1.3688863e-07
1.3687203e-07
1.3686386e-07
1.368475e-07
1.3683985e-07
1.3682387e-07
1.368166e-07
1.3680105e-07
1.3679394e-07
1.3677901e-07
1.3677198e-07
1.3675777e-07
1.3675062e-07
1.3673714e-07
1.3672413e-07
1.3669067e-07
1.3667136e-07
1.3664103e-07
1.3662158e-07
1.3659408e-07
1.3657465e-07
1.365496e-07
1.3653036e-07
1.3650754e-07
1.3648854e-07
1.3646772e-07
1.364491e-07
1.3642988e-07
1.3641201e-07
1.3639396e-07
1.3637696e-07
1.3635997e-07
1.3634387e-07
1.3632767e-07
1.3631266e-07
1.3629714e-07
1.3628307e-07
1.3626817e-07
1.3625518e-07
1.3624081e-07
1.3622869e-07
1.362149e-07
1.3620367e-07
1.3619046e-07
1.3617989e-07
1.3616729e-07
1.3615734e-07
1.3614542e-07
1.3613595e-07
1.3612463e-07
1.361155e-07
1.361049e-07
1.3609602e-07
1.3608614e-07
1.360774e-07
1.3606814e-07
1.3605951e-07
1.360509e-07
1.3604238e-07
1.3603439e-07
1.3602601e-07
1.3601852e-07
1.3601032e-07
1.3600332e-07
1.3599543e-07
1.3598887e-07
1.3598139e-07
1.3597524e-07
1.3596828e-07
1.3596247e-07
1.3595606e-07
1.3595061e-07
1.3594485e-07
1.3593972e-07
1.3593463e-07
1.359298e-07
1.3592537e-07
1.3592081e-07
1.3591697e-07
1.3591267e-07
1.3590928e-07
1.359052e-07
1.3590222e-07
1.3589833e-07
1.3589567e-07
1.3589195e-07
1.3588951e-07
1.3588594e-07
1.3588366e-07
1.3588024e-07
1.3587807e-07
1.3587478e-07
1.3587272e-07
1.3586955e-07
1.403745e-07
1.4033018e-07
1.403283e-07
1.4028562e-07
1.4028264e-07
1.4024181e-07
1.4023712e-07
1.4019849e-07
1.4019158e-07
1.4015522e-07
1.4014608e-07
1.4011176e-07
1.4010062e-07
1.4006798e-07
1.4005499e-07
1.4002414e-07
1.4000923e-07
1.3998034e-07
1.3996363e-07
1.3993648e-07
1.3991871e-07
1.3989281e-07
1.398744e-07
1.3984994e-07
1.3983089e-07
1.3980783e-07
1.3978874e-07
1.3976659e-07
1.3974785e-07
1.3972667e-07
1.3970815e-07
1.3968787e-07
1.3967004e-07
1.396501e-07
1.3963303e-07
1.396137e-07
1.3959708e-07
1.3957815e-07
1.3956224e-07
1.3954357e-07
1.3952801e-07
1.395097e-07
1.3949461e-07
1.3947636e-07
1.3946152e-07
1.3944365e-07
1.3942897e-07
1.3941118e-07
1.3939657e-07
1.3937925e-07
1.3936455e-07
1.3934747e-07
1.3933271e-07
1.3931618e-07
1.3930133e-07
1.3928507e-07
1.3927023e-07
1.3925451e-07
1.3923977e-07
1.3922429e-07
1.3920971e-07
1.391947e-07
1.3918043e-07
1.3916574e-07
1.3915169e-07
1.3913739e-07
1.3912383e-07
1.3910989e-07
1.3909667e-07
1.3908298e-07
1.3907028e-07
1.3905696e-07
1.3904473e-07
1.3903164e-07
1.3901973e-07
1.3900707e-07
1.3899549e-07
1.3898331e-07
1.3897187e-07
1.3896005e-07
1.3893961e-07
1.3890985e-07
1.3888066e-07
1.3885318e-07
1.3882481e-07
1.3879936e-07
1.3877198e-07
1.3874819e-07
1.3872186e-07
1.3869973e-07
1.3867426e-07
1.3865382e-07
1.3862918e-07
1.3861006e-07
1.3858673e-07
1.3856841e-07
1.3854643e-07
1.3852901e-07
1.3850831e-07
1.3849144e-07
1.3847231e-07
1.3845595e-07
1.3843805e-07
1.3842215e-07
1.3840576e-07
1.383902e-07
1.3837498e-07
1.3835982e-07
1.3834589e-07
1.3833116e-07
1.3831814e-07
1.3830387e-07
1.3829183e-07
1.3827814e-07
1.3826691e-07
1.3825367e-07
1.3824307e-07
1.3823055e-07
1.382205e-07
1.3820875e-07
1.3819913e-07
1.3818798e-07
1.3817877e-07
1.3816838e-07
1.3815955e-07
1.3814987e-07
1.3814142e-07
1.3813231e-07
1.3812415e-07
1.381156e-07
1.3810784e-07
1.3809976e-07
1.3809242e-07
1.3808471e-07
1.3807779e-07
1.3807033e-07
1.3806372e-07
1.3805648e-07
1.3805028e-07
1.380432e-07
1.3803737e-07
1.3803043e-07
1.3802496e-07
1.3801816e-07
1.38013e-07
1.3800638e-07
1.3800144e-07
1.3799502e-07
1.3799035e-07
1.3798424e-07
1.3797984e-07
1.3797411e-07
1.3796999e-07
1.3796471e-07
1.3796086e-07
1.379561e-07
1.3795254e-07
1.3794833e-07
1.3794507e-07
1.3794141e-07
1.4457657e-07
1.445601e-07
1.4453484e-07
1.4451774e-07
1.4449335e-07
1.4447611e-07
1.4445217e-07
1.4443535e-07
1.4441129e-07
1.4439498e-07
1.4437132e-07
1.4435491e-07
1.443324e-07
1.4431515e-07
1.4429386e-07
1.4427637e-07
1.442555e-07
1.4423853e-07
1.4421748e-07
1.4420081e-07
1.4418057e-07
1.4416313e-07
1.4414373e-07
1.4412653e-07
1.441068e-07
1.4409017e-07
1.4407076e-07
1.4405372e-07
1.4403498e-07
1.4401822e-07
1.4399912e-07
1.4398296e-07
1.4396445e-07
1.4394769e-07
1.4392987e-07
1.4391374e-07
1.4389565e-07
1.4387987e-07
1.4386249e-07
1.4384693e-07
1.4382945e-07
1.4381454e-07
1.4379773e-07
1.4378251e-07
1.4376609e-07
1.4375149e-07
1.4373556e-07
1.4372049e-07
1.4370509e-07
1.4369059e-07
1.4367544e-07
1.4366059e-07
1.4364587e-07
1.4363153e-07
1.4361708e-07
1.4360229e-07
1.4358824e-07
1.4357391e-07
1.4356025e-07
1.4354547e-07
1.4353208e-07
1.4351772e-07
1.4350476e-07
1.4349041e-07
1.4347728e-07
1.434633e-07
1.4345062e-07
1.4343698e-07
1.4342412e-07
1.4341048e-07
1.4339803e-07
1.4338469e-07
1.4337262e-07
1.4335898e-07
1.4334691e-07
1.4333356e-07
1.4332176e-07
1.4330868e-07
1.4329685e-07
1.4328346e-07
1.4326284e-07
1.4322909e-07
1.4319902e-07
1.4316709e-07
1.4313763e-07
1.4310691e-07
1.430788e-07
1.4304848e-07
1.4302185e-07
1.4299259e-07
1.4296654e-07
1.4293927e-07
1.4291323e-07
1.4288745e-07
1.4286284e-07
1.4283741e-07
1.4281394e-07
1.4279012e-07
1.4276713e-07
1.4274419e-07
1.4272262e-07
1.4270093e-07
1.4267944e-07
1.42659e-07
1.426389e-07
1.4261936e-07
1.4259955e-07
1.4258104e-07
1.4256258e-07
1.4254502e-07
1.4252689e-07
1.4250998e-07
1.4249312e-07
1.4247703e-07
1.4246135e-07
1.4244513e-07
1.4243044e-07
1.42415e-07
1.4240135e-07
1.4238667e-07
1.423738e-07
1.4235913e-07
1.4234714e-07
1.4233323e-07
1.4232202e-07
1.4230886e-07
1.4229834e-07
1.4228555e-07
1.4227525e-07
1.422632e-07
1.4225344e-07
1.4224212e-07
1.4223284e-07
1.4222222e-07
1.4221336e-07
1.4220325e-07
1.4219432e-07
1.4218487e-07
1.4217632e-07
1.4216749e-07
1.4215932e-07
1.4215107e-07
1.4214326e-07
1.4213556e-07
1.4212813e-07
1.4212092e-07
1.4211352e-07
1.4210664e-07
1.4209965e-07
1.4209318e-07
1.4208659e-07
1.4208049e-07
1.4207428e-07
1.4206851e-07
1.4206265e-07
1.4205717e-07
1.4205164e-07
1.420464e-07
1.4204116e-07
1.4203614e-07
7.4114627e-08
1.3557125e-06
2.7450862e-06
3.7628453e-06
4.0811696e-06
4.0016822e-06
3.789406e-06
3.6076443e-06
3.4607812e-06
3.3156317e-06
3.1521408e-06
2.9773317e-06
2.7979757e-06
2.6308627e-06
2.4823786e-06
2.3577509e-06
2.2569066e-06
2.1762925e-06
2.1150823e-06
2.0668282e-06
2.0325667e-06
2.006843e-06
1.9917652e-06
1.9817117e-06
1.9797206e-06
1.9810249e-06
1.9889626e-06
1.9993674e-06
2.0153954e-06
2.0330603e-06
2.0560705e-06
2.0799866e-06
2.1092498e-06
2.1384819e-06
2.1731893e-06
2.2076232e-06
2.2473251e-06
2.2869173e-06
2.3310694e-06
2.3753484e-06
2.4243043e-06
2.4735899e-06
2.5269044e-06
2.5816946e-06
2.6398528e-06
2.700068e-06
2.7643297e-06
2.8310846e-06
2.9019054e-06
2.9772979e-06
3.0566414e-06
3.1417093e-06
3.2320887e-06
3.3312983e-06
3.4345816e-06
3.5508338e-06
3.6712561e-06
3.8064754e-06
3.9474837e-06
4.1044699e-06
4.2680424e-06
4.4482779e-06
4.6361476e-06
4.8399589e-06
5.0523402e-06
5.2805849e-06
5.5160938e-06
5.7668919e-06
6.021947e-06
6.2921214e-06
6.5665625e-06
6.8526954e-06
7.1436922e-06
7.4450307e-06
7.750578e-06
8.0641077e-06
8.3810279e-06
8.7045662e-06
9.0297865e-06
9.3591507e-06
9.6905421e-06
1.002498e-05
1.0359486e-05
1.0695128e-05
1.1031626e-05
1.1370505e-05
1.1705286e-05
1.2040079e-05
1.2374784e-05
1.2706198e-05
1.3040896e-05
1.3369083e-05
1.3699235e-05
1.4024052e-05
1.4353154e-05
1.4680133e-05
1.5014357e-05
1.533896e-05
1.5672493e-05
1.6002473e-05
1.6339397e-05
1.6674138e-05
1.701625e-05
1.7358275e-05
1.7707625e-05
1.8059366e-05
1.841644e-05
1.8777683e-05
1.9141857e-05
1.9509993e-05
1.9879987e-05
2.025457e-05
2.0628595e-05
2.1007468e-05
2.1383771e-05
2.176515e-05
2.2142695e-05
2.2526915e-05
2.2906224e-05
2.3288621e-05
2.3665635e-05
2.4041272e-05
2.4411566e-05
2.4776346e-05
2.5136967e-05
2.5490296e-05
2.5837886e-05
2.6175753e-05
2.6508092e-05
2.6827417e-05
2.7141635e-05
2.7437983e-05
2.7730735e-05
2.8002201e-05
2.8274357e-05
2.8516809e-05
2.8764122e-05
2.8972691e-05
2.9194033e-05
2.9365931e-05
2.9561409e-05
2.9694146e-05
2.9864883e-05
2.9958065e-05
3.0107629e-05
3.0158267e-05
3.0287048e-05
3.0293147e-05
3.0403887e-05
3.0365326e-05
3.0460224e-05
3.0377536e-05
3.0457496e-05
3.0334053e-05
3.0396519e-05
3.0243316e-05
3.0274057e-05
3.0125244e-05
3.0076008e-05
2.9468337e-05
9.6880221e-08
1.3607661e-06
2.7469142e-06
3.7663355e-06
4.0877964e-06
4.0096938e-06
3.7973292e-06
3.6146813e-06
3.4670007e-06
3.3213405e-06
3.1575348e-06
2.9824849e-06
2.8028686e-06
2.6354538e-06
2.4866305e-06
2.36165e-06
2.2604667e-06
2.1795399e-06
2.1180576e-06
2.0695654e-06
2.0351115e-06
2.0092029e-06
1.9939828e-06
1.9838044e-06
1.9817112e-06
1.9829254e-06
1.9907897e-06
2.001129e-06
2.017104e-06
2.0347206e-06
2.0576923e-06
2.0815723e-06
2.1108073e-06
2.1400111e-06
2.1746972e-06
2.2091077e-06
2.2487925e-06
2.2883645e-06
2.3325012e-06
2.3767599e-06
2.4257007e-06
2.4749638e-06
2.5282611e-06
2.5830257e-06
2.6411616e-06
2.7013464e-06
2.7655785e-06
2.8322963e-06
2.9030792e-06
2.9784254e-06
3.0577216e-06
3.1427321e-06
3.2330513e-06
3.332191e-06
3.4354006e-06
3.5515681e-06
3.6719027e-06
3.807022e-06
3.9479282e-06
4.1048009e-06
4.2682583e-06
4.4483693e-06
4.636114e-06
4.8397934e-06
5.052044e-06
5.2801528e-06
5.5155302e-06
5.7661919e-06
6.0211176e-06
6.2911564e-06
6.5654711e-06
6.8514723e-06
7.1423452e-06
7.4435574e-06
7.7489848e-06
8.0623944e-06
8.3792002e-06
8.7026237e-06
9.0277351e-06
9.3569897e-06
9.6882752e-06
1.0022608e-05
1.0357013e-05
1.0692555e-05
1.1028954e-05
1.1367736e-05
1.1702434e-05
1.2037132e-05
1.2371754e-05
1.2703083e-05
1.3037696e-05
1.3365809e-05
1.369588e-05
1.4020622e-05
1.434964e-05
1.4676539e-05
1.5010683e-05
1.5335215e-05
1.5668662e-05
1.5998569e-05
1.6335411e-05
1.6670077e-05
1.7012108e-05
1.735406e-05
1.7703329e-05
1.8054997e-05
1.8411997e-05
1.8773173e-05
1.9137284e-05
1.9505363e-05
1.9875303e-05
2.0249838e-05
2.0623823e-05
2.100266e-05
2.1378934e-05
2.1760288e-05
2.2137818e-05
2.2522022e-05
2.2901331e-05
2.3283727e-05
2.3660758e-05
2.4036415e-05
2.440674e-05
2.477156e-05
2.5132228e-05
2.5485612e-05
2.5833266e-05
2.6171202e-05
2.6503619e-05
2.6823026e-05
2.7137337e-05
2.743378e-05
2.7726639e-05
2.7998211e-05
2.8270489e-05
2.8513061e-05
2.8760514e-05
2.8969212e-05
2.9190708e-05
2.936274e-05
2.9558381e-05
2.9691254e-05
2.9862165e-05
2.9955481e-05
3.0105233e-05
3.0156e-05
3.028498e-05
3.02912e-05
3.0402147e-05
3.0363693e-05
3.0458803e-05
3.0376209e-05
3.0456381e-05
3.0333023e-05
3.0395688e-05
3.0242583e-05
3.0273476e-05
3.0124816e-05
3.0075661e-05
2.9467768e-05
1.3087388e-07
1.3723172e-06
2.7522356e-06
3.7769772e-06
4.1082702e-06
4.0345929e-06
3.8220495e-06
3.6366896e-06
3.4864788e-06
3.339234e-06
3.1744524e-06
2.9986582e-06
2.8182368e-06
2.649886e-06
2.5000079e-06
2.3739269e-06
2.2716846e-06
2.1897786e-06
2.1274433e-06
2.0782055e-06
2.0431436e-06
2.0166531e-06
2.0009855e-06
1.9904121e-06
1.9879959e-06
1.9889239e-06
1.9965543e-06
2.0066841e-06
2.0224891e-06
2.0399498e-06
2.0627965e-06
2.0865584e-06
2.1157004e-06
2.1448109e-06
2.1794255e-06
2.2137581e-06
2.2533848e-06
2.2928891e-06
2.3369737e-06
2.3811651e-06
2.4300552e-06
2.4792448e-06
2.532485e-06
2.5871676e-06
2.6452312e-06
2.7053194e-06
2.7694575e-06
2.8360581e-06
2.906722e-06
2.9819233e-06
3.0610716e-06
3.1459033e-06
3.2360356e-06
3.3349582e-06
3.4379396e-06
3.5538444e-06
3.673908e-06
3.8087181e-06
3.9493087e-06
4.1058312e-06
4.2689333e-06
4.4486601e-06
4.6360198e-06
4.8392922e-06
5.0511399e-06
5.2788303e-06
5.5138027e-06
5.7640444e-06
6.0185719e-06
6.2881933e-06
6.5621191e-06
6.8477151e-06
7.1382068e-06
7.4390308e-06
7.74409e-06
8.0571302e-06
8.3735851e-06
8.6966558e-06
9.0214328e-06
9.3503509e-06
9.6813115e-06
1.0015322e-05
1.0349418e-05
1.0684652e-05
1.1020747e-05
1.1359231e-05
1.1693676e-05
1.2028084e-05
1.2362448e-05
1.2693514e-05
1.3027869e-05
1.3355752e-05
1.3685574e-05
1.4010083e-05
1.4338845e-05
1.4665498e-05
1.4999395e-05
1.5323709e-05
1.5656892e-05
1.5986575e-05
1.6323162e-05
1.6657597e-05
1.6999378e-05
1.7341102e-05
1.7690121e-05
1.8041566e-05
1.8398337e-05
1.8759306e-05
1.9123221e-05
1.9491124e-05
1.9860897e-05
2.0235286e-05
2.0609145e-05
2.098787e-05
2.1364057e-05
2.1745331e-05
2.2122815e-05
2.250697e-05
2.2886278e-05
2.3268671e-05
2.3645752e-05
2.4021468e-05
2.4391888e-05
2.4756828e-05
2.511764e-05
2.5471191e-05
2.5819041e-05
2.6157188e-05
2.6489844e-05
2.6809501e-05
2.7124097e-05
2.7420833e-05
2.771402e-05
2.7985915e-05
2.8258568e-05
2.8501502e-05
2.874938e-05
2.8958475e-05
2.9180438e-05
2.9352881e-05
2.9549024e-05
2.9682311e-05
2.9853754e-05
2.9947479e-05
3.0097809e-05
3.0148973e-05
3.0278565e-05
3.0285151e-05
3.0396736e-05
3.035861e-05
3.0454376e-05
3.037207e-05
3.0452899e-05
3.0329804e-05
3.0393081e-05
3.0240278e-05
3.027164e-05
3.0123455e-05
3.0074547e-05
2.9466052e-05
1.7607261e-07
1.3899595e-06
2.760738e-06
3.7931268e-06
4.1391989e-06
4.0723988e-06
3.8598745e-06
3.6705247e-06
3.5164993e-06
3.3668277e-06
3.2005404e-06
3.023602e-06
2.8419543e-06
2.6721829e-06
2.520703e-06
2.3929465e-06
2.2890867e-06
2.2056801e-06
2.1420345e-06
2.0916454e-06
2.0556488e-06
2.0282619e-06
2.0119009e-06
2.0007173e-06
1.9978016e-06
1.9982872e-06
2.0055559e-06
2.0153617e-06
2.0309035e-06
2.0481231e-06
2.0707761e-06
2.0943552e-06
2.1233528e-06
2.1523188e-06
2.1868225e-06
2.2210346e-06
2.2605709e-06
2.2999702e-06
2.3439737e-06
2.3880613e-06
2.4368727e-06
2.4859487e-06
2.539101e-06
2.5936571e-06
2.6516105e-06
2.7115503e-06
2.7755452e-06
2.8419668e-06
2.9124494e-06
2.9874304e-06
3.066354e-06
3.1509143e-06
3.2407632e-06
3.339357e-06
3.4419928e-06
3.5575002e-06
3.6771536e-06
3.8114962e-06
3.9516095e-06
4.1076026e-06
4.2701676e-06
4.4493138e-06
4.6360911e-06
4.8387485e-06
5.0499871e-06
5.2770451e-06
5.5114053e-06
5.7610123e-06
6.0149378e-06
6.2839289e-06
6.5572671e-06
6.8422513e-06
7.1321678e-06
7.432406e-06
7.7369099e-06
8.0493937e-06
8.3653198e-06
8.6878595e-06
9.0121333e-06
9.3405453e-06
9.6710175e-06
1.0004544e-05
1.0338176e-05
1.0672946e-05
1.1008586e-05
1.1346622e-05
1.1680685e-05
1.2014657e-05
1.2348634e-05
1.2679306e-05
1.3013272e-05
1.3340809e-05
1.3670257e-05
1.3994415e-05
1.432279e-05
1.4649073e-05
1.4982598e-05
1.5306582e-05
1.5639365e-05
1.5968709e-05
1.6304912e-05
1.6638998e-05
1.69804e-05
1.7321779e-05
1.7670421e-05
1.8021528e-05
1.837795e-05
1.8738605e-05
1.9102224e-05
1.9469857e-05
1.9839379e-05
2.0213543e-05
2.0587211e-05
2.0965765e-05
2.1341819e-05
2.1722971e-05
2.2100383e-05
2.2484461e-05
2.2863766e-05
2.3246153e-05
2.3623307e-05
2.3999111e-05
2.4369673e-05
2.4734792e-05
2.5095817e-05
2.5449617e-05
2.5797759e-05
2.6136221e-05
2.6469235e-05
2.6789266e-05
2.7104289e-05
2.7401462e-05
2.7695141e-05
2.7967522e-05
2.8240737e-05
2.8484217e-05
2.8732732e-05
2.894242e-05
2.9165084e-05
2.9338141e-05
2.9535037e-05
2.9668942e-05
2.9841183e-05
2.9935519e-05
3.0086715e-05
3.0138473e-05
3.0268983e-05
3.0276118e-05
3.0388658e-05
3.0351023e-05
3.0447772e-05
3.0365899e-05
3.0447711e-05
3.032501e-05
3.0389205e-05
3.0236856e-05
3.0268921e-05
3.0121446e-05
3.007291e-05
2.9463545e-05
2.3279836e-07
1.4139835e-06
2.7728758e-06
3.8149637e-06
4.1808696e-06
4.1237555e-06
3.9118343e-06
3.7173318e-06
3.5581887e-06
3.4051887e-06
3.2368149e-06
3.0582987e-06
2.8749794e-06
2.7032798e-06
2.5496227e-06
2.4195788e-06
2.3135003e-06
2.2280242e-06
2.162564e-06
2.1105685e-06
2.0732725e-06
2.0446397e-06
2.027303e-06
2.0152647e-06
2.0116479e-06
2.0115122e-06
2.018272e-06
2.0276219e-06
2.0427923e-06
2.0596716e-06
2.0820502e-06
2.1053707e-06
2.1341628e-06
2.1629236e-06
2.1972686e-06
2.2313091e-06
2.2707156e-06
2.3099657e-06
2.3538528e-06
2.3977932e-06
2.4464926e-06
2.4954084e-06
2.5484372e-06
2.6028165e-06
2.6606171e-06
2.7203512e-06
2.7841493e-06
2.8503252e-06
2.9205597e-06
2.9952401e-06
3.0738577e-06
3.1580495e-06
3.247514e-06
3.3456623e-06
3.4478308e-06
3.5628009e-06
3.6819003e-06
3.8156119e-06
3.9550811e-06
4.1103601e-06
4.2722007e-06
4.4505641e-06
4.6365561e-06
4.8383845e-06
5.0488021e-06
5.2750077e-06
5.5085428e-06
5.7572945e-06
6.0104089e-06
6.2785512e-06
6.5510983e-06
6.8352593e-06
7.1244021e-06
7.4238532e-06
7.7276114e-06
8.0393484e-06
8.3545655e-06
8.6763936e-06
8.9999936e-06
9.3277285e-06
9.6575474e-06
9.9904268e-06
1.0323437e-05
1.0657589e-05
1.0992621e-05
1.1330058e-05
1.166361e-05
1.1997001e-05
1.233046e-05
1.2660605e-05
1.299405e-05
1.3321125e-05
1.365007e-05
1.3973758e-05
1.4301616e-05
1.46274e-05
1.4960425e-05
1.5283965e-05
1.5616211e-05
1.5945099e-05
1.6280783e-05
1.6614396e-05
1.6955289e-05
1.7296201e-05
1.7644331e-05
1.7994981e-05
1.835093e-05
1.871116e-05
1.9074376e-05
1.9441643e-05
1.9810821e-05
2.0184681e-05
2.0558085e-05
2.0936405e-05
2.1312277e-05
2.1693259e-05
2.2070571e-05
2.2454543e-05
2.2833839e-05
2.3216213e-05
2.3593462e-05
2.3969381e-05
2.434013e-05
2.4705487e-05
2.5066794e-05
2.5420924e-05
2.5769453e-05
2.6108333e-05
2.6441824e-05
2.6762352e-05
2.7077944e-05
2.73757e-05
2.7670035e-05
2.7943062e-05
2.8217029e-05
2.8461237e-05
2.8710604e-05
2.8921081e-05
2.914468e-05
2.9318556e-05
2.9516455e-05
2.9651184e-05
2.982449e-05
2.9919641e-05
3.0071992e-05
3.0124541e-05
3.0256275e-05
3.0264141e-05
3.0377957e-05
3.0340975e-05
3.0439037e-05
3.0357741e-05
3.0440866e-05
3.0318689e-05
3.038411e-05
3.0232365e-05
3.0265369e-05
3.011884e-05
3.0070801e-05
2.9460324e-05
3.0039486e-07
1.4448895e-06
2.7892252e-06
3.8427294e-06
4.2336582e-06
4.1895363e-06
3.9793257e-06
3.7786995e-06
3.6131297e-06
3.4558285e-06
3.2847224e-06
3.1041514e-06
2.9186836e-06
2.7445176e-06
2.5880691e-06
2.4550749e-06
2.3461158e-06
2.2579335e-06
2.1900867e-06
2.1359575e-06
2.0969382e-06
2.0666614e-06
2.0480099e-06
2.0348277e-06
2.03027e-06
2.0292995e-06
2.0353739e-06
2.0441093e-06
2.0587772e-06
2.0751963e-06
2.0972018e-06
2.120171e-06
2.1486819e-06
2.177163e-06
2.2112894e-06
2.2450956e-06
2.2843227e-06
2.3233688e-06
2.3670952e-06
2.4108362e-06
2.4593821e-06
2.5080829e-06
2.5609455e-06
2.6150892e-06
2.6726885e-06
2.7321519e-06
2.7956937e-06
2.8615498e-06
2.9314632e-06
3.0057562e-06
3.0839803e-06
3.1676995e-06
3.2566727e-06
3.3542521e-06
3.455825e-06
3.5701112e-06
3.688506e-06
3.821416e-06
3.9600669e-06
4.1144398e-06
4.2753609e-06
4.4527316e-06
4.6377271e-06
4.8385043e-06
5.0478808e-06
5.2730056e-06
5.5054946e-06
5.7531623e-06
6.0052487e-06
6.2723163e-06
6.5438614e-06
6.8269812e-06
7.1151455e-06
7.4136025e-06
7.7164194e-06
8.027215e-06
8.3415388e-06
8.6624717e-06
8.9852244e-06
9.3121085e-06
9.6411075e-06
9.9731748e-06
1.0305407e-05
1.0638782e-05
1.0973052e-05
1.1309739e-05
1.164265e-05
1.1975312e-05
1.2308122e-05
1.2637606e-05
1.2970397e-05
1.329689e-05
1.3625204e-05
1.3948301e-05
1.4275506e-05
1.4600663e-05
1.4933056e-05
1.5256035e-05
1.5587602e-05
1.5915911e-05
1.6250937e-05
1.6583951e-05
1.6924195e-05
1.7264514e-05
1.7611993e-05
1.7962059e-05
1.8317406e-05
1.8677091e-05
1.9039792e-05
1.9406588e-05
1.9775323e-05
2.014879e-05
2.0521854e-05
2.0899871e-05
2.1275503e-05
2.1656263e-05
2.203344e-05
2.2417272e-05
2.2796551e-05
2.31789e-05
2.3556259e-05
2.3932317e-05
2.4303296e-05
2.4668947e-05
2.5030604e-05
2.5385142e-05
2.5734153e-05
2.6073554e-05
2.6407639e-05
2.6728788e-05
2.7045092e-05
2.7343575e-05
2.7638732e-05
2.7912566e-05
2.8187473e-05
2.8432592e-05
2.8683025e-05
2.8894488e-05
2.9119258e-05
2.9294158e-05
2.9493313e-05
2.9629072e-05
2.9803712e-05
2.9899881e-05
3.005368e-05
3.0107217e-05
3.0240485e-05
3.0249262e-05
3.0364676e-05
3.0328512e-05
3.0428218e-05
3.0347642e-05
3.0432412e-05
3.0310891e-05
3.0377847e-05
3.022686e-05
3.0261039e-05
3.0115693e-05
3.0068277e-05
2.9456488e-05
3.7745348e-07
1.4833709e-06
2.8104909e-06
3.876704e-06
4.2979411e-06
4.2707477e-06
4.0640179e-06
3.8566159e-06
3.6833474e-06
3.5207063e-06
3.3461517e-06
3.1629999e-06
2.9748729e-06
2.797669e-06
2.637771e-06
2.5011029e-06
2.3885264e-06
2.2969139e-06
2.2260198e-06
2.1691337e-06
2.1278865e-06
2.0955074e-06
2.0751177e-06
2.0604408e-06
2.0546487e-06
2.0525816e-06
2.0577527e-06
2.0656775e-06
2.0796799e-06
2.0954895e-06
2.1169981e-06
2.1395e-06
2.1676339e-06
2.1957413e-06
2.229573e-06
2.2630658e-06
2.3020499e-06
2.3408234e-06
2.3843326e-06
2.4278094e-06
2.4761499e-06
2.5245691e-06
2.5772136e-06
2.6310518e-06
2.688393e-06
2.7475103e-06
2.8107289e-06
2.8761817e-06
2.9456929e-06
3.0195031e-06
3.0972381e-06
3.1803726e-06
3.2687395e-06
3.3656184e-06
3.4664598e-06
3.5799071e-06
3.6974385e-06
3.8293677e-06
3.9670177e-06
4.1202834e-06
4.280081e-06
4.4562398e-06
4.6400182e-06
4.8395124e-06
5.0476182e-06
5.2714241e-06
5.5026368e-06
5.7489822e-06
5.9998148e-06
6.2655728e-06
6.535897e-06
6.8177496e-06
7.1047236e-06
7.401973e-06
7.7036474e-06
8.0133017e-06
8.3265439e-06
8.646394e-06
8.968123e-06
9.2939803e-06
9.6219908e-06
9.9530795e-06
1.0284374e-05
1.0616815e-05
1.095017e-05
1.1285952e-05
1.1618092e-05
1.1949877e-05
1.2281905e-05
1.2610594e-05
1.2942596e-05
1.3268389e-05
1.3595941e-05
1.3918323e-05
1.424474e-05
1.4569137e-05
1.4900764e-05
1.5223061e-05
1.5553803e-05
1.5881407e-05
1.6215633e-05
1.6547915e-05
1.6887367e-05
1.7226958e-05
1.7573641e-05
1.7922989e-05
1.8277596e-05
1.8636609e-05
1.8998673e-05
1.9364886e-05
1.9733073e-05
2.0106049e-05
2.0478686e-05
2.0856321e-05
2.1231649e-05
2.1612126e-05
2.1989126e-05
2.2372776e-05
2.2752021e-05
2.3134327e-05
2.3511808e-05
2.3888023e-05
2.425927e-05
2.4625266e-05
2.4987335e-05
2.5342356e-05
2.5691941e-05
2.6031963e-05
2.6366758e-05
2.6688649e-05
2.7005807e-05
2.7305161e-05
2.7601304e-05
2.7876106e-05
2.8152143e-05
2.8398352e-05
2.8650066e-05
2.886271e-05
2.9088886e-05
2.9265012e-05
2.9465678e-05
2.9602672e-05
2.9778916e-05
2.9876305e-05
3.0031844e-05
3.0086565e-05
3.0221678e-05
3.0231549e-05
3.0348885e-05
3.0313699e-05
3.0415383e-05
3.033567e-05
3.042242e-05
3.0301687e-05
3.0370489e-05
3.0220412e-05
3.0256003e-05
3.0112079e-05
3.0065412e-05
2.9452167e-05
4.6244615e-07
1.5303104e-06
2.837525e-06
3.9172104e-06
4.3740403e-06
4.3684677e-06
4.167788e-06
3.9534553e-06
3.7713307e-06
3.6022699e-06
3.4234853e-06
3.23718e-06
3.0458511e-06
2.865007e-06
2.7009571e-06
2.5598244e-06
2.4428067e-06
2.3469349e-06
2.2722222e-06
2.2118606e-06
2.1677302e-06
2.1327293e-06
2.1100646e-06
2.0934589e-06
2.0860662e-06
2.0825747e-06
2.0865683e-06
2.0934355e-06
2.1065655e-06
2.1215764e-06
2.14243e-06
2.1643168e-06
2.1919506e-06
2.2195646e-06
2.2530027e-06
2.2860813e-06
2.3247398e-06
2.3631533e-06
2.4063726e-06
2.449504e-06
2.4975729e-06
2.545629e-06
2.597991e-06
2.6514392e-06
2.7084545e-06
2.7671371e-06
2.829956e-06
2.8949095e-06
2.9639269e-06
3.037148e-06
3.1142886e-06
3.1967158e-06
3.284352e-06
3.3803885e-06
3.4803531e-06
3.5927965e-06
3.7092962e-06
3.8400555e-06
3.9765121e-06
4.1284594e-06
4.2869191e-06
4.4616365e-06
4.6439663e-06
4.8419351e-06
5.0485298e-06
5.2707677e-06
5.5004633e-06
5.7452373e-06
5.9945802e-06
6.2587839e-06
6.5276591e-06
6.8080097e-06
7.0935734e-06
7.3893943e-06
7.6897187e-06
7.9980264e-06
8.3099938e-06
8.6285699e-06
8.9490955e-06
9.2737475e-06
9.600599e-06
9.9305409e-06
1.0260738e-05
1.0592086e-05
1.0924371e-05
1.1259095e-05
1.1590333e-05
1.1921094e-05
1.2252208e-05
1.2579966e-05
1.2911046e-05
1.3236018e-05
1.3562678e-05
1.3884222e-05
1.4209713e-05
1.4533216e-05
1.4863941e-05
1.5185434e-05
1.5515202e-05
1.5841972e-05
1.617525e-05
1.6506664e-05
1.6845175e-05
1.71839e-05
1.7529633e-05
1.7878124e-05
1.8231844e-05
1.859005e-05
1.8951349e-05
1.9316856e-05
1.9684377e-05
2.0056755e-05
2.0428869e-05
2.0806033e-05
2.1180982e-05
2.1561104e-05
2.1937873e-05
2.2321289e-05
2.2700474e-05
2.3082711e-05
2.3460314e-05
2.3836695e-05
2.420824e-05
2.4574627e-05
2.4937165e-05
2.5292736e-05
2.5642979e-05
2.5983716e-05
2.6319334e-05
2.6642085e-05
2.6960233e-05
2.72606e-05
2.7557892e-05
2.7833818e-05
2.811117e-05
2.8358647e-05
2.8611856e-05
2.8825868e-05
2.9053683e-05
2.9231236e-05
2.9433666e-05
2.9572097e-05
2.9750214e-05
2.9849022e-05
3.0006595e-05
3.0062693e-05
3.0199961e-05
3.0211102e-05
3.0330684e-05
3.0296635e-05
3.0400631e-05
3.0321923e-05
3.0410986e-05
3.0291171e-05
3.036213e-05
3.0213114e-05
3.0250354e-05
3.0108087e-05
3.0062297e-05
2.9447533e-05
5.5434354e-07
1.5867712e-06
2.8713517e-06
3.964634e-06
4.4621831e-06
4.4838001e-06
4.2926467e-06
4.0719651e-06
3.8800631e-06
3.7035146e-06
3.5196739e-06
3.3296063e-06
3.1345116e-06
2.9494031e-06
2.7804602e-06
2.6340043e-06
2.5116259e-06
2.4105433e-06
2.3311074e-06
2.2664006e-06
2.2185907e-06
2.1803345e-06
2.1547345e-06
2.1356458e-06
2.1261891e-06
2.120857e-06
2.1233226e-06
2.1288159e-06
2.1408074e-06
2.1547763e-06
2.1747703e-06
2.1958512e-06
2.2228249e-06
2.2497906e-06
2.2827064e-06
2.3152407e-06
2.3534661e-06
2.3914074e-06
2.4342421e-06
2.4769252e-06
2.524637e-06
2.5722297e-06
2.6242276e-06
2.6771821e-06
2.7337891e-06
2.7919308e-06
2.8542617e-06
2.9186039e-06
2.9870226e-06
3.0595344e-06
3.1359623e-06
3.2175464e-06
3.3043155e-06
3.3993555e-06
3.4982864e-06
3.6095487e-06
3.724837e-06
3.8542254e-06
3.9892843e-06
4.1396901e-06
4.2965857e-06
4.4696202e-06
4.6502576e-06
4.8464461e-06
5.0512771e-06
5.2716852e-06
5.4996109e-06
5.7425521e-06
5.9901576e-06
6.2525507e-06
6.5197379e-06
6.7983415e-06
7.0822656e-06
7.3764289e-06
7.6751882e-06
7.9819374e-06
8.2924311e-06
8.6095373e-06
8.9286762e-06
9.2519412e-06
9.5774613e-06
9.9060865e-06
1.0235026e-05
1.0565121e-05
1.0896183e-05
1.1229693e-05
1.1559899e-05
1.188949e-05
1.2219558e-05
1.2546252e-05
1.2876274e-05
1.3200307e-05
1.3525945e-05
1.3846527e-05
1.4170955e-05
1.449343e-05
1.4823115e-05
1.5143682e-05
1.5472326e-05
1.579813e-05
1.613031e-05
1.6460715e-05
1.6798133e-05
1.7135848e-05
1.7480475e-05
1.7827961e-05
1.8180643e-05
1.8537899e-05
1.8898292e-05
1.9262963e-05
1.9629692e-05
2.0001355e-05
2.0372836e-05
2.0749427e-05
2.112391e-05
2.1503592e-05
2.1880064e-05
2.226318e-05
2.2642266e-05
2.3024393e-05
2.3402107e-05
2.377865e-05
2.4150511e-05
2.4517322e-05
2.4880378e-05
2.5236552e-05
2.5587529e-05
2.5929064e-05
2.6265609e-05
2.6589328e-05
2.6908599e-05
2.7210113e-05
2.7508711e-05
2.7785912e-05
2.8064763e-05
2.8313679e-05
2.856859e-05
2.8784156e-05
2.9013835e-05
2.9193006e-05
2.9397448e-05
2.9537512e-05
2.9717769e-05
2.9818189e-05
2.9978085e-05
3.0035748e-05
3.0175478e-05
3.0188065e-05
3.0310213e-05
3.0277456e-05
3.0384094e-05
3.0306529e-05
3.0398238e-05
3.0279468e-05
3.0352892e-05
3.0205085e-05
3.0244209e-05
3.0103831e-05
3.0059046e-05
2.9442784e-05
6.5288906e-07
1.6539779e-06
2.9131932e-06
4.0194544e-06
4.5624639e-06
4.6178319e-06
4.4406309e-06
4.2152291e-06
4.0130394e-06
3.828038e-06
3.6383159e-06
3.4438678e-06
3.2444433e-06
3.054444e-06
2.8798441e-06
2.7271461e-06
2.59839e-06
2.4910095e-06
2.4057901e-06
2.3356947e-06
2.2832115e-06
2.240902e-06
2.2115963e-06
2.1892952e-06
2.1771812e-06
2.1694738e-06
2.169958e-06
2.1736681e-06
2.1841746e-06
2.1967851e-06
2.2156522e-06
2.2356782e-06
2.2617819e-06
2.2878973e-06
2.3201216e-06
2.3519425e-06
2.3895934e-06
2.4269171e-06
2.469244e-06
2.5113471e-06
2.5585909e-06
2.605595e-06
2.6571247e-06
2.709457e-06
2.7655535e-06
2.8230252e-06
2.8847649e-06
2.9483617e-06
3.0160604e-06
3.0877244e-06
3.163305e-06
3.2438937e-06
3.3296439e-06
3.4235172e-06
3.5212433e-06
3.6311323e-06
3.7450153e-06
3.8728173e-06
4.0062605e-06
4.1548874e-06
4.3099783e-06
4.4810744e-06
4.6597607e-06
4.8538997e-06
5.0566999e-06
5.2750018e-06
5.5008901e-06
5.7417226e-06
5.9873292e-06
6.2476419e-06
6.5128891e-06
6.7894884e-06
7.0715321e-06
7.3637982e-06
7.6607682e-06
7.9657385e-06
8.274553e-06
8.5899873e-06
8.9075508e-06
9.2292435e-06
9.5532564e-06
9.8803924e-06
1.0207911e-05
1.0536594e-05
1.0866279e-05
1.119842e-05
1.152746e-05
1.1855736e-05
1.2184627e-05
1.2510124e-05
1.2838956e-05
1.3161933e-05
1.3486419e-05
1.3805918e-05
1.4129145e-05
1.4450458e-05
1.4778967e-05
1.5098485e-05
1.5425855e-05
1.5750561e-05
1.6081492e-05
1.6410746e-05
1.6746915e-05
1.7083474e-05
1.7426832e-05
1.7773163e-05
1.8124649e-05
1.8480804e-05
1.8840146e-05
1.920384e-05
1.956964e-05
1.9940459e-05
2.0311187e-05
2.068709e-05
2.1061006e-05
2.144015e-05
2.1816242e-05
2.2198975e-05
2.2577906e-05
2.295987e-05
2.3337665e-05
2.3714347e-05
2.4086526e-05
2.4453777e-05
2.4817385e-05
2.5174206e-05
2.5525975e-05
2.5868376e-05
2.6205937e-05
2.6530722e-05
2.6851236e-05
2.7154019e-05
2.7454071e-05
2.773269e-05
2.801321e-05
2.8263727e-05
2.8520541e-05
2.8737844e-05
2.8969605e-05
2.9150572e-05
2.9357264e-05
2.9499148e-05
2.9681804e-05
2.9784022e-05
2.9946523e-05
3.0005932e-05
3.0148426e-05
3.0162623e-05
3.0287653e-05
3.0256338e-05
3.0365944e-05
3.0289655e-05
3.0384336e-05
3.0266734e-05
3.0342927e-05
3.0196475e-05
3.0237714e-05
3.0099452e-05
3.0055796e-05
2.9438157e-05
7.5854895e-07
1.7332872e-06
2.9644943e-06
4.0822874e-06
4.6748855e-06
4.7715652e-06
4.613664e-06
4.3865889e-06
4.1742507e-06
3.9800773e-06
3.7837295e-06
3.5843232e-06
3.3800446e-06
3.1845609e-06
3.0035471e-06
2.843649e-06
2.7074098e-06
2.5925038e-06
2.5002682e-06
2.4235374e-06
2.3652223e-06
2.3177271e-06
2.283897e-06
2.2573892e-06
2.241853e-06
2.2310787e-06
2.2289903e-06
2.2303823e-06
2.2389483e-06
2.2497852e-06
2.2671729e-06
2.2858164e-06
2.3107725e-06
2.3357723e-06
2.3670812e-06
2.3979672e-06
2.434857e-06
2.4713737e-06
2.513031e-06
2.5543841e-06
2.6010146e-06
2.647273e-06
2.6981993e-06
2.7497516e-06
2.8052081e-06
2.8618507e-06
2.9228732e-06
2.9855632e-06
3.0524013e-06
3.1230537e-06
3.1976314e-06
3.2770506e-06
3.3616107e-06
3.4541269e-06
3.5504587e-06
3.6587634e-06
3.7710295e-06
3.8970117e-06
4.0286037e-06
4.1751967e-06
4.3282253e-06
4.4971102e-06
4.6735694e-06
4.8653719e-06
5.0658571e-06
5.2817583e-06
5.5053249e-06
5.743755e-06
5.987084e-06
6.2450301e-06
6.5080695e-06
6.782392e-06
7.0623003e-06
7.3524164e-06
7.6473608e-06
7.9503215e-06
8.2572412e-06
8.5707934e-06
8.8865859e-06
9.2065147e-06
9.5288399e-06
9.85431e-06
1.0180242e-05
1.0507349e-05
1.08355e-05
1.1166121e-05
1.1493859e-05
1.1820676e-05
1.2148258e-05
1.2472427e-05
1.2799935e-05
1.3121739e-05
1.3444945e-05
1.376324e-05
1.4085133e-05
1.4405151e-05
1.4732347e-05
1.5050694e-05
1.537664e-05
1.5700116e-05
1.6029648e-05
1.6357607e-05
1.6692373e-05
1.7027627e-05
1.7369553e-05
1.7714572e-05
1.8064701e-05
1.84196e-05
1.8777739e-05
1.9140308e-05
1.9505035e-05
1.9874871e-05
2.0244716e-05
2.0619804e-05
2.0993037e-05
2.1371528e-05
2.1747143e-05
2.2129393e-05
2.2508092e-05
2.2889818e-05
2.3267648e-05
2.3644427e-05
2.4016901e-05
2.4384585e-05
2.4748757e-05
2.5106251e-05
2.5458854e-05
2.5802166e-05
2.6140812e-05
2.6466736e-05
2.6788596e-05
2.7092753e-05
2.7394392e-05
2.7674554e-05
2.7956905e-05
2.820917e-05
2.8468075e-05
2.8687282e-05
2.8921343e-05
2.9104278e-05
2.9313438e-05
2.9457313e-05
2.9642614e-05
2.9746803e-05
2.9912182e-05
2.9973506e-05
3.0119057e-05
3.0135021e-05
3.0263241e-05
3.0233506e-05
3.0346399e-05
3.027151e-05
3.0369484e-05
3.0253168e-05
3.0332426e-05
3.0187469e-05
3.0231049e-05
3.0095121e-05
3.0052717e-05
2.9433937e-05
8.723329e-07
1.8261507e-06
3.0269407e-06
4.1539393e-06
4.7993685e-06
4.9455913e-06
4.8135544e-06
4.589512e-06
4.3681157e-06
4.1645085e-06
3.9610002e-06
3.7561827e-06
3.5466307e-06
3.3451597e-06
3.1570337e-06
2.9889797e-06
2.8440926e-06
2.7203037e-06
2.619641e-06
2.5348013e-06
2.469266e-06
2.4151384e-06
2.3757339e-06
2.3438463e-06
2.3238592e-06
2.3091205e-06
2.3036843e-06
2.3020549e-06
2.308078e-06
2.3165919e-06
2.3320319e-06
2.3488589e-06
2.3722972e-06
2.39583e-06
2.4259258e-06
2.4555847e-06
2.4914659e-06
2.5269269e-06
2.5677011e-06
2.6080839e-06
2.6539113e-06
2.6992215e-06
2.7493693e-06
2.7999466e-06
2.8545965e-06
2.9102114e-06
2.97036e-06
3.0319458e-06
3.0977588e-06
3.1672026e-06
3.2405937e-06
3.3186414e-06
3.4018144e-06
3.4927573e-06
3.5874815e-06
3.6939669e-06
3.8043819e-06
3.9282881e-06
4.0577719e-06
4.2020541e-06
4.3527416e-06
4.5191217e-06
4.6930559e-06
4.8822138e-06
5.0800787e-06
5.2932632e-06
5.514202e-06
5.7499147e-06
5.9906666e-06
6.245939e-06
6.5064829e-06
6.7782368e-06
7.0557365e-06
7.3434331e-06
7.6361e-06
7.9368057e-06
8.2416024e-06
8.553051e-06
8.8668662e-06
9.1848306e-06
9.5052799e-06
9.8289003e-06
1.0153075e-05
1.0478438e-05
1.0804893e-05
1.1133838e-05
1.1460136e-05
1.1785347e-05
1.2111488e-05
1.2434198e-05
1.2760248e-05
1.3080762e-05
1.3402562e-05
1.3719534e-05
1.4039958e-05
1.4358549e-05
1.4684297e-05
1.5001353e-05
1.5325727e-05
1.5647841e-05
1.5975823e-05
1.6302346e-05
1.6635553e-05
1.6969352e-05
1.7309682e-05
1.7653233e-05
1.8001841e-05
1.8355325e-05
1.8712105e-05
1.9073397e-05
1.94369e-05
1.9805604e-05
2.0174427e-05
2.0548562e-05
2.0920983e-05
2.1298694e-05
2.1673719e-05
2.2055368e-05
2.2433739e-05
2.2815131e-05
2.3192925e-05
2.3569737e-05
2.394246e-05
2.4310543e-05
2.4675263e-05
2.5033425e-05
2.5386882e-05
2.5731134e-05
2.6070904e-05
2.6398012e-05
2.6721292e-05
2.7026903e-05
2.7330238e-05
2.7612046e-05
2.7896367e-05
2.8150506e-05
2.8411672e-05
2.8632929e-05
2.8869491e-05
2.9054557e-05
2.9266414e-05
2.9412422e-05
2.9600592e-05
2.9706902e-05
2.9875416e-05
2.9938808e-05
3.0087696e-05
3.0105568e-05
3.0237274e-05
3.0209247e-05
3.0325735e-05
3.0252361e-05
3.0353939e-05
3.0239016e-05
3.0321628e-05
3.0178298e-05
3.0224436e-05
3.009105e-05
3.0050018e-05
2.9430461e-05
9.9571997e-07
1.9336294e-06
3.1028486e-06
4.2354708e-06
4.9357616e-06
5.1400903e-06
5.0417649e-06
4.8273879e-06
4.5993422e-06
4.3867828e-06
4.1759802e-06
3.9655543e-06
3.7505163e-06
3.5427348e-06
3.3469386e-06
3.169847e-06
3.0151438e-06
2.881021e-06
2.770358e-06
2.6757007e-06
2.6012873e-06
2.5387256e-06
2.4923186e-06
2.4538727e-06
2.4279573e-06
2.4080889e-06
2.3982879e-06
2.3927091e-06
2.3953887e-06
2.4008492e-06
2.4137158e-06
2.4281475e-06
2.449571e-06
2.4711685e-06
2.4996528e-06
2.5276961e-06
2.5622386e-06
2.596315e-06
2.6359234e-06
2.6750472e-06
2.719822e-06
2.7639222e-06
2.813062e-06
2.8624194e-06
2.9160455e-06
2.9703902e-06
3.0294627e-06
3.0896989e-06
3.1542884e-06
3.2222847e-06
3.2942692e-06
3.3707067e-06
3.4522623e-06
3.5413816e-06
3.6342545e-06
3.738654e-06
3.846955e-06
3.9684998e-06
4.0955913e-06
4.237258e-06
4.3852988e-06
4.5488543e-06
4.7199391e-06
4.9061178e-06
5.1010312e-06
5.311156e-06
5.5291352e-06
5.7617884e-06
5.9996375e-06
6.2519035e-06
6.509639e-06
6.7785082e-06
7.0533027e-06
7.3382882e-06
7.6284052e-06
7.9265913e-06
8.229019e-06
8.538126e-06
8.8497429e-06
9.1655294e-06
9.4839024e-06
9.8054785e-06
1.0127716e-05
1.0451158e-05
1.077575e-05
1.1102858e-05
1.1427566e-05
1.1751025e-05
1.2075587e-05
1.2396703e-05
1.2721158e-05
1.3040265e-05
1.3360532e-05
1.367606e-05
1.3994881e-05
1.4311913e-05
1.4636076e-05
1.4951722e-05
1.5274376e-05
1.5594996e-05
1.5921281e-05
1.6246225e-05
1.6577718e-05
1.6909913e-05
1.7248483e-05
1.7590408e-05
1.793733e-05
1.828924e-05
1.8644502e-05
1.9004361e-05
1.9366484e-05
1.9733905e-05
2.0101558e-05
2.0474593e-05
2.0846066e-05
2.1222856e-05
2.1597164e-05
2.1978077e-05
2.2356009e-05
2.2736949e-05
2.3114613e-05
2.3491369e-05
2.386427e-05
2.4232694e-05
2.4597912e-05
2.4956704e-05
2.5310999e-05
2.5656185e-05
2.5997099e-05
2.6325409e-05
2.6650148e-05
2.6957253e-05
2.7262359e-05
2.7545882e-05
2.7832281e-05
2.8088388e-05
2.8351961e-05
2.8575389e-05
2.8814624e-05
2.9001957e-05
2.9216714e-05
2.9365007e-05
2.955627e-05
2.966482e-05
2.9836692e-05
2.990228e-05
3.0054763e-05
3.0074664e-05
3.0210136e-05
3.0183926e-05
3.0304304e-05
3.0232545e-05
3.0338025e-05
3.0224591e-05
3.0310834e-05
3.0169251e-05
3.0218157e-05
3.0087507e-05
3.0047963e-05
2.9428136e-05
1.1308205e-06
2.0571524e-06
3.1942358e-06
4.3282653e-06
5.083928e-06
5.3547239e-06
5.299245e-06
5.1032509e-06
4.8726923e-06
4.6527722e-06
4.4352092e-06
4.2194234e-06
3.9990439e-06
3.7849395e-06
3.5811772e-06
3.3943512e-06
3.2287576e-06
3.0828317e-06
2.9604841e-06
2.8540861e-06
2.7688664e-06
2.6959416e-06
2.6403378e-06
2.5938485e-06
2.5604627e-06
2.5338331e-06
2.5183386e-06
2.5075871e-06
2.5058576e-06
2.5072909e-06
2.5167451e-06
2.5280059e-06
2.5467453e-06
2.5657781e-06
2.5921149e-06
2.6180227e-06
2.650783e-06
2.6830372e-06
2.7211024e-06
2.7585868e-06
2.8019787e-06
2.8445269e-06
2.892359e-06
2.9401803e-06
2.9924988e-06
3.0452766e-06
3.1030097e-06
3.1615889e-06
3.2247032e-06
3.2909583e-06
3.361278e-06
3.435813e-06
3.5154768e-06
3.6024776e-06
3.693215e-06
3.7952218e-06
3.9011079e-06
4.0199686e-06
4.1443487e-06
4.2830598e-06
4.428115e-06
4.5884927e-06
4.7563707e-06
4.9392029e-06
5.1308013e-06
5.3374903e-06
5.5521449e-06
5.7813635e-06
6.0159513e-06
6.2648457e-06
6.5194281e-06
6.7850654e-06
7.0568283e-06
7.3387823e-06
7.62605e-06
7.9214261e-06
8.2212146e-06
8.5277199e-06
8.8368964e-06
9.1502726e-06
9.4663515e-06
9.7856721e-06
1.0105777e-05
1.0427108e-05
1.0749658e-05
1.1074759e-05
1.1397715e-05
1.1719266e-05
1.2042104e-05
1.2361485e-05
1.2684203e-05
1.3001779e-05
1.332038e-05
1.363434e-05
1.3951421e-05
1.4266758e-05
1.4589199e-05
1.4903314e-05
1.52241e-05
1.5543093e-05
1.586753e-05
1.6190754e-05
1.6520376e-05
1.685082e-05
1.7187464e-05
1.7527605e-05
1.7872676e-05
1.8222849e-05
1.8576432e-05
1.8934701e-05
1.9295287e-05
1.9661268e-05
2.0027599e-05
2.0399381e-05
2.076976e-05
2.114548e-05
2.1518935e-05
2.1898965e-05
2.2276331e-05
2.2656685e-05
2.3034105e-05
2.3410694e-05
2.3783674e-05
2.4152352e-05
2.4517995e-05
2.4877348e-05
2.5232425e-05
2.5578497e-05
2.5920533e-05
2.6250029e-05
2.6576243e-05
2.6884847e-05
2.7191753e-05
2.7477017e-05
2.7765559e-05
2.8023684e-05
2.8289772e-05
2.8515451e-05
2.8757497e-05
2.89472e-05
2.9165027e-05
2.9315718e-05
2.9510275e-05
2.962119e-05
2.9796655e-05
2.9864525e-05
3.0020824e-05
3.0042841e-05
3.0182333e-05
3.0158024e-05
3.0282562e-05
3.0212498e-05
3.0322161e-05
3.0210294e-05
3.030043e-05
3.0160699e-05
3.0212571e-05
3.0084832e-05
3.0046886e-05
2.9427447e-05
1.2804463e-06
2.198277e-06
3.3028648e-06
4.4344812e-06
5.2438618e-06
5.5885666e-06
5.5865193e-06
5.4191511e-06
5.1926388e-06
4.9684931e-06
4.7457189e-06
4.5255288e-06
4.3005192e-06
4.0805735e-06
3.868983e-06
3.6720746e-06
3.4947605e-06
3.3356754e-06
3.1999505e-06
3.079744e-06
2.9815581e-06
2.8959439e-06
2.8289718e-06
2.7717516e-06
2.7295261e-06
2.6940455e-06
2.6710613e-06
2.6535345e-06
2.6459803e-06
2.6420887e-06
2.6470048e-06
2.6540537e-06
2.6692043e-06
2.6848242e-06
2.7082865e-06
2.7313598e-06
2.7617387e-06
2.7915828e-06
2.8275979e-06
2.8629376e-06
2.904506e-06
2.9450517e-06
2.9911814e-06
3.0370543e-06
3.0876963e-06
3.1385252e-06
3.1945744e-06
3.2511254e-06
3.312431e-06
3.3765833e-06
3.4449176e-06
3.5171893e-06
3.5946363e-06
3.679161e-06
3.7674255e-06
3.8666792e-06
3.9698002e-06
4.0856051e-06
4.2069094e-06
4.3422794e-06
4.4839671e-06
4.6407721e-06
4.805044e-06
4.9841207e-06
5.1720013e-06
5.374837e-06
5.5857611e-06
5.8111287e-06
6.0420556e-06
6.2871727e-06
6.5382168e-06
6.8002355e-06
7.0686017e-06
7.3471668e-06
7.6312502e-06
7.923492e-06
8.220339e-06
8.5239518e-06
8.8304174e-06
9.141124e-06
9.4546657e-06
9.7714957e-06
1.0089251e-05
1.0408261e-05
1.072857e-05
1.1051478e-05
1.1372501e-05
1.1691975e-05
1.201293e-05
1.2330423e-05
1.2651247e-05
1.296716e-05
1.3283953e-05
1.3596214e-05
1.391141e-05
1.422491e-05
1.4545482e-05
1.485794e-05
1.5176704e-05
1.5493932e-05
1.581637e-05
1.6137725e-05
1.6465318e-05
1.6793858e-05
1.712841e-05
1.7466605e-05
1.7809659e-05
1.8157929e-05
1.8509671e-05
1.8866188e-05
1.9225077e-05
1.9589459e-05
1.9954312e-05
2.0324684e-05
2.069382e-05
2.1068314e-05
2.144077e-05
2.1819761e-05
2.2196422e-05
2.2576041e-05
2.2953088e-05
2.332938e-05
2.3702321e-05
2.4071144e-05
2.4437107e-05
2.4796921e-05
2.5152697e-05
2.5499574e-05
2.5842667e-05
2.6173284e-05
2.6500943e-05
2.6811012e-05
2.7119724e-05
2.7406711e-05
2.7697408e-05
2.7957549e-05
2.8226205e-05
2.8454164e-05
2.8699112e-05
2.8891239e-05
2.9112266e-05
2.9265421e-05
2.9463434e-05
2.9576792e-05
2.9756044e-05
2.9826291e-05
2.9986638e-05
3.0010839e-05
3.0154563e-05
3.0132191e-05
3.0261126e-05
3.0192805e-05
3.0306904e-05
3.0196653e-05
3.0290924e-05
3.0153127e-05
3.0208146e-05
3.0083469e-05
3.0047223e-05
2.9428988e-05
1.4472886e-06
2.3584431e-06
3.4313335e-06
4.5563068e-06
5.4158427e-06
5.8400987e-06
5.9036288e-06
5.7758076e-06
5.5629201e-06
5.3396898e-06
5.1146878e-06
4.8920914e-06
4.6640061e-06
4.4394386e-06
4.2208223e-06
4.0140576e-06
3.8246543e-06
3.6513692e-06
3.5007418e-06
3.3646576e-06
3.2512155e-06
3.1503173e-06
3.0693942e-06
2.9987291e-06
2.9446956e-06
2.8989229e-06
2.8659298e-06
2.8394969e-06
2.8242464e-06
2.813311e-06
2.812183e-06
2.8136276e-06
2.8239636e-06
2.8350269e-06
2.8546253e-06
2.8739194e-06
2.9011034e-06
2.9277428e-06
2.9610216e-06
2.9935392e-06
3.0326919e-06
3.0706361e-06
3.1145383e-06
3.1579201e-06
3.206401e-06
3.2547838e-06
3.3087003e-06
3.3627511e-06
3.4218192e-06
3.4834186e-06
3.5493495e-06
3.6189121e-06
3.6937492e-06
3.7753566e-06
3.8607398e-06
3.9568096e-06
4.0567498e-06
4.1690631e-06
4.2868678e-06
4.4184521e-06
4.5563351e-06
4.7091189e-06
4.8693326e-06
5.0441929e-06
5.2279019e-06
5.4264156e-06
5.633153e-06
5.8542013e-06
6.0810164e-06
6.3218992e-06
6.5689691e-06
6.8269325e-06
7.091488e-06
7.3662592e-06
7.6467772e-06
7.9355156e-06
8.2290764e-06
8.5294652e-06
8.8329102e-06
9.1406514e-06
9.4513777e-06
9.7654487e-06
1.0080608e-05
1.0397055e-05
1.0714897e-05
1.1035403e-05
1.1354279e-05
1.1671487e-05
1.1990377e-05
1.230581e-05
1.2624565e-05
1.2938663e-05
1.3253491e-05
1.3563906e-05
1.3877058e-05
1.4188562e-05
1.4507106e-05
1.4817771e-05
1.5134348e-05
1.5449662e-05
1.5769938e-05
1.6089269e-05
1.6414666e-05
1.6741143e-05
1.7073428e-05
1.740951e-05
1.7750372e-05
1.809657e-05
1.8446301e-05
1.8800903e-05
1.9157929e-05
1.9520546e-05
1.9883763e-05
2.0252562e-05
2.0620299e-05
2.0993405e-05
2.136471e-05
2.1742498e-05
2.2118308e-05
2.2497035e-05
2.2873566e-05
2.3249416e-05
2.3622182e-05
2.3991021e-05
2.435718e-05
2.4717331e-05
2.5073695e-05
2.542126e-05
2.5765315e-05
2.6096955e-05
2.6425983e-05
2.6737431e-05
2.7047901e-05
2.7336551e-05
2.7629384e-05
2.7891503e-05
2.8162723e-05
2.8392924e-05
2.8640805e-05
2.8835347e-05
2.9059647e-05
2.9215273e-05
2.9416851e-05
2.9532677e-05
2.9715862e-05
2.9788521e-05
2.9953097e-05
2.9979528e-05
3.0127703e-05
3.0107316e-05
3.0240869e-05
3.0174282e-05
3.0293026e-05
3.0184389e-05
3.0283009e-05
3.0147193e-05
3.0205517e-05
3.0084013e-05
3.0049556e-05
2.9433485e-05
1.634571e-06
2.53927e-06
3.5825486e-06
4.6962715e-06
5.6006183e-06
6.1080271e-06
6.2491047e-06
6.1728584e-06
5.9860271e-06
5.7712753e-06
5.548921e-06
5.3273574e-06
5.098935e-06
4.8720089e-06
4.6481258e-06
4.4325973e-06
4.2314908e-06
4.0435674e-06
3.8769471e-06
3.7231523e-06
3.5922321e-06
3.473336e-06
3.3756334e-06
3.2885112e-06
3.2197937e-06
3.1597717e-06
3.1155688e-06
3.0772566e-06
3.0517347e-06
3.0315093e-06
3.0223394e-06
3.0163384e-06
3.0202016e-06
3.025171e-06
3.0395616e-06
3.0537982e-06
3.0766764e-06
3.099032e-06
3.1286404e-06
3.1574214e-06
3.1933556e-06
3.2278941e-06
3.2688636e-06
3.3090325e-06
3.3547084e-06
3.3999904e-06
3.4511853e-06
3.5021216e-06
3.5583968e-06
3.6168657e-06
3.6798582e-06
3.7461592e-06
3.8178694e-06
3.8960207e-06
3.9780199e-06
4.0703872e-06
4.1666372e-06
4.2749375e-06
4.3887403e-06
4.5160166e-06
4.6495856e-06
4.7978301e-06
4.9534658e-06
5.123583e-06
5.3026036e-06
5.4962615e-06
5.6982915e-06
5.9144887e-06
6.1366774e-06
6.3728053e-06
6.6154012e-06
6.8688092e-06
7.1290782e-06
7.3995895e-06
7.676102e-06
7.9609102e-06
8.2507844e-06
8.5475635e-06
8.8476269e-06
9.1520578e-06
9.4596424e-06
9.7706399e-06
1.0082912e-05
1.0396514e-05
1.0711624e-05
1.1029485e-05
1.1345957e-05
1.1660678e-05
1.1977289e-05
1.2290458e-05
1.2606937e-05
1.2919043e-05
1.3231722e-05
1.3540118e-05
1.3851043e-05
1.4160372e-05
1.4476704e-05
1.4785419e-05
1.5099624e-05
1.5412855e-05
1.5730789e-05
1.6047924e-05
1.6370941e-05
1.6695181e-05
1.7025011e-05
1.7358797e-05
1.769728e-05
1.8041224e-05
1.8388765e-05
1.8741275e-05
1.9096263e-05
1.9456944e-05
1.9818354e-05
2.0185411e-05
2.0551585e-05
2.0923135e-05
2.129313e-05
2.1669542e-05
2.2044343e-05
2.2422012e-05
2.2797877e-05
2.3173127e-05
2.3545572e-05
2.3914282e-05
2.4280497e-05
2.4640842e-05
2.4997661e-05
2.5345772e-05
2.569067e-05
2.6023199e-05
2.6353485e-05
2.6666194e-05
2.6978336e-05
2.7268528e-05
2.7563423e-05
2.7827425e-05
2.810117e-05
2.833354e-05
2.8584343e-05
2.8781218e-05
2.9008796e-05
2.9166828e-05
2.9372015e-05
2.9490262e-05
2.9677462e-05
2.9752501e-05
2.9921431e-05
2.9950071e-05
3.0102859e-05
3.008444e-05
3.0222806e-05
3.0157956e-05
3.0281563e-05
3.0174548e-05
3.027768e-05
3.0143828e-05
3.0205576e-05
3.0087287e-05
3.0054692e-05
2.9441851e-05
1.846075e-06
2.7427194e-06
3.7595503e-06
4.8570035e-06
5.7999264e-06
6.3908673e-06
6.6201847e-06
6.6088075e-06
6.4625437e-06
6.266665e-06
6.0541618e-06
5.8389375e-06
5.6144882e-06
5.3888677e-06
5.1627807e-06
4.9408029e-06
4.729501e-06
4.5274815e-06
4.3445819e-06
4.1718337e-06
4.0216006e-06
3.8821454e-06
3.7648076e-06
3.6579608e-06
3.5712367e-06
3.4937335e-06
3.4336415e-06
3.3818846e-06
3.3431993e-06
3.3104284e-06
3.2906104e-06
3.2747906e-06
3.2699453e-06
3.2667823e-06
3.274146e-06
3.2816056e-06
3.2986593e-06
3.3152654e-06
3.3399269e-06
3.3637312e-06
3.3953513e-06
3.4253952e-06
3.4624761e-06
3.4984617e-06
3.5404676e-06
3.5817763e-06
3.6294667e-06
3.6764789e-06
3.7292314e-06
3.7838175e-06
3.8431768e-06
3.9055066e-06
3.9734289e-06
4.0474416e-06
4.1254113e-06
4.2134484e-06
4.3053693e-06
4.4090263e-06
4.5182154e-06
4.6405586e-06
4.769208e-06
4.912304e-06
5.0627541e-06
5.2275162e-06
5.4012508e-06
5.5894383e-06
5.78616e-06
5.9968934e-06
6.2138605e-06
6.4446344e-06
6.6821776e-06
6.930451e-06
7.1858791e-06
7.4515878e-06
7.7235793e-06
8.0039567e-06
8.2896722e-06
8.5823856e-06
8.8786386e-06
9.1793498e-06
9.4834019e-06
9.7909497e-06
1.0099986e-05
1.0410402e-05
1.0722479e-05
1.1037377e-05
1.1351137e-05
1.1663106e-05
1.1977176e-05
1.2287834e-05
1.2601787e-05
1.2911679e-05
1.3221986e-05
1.3528153e-05
1.3836631e-05
1.4143567e-05
1.445747e-05
1.4764045e-05
1.5075662e-05
1.5386611e-05
1.5701994e-05
1.601673e-05
1.6337156e-05
1.6658957e-05
1.6986119e-05
1.7317403e-05
1.7653299e-05
1.7994782e-05
1.8339932e-05
1.8690155e-05
1.9042914e-05
1.9401468e-05
1.9760887e-05
2.0126016e-05
2.049045e-05
2.0860263e-05
2.1228774e-05
2.1603628e-05
2.1977252e-05
2.2353687e-05
2.2728718e-05
2.3103204e-05
2.3475168e-05
2.384359e-05
2.420971e-05
2.4570088e-05
2.4927216e-05
2.5275712e-05
2.5621312e-05
2.5954571e-05
2.6285981e-05
2.6599803e-05
2.6913492e-05
2.7205073e-05
2.7501922e-05
2.7767664e-05
2.8043835e-05
2.8278236e-05
2.8531896e-05
2.8730984e-05
2.8961811e-05
2.9122143e-05
2.9330903e-05
2.9451444e-05
2.9642669e-05
2.9719975e-05
2.989331e-05
2.9924062e-05
3.0081556e-05
3.0065017e-05
3.0208327e-05
3.0145136e-05
3.0273763e-05
3.0168309e-05
3.0276124e-05
3.014423e-05
3.0209523e-05
3.0094505e-05
3.0063808e-05
2.9455243e-05
2.0858931e-06
2.971241e-06
3.9652219e-06
5.04231e-06
6.0158269e-06
6.6876707e-06
7.0129371e-06
7.0813466e-06
6.9901716e-06
6.8270866e-06
6.6342818e-06
6.4329625e-06
6.2187599e-06
5.9998895e-06
5.7763439e-06
5.5518527e-06
5.3334133e-06
5.1192784e-06
4.9210848e-06
4.7292049e-06
4.5586653e-06
4.3966673e-06
4.2571813e-06
4.1274277e-06
4.019291e-06
3.9205367e-06
3.8412073e-06
3.7703194e-06
3.7161088e-06
3.6687725e-06
3.6340118e-06
3.6054779e-06
3.5889e-06
3.5749983e-06
3.5728802e-06
3.5712885e-06
3.5804543e-06
3.5893337e-06
3.6072985e-06
3.6244504e-06
3.6502576e-06
3.6743242e-06
3.706212e-06
3.7366979e-06
3.7738595e-06
3.8100202e-06
3.8531522e-06
3.895159e-06
3.9434168e-06
3.9931254e-06
4.0479354e-06
4.1053668e-06
4.1686424e-06
4.2376331e-06
4.310761e-06
4.3936372e-06
4.4804215e-06
4.5786863e-06
4.6824843e-06
4.7991296e-06
4.9221233e-06
5.0593399e-06
5.20388e-06
5.3625643e-06
5.5303102e-06
5.7123084e-06
5.9030193e-06
6.1075754e-06
6.3186257e-06
6.543346e-06
6.7751574e-06
7.0176196e-06
7.2675553e-06
7.5278226e-06
7.7946819e-06
8.0700337e-06
8.3510268e-06
8.6391282e-06
8.931054e-06
9.2275519e-06
9.5275964e-06
9.8312369e-06
1.0136611e-05
1.0443424e-05
1.0752093e-05
1.1063638e-05
1.1374309e-05
1.168319e-05
1.1994391e-05
1.2302229e-05
1.2613343e-05
1.2920744e-05
1.3228398e-05
1.3532072e-05
1.383783e-05
1.4142104e-05
1.4453305e-05
1.4757502e-05
1.5066267e-05
1.5374686e-05
1.5687263e-05
1.5999354e-05
1.6316934e-05
1.6636056e-05
1.6960297e-05
1.7288832e-05
1.7621894e-05
1.7960675e-05
1.8303199e-05
1.8650907e-05
1.9001214e-05
1.9357421e-05
1.9714638e-05
2.0077627e-05
2.0440121e-05
2.0807992e-05
2.1174826e-05
2.1547917e-05
2.1920177e-05
2.2295183e-05
2.26692e-05
2.3042736e-05
2.3414047e-05
2.3782004e-05
2.4147866e-05
2.4508103e-05
2.4865375e-05
2.521408e-05
2.5560224e-05
2.5894037e-05
2.6226417e-05
2.6541179e-05
2.6856269e-05
2.7149055e-05
2.7447722e-05
2.7715019e-05
2.7993487e-05
2.8229738e-05
2.8486151e-05
2.8687273e-05
2.8921254e-05
2.9083708e-05
2.9295985e-05
2.9418648e-05
2.9613871e-05
2.969326e-05
2.9870972e-05
2.9903649e-05
3.0065867e-05
3.0051031e-05
3.0199339e-05
3.0137642e-05
3.0271377e-05
3.016734e-05
3.0279939e-05
3.014991e-05
3.0218816e-05
3.0107033e-05
3.0078275e-05
2.9475168e-05
2.358314e-06
3.2279119e-06
4.2025513e-06
5.2563393e-06
6.2511915e-06
6.9984906e-06
7.4242782e-06
7.5853706e-06
7.5651976e-06
7.4510085e-06
7.2904571e-06
7.1131313e-06
6.9177383e-06
6.7131897e-06
6.4989807e-06
6.2779374e-06
6.0574218e-06
5.8350984e-06
5.6244104e-06
5.4148644e-06
5.2244466e-06
5.0390799e-06
4.875818e-06
4.7205652e-06
4.5879498e-06
4.4642282e-06
4.3618822e-06
4.2683138e-06
4.1933589e-06
4.1258964e-06
4.0752886e-06
4.0301004e-06
3.9973076e-06
3.9696501e-06
3.9547018e-06
3.9411772e-06
3.9396693e-06
3.9382095e-06
3.947088e-06
3.9553531e-06
3.9733015e-06
3.989375e-06
4.0142895e-06
4.0374798e-06
4.0681919e-06
4.097611e-06
4.1347518e-06
4.1702935e-06
4.2127456e-06
4.2562442e-06
4.3052786e-06
4.3565807e-06
4.4140726e-06
4.476879e-06
4.5441047e-06
4.6207398e-06
4.7013727e-06
4.7932332e-06
4.8906464e-06
5.0007111e-06
5.1170942e-06
5.2475344e-06
5.3852808e-06
5.537016e-06
5.6979307e-06
5.8728854e-06
6.056751e-06
6.2542873e-06
6.4585991e-06
6.6764414e-06
6.901717e-06
7.1375668e-06
7.3812343e-06
7.6353017e-06
7.8962999e-06
8.1659131e-06
8.4415035e-06
8.7243307e-06
9.0113006e-06
9.3029823e-06
9.5984353e-06
9.8976042e-06
1.0198787e-05
1.0501479e-05
1.0806279e-05
1.1113958e-05
1.1421085e-05
1.1726453e-05
1.2034367e-05
1.2338991e-05
1.2646867e-05
1.2951416e-05
1.3256059e-05
1.35569e-05
1.3859587e-05
1.4160855e-05
1.4469007e-05
1.4770521e-05
1.5076099e-05
1.5381672e-05
1.5691124e-05
1.600026e-05
1.6314675e-05
1.6630814e-05
1.695182e-05
1.7277302e-05
1.7607226e-05
1.7943009e-05
1.8282617e-05
1.8627532e-05
1.8975115e-05
1.9328711e-05
1.9683468e-05
2.0044065e-05
2.0404378e-05
2.0770065e-05
2.1134992e-05
2.1506084e-05
2.1876759e-05
2.2250115e-05
2.2622906e-05
2.2995284e-05
2.3365741e-05
2.3733035e-05
2.4098454e-05
2.4458353e-05
2.4815588e-05
2.5164307e-05
2.5510816e-05
2.5844991e-05
2.6178169e-05
2.6493674e-05
2.6810002e-05
2.7103788e-05
2.7404113e-05
2.7672755e-05
2.7953366e-05
2.8191252e-05
2.8450284e-05
2.8653215e-05
2.8890221e-05
2.9054577e-05
2.9270275e-05
2.9394815e-05
2.9593941e-05
2.9675176e-05
2.9857211e-05
2.9891581e-05
3.0058502e-05
3.004512e-05
3.01984e-05
3.0137935e-05
3.0276788e-05
3.0173929e-05
3.0291342e-05
3.0162983e-05
3.0235506e-05
3.0126816e-05
3.0099988e-05
2.9503615e-05
2.6677104e-06
3.5168787e-06
4.4743634e-06
5.5032916e-06
6.510272e-06
7.3242714e-06
7.851057e-06
8.1151053e-06
8.1819916e-06
8.1331621e-06
8.0204874e-06
7.8797928e-06
7.7142277e-06
7.5339313e-06
7.3381947e-06
7.1289316e-06
6.9138235e-06
6.6896877e-06
6.4716858e-06
6.248221e-06
6.04045e-06
5.8327532e-06
5.6456758e-06
5.4636097e-06
5.3044286e-06
5.1526577e-06
5.0238878e-06
4.9035234e-06
4.8038857e-06
4.7121013e-06
4.6395951e-06
4.5725293e-06
4.5228701e-06
4.4766471e-06
4.4439272e-06
4.4152449e-06
4.3992632e-06
4.3841888e-06
4.3807335e-06
4.3772204e-06
4.3845595e-06
4.3899181e-06
4.4054542e-06
4.4189043e-06
4.440971e-06
4.461488e-06
4.4906795e-06
4.5177717e-06
4.5526363e-06
4.588122e-06
4.6297193e-06
4.6732365e-06
4.7234161e-06
4.7784838e-06
4.8383945e-06
4.9073596e-06
4.9805061e-06
5.0646371e-06
5.1544214e-06
5.256677e-06
5.3652284e-06
5.4878681e-06
5.6176604e-06
5.7613716e-06
5.9144213e-06
6.0812958e-06
6.2573068e-06
6.4468115e-06
6.6433994e-06
6.853379e-06
7.0711561e-06
7.2994375e-06
7.5359069e-06
7.7828621e-06
8.0371189e-06
8.3001314e-06
8.5694936e-06
8.8462393e-06
9.1274828e-06
9.4136046e-06
9.7037422e-06
9.997738e-06
1.0294066e-05
1.0592017e-05
1.0892328e-05
1.1195478e-05
1.1498517e-05
1.1799813e-05
1.2103904e-05
1.2404806e-05
1.270893e-05
1.3010157e-05
1.3311323e-05
1.3608885e-05
1.3908051e-05
1.4205864e-05
1.4510519e-05
1.4808947e-05
1.5110907e-05
1.5413223e-05
1.5719136e-05
1.6024914e-05
1.6335755e-05
1.6648521e-05
1.6965893e-05
1.7287933e-05
1.7614333e-05
1.794674e-05
1.8283067e-05
1.8624835e-05
1.896935e-05
1.9319999e-05
1.9671975e-05
2.0029861e-05
2.0387692e-05
2.0750895e-05
2.111363e-05
2.1482432e-05
2.1851253e-05
2.2222687e-05
2.2593997e-05
2.2964966e-05
2.3334331e-05
2.3700724e-05
2.4065483e-05
2.4424816e-05
2.47818e-05
2.5130309e-05
2.547698e-05
2.5811295e-05
2.6145079e-05
2.6461106e-05
2.6778487e-05
2.7073045e-05
2.7374848e-05
2.7644596e-05
2.7927182e-05
2.8166459e-05
2.8427948e-05
2.8632437e-05
2.8872318e-05
2.9038316e-05
2.9257305e-05
2.9383437e-05
2.9586337e-05
2.9669133e-05
2.9855402e-05
2.989116e-05
3.00627e-05
3.0050463e-05
3.0208665e-05
3.014913e-05
3.0293078e-05
3.0191107e-05
3.0313282e-05
3.018629e-05
3.0262367e-05
3.0156512e-05
3.0131556e-05
2.9543247e-05
3.0183724e-06
3.843723e-06
4.7830866e-06
5.7875189e-06
6.7980501e-06
7.667685e-06
8.2914944e-06
8.6648961e-06
8.8320887e-06
8.8664163e-06
8.818174e-06
8.7292672e-06
8.6068943e-06
8.4631519e-06
8.2974934e-06
8.1109143e-06
7.9114234e-06
7.6947154e-06
7.4774743e-06
7.2467393e-06
7.026938e-06
6.800586e-06
6.5920494e-06
6.3839736e-06
6.1979408e-06
6.0164766e-06
5.8589933e-06
5.7084859e-06
5.5805537e-06
5.4600745e-06
5.3613407e-06
5.2681311e-06
5.1948477e-06
5.1245577e-06
5.0737725e-06
5.0246642e-06
4.9885306e-06
4.9563283e-06
4.936044e-06
4.917254e-06
4.9104214e-06
4.9014166e-06
4.9044277e-06
4.9048442e-06
4.9152745e-06
4.9240057e-06
4.9425838e-06
4.9585291e-06
4.9833868e-06
5.0084126e-06
5.0403085e-06
5.0737971e-06
5.1145864e-06
5.1598114e-06
5.2104984e-06
5.2698717e-06
5.3337389e-06
5.4083748e-06
5.4888793e-06
5.581706e-06
5.6808929e-06
5.794272e-06
5.9146392e-06
6.0490665e-06
6.1928945e-06
6.3503999e-06
6.5173072e-06
6.6975398e-06
6.8852005e-06
7.086122e-06
7.2952316e-06
7.514788e-06
7.7429323e-06
7.9816708e-06
8.2281164e-06
8.4834777e-06
8.745598e-06
9.0152676e-06
9.2898352e-06
9.5694757e-06
9.8533972e-06
1.0141345e-05
1.0431983e-05
1.0724417e-05
1.1019386e-05
1.1317242e-05
1.1615475e-05
1.1911979e-05
1.2211553e-05
1.2508074e-05
1.2807779e-05
1.3105068e-05
1.3402144e-05
1.3695842e-05
1.3990894e-05
1.428467e-05
1.4585238e-05
1.4880044e-05
1.5177825e-05
1.5476343e-05
1.5778175e-05
1.6080068e-05
1.6386803e-05
1.6695683e-05
1.7008904e-05
1.7326993e-05
1.764937e-05
1.7977909e-05
1.8310478e-05
1.8648638e-05
1.898964e-05
1.9336906e-05
1.9685682e-05
2.0040446e-05
2.0395406e-05
2.0755736e-05
2.1115914e-05
2.1482055e-05
2.1848676e-05
2.2217846e-05
2.258735e-05
2.2956594e-05
2.3324568e-05
2.3689764e-05
2.405359e-05
2.441208e-05
2.4768555e-05
2.5116584e-05
2.5463172e-05
2.5797365e-05
2.6131526e-05
2.6447816e-05
2.6766038e-05
2.7061107e-05
2.7364178e-05
2.7634765e-05
2.7919132e-05
2.8159527e-05
2.8423289e-05
2.8629055e-05
2.8871641e-05
2.9038989e-05
2.9261112e-05
2.9388523e-05
2.9595045e-05
2.9679077e-05
2.9869459e-05
2.9906256e-05
3.0082301e-05
3.0070854e-05
3.0233897e-05
3.0174938e-05
3.0323891e-05
3.0222438e-05
3.0349298e-05
3.0223336e-05
3.0302872e-05
3.0199554e-05
3.0176378e-05
2.9597607e-05
3.4143425e-06
4.2144564e-06
5.1317901e-06
6.1135148e-06
7.1201939e-06
8.0330564e-06
8.7456849e-06
9.229871e-06
9.5082366e-06
9.6394667e-06
9.6739384e-06
9.6536042e-06
9.5896609e-06
9.4968371e-06
9.3752181e-06
9.2247466e-06
9.053897e-06
8.8569451e-06
8.6517872e-06
8.4238236e-06
8.2007436e-06
7.9627843e-06
7.7383677e-06
7.5081022e-06
7.2976765e-06
7.0872663e-06
6.9008564e-06
6.7185636e-06
6.5600259e-06
6.40746e-06
6.2788132e-06
6.1549047e-06
6.0536952e-06
5.9550326e-06
5.8786341e-06
5.8027992e-06
5.7472278e-06
5.6920585e-06
5.6481528e-06
5.6104401e-06
5.5852266e-06
5.5568915e-06
5.5435922e-06
5.5266031e-06
5.5213692e-06
5.5146109e-06
5.5190082e-06
5.5201772e-06
5.531798e-06
5.5430624e-06
5.5621817e-06
5.5826097e-06
5.611176e-06
5.6436972e-06
5.6825647e-06
5.7297353e-06
5.781884e-06
5.8446365e-06
5.9136255e-06
5.9948502e-06
6.0826235e-06
6.1847952e-06
6.2938618e-06
6.4172321e-06
6.5501112e-06
6.6966824e-06
6.8528536e-06
7.0222539e-06
7.1994849e-06
7.3898656e-06
7.5888623e-06
7.7982722e-06
8.0167064e-06
8.2458747e-06
8.4831931e-06
8.7296141e-06
8.983242e-06
9.2446044e-06
9.5113154e-06
9.7833223e-06
1.0059893e-05
1.0340702e-05
1.0624651e-05
1.091046e-05
1.119908e-05
1.1490666e-05
1.1783157e-05
1.207394e-05
1.2368097e-05
1.2659378e-05
1.2953797e-05
1.3246336e-05
1.3538521e-05
1.3827582e-05
1.4117743e-05
1.4406711e-05
1.4702418e-05
1.4992892e-05
1.5285755e-05
1.5579759e-05
1.5876798e-05
1.617411e-05
1.6476037e-05
1.6780356e-05
1.7088744e-05
1.7402216e-05
1.771991e-05
1.8043936e-05
1.837212e-05
1.8706065e-05
1.9042964e-05
1.9386273e-05
1.9731296e-05
2.0082395e-05
2.0433968e-05
2.0790916e-05
2.1148053e-05
2.1511048e-05
2.1875014e-05
2.2241472e-05
2.2608746e-05
2.2975854e-05
2.3342044e-05
2.3705663e-05
2.4068203e-05
2.4425493e-05
2.4781129e-05
2.5128338e-05
2.5474534e-05
2.5808282e-05
2.6142536e-05
2.6458775e-05
2.6777574e-05
2.7072843e-05
2.7376931e-05
2.7648046e-05
2.7933964e-05
2.8175163e-05
2.8440984e-05
2.864771e-05
2.8892805e-05
2.9061174e-05
2.928625e-05
2.9414593e-05
2.9624564e-05
2.9709469e-05
2.9903816e-05
2.9941272e-05
3.0121692e-05
3.0110637e-05
3.0278412e-05
3.0219627e-05
3.0373472e-05
3.0272123e-05
3.0403555e-05
3.0278248e-05
3.0361105e-05
3.0259959e-05
3.0238422e-05
2.9670612e-05
3.8595309e-06
4.6345172e-06
5.5247931e-06
6.4859927e-06
7.4828437e-06
8.4262799e-06
9.2160612e-06
9.8071838e-06
1.02023e-05
1.0443544e-05
1.0575005e-05
1.0638929e-05
1.065213e-05
1.0625503e-05
1.0563814e-05
1.046498e-05
1.0338399e-05
1.0176535e-05
9.9980991e-06
9.7865703e-06
9.5728268e-06
9.334244e-06
9.1034764e-06
8.858691e-06
8.6300261e-06
8.3948096e-06
8.1824045e-06
7.969459e-06
7.7804085e-06
7.5943733e-06
7.4338338e-06
7.2759764e-06
7.1433628e-06
7.0119186e-06
6.9056008e-06
6.7987786e-06
6.7151524e-06
6.6296166e-06
6.5647052e-06
6.5000843e-06
6.4531505e-06
6.3978014e-06
6.3646857e-06
6.3245953e-06
6.2982815e-06
6.2716555e-06
6.2572884e-06
6.238839e-06
6.2331025e-06
6.2262382e-06
6.2284616e-06
6.2318177e-06
6.2443343e-06
6.2602831e-06
6.2838204e-06
6.3152446e-06
6.3523423e-06
6.399964e-06
6.454378e-06
6.521049e-06
6.5946187e-06
6.6829489e-06
6.7781901e-06
6.8881267e-06
7.0078061e-06
7.1412792e-06
7.2846614e-06
7.4411898e-06
7.6060701e-06
7.7840346e-06
7.9710762e-06
8.1685555e-06
8.3755466e-06
8.593459e-06
8.8200115e-06
9.0558876e-06
9.2994658e-06
9.5509828e-06
9.8083618e-06
1.0071289e-05
1.0339117e-05
1.0611437e-05
1.0887237e-05
1.1165142e-05
1.1446143e-05
1.1730188e-05
1.2015729e-05
1.2299595e-05
1.2587165e-05
1.2872088e-05
1.316009e-05
1.3446813e-05
1.3733051e-05
1.4016459e-05
1.4300707e-05
1.4583857e-05
1.4873683e-05
1.5158879e-05
1.5445851e-05
1.5734393e-05
1.6025698e-05
1.6317508e-05
1.6613701e-05
1.6912564e-05
1.7215224e-05
1.7523196e-05
1.783534e-05
1.8153999e-05
1.8476966e-05
1.880589e-05
1.9137906e-05
1.9476492e-05
1.9817026e-05
2.0163738e-05
2.0511236e-05
2.0864124e-05
2.1217573e-05
2.157678e-05
2.1937484e-05
2.2300636e-05
2.2665112e-05
2.3029538e-05
2.3393423e-05
2.3754958e-05
2.4115742e-05
2.4471363e-05
2.4825725e-05
2.5171671e-05
2.5517073e-05
2.5849956e-05
2.6183935e-05
2.6499727e-05
2.6818765e-05
2.7113849e-05
2.7418636e-05
2.7689901e-05
2.7977085e-05
2.8218714e-05
2.8486328e-05
2.8693643e-05
2.8941009e-05
2.9110022e-05
2.9337836e-05
2.9466716e-05
2.9679936e-05
2.9765303e-05
2.9963439e-05
3.0001133e-05
3.0185778e-05
3.0174678e-05
3.0347053e-05
3.0287994e-05
3.0446599e-05
3.0344914e-05
3.0480773e-05
3.0355708e-05
3.0441703e-05
3.0342341e-05
3.0322266e-05
2.976682e-05
4.357128e-06
5.1085646e-06
5.9682566e-06
6.9098212e-06
7.892417e-06
8.854553e-06
9.7075609e-06
1.0396855e-05
1.0908654e-05
1.1267817e-05
1.1509246e-05
1.1672971e-05
1.1775279e-05
1.1833595e-05
1.1850043e-05
1.1819362e-05
1.175478e-05
1.1645819e-05
1.1511728e-05
1.1333748e-05
1.1145908e-05
1.0921842e-05
1.0698685e-05
1.0451503e-05
1.0215263e-05
9.9636637e-06
9.7323834e-06
9.4937777e-06
9.2778812e-06
9.060182e-06
8.8686577e-06
8.6760764e-06
8.5106507e-06
8.3436842e-06
8.204469e-06
8.0624528e-06
7.9471545e-06
7.8280651e-06
7.7328868e-06
7.635794e-06
7.5586451e-06
7.4793852e-06
7.4201595e-06
7.3497955e-06
7.2945498e-06
7.2438576e-06
7.2054701e-06
7.1607745e-06
7.1329514e-06
7.1023898e-06
7.0822966e-06
7.0635267e-06
7.0549673e-06
7.0492018e-06
7.0527731e-06
7.0637199e-06
7.0812473e-06
7.1093605e-06
7.1450207e-06
7.1931255e-06
7.2486761e-06
7.3195742e-06
7.3975381e-06
7.490814e-06
7.5942461e-06
7.7116982e-06
7.8395109e-06
7.9804921e-06
8.130488e-06
8.2935764e-06
8.4662888e-06
8.6495429e-06
8.8429097e-06
9.047388e-06
9.2611019e-06
9.4844034e-06
9.7159645e-06
9.9557507e-06
1.0201915e-05
1.0453857e-05
1.0711165e-05
1.0973238e-05
1.1239188e-05
1.1507498e-05
1.177924e-05
1.2054112e-05
1.2331139e-05
1.2606542e-05
1.2886009e-05
1.3163119e-05
1.3443234e-05
1.3722742e-05
1.400165e-05
1.4278063e-05
1.4555055e-05
1.4831058e-05
1.5113662e-05
1.5392328e-05
1.5672129e-05
1.5953957e-05
1.6238285e-05
1.6523375e-05
1.6812614e-05
1.7104838e-05
1.7400586e-05
1.7701893e-05
1.8007342e-05
1.8319505e-05
1.8636155e-05
1.8958988e-05
1.9285079e-05
1.9617928e-05
1.995299e-05
2.0294355e-05
2.0636857e-05
2.0984779e-05
2.1333675e-05
2.1688236e-05
2.2044864e-05
2.2403915e-05
2.2764833e-05
2.3125844e-05
2.3486724e-05
2.3845496e-05
2.420389e-05
2.4557216e-05
2.4909719e-05
2.5253814e-05
2.5597885e-05
2.5929353e-05
2.6262565e-05
2.6577392e-05
2.6896223e-05
2.7190627e-05
2.7495699e-05
2.7766637e-05
2.8054713e-05
2.829631e-05
2.8565378e-05
2.877283e-05
2.9022166e-05
2.9191371e-05
2.9421652e-05
2.9550607e-05
2.9766829e-05
2.9852186e-05
3.0053893e-05
3.009135e-05
3.0280035e-05
3.0268402e-05
3.0445211e-05
3.038538e-05
3.0548587e-05
3.0446088e-05
3.058619e-05
3.0460925e-05
3.0549826e-05
3.0451843e-05
3.043302e-05
2.9891336e-05
4.9101465e-06
5.6408547e-06
6.470497e-06
7.388777e-06
8.355499e-06
9.3260038e-06
1.0227463e-05
1.1002266e-05
1.162501e-05
1.2104333e-05
1.2464262e-05
1.2739698e-05
1.2946556e-05
1.3103322e-05
1.3210697e-05
1.3269522e-05
1.3285828e-05
1.3248937e-05
1.3178999e-05
1.3054475e-05
1.291264e-05
1.272209e-05
1.2525013e-05
1.2292194e-05
1.2064064e-05
1.1809386e-05
1.157139e-05
1.1316893e-05
1.1082486e-05
1.0839254e-05
1.0621772e-05
1.039741e-05
1.0201141e-05
9.9988732e-06
9.8264545e-06
9.6472478e-06
9.4981818e-06
9.3418956e-06
9.2128345e-06
9.07875e-06
8.9683931e-06
8.8528223e-06
8.7579373e-06
8.6576331e-06
8.5748009e-06
8.4901834e-06
8.4243434e-06
8.3427716e-06
8.2888703e-06
8.2280772e-06
8.1784073e-06
8.1317964e-06
8.0959472e-06
8.0617889e-06
8.0395357e-06
8.0239537e-06
8.0158987e-06
8.0187662e-06
8.030065e-06
8.0542229e-06
8.0865987e-06
8.1352118e-06
8.1911839e-06
8.2634071e-06
8.3464257e-06
8.4438782e-06
8.5523501e-06
8.6741602e-06
8.8058597e-06
8.9507847e-06
9.1060135e-06
9.2720206e-06
9.4488565e-06
9.6371299e-06
9.8353242e-06
1.0043438e-05
1.026045e-05
1.048601e-05
1.0718567e-05
1.095719e-05
1.1201677e-05
1.1451243e-05
1.1705151e-05
1.1961698e-05
1.2222074e-05
1.2485673e-05
1.2752161e-05
1.3017099e-05
1.3286488e-05
1.3553889e-05
1.3824199e-05
1.4094657e-05
1.4364424e-05
1.4632084e-05
1.4900062e-05
1.5167179e-05
1.5440799e-05
1.5711277e-05
1.5982226e-05
1.6255689e-05
1.6531403e-05
1.6808169e-05
1.708885e-05
1.737287e-05
1.7660152e-05
1.795326e-05
1.8250501e-05
1.8554681e-05
1.886356e-05
1.9178885e-05
1.9497675e-05
1.9823437e-05
2.0151724e-05
2.0486462e-05
2.0822741e-05
2.1164491e-05
2.1507678e-05
2.1856452e-05
2.2207913e-05
2.25618e-05
2.2918139e-05
2.3274754e-05
2.3631685e-05
2.3986782e-05
2.434193e-05
2.4692121e-05
2.5041977e-05
2.5383435e-05
2.5725448e-05
2.6054767e-05
2.638655e-05
2.6699729e-05
2.7017749e-05
2.7310826e-05
2.761563e-05
2.7885626e-05
2.8174094e-05
2.8415072e-05
2.8685142e-05
2.8892165e-05
2.914307e-05
2.9311915e-05
2.9544308e-05
2.9672778e-05
2.989168e-05
2.9976466e-05
3.0181464e-05
3.0218125e-05
3.0410609e-05
3.0397885e-05
3.057891e-05
3.0517749e-05
3.0685349e-05
3.0581506e-05
3.0725616e-05
3.0599677e-05
3.0691187e-05
3.059415e-05
3.0576326e-05
3.0049769e-05
5.521668e-06
6.2352106e-06
7.0386857e-06
7.9280525e-06
8.8789292e-06
9.8493214e-06
1.0784946e-05
1.1630179e-05
1.2353219e-05
1.2949031e-05
1.3430478e-05
1.3825267e-05
1.4147566e-05
1.4415254e-05
1.462939e-05
1.4790054e-05
1.4903726e-05
1.4963419e-05
1.4977671e-05
1.4928068e-05
1.4855131e-05
1.4719474e-05
1.4571305e-05
1.437363e-05
1.4174432e-05
1.3934942e-05
1.3707897e-05
1.3452584e-05
1.3213507e-05
1.2956093e-05
1.2722896e-05
1.2474548e-05
1.2254047e-05
1.202097e-05
1.1819045e-05
1.1604243e-05
1.1422573e-05
1.12283e-05
1.1064384e-05
1.0890715e-05
1.074464e-05
1.0589236e-05
1.0458199e-05
1.0318775e-05
1.0200718e-05
1.0075528e-05
9.9712396e-06
9.8593478e-06
9.7699115e-06
9.6735903e-06
9.5827708e-06
9.5034885e-06
9.433805e-06
9.362593e-06
9.3076119e-06
9.2584345e-06
9.2170041e-06
9.18749e-06
9.1671716e-06
9.1603736e-06
9.162835e-06
9.1827963e-06
9.2104486e-06
9.2557394e-06
9.3127085e-06
9.3847727e-06
9.4687749e-06
9.5664891e-06
9.6752618e-06
9.797576e-06
9.9310654e-06
1.0075776e-05
1.0232227e-05
1.0400613e-05
1.057976e-05
1.0769267e-05
1.0968415e-05
1.1176517e-05
1.1392347e-05
1.1614616e-05
1.18433e-05
1.2077441e-05
1.2316477e-05
1.2558459e-05
1.2804741e-05
1.3054352e-05
1.3307669e-05
1.3559547e-05
1.3816293e-05
1.4071511e-05
1.4329521e-05
1.4588529e-05
1.4846781e-05
1.5103379e-05
1.5360038e-05
1.5615992e-05
1.5878327e-05
1.6138436e-05
1.6398334e-05
1.6661266e-05
1.692622e-05
1.7192554e-05
1.746257e-05
1.7736334e-05
1.801311e-05
1.8296004e-05
1.8583055e-05
1.8877296e-05
1.9176491e-05
1.9482443e-05
1.9792113e-05
2.0109008e-05
2.0428795e-05
2.0755214e-05
2.1083642e-05
2.1417621e-05
2.1753564e-05
2.2095035e-05
2.2439877e-05
2.2787186e-05
2.3137584e-05
2.348849e-05
2.3840213e-05
2.4190412e-05
2.4541162e-05
2.4887091e-05
2.5233239e-05
2.5571009e-05
2.5909987e-05
2.6236177e-05
2.6565637e-05
2.6876256e-05
2.7192654e-05
2.7483549e-05
2.7787337e-05
2.8055585e-05
2.8343771e-05
2.8583368e-05
2.8853835e-05
2.9059703e-05
2.9311636e-05
2.9479422e-05
2.9713448e-05
2.9840741e-05
3.0061889e-05
3.0145423e-05
3.0353334e-05
3.0388532e-05
3.0584485e-05
3.0570013e-05
3.0754959e-05
3.0691819e-05
3.0863532e-05
3.0757738e-05
3.0905546e-05
3.0778403e-05
3.0872142e-05
3.0775577e-05
3.0758442e-05
3.0248296e-05
6.194989e-06
6.8961607e-06
7.675815e-06
8.5372217e-06
9.4685365e-06
1.0433484e-05
1.1390512e-05
1.2290316e-05
1.3099496e-05
1.3802771e-05
1.4402922e-05
1.4919446e-05
1.5363388e-05
1.5750926e-05
1.6082745e-05
1.6358754e-05
1.6586569e-05
1.6752756e-05
1.6875904e-05
1.6926162e-05
1.694476e-05
1.688743e-05
1.6813532e-05
1.6674706e-05
1.6529982e-05
1.6327789e-05
1.6134969e-05
1.5899135e-05
1.5675097e-05
1.5420484e-05
1.5187803e-05
1.4928901e-05
1.4696447e-05
1.4442422e-05
1.4219929e-05
1.3975982e-05
1.3767557e-05
1.3538746e-05
1.3343026e-05
1.3130755e-05
1.2949776e-05
1.2753404e-05
1.2584996e-05
1.2403326e-05
1.2246862e-05
1.2077866e-05
1.1934047e-05
1.1778494e-05
1.1644606e-05
1.1503506e-05
1.1380202e-05
1.1255899e-05
1.1149573e-05
1.1028945e-05
1.0933795e-05
1.0844573e-05
1.0759891e-05
1.0689732e-05
1.0629001e-05
1.0582471e-05
1.0546713e-05
1.0530125e-05
1.0521254e-05
1.0532044e-05
1.0555577e-05
1.0595138e-05
1.0647827e-05
1.0714848e-05
1.0794465e-05
1.0888176e-05
1.0994184e-05
1.1112154e-05
1.1243056e-05
1.1386636e-05
1.1542047e-05
1.1708416e-05
1.1885316e-05
1.2071689e-05
1.2266683e-05
1.2468618e-05
1.2677611e-05
1.2892526e-05
1.3112996e-05
1.3336765e-05
1.3565406e-05
1.3797502e-05
1.403422e-05
1.4269666e-05
1.4510423e-05
1.4750236e-05
1.4992695e-05
1.5237113e-05
1.548075e-05
1.5723269e-05
1.5965601e-05
1.6207423e-05
1.6455466e-05
1.6702342e-05
1.6948316e-05
1.7197885e-05
1.7449278e-05
1.7702429e-05
1.7959036e-05
1.8219858e-05
1.8483466e-05
1.8753516e-05
1.9027787e-05
1.9309532e-05
1.9596542e-05
1.9890674e-05
2.0188843e-05
2.0494533e-05
2.0803553e-05
2.1119431e-05
2.1437863e-05
2.1761965e-05
2.2088636e-05
2.2420809e-05
2.2757111e-05
2.3095974e-05
2.3438624e-05
2.3782081e-05
2.4126919e-05
2.4470595e-05
2.481541e-05
2.5155577e-05
2.5496596e-05
2.5829279e-05
2.6163911e-05
2.6485671e-05
2.6811604e-05
2.7118456e-05
2.7432135e-05
2.7719719e-05
2.8021485e-05
2.8286925e-05
2.857392e-05
2.8811142e-05
2.9081184e-05
2.9284959e-05
2.9537189e-05
2.9703022e-05
2.9938029e-05
3.0063275e-05
3.0286078e-05
3.0367513e-05
3.0577818e-05
3.0610737e-05
3.0809704e-05
3.0792693e-05
3.0981147e-05
3.0915264e-05
3.1090697e-05
3.0982246e-05
3.1133331e-05
3.1004377e-05
3.1099854e-05
3.1003212e-05
3.0986388e-05
3.0493797e-05
6.9340528e-06
7.6277974e-06
8.3853424e-06
9.2242953e-06
1.0131312e-05
1.1087736e-05
1.2055434e-05
1.2994645e-05
1.387404e-05
1.4671666e-05
1.5382381e-05
1.6017494e-05
1.6584006e-05
1.7095507e-05
1.7551432e-05
1.7952581e-05
1.8305857e-05
1.8595489e-05
1.8839634e-05
1.9006458e-05
1.914374e-05
1.9189992e-05
1.9215564e-05
1.9161529e-05
1.9099135e-05
1.8959533e-05
1.8828766e-05
1.8636483e-05
1.8453018e-05
1.822353e-05
1.8013768e-05
1.7763587e-05
1.7537679e-05
1.7278579e-05
1.7050618e-05
1.6789794e-05
1.6566306e-05
1.6311844e-05
1.6092693e-05
1.5847749e-05
1.5637476e-05
1.5403351e-05
1.520055e-05
1.4977377e-05
1.478296e-05
1.4569187e-05
1.4384343e-05
1.418202e-05
1.4003717e-05
1.3814227e-05
1.3644378e-05
1.3467993e-05
1.3309224e-05
1.3151347e-05
1.3006573e-05
1.2874136e-05
1.2734146e-05
1.2613772e-05
1.2503333e-05
1.2406384e-05
1.2323107e-05
1.2261198e-05
1.2205539e-05
1.2172779e-05
1.2153681e-05
1.2151802e-05
1.2164371e-05
1.2192193e-05
1.2234527e-05
1.2291756e-05
1.2362691e-05
1.2446711e-05
1.2545226e-05
1.2657485e-05
1.2782957e-05
1.2920188e-05
1.3069016e-05
1.3228008e-05
1.3396742e-05
1.3573108e-05
1.3757325e-05
1.3948023e-05
1.4145089e-05
1.4345884e-05
1.4552251e-05
1.4762239e-05
1.4977883e-05
1.5192508e-05
1.5412918e-05
1.5633125e-05
1.585581e-05
1.6081543e-05
1.6306525e-05
1.6531029e-05
1.6755122e-05
1.6978954e-05
1.7208801e-05
1.743871e-05
1.7667031e-05
1.7899553e-05
1.8133739e-05
1.837013e-05
1.8609762e-05
1.8854153e-05
1.9101143e-05
1.9354938e-05
1.961307e-05
1.9879006e-05
2.0150578e-05
2.0429707e-05
2.0713271e-05
2.1004712e-05
2.1300009e-05
2.1602444e-05
2.1908077e-05
2.2219552e-05
2.2534297e-05
2.2854562e-05
2.3179805e-05
2.3507772e-05
2.3840301e-05
2.4174019e-05
2.4509765e-05
2.4844776e-05
2.5181619e-05
2.5514042e-05
2.584805e-05
2.6173799e-05
2.6502344e-05
2.6817953e-05
2.7138757e-05
2.7440245e-05
2.7749742e-05
2.8032527e-05
2.8330927e-05
2.8592168e-05
2.8876751e-05
2.9110299e-05
2.9378814e-05
2.9579278e-05
2.9830814e-05
2.9993545e-05
3.0228649e-05
3.0350742e-05
3.0574395e-05
3.065267e-05
3.0864658e-05
3.0894285e-05
3.1095634e-05
3.1075115e-05
3.1266504e-05
3.1196956e-05
3.1375565e-05
3.1263614e-05
3.1417405e-05
3.1285923e-05
3.1382501e-05
3.1285124e-05
3.1268142e-05
3.0794044e-05
7.7438924e-06
8.4331243e-06
9.1730289e-06
9.9928776e-06
1.0879282e-05
1.1819562e-05
1.2791369e-05
1.3756585e-05
1.469021e-05
1.5566689e-05
1.6375722e-05
1.712128e-05
1.7806061e-05
1.8440242e-05
1.902203e-05
1.9552953e-05
2.0038203e-05
2.0461359e-05
2.0839066e-05
2.1140579e-05
2.1403845e-05
2.1580588e-05
2.1729293e-05
2.1790887e-05
2.1837155e-05
2.178718e-05
2.1748266e-05
2.1626514e-05
2.1513795e-05
2.1335354e-05
2.1176687e-05
2.0959743e-05
2.0764926e-05
2.0522551e-05
2.0310762e-05
2.0051535e-05
1.9831176e-05
1.9566164e-05
1.9338237e-05
1.9072504e-05
1.8844596e-05
1.8581516e-05
1.8352872e-05
1.8094165e-05
1.7867415e-05
1.7612362e-05
1.7389735e-05
1.714168e-05
1.6920407e-05
1.6680575e-05
1.6462971e-05
1.6232894e-05
1.6024653e-05
1.5807887e-05
1.5610734e-05
1.5413487e-05
1.5226212e-05
1.5066825e-05
1.489057e-05
1.4729648e-05
1.4589825e-05
1.4475503e-05
1.4359907e-05
1.4274351e-05
1.420181e-05
1.4148177e-05
1.4109912e-05
1.4088208e-05
1.4083211e-05
1.4094082e-05
1.412031e-05
1.4161197e-05
1.4218572e-05
1.429112e-05
1.4378636e-05
1.447894e-05
1.4592073e-05
1.4716333e-05
1.4851744e-05
1.4995695e-05
1.5148491e-05
1.5308471e-05
1.5475824e-05
1.5647449e-05
1.5825516e-05
1.6007435e-05
1.6196185e-05
1.6384301e-05
1.6578709e-05
1.6773859e-05
1.6971303e-05
1.7173035e-05
1.7374124e-05
1.7575512e-05
1.7776306e-05
1.7977168e-05
1.8183784e-05
1.8391885e-05
1.8597743e-05
1.8808466e-05
1.9020747e-05
1.9235762e-05
1.9453831e-05
1.967729e-05
1.9903218e-05
2.0136361e-05
2.0374031e-05
2.0619887e-05
2.0871834e-05
2.113186e-05
2.1396816e-05
2.1670078e-05
2.1947828e-05
2.223307e-05
2.2522271e-05
2.2817557e-05
2.3116933e-05
2.3421911e-05
2.3732822e-05
2.404671e-05
2.4366028e-05
2.4687024e-05
2.5010797e-05
2.5334346e-05
2.566055e-05
2.5982636e-05
2.6307163e-05
2.662356e-05
2.6943728e-05
2.7250934e-05
2.7564496e-05
2.7858529e-05
2.8161909e-05
2.843795e-05
2.8731205e-05
2.8986431e-05
2.9266979e-05
2.9495165e-05
2.9760681e-05
2.9956258e-05
3.0205772e-05
3.0363925e-05
3.0597931e-05
3.0715466e-05
3.0938883e-05
3.1012661e-05
3.122536e-05
3.1250433e-05
3.1453295e-05
3.1428073e-05
3.1621605e-05
3.1547268e-05
3.1728301e-05
3.1611836e-05
3.1767559e-05
3.1632683e-05
3.172954e-05
3.1630611e-05
3.1612894e-05
3.1157943e-05
8.6309881e-06
9.3160057e-06
1.004435e-05
1.0849311e-05
1.171745e-05
1.2642107e-05
1.3609555e-05
1.458997e-05
1.5563555e-05
1.6502738e-05
1.7395384e-05
1.8239444e-05
1.9033683e-05
1.9784109e-05
2.0488936e-05
2.1148611e-05
2.1767107e-05
2.2328081e-05
2.2846415e-05
2.3292638e-05
2.3697943e-05
2.4020471e-05
2.4306689e-05
2.4503794e-05
2.4683447e-05
2.4757065e-05
2.483865e-05
2.4815221e-05
2.4805873e-05
2.470677e-05
2.4630954e-05
2.4475118e-05
2.434118e-05
2.414228e-05
2.3974341e-05
2.3740933e-05
2.3548361e-05
2.3294237e-05
2.3078742e-05
2.2810486e-05
2.2583477e-05
2.2306517e-05
2.206714e-05
2.1785097e-05
2.1538022e-05
2.1250974e-05
2.0999951e-05
2.0712702e-05
2.0455235e-05
2.0168633e-05
1.9907208e-05
1.9625078e-05
1.9368578e-05
1.9093702e-05
1.8841892e-05
1.8582596e-05
1.8337391e-05
1.8099432e-05
1.786842e-05
1.7671985e-05
1.7449023e-05
1.72862e-05
1.7089086e-05
1.6945874e-05
1.6806987e-05
1.6691526e-05
1.6590276e-05
1.6507492e-05
1.6443707e-05
1.639668e-05
1.6366759e-05
1.6353531e-05
1.6359193e-05
1.6381782e-05
1.6421426e-05
1.6475106e-05
1.6543001e-05
1.6623272e-05
1.6716395e-05
1.6819214e-05
1.6932113e-05
1.7053067e-05
1.7182629e-05
1.7317148e-05
1.7459189e-05
1.7605408e-05
1.775979e-05
1.791411e-05
1.8075261e-05
1.8238358e-05
1.8403565e-05
1.8574473e-05
1.8744951e-05
1.8916679e-05
1.9087696e-05
1.9259231e-05
1.9436187e-05
1.9616275e-05
1.9793533e-05
1.9976388e-05
2.0160769e-05
2.034852e-05
2.0539179e-05
2.0735965e-05
2.0935171e-05
2.1142066e-05
2.1353765e-05
2.1574102e-05
2.1801082e-05
2.2036764e-05
2.2277997e-05
2.2528058e-05
2.2783377e-05
2.304663e-05
2.3314749e-05
2.3589285e-05
2.3868875e-05
2.4154233e-05
2.4446604e-05
2.4742325e-05
2.5044454e-05
2.5348883e-05
2.5656966e-05
2.596544e-05
2.627755e-05
2.6585945e-05
2.6897783e-05
2.7201698e-05
2.7510512e-05
2.7806396e-05
2.8109959e-05
2.8393825e-05
2.868856e-05
2.8955338e-05
2.9241112e-05
2.9487977e-05
2.9762355e-05
2.9982998e-05
3.0243573e-05
3.0432236e-05
3.067797e-05
3.0829652e-05
3.1060974e-05
3.1172164e-05
3.1393894e-05
3.146149e-05
3.1673594e-05
3.1692534e-05
3.1895729e-05
3.1864324e-05
3.2058919e-05
3.1978417e-05
3.2160849e-05
3.2038633e-05
3.2195256e-05
3.2055927e-05
3.2152005e-05
3.2050495e-05
3.2031334e-05
3.1595812e-05
9.6034411e-06
1.0282259e-05
1.1004853e-05
1.1799964e-05
1.2653597e-05
1.356348e-05
1.4523105e-05
1.5510825e-05
1.6510078e-05
1.7497495e-05
1.8458306e-05
1.9386696e-05
2.0278149e-05
2.1134534e-05
2.1955408e-05
2.2737482e-05
2.3485352e-05
2.4182638e-05
2.4842534e-05
2.5437106e-05
2.5991712e-05
2.6469708e-05
2.6907315e-05
2.7259813e-05
2.7586004e-05
2.7807537e-05
2.8024793e-05
2.8140464e-05
2.8261942e-05
2.8274779e-05
2.8311808e-05
2.8245978e-05
2.8206775e-05
2.8081236e-05
2.7988867e-05
2.7809746e-05
2.767536e-05
2.7459217e-05
2.7283052e-05
2.7036586e-05
2.683601e-05
2.6566334e-05
2.6338327e-05
2.6051811e-05
2.5803393e-05
2.5500078e-05
2.523725e-05
2.4923706e-05
2.4643655e-05
2.4320293e-05
2.4025489e-05
2.3698811e-05
2.3401583e-05
2.3073609e-05
2.2771668e-05
2.2452634e-05
2.2150017e-05
2.1845611e-05
2.1553312e-05
2.1272791e-05
2.1004601e-05
2.0771563e-05
2.0504138e-05
2.0305294e-05
2.0078494e-05
1.9896004e-05
1.9718851e-05
1.9563169e-05
1.942911e-05
1.9311962e-05
1.9213446e-05
1.9134152e-05
1.907639e-05
1.9037444e-05
1.9017794e-05
1.9013571e-05
1.9025021e-05
1.9050261e-05
1.9090286e-05
1.9141374e-05
1.920401e-05
1.9275732e-05
1.9357522e-05
1.9445104e-05
1.9541507e-05
1.9642528e-05
1.9753189e-05
1.9864604e-05
1.9983406e-05
2.0105662e-05
2.0229861e-05
2.0361358e-05
2.0492773e-05
2.06266e-05
2.0759698e-05
2.089392e-05
2.1033158e-05
2.117741e-05
2.1318362e-05
2.1465722e-05
2.1614673e-05
2.1767763e-05
2.1923677e-05
2.2086574e-05
2.2251957e-05
2.2425577e-05
2.2604391e-05
2.2792379e-05
2.2987677e-05
2.3192422e-05
2.3403489e-05
2.3624019e-05
2.3850736e-05
2.4085944e-05
2.4327098e-05
2.4575119e-05
2.4829331e-05
2.5089591e-05
2.5358089e-05
2.5630458e-05
2.5910342e-05
2.6193312e-05
2.6480965e-05
2.676976e-05
2.7063355e-05
2.735377e-05
2.764881e-05
2.7936238e-05
2.8229873e-05
2.8510697e-05
2.8800713e-05
2.9070934e-05
2.9353755e-05
2.9608043e-05
2.9883317e-05
3.0118811e-05
3.0384249e-05
3.0594559e-05
3.0847663e-05
3.1026824e-05
3.1266477e-05
3.140928e-05
3.163583e-05
3.1738423e-05
3.1956549e-05
3.201585e-05
3.2225621e-05
3.2236461e-05
3.2438411e-05
3.2398994e-05
3.2593199e-05
3.2504845e-05
3.26873e-05
3.2557826e-05
3.2713983e-05
3.2568894e-05
3.2662848e-05
3.2557446e-05
3.253597e-05
3.2119699e-05
1.067105e-05
1.133983e-05
1.2061357e-05
1.2851755e-05
1.369573e-05
1.4593539e-05
1.5544121e-05
1.6533317e-05
1.7548397e-05
1.8570557e-05
1.9584635e-05
2.0582276e-05
2.1557111e-05
2.2507458e-05
2.3432633e-05
2.4327344e-05
2.519617e-05
2.6023048e-05
2.6819593e-05
2.7559857e-05
2.8264066e-05
2.8900156e-05
2.9495863e-05
3.001307e-05
3.0498968e-05
3.0885785e-05
3.1258982e-05
3.1532647e-05
3.1795591e-05
3.1955438e-05
3.2128759e-05
3.2196754e-05
3.2282853e-05
3.2264183e-05
3.2277828e-05
3.2183549e-05
3.2142572e-05
3.1995573e-05
3.1888851e-05
3.1693788e-05
3.1550889e-05
3.1314366e-05
3.1126694e-05
3.0860895e-05
3.0636611e-05
3.0339031e-05
3.0088608e-05
2.9767985e-05
2.9486838e-05
2.9143439e-05
2.8832997e-05
2.8476231e-05
2.8153483e-05
2.7783706e-05
2.7443828e-05
2.7073656e-05
2.6721687e-05
2.6357643e-05
2.6007875e-05
2.5659433e-05
2.5319863e-05
2.4997489e-05
2.4691885e-05
2.4417102e-05
2.4131258e-05
2.387168e-05
2.3606166e-05
2.336493e-05
2.3151936e-05
2.295346e-05
2.277413e-05
2.2617525e-05
2.2484874e-05
2.2372708e-05
2.2281916e-05
2.2207876e-05
2.2150821e-05
2.21089e-05
2.2083739e-05
2.207109e-05
2.2071581e-05
2.2082258e-05
2.2104617e-05
2.21337e-05
2.2173077e-05
2.2217609e-05
2.2273336e-05
2.2330908e-05
2.2396394e-05
2.2467156e-05
2.2539724e-05
2.2621346e-05
2.2703385e-05
2.278923e-05
2.2874452e-05
2.2961609e-05
2.3053284e-05
2.3152088e-05
2.3247292e-05
2.3349801e-05
2.3454079e-05
2.3563422e-05
2.3675586e-05
2.379572e-05
2.391855e-05
2.4050252e-05
2.4187671e-05
2.4334896e-05
2.449023e-05
2.4655892e-05
2.4828825e-05
2.5011986e-05
2.5202454e-05
2.5402105e-05
2.560898e-05
2.5823318e-05
2.604518e-05
2.6273516e-05
2.651148e-05
2.6754022e-05
2.7005338e-05
2.7260721e-05
2.7522002e-05
2.7785333e-05
2.8054843e-05
2.8321874e-05
2.8594921e-05
2.8860812e-05
2.9134423e-05
2.9395465e-05
2.9667425e-05
2.9919603e-05
3.0186347e-05
3.0424059e-05
3.0684977e-05
3.0905294e-05
3.1158239e-05
3.1354688e-05
3.1597066e-05
3.1763457e-05
3.1994055e-05
3.212495e-05
3.234402e-05
3.2435192e-05
3.2647222e-05
3.2695593e-05
3.2900756e-05
3.2901058e-05
3.3099683e-05
3.3049999e-05
3.3241893e-05
3.3143625e-05
3.3324284e-05
3.3185712e-05
3.3339624e-05
3.3187161e-05
3.3277294e-05
3.3166334e-05
3.3141481e-05
3.274371e-05
1.1844925e-05
1.2498618e-05
1.3223203e-05
1.4013112e-05
1.4852597e-05
1.5742571e-05
1.6685271e-05
1.7672853e-05
1.8696697e-05
1.9742594e-05
2.0796721e-05
2.1849383e-05
2.2893283e-05
2.3923826e-05
2.4940007e-05
2.5934947e-05
2.6912972e-05
2.785867e-05
2.8782138e-05
2.9659871e-05
3.0507574e-05
3.1297537e-05
3.205048e-05
3.2733684e-05
3.3384633e-05
3.3945333e-05
3.448495e-05
3.4931949e-05
3.5358998e-05
3.5686077e-05
3.6014424e-05
3.6238806e-05
3.6462426e-05
3.6588551e-05
3.673226e-05
3.6772965e-05
3.6845281e-05
3.6816319e-05
3.6806156e-05
3.669829e-05
3.6644559e-05
3.6469354e-05
3.6357931e-05
3.6143026e-05
3.5972812e-05
3.5708599e-05
3.5501301e-05
3.5197729e-05
3.4945856e-05
3.4605044e-05
3.4303833e-05
3.3938688e-05
3.3613625e-05
3.3219643e-05
3.2862861e-05
3.24571e-05
3.2071951e-05
3.1662006e-05
3.1267254e-05
3.0860656e-05
3.0460685e-05
3.007173e-05
2.9693347e-05
2.9346487e-05
2.9036871e-05
2.8669203e-05
2.8354463e-05
2.8003351e-05
2.7709179e-05
2.7422448e-05
2.7150647e-05
2.6908859e-05
2.6692089e-05
2.6496767e-05
2.6324275e-05
2.6169449e-05
2.6032456e-05
2.5911511e-05
2.5809012e-05
2.5720293e-05
2.5646208e-05
2.5583293e-05
2.5533639e-05
2.5491611e-05
2.5461374e-05
2.5436862e-05
2.5425019e-05
2.5416361e-05
2.5416015e-05
2.5423033e-05
2.5431729e-05
2.5451325e-05
2.5471961e-05
2.5498017e-05
2.5523684e-05
2.5552322e-05
2.5584868e-05
2.5626836e-05
2.5665123e-05
2.5711686e-05
2.576032e-05
2.58151e-05
2.5872799e-05
2.5939573e-05
2.6009426e-05
2.6088872e-05
2.6174706e-05
2.6271077e-05
2.6376493e-05
2.6493257e-05
2.6618437e-05
2.6754755e-05
2.6899707e-05
2.7054688e-05
2.7218393e-05
2.7390325e-05
2.7571335e-05
2.7759423e-05
2.7958703e-05
2.8163486e-05
2.8378469e-05
2.8598726e-05
2.8826307e-05
2.9057038e-05
2.9295571e-05
2.9532534e-05
2.9777144e-05
3.0015232e-05
3.0262787e-05
3.0498177e-05
3.0746447e-05
3.0975101e-05
3.1220544e-05
3.1436586e-05
3.1678298e-05
3.1878688e-05
3.2114656e-05
3.2292839e-05
3.2520368e-05
3.2669911e-05
3.2887672e-05
3.3002885e-05
3.3211014e-05
3.3287263e-05
3.3490002e-05
3.3524189e-05
3.372181e-05
3.3708575e-05
3.3901179e-05
3.3838473e-05
3.4025553e-05
3.3914864e-05
3.4091359e-05
3.3941457e-05
3.4090837e-05
3.3929014e-05
3.4013208e-05
3.3894573e-05
3.3865058e-05
3.3484345e-05
1.3137377e-05
1.3770868e-05
1.4503242e-05
1.5295094e-05
1.6134694e-05
1.7021874e-05
1.7959906e-05
1.8945461e-05
1.9973854e-05
2.1035232e-05
2.2118362e-05
2.3213272e-05
2.4312612e-05
2.5409584e-05
2.6502862e-05
2.7584339e-05
2.8657924e-05
2.9709066e-05
3.0746397e-05
3.1749142e-05
3.2729132e-05
3.3662859e-05
3.4565327e-05
3.5408461e-05
3.6221747e-05
3.6956019e-05
3.7664992e-05
3.8291325e-05
3.8892111e-05
3.9399129e-05
3.9896694e-05
4.0296682e-05
4.0684763e-05
4.0977139e-05
4.1274857e-05
4.1469752e-05
4.1682023e-05
4.1783207e-05
4.1907036e-05
4.1924167e-05
4.1984016e-05
4.1928082e-05
4.1910683e-05
4.1800589e-05
4.1709027e-05
4.1516115e-05
4.1382536e-05
4.1122666e-05
4.0941673e-05
4.0629001e-05
4.0367487e-05
4.0022752e-05
3.9725159e-05
3.9329398e-05
3.898689e-05
3.8566879e-05
3.8172765e-05
3.773894e-05
3.7320148e-05
3.6871969e-05
3.6428428e-05
3.5990521e-05
3.5556734e-05
3.5150779e-05
3.4773447e-05
3.4378102e-05
3.3965108e-05
3.3552455e-05
3.3161787e-05
3.2796361e-05
3.2414873e-05
3.2087754e-05
3.1782104e-05
3.149761e-05
3.1236254e-05
3.0992639e-05
3.076686e-05
3.0557186e-05
3.0366912e-05
3.0191146e-05
3.0031068e-05
2.9882736e-05
2.9748926e-05
2.9623384e-05
2.9510912e-05
2.9404615e-05
2.9312133e-05
2.9224314e-05
2.9144917e-05
2.9075084e-05
2.9006753e-05
2.8951108e-05
2.889717e-05
2.8850408e-05
2.8803578e-05
2.8760965e-05
2.8721505e-05
2.8693817e-05
2.866261e-05
2.8640678e-05
2.8621221e-05
2.8609121e-05
2.8600134e-05
2.8601407e-05
2.8606317e-05
2.8621609e-05
2.8644096e-05
2.8677939e-05
2.8721881e-05
2.8778315e-05
2.88445e-05
2.8922877e-05
2.9011425e-05
2.9111007e-05
2.9221035e-05
2.9340243e-05
2.9470304e-05
2.9608257e-05
2.9759134e-05
2.9916692e-05
3.008604e-05
3.0262124e-05
3.0447185e-05
3.0636711e-05
3.0835917e-05
3.1034711e-05
3.124304e-05
3.1445711e-05
3.1659848e-05
3.1862435e-05
3.2080114e-05
3.2278544e-05
3.2496262e-05
3.2684392e-05
3.2900907e-05
3.307554e-05
3.3288967e-05
3.3443474e-05
3.3651013e-05
3.37787e-05
3.3978889e-05
3.4073788e-05
3.4266625e-05
3.4323669e-05
3.4513082e-05
3.4529117e-05
3.471547e-05
3.4685054e-05
3.4868193e-05
3.4789132e-05
3.4968191e-05
3.484206e-05
3.5011362e-05
3.4847439e-05
3.4989387e-05
3.4815772e-05
3.489142e-05
3.4762446e-05
3.4726722e-05
3.4360792e-05
1.4555074e-05
1.5178412e-05
1.5917279e-05
1.6712292e-05
1.7555607e-05
1.8444902e-05
1.9382748e-05
2.036818e-05
2.1399672e-05
2.2471122e-05
2.3574653e-05
2.4700952e-05
2.5843434e-05
2.6993873e-05
2.8150687e-05
2.930489e-05
3.0459815e-05
3.1601865e-05
3.2738239e-05
3.385097e-05
3.4948663e-05
3.6011747e-05
3.7050736e-05
3.8041684e-05
3.9007487e-05
3.9907028e-05
4.0780537e-05
4.1582986e-05
4.2357923e-05
4.3048122e-05
4.3721141e-05
4.4306328e-05
4.4870697e-05
4.5344506e-05
4.5813048e-05
4.6182126e-05
4.6557523e-05
4.6822534e-05
4.7101686e-05
4.7272154e-05
4.746989e-05
4.7554098e-05
4.7662857e-05
4.766555e-05
4.7693614e-05
4.7613178e-05
4.7575513e-05
4.7426884e-05
4.7319384e-05
4.7107727e-05
4.6908219e-05
4.6623301e-05
4.6380736e-05
4.6011741e-05
4.572743e-05
4.531472e-05
4.4943345e-05
4.4517118e-05
4.410246e-05
4.3636248e-05
4.3171677e-05
4.2713316e-05
4.2248197e-05
4.1820634e-05
4.1342978e-05
4.0927885e-05
4.0447113e-05
3.9968675e-05
3.9517252e-05
3.9068043e-05
3.8606366e-05
3.8191813e-05
3.7798804e-05
3.7425082e-05
3.7073178e-05
3.673781e-05
3.6419066e-05
3.6115213e-05
3.583051e-05
3.556008e-05
3.5305552e-05
3.5062597e-05
3.4834732e-05
3.4615232e-05
3.4409523e-05
3.4210119e-05
3.4025017e-05
3.3845983e-05
3.367499e-05
3.3515615e-05
3.3357408e-05
3.3213386e-05
3.3071634e-05
3.2938792e-05
3.2806199e-05
3.2679195e-05
3.2554394e-05
3.2443573e-05
3.2329608e-05
3.2225865e-05
3.2125037e-05
3.2032832e-05
3.1943998e-05
3.18666e-05
3.1793547e-05
3.1731678e-05
3.1677905e-05
3.1636345e-05
3.1606008e-05
3.1589377e-05
3.158399e-05
3.1591957e-05
3.161181e-05
3.1643845e-05
3.1688241e-05
3.1742956e-05
3.1810499e-05
3.188697e-05
3.1978235e-05
3.2077626e-05
3.2190546e-05
3.231192e-05
3.2444154e-05
3.2582396e-05
3.2732449e-05
3.2883521e-05
3.3046283e-05
3.3204518e-05
3.337647e-05
3.3537743e-05
3.3716566e-05
3.3876765e-05
3.4059019e-05
3.4211761e-05
3.4395839e-05
3.4537715e-05
3.4721842e-05
3.4846157e-05
3.502743e-05
3.5127221e-05
3.5304023e-05
3.5373019e-05
3.5545191e-05
3.5577873e-05
3.574896e-05
3.5742075e-05
3.5912514e-05
3.586055e-05
3.6029908e-05
3.5930512e-05
3.6097513e-05
3.5952348e-05
3.6110639e-05
3.5929489e-05
3.6060392e-05
3.5872034e-05
3.5935969e-05
3.5793342e-05
3.5749563e-05
3.539515e-05
1.6121803e-05
1.6738832e-05
1.7482548e-05
1.8283477e-05
1.9133372e-05
2.0028817e-05
2.0971136e-05
2.1959829e-05
2.2995314e-05
2.4074181e-05
2.5192062e-05
2.6341027e-05
2.7515988e-05
2.870813e-05
2.9915804e-05
3.1129509e-05
3.2351869e-05
3.3570272e-05
3.4790464e-05
3.5997153e-05
3.7196325e-05
3.8371911e-05
3.9531062e-05
4.0653506e-05
4.1756742e-05
4.2806975e-05
4.3833365e-05
4.4800808e-05
4.5741838e-05
4.6609354e-05
4.7455239e-05
4.8225125e-05
4.8967772e-05
4.9628844e-05
5.0276287e-05
5.0830211e-05
5.1382057e-05
5.1828492e-05
5.227899e-05
5.2623709e-05
5.2981302e-05
5.3230712e-05
5.3492356e-05
5.3646931e-05
5.3818078e-05
5.3880066e-05
5.3968746e-05
5.394844e-05
5.395111e-05
5.3840138e-05
5.3747635e-05
5.3557582e-05
5.340325e-05
5.3135118e-05
5.2897924e-05
5.2573573e-05
5.2249656e-05
5.1874731e-05
5.1497353e-05
5.1045994e-05
5.0580613e-05
5.0149499e-05
4.9681514e-05
4.9199041e-05
4.8709998e-05
4.8240478e-05
4.7726967e-05
4.7230023e-05
4.6722591e-05
4.6205851e-05
4.5695538e-05
4.5202804e-05
4.4731514e-05
4.4275993e-05
4.3838976e-05
4.3415636e-05
4.3006194e-05
4.2608842e-05
4.2228769e-05
4.1861387e-05
4.1508883e-05
4.1166689e-05
4.0839071e-05
4.0519077e-05
4.0212656e-05
3.9912115e-05
3.9625355e-05
3.934571e-05
3.9073011e-05
3.8813496e-05
3.8554507e-05
3.8310634e-05
3.8069279e-05
3.7838309e-05
3.7607745e-05
3.7384114e-05
3.7161484e-05
3.6954625e-05
3.6745124e-05
3.6546603e-05
3.6351367e-05
3.6165941e-05
3.5984135e-05
3.5814799e-05
3.5650585e-05
3.5498281e-05
3.535498e-05
3.5224704e-05
3.5106749e-05
3.5003692e-05
3.4913438e-05
3.4837741e-05
3.4775744e-05
3.4727167e-05
3.4692987e-05
3.4670418e-05
3.4662779e-05
3.4665319e-05
3.4684593e-05
3.4713689e-05
3.4758152e-05
3.4813021e-05
3.488083e-05
3.495641e-05
3.5046142e-05
3.5138615e-05
3.5245174e-05
3.5348632e-05
3.5468283e-05
3.5578424e-05
3.570879e-05
3.5821467e-05
3.5959198e-05
3.6067827e-05
3.621094e-05
3.6311856e-05
3.6458666e-05
3.654513e-05
3.6692648e-05
3.6757426e-05
3.6903865e-05
3.6940367e-05
3.7085387e-05
3.7087629e-05
3.7234319e-05
3.7198899e-05
3.7347745e-05
3.7269098e-05
3.7419364e-05
3.7294968e-05
3.7444921e-05
3.7276518e-05
3.741908e-05
3.7216936e-05
3.733237e-05
3.7125737e-05
3.717418e-05
3.7013828e-05
3.6959822e-05
3.6612486e-05
1.7863561e-05
1.8475731e-05
1.9224379e-05
2.0033014e-05
2.0891594e-05
2.1796029e-05
2.2746633e-05
2.3742239e-05
2.4784022e-05
2.5869919e-05
2.6998556e-05
2.8163692e-05
2.9362249e-05
3.0585681e-05
3.18326e-05
3.309343e-05
3.4370048e-05
3.5650843e-05
3.694008e-05
3.8224853e-05
3.9509038e-05
4.0779497e-05
4.2040966e-05
4.3276381e-05
4.4498858e-05
4.5681128e-05
4.6843716e-05
4.7959185e-05
4.905152e-05
5.008277e-05
5.1090878e-05
5.2035748e-05
5.294973e-05
5.3794023e-05
5.4618915e-05
5.5358285e-05
5.6089833e-05
5.6724239e-05
5.7353777e-05
5.7883971e-05
5.8415269e-05
5.8845882e-05
5.9277795e-05
5.9606092e-05
5.9939786e-05
6.0167679e-05
6.0407815e-05
6.0542264e-05
6.0686426e-05
6.0718842e-05
6.0759318e-05
6.0698674e-05
6.0660172e-05
6.0509996e-05
6.0373228e-05
6.014303e-05
5.9909047e-05
5.9601131e-05
5.9291056e-05
5.8910005e-05
5.8512199e-05
5.8093359e-05
5.7653435e-05
5.7187962e-05
5.6719364e-05
5.6235272e-05
5.5726275e-05
5.5212914e-05
5.4681703e-05
5.4134767e-05
5.3583979e-05
5.3037864e-05
5.2506108e-05
5.198436e-05
5.1475611e-05
5.0975791e-05
5.0485449e-05
5.0002664e-05
4.9533395e-05
4.9073606e-05
4.8626116e-05
4.8186323e-05
4.7759177e-05
4.7337821e-05
4.6928536e-05
4.6523928e-05
4.6131271e-05
4.5746095e-05
4.5365867e-05
4.4999526e-05
4.463259e-05
4.4280849e-05
4.3931316e-05
4.3593102e-05
4.3255089e-05
4.2925106e-05
4.2594615e-05
4.2280963e-05
4.1965139e-05
4.1660695e-05
4.1359693e-05
4.1069423e-05
4.0782904e-05
4.0509575e-05
4.0242082e-05
3.9987019e-05
3.9741743e-05
3.9510135e-05
3.9291787e-05
3.9089366e-05
3.8901235e-05
3.8728791e-05
3.8571827e-05
3.8429522e-05
3.8303635e-05
3.8190735e-05
3.8094874e-05
3.8010609e-05
3.7944973e-05
3.7891052e-05
3.7854343e-05
3.7830162e-05
3.7821118e-05
3.7821789e-05
3.783908e-05
3.7861103e-05
3.7899777e-05
3.7937082e-05
3.7993217e-05
3.8041334e-05
3.8112492e-05
3.8167249e-05
3.8250217e-05
3.8304903e-05
3.8397332e-05
3.844799e-05
3.8548271e-05
3.858815e-05
3.8693234e-05
3.8714848e-05
3.8822772e-05
3.8819211e-05
3.8929441e-05
3.889426e-05
3.9009361e-05
3.8938959e-05
3.9059434e-05
3.8948208e-05
3.9073005e-05
3.8918257e-05
3.904514e-05
3.8848679e-05
3.896981e-05
3.8742332e-05
3.8836992e-05
3.8607918e-05
3.8636453e-05
3.8453465e-05
3.8386702e-05
3.8040657e-05
1.9812811e-05
2.0419377e-05
2.1173107e-05
2.1990969e-05
2.2859924e-05
2.3775124e-05
2.4736406e-05
2.5741661e-05
2.6792126e-05
2.788591e-05
2.902364e-05
3.0200555e-05
3.1415678e-05
3.2661428e-05
3.393707e-05
3.5233488e-05
3.6551943e-05
3.7881873e-05
3.9226127e-05
4.057381e-05
4.1927113e-05
4.3275187e-05
4.4621073e-05
4.5950425e-05
4.7272808e-05
4.8566587e-05
4.9845822e-05
5.1088868e-05
5.2313278e-05
5.3489116e-05
5.4642652e-05
5.5745492e-05
5.6816786e-05
5.7831045e-05
5.8823083e-05
5.9739465e-05
6.0644206e-05
6.1462478e-05
6.2269336e-05
6.2985895e-05
6.3694685e-05
6.4312029e-05
6.492169e-05
6.5434521e-05
6.5942384e-05
6.6350553e-05
6.6758981e-05
6.7067124e-05
6.7373888e-05
6.7573792e-05
6.7769694e-05
6.7865423e-05
6.79684e-05
6.796449e-05
6.7959819e-05
6.7859171e-05
6.7746106e-05
6.7551245e-05
6.7344019e-05
6.7064804e-05
6.6754561e-05
6.6408243e-05
6.6031915e-05
6.5619382e-05
6.5189818e-05
6.4735771e-05
6.4253458e-05
6.3754546e-05
6.323148e-05
6.2683915e-05
6.2121495e-05
6.1550826e-05
6.0984078e-05
6.0419302e-05
5.9859879e-05
5.9302728e-05
5.8748927e-05
5.8196467e-05
5.7651818e-05
5.7111705e-05
5.6579591e-05
5.6051082e-05
5.5531666e-05
5.5014957e-05
5.4507291e-05
5.4002151e-05
5.3505641e-05
5.3015987e-05
5.2528274e-05
5.2053947e-05
5.1577273e-05
5.1114775e-05
5.0653397e-05
5.0203438e-05
4.9752915e-05
4.9311007e-05
4.8866737e-05
4.8439362e-05
4.8010051e-05
4.7591984e-05
4.7177133e-05
4.6773462e-05
4.6373424e-05
4.5986786e-05
4.560647e-05
4.5238753e-05
4.4881315e-05
4.453788e-05
4.4208313e-05
4.3895374e-05
4.3597955e-05
4.3317134e-05
4.3053357e-05
4.2805347e-05
4.2575584e-05
4.2360157e-05
4.2163705e-05
4.1980348e-05
4.1817311e-05
4.1667977e-05
4.1537568e-05
4.142187e-05
4.1323493e-05
4.1236876e-05
4.116933e-05
4.1108717e-05
4.1067367e-05
4.1026662e-05
4.100746e-05
4.0982057e-05
4.098253e-05
4.0968266e-05
4.0985395e-05
4.0975534e-05
4.1006651e-05
4.0996938e-05
4.1040503e-05
4.1024222e-05
4.107717e-05
4.1046629e-05
4.1106835e-05
4.1054818e-05
4.112155e-05
4.1041185e-05
4.1116431e-05
4.1003866e-05
4.1088108e-05
4.0937732e-05
4.1029599e-05
4.0838537e-05
4.0935259e-05
4.0705368e-05
4.0798346e-05
4.0540651e-05
4.0608344e-05
4.0352022e-05
4.0355615e-05
4.0144195e-05
4.0061788e-05
3.9709778e-05
2.200966e-05
2.2605555e-05
2.3364711e-05
2.4193229e-05
2.5073916e-05
2.6000788e-05
2.6973603e-05
2.7989575e-05
2.9049901e-05
3.015227e-05
3.1298289e-05
3.2484118e-05
3.3710472e-05
3.4971061e-05
3.6266067e-05
3.7587361e-05
3.893588e-05
4.0302242e-05
4.16881e-05
4.3084215e-05
4.4491492e-05
4.5900759e-05
4.7313851e-05
4.8718666e-05
5.0121873e-05
5.1506498e-05
5.2881922e-05
5.4230807e-05
5.5565954e-05
5.6864118e-05
5.8142556e-05
5.9381531e-05
6.0591481e-05
6.1755019e-05
6.2897172e-05
6.3974759e-05
6.5038034e-05
6.6026961e-05
6.7000496e-05
6.7894488e-05
6.8774611e-05
6.9573729e-05
7.0358585e-05
7.1055704e-05
7.1739753e-05
7.2332282e-05
7.2915656e-05
7.3406292e-05
7.3886287e-05
7.4266815e-05
7.4632536e-05
7.4902109e-05
7.5165339e-05
7.532864e-05
7.5478682e-05
7.5534256e-05
7.5567113e-05
7.5515535e-05
7.5439269e-05
7.5291328e-05
7.5100117e-05
7.4862463e-05
7.4584683e-05
7.4261067e-05
7.3905956e-05
7.3517277e-05
7.3094281e-05
7.264302e-05
7.2160814e-05
7.1645175e-05
7.1103899e-05
7.0541601e-05
6.9970792e-05
6.9392024e-05
6.880918e-05
6.8220277e-05
6.7627073e-05
6.702758e-05
6.6428448e-05
6.5827287e-05
6.522814e-05
6.4627082e-05
6.4029898e-05
6.3431079e-05
6.2836672e-05
6.2241606e-05
6.1650348e-05
6.1064099e-05
6.0475776e-05
5.9898898e-05
5.9317185e-05
5.8747383e-05
5.8176681e-05
5.7616427e-05
5.705411e-05
5.6500224e-05
5.5941765e-05
5.5399033e-05
5.485415e-05
5.4319676e-05
5.3787657e-05
5.326659e-05
5.274865e-05
5.224364e-05
5.1745024e-05
5.1258678e-05
5.0782643e-05
5.0320489e-05
4.9872316e-05
4.9440975e-05
4.9025922e-05
4.8627996e-05
4.8248252e-05
4.7885106e-05
4.7541627e-05
4.7213666e-05
4.6906234e-05
4.6613355e-05
4.6342089e-05
4.6086468e-05
4.5851179e-05
4.5632695e-05
4.5433523e-05
4.5248141e-05
4.5084068e-05
4.4929235e-05
4.4796138e-05
4.4665918e-05
4.4559736e-05
4.4449463e-05
4.4367735e-05
4.4273304e-05
4.4213277e-05
4.4128073e-05
4.4086852e-05
4.4006343e-05
4.3982463e-05
4.390004e-05
4.3890491e-05
4.379833e-05
4.3800861e-05
4.3691492e-05
4.3705182e-05
4.3571371e-05
4.3597604e-05
4.3435208e-05
4.347441e-05
4.3277846e-05
4.3328341e-05
4.3094569e-05
4.3153046e-05
4.2883943e-05
4.2941085e-05
4.2647851e-05
4.2681556e-05
4.2392579e-05
4.2365675e-05
4.2119165e-05
4.2017886e-05
4.165128e-05
2.4426695e-05
2.5078616e-05
2.5841805e-05
2.6681276e-05
2.7574074e-05
2.8512441e-05
2.949609e-05
3.0521934e-05
3.1591319e-05
3.2701537e-05
3.3854526e-05
3.5046833e-05
3.6280157e-05
3.7549399e-05
3.8855614e-05
4.0191984e-05
4.1559447e-05
4.294998e-05
4.4364416e-05
4.5794915e-05
4.7241531e-05
4.8696291e-05
5.016016e-05
5.1622862e-05
5.3088697e-05
5.4544359e-05
5.5995921e-05
5.7429232e-05
5.8853542e-05
6.0250906e-05
6.1632254e-05
6.2983363e-05
6.4310891e-05
6.5598638e-05
6.6869539e-05
6.8087329e-05
6.9288825e-05
7.0428514e-05
7.1550959e-05
7.2605384e-05
7.3642309e-05
7.4609195e-05
7.5557662e-05
7.6428859e-05
7.728149e-05
7.8052208e-05
7.8806869e-05
7.9477889e-05
8.0131129e-05
8.0694144e-05
8.1234005e-05
8.1684162e-05
8.2116711e-05
8.2457837e-05
8.2775118e-05
8.3002667e-05
8.3197851e-05
8.330957e-05
8.3385109e-05
8.3390242e-05
8.3342902e-05
8.3241567e-05
8.3091238e-05
8.2886897e-05
8.2638556e-05
8.2347337e-05
8.2014755e-05
8.1643192e-05
8.1233283e-05
8.0781626e-05
8.0294326e-05
7.9774134e-05
7.9232394e-05
7.8671633e-05
7.8096217e-05
7.750524e-05
7.6901181e-05
7.6282246e-05
7.5654915e-05
7.5017722e-05
7.4375128e-05
7.3723926e-05
7.3069895e-05
7.2408774e-05
7.1745953e-05
7.1078284e-05
7.0408289e-05
6.974013e-05
6.9065e-05
6.839786e-05
6.7722631e-05
6.7055792e-05
6.638505e-05
6.5722578e-05
6.5055721e-05
6.4396123e-05
6.3729407e-05
6.3075946e-05
6.2419474e-05
6.1771766e-05
6.1125107e-05
6.0488338e-05
5.9853677e-05
5.9230681e-05
5.8613568e-05
5.8007785e-05
5.7411734e-05
5.682887e-05
5.6259456e-05
5.5706449e-05
5.5169837e-05
5.4650363e-05
5.414957e-05
5.3665792e-05
5.3202471e-05
5.2755545e-05
5.2330093e-05
5.1920473e-05
5.1533168e-05
5.1163238e-05
5.0814557e-05
5.0484512e-05
5.0175356e-05
4.9881872e-05
4.9611484e-05
4.9352615e-05
4.9117581e-05
4.8887773e-05
4.8684172e-05
4.8478815e-05
4.8304271e-05
4.8119395e-05
4.7971507e-05
4.7800784e-05
4.7676567e-05
4.751526e-05
4.7413343e-05
4.7255042e-05
4.7172564e-05
4.700943e-05
4.6944077e-05
4.6768468e-05
4.6719169e-05
4.6523595e-05
4.6491133e-05
4.6271147e-05
4.6255864e-05
4.6005954e-05
4.6005907e-05
4.5722901e-05
4.5734267e-05
4.5420014e-05
4.5432866e-05
4.5098527e-05
4.5090595e-05
4.4763088e-05
4.4699796e-05
4.4410806e-05
4.4287157e-05
4.3895477e-05
2.7106427e-05
2.7857049e-05
2.8651012e-05
2.9499767e-05
3.0403122e-05
3.1351129e-05
3.2343219e-05
3.3376219e-05
3.4451721e-05
3.5566959e-05
3.6723956e-05
3.7919445e-05
3.9155461e-05
4.0427773e-05
4.1737974e-05
4.3080549e-05
4.4456617e-05
4.5859592e-05
4.728993e-05
4.8741038e-05
5.0212576e-05
5.1697515e-05
5.3196209e-05
5.4699908e-05
5.6211023e-05
5.7718994e-05
5.9227575e-05
6.0725002e-05
6.2217781e-05
6.3691958e-05
6.5154384e-05
6.6593856e-05
6.8016368e-05
6.9404151e-05
7.0778143e-05
7.2113545e-05
7.3429776e-05
7.4696495e-05
7.5945517e-05
7.7137912e-05
7.8311198e-05
7.942526e-05
8.051877e-05
8.1545992e-05
8.2551491e-05
8.3485381e-05
8.4398669e-05
8.5238128e-05
8.6054942e-05
8.6791842e-05
8.7499956e-05
8.8126583e-05
8.8727037e-05
8.9245373e-05
8.9731783e-05
9.0135237e-05
9.0498856e-05
9.0782509e-05
9.1020919e-05
9.119089e-05
9.130247e-05
9.1354805e-05
9.1351565e-05
9.1288153e-05
9.1171194e-05
9.1002904e-05
9.0786232e-05
9.0521379e-05
9.0210785e-05
8.9851169e-05
8.9447103e-05
8.8999886e-05
8.8518784e-05
8.8007453e-05
8.7470574e-05
8.6908175e-05
8.6323352e-05
8.5714704e-05
8.5088225e-05
8.4443327e-05
8.3784646e-05
8.31099e-05
8.2424527e-05
8.1725794e-05
8.1018102e-05
8.0300524e-05
7.9573544e-05
7.8843965e-05
7.8101879e-05
7.7362938e-05
7.6611957e-05
7.586472e-05
7.5109681e-05
7.4359533e-05
7.3601865e-05
7.2849185e-05
7.2086551e-05
7.1333473e-05
7.057576e-05
6.9824321e-05
6.9071832e-05
6.832726e-05
6.7583189e-05
6.6848679e-05
6.6118833e-05
6.5398708e-05
6.468702e-05
6.3987188e-05
6.3299537e-05
6.2627166e-05
6.1970491e-05
6.1330343e-05
6.0708572e-05
6.010371e-05
5.9519283e-05
5.8951704e-05
5.8405744e-05
5.7876581e-05
5.736968e-05
5.688151e-05
5.6414844e-05
5.5968223e-05
5.5543436e-05
5.513591e-05
5.4752583e-05
5.4382867e-05
5.4038452e-05
5.370161e-05
5.3392516e-05
5.3084138e-05
5.2808171e-05
5.2524517e-05
5.227971e-05
5.2014922e-05
5.1798374e-05
5.1547629e-05
5.1358101e-05
5.1115294e-05
5.0950185e-05
5.0707613e-05
5.0564638e-05
5.0314617e-05
5.0192611e-05
4.9927536e-05
4.9826736e-05
4.9541877e-05
4.9462519e-05
4.9152495e-05
4.9092442e-05
4.8753987e-05
4.870898e-05
4.8343861e-05
4.8303556e-05
4.7922602e-05
4.7865096e-05
4.749295e-05
4.7387347e-05
4.7048028e-05
4.6898359e-05
4.6469263e-05
3.0188547e-05
3.0827057e-05
3.1836834e-05
3.2690738e-05
3.3600611e-05
3.4554294e-05
3.5550597e-05
3.6586284e-05
3.7663063e-05
3.8778394e-05
3.9934348e-05
4.1127944e-05
4.2361204e-05
4.3630528e-05
4.4937643e-05
4.62781e-05
4.7653134e-05
4.9057495e-05
5.0491576e-05
5.194991e-05
5.3432158e-05
5.4932177e-05
5.6449953e-05
5.7978097e-05
5.9517621e-05
6.1059983e-05
6.2607304e-05
6.4149684e-05
6.5691431e-05
6.7221489e-05
6.8744162e-05
7.0249921e-05
7.1743817e-05
7.3212095e-05
7.4662944e-05
7.608921e-05
7.7498254e-05
7.886719e-05
8.0218572e-05
8.1523909e-05
8.2810011e-05
8.4046989e-05
8.5262696e-05
8.6422867e-05
8.7559918e-05
8.8635625e-05
8.9688222e-05
9.0676707e-05
9.1639768e-05
9.2533438e-05
9.3395175e-05
9.4184608e-05
9.4942042e-05
9.5626716e-05
9.6274147e-05
9.684639e-05
9.7374049e-05
9.7826931e-05
9.8228577e-05
9.8564246e-05
9.8838705e-05
9.9050854e-05
9.9203382e-05
9.9291927e-05
9.9320567e-05
9.9291255e-05
9.9207447e-05
9.9068257e-05
9.8876689e-05
9.863017e-05
9.8331944e-05
9.7982385e-05
9.7588339e-05
9.7153736e-05
9.6683272e-05
9.6177687e-05
9.5640455e-05
9.5070733e-05
9.4473794e-05
9.3849815e-05
9.3203318e-05
9.2533078e-05
9.1843867e-05
9.1134632e-05
9.0408541e-05
8.9666943e-05
8.8908433e-05
8.8141871e-05
8.7356955e-05
8.6569266e-05
8.5765055e-05
8.4959096e-05
8.4140753e-05
8.3322878e-05
8.2493676e-05
8.1666107e-05
8.0825535e-05
7.9989825e-05
7.9147074e-05
7.830732e-05
7.746376e-05
7.6625264e-05
7.5785044e-05
7.4951504e-05
7.4120646e-05
7.3297237e-05
7.2480221e-05
7.1673088e-05
7.0876106e-05
7.0092575e-05
6.9323164e-05
6.8569016e-05
6.7832038e-05
6.7111289e-05
6.6410027e-05
6.5725564e-05
6.5061941e-05
6.4415661e-05
6.3790732e-05
6.318539e-05
6.2601021e-05
6.2037562e-05
6.1496062e-05
6.0973012e-05
6.0474369e-05
5.9991103e-05
5.953373e-05
5.9086141e-05
5.8666968e-05
5.8251015e-05
5.7868136e-05
5.7480409e-05
5.7132362e-05
5.6767652e-05
5.6451811e-05
5.6105366e-05
5.5820679e-05
5.5486812e-05
5.5231048e-05
5.4902371e-05
5.4673384e-05
5.4342333e-05
5.4138946e-05
5.3797981e-05
5.3619982e-05
5.3264148e-05
5.3111668e-05
5.273578e-05
5.260659e-05
5.2207346e-05
5.2096887e-05
5.167589e-05
5.1573692e-05
5.114107e-05
5.1026281e-05
5.0603504e-05
5.0450047e-05
5.0052532e-05
4.9873229e-05
4.9393354e-05
3.3719959e-05
3.4291749e-05
3.5434532e-05
3.6285785e-05
3.7195541e-05
3.8148858e-05
3.9143362e-05
4.017564e-05
4.1247229e-05
4.235595e-05
4.3503857e-05
4.468845e-05
4.5911654e-05
4.7170466e-05
4.8466522e-05
4.9796202e-05
5.1160691e-05
5.2555814e-05
5.3982006e-05
5.543477e-05
5.6913946e-05
5.8414321e-05
5.9935698e-05
6.1471985e-05
6.3023277e-05
6.4582595e-05
6.6150901e-05
6.771988e-05
6.9292056e-05
7.0858492e-05
7.2421759e-05
7.3973545e-05
7.5517521e-05
7.7043336e-05
7.8555803e-05
8.0043654e-05
8.1521179e-05
8.2970884e-05
8.4400736e-05
8.5794033e-05
8.716894e-05
8.8503714e-05
8.981731e-05
9.1085339e-05
9.232994e-05
9.352282e-05
9.4691638e-05
9.5805325e-05
9.689246e-05
9.7920111e-05
9.8914681e-05
9.9846226e-05
0.00010074244
0.00010157469
0.00010236691
0.00010309188
0.00010377006
0.00010437956
0.00010493487
0.00010542701
0.00010585768
0.00010622505
0.00010653105
0.00010677159
0.00010694883
0.00010706384
0.00010711981
0.00010711544
0.00010705345
0.00010693213
0.00010675364
0.00010651789
0.00010622945
0.00010589185
0.00010550947
0.00010508349
0.00010461745
0.00010411115
0.000103569
0.00010299181
0.00010238367
0.00010174446
0.00010107804
0.000100385
9.9667188e-05
9.8928014e-05
9.8164554e-05
9.7386961e-05
9.6585229e-05
9.5774192e-05
9.4941887e-05
9.4101866e-05
9.3244518e-05
9.2382473e-05
9.1504866e-05
9.0624629e-05
8.9728218e-05
8.8831343e-05
8.7924343e-05
8.7016434e-05
8.6101424e-05
8.518788e-05
8.4269821e-05
8.3354929e-05
8.2440003e-05
8.1529678e-05
8.0622988e-05
7.9723638e-05
7.8831692e-05
7.7950754e-05
7.7081496e-05
7.6225631e-05
7.538481e-05
7.455898e-05
7.3750736e-05
7.2958723e-05
7.2185809e-05
7.1430302e-05
7.0694362e-05
6.9978288e-05
6.928182e-05
6.8606527e-05
6.7952375e-05
6.7317397e-05
6.6706004e-05
6.6111332e-05
6.5542079e-05
6.4984585e-05
6.4455087e-05
6.3931257e-05
6.3440004e-05
6.2946862e-05
6.2492939e-05
6.2026074e-05
6.1607318e-05
6.1162229e-05
6.0777828e-05
6.0349356e-05
5.9997546e-05
5.9578802e-05
5.9257697e-05
5.8841419e-05
5.8549918e-05
5.8128833e-05
5.7866416e-05
5.7435444e-05
5.7202157e-05
5.6756376e-05
5.6550028e-05
5.6086158e-05
5.5902091e-05
5.5421462e-05
5.5249475e-05
5.4761066e-05
5.4582175e-05
5.4103354e-05
5.3897387e-05
5.3434399e-05
5.3222125e-05
5.2678314e-05
3.7724241e-05
3.8264569e-05
3.9457395e-05
4.0297555e-05
4.1198919e-05
4.2144011e-05
4.3128942e-05
4.415004e-05
4.5208404e-05
4.6302221e-05
4.7433396e-05
4.8600033e-05
4.9803944e-05
5.1042816e-05
5.231815e-05
5.3627086e-05
5.497067e-05
5.6345583e-05
5.7752254e-05
5.9187002e-05
6.064979e-05
6.2136342e-05
6.364635e-05
6.5174948e-05
6.6721706e-05
6.8280991e-05
6.9852924e-05
7.1430696e-05
7.3015397e-05
7.4599781e-05
7.6184972e-05
7.7763978e-05
7.9338644e-05
8.0901574e-05
8.2454684e-05
8.3990146e-05
8.5512855e-05
8.7013324e-05
8.850508e-05
8.9963336e-05
9.1404604e-05
9.2813396e-05
9.4201525e-05
9.5552984e-05
9.6881147e-05
9.8166268e-05
9.942735e-05
0.00010064115
0.00010182843
0.00010296481
0.00010406841
0.00010511756
0.00010613005
0.00010708643
0.0001080019
0.00010885762
0.00010966627
0.00011041253
0.00011110418
0.0001117357
0.0001123073
0.00011281636
0.00011326417
0.00011364696
0.00011396555
0.00011422003
0.00011441275
0.00011454242
0.00011461098
0.00011461747
0.00011456319
0.00011444794
0.00011427443
0.00011404541
0.00011376462
0.00011343351
0.00011305532
0.00011263051
0.00011216253
0.00011165269
0.0001111044
0.0001105186
0.00010989804
0.00010924484
0.00010855952
0.00010784715
0.00010710379
0.00010634007
0.00010554685
0.00010473771
0.00010390261
0.00010305377
0.00010218268
0.00010130138
0.00010040017
9.9491482e-05
9.8563441e-05
9.7629404e-05
9.6681699e-05
9.5728786e-05
9.4765132e-05
9.3798844e-05
9.2824794e-05
9.1849987e-05
9.0871826e-05
8.989498e-05
8.8918418e-05
8.7946208e-05
8.6978056e-05
8.6018005e-05
8.5066438e-05
8.4125897e-05
8.3197439e-05
8.2282253e-05
8.1381869e-05
8.0496665e-05
7.9627918e-05
7.877615e-05
7.7941353e-05
7.7126123e-05
7.6328311e-05
7.5551366e-05
7.4793759e-05
7.4055583e-05
7.3339097e-05
7.2640217e-05
7.1965115e-05
7.1303439e-05
7.0668133e-05
7.0040817e-05
6.9444276e-05
6.8848863e-05
6.8290735e-05
6.7723715e-05
6.7202452e-05
6.6659762e-05
6.6174846e-05
6.5651944e-05
6.5202142e-05
6.4692804e-05
6.4276591e-05
6.377405e-05
6.3390492e-05
6.2887937e-05
6.2536369e-05
6.2028729e-05
6.1709159e-05
6.1191833e-05
6.0902256e-05
6.0372029e-05
6.0107956e-05
5.9565735e-05
5.9317723e-05
5.8770836e-05
5.8522657e-05
5.7983497e-05
5.7721787e-05
5.7187377e-05
5.6939355e-05
5.6320393e-05
4.2175614e-05
4.2698928e-05
4.3895012e-05
4.471448e-05
4.5597149e-05
4.6523923e-05
4.7489365e-05
4.8489512e-05
4.952482e-05
5.0593768e-05
5.169795e-05
5.2836066e-05
5.4009758e-05
5.5217464e-05
5.6460553e-05
5.7736989e-05
5.904768e-05
6.039013e-05
6.1764705e-05
6.3168507e-05
6.4601462e-05
6.6060207e-05
6.7544281e-05
6.9049922e-05
7.0576352e-05
7.2119227e-05
7.3677958e-05
7.5247308e-05
7.6827169e-05
7.841187e-05
8.0001086e-05
8.158951e-05
8.3176854e-05
8.4758481e-05
8.6333329e-05
8.7897607e-05
8.9449713e-05
9.0989011e-05
9.2507006e-05
9.4016284e-05
9.5505227e-05
9.6966904e-05
9.8408803e-05
9.9821841e-05
0.00010121162
0.00010256619
0.00010389713
0.00010518739
0.00010645193
0.0001076724
0.00010886132
0.00011000305
0.00011110821
0.00011216392
0.00011317906
0.0001141411
0.00011505696
0.00011591623
0.00011672225
0.00011747128
0.00011816299
0.00011879424
0.00011936562
0.00011987385
0.00012031875
0.00012069962
0.00012101785
0.00012127223
0.00012146382
0.00012159219
0.00012165795
0.00012166103
0.00012160272
0.00012148499
0.00012131072
0.00012108145
0.00012079989
0.00012046704
0.0001200854
0.00011965666
0.00011918337
0.00011866738
0.00011811034
0.00011751553
0.00011688238
0.00011621701
0.00011551504
0.00011478683
0.00011402451
0.00011324007
0.00011242533
0.0001115912
0.00011073027
0.00010985371
0.00010895314
0.00010804003
0.00010710452
0.00010615772
0.00010519354
0.00010421975
0.00010323148
0.00010223627
0.00010122978
0.00010021846
9.9200056e-05
9.8179441e-05
9.7155343e-05
9.6132341e-05
9.5109618e-05
9.4091824e-05
9.3078739e-05
9.2073982e-05
9.1077675e-05
9.0092564e-05
8.9118744e-05
8.8158657e-05
8.7211631e-05
8.6280702e-05
8.5363469e-05
8.4464983e-05
8.3580992e-05
8.2717069e-05
8.1869752e-05
8.1041703e-05
8.0232431e-05
7.9441219e-05
7.8670981e-05
7.7915512e-05
7.7183551e-05
7.6461742e-05
7.5767559e-05
7.5077546e-05
7.4421339e-05
7.3760554e-05
7.3141492e-05
7.2506483e-05
7.1924384e-05
7.1311289e-05
7.0765466e-05
7.0168859e-05
6.9658226e-05
6.9072001e-05
6.8595864e-05
6.8013848e-05
6.7571569e-05
6.6988849e-05
6.6580467e-05
6.5992795e-05
6.5616652e-05
6.5020894e-05
6.467298e-05
6.4069431e-05
6.3741621e-05
6.3135425e-05
6.2815126e-05
6.2213006e-05
6.1894214e-05
6.1284541e-05
6.0998861e-05
6.0298085e-05
4.7020869e-05
4.7532046e-05
4.8698744e-05
4.9487281e-05
5.0339533e-05
5.1236115e-05
5.2170302e-05
5.3137896e-05
5.4138611e-05
5.5171132e-05
5.623661e-05
5.7334269e-05
5.8465488e-05
5.9629427e-05
6.0827272e-05
6.2057879e-05
6.3322016e-05
6.4618094e-05
6.5946412e-05
6.7304973e-05
6.8693568e-05
7.0109786e-05
7.1552971e-05
7.3020349e-05
7.4510833e-05
7.6021326e-05
7.7550501e-05
7.9094841e-05
8.0653068e-05
8.2221086e-05
8.379711e-05
8.5377861e-05
8.6960862e-05
8.8544084e-05
9.012357e-05
9.169922e-05
9.3264554e-05
9.4823838e-05
9.636481e-05
9.7899076e-05
9.9407197e-05
0.00010091299
0.00010239128
0.00010384751
0.00010528009
0.00010668503
0.00010806652
0.00010941297
0.00011073498
0.00011201782
0.00011327104
0.00011448265
0.00011565862
0.0001167906
0.00011788288
0.0001189273
0.00011992702
0.00012087521
0.00012177248
0.00012261588
0.00012340488
0.00012413619
0.00012480975
0.00012542274
0.00012597443
0.00012646365
0.00012689081
0.00012725484
0.00012755601
0.00012779417
0.00012796944
0.0001280819
0.00012813196
0.00012812086
0.00012805061
0.00012792278
0.00012773932
0.00012750158
0.00012721125
0.00012687028
0.00012648036
0.00012604402
0.00012556188
0.00012503802
0.00012447104
0.0001238675
0.00012322309
0.00012254736
0.00012183379
0.00012109275
0.00012031774
0.00011951835
0.00011868832
0.00011783772
0.0001169595
0.00011606396
0.00011514325
0.00011420651
0.00011324884
0.0001122774
0.00011128785
0.0001102872
0.00010927168
0.0001082474
0.00010721212
0.00010617109
0.0001051226
0.00010407189
0.00010301744
0.00010196469
0.00010091253
9.9865855e-05
9.8823549e-05
9.7790165e-05
9.6764048e-05
9.5749943e-05
9.4744951e-05
9.3754802e-05
9.2774563e-05
9.1811837e-05
9.0860079e-05
8.9927231e-05
8.9007449e-05
8.8106438e-05
8.7220412e-05
8.6352544e-05
8.550179e-05
8.4666852e-05
8.3851396e-05
8.3048097e-05
8.226799e-05
8.14951e-05
8.075105e-05
8.0006936e-05
7.9298868e-05
7.8580834e-05
7.7908935e-05
7.7213831e-05
7.6577936e-05
7.5901211e-05
7.5300701e-05
7.4637047e-05
7.4071527e-05
7.3415532e-05
7.2884549e-05
7.2231606e-05
7.1735315e-05
7.1081533e-05
7.0618788e-05
6.9961081e-05
6.9528693e-05
6.8866515e-05
6.8458248e-05
6.7794061e-05
6.7401714e-05
6.6736166e-05
6.6361165e-05
6.5675191e-05
6.535114e-05
6.4567663e-05
5.2150741e-05
5.2652966e-05
5.37506e-05
5.4507375e-05
5.5319122e-05
5.617417e-05
5.7065248e-05
5.7988181e-05
5.8942063e-05
5.9925763e-05
6.094001e-05
6.1984486e-05
6.3060265e-05
6.4167115e-05
6.5305999e-05
6.6476644e-05
6.7679595e-05
6.8914278e-05
7.0180902e-05
7.1478512e-05
7.2806729e-05
7.4164248e-05
7.5550264e-05
7.6962975e-05
7.840112e-05
7.9862709e-05
8.1345738e-05
8.2848122e-05
8.4367246e-05
8.5901089e-05
8.7446694e-05
8.9002861e-05
9.0565124e-05
9.213369e-05
9.3702259e-05
9.5273298e-05
9.6837541e-05
9.8401066e-05
9.9950729e-05
0.00010149667
0.00010302316
0.00010454111
0.00010603679
0.00010752901
0.00010898887
0.00011042952
0.00011184575
0.00011323253
0.00011459631
0.00011592413
0.00011722503
0.00011848796
0.00011971686
0.00012090603
0.00012205652
0.0001231632
0.0001242266
0.00012524262
0.00012621031
0.00012712708
0.00012799216
0.00012880246
0.00012955736
0.00013025448
0.00013089276
0.00013147091
0.00013198856
0.00013244477
0.0001328392
0.00013317185
0.0001334425
0.00013365141
0.00013379838
0.00013388425
0.00013391018
0.00013387776
0.00013378823
0.00013364316
0.00013344342
0.00013319122
0.00013288737
0.00013253483
0.00013213342
0.00013168755
0.00013119534
0.00013066324
0.00013008732
0.00012947593
0.000128824
0.00012814031
0.00012741983
0.00012667089
0.00012588832
0.00012508101
0.00012424322
0.00012338395
0.00012249714
0.00012159042
0.00012065962
0.00011971139
0.00011874177
0.00011775734
0.00011675461
0.00011573955
0.00011470964
0.00011367064
0.00011262024
0.0001115644
0.00011050078
0.00010943577
0.00010836711
0.00010730117
0.0001062353
0.00010517605
0.00010411977
0.00010307364
0.00010203236
0.0001010044
9.9982235e-05
9.8976059e-05
9.7976869e-05
9.6995212e-05
9.6022443e-05
9.506772e-05
9.4123486e-05
9.3197267e-05
9.2283424e-05
9.1386214e-05
9.0503457e-05
8.9634721e-05
8.8783611e-05
8.7942762e-05
8.7124466e-05
8.6310759e-05
8.552594e-05
8.4737529e-05
8.398677e-05
8.3221237e-05
8.2504826e-05
8.1758517e-05
8.1076299e-05
8.0344783e-05
7.9696695e-05
7.8975397e-05
7.8361301e-05
7.764604e-05
7.7066317e-05
7.6353528e-05
7.5807699e-05
7.5094259e-05
7.4580299e-05
7.3864576e-05
7.3378662e-05
7.2660032e-05
7.2198864e-05
7.1471907e-05
7.1043855e-05
7.0283813e-05
6.9922156e-05
6.9054984e-05
5.7381453e-05
5.7879591e-05
5.8893629e-05
5.9598701e-05
6.0360122e-05
6.1162645e-05
6.1999139e-05
6.2865629e-05
6.3760682e-05
6.4683347e-05
6.5634034e-05
6.6612795e-05
6.7620444e-05
6.8657118e-05
6.9723679e-05
7.0820498e-05
7.1947787e-05
7.3106194e-05
7.4295667e-05
7.5516275e-05
7.6767407e-05
7.8049096e-05
7.9360375e-05
8.0700423e-05
8.2066989e-05
8.3460166e-05
8.4877587e-05
8.6318973e-05
8.7780813e-05
8.9263413e-05
9.0761927e-05
9.2276629e-05
9.3801534e-05
9.5338448e-05
9.6879698e-05
9.8428982e-05
9.9976632e-05
0.000101529
0.00010307339
0.00010461805
0.00010614919
0.00010767569
0.00010918396
0.00011068336
0.00011215867
0.0001136317
0.00011507054
0.00011648728
0.000117881
0.00011924105
0.00012057814
0.00012187868
0.00012314785
0.00012438042
0.00012557538
0.0001267298
0.00012784196
0.00012891111
0.00012993429
0.00013090902
0.00013183421
0.00013270707
0.00013352669
0.00013429102
0.00013499894
0.00013564917
0.00013624083
0.00013677307
0.00013724525
0.00013765741
0.00013800918
0.00013830099
0.00013853223
0.00013870357
0.00013881552
0.00013886969
0.00013886674
0.00013880832
0.00013869498
0.00013852883
0.0001383099
0.00013804127
0.00013772221
0.00013735708
0.00013694385
0.00013648843
0.00013598757
0.00013544833
0.00013486679
0.00013425038
0.00013359526
0.00013290859
0.00013218618
0.00013143579
0.00013065285
0.00012984511
0.00012900785
0.00012814772
0.00012726097
0.00012635383
0.00012542256
0.00012447341
0.00012350288
0.00012251699
0.0001215127
0.00012049635
0.00011946484
0.00011842498
0.00011737342
0.0001163177
0.0001152542
0.00011419085
0.00011312333
0.00011206022
0.00011099577
0.00010993959
0.0001088839
0.00010783985
0.00010679731
0.00010576906
0.00010474352
0.00010373402
0.00010272878
0.00010174072
0.00010075815
9.9793307e-05
9.8835453e-05
9.7894893e-05
9.6962972e-05
9.6046823e-05
9.5141815e-05
9.4250097e-05
9.3373568e-05
9.2506345e-05
9.1659629e-05
9.0815954e-05
9.0000046e-05
8.9178238e-05
8.8393805e-05
8.759108e-05
8.6838387e-05
8.6051217e-05
8.5330556e-05
8.4555221e-05
8.3866865e-05
8.3099692e-05
8.2444372e-05
8.1682063e-05
8.1060115e-05
8.0299382e-05
7.9710254e-05
7.894815e-05
7.8390837e-05
7.7623433e-05
7.7099699e-05
7.6315963e-05
7.5840103e-05
7.5011625e-05
7.4614704e-05
7.3664588e-05
6.2443355e-05
6.2955241e-05
6.3839559e-05
6.4493127e-05
6.5195986e-05
6.5936287e-05
6.6707814e-05
6.7507058e-05
6.8332287e-05
6.9182881e-05
7.0058943e-05
7.0960806e-05
7.1889017e-05
7.2843846e-05
7.3826374e-05
7.4836665e-05
7.5875286e-05
7.6943086e-05
7.8040136e-05
7.9167566e-05
8.0324585e-05
8.1512741e-05
8.2730314e-05
8.3979351e-05
8.5257884e-05
8.6566403e-05
8.7901949e-05
8.9265408e-05
9.0652946e-05
9.2065621e-05
9.3498359e-05
9.4952891e-05
9.6422698e-05
9.7910484e-05
9.9408165e-05
0.00010091981
0.00010243533
0.00010396041
0.00010548352
0.00010701162
0.0001085318
0.00011005249
0.00011155905
0.00011306243
0.0001145447
0.00011602084
0.00011746699
0.00011891441
0.00012032895
0.00012171468
0.00012308275
0.00012441278
0.00012571675
0.00012698562
0.00012821794
0.00012941318
0.00013056811
0.00013168204
0.000132751
0.00013377396
0.00013474922
0.00013567431
0.00013654828
0.0001373692
0.00013813609
0.0001388476
0.00013950262
0.00014010035
0.00014064003
0.00014112174
0.00014154511
0.00014191071
0.00014221749
0.00014246622
0.00014265696
0.00014279133
0.00014286958
0.00014289298
0.00014286191
0.00014277844
0.00014264212
0.00014245599
0.00014221904
0.00014193531
0.00014160292
0.00014122696
0.00014080492
0.00014034261
0.0001398374
0.00013929551
0.00013871387
0.00013809848
0.00013744603
0.00013676326
0.00013604659
0.00013530279
0.0001345281
0.00013372856
0.00013290049
0.00013204989
0.00013117305
0.00013027599
0.00012935491
0.00012841607
0.0001274557
0.00012648068
0.00012548705
0.00012448253
0.00012346266
0.00012243625
0.00012139823
0.00012035812
0.00011930981
0.00011826394
0.00011721256
0.00011616767
0.00011511898
0.00011408018
0.00011303856
0.00011200948
0.00011097861
0.00010996228
0.00010894528
0.00010794449
0.00010694387
0.00010596063
0.00010497856
0.00010401435
0.00010305243
0.00010210793
0.00010116742
0.00010024317
9.932595e-05
9.8422725e-05
9.7530711e-05
9.664846e-05
9.5783069e-05
9.4920847e-05
9.4083057e-05
9.3238889e-05
9.2429322e-05
9.1600558e-05
9.0819871e-05
9.0003611e-05
8.9252565e-05
8.8445684e-05
8.7725489e-05
8.6924877e-05
8.623682e-05
8.5438881e-05
8.4784125e-05
8.3984438e-05
8.3365011e-05
8.2556369e-05
8.1978866e-05
8.1145517e-05
8.062876e-05
7.9740652e-05
7.9312353e-05
7.8286224e-05
6.697e-05
6.7529143e-05
6.819636e-05
6.8791948e-05
6.9428721e-05
7.0098467e-05
7.0795961e-05
7.151848e-05
7.2264391e-05
7.3033412e-05
7.3825139e-05
7.4640392e-05
7.5479178e-05
7.6342442e-05
7.7230362e-05
7.8144442e-05
7.9085334e-05
8.0054329e-05
8.1051177e-05
8.2077282e-05
8.313186e-05
8.4216851e-05
8.5331039e-05
8.6476214e-05
8.7650528e-05
8.8855905e-05
9.0089932e-05
9.1354601e-05
9.264647e-05
9.3967701e-05
9.5313488e-05
9.6686285e-05
9.8080005e-05
9.9497593e-05
0.00010093159
0.00010238566
0.00010385082
0.00010533161
0.00010681754
0.0001083145
0.00010981016
0.00011131249
0.00011280641
0.0001143032
0.00011578346
0.00011726405
0.00011871774
0.00012017247
0.00012158531
0.00012300295
0.00012439483
0.00012574444
0.00012707943
0.00012837709
0.00012964113
0.00013087262
0.00013206563
0.00013321929
0.0001343328
0.00013540344
0.00013642798
0.00013740444
0.00013833188
0.00013920826
0.00014003284
0.00014080402
0.0001415207
0.00014218206
0.00014278744
0.00014333696
0.00014382994
0.00014426706
0.00014464709
0.00014497123
0.00014523922
0.00014545263
0.0001456114
0.00014571708
0.00014576917
0.00014576973
0.00014571803
0.00014561683
0.00014546514
0.00014526652
0.00014501937
0.00014472792
0.00014439035
0.00014401126
0.00014358889
0.00014312853
0.0001426279
0.00014209202
0.00014151831
0.00014091275
0.00014027249
0.00013960365
0.00013890302
0.00013817632
0.00013742014
0.00013664026
0.0001358326
0.0001350031
0.00013414744
0.0001332722
0.00013237275
0.00013145665
0.00013051892
0.00012956818
0.00012859876
0.00012762087
0.0001266279
0.00012563096
0.0001246221
0.00012361396
0.00012259641
0.00012158365
0.00012056293
0.00011955038
0.00011853065
0.00011752169
0.00011650635
0.00011550402
0.00011449591
0.00011350293
0.00011250463
0.00011152327
0.00011053705
0.00010956919
0.00010859695
0.00010764368
0.00010668682
0.00010574906
0.00010480967
0.0001038888
0.00010296926
0.00010206607
0.00010116822
0.00010028251
9.9407597e-05
9.8538113e-05
9.7687052e-05
9.6831946e-05
9.6005761e-05
9.5162895e-05
9.4362885e-05
9.3529674e-05
9.2757665e-05
9.1931104e-05
9.1189449e-05
9.0365515e-05
8.965723e-05
8.8829985e-05
8.8160117e-05
8.7319389e-05
8.6698755e-05
8.5825284e-05
8.527571e-05
8.4339447e-05
8.3885152e-05
8.2794766e-05
7.0444755e-05
7.0912203e-05
7.1411243e-05
7.1946822e-05
7.2515626e-05
7.3111946e-05
7.3732419e-05
7.4375144e-05
7.5038319e-05
7.5722123e-05
7.6426029e-05
7.7151078e-05
7.789723e-05
7.866556e-05
7.9456282e-05
8.0270717e-05
8.1108624e-05
8.1971812e-05
8.2860207e-05
8.3775797e-05
8.4718055e-05
8.5689185e-05
8.6688183e-05
8.7717471e-05
8.8775687e-05
8.9865027e-05
9.0983638e-05
9.213391e-05
9.3313252e-05
9.4524258e-05
9.5763311e-05
9.7033104e-05
9.8328919e-05
9.9653539e-05
0.00010100104
0.00010237443
0.00010376642
0.0001051805
0.00010660782
0.00010805297
0.00010950511
0.00011097068
0.00011243609
0.00011391052
0.00011537656
0.00011684772
0.00011830124
0.00011975726
0.00012118546
0.00012261425
0.00012400386
0.00012538861
0.00012676226
0.00012808402
0.00012938384
0.000130656
0.00013188946
0.00013308737
0.00013424769
0.00013536781
0.00013644335
0.00013747392
0.00013845824
0.00013939398
0.00014028065
0.00014111605
0.00014189931
0.0001426296
0.00014330635
0.00014392959
0.00014449877
0.00014501442
0.00014547624
0.00014588486
0.00014623933
0.00014654097
0.0001467896
0.00014698665
0.00014713129
0.00014722537
0.00014726795
0.00014726138
0.00014720483
0.00014710132
0.0001469497
0.00014675331
0.00014651087
0.00014622638
0.00014589839
0.00014553143
0.00014512395
0.00014468008
0.00014419787
0.00014368274
0.00014313233
0.00014255247
0.00014194015
0.000141301
0.00014063139
0.00013993725
0.0001392142
0.00013846821
0.00013769433
0.00013689957
0.00013607835
0.0001352389
0.00013437521
0.00013349676
0.00013259701
0.00013168727
0.00013075933
0.00012982584
0.00012887706
0.00012792751
0.00012696491
0.00012600559
0.00012503437
0.00012406956
0.00012309325
0.00012212588
0.00012114746
0.00012018043
0.00011920236
0.0001182382
0.00011726306
0.00011630431
0.00011533449
0.00011438343
0.00011342119
0.00011247934
0.00011152608
0.00011059457
0.00010965248
0.00010873311
0.00010780489
0.00010689923
0.00010598715
0.00010509575
0.00010420132
0.00010332358
0.00010244795
0.00010158269
0.00010072723
9.9872995e-05
9.9039578e-05
9.819429e-05
9.7385485e-05
9.6546179e-05
9.5765479e-05
9.4927645e-05
9.4179934e-05
9.3336231e-05
9.2629317e-05
9.1767188e-05
9.1115227e-05
9.021325e-05
8.9639702e-05
8.8668867e-05
8.8195253e-05
8.7056837e-05
7.1914483e-05
7.2336541e-05
7.2781782e-05
7.325066e-05
7.3746994e-05
7.4262244e-05
7.4802053e-05
7.5359193e-05
7.5931988e-05
7.6524243e-05
7.7135068e-05
7.7765207e-05
7.8414407e-05
7.908359e-05
7.9773159e-05
8.04845e-05
8.1217694e-05
8.1974146e-05
8.2753855e-05
8.3558658e-05
8.4388331e-05
8.5244881e-05
8.612776e-05
8.7039154e-05
8.7978297e-05
8.8947384e-05
8.9945229e-05
9.0974104e-05
9.2032394e-05
9.3122536e-05
9.4242429e-05
9.5394402e-05
9.6575633e-05
9.7788429e-05
9.9029047e-05
0.00010029968
0.00010159549
0.0001029188
0.00010426343
0.00010563222
0.00010701733
0.00010842239
0.00010983782
0.00011126821
0.00011270195
0.00011414502
0.00011558458
0.00011702711
0.00011846006
0.00011988808
0.00012130318
0.00012269993
0.00012408714
0.00012543807
0.00012678906
0.00012810659
0.00012938178
0.0001306328
0.00013185148
0.00013303199
0.00013417016
0.0001352692
0.00013632537
0.00013733643
0.00013830197
0.00013921863
0.00014008637
0.00014090415
0.00014167135
0.0001423877
0.00014305268
0.00014366656
0.00014422818
0.00014473879
0.00014519733
0.00014560488
0.00014596142
0.00014626788
0.00014652328
0.00014672915
0.00014688439
0.00014699079
0.00014704767
0.00014705762
0.00014701995
0.00014693718
0.00014680844
0.000146637
0.00014642232
0.00014616808
0.00014587355
0.00014554215
0.00014517188
0.00014476772
0.00014432756
0.00014385723
0.00014335368
0.00014282295
0.00014226111
0.00014167401
0.00014105698
0.0001404161
0.00013974574
0.00013905339
0.00013833254
0.00013759202
0.00013682489
0.00013604126
0.00013523339
0.00013441402
0.00013357354
0.00013272609
0.00013186021
0.00013099216
0.0001301076
0.00012922484
0.00012832633
0.00012743242
0.00012652288
0.00012562042
0.00012470207
0.00012379329
0.0001228681
0.00012195529
0.00012102574
0.00012011178
0.00011918052
0.0001182682
0.00011733789
0.00011642912
0.00011550111
0.00011459708
0.00011367346
0.00011277619
0.00011185983
0.00011097157
0.00011006522
0.00010918732
0.00010829277
0.00010742515
0.00010654371
0.00010568577
0.00010481916
0.00010397
0.00010312069
0.0001022787
0.00010145008
0.00010061233
9.9809054e-05
9.8970563e-05
9.8199255e-05
9.7351567e-05
9.6622318e-05
9.5751258e-05
9.5080572e-05
9.4163818e-05
9.3575805e-05
9.2585754e-05
9.2100675e-05
9.0934678e-05
7.046681e-05
7.082002e-05
7.1191486e-05
7.1584035e-05
7.1997938e-05
7.2431925e-05
7.288469e-05
7.3356067e-05
7.3844711e-05
7.4351241e-05
7.4875079e-05
7.5420263e-05
7.5979425e-05
7.6557169e-05
7.715589e-05
7.7774947e-05
7.8414447e-05
7.9075581e-05
7.9758458e-05
8.0464439e-05
8.1193483e-05
8.194714e-05
8.2725274e-05
8.3529538e-05
8.4359637e-05
8.5217379e-05
8.6102261e-05
8.7016056e-05
8.7958079e-05
8.8930147e-05
8.9931522e-05
9.0963768e-05
9.2025971e-05
9.3119475e-05
9.4242957e-05
9.5397445e-05
9.6581045e-05
9.7794624e-05
9.9035601e-05
0.00010030465
0.0001015985
0.00010291727
0.00010425727
0.0001056176
0.00010699457
0.00010838585
0.00010978891
0.00011119875
0.00011261625
0.0001140312
0.00011545108
0.00011685671
0.00011826533
0.0001196478
0.00012103091
0.00012237877
0.00012370963
0.00012503341
0.00012631906
0.00012756547
0.00012877865
0.00012996517
0.00013111142
0.00013221891
0.00013328597
0.00013430776
0.00013528676
0.00013622045
0.00013710763
0.00013794757
0.00013873947
0.00013948366
0.00014017874
0.00014082524
0.00014142187
0.00014196949
0.00014246841
0.00014291872
0.00014331928
0.00014367129
0.00014397339
0.00014422657
0.00014443024
0.00014458672
0.00014469587
0.00014475945
0.00014477688
0.00014475065
0.00014468119
0.00014457151
0.00014442083
0.00014423204
0.00014400349
0.00014374008
0.00014343969
0.00014310824
0.00014274258
0.00014234907
0.00014192369
0.00014147231
0.00014099005
0.00014048304
0.00013994497
0.00013938386
0.00013879226
0.00013817958
0.00013753792
0.00013687856
0.0001361922
0.00013549274
0.0001347696
0.00013403803
0.00013328478
0.00013252769
0.00013175039
0.00013097319
0.00013017618
0.00012938156
0.0001285667
0.00012775658
0.00012692546
0.00012610172
0.000125256
0.00012442069
0.00012356273
0.00012271909
0.00012185171
0.00012100301
0.00012012946
0.00011927838
0.00011840038
0.00011754798
0.00011666698
0.00011581511
0.00011493404
0.00011408562
0.00011320777
0.00011236501
0.00011149259
0.00011065594
0.00010979036
0.00010895956
0.00010810277
0.00010727737
0.00010643238
0.00010561119
0.0001047823
0.00010396243
0.00010315542
0.0001023316
0.00010155452
0.0001007176
9.9982211e-05
9.9117228e-05
9.8441428e-05
9.7526159e-05
9.6934216e-05
9.5942291e-05
9.545483e-05
9.4286038e-05
6.4345468e-05
6.4666703e-05
6.5003031e-05
6.5356211e-05
6.5726324e-05
6.6113516e-05
6.6516936e-05
6.6936752e-05
6.7372408e-05
6.7824314e-05
6.8292336e-05
6.8779733e-05
6.9279909e-05
6.979723e-05
7.033361e-05
7.0888591e-05
7.146211e-05
7.2055294e-05
7.2668146e-05
7.3301859e-05
7.3956303e-05
7.4632863e-05
7.5331272e-05
7.6053025e-05
7.679773e-05
7.7566972e-05
7.8360441e-05
7.9179667e-05
8.0024344e-05
8.0895799e-05
8.179387e-05
8.2719496e-05
8.3673163e-05
8.4655036e-05
8.5665996e-05
8.6705565e-05
8.7774759e-05
8.887285e-05
9.0000434e-05
9.1156608e-05
9.2342309e-05
9.3554875e-05
9.4796354e-05
9.6061958e-05
9.7354516e-05
9.8667289e-05
0.00010000396
0.00010135548
0.00010272736
0.00010410714
0.0001055035
0.00010690016
0.00010830833
0.0001097095
0.00011111476
0.00011250659
0.00011389316
0.00011525541
0.0001166217
0.00011793116
0.00011924578
0.00012054519
0.00012179604
0.0001230246
0.00012421808
0.00012537417
0.00012649891
0.00012758354
0.00012862686
0.00012962834
0.00013058636
0.00013150164
0.00013237226
0.00013319695
0.00013397616
0.00013470987
0.00013539839
0.00013604031
0.00013663448
0.00013718179
0.00013768019
0.00013812943
0.00013852879
0.00013888046
0.00013918516
0.00013944398
0.00013965658
0.0001398243
0.00013994873
0.00014003208
0.00014007392
0.00014007619
0.00014003721
0.00013996222
0.00013984857
0.00013970219
0.00013951996
0.00013930847
0.00013906364
0.00013879153
0.00013848729
0.00013815701
0.00013779376
0.00013740616
0.00013698581
0.00013654259
0.00013606781
0.00013557353
0.00013504933
0.00013450999
0.00013394337
0.0001333661
0.00013276337
0.00013215451
0.00013152121
0.00013088583
0.00013022602
0.00012956636
0.00012888142
0.00012819833
0.00012748869
0.0001267837
0.0001260509
0.0001253259
0.00012457216
0.00012383072
0.000123059
0.00012230495
0.00012151927
0.00012075631
0.0001199587
0.00011918737
0.00011837841
0.00011760017
0.00011678279
0.00011600127
0.00011517949
0.00011439796
0.00011357459
0.000112794
0.00011197049
0.00011119077
0.0001103691
0.00010959003
0.00010877369
0.00010799447
0.00010718865
0.00010640663
0.00010561811
0.00010482797
0.00010406585
0.00010325822
0.00010253521
0.00010169513
0.00010102974
0.00010013572
9.9552262e-05
9.8578785e-05
9.8099519e-05
9.6957989e-05
5.1857976e-05
5.2222084e-05
5.2596454e-05
5.2981035e-05
5.3375478e-05
5.3781018e-05
5.4196579e-05
5.4624027e-05
5.5061935e-05
5.5512535e-05
5.5974668e-05
5.6450059e-05
5.6938417e-05
5.7441029e-05
5.7957909e-05
5.8490471e-05
5.9038426e-05
5.9603071e-05
6.0184084e-05
6.0783142e-05
6.1399511e-05
6.2035305e-05
6.2689069e-05
6.3362881e-05
6.4055162e-05
6.4768527e-05
6.5501356e-05
6.625626e-05
6.7031414e-05
6.7829713e-05
6.8648841e-05
6.9491604e-05
7.0357787e-05
7.1247391e-05
7.2162927e-05
7.3101864e-05
7.4068256e-05
7.5059645e-05
7.6077437e-05
7.7122442e-05
7.8196531e-05
7.9295942e-05
8.0427941e-05
8.1584269e-05
8.2773137e-05
8.3986036e-05
8.5228828e-05
8.6494537e-05
8.7786643e-05
8.9098711e-05
9.0435136e-05
9.1788461e-05
9.3161321e-05
9.4547271e-05
9.5946878e-05
9.7354108e-05
9.8767366e-05
0.00010018012
0.00010159075
0.00010299818
0.00010438511
0.00010577989
0.00010714497
0.00010851859
0.00010984385
0.00011116598
0.00011248279
0.00011375487
0.0001149948
0.00011620311
0.00011737341
0.00011851026
0.00011960854
0.00012066174
0.00012167765
0.00012265374
0.00012358908
0.00012448138
0.00012533054
0.0001261344
0.00012689102
0.00012759847
0.00012825601
0.0001288651
0.00012942875
0.0001299478
0.00013042195
0.00013085091
0.00013123774
0.00013158284
0.00013188545
0.00013214677
0.00013236444
0.00013254528
0.00013268483
0.00013278885
0.0001328549
0.0001328893
0.00013288822
0.00013285787
0.00013279381
0.00013270178
0.0001325743
0.00013242068
0.00013223161
0.00013201702
0.00013176783
0.0001314964
0.00013119139
0.00013086837
0.00013051371
0.00013014505
0.00012974593
0.0001293371
0.00012889832
0.00012845435
0.00012798035
0.00012750322
0.00012699524
0.00012648543
0.00012594286
0.00012540144
0.00012482596
0.00012425482
0.00012364854
0.00012305145
0.00012241712
0.00012179818
0.0001211404
0.00012050431
0.00011982576
0.00011917287
0.00011847327
0.00011780435
0.00011708657
0.00011640614
0.00011567529
0.00011498798
0.00011424766
0.00011355497
0.00011280662
0.00011210841
0.00011135374
0.00011064973
0.00010989245
0.00010918238
0.00010842868
0.00010771057
0.0001069681
0.0001062367
0.000105515
0.00010476122
0.00010407322
0.00010328272
0.00010264692
0.00010179924
0.00010124003
0.00010031023
9.98519e-05
9.8774762e-05
3.5732457e-05
3.608355e-05
3.6423132e-05
3.6755832e-05
3.7087496e-05
3.7421359e-05
3.7759259e-05
3.810674e-05
3.8460692e-05
3.8829843e-05
3.9211032e-05
3.9604851e-05
4.0017062e-05
4.0443613e-05
4.0889087e-05
4.1351437e-05
4.18315e-05
4.2328656e-05
4.2845662e-05
4.3382775e-05
4.3933494e-05
4.4504447e-05
4.5091238e-05
4.5691892e-05
4.6313295e-05
4.695124e-05
4.7605334e-05
4.8276646e-05
4.8958067e-05
4.9663351e-05
5.0375338e-05
5.1113704e-05
5.1866016e-05
5.2636261e-05
5.3435956e-05
5.4244682e-05
5.5084959e-05
5.5938326e-05
5.6804337e-05
5.7703959e-05
5.8627075e-05
5.9573427e-05
6.0561477e-05
6.1565696e-05
6.2610293e-05
6.3679978e-05
6.4781544e-05
6.5916339e-05
6.7068345e-05
6.8258964e-05
6.9472118e-05
7.0718696e-05
7.1979624e-05
7.3283167e-05
7.4609602e-05
7.5977653e-05
7.7360987e-05
7.8778872e-05
8.0200734e-05
8.1642072e-05
8.3080979e-05
8.4538728e-05
8.6001458e-05
8.7485349e-05
8.8969632e-05
9.0462485e-05
9.1954124e-05
9.3426819e-05
9.4886776e-05
9.6327683e-05
9.7730406e-05
9.9126102e-05
0.00010048116
0.00010179149
0.0001030959
0.00010436241
0.00010558845
0.0001067832
0.00010794868
0.00010908058
0.00011017392
0.00011122064
0.00011221982
0.00011316636
0.00011407141
0.00011493782
0.00011576304
0.00011653801
0.00011727577
0.00011797293
0.0001186262
0.00011923648
0.00011979778
0.00012032094
0.0001207976
0.00012123555
0.00012163532
0.0001220008
0.00012232992
0.00012262825
0.00012289122
0.00012312347
0.00012331735
0.00012348243
0.00012360843
0.00012370471
0.00012376234
0.00012379328
0.00012378578
0.00012375542
0.00012368734
0.0001236001
0.00012347546
0.0001233357
0.00012315878
0.00012297242
0.00012274895
0.00012251799
0.00012224981
0.00012197521
0.00012166071
0.00012134297
0.00012098435
0.00012062556
0.00012022472
0.0001198285
0.00011938752
0.00011895773
0.00011848137
0.00011802416
0.0001175164
0.00011703192
0.00011649139
0.00011597937
0.00011540895
0.0001148752
0.00011428143
0.00011373227
0.00011311991
0.00011255742
0.00011192774
0.0001113515
0.00011070562
0.00011011513
0.0001094566
0.00010885214
0.00010818799
0.00010756839
0.00010690715
0.00010626809
0.00010561936
0.00010495245
0.00010432864
0.00010362055
0.00010303951
0.00010227092
0.00010175696
0.00010090371
0.0001004818
9.9517297e-05
2.3613974e-05
2.3759272e-05
2.3938501e-05
2.3907654e-05
2.4061611e-05
2.4218118e-05
2.4399033e-05
2.4621415e-05
2.4626895e-05
2.4817576e-05
2.508325e-05
2.5093628e-05
2.532774e-05
2.5522443e-05
2.5778991e-05
2.5997366e-05
2.6325759e-05
2.6343572e-05
2.663893e-05
2.693029e-05
2.722547e-05
2.7444953e-05
2.7833002e-05
2.7921708e-05
2.8288502e-05
2.8634119e-05
2.9032299e-05
2.9449361e-05
2.9742699e-05
3.0196547e-05
3.0669724e-05
3.1062773e-05
3.1673107e-05
3.1886061e-05
3.2764785e-05
3.3096756e-05
3.3890501e-05
3.4588221e-05
3.4964682e-05
3.557852e-05
3.6066399e-05
3.6642977e-05
3.7309059e-05
3.7993519e-05
3.8701871e-05
3.9511707e-05
4.0340908e-05
4.1515953e-05
4.2191764e-05
4.3357441e-05
4.4334936e-05
4.5329079e-05
4.6168411e-05
4.720764e-05
4.81782e-05
4.9390353e-05
5.0548523e-05
5.1886546e-05
5.3151052e-05
5.44615e-05
5.5780025e-05
5.7119526e-05
5.8520445e-05
5.9996605e-05
6.1479355e-05
6.302472e-05
6.4567625e-05
6.6094008e-05
6.7664896e-05
6.9217381e-05
7.072933e-05
7.2336498e-05
7.3913568e-05
7.5475899e-05
7.7004863e-05
7.8516422e-05
8.0014669e-05
8.1521376e-05
8.3034699e-05
8.4544525e-05
8.6039139e-05
8.7496583e-05
8.8919562e-05
9.0259964e-05
9.158818e-05
9.2895206e-05
9.416991e-05
9.5342982e-05
9.651577e-05
9.7660701e-05
9.8764675e-05
9.982381e-05
0.0001008219
0.00010179141
0.0001027043
0.00010357943
0.00010442473
0.00010523465
0.00010601657
0.00010676855
0.0001074821
0.00010815899
0.00010879117
0.00010938846
0.00010994006
0.00011045431
0.00011092397
0.00011135921
0.00011174968
0.00011210933
0.00011242275
0.00011270861
0.00011294777
0.00011316527
0.0001133372
0.00011349481
0.00011360645
0.00011370537
0.00011376001
0.00011380302
0.00011379796
0.00011378445
0.00011372212
0.0001136539
0.00011353557
0.00011341542
0.00011324214
0.00011307303
0.00011284891
0.00011263932
0.0001123706
0.00011212066
0.0001118049
0.00011151298
0.00011115336
0.00011082721
0.00011043194
0.00011007957
0.00010965461
0.00010927863
0.00010882492
0.00010842452
0.00010794214
0.00010751629
0.00010700843
0.00010655852
0.00010603325
0.00010555961
0.00010502635
0.0001045261
0.00010399389
0.00010345944
0.00010293921
0.00010235849
0.00010186673
0.00010122161
0.00010078182
0.00010004993
9.9683214e-05
9.8898186e-05
1.2776493e-05
1.2847966e-05
1.2913927e-05
1.301086e-05
1.2988941e-05
1.302422e-05
1.3100447e-05
1.3211932e-05
1.3192753e-05
1.3230608e-05
1.3285793e-05
1.3351514e-05
1.340656e-05
1.3493522e-05
1.3519864e-05
1.3623509e-05
1.3697964e-05
1.3775989e-05
1.3768121e-05
1.3805189e-05
1.39132e-05
1.4021907e-05
1.4168437e-05
1.4088457e-05
1.4210369e-05
1.4281255e-05
1.4389054e-05
1.4529293e-05
1.4719927e-05
1.4923311e-05
1.5087529e-05
1.5296287e-05
1.5346824e-05
1.5439587e-05
1.5632088e-05
1.5996724e-05
1.6274225e-05
1.6518655e-05
1.6778664e-05
1.7036885e-05
1.7311865e-05
1.7628404e-05
1.7923784e-05
1.8266675e-05
1.868165e-05
1.9091689e-05
1.955974e-05
2.0035392e-05
2.0535105e-05
2.1041445e-05
2.150096e-05
2.2052881e-05
2.2580251e-05
2.321249e-05
2.3785681e-05
2.439829e-05
2.5244835e-05
2.5686917e-05
2.6650393e-05
2.7303388e-05
2.867262e-05
2.8801772e-05
3.010146e-05
3.207944e-05
3.3579418e-05
3.4877077e-05
3.5771602e-05
3.6608141e-05
3.7698235e-05
3.8562528e-05
3.9202393e-05
4.0793335e-05
4.2847004e-05
4.4641216e-05
4.6119539e-05
4.7681969e-05
4.8819067e-05
5.0316484e-05
5.1686521e-05
5.3353974e-05
5.4996441e-05
5.6692245e-05
5.838205e-05
5.9999653e-05
6.1780023e-05
6.3334252e-05
6.5163554e-05
6.6331286e-05
6.7844005e-05
6.9410681e-05
7.1001805e-05
7.2551566e-05
7.4001653e-05
7.5478266e-05
7.6861999e-05
7.8251986e-05
7.9641313e-05
8.1014865e-05
8.242404e-05
8.3792491e-05
8.511141e-05
8.6384776e-05
8.7595719e-05
8.8752916e-05
8.9848746e-05
9.0892784e-05
9.1884443e-05
9.2830542e-05
9.3727474e-05
9.4582808e-05
9.5387037e-05
9.6156325e-05
9.6869588e-05
9.7559225e-05
9.8195039e-05
9.8811355e-05
9.9369699e-05
9.9907979e-05
0.00010039401
0.00010086244
0.00010127189
0.00010166656
0.00010200169
0.00010232402
0.00010258525
0.00010283701
0.00010302571
0.00010320817
0.0001033269
0.00010345356
0.0001035122
0.00010358315
0.000103578
0.00010358941
0.00010352435
0.00010348678
0.0001033712
0.00010329343
0.00010313375
0.0001030184
0.00010281519
0.00010266129
0.00010241343
0.0001022196
0.00010193023
0.00010169995
0.00010137813
0.000101114
0.00010077048
0.00010047197
0.00010011443
9.9774066e-05
9.9410432e-05
9.9017673e-05
9.8662172e-05
9.8200389e-05
9.7874233e-05
9.732531e-05
9.7034203e-05
9.6527003e-05
5.0212817e-06
5.0358181e-06
5.0493123e-06
5.0659752e-06
5.082351e-06
5.1010221e-06
5.119536e-06
5.1395035e-06
5.1592763e-06
5.178931e-06
5.1990587e-06
5.217453e-06
5.2375307e-06
5.254247e-06
5.2741622e-06
5.2901826e-06
5.3101833e-06
5.3268681e-06
5.3477244e-06
5.3658359e-06
5.3883506e-06
5.4095064e-06
5.4344619e-06
5.4592843e-06
5.4874316e-06
5.5163086e-06
5.548954e-06
5.582837e-06
5.6209344e-06
5.6599278e-06
5.7036566e-06
5.7484375e-06
5.7976445e-06
5.8480939e-06
5.9021814e-06
5.9597454e-06
6.0210935e-06
6.0862881e-06
6.1532579e-06
6.2301455e-06
6.2994309e-06
6.3473525e-06
6.4182287e-06
6.4994354e-06
6.6128043e-06
6.6464914e-06
6.7583493e-06
6.9021091e-06
6.9492015e-06
7.087034e-06
7.2392671e-06
7.3994736e-06
7.6041031e-06
7.6543817e-06
7.8551725e-06
8.1154213e-06
8.1706001e-06
8.4354858e-06
8.7277837e-06
9.044912e-06
9.3927985e-06
9.7711227e-06
1.0335149e-05
1.0414443e-05
1.0816956e-05
1.1402915e-05
1.2139231e-05
1.2704867e-05
1.3178726e-05
1.4057863e-05
1.3957938e-05
1.5564189e-05
1.5676332e-05
1.7520154e-05
1.8991377e-05
2.0039639e-05
2.1294962e-05
2.2306133e-05
2.3187733e-05
2.4152111e-05
2.5284648e-05
2.5837341e-05
2.6122641e-05
2.7713837e-05
3.0346565e-05
3.1745914e-05
3.2700799e-05
3.3180654e-05
3.5842387e-05
3.6740611e-05
3.9306169e-05
4.1470922e-05
4.2823994e-05
4.44459e-05
4.5533993e-05
4.7023687e-05
4.8470943e-05
5.0371236e-05
5.2107472e-05
5.3810457e-05
5.5673107e-05
5.7545717e-05
5.9287957e-05
6.0932368e-05
6.2505107e-05
6.4032958e-05
6.5532807e-05
6.7002211e-05
6.8453204e-05
6.9867673e-05
7.1257736e-05
7.260222e-05
7.3902575e-05
7.521074e-05
7.6441129e-05
7.7642883e-05
7.8766902e-05
7.9853004e-05
8.0882411e-05
8.1891758e-05
8.2826259e-05
8.3738937e-05
8.4576307e-05
8.5396516e-05
8.6139813e-05
8.6873245e-05
8.7529294e-05
8.8171538e-05
8.8747939e-05
8.9324844e-05
8.9825708e-05
9.0330834e-05
9.074825e-05
9.1171983e-05
9.1510631e-05
9.1866846e-05
9.2134411e-05
9.2429858e-05
9.2632703e-05
9.2870922e-05
9.3010833e-05
9.3192319e-05
9.3267761e-05
9.339181e-05
9.3407268e-05
9.3480726e-05
9.3445551e-05
9.3474445e-05
9.3401373e-05
9.3388511e-05
9.3281878e-05
9.3216937e-05
9.3079344e-05
9.2954465e-05
9.2797367e-05
9.2598519e-05
9.2438697e-05
9.2156416e-05
9.1961763e-05
9.1877755e-05
1.4606061e-06
1.4607301e-06
1.4610861e-06
1.4610586e-06
1.4612682e-06
1.4610916e-06
1.4611909e-06
1.460977e-06
1.4611357e-06
1.4610447e-06
1.461404e-06
1.4615552e-06
1.4621743e-06
1.4626337e-06
1.4635066e-06
1.4642968e-06
1.4653813e-06
1.466491e-06
1.4677394e-06
1.4691319e-06
1.4705139e-06
1.4721421e-06
1.473678e-06
1.4754974e-06
1.4772584e-06
1.4792293e-06
1.4813189e-06
1.4834232e-06
1.4859391e-06
1.4881891e-06
1.4911853e-06
1.4936225e-06
1.4970997e-06
1.4997874e-06
1.5037093e-06
1.506721e-06
1.5110394e-06
1.5144625e-06
1.519141e-06
1.5230655e-06
1.5281224e-06
1.5327523e-06
1.5381179e-06
1.5432403e-06
1.5494859e-06
1.5551257e-06
1.5623416e-06
1.5687337e-06
1.5772836e-06
1.5845207e-06
1.594816e-06
1.6031636e-06
1.6157998e-06
1.6254667e-06
1.6405883e-06
1.6521962e-06
1.6707136e-06
1.6845956e-06
1.7074394e-06
1.724661e-06
1.7535649e-06
1.7754196e-06
1.8130741e-06
1.8397512e-06
1.8868839e-06
1.9211874e-06
1.9838732e-06
2.0315161e-06
2.1133398e-06
2.17712e-06
2.2913998e-06
2.3555368e-06
2.5017101e-06
2.6051024e-06
2.8322117e-06
2.9872861e-06
3.2810473e-06
3.5077792e-06
3.8207521e-06
4.073843e-06
4.6366031e-06
4.7619648e-06
5.4003292e-06
5.8939051e-06
6.618449e-06
6.9880944e-06
7.872807e-06
8.425792e-06
9.40689e-06
1.0472907e-05
1.2038557e-05
1.3335598e-05
1.4597304e-05
1.5707854e-05
1.6921147e-05
1.7570239e-05
1.8815893e-05
1.9717012e-05
2.1746416e-05
2.1983467e-05
2.3995209e-05
2.7282716e-05
2.9729722e-05
3.1783682e-05
3.3633062e-05
3.5409113e-05
3.7105589e-05
3.8778376e-05
4.0414507e-05
4.201744e-05
4.3516651e-05
4.5048616e-05
4.6525864e-05
4.8102788e-05
4.9400206e-05
5.0840179e-05
5.2227069e-05
5.3508847e-05
5.4884219e-05
5.6330309e-05
5.7708853e-05
5.9092427e-05
6.0410357e-05
6.1752352e-05
6.3017347e-05
6.4331198e-05
6.5522217e-05
6.6750457e-05
6.7920118e-05
6.9070673e-05
7.0141895e-05
7.120688e-05
7.2167269e-05
7.3120955e-05
7.3979625e-05
7.4840409e-05
7.5598086e-05
7.6369687e-05
7.7036757e-05
7.7729713e-05
7.8314891e-05
7.8933652e-05
7.9436712e-05
7.9986663e-05
8.0415991e-05
8.0900022e-05
8.1257431e-05
8.1687207e-05
8.198763e-05
8.2369659e-05
8.2608745e-05
8.2920846e-05
8.309292e-05
8.3335504e-05
8.3453012e-05
8.3619078e-05
8.36928e-05
8.3786597e-05
8.3719564e-05
8.4244317e-05
5.1010559e-07
5.0966242e-07
5.0945034e-07
5.0900463e-07
5.0879603e-07
5.08379e-07
5.0817324e-07
5.0778987e-07
5.075861e-07
5.0723471e-07
5.0703566e-07
5.0670918e-07
5.065222e-07
5.0620862e-07
5.0604494e-07
5.0572971e-07
5.0560082e-07
5.0527286e-07
5.0518458e-07
5.0484128e-07
5.0479035e-07
5.0443807e-07
5.0441464e-07
5.0406503e-07
5.0405667e-07
5.0372182e-07
5.0371618e-07
5.034067e-07
5.0339418e-07
5.0311614e-07
5.0309413e-07
5.0284514e-07
5.0282113e-07
5.0258942e-07
5.025788e-07
5.0234708e-07
5.0236682e-07
5.0211782e-07
5.0218121e-07
5.0190121e-07
5.0201689e-07
5.0169697e-07
5.0187096e-07
5.0150793e-07
5.017427e-07
5.0134272e-07
5.0163443e-07
5.012139e-07
5.0155411e-07
5.0113249e-07
5.0151889e-07
5.0110295e-07
5.0155174e-07
5.0112699e-07
5.0166805e-07
5.0121465e-07
5.0186818e-07
5.0139598e-07
5.0214344e-07
5.0170456e-07
5.0250468e-07
5.021717e-07
5.0299991e-07
5.0282269e-07
5.0370763e-07
5.0366864e-07
5.0468503e-07
5.0472012e-07
5.0594806e-07
5.0601256e-07
5.0748435e-07
5.0764168e-07
5.0932814e-07
5.0977339e-07
5.1173923e-07
5.1288393e-07
5.1548001e-07
5.1797797e-07
5.2178536e-07
5.2559553e-07
5.3249756e-07
5.3842761e-07
5.4842578e-07
5.602746e-07
5.7520072e-07
5.96284e-07
6.1872731e-07
6.5499006e-07
6.9026506e-07
7.4969711e-07
8.1115275e-07
9.1175325e-07
1.0197739e-06
1.1695444e-06
1.3369179e-06
1.5698141e-06
1.7933149e-06
2.139999e-06
2.3972702e-06
2.8771256e-06
3.3376342e-06
3.8658623e-06
4.5421313e-06
5.4051079e-06
6.290176e-06
7.6342692e-06
8.856105e-06
1.0194776e-05
1.1415541e-05
1.2464599e-05
1.2986826e-05
1.4637296e-05
1.6942635e-05
1.9132892e-05
2.0802004e-05
2.2147221e-05
2.301065e-05
2.3566742e-05
2.5464777e-05
2.8171143e-05
3.0518713e-05
3.2493237e-05
3.4198585e-05
3.5840217e-05
3.7399707e-05
3.8977615e-05
4.042103e-05
4.1793832e-05
4.2992269e-05
4.4423578e-05
4.5761515e-05
4.7123214e-05
4.8415918e-05
4.9744288e-05
5.100322e-05
5.2286593e-05
5.3485601e-05
5.4721268e-05
5.5869503e-05
5.7067145e-05
5.8159509e-05
5.9295906e-05
6.032765e-05
6.1420795e-05
6.2363699e-05
6.3351171e-05
6.4199175e-05
6.5130868e-05
6.5899445e-05
6.6781944e-05
6.7442589e-05
6.8219652e-05
6.8764985e-05
6.9467894e-05
6.9927958e-05
7.056894e-05
7.094711e-05
7.1541559e-05
7.1686949e-05
7.2929308e-05
3.0695367e-07
3.068806e-07
3.0673989e-07
3.0666495e-07
3.0653181e-07
3.0645256e-07
3.0632679e-07
3.0624362e-07
3.0612375e-07
3.0603841e-07
3.0592225e-07
3.0583697e-07
3.0572236e-07
3.0563913e-07
3.0552459e-07
3.0544422e-07
3.0532985e-07
3.0525093e-07
3.0513915e-07
3.0505786e-07
3.0495271e-07
3.0486436e-07
3.0476933e-07
3.046709e-07
3.0458669e-07
3.0447826e-07
3.0440243e-07
3.0428675e-07
3.04215e-07
3.0409625e-07
3.0402376e-07
3.0390647e-07
3.0382902e-07
3.037169e-07
3.0363191e-07
3.035267e-07
3.0343406e-07
3.0333469e-07
3.0323684e-07
3.0313964e-07
3.0304073e-07
3.0294058e-07
3.0284545e-07
3.0273744e-07
3.0265013e-07
3.025317e-07
3.0245357e-07
3.0232618e-07
3.0225527e-07
3.0212387e-07
3.0205599e-07
3.0192706e-07
3.0185753e-07
3.0173558e-07
3.0166219e-07
3.0154582e-07
3.0147029e-07
3.0135377e-07
3.0127798e-07
3.0115587e-07
3.0108032e-07
3.0095075e-07
3.0087519e-07
3.00742e-07
3.0066274e-07
3.0053756e-07
3.0043924e-07
3.0033975e-07
3.0019802e-07
3.0013557e-07
2.9993109e-07
2.9989739e-07
2.9962916e-07
2.9959792e-07
2.9927955e-07
2.9922583e-07
2.9887667e-07
2.9879265e-07
2.9843813e-07
2.9832651e-07
2.9799612e-07
2.9786262e-07
2.9756606e-07
2.9742605e-07
2.9713392e-07
2.9701649e-07
2.9668791e-07
2.9661397e-07
2.9626425e-07
2.962308e-07
2.9595419e-07
2.9596772e-07
2.9589274e-07
2.9604861e-07
2.9630097e-07
2.9682759e-07
2.9765966e-07
2.989046e-07
3.0107672e-07
3.0392894e-07
3.080709e-07
3.1357451e-07
3.2331101e-07
3.3453736e-07
3.560344e-07
3.7970821e-07
4.2704814e-07
4.726484e-07
5.6418019e-07
6.4893785e-07
8.008693e-07
9.3091361e-07
1.1769225e-06
1.4283361e-06
1.8257298e-06
2.2361208e-06
2.7775958e-06
3.3098853e-06
4.0390573e-06
4.6541944e-06
5.6425645e-06
6.5618975e-06
7.8407847e-06
8.6034884e-06
1.0263012e-05
1.1757863e-05
1.2911144e-05
1.3632205e-05
1.5272364e-05
1.7678697e-05
1.9773049e-05
2.1691766e-05
2.3427621e-05
2.5180784e-05
2.6809666e-05
2.8463181e-05
2.9995171e-05
3.1547884e-05
3.2988406e-05
3.4441734e-05
3.5804293e-05
3.7170327e-05
3.8482143e-05
3.9741696e-05
4.0907193e-05
4.2069685e-05
4.3210281e-05
4.4481519e-05
4.560877e-05
4.6910057e-05
4.7884939e-05
4.9079447e-05
4.9944969e-05
5.1125141e-05
5.1945079e-05
5.3154647e-05
5.3902867e-05
5.5151477e-05
5.565581e-05
5.7510411e-05
2.5443262e-07
2.5435229e-07
2.5429078e-07
2.5420936e-07
2.5414932e-07
2.5406801e-07
2.5400801e-07
2.5392717e-07
2.5386616e-07
2.5378582e-07
2.5372344e-07
2.5364352e-07
2.5357986e-07
2.5350042e-07
2.5343589e-07
2.5335676e-07
2.5329228e-07
2.5321257e-07
2.5314958e-07
2.5306786e-07
2.5300765e-07
2.5292308e-07
2.528656e-07
2.5277897e-07
2.5272223e-07
2.5263604e-07
2.5257669e-07
2.5249398e-07
2.5242895e-07
2.523517e-07
2.5227944e-07
2.5220801e-07
2.5212831e-07
2.5206264e-07
2.5197473e-07
2.5191651e-07
2.5181737e-07
2.5177074e-07
2.5165596e-07
2.5162504e-07
2.5149225e-07
2.5147738e-07
2.513289e-07
2.5132556e-07
2.5116694e-07
2.5116861e-07
2.5100514e-07
2.5100651e-07
2.508418e-07
2.5083897e-07
2.5067691e-07
2.5066574e-07
2.5051219e-07
2.5048789e-07
2.5034927e-07
2.5030863e-07
2.5018759e-07
2.5013288e-07
2.5002362e-07
2.4996456e-07
2.498531e-07
2.4980403e-07
2.4967461e-07
2.4964739e-07
2.4949176e-07
2.4948801e-07
2.4931144e-07
2.4931966e-07
2.4913727e-07
2.4914008e-07
2.4896217e-07
2.4894888e-07
2.4877099e-07
2.4873949e-07
2.4855332e-07
2.4849821e-07
2.4830732e-07
2.4821791e-07
2.4803425e-07
2.4790143e-07
2.4774057e-07
2.4755362e-07
2.4743449e-07
2.471904e-07
2.4711064e-07
2.4684204e-07
2.4676689e-07
2.4652744e-07
2.4641959e-07
2.4624907e-07
2.4608431e-07
2.4600263e-07
2.4578777e-07
2.4576087e-07
2.4553863e-07
2.4552302e-07
2.4530637e-07
2.4528995e-07
2.4510834e-07
2.4508932e-07
2.449051e-07
2.4497624e-07
2.4481023e-07
2.4482037e-07
2.4482294e-07
2.4486096e-07
2.4476749e-07
2.4506496e-07
2.451056e-07
2.4528766e-07
2.4593855e-07
2.4621439e-07
2.4713108e-07
2.48129e-07
2.5039449e-07
2.5271928e-07
2.5677443e-07
2.6349939e-07
2.7133344e-07
2.8530351e-07
3.0192671e-07
3.3550533e-07
3.6525988e-07
4.2683734e-07
4.831943e-07
6.144854e-07
7.2068907e-07
9.4556802e-07
1.1095296e-06
1.4687011e-06
1.7823494e-06
2.3157608e-06
2.8843792e-06
3.5344789e-06
4.3513741e-06
5.3080217e-06
6.3494855e-06
7.5694276e-06
8.7472688e-06
1.013709e-05
1.1409149e-05
1.2870654e-05
1.4178029e-05
1.531887e-05
1.5998518e-05
1.7750216e-05
1.98322e-05
2.1970707e-05
2.3740328e-05
2.5084415e-05
2.6357179e-05
2.7487677e-05
2.8553973e-05
2.9642861e-05
3.0932953e-05
3.2366292e-05
3.3709389e-05
3.5450212e-05
3.6293402e-05
3.8259795e-05
2.2809607e-07
2.2804975e-07
2.2800358e-07
2.2795365e-07
2.2791066e-07
2.2785764e-07
2.2781726e-07
2.2776131e-07
2.2772363e-07
2.2766439e-07
2.2762966e-07
2.2756698e-07
2.2753487e-07
2.2746953e-07
2.2743866e-07
2.2737241e-07
2.2734069e-07
2.2727557e-07
2.2724108e-07
2.2717857e-07
2.2714025e-07
2.27081e-07
2.2703855e-07
2.2698269e-07
2.2693595e-07
2.2688375e-07
2.2683196e-07
2.2678437e-07
2.2672586e-07
2.2668455e-07
2.2661709e-07
2.2658373e-07
2.2650584e-07
2.2648044e-07
2.2639324e-07
2.2637256e-07
2.2628078e-07
2.2625848e-07
2.2616888e-07
2.2613861e-07
2.2605575e-07
2.2601585e-07
2.2593794e-07
2.2589401e-07
2.2581255e-07
2.2577524e-07
2.2567922e-07
2.2565871e-07
2.255401e-07
2.2554118e-07
2.2539832e-07
2.2541875e-07
2.2525631e-07
2.2528855e-07
2.251149e-07
2.251501e-07
2.249735e-07
2.250051e-07
2.2483181e-07
2.2485544e-07
2.2469144e-07
2.2470208e-07
2.2455505e-07
2.2454576e-07
2.2442355e-07
2.2438805e-07
2.2429441e-07
2.2423069e-07
2.2416288e-07
2.2407538e-07
2.240232e-07
2.23924e-07
2.2387136e-07
2.2377445e-07
2.2371157e-07
2.2361495e-07
2.2355391e-07
2.2343384e-07
2.2339574e-07
2.232377e-07
2.2321471e-07
2.2304285e-07
2.2299679e-07
2.2285149e-07
2.2275567e-07
2.2266123e-07
2.2251137e-07
2.2249165e-07
2.2227584e-07
2.2235818e-07
2.2207929e-07
2.2223708e-07
2.2195085e-07
2.2211734e-07
2.2186971e-07
2.2202198e-07
2.2180245e-07
2.219417e-07
2.2177627e-07
2.2183798e-07
2.2179009e-07
2.2170984e-07
2.217982e-07
2.2159569e-07
2.2174945e-07
2.2155238e-07
2.2162605e-07
2.2147974e-07
2.215912e-07
2.2139548e-07
2.2166332e-07
2.2141097e-07
2.2162278e-07
2.2158117e-07
2.2158843e-07
2.2186776e-07
2.2150614e-07
2.2205655e-07
2.2167058e-07
2.2199646e-07
2.2172613e-07
2.2196878e-07
2.2139744e-07
2.2112023e-07
2.2312593e-07
2.2187207e-07
2.2365652e-07
2.2198029e-07
2.1876935e-07
2.1698406e-07
2.1734316e-07
2.1971077e-07
2.239156e-07
2.3084856e-07
2.4134187e-07
2.6057639e-07
2.8414166e-07
3.2949495e-07
3.7826487e-07
4.7288451e-07
5.6470583e-07
7.4463399e-07
9.0027183e-07
1.2161058e-06
1.4305163e-06
1.9021248e-06
2.2355125e-06
2.9397668e-06
3.4523925e-06
4.5435549e-06
5.2217258e-06
6.5028176e-06
7.2475895e-06
8.7375457e-06
9.5359925e-06
1.1265979e-05
1.2075362e-05
1.391719e-05
1.4694354e-05
1.6708066e-05
2.0611617e-07
2.0607698e-07
2.0604103e-07
2.0600076e-07
2.0596601e-07
2.0592421e-07
2.0589037e-07
2.0584787e-07
2.0581401e-07
2.0577181e-07
2.0573688e-07
2.0569564e-07
2.0565907e-07
2.0561896e-07
2.0558062e-07
2.0554161e-07
2.0550125e-07
2.0546369e-07
2.0542055e-07
2.0538548e-07
2.0533823e-07
2.0530713e-07
2.0525435e-07
2.0522847e-07
2.0516935e-07
2.0514893e-07
2.0508384e-07
2.0506765e-07
2.049983e-07
2.049839e-07
2.0491273e-07
2.0489748e-07
2.0482641e-07
2.0480881e-07
2.0473816e-07
2.0471857e-07
2.0464684e-07
2.0462712e-07
2.0455182e-07
2.0453428e-07
2.0445303e-07
2.0443946e-07
2.043508e-07
2.0434207e-07
2.0424548e-07
2.0424167e-07
2.0413751e-07
2.0413791e-07
2.0402732e-07
2.0403037e-07
2.0391523e-07
2.0391873e-07
2.0380115e-07
2.0380295e-07
2.036845e-07
2.0368331e-07
2.0356463e-07
2.0356028e-07
2.0344144e-07
2.0343449e-07
2.0331566e-07
2.03307e-07
2.0318848e-07
2.0317971e-07
2.0306083e-07
2.0305526e-07
2.0293329e-07
2.0293581e-07
2.0280729e-07
2.0282155e-07
2.0268603e-07
2.0271004e-07
2.0257281e-07
2.0259814e-07
2.0246698e-07
2.0248475e-07
2.0236179e-07
2.0237086e-07
2.0224685e-07
2.0225666e-07
2.0211384e-07
2.0213764e-07
2.0196191e-07
2.0200467e-07
2.0179876e-07
2.0185007e-07
2.0163445e-07
2.0167555e-07
2.0147071e-07
2.0149183e-07
2.0129743e-07
2.0130182e-07
2.0110011e-07
2.0108759e-07
2.0086331e-07
2.0081936e-07
2.0057052e-07
2.0047717e-07
2.0020636e-07
2.0006659e-07
1.9976156e-07
1.9961012e-07
1.9924809e-07
1.9912997e-07
1.9870298e-07
1.9864222e-07
1.981731e-07
1.9815828e-07
1.9769396e-07
1.9768694e-07
1.9727583e-07
1.9723672e-07
1.9690816e-07
1.968553e-07
1.9655446e-07
1.9659667e-07
1.9620417e-07
1.9642041e-07
1.9591998e-07
1.9624843e-07
1.9573033e-07
1.9606663e-07
1.9559473e-07
1.9590232e-07
1.9546948e-07
1.9571423e-07
1.9533858e-07
1.9545115e-07
1.9515349e-07
1.9522062e-07
1.9491004e-07
1.951129e-07
1.9463715e-07
1.9520016e-07
1.9441209e-07
1.9484377e-07
1.9445817e-07
1.9537083e-07
1.9482612e-07
1.9575997e-07
1.9572505e-07
1.9775861e-07
1.990773e-07
2.0253516e-07
2.0165891e-07
2.0080679e-07
2.0367294e-07
2.0952938e-07
2.1907743e-07
2.3773072e-07
2.5941071e-07
2.9854662e-07
3.4318907e-07
4.2119784e-07
4.9873172e-07
6.5386588e-07
7.9966696e-07
1.0611799e-06
1.3519476e-06
1.8933167e-06
1.8692112e-07
1.8689446e-07
1.8685549e-07
1.8683471e-07
1.8679022e-07
1.8677429e-07
1.8672537e-07
1.8671225e-07
1.8666115e-07
1.8664803e-07
1.8659778e-07
1.8658158e-07
1.8653507e-07
1.8651327e-07
1.8647232e-07
1.8644382e-07
1.8640855e-07
1.8637405e-07
1.8634283e-07
1.863046e-07
1.8627455e-07
1.8623579e-07
1.8620349e-07
1.8616755e-07
1.8612977e-07
1.8609945e-07
1.8605378e-07
1.860308e-07
1.859761e-07
1.8596073e-07
1.8589742e-07
1.8588841e-07
1.8581843e-07
1.858132e-07
1.8573962e-07
1.8573484e-07
1.8566101e-07
1.8565357e-07
1.8558211e-07
1.8557007e-07
1.85502e-07
1.8548505e-07
1.8541977e-07
1.8539901e-07
1.8533477e-07
1.8531211e-07
1.8524661e-07
1.8522438e-07
1.851552e-07
1.8513559e-07
1.8506081e-07
1.8504528e-07
1.8496414e-07
1.8495277e-07
1.8486616e-07
1.848574e-07
1.8476793e-07
1.8475918e-07
1.8466984e-07
1.8465972e-07
1.845712e-07
1.845623e-07
1.8447089e-07
1.8447034e-07
1.8436908e-07
1.8438522e-07
1.8426829e-07
1.8430526e-07
1.8417266e-07
1.842268e-07
1.8408583e-07
1.8414627e-07
1.840086e-07
1.8406136e-07
1.8393795e-07
1.8397073e-07
1.8386772e-07
1.8387349e-07
1.8378989e-07
1.8376967e-07
1.8369602e-07
1.8366003e-07
1.8357986e-07
1.8354368e-07
1.8344009e-07
1.8341639e-07
1.8328006e-07
1.8327382e-07
1.8310477e-07
1.8311657e-07
1.8291856e-07
1.8294916e-07
1.8272584e-07
1.8277337e-07
1.8253133e-07
1.8258655e-07
1.8233558e-07
1.8238427e-07
1.8213141e-07
1.8215955e-07
1.819059e-07
1.8190279e-07
1.816437e-07
1.8160563e-07
1.8133246e-07
1.8127059e-07
1.8096671e-07
1.8091286e-07
1.8055678e-07
1.8053918e-07
1.8013815e-07
1.8014685e-07
1.7974813e-07
1.7974772e-07
1.7939619e-07
1.7938106e-07
1.7907428e-07
1.7908414e-07
1.7877363e-07
1.7886347e-07
1.7849645e-07
1.7867006e-07
1.7822842e-07
1.7847427e-07
1.7793503e-07
1.7820373e-07
1.7772169e-07
1.7781512e-07
1.7754262e-07
1.7742726e-07
1.7736764e-07
1.7726836e-07
1.7729609e-07
1.7719484e-07
1.7730902e-07
1.7780502e-07
1.7759116e-07
1.7841539e-07
1.7874289e-07
1.7947114e-07
1.7982845e-07
1.8028848e-07
1.8196353e-07
1.8262934e-07
1.8227907e-07
1.8435392e-07
1.8197957e-07
1.7944164e-07
1.7700407e-07
1.7714113e-07
1.7681121e-07
1.7748009e-07
1.7645227e-07
1.7807635e-07
1.7930576e-07
1.7860253e-07
1.7516702e-07
1.7506097e-07
1.7428803e-07
1.7943944e-07
1.711977e-07
1.7116394e-07
1.7114959e-07
1.7111056e-07
1.7110089e-07
1.7105705e-07
1.7105129e-07
1.7100374e-07
1.7100042e-07
1.7095076e-07
1.7094805e-07
1.7089802e-07
1.7089416e-07
1.7084526e-07
1.7083884e-07
1.7079214e-07
1.707823e-07
1.7073829e-07
1.707249e-07
1.7068332e-07
1.7066701e-07
1.7062687e-07
1.7060889e-07
1.7056883e-07
1.7055047e-07
1.7050938e-07
1.7049139e-07
1.7044887e-07
1.704312e-07
1.7038754e-07
1.7036964e-07
1.7032529e-07
1.7030675e-07
1.7026177e-07
1.7024272e-07
1.7019662e-07
1.701776e-07
1.7012971e-07
1.7011127e-07
1.7006101e-07
1.7004355e-07
1.6999048e-07
1.6997427e-07
1.6991807e-07
1.699031e-07
1.6984391e-07
1.6982947e-07
1.6976837e-07
1.6975272e-07
1.6969168e-07
1.6967263e-07
1.6961361e-07
1.6958973e-07
1.6953328e-07
1.6950515e-07
1.6944974e-07
1.6941991e-07
1.6936282e-07
1.6933431e-07
1.6927348e-07
1.6924816e-07
1.6918326e-07
1.6916168e-07
1.6909335e-07
1.6907609e-07
1.6900425e-07
1.6899315e-07
1.6891611e-07
1.6891426e-07
1.6882904e-07
1.6883974e-07
1.6874352e-07
1.6876836e-07
1.6866065e-07
1.6869735e-07
1.6858239e-07
1.6862297e-07
1.6851092e-07
1.6854211e-07
1.6844723e-07
1.6845406e-07
1.6838959e-07
1.6836108e-07
1.6833337e-07
1.6826709e-07
1.6827215e-07
1.6817515e-07
1.6819977e-07
1.6808519e-07
1.6811226e-07
1.6799321e-07
1.6800751e-07
1.6789193e-07
1.6788285e-07
1.6777188e-07
1.6773337e-07
1.6762374e-07
1.6755134e-07
1.6744132e-07
1.6732697e-07
1.672229e-07
1.670551e-07
1.6696845e-07
1.6674351e-07
1.6667721e-07
1.6641191e-07
1.6635208e-07
1.6607861e-07
1.6600725e-07
1.657444e-07
1.6566561e-07
1.6539886e-07
1.6533475e-07
1.6504244e-07
1.6499127e-07
1.6468823e-07
1.6460551e-07
1.6433107e-07
1.6418641e-07
1.6394231e-07
1.6377766e-07
1.635186e-07
1.6340828e-07
1.6310155e-07
1.6307444e-07
1.627377e-07
1.6277926e-07
1.6244394e-07
1.6252427e-07
1.6220655e-07
1.6230915e-07
1.6200161e-07
1.6212057e-07
1.6181602e-07
1.6192467e-07
1.6166293e-07
1.6175316e-07
1.6153604e-07
1.6164728e-07
1.6139363e-07
1.6164679e-07
1.6114749e-07
1.6155072e-07
1.6097891e-07
1.6128741e-07
1.610246e-07
1.6183943e-07
1.6162655e-07
1.6241252e-07
1.622251e-07
1.6352562e-07
1.6375162e-07
1.6620901e-07
1.6467834e-07
1.6505866e-07
1.6120245e-07
1.6295967e-07
1.5881207e-07
1.5865658e-07
1.566883e-07
1.5923375e-07
1.5921895e-07
1.5919301e-07
1.5917865e-07
1.5915187e-07
1.5913703e-07
1.5911058e-07
1.5909421e-07
1.5906901e-07
1.5905043e-07
1.5902686e-07
1.5900603e-07
1.5898373e-07
1.5896129e-07
1.5893926e-07
1.5891633e-07
1.5889334e-07
1.5887096e-07
1.5884621e-07
1.5882469e-07
1.5879835e-07
1.5877693e-07
1.5875018e-07
1.5872737e-07
1.5870179e-07
1.5867613e-07
1.586528e-07
1.5862373e-07
1.5860253e-07
1.5857082e-07
1.5855036e-07
1.5851783e-07
1.5849594e-07
1.5846477e-07
1.5843939e-07
1.5841127e-07
1.5838107e-07
1.5835688e-07
1.5832133e-07
1.5830127e-07
1.5826036e-07
1.5824423e-07
1.5819831e-07
1.5818541e-07
1.5813544e-07
1.581243e-07
1.5807207e-07
1.5806034e-07
1.5800835e-07
1.5799323e-07
1.5794412e-07
1.5792304e-07
1.5787891e-07
1.5785018e-07
1.5781199e-07
1.5777537e-07
1.577426e-07
1.5769937e-07
1.5767021e-07
1.5762274e-07
1.5759483e-07
1.5754565e-07
1.5751693e-07
1.5746813e-07
1.5743737e-07
1.5739014e-07
1.5735727e-07
1.5731153e-07
1.5727793e-07
1.5723214e-07
1.5720032e-07
1.5715209e-07
1.5712443e-07
1.570721e-07
1.5704884e-07
1.5699337e-07
1.5697145e-07
1.5691666e-07
1.5689089e-07
1.5684127e-07
1.5680803e-07
1.5676481e-07
1.5672616e-07
1.5668453e-07
1.5664935e-07
1.5659966e-07
1.5657954e-07
1.5651262e-07
1.5651513e-07
1.5642736e-07
1.5645289e-07
1.5634582e-07
1.5639089e-07
1.5626585e-07
1.5632845e-07
1.5618296e-07
1.5626205e-07
1.5609326e-07
1.5618185e-07
1.5599446e-07
1.560742e-07
1.5588254e-07
1.5593025e-07
1.5574754e-07
1.5575347e-07
1.5557817e-07
1.5555695e-07
1.5537156e-07
1.5535382e-07
1.5513149e-07
1.5514634e-07
1.5485988e-07
1.5491248e-07
1.5455533e-07
1.5460679e-07
1.5420651e-07
1.5419092e-07
1.5378408e-07
1.5366009e-07
1.5325971e-07
1.5303703e-07
1.5263242e-07
1.5236322e-07
1.5192939e-07
1.516924e-07
1.512111e-07
1.5106499e-07
1.505565e-07
1.5049827e-07
1.5002163e-07
1.5000997e-07
1.4962407e-07
1.4962636e-07
1.4931469e-07
1.4939074e-07
1.4901192e-07
1.492703e-07
1.4875802e-07
1.4911238e-07
1.486137e-07
1.4892763e-07
1.4845926e-07
1.4880761e-07
1.4822479e-07
1.4865564e-07
1.4811057e-07
1.4842178e-07
1.4811324e-07
1.484819e-07
1.4803433e-07
1.4860384e-07
1.4828008e-07
1.486598e-07
1.4814996e-07
1.4893482e-07
1.4913204e-07
1.5087472e-07
1.5176546e-07
1.5113251e-07
1.4847015e-07
1.506229e-07
1.5060077e-07
1.505914e-07
1.505672e-07
1.5055932e-07
1.5053269e-07
1.5052668e-07
1.5049719e-07
1.5049344e-07
1.5046073e-07
1.5045947e-07
1.5042342e-07
1.5042456e-07
1.5038549e-07
1.5038842e-07
1.5034716e-07
1.5035086e-07
1.5030857e-07
1.503118e-07
1.5026962e-07
1.5027136e-07
1.5023007e-07
1.5022978e-07
1.5018959e-07
1.5018723e-07
1.5014798e-07
1.5014365e-07
1.5010529e-07
1.5009872e-07
1.5006175e-07
1.5005203e-07
1.5001754e-07
1.5000335e-07
1.4997261e-07
1.499528e-07
1.4992658e-07
1.4990083e-07
1.4987893e-07
1.4984792e-07
1.4982921e-07
1.4979437e-07
1.4977726e-07
1.4974017e-07
1.4972307e-07
1.4968515e-07
1.4966671e-07
1.4962906e-07
1.4960822e-07
1.4957162e-07
1.4954765e-07
1.4951246e-07
1.4948514e-07
1.4945123e-07
1.494208e-07
1.4938768e-07
1.4935461e-07
1.4932183e-07
1.4928643e-07
1.4925377e-07
1.4921624e-07
1.4918345e-07
1.4914423e-07
1.4911084e-07
1.490705e-07
1.490364e-07
1.489948e-07
1.4896116e-07
1.4891692e-07
1.4888619e-07
1.488374e-07
1.4881201e-07
1.4875758e-07
1.4873885e-07
1.4867857e-07
1.4866737e-07
1.4860033e-07
1.4859843e-07
1.4852233e-07
1.4853175e-07
1.4844469e-07
1.4846532e-07
1.4836793e-07
1.4839651e-07
1.4829196e-07
1.4832302e-07
1.4821574e-07
1.4824315e-07
1.4813755e-07
1.4815602e-07
1.4805511e-07
1.4806201e-07
1.4796558e-07
1.4796311e-07
1.4786574e-07
1.4786203e-07
1.4775385e-07
1.4775974e-07
1.4763219e-07
1.4765414e-07
1.4750596e-07
1.4754146e-07
1.4737906e-07
1.4741845e-07
1.4725079e-07
1.4728316e-07
1.4711647e-07
1.4713392e-07
1.4697122e-07
1.4696852e-07
1.4680984e-07
1.4678719e-07
1.4662567e-07
1.4659611e-07
1.464165e-07
1.4640035e-07
1.4619231e-07
1.4619293e-07
1.4596505e-07
1.4595741e-07
1.4572551e-07
1.4568043e-07
1.4544045e-07
1.4535502e-07
1.4508104e-07
1.449791e-07
1.4464272e-07
1.4455226e-07
1.4414977e-07
1.4407378e-07
1.4363415e-07
1.435636e-07
1.4309934e-07
1.430713e-07
1.4254928e-07
1.4262073e-07
1.4202754e-07
1.4220568e-07
1.4158838e-07
1.418223e-07
1.4124403e-07
1.415108e-07
1.4097407e-07
1.4129214e-07
1.4078399e-07
1.4112359e-07
1.4067022e-07
1.4102214e-07
1.4060028e-07
1.4090234e-07
1.4054743e-07
1.406638e-07
1.4047547e-07
1.4040989e-07
1.4029928e-07
1.4019878e-07
1.4010131e-07
1.3996678e-07
1.3997103e-07
1.3952628e-07
1.4013454e-07
1.4447738e-07
1.4446305e-07
1.4444987e-07
1.4443664e-07
1.4442154e-07
1.4440958e-07
1.4439255e-07
1.4438168e-07
1.4436311e-07
1.4435266e-07
1.443334e-07
1.4432234e-07
1.4430346e-07
1.4429064e-07
1.4427313e-07
1.442577e-07
1.4424209e-07
1.4422379e-07
1.4420996e-07
1.4418915e-07
1.441765e-07
1.4415386e-07
1.4414171e-07
1.4411773e-07
1.4410578e-07
1.4408039e-07
1.44069e-07
1.4404145e-07
1.4403154e-07
1.4400072e-07
1.4399335e-07
1.4395828e-07
1.4395408e-07
1.4391452e-07
1.4391321e-07
1.4386992e-07
1.4387014e-07
1.4382496e-07
1.438244e-07
1.4377992e-07
1.4377575e-07
1.4373478e-07
1.4372433e-07
1.4368908e-07
1.4367066e-07
1.4364205e-07
1.4361549e-07
1.4359284e-07
1.4355944e-07
1.4354081e-07
1.4350277e-07
1.434857e-07
1.4344538e-07
1.4342749e-07
1.4338698e-07
1.4336625e-07
1.4332725e-07
1.4330215e-07
1.4326574e-07
1.4323558e-07
1.4320183e-07
1.4316734e-07
1.4313488e-07
1.4309828e-07
1.4306487e-07
1.4302876e-07
1.4299288e-07
1.4295862e-07
1.4292078e-07
1.4288788e-07
1.4285012e-07
1.428177e-07
1.4278138e-07
1.4275005e-07
1.4271477e-07
1.426861e-07
1.4265149e-07
1.4262486e-07
1.4259374e-07
1.4256429e-07
1.4254262e-07
1.4250347e-07
1.4249627e-07
1.4244345e-07
1.4245024e-07
1.4238583e-07
1.4239981e-07
1.4233072e-07
1.4234184e-07
1.4227619e-07
1.4227525e-07
1.4221885e-07
1.4220101e-07
1.4215394e-07
1.4212199e-07
1.4207606e-07
1.4204036e-07
1.4198165e-07
1.4195402e-07
1.4187026e-07
1.4185609e-07
1.4174386e-07
1.4173797e-07
1.4160556e-07
1.4159413e-07
1.4145723e-07
1.414268e-07
1.4129599e-07
1.4124582e-07
1.4111475e-07
1.4106147e-07
1.4091059e-07
1.4087468e-07
1.4069223e-07
1.4067351e-07
1.4047414e-07
1.4044465e-07
1.4025585e-07
1.4019193e-07
1.4001542e-07
1.3993504e-07
1.3973746e-07
1.396891e-07
1.3943736e-07
1.3944775e-07
1.3914223e-07
1.3919158e-07
1.3885402e-07
1.3890284e-07
1.3854996e-07
1.3858026e-07
1.382103e-07
1.3824176e-07
1.3785148e-07
1.3790484e-07
1.3752608e-07
1.3759161e-07
1.3726067e-07
1.3735295e-07
1.3703278e-07
1.3721852e-07
1.3686575e-07
1.371665e-07
1.3677599e-07
1.3709444e-07
1.3676499e-07
1.3690395e-07
1.3674743e-07
1.3674657e-07
1.3659235e-07
1.3665171e-07
1.3640685e-07
1.3645574e-07
1.363499e-07
1.3630492e-07
1.3631439e-07
1.3634587e-07
1.3635681e-07
1.3659532e-07
1.3577834e-07
1.401378e-07
1.4012122e-07
1.4011475e-07
1.4009846e-07
1.400907e-07
1.4007518e-07
1.4006589e-07
1.4005109e-07
1.4004058e-07
1.4002584e-07
1.4001504e-07
1.399991e-07
1.3998941e-07
1.399707e-07
1.3996362e-07
1.3994068e-07
1.3993737e-07
1.3990936e-07
1.3991013e-07
1.3987723e-07
1.3988131e-07
1.3984472e-07
1.3985045e-07
1.3981213e-07
1.3981733e-07
1.3977951e-07
1.39782e-07
1.3974671e-07
1.397447e-07
1.3971347e-07
1.3970577e-07
1.3967942e-07
1.3966559e-07
1.3964416e-07
1.396245e-07
1.3960736e-07
1.3958268e-07
1.395688e-07
1.395401e-07
1.3952852e-07
1.3949656e-07
1.3948661e-07
1.3945192e-07
1.3944307e-07
1.3940627e-07
1.3939766e-07
1.3935996e-07
1.3935007e-07
1.3931327e-07
1.3930028e-07
1.39266e-07
1.3924879e-07
1.3921754e-07
1.3919633e-07
1.3916724e-07
1.3914333e-07
1.3911493e-07
1.3908955e-07
1.3906112e-07
1.3903417e-07
1.390066e-07
1.3897638e-07
1.389519e-07
1.3891587e-07
1.3889696e-07
1.3885311e-07
1.3884111e-07
1.3878918e-07
1.3878354e-07
1.3872525e-07
1.3872398e-07
1.3866189e-07
1.3866317e-07
1.3859912e-07
1.3860218e-07
1.3853718e-07
1.3854137e-07
1.3847703e-07
1.3848026e-07
1.3841924e-07
1.3841877e-07
1.383628e-07
1.383579e-07
1.383053e-07
1.3829885e-07
1.3824474e-07
1.3824143e-07
1.3818114e-07
1.3818329e-07
1.3811636e-07
1.3812111e-07
1.3805214e-07
1.3805285e-07
1.3798768e-07
1.3797933e-07
1.3791941e-07
1.3790268e-07
1.378439e-07
1.3782324e-07
1.3776096e-07
1.3773824e-07
1.3767411e-07
1.3764448e-07
1.3758663e-07
1.3754403e-07
1.3749711e-07
1.3744581e-07
1.3740175e-07
1.3735755e-07
1.3730256e-07
1.3727957e-07
1.3720419e-07
1.3721075e-07
1.3710329e-07
1.3715168e-07
1.3699006e-07
1.3709837e-07
1.3686227e-07
1.3703562e-07
1.367326e-07
1.3694846e-07
1.3660712e-07
1.3683577e-07
1.3647752e-07
1.3668566e-07
1.363405e-07
1.3648649e-07
1.3616859e-07
1.3625685e-07
1.3595854e-07
1.3601246e-07
1.3572512e-07
1.3579723e-07
1.3548401e-07
1.3562177e-07
1.3531702e-07
1.3553668e-07
1.3522685e-07
1.356059e-07
1.3527708e-07
1.3579365e-07
1.355756e-07
1.3604678e-07
1.3597879e-07
1.3627903e-07
1.3607518e-07
1.3671669e-07
1.3672413e-07
1.3718262e-07
1.3714378e-07
1.3760715e-07
1.3850487e-07
1.3909859e-07
1.3794974e-07
1.3968965e-07
1.3797398e-07
1.3622169e-07
1.3474307e-07
1.3472252e-07
1.3370067e-07
1.3707799e-07
1.370615e-07
1.3705767e-07
1.3704149e-07
1.3703665e-07
1.3702056e-07
1.370149e-07
1.3699867e-07
1.3699242e-07
1.3697572e-07
1.3696926e-07
1.3695166e-07
1.3694545e-07
1.3692645e-07
1.3692097e-07
1.3690009e-07
1.3689574e-07
1.3687261e-07
1.3686965e-07
1.3684402e-07
1.3684262e-07
1.3681433e-07
1.3681456e-07
1.3678354e-07
1.3678537e-07
1.367517e-07
1.3675496e-07
1.367188e-07
1.3672329e-07
1.3668482e-07
1.3669038e-07
1.3664971e-07
1.3665626e-07
1.3661347e-07
1.3662086e-07
1.3657624e-07
1.3658396e-07
1.3653826e-07
1.3654526e-07
1.3649977e-07
1.365045e-07
1.3646092e-07
1.3646163e-07
1.3642166e-07
1.3641686e-07
1.3638168e-07
1.3637068e-07
1.3634052e-07
1.3632375e-07
1.3629774e-07
1.3627656e-07
1.362532e-07
1.3622931e-07
1.362071e-07
1.3618189e-07
1.3615991e-07
1.3613405e-07
1.3611207e-07
1.3608566e-07
1.3606384e-07
1.3603672e-07
1.3601535e-07
1.359873e-07
1.3596662e-07
1.3593756e-07
1.3591748e-07
1.3588774e-07
1.3586767e-07
1.358381e-07
1.3581696e-07
1.3578873e-07
1.3576539e-07
1.3573953e-07
1.3571318e-07
1.3569029e-07
1.356607e-07
1.3564076e-07
1.3560822e-07
1.3559081e-07
1.3555555e-07
1.3554068e-07
1.3550186e-07
1.354907e-07
1.3544603e-07
1.3544075e-07
1.3538726e-07
1.353898e-07
1.3532533e-07
1.3533601e-07
1.3526055e-07
1.3527728e-07
1.3519354e-07
1.3521219e-07
1.3512488e-07
1.3514082e-07
1.3505473e-07
1.3506491e-07
1.3498243e-07
1.3498674e-07
1.3490652e-07
1.34907e-07
1.3482488e-07
1.34823e-07
1.3473506e-07
1.3472889e-07
1.3463447e-07
1.3461836e-07
1.3452061e-07
1.3448875e-07
1.3439141e-07
1.3434386e-07
1.3424576e-07
1.3419216e-07
1.3408447e-07
1.3403981e-07
1.3391124e-07
1.3388422e-07
1.3373036e-07
1.3371614e-07
1.3354111e-07
1.3352797e-07
1.3333578e-07
1.3331671e-07
1.3310484e-07
1.3307901e-07
1.3284383e-07
1.32807e-07
1.3255386e-07
1.324917e-07
1.3223215e-07
1.3213238e-07
1.3186621e-07
1.3173632e-07
1.3144692e-07
1.3130633e-07
1.3098266e-07
1.3084023e-07
1.3049436e-07
1.3034241e-07
1.3000214e-07
1.2983849e-07
1.2951699e-07
1.2936185e-07
1.2905513e-07
1.2892013e-07
1.2864366e-07
1.2850309e-07
1.2829562e-07
1.2811223e-07
1.2799865e-07
1.2778566e-07
1.2771797e-07
1.2755374e-07
1.2748822e-07
1.2736081e-07
1.2730688e-07
1.2723586e-07
1.2709521e-07
1.2739813e-07
1.2644159e-07
1.3491923e-07
1.3491199e-07
1.3490003e-07
1.3489438e-07
1.3488017e-07
1.3487573e-07
1.3485953e-07
1.3485607e-07
1.3483803e-07
1.348354e-07
1.3481569e-07
1.3481365e-07
1.3479266e-07
1.3479067e-07
1.3476912e-07
1.3476631e-07
1.3474522e-07
1.3474046e-07
1.3472097e-07
1.347131e-07
1.3469625e-07
1.3468428e-07
1.3467088e-07
1.3465413e-07
1.3464459e-07
1.3462285e-07
1.346171e-07
1.3459068e-07
1.3458811e-07
1.3455786e-07
1.3455744e-07
1.3452451e-07
1.34525e-07
1.3449059e-07
1.344909e-07
1.3445591e-07
1.3445533e-07
1.3442015e-07
1.344185e-07
1.3438307e-07
1.343805e-07
1.3434452e-07
1.3434137e-07
1.343045e-07
1.3430101e-07
1.3426315e-07
1.342593e-07
1.3422072e-07
1.3421612e-07
1.3417748e-07
1.3417148e-07
1.3413357e-07
1.3412564e-07
1.3408899e-07
1.3407903e-07
1.3404372e-07
1.3403207e-07
1.3399781e-07
1.3398518e-07
1.3395132e-07
1.3393881e-07
1.339042e-07
1.3389356e-07
1.3385625e-07
1.3384997e-07
1.3380739e-07
1.3380824e-07
1.3375788e-07
1.3376793e-07
1.3370851e-07
1.337279e-07
1.3366053e-07
1.3368657e-07
1.3361506e-07
1.3364285e-07
1.335722e-07
1.3359681e-07
1.3353067e-07
1.3354961e-07
1.3348831e-07
1.3350271e-07
1.3344284e-07
1.3345695e-07
1.3339252e-07
1.3341206e-07
1.3333665e-07
1.3336644e-07
1.3327576e-07
1.3331768e-07
1.3321129e-07
1.3326357e-07
1.3314496e-07
1.3320312e-07
1.3307841e-07
1.3313678e-07
1.3301312e-07
1.3306594e-07
1.3295042e-07
1.3299206e-07
1.3289064e-07
1.3291634e-07
1.3283193e-07
1.3283981e-07
1.3276988e-07
1.3276305e-07
1.3269881e-07
1.3268507e-07
1.3261405e-07
1.3260177e-07
1.325135e-07
1.3250518e-07
1.3239679e-07
1.3238554e-07
1.3226246e-07
1.3223553e-07
1.3210495e-07
1.3205315e-07
1.3191531e-07
1.3184104e-07
1.3168696e-07
1.3160321e-07
1.3142112e-07
1.313423e-07
1.3112747e-07
1.3106143e-07
1.3082021e-07
1.3076815e-07
1.305103e-07
1.3047091e-07
1.3019882e-07
1.3016644e-07
1.2987397e-07
1.2983621e-07
1.2951221e-07
1.2945613e-07
1.2908987e-07
1.2900759e-07
1.2859825e-07
1.2848644e-07
1.2804755e-07
1.2790743e-07
1.2746429e-07
1.2729897e-07
1.2688492e-07
1.2670082e-07
1.2634323e-07
1.2615674e-07
1.2586615e-07
1.256947e-07
1.2547034e-07
1.2530313e-07
1.25161e-07
1.2496904e-07
1.248996e-07
1.2470829e-07
1.2463498e-07
1.2448835e-07
1.243746e-07
1.2459668e-07
1.2374537e-07
1.3346071e-07
1.3346001e-07
1.3344334e-07
1.3344235e-07
1.3342545e-07
1.3342366e-07
1.3340699e-07
1.3340395e-07
1.3338789e-07
1.3338323e-07
1.3336812e-07
1.3336152e-07
1.3334759e-07
1.3333884e-07
1.3332621e-07
1.3331522e-07
1.3330384e-07
1.3329069e-07
1.3328036e-07
1.3326526e-07
1.3325566e-07
1.3323891e-07
1.3322971e-07
1.3321154e-07
1.3320253e-07
1.3318297e-07
1.3317422e-07
1.3315296e-07
1.3314485e-07
1.331213e-07
1.3311445e-07
1.3308789e-07
1.3308281e-07
1.3305292e-07
1.3304953e-07
1.3301677e-07
1.3301407e-07
1.3297987e-07
1.329761e-07
1.3294238e-07
1.3293568e-07
1.3290405e-07
1.3289329e-07
1.328644e-07
1.3284955e-07
1.3282297e-07
1.3280494e-07
1.3277963e-07
1.3275969e-07
1.3273459e-07
1.3271378e-07
1.326882e-07
1.3266727e-07
1.3264079e-07
1.3262039e-07
1.3259255e-07
1.3257353e-07
1.3254366e-07
1.3252714e-07
1.3249433e-07
1.3248151e-07
1.3244498e-07
1.324368e-07
1.323961e-07
1.3239306e-07
1.3234815e-07
1.3235033e-07
1.3230149e-07
1.3230853e-07
1.3225657e-07
1.3226715e-07
1.3221422e-07
1.3222512e-07
1.3217556e-07
1.3218128e-07
1.3214114e-07
1.3213544e-07
1.3211001e-07
1.3208898e-07
1.3207957e-07
1.3204416e-07
1.3204683e-07
1.320025e-07
1.3200998e-07
1.3196343e-07
1.3196911e-07
1.3192451e-07
1.3192542e-07
1.3188312e-07
1.318796e-07
1.3183822e-07
1.3183089e-07
1.317906e-07
1.3177787e-07
1.3174128e-07
1.3171981e-07
1.3168999e-07
1.3165684e-07
1.3163548e-07
1.3158861e-07
1.3157714e-07
1.3151317e-07
1.3151591e-07
1.3142781e-07
1.3145259e-07
1.3133189e-07
1.3138515e-07
1.3122868e-07
1.3130859e-07
1.3112349e-07
1.3121826e-07
1.3101862e-07
1.3111348e-07
1.3091011e-07
1.3099615e-07
1.3079108e-07
1.3086537e-07
1.3065727e-07
1.3071654e-07
1.3050697e-07
1.3054659e-07
1.3033986e-07
1.3035556e-07
1.3015665e-07
1.3014807e-07
1.2995533e-07
1.2993454e-07
1.297322e-07
1.297257e-07
1.2949173e-07
1.2952683e-07
1.292469e-07
1.2934182e-07
1.2901897e-07
1.29169e-07
1.2883073e-07
1.2900593e-07
1.2868075e-07
1.2885798e-07
1.2855854e-07
1.2872445e-07
1.2844117e-07
1.2862771e-07
1.2829659e-07
1.2853586e-07
1.281623e-07
1.2843113e-07
1.2799446e-07
1.2834056e-07
1.2786204e-07
1.2819324e-07
1.2780874e-07
1.2807806e-07
1.2785739e-07
1.2806498e-07
1.2792139e-07
1.2800548e-07
1.284825e-07
1.28346e-07
1.2890423e-07
1.3245041e-07
1.3243526e-07
1.3243419e-07
1.3241868e-07
1.3241711e-07
1.3240148e-07
1.3239917e-07
1.3238356e-07
1.3238038e-07
1.3236485e-07
1.3236073e-07
1.323453e-07
1.3234015e-07
1.3232488e-07
1.3231856e-07
1.3230361e-07
1.3229586e-07
1.3228145e-07
1.3227199e-07
1.3225828e-07
1.3224696e-07
1.3223391e-07
1.3222085e-07
1.3220811e-07
1.3219377e-07
1.3218068e-07
1.3216575e-07
1.3215151e-07
1.3213679e-07
1.321206e-07
1.3210673e-07
1.3208806e-07
1.3207533e-07
1.3205403e-07
1.3204234e-07
1.3201862e-07
1.3200758e-07
1.3198182e-07
1.3197103e-07
1.3194347e-07
1.319328e-07
1.3190341e-07
1.3189304e-07
1.3186157e-07
1.3185178e-07
1.3181813e-07
1.3180888e-07
1.317734e-07
1.3176418e-07
1.3172772e-07
1.3171764e-07
1.3168127e-07
1.316695e-07
1.3163404e-07
1.3162018e-07
1.3158599e-07
1.3157012e-07
1.3153724e-07
1.3151972e-07
1.3148806e-07
1.314693e-07
1.3143886e-07
1.3141918e-07
1.3139008e-07
1.3136969e-07
1.313421e-07
1.3132131e-07
1.3129504e-07
1.3127465e-07
1.3124877e-07
1.3123034e-07
1.3120298e-07
1.3118871e-07
1.3115755e-07
1.3114941e-07
1.3111275e-07
1.3111135e-07
1.3106915e-07
1.3107302e-07
1.3102713e-07
1.3103318e-07
1.3098637e-07
1.3099123e-07
1.3094583e-07
1.3094721e-07
1.3090408e-07
1.3090134e-07
1.308598e-07
1.3085366e-07
1.3081204e-07
1.3080387e-07
1.3076004e-07
1.3075152e-07
1.3070308e-07
1.3069607e-07
1.3064041e-07
1.3063688e-07
1.3057146e-07
1.3057286e-07
1.3049591e-07
1.3050237e-07
1.3041355e-07
1.3042322e-07
1.303238e-07
1.3033284e-07
1.302254e-07
1.3022863e-07
1.3011642e-07
1.3010821e-07
1.2999449e-07
1.2996996e-07
1.2985704e-07
1.298137e-07
1.2970154e-07
1.2964129e-07
1.2952654e-07
1.2945623e-07
1.293332e-07
1.292624e-07
1.2912577e-07
1.2906282e-07
1.289099e-07
1.2885951e-07
1.2868995e-07
1.2865343e-07
1.2846769e-07
1.2844346e-07
1.2824223e-07
1.2822519e-07
1.2800946e-07
1.2799107e-07
1.2776176e-07
1.2773121e-07
1.2749053e-07
1.2743492e-07
1.2718952e-07
1.2709494e-07
1.2685634e-07
1.2671297e-07
1.264934e-07
1.2630159e-07
1.2610815e-07
1.2588202e-07
1.2571115e-07
1.2547511e-07
1.2531442e-07
1.2508887e-07
1.249261e-07
1.2471638e-07
1.2454268e-07
1.2434411e-07
1.2414936e-07
1.2396023e-07
1.2373087e-07
1.2355769e-07
1.2328268e-07
1.2312188e-07
1.2288644e-07
1.2232698e-07
1.228413e-07
1.3175299e-07
1.3173872e-07
1.3173722e-07
1.3172237e-07
1.3172068e-07
1.3170521e-07
1.3170323e-07
1.316873e-07
1.316848e-07
1.3166865e-07
1.3166537e-07
1.3164924e-07
1.31645e-07
1.3162895e-07
1.3162378e-07
1.3160768e-07
1.3160174e-07
1.3158539e-07
1.315788e-07
1.3156209e-07
1.3155483e-07
1.3153783e-07
1.315297e-07
1.3151264e-07
1.3150333e-07
1.3148645e-07
1.3147579e-07
1.3145911e-07
1.3144721e-07
1.3143041e-07
1.3141774e-07
1.3140019e-07
1.3138743e-07
1.3136837e-07
1.3135617e-07
1.3133502e-07
1.3132369e-07
1.3130031e-07
1.3128966e-07
1.3126441e-07
1.3125378e-07
1.3122741e-07
1.3121588e-07
1.3118917e-07
1.3117603e-07
1.3114943e-07
1.3113442e-07
1.3110785e-07
1.3109125e-07
1.3106422e-07
1.3104659e-07
1.3101855e-07
1.3100036e-07
1.3097107e-07
1.3095244e-07
1.3092206e-07
1.3090286e-07
1.3087169e-07
1.3085193e-07
1.3081999e-07
1.3080017e-07
1.3076699e-07
1.3074815e-07
1.3071291e-07
1.3069635e-07
1.3065813e-07
1.306452e-07
1.3060319e-07
1.3059509e-07
1.3054867e-07
1.3054635e-07
1.3049524e-07
1.30499e-07
1.3044373e-07
1.3045275e-07
1.3039491e-07
1.3040721e-07
1.3034904e-07
1.3036224e-07
1.3030557e-07
1.3031802e-07
1.3026339e-07
1.3027449e-07
1.3022149e-07
1.3023093e-07
1.3017929e-07
1.3018599e-07
1.3013629e-07
1.3013857e-07
1.3009126e-07
1.3008855e-07
1.3004206e-07
1.3003651e-07
1.2998682e-07
1.2998245e-07
1.299254e-07
1.2992506e-07
1.2985951e-07
1.2986266e-07
1.2979106e-07
1.2979523e-07
1.2971996e-07
1.2972533e-07
1.2964378e-07
1.2965636e-07
1.2955987e-07
1.2958953e-07
1.2946807e-07
1.2952189e-07
1.2937149e-07
1.2944779e-07
1.2927403e-07
1.2936256e-07
1.291764e-07
1.2926485e-07
1.290748e-07
1.2915527e-07
1.2896297e-07
1.2903369e-07
1.2883528e-07
1.2889812e-07
1.2868878e-07
1.2874588e-07
1.2852305e-07
1.2857576e-07
1.2833893e-07
1.2838864e-07
1.2813869e-07
1.2818629e-07
1.2792616e-07
1.2797053e-07
1.2770594e-07
1.2774232e-07
1.274827e-07
1.2750183e-07
1.2725949e-07
1.2725261e-07
1.270321e-07
1.2700695e-07
1.267949e-07
1.2677089e-07
1.2655977e-07
1.265361e-07
1.2634215e-07
1.2630623e-07
1.2613783e-07
1.260938e-07
1.2595222e-07
1.2589182e-07
1.2580528e-07
1.2570475e-07
1.2568124e-07
1.2556721e-07
1.2555615e-07
1.2546983e-07
1.2545245e-07
1.2536997e-07
1.2541166e-07
1.2502235e-07
1.2554504e-07
1.3127662e-07
1.3126913e-07
1.3126158e-07
1.3125213e-07
1.3124581e-07
1.3123441e-07
1.3122923e-07
1.3121594e-07
1.312118e-07
1.3119671e-07
1.3119347e-07
1.3117664e-07
1.3117423e-07
1.3115569e-07
1.3115402e-07
1.3113385e-07
1.3113275e-07
1.3111116e-07
1.3111028e-07
1.3108772e-07
1.3108649e-07
1.3106359e-07
1.310613e-07
1.3103876e-07
1.3103475e-07
1.310131e-07
1.3100698e-07
1.3098643e-07
1.3097817e-07
1.3095854e-07
1.3094844e-07
1.309293e-07
1.3091779e-07
1.3089864e-07
1.3088614e-07
1.3086661e-07
1.3085331e-07
1.3083324e-07
1.3081914e-07
1.3079856e-07
1.3078351e-07
1.3076248e-07
1.3074637e-07
1.3072486e-07
1.3070774e-07
1.3068552e-07
1.3066763e-07
1.3064432e-07
1.30626e-07
1.3060117e-07
1.3058276e-07
1.3055605e-07
1.3053782e-07
1.3050896e-07
1.3049115e-07
1.3045989e-07
1.3044285e-07
1.3040878e-07
1.3039313e-07
1.3035557e-07
1.303423e-07
1.3030034e-07
1.3029067e-07
1.3024329e-07
1.3023848e-07
1.3018489e-07
1.3018593e-07
1.301258e-07
1.3013313e-07
1.3006689e-07
1.3008016e-07
1.3000907e-07
1.3002713e-07
1.2995322e-07
1.2997429e-07
1.2989994e-07
1.2992203e-07
1.2984956e-07
1.2987074e-07
1.2980219e-07
1.2982067e-07
1.2975778e-07
1.2977185e-07
1.2971604e-07
1.2972421e-07
1.2967637e-07
1.2967765e-07
1.296378e-07
1.2963209e-07
1.2959919e-07
1.295872e-07
1.2955958e-07
1.2954218e-07
1.2951843e-07
1.2949577e-07
1.2947534e-07
1.2944677e-07
1.2942959e-07
1.2939463e-07
1.2937974e-07
1.2933944e-07
1.2932402e-07
1.2928134e-07
1.2926104e-07
1.292198e-07
1.2919012e-07
1.2915349e-07
1.2911105e-07
1.2908059e-07
1.2902381e-07
1.2899906e-07
1.2892849e-07
1.2890678e-07
1.2882497e-07
1.2880212e-07
1.2871187e-07
1.2868424e-07
1.28586e-07
1.2855271e-07
1.2844329e-07
1.2840633e-07
1.2828062e-07
1.2824239e-07
1.2809698e-07
1.2805724e-07
1.2789268e-07
1.2784792e-07
1.2766703e-07
1.2761303e-07
1.2741704e-07
1.2735041e-07
1.2713905e-07
1.2705401e-07
1.2683068e-07
1.2671531e-07
1.2649028e-07
1.2632985e-07
1.2611507e-07
1.2590252e-07
1.2570227e-07
1.2544497e-07
1.2525357e-07
1.2496891e-07
1.2477722e-07
1.2448306e-07
1.2428531e-07
1.2399495e-07
1.237902e-07
1.2351304e-07
1.2330346e-07
1.2304781e-07
1.2283539e-07
1.2261095e-07
1.2239847e-07
1.222112e-07
1.2200309e-07
1.2187006e-07
1.216018e-07
1.2187823e-07
1.2090364e-07
1.3097096e-07
1.3095752e-07
1.3095482e-07
1.3094147e-07
1.3093807e-07
1.3092454e-07
1.3092067e-07
1.3090671e-07
1.3090252e-07
1.3088803e-07
1.3088352e-07
1.3086855e-07
1.3086354e-07
1.3084835e-07
1.3084245e-07
1.3082747e-07
1.308202e-07
1.3080587e-07
1.307968e-07
1.3078344e-07
1.3077233e-07
1.3076e-07
1.3074688e-07
1.3073538e-07
1.3072055e-07
1.3070943e-07
1.3069338e-07
1.3068202e-07
1.3066538e-07
1.3065307e-07
1.3063652e-07
1.306225e-07
1.3060674e-07
1.3059028e-07
1.3057592e-07
1.3055644e-07
1.305439e-07
1.3052109e-07
1.305105e-07
1.3048433e-07
1.3047557e-07
1.304462e-07
1.3043904e-07
1.3040668e-07
1.3040089e-07
1.3036569e-07
1.3036108e-07
1.3032316e-07
1.3031951e-07
1.3027906e-07
1.3027607e-07
1.3023336e-07
1.3023068e-07
1.3018604e-07
1.3018329e-07
1.3013709e-07
1.301339e-07
1.3008657e-07
1.300825e-07
1.3003462e-07
1.3002909e-07
1.2998143e-07
1.299738e-07
1.2992714e-07
1.299169e-07
1.2987192e-07
1.2985872e-07
1.2981604e-07
1.2979963e-07
1.2975982e-07
1.2974019e-07
1.2970342e-07
1.296813e-07
1.2964674e-07
1.2962415e-07
1.2958962e-07
1.2956976e-07
1.2953229e-07
1.2951849e-07
1.2947565e-07
1.2946999e-07
1.294209e-07
1.294235e-07
1.2936919e-07
1.2937815e-07
1.293213e-07
1.2933312e-07
1.2927746e-07
1.2928785e-07
1.2923725e-07
1.2924214e-07
1.2919959e-07
1.29196e-07
1.2916312e-07
1.2914946e-07
1.2912635e-07
1.2910255e-07
1.290877e-07
1.2905518e-07
1.2904592e-07
1.2900684e-07
1.2900023e-07
1.2895717e-07
1.2894937e-07
1.2890687e-07
1.2889113e-07
1.2885691e-07
1.2882374e-07
1.2880588e-07
1.2874767e-07
1.287484e-07
1.2866538e-07
1.2867713e-07
1.2857815e-07
1.2858708e-07
1.2848317e-07
1.2847792e-07
1.2837459e-07
1.283524e-07
1.2824665e-07
1.2821397e-07
1.2809716e-07
1.2806316e-07
1.2793117e-07
1.2789792e-07
1.2775655e-07
1.2772252e-07
1.2757723e-07
1.2754901e-07
1.2739919e-07
1.2738567e-07
1.2723592e-07
1.2723822e-07
1.2709353e-07
1.2711814e-07
1.2697177e-07
1.2702551e-07
1.2687828e-07
1.2695276e-07
1.2680717e-07
1.2690885e-07
1.2674316e-07
1.2688697e-07
1.2670734e-07
1.2688073e-07
1.2668879e-07
1.2693137e-07
1.2668147e-07
1.2699077e-07
1.2678026e-07
1.2698119e-07
1.2696757e-07
1.2700253e-07
1.2713747e-07
1.2711893e-07
1.2732548e-07
1.2733032e-07
1.2752711e-07
1.2786496e-07
1.2717211e-07
1.307575e-07
1.3074371e-07
1.3074209e-07
1.3072744e-07
1.3072581e-07
1.3071065e-07
1.3070857e-07
1.3069331e-07
1.3069032e-07
1.3067535e-07
1.3067107e-07
1.3065661e-07
1.306509e-07
1.3063693e-07
1.306299e-07
1.3061614e-07
1.3060818e-07
1.3059408e-07
1.3058579e-07
1.3057069e-07
1.3056271e-07
1.3054598e-07
1.3053883e-07
1.3052004e-07
1.3051398e-07
1.30493e-07
1.3048792e-07
1.3046497e-07
1.3046047e-07
1.3043605e-07
1.3043144e-07
1.3040624e-07
1.3040072e-07
1.3037549e-07
1.3036824e-07
1.3034371e-07
1.3033397e-07
1.3031075e-07
1.3029791e-07
1.3027649e-07
1.3026005e-07
1.3024078e-07
1.302204e-07
1.3020348e-07
1.3017899e-07
1.3016439e-07
1.3013588e-07
1.3012334e-07
1.3009118e-07
1.3008012e-07
1.3004499e-07
1.3003462e-07
1.2999738e-07
1.2998682e-07
1.2994833e-07
1.2993677e-07
1.298978e-07
1.2988462e-07
1.2984576e-07
1.2983049e-07
1.2979223e-07
1.2977448e-07
1.2973731e-07
1.2971674e-07
1.2968111e-07
1.2965748e-07
1.2962379e-07
1.2959699e-07
1.2956564e-07
1.2953559e-07
1.2950709e-07
1.2947358e-07
1.2944872e-07
1.2941134e-07
1.293911e-07
1.293495e-07
1.2933453e-07
1.2928906e-07
1.2927897e-07
1.2923121e-07
1.292243e-07
1.2917691e-07
1.2917061e-07
1.2912644e-07
1.291185e-07
1.2907929e-07
1.2906885e-07
1.2903438e-07
1.2902237e-07
1.2899063e-07
1.2897909e-07
1.2894734e-07
1.2893817e-07
1.2890419e-07
1.2889813e-07
1.2886085e-07
1.2885748e-07
1.2881641e-07
1.2881536e-07
1.287692e-07
1.2877151e-07
1.2871732e-07
1.2872581e-07
1.2865961e-07
1.2867755e-07
1.2859615e-07
1.2862524e-07
1.2852801e-07
1.2856673e-07
1.2845653e-07
1.2849958e-07
1.2838238e-07
1.2842146e-07
1.283049e-07
1.2833075e-07
1.2822149e-07
1.2822727e-07
1.2812707e-07
1.2811284e-07
1.2801453e-07
1.2798956e-07
1.2787748e-07
1.2785631e-07
1.2771335e-07
1.277072e-07
1.2752322e-07
1.2753436e-07
1.2730924e-07
1.2733241e-07
1.2707302e-07
1.2710103e-07
1.2681624e-07
1.2684473e-07
1.2654252e-07
1.265705e-07
1.2625789e-07
1.2628703e-07
1.2596815e-07
1.2600383e-07
1.256805e-07
1.2572295e-07
1.2541142e-07
1.2543527e-07
1.2517765e-07
1.2513832e-07
1.2497749e-07
1.2485007e-07
1.2478877e-07
1.2459836e-07
1.2459249e-07
1.2439516e-07
1.2439481e-07
1.2422758e-07
1.2422534e-07
1.2408548e-07
1.2409355e-07
1.2398555e-07
1.2406255e-07
1.2369572e-07
1.2421778e-07
1.3062105e-07
1.3061315e-07
1.3060622e-07
1.3059661e-07
1.305907e-07
1.3057938e-07
1.3057439e-07
1.3056147e-07
1.3055718e-07
1.3054286e-07
1.3053904e-07
1.3052347e-07
1.3051995e-07
1.3050325e-07
1.3049986e-07
1.3048214e-07
1.3047875e-07
1.3046015e-07
1.3045656e-07
1.3043727e-07
1.3043322e-07
1.3041351e-07
1.3040869e-07
1.3038884e-07
1.3038294e-07
1.303632e-07
1.3035596e-07
1.303365e-07
1.3032775e-07
1.3030861e-07
1.3029834e-07
1.3027936e-07
1.3026777e-07
1.3024859e-07
1.3023607e-07
1.3021615e-07
1.3020322e-07
1.3018197e-07
1.3016911e-07
1.3014603e-07
1.3013356e-07
1.3010841e-07
1.3009632e-07
1.3006919e-07
1.3005718e-07
1.3002842e-07
1.3001596e-07
1.2998608e-07
1.2997262e-07
1.2994206e-07
1.2992719e-07
1.2989625e-07
1.2987974e-07
1.2984854e-07
1.2983034e-07
1.2979886e-07
1.2977907e-07
1.2974719e-07
1.2972596e-07
1.2969352e-07
1.296711e-07
1.296379e-07
1.2961457e-07
1.2958043e-07
1.2955647e-07
1.2952131e-07
1.294969e-07
1.2946084e-07
1.29436e-07
1.2939946e-07
1.2937398e-07
1.2933761e-07
1.293112e-07
1.2927576e-07
1.2924817e-07
1.2921433e-07
1.2918552e-07
1.2915371e-07
1.2912396e-07
1.2909425e-07
1.2906413e-07
1.2903633e-07
1.2900657e-07
1.2898023e-07
1.2895166e-07
1.2892608e-07
1.2889963e-07
1.2887383e-07
1.2885047e-07
1.2882322e-07
1.2880387e-07
1.2877379e-07
1.2875921e-07
1.2872492e-07
1.2871556e-07
1.2867589e-07
1.2867172e-07
1.2862591e-07
1.2862637e-07
1.2857415e-07
1.2857818e-07
1.2851966e-07
1.2852602e-07
1.2846142e-07
1.2846895e-07
1.2839838e-07
1.2840624e-07
1.2832964e-07
1.2833727e-07
1.2825459e-07
1.2826159e-07
1.28173e-07
1.28179e-07
1.2808503e-07
1.2808943e-07
1.2799114e-07
1.2799288e-07
1.2789182e-07
1.278892e-07
1.2778727e-07
1.2777798e-07
1.2767703e-07
1.2765839e-07
1.2755968e-07
1.2752925e-07
1.2743289e-07
1.2738905e-07
1.2729376e-07
1.272361e-07
1.2713941e-07
1.2706874e-07
1.2696761e-07
1.2688573e-07
1.2677693e-07
1.2668655e-07
1.2656679e-07
1.2647141e-07
1.2633751e-07
1.2624053e-07
1.2609038e-07
1.2599332e-07
1.2582711e-07
1.2572833e-07
1.2554873e-07
1.2544403e-07
1.2525485e-07
1.2513993e-07
1.2494378e-07
1.2481739e-07
1.2461387e-07
1.2447946e-07
1.2426592e-07
1.2412991e-07
1.2390449e-07
1.2377368e-07
1.2353403e-07
1.2342679e-07
1.2310625e-07
1.233803e-07
1.2237873e-07
1.3056495e-07
1.3055144e-07
1.305503e-07
1.305349e-07
1.3053488e-07
1.3051777e-07
1.3051858e-07
1.3050005e-07
1.3050128e-07
1.3048178e-07
1.3048289e-07
1.3046293e-07
1.3046333e-07
1.3044348e-07
1.3044258e-07
1.3042335e-07
1.3042067e-07
1.3040246e-07
1.3039765e-07
1.3038069e-07
1.3037359e-07
1.303579e-07
1.3034856e-07
1.3033398e-07
1.3032259e-07
1.3030883e-07
1.3029564e-07
1.3028238e-07
1.3026764e-07
1.3025459e-07
1.3023852e-07
1.302254e-07
1.3020822e-07
1.3019473e-07
1.3017675e-07
1.3016247e-07
1.3014414e-07
1.301285e-07
1.3011043e-07
1.3009271e-07
1.3007561e-07
1.3005504e-07
1.3003957e-07
1.3001549e-07
1.3000215e-07
1.2997408e-07
1.2996314e-07
1.2993083e-07
1.2992235e-07
1.2988578e-07
1.2987958e-07
1.2983892e-07
1.2983471e-07
1.2979022e-07
1.2978769e-07
1.2973962e-07
1.2973854e-07
1.2968702e-07
1.2968734e-07
1.2963236e-07
1.2963417e-07
1.2957563e-07
1.2957907e-07
1.2951688e-07
1.2952205e-07
1.2945627e-07
1.2946305e-07
1.2939398e-07
1.2940203e-07
1.2933024e-07
1.2933897e-07
1.2926525e-07
1.2927396e-07
1.2919913e-07
1.2920728e-07
1.2913194e-07
1.2913939e-07
1.2906369e-07
1.2907079e-07
1.2899454e-07
1.2900199e-07
1.289248e-07
1.2893339e-07
1.2885493e-07
1.2886533e-07
1.2878546e-07
1.2879811e-07
1.2871685e-07
1.2873199e-07
1.2864944e-07
1.2866717e-07
1.2858338e-07
1.286037e-07
1.2851863e-07
1.2854144e-07
1.28455e-07
1.2847999e-07
1.2839213e-07
1.2841874e-07
1.2832951e-07
1.2835692e-07
1.2826651e-07
1.282937e-07
1.2820244e-07
1.2822836e-07
1.2813657e-07
1.281604e-07
1.2806826e-07
1.2808968e-07
1.2799686e-07
1.2801651e-07
1.2792176e-07
1.2794165e-07
1.2784234e-07
1.2786593e-07
1.2775826e-07
1.2778959e-07
1.2766987e-07
1.2771154e-07
1.2757841e-07
1.2762924e-07
1.2748539e-07
1.275395e-07
1.2739122e-07
1.2743989e-07
1.2729398e-07
1.2732927e-07
1.2718966e-07
1.2720682e-07
1.2707374e-07
1.2707078e-07
1.2694263e-07
1.2691821e-07
1.2679412e-07
1.267458e-07
1.2662703e-07
1.2655143e-07
1.2643987e-07
1.2633532e-07
1.2623003e-07
1.2609945e-07
1.2599495e-07
1.2584578e-07
1.257338e-07
1.2557542e-07
1.2544883e-07
1.2528881e-07
1.2514513e-07
1.2498752e-07
1.2482826e-07
1.2467583e-07
1.2450305e-07
1.243591e-07
1.2417448e-07
1.2404169e-07
1.2384915e-07
1.2371772e-07
1.2358396e-07
1.2311391e-07
1.2362349e-07
1.305139e-07
1.3050156e-07
1.3049832e-07
1.3048577e-07
1.3048196e-07
1.3046931e-07
1.3046483e-07
1.3045212e-07
1.3044692e-07
1.3043412e-07
1.304282e-07
1.3041526e-07
1.3040865e-07
1.303955e-07
1.303882e-07
1.3037481e-07
1.3036679e-07
1.3035316e-07
1.303444e-07
1.3033047e-07
1.3032103e-07
1.3030666e-07
1.3029673e-07
1.3028161e-07
1.3027154e-07
1.3025522e-07
1.3024547e-07
1.3022744e-07
1.3021847e-07
1.3019832e-07
1.3019041e-07
1.3016793e-07
1.3016109e-07
1.3013641e-07
1.3013036e-07
1.3010384e-07
1.3009807e-07
1.3007024e-07
1.3006418e-07
1.3003551e-07
1.3002876e-07
1.2999945e-07
1.2999193e-07
1.2996184e-07
1.2995382e-07
1.2992245e-07
1.2991448e-07
1.2988115e-07
1.2987385e-07
1.2983793e-07
1.2983174e-07
1.2979287e-07
1.2978787e-07
1.2974613e-07
1.2974195e-07
1.2969781e-07
1.2969375e-07
1.296479e-07
1.2964316e-07
1.2959629e-07
1.2959017e-07
1.2954283e-07
1.2953481e-07
1.2948734e-07
1.2947709e-07
1.2942972e-07
1.2941697e-07
1.2936995e-07
1.2935442e-07
1.2930802e-07
1.2928945e-07
1.2924388e-07
1.2922222e-07
1.2917743e-07
1.2915304e-07
1.2910848e-07
1.2908235e-07
1.2903691e-07
1.2901055e-07
1.2896285e-07
1.2893781e-07
1.2888682e-07
1.2886402e-07
1.2880975e-07
1.2878885e-07
1.2873268e-07
1.2871212e-07
1.2865637e-07
1.2863406e-07
1.2858106e-07
1.2855545e-07
1.2850644e-07
1.2847735e-07
1.2843197e-07
1.2840063e-07
1.2835728e-07
1.2832563e-07
1.2828237e-07
1.2825207e-07
1.2820738e-07
1.2817944e-07
1.2813214e-07
1.2810744e-07
1.2805593e-07
1.2803612e-07
1.2797768e-07
1.2796551e-07
1.2789666e-07
1.27895e-07
1.2781313e-07
1.2782306e-07
1.2772836e-07
1.2774762e-07
1.2764401e-07
1.2766685e-07
1.2756129e-07
1.275796e-07
1.2748057e-07
1.2748555e-07
1.2740105e-07
1.2738554e-07
1.2732018e-07
1.2728188e-07
1.2723364e-07
1.2717763e-07
1.2713696e-07
1.2707444e-07
1.2702804e-07
1.2697079e-07
1.2690812e-07
1.2686239e-07
1.2678037e-07
1.2674387e-07
1.2664791e-07
1.2660999e-07
1.2651187e-07
1.2645695e-07
1.263694e-07
1.2628396e-07
1.2621279e-07
1.2609332e-07
1.2603303e-07
1.2588682e-07
1.2582645e-07
1.2566318e-07
1.2559691e-07
1.2542226e-07
1.2535056e-07
1.2517107e-07
1.2509395e-07
1.2492037e-07
1.2483762e-07
1.2468025e-07
1.2459441e-07
1.2446041e-07
1.243771e-07
1.2426085e-07
1.2424459e-07
1.2382962e-07
1.2434569e-07
1.3045161e-07
1.3044218e-07
1.3043622e-07
1.3042566e-07
1.304202e-07
1.3040841e-07
1.3040347e-07
1.3039043e-07
1.3038597e-07
1.3037173e-07
1.3036761e-07
1.303523e-07
1.303483e-07
1.3033217e-07
1.3032797e-07
1.3031132e-07
1.3030655e-07
1.3028974e-07
1.3028402e-07
1.3026735e-07
1.302604e-07
1.3024401e-07
1.3023572e-07
1.3021958e-07
1.3021002e-07
1.3019388e-07
1.3018331e-07
1.3016682e-07
1.3015552e-07
1.3013833e-07
1.3012655e-07
1.3010843e-07
1.3009624e-07
1.3007713e-07
1.3006444e-07
1.3004446e-07
1.3003102e-07
1.3001038e-07
1.299959e-07
1.2997481e-07
1.299591e-07
1.2993762e-07
1.2992062e-07
1.2989869e-07
1.2988052e-07
1.298579e-07
1.2983881e-07
1.2981518e-07
1.2979548e-07
1.2977052e-07
1.297505e-07
1.2972396e-07
1.2970382e-07
1.2967553e-07
1.2965535e-07
1.2962531e-07
1.2960503e-07
1.295733e-07
1.295528e-07
1.2951948e-07
1.2949864e-07
1.2946378e-07
1.2944254e-07
1.2940607e-07
1.2938448e-07
1.2934629e-07
1.2932437e-07
1.2928444e-07
1.2926206e-07
1.2922063e-07
1.2919736e-07
1.2915499e-07
1.2913016e-07
1.290876e-07
1.2906057e-07
1.2901844e-07
1.2898889e-07
1.2894736e-07
1.2891564e-07
1.2887424e-07
1.2884142e-07
1.287991e-07
1.2876674e-07
1.2872219e-07
1.2869196e-07
1.2864407e-07
1.2861723e-07
1.2856548e-07
1.2854259e-07
1.2848726e-07
1.2846798e-07
1.2841012e-07
1.2839344e-07
1.2833449e-07
1.2831909e-07
1.2826037e-07
1.2824525e-07
1.2818734e-07
1.2817224e-07
1.2811463e-07
1.2810026e-07
1.2804144e-07
1.2802911e-07
1.2796706e-07
1.2795803e-07
1.2789111e-07
1.2788584e-07
1.2781336e-07
1.2781122e-07
1.277336e-07
1.2773302e-07
1.2765151e-07
1.2765048e-07
1.2756678e-07
1.2756318e-07
1.2747919e-07
1.274709e-07
1.2738871e-07
1.2737354e-07
1.2729535e-07
1.2727105e-07
1.2719894e-07
1.2716347e-07
1.2709894e-07
1.2705089e-07
1.2699441e-07
1.269334e-07
1.2688407e-07
1.2681108e-07
1.2676645e-07
1.2668405e-07
1.2664022e-07
1.265522e-07
1.2650441e-07
1.2641487e-07
1.263584e-07
1.2627046e-07
1.2620129e-07
1.261164e-07
1.2603113e-07
1.2594937e-07
1.2584452e-07
1.257654e-07
1.2563705e-07
1.2555985e-07
1.2540402e-07
1.2532757e-07
1.2514093e-07
1.2506326e-07
1.2484362e-07
1.2476179e-07
1.2450844e-07
1.2441877e-07
1.2413262e-07
1.2403089e-07
1.2371681e-07
1.235869e-07
1.2331849e-07
1.2279209e-07
1.2329506e-07
1.3046395e-07
1.3044937e-07
1.3044892e-07
1.3043343e-07
1.3043325e-07
1.3041676e-07
1.304169e-07
1.3039931e-07
1.303998e-07
1.3038103e-07
1.3038189e-07
1.3036191e-07
1.3036309e-07
1.3034196e-07
1.3034331e-07
1.3032118e-07
1.3032246e-07
1.3029959e-07
1.3030049e-07
1.3027718e-07
1.3027736e-07
1.3025392e-07
1.3025307e-07
1.3022973e-07
1.3022766e-07
1.3020453e-07
1.3020116e-07
1.3017823e-07
1.3017363e-07
1.301507e-07
1.3014509e-07
1.3012184e-07
1.3011554e-07
1.3009155e-07
1.3008491e-07
1.3005977e-07
1.300531e-07
1.3002648e-07
1.3001996e-07
1.2999166e-07
1.2998532e-07
1.2995528e-07
1.2994906e-07
1.2991726e-07
1.2991111e-07
1.2987744e-07
1.2987144e-07
1.2983561e-07
1.2983004e-07
1.2979156e-07
1.2978685e-07
1.2974513e-07
1.2974172e-07
1.296963e-07
1.2969437e-07
1.2964515e-07
1.2964443e-07
1.2959187e-07
1.2959151e-07
1.2953666e-07
1.2953531e-07
1.2947963e-07
1.2947568e-07
1.294208e-07
1.2941264e-07
1.2936003e-07
1.2934641e-07
1.292971e-07
1.2927736e-07
1.2923174e-07
1.2920594e-07
1.2916367e-07
1.2913265e-07
1.290927e-07
1.2905799e-07
1.290188e-07
1.2898236e-07
1.2894209e-07
1.2890609e-07
1.2886291e-07
1.2882942e-07
1.2878177e-07
1.2875256e-07
1.2869926e-07
1.286757e-07
1.2861609e-07
1.2859905e-07
1.2853296e-07
1.2852278e-07
1.2845058e-07
1.2844705e-07
1.2836958e-07
1.2837202e-07
1.2829046e-07
1.2829774e-07
1.2821355e-07
1.2822413e-07
1.2813901e-07
1.2815102e-07
1.2806672e-07
1.2807816e-07
1.2799614e-07
1.2800538e-07
1.279263e-07
1.2793254e-07
1.2785588e-07
1.2785945e-07
1.2778347e-07
1.2778565e-07
1.2770794e-07
1.277102e-07
1.2762866e-07
1.2763168e-07
1.2754565e-07
1.2754838e-07
1.274593e-07
1.2745873e-07
1.2736997e-07
1.273618e-07
1.2727754e-07
1.2725756e-07
1.2718117e-07
1.271467e-07
1.2707949e-07
1.2703024e-07
1.2697092e-07
1.2690901e-07
1.2685411e-07
1.2678323e-07
1.2672827e-07
1.2665221e-07
1.2659324e-07
1.2651459e-07
1.2644906e-07
1.2636886e-07
1.2629539e-07
1.262139e-07
1.2613144e-07
1.2604892e-07
1.2595638e-07
1.2587336e-07
1.2576969e-07
1.2568689e-07
1.2557117e-07
1.2548946e-07
1.253608e-07
1.2528086e-07
1.2513838e-07
1.2506016e-07
1.2490308e-07
1.248253e-07
1.2465296e-07
1.2457309e-07
1.2438508e-07
1.2429946e-07
1.2409784e-07
1.2399102e-07
1.2384165e-07
1.2336581e-07
1.2387439e-07
1.3045339e-07
1.304399e-07
1.304386e-07
1.3042382e-07
1.3042298e-07
1.3040704e-07
1.3040651e-07
1.303895e-07
1.3038917e-07
1.3037115e-07
1.3037094e-07
1.3035196e-07
1.3035178e-07
1.3033189e-07
1.3033163e-07
1.3031094e-07
1.3031042e-07
1.3028909e-07
1.3028808e-07
1.3026632e-07
1.3026456e-07
1.3024259e-07
1.3023979e-07
1.3021782e-07
1.3021376e-07
1.3019195e-07
1.3018643e-07
1.3016489e-07
1.3015784e-07
1.3013657e-07
1.3012797e-07
1.3010694e-07
1.3009685e-07
1.3007597e-07
1.3006445e-07
1.3004364e-07
1.3003074e-07
1.3000991e-07
1.2999568e-07
1.2997477e-07
1.299592e-07
1.2993815e-07
1.2992125e-07
1.2989999e-07
1.2988178e-07
1.2986019e-07
1.2984077e-07
1.2981862e-07
1.2979819e-07
1.2977516e-07
1.2975404e-07
1.2972968e-07
1.2970831e-07
1.2968206e-07
1.2966094e-07
1.2963225e-07
1.2961181e-07
1.2958024e-07
1.2956073e-07
1.2952608e-07
1.2950745e-07
1.2946988e-07
1.2945171e-07
1.2941172e-07
1.2939331e-07
1.2935162e-07
1.2933218e-07
1.2928948e-07
1.2926838e-07
1.2922513e-07
1.2920209e-07
1.2915838e-07
1.2913357e-07
1.2908907e-07
1.2906305e-07
1.2901716e-07
1.2899071e-07
1.2894275e-07
1.289167e-07
1.288661e-07
1.2884113e-07
1.2878758e-07
1.2876411e-07
1.2870767e-07
1.2868582e-07
1.2862685e-07
1.286065e-07
1.2854558e-07
1.2852656e-07
1.2846421e-07
1.2844652e-07
1.2838296e-07
1.2836695e-07
1.28302e-07
1.2828832e-07
1.2822152e-07
1.2821083e-07
1.2814178e-07
1.2813445e-07
1.2806298e-07
1.2805891e-07
1.2798513e-07
1.2798389e-07
1.2790793e-07
1.2790902e-07
1.2783078e-07
1.2783384e-07
1.2775295e-07
1.2775759e-07
1.2767381e-07
1.2767912e-07
1.2759289e-07
1.2759701e-07
1.2750988e-07
1.2750982e-07
1.2742439e-07
1.2741645e-07
1.273358e-07
1.2731645e-07
1.2724314e-07
1.2721021e-07
1.2714517e-07
1.2709882e-07
1.2704074e-07
1.2698366e-07
1.2692927e-07
1.2686581e-07
1.2681113e-07
1.267457e-07
1.2668753e-07
1.266232e-07
1.2655978e-07
1.2649787e-07
1.2642862e-07
1.2636922e-07
1.2629364e-07
1.2623642e-07
1.2615341e-07
1.2609798e-07
1.2600569e-07
1.2595158e-07
1.2584773e-07
1.2579424e-07
1.256766e-07
1.2562254e-07
1.2548928e-07
1.2543294e-07
1.2528279e-07
1.2522208e-07
1.2505421e-07
1.2498691e-07
1.2480082e-07
1.2472487e-07
1.2452043e-07
1.2443384e-07
1.2421355e-07
1.2410286e-07
1.2393385e-07
1.2344908e-07
1.2395709e-07
1.3046641e-07
1.3045732e-07
1.304503e-07
1.3044142e-07
1.3043353e-07
1.3042464e-07
1.3041617e-07
1.304069e-07
1.3039826e-07
1.3038816e-07
1.3037981e-07
1.3036842e-07
1.3036075e-07
1.3034775e-07
1.3034098e-07
1.3032625e-07
1.3032036e-07
1.3030402e-07
1.3029874e-07
1.3028113e-07
1.3027599e-07
1.3025762e-07
1.3025203e-07
1.3023343e-07
1.302268e-07
1.3020845e-07
1.3020028e-07
1.3018256e-07
1.3017247e-07
1.301556e-07
1.3014334e-07
1.3012742e-07
1.3011291e-07
1.3009789e-07
1.3008119e-07
1.3006686e-07
1.3004825e-07
1.3003418e-07
1.3001416e-07
1.2999972e-07
1.2997898e-07
1.2996336e-07
1.2994275e-07
1.2992505e-07
1.2990539e-07
1.2988482e-07
1.2986676e-07
1.2984278e-07
1.2982661e-07
1.2979909e-07
1.2978466e-07
1.297539e-07
1.2974068e-07
1.2970733e-07
1.2969448e-07
1.2965936e-07
1.29646e-07
1.2960989e-07
1.2959528e-07
1.2955867e-07
1.2954242e-07
1.2950541e-07
1.2948751e-07
1.2944985e-07
1.2943058e-07
1.2939178e-07
1.2937151e-07
1.2933108e-07
1.2931011e-07
1.292677e-07
1.2924616e-07
1.292016e-07
1.2917947e-07
1.2913268e-07
1.2910996e-07
1.2906079e-07
1.2903768e-07
1.289858e-07
1.2896272e-07
1.2890766e-07
1.2888516e-07
1.2882649e-07
1.2880501e-07
1.2874261e-07
1.287223e-07
1.2865644e-07
1.286371e-07
1.2856844e-07
1.2854962e-07
1.2847906e-07
1.2846025e-07
1.2838863e-07
1.2836952e-07
1.2829748e-07
1.28278e-07
1.2820588e-07
1.2818629e-07
1.2811415e-07
1.280948e-07
1.2802261e-07
1.2800377e-07
1.2793163e-07
1.2791319e-07
1.2784151e-07
1.2782287e-07
1.2775238e-07
1.2773248e-07
1.2766409e-07
1.2764163e-07
1.2757619e-07
1.2754993e-07
1.2748786e-07
1.2745699e-07
1.2739805e-07
1.2736236e-07
1.2730564e-07
1.2726543e-07
1.2720973e-07
1.271653e-07
1.2710985e-07
1.2706084e-07
1.2700593e-07
1.2695105e-07
1.2689798e-07
1.2683564e-07
1.2678568e-07
1.2671534e-07
1.2666834e-07
1.2659159e-07
1.2654537e-07
1.2646564e-07
1.2641682e-07
1.2633778e-07
1.2628332e-07
1.2620716e-07
1.2614524e-07
1.2607233e-07
1.2600196e-07
1.2593148e-07
1.2585179e-07
1.2578254e-07
1.2569251e-07
1.256233e-07
1.25522e-07
1.2545189e-07
1.2533863e-07
1.2526706e-07
1.2514149e-07
1.2506814e-07
1.2493032e-07
1.2485471e-07
1.2470491e-07
1.2462618e-07
1.2446468e-07
1.2438115e-07
1.2421015e-07
1.241083e-07
1.2399204e-07
1.2353077e-07
1.2404136e-07
1.3048802e-07
1.3048095e-07
1.3047249e-07
1.3046469e-07
1.3045621e-07
1.3044776e-07
1.3043916e-07
1.3043011e-07
1.3042131e-07
1.3041167e-07
1.3040267e-07
1.303924e-07
1.3038322e-07
1.3037221e-07
1.3036297e-07
1.3035108e-07
1.3034188e-07
1.3032897e-07
1.303199e-07
1.3030586e-07
1.3029697e-07
1.3028173e-07
1.3027303e-07
1.3025653e-07
1.3024801e-07
1.302302e-07
1.3022183e-07
1.3020268e-07
1.3019443e-07
1.3017388e-07
1.3016576e-07
1.3014372e-07
1.3013574e-07
1.3011213e-07
1.3010433e-07
1.3007908e-07
1.3007144e-07
1.3004456e-07
1.3003697e-07
1.3000856e-07
1.3000084e-07
1.2997106e-07
1.2996295e-07
1.29932e-07
1.2992323e-07
1.2989127e-07
1.2988168e-07
1.2984871e-07
1.2983828e-07
1.2980413e-07
1.2979301e-07
1.2975737e-07
1.2974584e-07
1.2970836e-07
1.2969663e-07
1.2965706e-07
1.2964521e-07
1.296035e-07
1.2959139e-07
1.2954772e-07
1.2953502e-07
1.2948966e-07
1.2947603e-07
1.2942925e-07
1.2941442e-07
1.2936632e-07
1.2935025e-07
1.2930069e-07
1.2928357e-07
1.2923226e-07
1.2921442e-07
1.2916097e-07
1.2914279e-07
1.2908685e-07
1.2906865e-07
1.2900997e-07
1.2899195e-07
1.2893047e-07
1.2891268e-07
1.2884851e-07
1.2883079e-07
1.2876434e-07
1.287463e-07
1.2867823e-07
1.2865925e-07
1.2859043e-07
1.2856985e-07
1.2850114e-07
1.2847844e-07
1.2841047e-07
1.2838557e-07
1.2831846e-07
1.2829188e-07
1.2822516e-07
1.2819805e-07
1.2813067e-07
1.2810466e-07
1.2803525e-07
1.2801209e-07
1.2793937e-07
1.2792044e-07
1.2784368e-07
1.2782949e-07
1.2774896e-07
1.2773876e-07
1.2765595e-07
1.2764766e-07
1.2756512e-07
1.2755566e-07
1.2747653e-07
1.2746234e-07
1.2738968e-07
1.2736755e-07
1.2730349e-07
1.2727131e-07
1.2721648e-07
1.2717367e-07
1.2712694e-07
1.2707455e-07
1.2703331e-07
1.269735e-07
1.2693438e-07
1.2686969e-07
1.2682939e-07
1.2676206e-07
1.2671796e-07
1.2664963e-07
1.2659998e-07
1.265317e-07
1.2647552e-07
1.2640795e-07
1.2634485e-07
1.2627847e-07
1.2620834e-07
1.261436e-07
1.2606638e-07
1.2600376e-07
1.2591928e-07
1.2585915e-07
1.2576706e-07
1.2570963e-07
1.2560931e-07
1.2555449e-07
1.2544516e-07
1.2539242e-07
1.2527323e-07
1.2522147e-07
1.2509163e-07
1.2503916e-07
1.2489794e-07
1.2484249e-07
1.2468921e-07
1.2462817e-07
1.24462e-07
1.2439317e-07
1.2421097e-07
1.2414451e-07
1.2387998e-07
1.2415965e-07
1.2317877e-07
1.3049987e-07
1.3049218e-07
1.3048482e-07
1.3047613e-07
1.3046885e-07
1.3045948e-07
1.3045191e-07
1.304422e-07
1.3043398e-07
1.3042421e-07
1.3041504e-07
1.3040543e-07
1.3039511e-07
1.3038572e-07
1.303742e-07
1.3036498e-07
1.3035234e-07
1.303431e-07
1.3032952e-07
1.3031999e-07
1.3030573e-07
1.3029561e-07
1.3028095e-07
1.3026991e-07
1.3025513e-07
1.302429e-07
1.3022821e-07
1.3021457e-07
1.302001e-07
1.3018496e-07
1.3017073e-07
1.3015404e-07
1.3014002e-07
1.3012182e-07
1.3010793e-07
1.3008825e-07
1.3007439e-07
1.3005328e-07
1.3003938e-07
1.3001684e-07
1.3000284e-07
1.2997888e-07
1.2996469e-07
1.2993937e-07
1.2992484e-07
1.2989827e-07
1.2988318e-07
1.2985556e-07
1.2983961e-07
1.2981114e-07
1.2979409e-07
1.2976491e-07
1.297466e-07
1.2971671e-07
1.2969716e-07
1.2966638e-07
1.2964582e-07
1.2961377e-07
1.2959259e-07
1.2955878e-07
1.2953748e-07
1.295014e-07
1.2948043e-07
1.2944169e-07
1.2942131e-07
1.2937974e-07
1.2935997e-07
1.2931571e-07
1.2929625e-07
1.292497e-07
1.2923002e-07
1.2918176e-07
1.2916124e-07
1.2911184e-07
1.2908995e-07
1.2903976e-07
1.2901627e-07
1.2896529e-07
1.2894039e-07
1.2888815e-07
1.2886245e-07
1.2880814e-07
1.2878258e-07
1.2872516e-07
1.2870078e-07
1.2863926e-07
1.2861698e-07
1.285507e-07
1.2853104e-07
1.2845986e-07
1.2844286e-07
1.2836722e-07
1.2835242e-07
1.2827327e-07
1.2825985e-07
1.281785e-07
1.2816546e-07
1.2808334e-07
1.2806966e-07
1.2798818e-07
1.2797295e-07
1.2789338e-07
1.2787578e-07
1.2779929e-07
1.2777851e-07
1.2770614e-07
1.2768139e-07
1.2761407e-07
1.2758451e-07
1.2752299e-07
1.2748788e-07
1.2743254e-07
1.273914e-07
1.2734204e-07
1.2729488e-07
1.2725057e-07
1.2719799e-07
1.2715703e-07
1.2710014e-07
1.2706037e-07
1.2700046e-07
1.2695962e-07
1.2689784e-07
1.2685395e-07
1.2679106e-07
1.2674261e-07
1.2667908e-07
1.2662489e-07
1.2656112e-07
1.2650027e-07
1.2643676e-07
1.2636848e-07
1.2630588e-07
1.2622968e-07
1.2616868e-07
1.2608443e-07
1.260256e-07
1.2593358e-07
1.2587718e-07
1.257781e-07
1.2572395e-07
1.2561874e-07
1.2556616e-07
1.2545573e-07
1.2540366e-07
1.2528857e-07
1.2523567e-07
1.2511589e-07
1.2506072e-07
1.2493552e-07
1.2487667e-07
1.2474474e-07
1.2468094e-07
1.245406e-07
1.2447125e-07
1.2431857e-07
1.2425516e-07
1.2402429e-07
1.2430616e-07
1.2334122e-07
1.305446e-07
1.3053509e-07
1.3052895e-07
1.3051929e-07
1.3051252e-07
1.3050265e-07
1.3049529e-07
1.3048511e-07
1.3047726e-07
1.3046664e-07
1.3045843e-07
1.3044721e-07
1.3043878e-07
1.3042678e-07
1.3041829e-07
1.3040535e-07
1.3039695e-07
1.3038287e-07
1.3037475e-07
1.3035931e-07
1.3035166e-07
1.3033464e-07
1.3032764e-07
1.3030883e-07
1.3030264e-07
1.3028185e-07
1.3027659e-07
1.3025369e-07
1.3024937e-07
1.3022436e-07
1.3022088e-07
1.3019389e-07
1.3019098e-07
1.3016229e-07
1.3015957e-07
1.3012957e-07
1.3012654e-07
1.3009574e-07
1.3009178e-07
1.3006078e-07
1.3005523e-07
1.3002467e-07
1.3001685e-07
1.2998734e-07
1.2997663e-07
1.2994868e-07
1.2993462e-07
1.2990856e-07
1.2989091e-07
1.2986678e-07
1.2984561e-07
1.2982314e-07
1.2979882e-07
1.2977743e-07
1.2975063e-07
1.2972948e-07
1.2970104e-07
1.2967915e-07
1.2964999e-07
1.2962634e-07
1.2959733e-07
1.29571e-07
1.2954285e-07
1.2951312e-07
1.2948626e-07
1.2945268e-07
1.2942729e-07
1.2938967e-07
1.2936563e-07
1.2932403e-07
1.2930102e-07
1.292557e-07
1.2923328e-07
1.2918454e-07
1.2916229e-07
1.2911039e-07
1.2908803e-07
1.2903302e-07
1.2901056e-07
1.2895228e-07
1.2892997e-07
1.2886807e-07
1.2884631e-07
1.2878047e-07
1.2875959e-07
1.2868969e-07
1.2866979e-07
1.2859605e-07
1.2857694e-07
1.2849991e-07
1.2848119e-07
1.2840163e-07
1.2838278e-07
1.2830156e-07
1.2828204e-07
1.2820007e-07
1.2817933e-07
1.2809756e-07
1.2807504e-07
1.2799448e-07
1.2796953e-07
1.2789122e-07
1.2786321e-07
1.2778811e-07
1.2775646e-07
1.2768537e-07
1.2764967e-07
1.275831e-07
1.275431e-07
1.274813e-07
1.2743689e-07
1.2737986e-07
1.2733102e-07
1.2727852e-07
1.2722532e-07
1.2717679e-07
1.2711955e-07
1.2707396e-07
1.2701337e-07
1.2696917e-07
1.2690623e-07
1.2686156e-07
1.267973e-07
1.2675039e-07
1.2668551e-07
1.2663499e-07
1.2656972e-07
1.2651469e-07
1.2644889e-07
1.2638885e-07
1.2632224e-07
1.2625691e-07
1.2618922e-07
1.261185e-07
1.2604963e-07
1.2597348e-07
1.2590353e-07
1.2582196e-07
1.257512e-07
1.256642e-07
1.2559303e-07
1.2550054e-07
1.254293e-07
1.2533126e-07
1.2526014e-07
1.2515639e-07
1.2508533e-07
1.2497564e-07
1.2490432e-07
1.2478835e-07
1.2471623e-07
1.2459347e-07
1.2451994e-07
1.2438962e-07
1.2431455e-07
1.241735e-07
1.2410864e-07
1.2389174e-07
1.2417445e-07
1.2321653e-07
1.3055547e-07
1.3054517e-07
1.3053931e-07
1.3052951e-07
1.3052248e-07
1.3051301e-07
1.3050494e-07
1.3049564e-07
1.3048663e-07
1.3047737e-07
1.3046754e-07
1.304582e-07
1.3044761e-07
1.3043807e-07
1.3042682e-07
1.3041696e-07
1.3040516e-07
1.3039481e-07
1.303826e-07
1.3037159e-07
1.3035911e-07
1.3034724e-07
1.3033465e-07
1.3032174e-07
1.3030913e-07
1.3029507e-07
1.3028246e-07
1.3026721e-07
1.3025455e-07
1.3023814e-07
1.3022528e-07
1.3020782e-07
1.3019457e-07
1.3017619e-07
1.3016236e-07
1.3014317e-07
1.3012862e-07
1.3010868e-07
1.3009335e-07
1.3007261e-07
1.3005655e-07
1.3003485e-07
1.3001823e-07
1.2999531e-07
1.2997837e-07
1.2995392e-07
1.2993692e-07
1.2991064e-07
1.2989376e-07
1.2986549e-07
1.2984874e-07
1.2981855e-07
1.2980164e-07
1.2976986e-07
1.2975228e-07
1.2971944e-07
1.2970052e-07
1.2966723e-07
1.2964628e-07
1.2961306e-07
1.2958958e-07
1.2955667e-07
1.2953048e-07
1.2949777e-07
1.2946903e-07
1.2943609e-07
1.2940524e-07
1.2937143e-07
1.2933906e-07
1.2930364e-07
1.292704e-07
1.2923261e-07
1.2919918e-07
1.2915828e-07
1.2912531e-07
1.2908056e-07
1.2904874e-07
1.2899942e-07
1.2896939e-07
1.2891487e-07
1.2888713e-07
1.2882698e-07
1.2880177e-07
1.2873589e-07
1.2871311e-07
1.2864174e-07
1.2862097e-07
1.2854464e-07
1.2852524e-07
1.2844464e-07
1.2842593e-07
1.283417e-07
1.2832315e-07
1.2823574e-07
1.2821706e-07
1.2812674e-07
1.281078e-07
1.2801482e-07
1.2799549e-07
1.2790023e-07
1.2788013e-07
1.2778343e-07
1.2776169e-07
1.2766499e-07
1.2764017e-07
1.2754548e-07
1.275157e-07
1.2742537e-07
1.2738861e-07
1.2730489e-07
1.2725953e-07
1.2718401e-07
1.2712928e-07
1.2706242e-07
1.2699876e-07
1.2693973e-07
1.2686873e-07
1.2681556e-07
1.2673959e-07
1.2668976e-07
1.2661127e-07
1.2656234e-07
1.2648324e-07
1.264334e-07
1.2635477e-07
1.2630289e-07
1.2622508e-07
1.2617042e-07
1.2609355e-07
1.2603533e-07
1.2595961e-07
1.2589685e-07
1.2582265e-07
1.2575431e-07
1.2568205e-07
1.2560717e-07
1.2553717e-07
1.2545511e-07
1.2538746e-07
1.2529805e-07
1.2523249e-07
1.2513606e-07
1.2507199e-07
1.2496931e-07
1.2490591e-07
1.2479794e-07
1.2473431e-07
1.2462191e-07
1.2455721e-07
1.2444088e-07
1.2437444e-07
1.2425411e-07
1.2418539e-07
1.2406024e-07
1.2398923e-07
1.238556e-07
1.23794e-07
1.235862e-07
1.2386956e-07
1.2291616e-07
1.3060572e-07
1.3059827e-07
1.305898e-07
1.3058176e-07
1.3057327e-07
1.3056458e-07
1.3055608e-07
1.3054668e-07
1.3053821e-07
1.3052803e-07
1.3051963e-07
1.3050856e-07
1.305003e-07
1.3048822e-07
1.3048017e-07
1.3046698e-07
1.304592e-07
1.3044478e-07
1.3043731e-07
1.3042159e-07
1.3041442e-07
1.3039739e-07
1.3039047e-07
1.3037213e-07
1.3036535e-07
1.3034579e-07
1.3033898e-07
1.3031832e-07
1.3031129e-07
1.3028967e-07
1.3028221e-07
1.3025978e-07
1.302517e-07
1.3022858e-07
1.3021972e-07
1.3019602e-07
1.3018624e-07
1.3016201e-07
1.3015122e-07
1.3012649e-07
1.3011462e-07
1.3008936e-07
1.3007638e-07
1.3005053e-07
1.3003645e-07
1.300099e-07
1.2999475e-07
1.2996733e-07
1.2995122e-07
1.2992273e-07
1.2990578e-07
1.29876e-07
1.2985833e-07
1.2982712e-07
1.2980875e-07
1.2977609e-07
1.2975692e-07
1.2972296e-07
1.2970272e-07
1.2966777e-07
1.2964608e-07
1.2961052e-07
1.2958699e-07
1.2955113e-07
1.2952551e-07
1.2948945e-07
1.2946174e-07
1.2942532e-07
1.2939577e-07
1.2935854e-07
1.2932764e-07
1.2928896e-07
1.2925731e-07
1.2921649e-07
1.2918466e-07
1.2914105e-07
1.2910949e-07
1.2906259e-07
1.2903159e-07
1.2898104e-07
1.2895068e-07
1.2889638e-07
1.2886646e-07
1.2880857e-07
1.2877863e-07
1.2871762e-07
1.2868688e-07
1.2862349e-07
1.2859101e-07
1.2852609e-07
1.2849092e-07
1.2842527e-07
1.2838667e-07
1.2832083e-07
1.2827843e-07
1.282126e-07
1.2816639e-07
1.2810055e-07
1.2805074e-07
1.2798477e-07
1.2793167e-07
1.2786546e-07
1.278094e-07
1.2774296e-07
1.2768417e-07
1.2761762e-07
1.275563e-07
1.2748984e-07
1.2742616e-07
1.2736002e-07
1.2729414e-07
1.2722854e-07
1.2716064e-07
1.2709573e-07
1.2702605e-07
1.269618e-07
1.2689076e-07
1.2682685e-07
1.2675504e-07
1.2669088e-07
1.2661908e-07
1.265538e-07
1.2648285e-07
1.2641547e-07
1.2634616e-07
1.2627568e-07
1.2620859e-07
1.2613421e-07
1.2606962e-07
1.2599072e-07
1.259286e-07
1.2584481e-07
1.2578487e-07
1.25696e-07
1.2563778e-07
1.255438e-07
1.2548671e-07
1.2538774e-07
1.2533113e-07
1.2522745e-07
1.2517067e-07
1.2506264e-07
1.2500505e-07
1.2489312e-07
1.2483416e-07
1.2471877e-07
1.2465792e-07
1.2453939e-07
1.2447619e-07
1.243546e-07
1.2428868e-07
1.2416371e-07
1.2409481e-07
1.239655e-07
1.2389385e-07
1.237564e-07
1.2369396e-07
1.2348228e-07
1.2376572e-07
1.2280921e-07
1.3064811e-07
1.3063639e-07
1.3063229e-07
1.3062062e-07
1.306157e-07
1.3060413e-07
1.305983e-07
1.3058687e-07
1.3058004e-07
1.3056878e-07
1.3056088e-07
1.3054982e-07
1.3054079e-07
1.3052991e-07
1.3051974e-07
1.3050902e-07
1.3049769e-07
1.3048708e-07
1.3047462e-07
1.3046404e-07
1.304505e-07
1.3043986e-07
1.3042531e-07
1.3041449e-07
1.3039902e-07
1.3038788e-07
1.303716e-07
1.3036001e-07
1.3034301e-07
1.3033085e-07
1.3031321e-07
1.3030035e-07
1.3028214e-07
1.3026849e-07
1.3024973e-07
1.3023523e-07
1.3021592e-07
1.3020053e-07
1.3018064e-07
1.301643e-07
1.301438e-07
1.3012647e-07
1.3010533e-07
1.3008696e-07
1.3006517e-07
1.3004566e-07
1.3002324e-07
1.3000249e-07
1.2997948e-07
1.2995736e-07
1.2993385e-07
1.2991017e-07
1.2988632e-07
1.2986082e-07
1.2983687e-07
1.2980919e-07
1.2978552e-07
1.2975518e-07
1.2973222e-07
1.296987e-07
1.2967693e-07
1.2963972e-07
1.296195e-07
1.2957822e-07
1.2955976e-07
1.2951428e-07
1.2949747e-07
1.2944795e-07
1.2943239e-07
1.2937931e-07
1.2936428e-07
1.293084e-07
1.2929299e-07
1.2923519e-07
1.2921843e-07
1.2915955e-07
1.2914061e-07
1.2908131e-07
1.290596e-07
1.2900022e-07
1.2897554e-07
1.2891603e-07
1.2888858e-07
1.2882848e-07
1.2879884e-07
1.2873734e-07
1.2870642e-07
1.2864249e-07
1.2861132e-07
1.2854391e-07
1.2851343e-07
1.2844173e-07
1.2841254e-07
1.2833621e-07
1.2830836e-07
1.2822771e-07
1.2820058e-07
1.2811662e-07
1.2808896e-07
1.2800328e-07
1.2797341e-07
1.2788796e-07
1.2785401e-07
1.2777075e-07
1.2773107e-07
1.2765168e-07
1.2760503e-07
1.2753065e-07
1.2747649e-07
1.2740754e-07
1.2734603e-07
1.2728226e-07
1.2721423e-07
1.2715477e-07
1.2708155e-07
1.270251e-07
1.269483e-07
1.2689333e-07
1.268146e-07
1.2675964e-07
1.2668035e-07
1.2662421e-07
1.265453e-07
1.2648713e-07
1.2640907e-07
1.2634838e-07
1.2627127e-07
1.262077e-07
1.2613147e-07
1.2606469e-07
1.2598918e-07
1.2591884e-07
1.2584387e-07
1.2576955e-07
1.2569497e-07
1.2561624e-07
1.2554188e-07
1.2545838e-07
1.2538405e-07
1.2529553e-07
1.2522104e-07
1.2512747e-07
1.2505259e-07
1.2495414e-07
1.248787e-07
1.247757e-07
1.2469961e-07
1.2459248e-07
1.2451576e-07
1.2440479e-07
1.243276e-07
1.242128e-07
1.241354e-07
1.2401626e-07
1.2393941e-07
1.2381264e-07
1.2374873e-07
1.2354908e-07
1.2383369e-07
1.2288227e-07
1.3071466e-07
1.3070685e-07
1.3069914e-07
1.3069104e-07
1.3068278e-07
1.3067429e-07
1.3066555e-07
1.3065658e-07
1.3064741e-07
1.3063789e-07
1.3062834e-07
1.306182e-07
1.306083e-07
1.3059752e-07
1.3058727e-07
1.3057582e-07
1.3056523e-07
1.3055309e-07
1.3054216e-07
1.305293e-07
1.3051808e-07
1.3050441e-07
1.3049298e-07
1.3047837e-07
1.3046684e-07
1.3045114e-07
1.3043966e-07
1.304227e-07
1.3041138e-07
1.3039302e-07
1.3038194e-07
1.3036213e-07
1.3035124e-07
1.3033005e-07
1.3031917e-07
1.3029678e-07
1.3028563e-07
1.3026231e-07
1.3025052e-07
1.302266e-07
1.3021378e-07
1.3018953e-07
1.3017538e-07
1.3015097e-07
1.3013532e-07
1.3011075e-07
1.3009361e-07
1.300687e-07
1.3005025e-07
1.300247e-07
1.3000521e-07
1.2997864e-07
1.2995842e-07
1.2993047e-07
1.2990977e-07
1.298802e-07
1.298591e-07
1.2982783e-07
1.2980626e-07
1.297734e-07
1.2975109e-07
1.2971687e-07
1.2969347e-07
1.2965815e-07
1.2963333e-07
1.2959709e-07
1.2957069e-07
1.2953345e-07
1.2950556e-07
1.2946697e-07
1.2943796e-07
1.2939737e-07
1.293679e-07
1.2932445e-07
1.2929528e-07
1.292481e-07
1.2921992e-07
1.2916832e-07
1.2914159e-07
1.290852e-07
1.2906e-07
1.2899888e-07
1.2897488e-07
1.2890955e-07
1.2888603e-07
1.2881738e-07
1.2879333e-07
1.2872252e-07
1.2869676e-07
1.2862508e-07
1.2859643e-07
1.2852511e-07
1.2849256e-07
1.2842264e-07
1.2838544e-07
1.2831767e-07
1.2827544e-07
1.2821016e-07
1.2816296e-07
1.2810014e-07
1.2804838e-07
1.2798765e-07
1.2793204e-07
1.2787284e-07
1.2781417e-07
1.2775592e-07
1.2769498e-07
1.2763714e-07
1.2757461e-07
1.2751674e-07
1.2745318e-07
1.2739494e-07
1.2733084e-07
1.272719e-07
1.2720771e-07
1.2714772e-07
1.2708386e-07
1.2702247e-07
1.2695932e-07
1.2689617e-07
1.2683402e-07
1.2676879e-07
1.2670781e-07
1.2664024e-07
1.2658048e-07
1.2651032e-07
1.2645176e-07
1.263788e-07
1.2632127e-07
1.2624535e-07
1.2618857e-07
1.2610962e-07
1.2605317e-07
1.2597121e-07
1.2591452e-07
1.2582965e-07
1.2577207e-07
1.2568447e-07
1.2562528e-07
1.2553516e-07
1.2547369e-07
1.253812e-07
1.253169e-07
1.2522213e-07
1.2515464e-07
1.2505753e-07
1.2498677e-07
1.2488712e-07
1.2481329e-07
1.247107e-07
1.2463428e-07
1.2452816e-07
1.2444985e-07
1.243395e-07
1.2425972e-07
1.2414638e-07
1.2405405e-07
1.2399959e-07
1.2356369e-07
1.2408172e-07
1.307835e-07
1.3077041e-07
1.3076755e-07
1.3075384e-07
1.3075078e-07
1.3073649e-07
1.3073319e-07
1.3071834e-07
1.307148e-07
1.3069934e-07
1.3069562e-07
1.3067943e-07
1.3067564e-07
1.3065857e-07
1.3065484e-07
1.3063671e-07
1.3063317e-07
1.3061383e-07
1.3061058e-07
1.3058991e-07
1.3058698e-07
1.3056493e-07
1.3056227e-07
1.3053889e-07
1.3053633e-07
1.3051179e-07
1.3050906e-07
1.304836e-07
1.3048037e-07
1.3045428e-07
1.304502e-07
1.3042378e-07
1.3041849e-07
1.3039201e-07
1.3038522e-07
1.3035888e-07
1.3035037e-07
1.3032427e-07
1.3031392e-07
1.3028807e-07
1.3027586e-07
1.3025018e-07
1.3023615e-07
1.302105e-07
1.3019474e-07
1.3016894e-07
1.3015159e-07
1.3012541e-07
1.3010663e-07
1.3007985e-07
1.3005978e-07
1.3003219e-07
1.3001096e-07
1.2998242e-07
1.2996006e-07
1.2993052e-07
1.29907e-07
1.2987645e-07
1.2985169e-07
1.2982021e-07
1.2979409e-07
1.2976174e-07
1.2973417e-07
1.2970098e-07
1.2967193e-07
1.2963781e-07
1.296074e-07
1.2957212e-07
1.2954058e-07
1.2950381e-07
1.2947149e-07
1.2943276e-07
1.2940009e-07
1.2935892e-07
1.2932629e-07
1.2928223e-07
1.2924998e-07
1.2920267e-07
1.2917101e-07
1.291202e-07
1.2908922e-07
1.2903481e-07
1.2900441e-07
1.2894648e-07
1.2891637e-07
1.2885519e-07
1.2882488e-07
1.287609e-07
1.2872975e-07
1.2866356e-07
1.2863079e-07
1.2856309e-07
1.2852792e-07
1.2845936e-07
1.2842108e-07
1.2835227e-07
1.283103e-07
1.2824174e-07
1.2819563e-07
1.2812776e-07
1.280772e-07
1.2801038e-07
1.2795524e-07
1.2788967e-07
1.2783008e-07
1.2776578e-07
1.2770219e-07
1.2763887e-07
1.2757211e-07
1.2750925e-07
1.2744036e-07
1.2737737e-07
1.273074e-07
1.2724381e-07
1.2717363e-07
1.2710923e-07
1.2703941e-07
1.2697425e-07
1.2690511e-07
1.2683933e-07
1.2677108e-07
1.2670481e-07
1.266376e-07
1.2657084e-07
1.2650482e-07
1.2643743e-07
1.2637271e-07
1.2630445e-07
1.2624104e-07
1.261716e-07
1.2610941e-07
1.2603843e-07
1.2597722e-07
1.2590434e-07
1.2584374e-07
1.2576859e-07
1.2570815e-07
1.2563035e-07
1.2556953e-07
1.2548872e-07
1.2542698e-07
1.2534279e-07
1.2527963e-07
1.2519168e-07
1.2512671e-07
1.2503463e-07
1.2496758e-07
1.24871e-07
1.2480179e-07
1.2470032e-07
1.2462907e-07
1.2452221e-07
1.2444923e-07
1.2433632e-07
1.2426249e-07
1.2414043e-07
1.2407839e-07
1.2388228e-07
1.2416891e-07
1.2321435e-07
1.308557e-07
1.3084756e-07
1.3084013e-07
1.3083121e-07
1.3082381e-07
1.3081396e-07
1.3080672e-07
1.3079578e-07
1.3078882e-07
1.3077664e-07
1.3077005e-07
1.3075654e-07
1.3075033e-07
1.3073547e-07
1.3072956e-07
1.3071346e-07
1.3070767e-07
1.3069052e-07
1.3068455e-07
1.3066667e-07
1.3066017e-07
1.306419e-07
1.3063449e-07
1.3061618e-07
1.3060752e-07
1.3058944e-07
1.3057928e-07
1.3056162e-07
1.305498e-07
1.3053261e-07
1.3051912e-07
1.3050235e-07
1.3048724e-07
1.3047077e-07
1.3045414e-07
1.3043778e-07
1.304198e-07
1.3040333e-07
1.3038417e-07
1.3036733e-07
1.3034717e-07
1.303297e-07
1.3030873e-07
1.3029036e-07
1.3026875e-07
1.302492e-07
1.3022712e-07
1.3020612e-07
1.3018376e-07
1.3016102e-07
1.3013855e-07
1.3011377e-07
1.3009144e-07
1.3006426e-07
1.3004232e-07
1.3001237e-07
1.2999111e-07
1.2995803e-07
1.2993768e-07
1.2990121e-07
1.2988186e-07
1.2984191e-07
1.2982347e-07
1.2978016e-07
1.2976232e-07
1.2971596e-07
1.2969823e-07
1.296493e-07
1.2963106e-07
1.2958014e-07
1.295607e-07
1.2950839e-07
1.2948709e-07
1.2943394e-07
1.2941016e-07
1.2935665e-07
1.2932992e-07
1.2927637e-07
1.2924636e-07
1.291929e-07
1.2915952e-07
1.2910601e-07
1.2906944e-07
1.2901549e-07
1.2897618e-07
1.2892112e-07
1.2887972e-07
1.2882272e-07
1.2877999e-07
1.2872021e-07
1.2867683e-07
1.286136e-07
1.2857001e-07
1.2850299e-07
1.2845925e-07
1.2838852e-07
1.2834427e-07
1.2827039e-07
1.2822483e-07
1.281488e-07
1.2810081e-07
1.2802393e-07
1.2797222e-07
1.2789593e-07
1.2783927e-07
1.2776487e-07
1.2770236e-07
1.2763082e-07
1.2756207e-07
1.2749383e-07
1.2741908e-07
1.2735403e-07
1.2727412e-07
1.2721168e-07
1.2712786e-07
1.2706719e-07
1.2698088e-07
1.2692113e-07
1.2683366e-07
1.2677412e-07
1.2668662e-07
1.2662674e-07
1.265401e-07
1.2647947e-07
1.2639442e-07
1.2633263e-07
1.2624976e-07
1.261864e-07
1.2610618e-07
1.2604081e-07
1.2596352e-07
1.2589571e-07
1.2582143e-07
1.2575084e-07
1.2567939e-07
1.2560576e-07
1.2553668e-07
1.2545991e-07
1.2539247e-07
1.2531258e-07
1.2524589e-07
1.2516293e-07
1.2509604e-07
1.2501003e-07
1.249421e-07
1.248529e-07
1.2478328e-07
1.2469061e-07
1.2461895e-07
1.2452234e-07
1.2444855e-07
1.243474e-07
1.2427168e-07
1.241653e-07
1.2408767e-07
1.2397745e-07
1.2388651e-07
1.2383478e-07
1.2339841e-07
1.2391888e-07
1.309613e-07
1.3095267e-07
1.3094499e-07
1.309359e-07
1.3092789e-07
1.3091839e-07
1.3090999e-07
1.3090012e-07
1.3089124e-07
1.3088109e-07
1.3087163e-07
1.3086124e-07
1.3085113e-07
1.3084054e-07
1.3082971e-07
1.3081891e-07
1.3080734e-07
1.3079627e-07
1.3078399e-07
1.3077254e-07
1.3075962e-07
1.3074762e-07
1.3073418e-07
1.3072144e-07
1.3070761e-07
1.3069393e-07
1.3067984e-07
1.3066504e-07
1.3065079e-07
1.3063471e-07
1.3062039e-07
1.3060292e-07
1.3058857e-07
1.3056962e-07
1.3055527e-07
1.3053477e-07
1.3052044e-07
1.3049835e-07
1.3048402e-07
1.3046029e-07
1.3044593e-07
1.3042057e-07
1.3040612e-07
1.3037914e-07
1.3036451e-07
1.3033595e-07
1.3032103e-07
1.3029096e-07
1.3027561e-07
1.302441e-07
1.3022819e-07
1.3019531e-07
1.3017873e-07
1.3014455e-07
1.3012719e-07
1.3009173e-07
1.3007356e-07
1.3003681e-07
1.3001778e-07
1.2997973e-07
1.2995982e-07
1.2992045e-07
1.2989961e-07
1.2985894e-07
1.2983705e-07
1.2979516e-07
1.2977205e-07
1.2972908e-07
1.2970451e-07
1.296606e-07
1.2963435e-07
1.2958962e-07
1.295615e-07
1.2951597e-07
1.2948593e-07
1.2943944e-07
1.294076e-07
1.2935984e-07
1.2932642e-07
1.29277e-07
1.2924223e-07
1.2919084e-07
1.2915481e-07
1.2910133e-07
1.2906387e-07
1.2900848e-07
1.2896912e-07
1.2891232e-07
1.2887031e-07
1.2881278e-07
1.2876733e-07
1.2870973e-07
1.2866016e-07
1.2860293e-07
1.2854891e-07
1.2849213e-07
1.284337e-07
1.2837707e-07
1.2831466e-07
1.2825762e-07
1.2819184e-07
1.2813368e-07
1.2806523e-07
1.280053e-07
1.2793482e-07
1.2787255e-07
1.2780056e-07
1.2773558e-07
1.2766245e-07
1.2759452e-07
1.2752053e-07
1.2744958e-07
1.2737488e-07
1.2730096e-07
1.2722566e-07
1.2714891e-07
1.2707307e-07
1.2699368e-07
1.2691736e-07
1.2683556e-07
1.2675882e-07
1.2667485e-07
1.2659775e-07
1.2651187e-07
1.2643441e-07
1.263469e-07
1.2626907e-07
1.2618019e-07
1.2610193e-07
1.260119e-07
1.2593312e-07
1.2584211e-07
1.2576269e-07
1.2567077e-07
1.2559058e-07
1.2549773e-07
1.2541664e-07
1.2532269e-07
1.2524059e-07
1.2514527e-07
1.2506205e-07
1.2496497e-07
1.2488059e-07
1.247812e-07
1.246957e-07
1.2459337e-07
1.2450686e-07
1.2440085e-07
1.2431356e-07
1.2420311e-07
1.2411539e-07
1.2399967e-07
1.2391201e-07
1.237903e-07
1.2370287e-07
1.2357668e-07
1.2347815e-07
1.2341068e-07
1.2296563e-07
1.2348661e-07
1.3106024e-07
1.3104753e-07
1.3104411e-07
1.3103036e-07
1.3102733e-07
1.3101251e-07
1.3100984e-07
1.3099396e-07
1.3099157e-07
1.3097467e-07
1.3097244e-07
1.3095462e-07
1.3095238e-07
1.3093374e-07
1.3093133e-07
1.3091199e-07
1.3090922e-07
1.3088932e-07
1.30886e-07
1.3086565e-07
1.3086162e-07
1.3084093e-07
1.3083603e-07
1.3081508e-07
1.3080922e-07
1.3078805e-07
1.3078113e-07
1.3075976e-07
1.3075174e-07
1.3073017e-07
1.3072101e-07
1.3069922e-07
1.3068891e-07
1.3066687e-07
1.306554e-07
1.3063308e-07
1.3062044e-07
1.3059779e-07
1.30584e-07
1.3056092e-07
1.3054605e-07
1.3052237e-07
1.3050655e-07
1.3048203e-07
1.3046549e-07
1.3043977e-07
1.3042279e-07
1.3039549e-07
1.3037837e-07
1.303491e-07
1.3033211e-07
1.3030055e-07
1.3028385e-07
1.3024981e-07
1.3023342e-07
1.3019691e-07
1.3018064e-07
1.3014186e-07
1.3012538e-07
1.3008466e-07
1.3006752e-07
1.3002527e-07
1.3000705e-07
1.299636e-07
1.2994399e-07
1.2989952e-07
1.2987839e-07
1.298329e-07
1.2981028e-07
1.297636e-07
1.2973967e-07
1.2969154e-07
1.2966648e-07
1.2961669e-07
1.2959058e-07
1.2953905e-07
1.2951176e-07
1.2945863e-07
1.2942984e-07
1.2937543e-07
1.2934461e-07
1.2928941e-07
1.2925595e-07
1.2920047e-07
1.2916376e-07
1.2910844e-07
1.29068e-07
1.2901314e-07
1.2896869e-07
1.2891433e-07
1.2886586e-07
1.2881181e-07
1.2875951e-07
1.2870542e-07
1.2864965e-07
1.2859503e-07
1.2853622e-07
1.2848058e-07
1.2841913e-07
1.2836204e-07
1.2829827e-07
1.2823942e-07
1.2817351e-07
1.2811268e-07
1.2804474e-07
1.2798177e-07
1.2791188e-07
1.2784659e-07
1.2777486e-07
1.2770702e-07
1.276336e-07
1.2756293e-07
1.2748801e-07
1.2741423e-07
1.2733798e-07
1.2726085e-07
1.2718339e-07
1.2710279e-07
1.2702414e-07
1.2694005e-07
1.2686016e-07
1.2677271e-07
1.2669143e-07
1.2660086e-07
1.2651801e-07
1.2642463e-07
1.2634005e-07
1.262442e-07
1.2615776e-07
1.2605977e-07
1.2597143e-07
1.258716e-07
1.257814e-07
1.2567996e-07
1.2558803e-07
1.2548516e-07
1.2539173e-07
1.252875e-07
1.2519287e-07
1.2508726e-07
1.2499181e-07
1.2488467e-07
1.2478883e-07
1.2467992e-07
1.2458415e-07
1.2447308e-07
1.2437789e-07
1.2426417e-07
1.2417009e-07
1.2405309e-07
1.2396067e-07
1.2383964e-07
1.237495e-07
1.2362349e-07
1.2353674e-07
1.2340242e-07
1.2333209e-07
1.2312354e-07
1.2341135e-07
1.2244343e-07
1.3121488e-07
1.3120405e-07
1.3119904e-07
1.311876e-07
1.3118219e-07
1.3117019e-07
1.3116428e-07
1.311518e-07
1.3114529e-07
1.3113238e-07
1.311252e-07
1.3111191e-07
1.3110401e-07
1.3109038e-07
1.3108172e-07
1.3106778e-07
1.3105834e-07
1.310441e-07
1.3103388e-07
1.3101934e-07
1.3100834e-07
1.3099348e-07
1.3098173e-07
1.3096649e-07
1.3095402e-07
1.3093833e-07
1.309252e-07
1.3090896e-07
1.3089522e-07
1.3087831e-07
1.3086406e-07
1.3084632e-07
1.3083164e-07
1.3081292e-07
1.3079791e-07
1.3077804e-07
1.3076277e-07
1.3074162e-07
1.3072614e-07
1.307036e-07
1.3068793e-07
1.3066392e-07
1.3064801e-07
1.3062251e-07
1.3060631e-07
1.3057932e-07
1.3056273e-07
1.3053428e-07
1.3051719e-07
1.3048734e-07
1.3046964e-07
1.3043841e-07
1.3042002e-07
1.3038742e-07
1.3036828e-07
1.303343e-07
1.3031435e-07
1.3027899e-07
1.3025814e-07
1.3022141e-07
1.3019956e-07
1.3016152e-07
1.3013847e-07
1.3009922e-07
1.3007474e-07
1.3003445e-07
1.3000824e-07
1.299671e-07
1.2993884e-07
1.2989702e-07
1.2986645e-07
1.2982408e-07
1.2979099e-07
1.2974813e-07
1.2971238e-07
1.2966903e-07
1.2963058e-07
1.2958667e-07
1.2954552e-07
1.2950097e-07
1.2945716e-07
1.2941187e-07
1.2936544e-07
1.2931936e-07
1.2927031e-07
1.292234e-07
1.2917176e-07
1.2912396e-07
1.2906979e-07
1.2902099e-07
1.2896439e-07
1.2891444e-07
1.2885557e-07
1.2880421e-07
1.2874332e-07
1.2869022e-07
1.286276e-07
1.2857239e-07
1.2850832e-07
1.2845064e-07
1.2838536e-07
1.2832487e-07
1.2825854e-07
1.2819499e-07
1.2812768e-07
1.2806087e-07
1.2799258e-07
1.2792239e-07
1.2785302e-07
1.2777938e-07
1.277088e-07
1.2763172e-07
1.2755971e-07
1.2747924e-07
1.2740559e-07
1.2732182e-07
1.2724628e-07
1.2715937e-07
1.2708169e-07
1.269918e-07
1.2691178e-07
1.268191e-07
1.2673655e-07
1.2664128e-07
1.265561e-07
1.2645844e-07
1.2637056e-07
1.262707e-07
1.2618016e-07
1.2607827e-07
1.2598515e-07
1.2588139e-07
1.2578585e-07
1.2568033e-07
1.255826e-07
1.2547542e-07
1.2537577e-07
1.2526694e-07
1.2516573e-07
1.2505518e-07
1.2495282e-07
1.2484041e-07
1.2473734e-07
1.2462281e-07
1.2451954e-07
1.2440252e-07
1.242996e-07
1.241796e-07
1.2407762e-07
1.2395403e-07
1.2385362e-07
1.2372573e-07
1.2362755e-07
1.2349462e-07
1.2339899e-07
1.2326239e-07
1.231579e-07
1.230814e-07
1.2262855e-07
1.2315335e-07
1.3136709e-07
1.3135679e-07
1.3135076e-07
1.3134034e-07
1.3133372e-07
1.3132327e-07
1.3131594e-07
1.313055e-07
1.312974e-07
1.3128696e-07
1.3127804e-07
1.3126755e-07
1.3125782e-07
1.312472e-07
1.3123666e-07
1.312258e-07
1.3121449e-07
1.3120326e-07
1.3119123e-07
1.3117948e-07
1.3116681e-07
1.3115437e-07
1.3114115e-07
1.3112785e-07
1.3111418e-07
1.3109985e-07
1.3108585e-07
1.310703e-07
1.3105608e-07
1.3103917e-07
1.3102482e-07
1.3100641e-07
1.3099204e-07
1.3097201e-07
1.3095767e-07
1.3093594e-07
1.3092169e-07
1.3089819e-07
1.3088403e-07
1.3085876e-07
1.3084464e-07
1.3081763e-07
1.3080346e-07
1.3077479e-07
1.3076041e-07
1.3073022e-07
1.3071543e-07
1.3068387e-07
1.3066843e-07
1.3063568e-07
1.3061936e-07
1.3058556e-07
1.3056815e-07
1.305334e-07
1.3051476e-07
1.3047909e-07
1.3045912e-07
1.3042251e-07
1.3040119e-07
1.3036355e-07
1.3034092e-07
1.3030211e-07
1.3027824e-07
1.3023812e-07
1.302131e-07
1.301715e-07
1.3014542e-07
1.3010219e-07
1.3007514e-07
1.3003014e-07
1.3000216e-07
1.2995531e-07
1.299264e-07
1.2987764e-07
1.2984775e-07
1.2979707e-07
1.297661e-07
1.2971355e-07
1.2968131e-07
1.2962699e-07
1.2959321e-07
1.2953733e-07
1.2950164e-07
1.2944448e-07
1.294064e-07
1.2934832e-07
1.2930729e-07
1.2924872e-07
1.2920417e-07
1.2914548e-07
1.2909688e-07
1.2903839e-07
1.2898538e-07
1.2892719e-07
1.2886963e-07
1.288116e-07
1.2874964e-07
1.2869137e-07
1.2862544e-07
1.2856634e-07
1.28497e-07
1.2843641e-07
1.2836429e-07
1.2830158e-07
1.2822723e-07
1.281619e-07
1.2808574e-07
1.2801748e-07
1.2793973e-07
1.2786842e-07
1.2778915e-07
1.2771478e-07
1.2763399e-07
1.2755663e-07
1.2747423e-07
1.27394e-07
1.2730988e-07
1.2722689e-07
1.2714095e-07
1.2705529e-07
1.2696746e-07
1.2687919e-07
1.2678941e-07
1.2669856e-07
1.2660679e-07
1.2651337e-07
1.2641959e-07
1.2632359e-07
1.2622779e-07
1.2612919e-07
1.2603139e-07
1.2593012e-07
1.2583037e-07
1.2572635e-07
1.2562474e-07
1.2551783e-07
1.2541451e-07
1.253045e-07
1.2519972e-07
1.2508633e-07
1.2498038e-07
1.2486328e-07
1.2475653e-07
1.2463534e-07
1.2452822e-07
1.2440247e-07
1.2429547e-07
1.2416469e-07
1.2405835e-07
1.2392199e-07
1.2381692e-07
1.2367438e-07
1.2357126e-07
1.2342197e-07
1.2332113e-07
1.231667e-07
1.2305663e-07
1.2296199e-07
1.2249825e-07
1.2302506e-07
1.3158179e-07
1.3157074e-07
1.3156451e-07
1.3155325e-07
1.3154642e-07
1.3153499e-07
1.3152752e-07
1.3151593e-07
1.3150776e-07
1.31496e-07
1.3148714e-07
1.3147513e-07
1.3146563e-07
1.3145326e-07
1.3144318e-07
1.3143033e-07
1.3141978e-07
1.3140628e-07
1.3139537e-07
1.3138105e-07
1.313699e-07
1.3135459e-07
1.3134333e-07
1.3132688e-07
1.3131557e-07
1.3129788e-07
1.3128655e-07
1.3126757e-07
1.3125618e-07
1.3123593e-07
1.3122438e-07
1.3120293e-07
1.3119105e-07
1.3116856e-07
1.3115611e-07
1.3113275e-07
1.311195e-07
1.3109547e-07
1.3108116e-07
1.3105662e-07
1.3104105e-07
1.3101613e-07
1.3099915e-07
1.3097389e-07
1.3095544e-07
1.309298e-07
1.3090991e-07
1.3088377e-07
1.3086252e-07
1.3083571e-07
1.3081323e-07
1.3078555e-07
1.3076199e-07
1.307332e-07
1.3070873e-07
1.3067861e-07
1.306534e-07
1.3062169e-07
1.3059591e-07
1.3056235e-07
1.3053619e-07
1.3050051e-07
1.3047417e-07
1.3043607e-07
1.3040975e-07
1.3036895e-07
1.3034284e-07
1.3029909e-07
1.3027329e-07
1.3022642e-07
1.3020095e-07
1.3015094e-07
1.3012563e-07
1.3007263e-07
1.3004712e-07
1.299915e-07
1.2996522e-07
1.2990755e-07
1.2987973e-07
1.2982071e-07
1.297905e-07
1.2973091e-07
1.2969743e-07
1.2963799e-07
1.2960049e-07
1.2954174e-07
1.2949968e-07
1.2944191e-07
1.2939504e-07
1.2933823e-07
1.2928661e-07
1.2923045e-07
1.291744e-07
1.2911834e-07
1.2905839e-07
1.2900173e-07
1.289385e-07
1.2888053e-07
1.2881461e-07
1.2875469e-07
1.2868655e-07
1.286242e-07
1.2855417e-07
1.2848907e-07
1.2841734e-07
1.2834932e-07
1.2827596e-07
1.2820496e-07
1.2813e-07
1.2805602e-07
1.2797944e-07
1.2790254e-07
1.2782432e-07
1.2774458e-07
1.2766468e-07
1.275822e-07
1.2750061e-07
1.274155e-07
1.2733219e-07
1.2724458e-07
1.2715953e-07
1.2706954e-07
1.2698276e-07
1.2689048e-07
1.2680198e-07
1.2670749e-07
1.2661731e-07
1.2652063e-07
1.2642885e-07
1.2632996e-07
1.2623667e-07
1.2613548e-07
1.2604083e-07
1.2593718e-07
1.2584134e-07
1.25735e-07
1.2563817e-07
1.2552884e-07
1.2543125e-07
1.2531856e-07
1.2522044e-07
1.2510399e-07
1.2500558e-07
1.2488489e-07
1.2478646e-07
1.2466101e-07
1.2456282e-07
1.2443205e-07
1.243344e-07
1.2419769e-07
1.2410094e-07
1.2395762e-07
1.2386221e-07
1.2371142e-07
1.2361838e-07
1.2345685e-07
1.2337955e-07
1.2313951e-07
1.2343057e-07
1.2243021e-07
1.3181435e-07
1.31807e-07
1.3179783e-07
1.3178999e-07
1.3178065e-07
1.3177224e-07
1.3176274e-07
1.3175364e-07
1.3174398e-07
1.3173405e-07
1.3172424e-07
1.3171336e-07
1.3170342e-07
1.3169148e-07
1.3168143e-07
1.3166834e-07
1.3165819e-07
1.3164388e-07
1.3163365e-07
1.3161807e-07
1.3160776e-07
1.3159089e-07
1.315805e-07
1.3156235e-07
1.3155184e-07
1.3153243e-07
1.3152176e-07
1.3150115e-07
1.3149023e-07
1.3146851e-07
1.3145721e-07
1.3143449e-07
1.3142268e-07
1.3139909e-07
1.3138659e-07
1.3136227e-07
1.3134889e-07
1.3132398e-07
1.3130953e-07
1.3128413e-07
1.3126846e-07
1.3124264e-07
1.3122565e-07
1.3119939e-07
1.3118104e-07
1.3115426e-07
1.3113457e-07
1.3110712e-07
1.3108618e-07
1.3105785e-07
1.3103578e-07
1.3100636e-07
1.3098327e-07
1.3095252e-07
1.3092857e-07
1.3089624e-07
1.3087157e-07
1.3083744e-07
1.3081215e-07
1.3077604e-07
1.3075021e-07
1.3071196e-07
1.3068563e-07
1.3064516e-07
1.3061829e-07
1.305756e-07
1.3054806e-07
1.3050326e-07
1.3047481e-07
1.3042811e-07
1.3039843e-07
1.3035015e-07
1.3031881e-07
1.3026934e-07
1.3023588e-07
1.3018564e-07
1.3014959e-07
1.3009897e-07
1.3005995e-07
1.3000923e-07
1.2996696e-07
1.2991627e-07
1.2987065e-07
1.2981994e-07
1.2977104e-07
1.297201e-07
1.2966814e-07
1.2961659e-07
1.2956188e-07
1.2950931e-07
1.294522e-07
1.2939817e-07
1.2933894e-07
1.292831e-07
1.2922196e-07
1.2916404e-07
1.291011e-07
1.2904092e-07
1.289762e-07
1.2891367e-07
1.2884716e-07
1.287822e-07
1.2871384e-07
1.2864641e-07
1.2857616e-07
1.2850622e-07
1.2843405e-07
1.2836151e-07
1.2828742e-07
1.2821223e-07
1.2813621e-07
1.280583e-07
1.2798037e-07
1.2789969e-07
1.2781984e-07
1.2773635e-07
1.2765458e-07
1.2756829e-07
1.2748457e-07
1.2739552e-07
1.273098e-07
1.2721808e-07
1.271303e-07
1.27036e-07
1.2694611e-07
1.2684936e-07
1.2675732e-07
1.2665822e-07
1.2656406e-07
1.2646269e-07
1.2636647e-07
1.2626285e-07
1.2616473e-07
1.2605881e-07
1.2595901e-07
1.258507e-07
1.2574951e-07
1.2563861e-07
1.2553638e-07
1.2542266e-07
1.2531978e-07
1.2520294e-07
1.2509981e-07
1.249795e-07
1.2487655e-07
1.2475237e-07
1.2465004e-07
1.2452152e-07
1.2442029e-07
1.2428687e-07
1.2418725e-07
1.2404827e-07
1.2395089e-07
1.2380548e-07
1.237115e-07
1.235563e-07
1.2347926e-07
1.2324608e-07
1.2354017e-07
1.2253542e-07
1.3213356e-07
1.3212379e-07
1.3211628e-07
1.3210613e-07
1.3209825e-07
1.3208774e-07
1.3207947e-07
1.3206856e-07
1.3205992e-07
1.3204851e-07
1.3203956e-07
1.3202752e-07
1.3201832e-07
1.3200553e-07
1.3199613e-07
1.3198245e-07
1.3197291e-07
1.319582e-07
1.3194854e-07
1.3193271e-07
1.3192291e-07
1.319059e-07
1.3189591e-07
1.3187768e-07
1.3186742e-07
1.3184799e-07
1.3183737e-07
1.3181674e-07
1.3180569e-07
1.3178389e-07
1.317723e-07
1.3174936e-07
1.3173718e-07
1.3171314e-07
1.3170028e-07
1.3167518e-07
1.3166158e-07
1.3163546e-07
1.3162104e-07
1.3159397e-07
1.3157864e-07
1.3155067e-07
1.3153436e-07
1.3150554e-07
1.3148816e-07
1.3145852e-07
1.3144002e-07
1.3140956e-07
1.3138991e-07
1.3135858e-07
1.3133779e-07
1.3130551e-07
1.3128359e-07
1.3125026e-07
1.3122725e-07
1.3119275e-07
1.3116867e-07
1.3113289e-07
1.3110775e-07
1.3107059e-07
1.3104438e-07
1.3100576e-07
1.3097843e-07
1.3093831e-07
1.3090977e-07
1.3086817e-07
1.308383e-07
1.3079524e-07
1.3076389e-07
1.3071948e-07
1.3068645e-07
1.306408e-07
1.3060589e-07
1.3055915e-07
1.3052213e-07
1.3047449e-07
1.304351e-07
1.3038673e-07
1.3034477e-07
1.3029581e-07
1.3025107e-07
1.3020163e-07
1.3015398e-07
1.3010409e-07
1.3005347e-07
1.3000304e-07
1.2994948e-07
1.2989836e-07
1.2984196e-07
1.2978989e-07
1.2973085e-07
1.2967748e-07
1.2961602e-07
1.2956101e-07
1.2949735e-07
1.2944035e-07
1.2937469e-07
1.293154e-07
1.2924787e-07
1.2918604e-07
1.291167e-07
1.2905219e-07
1.2898101e-07
1.2891371e-07
1.2884064e-07
1.287705e-07
1.2869544e-07
1.2862243e-07
1.285453e-07
1.2846936e-07
1.2839008e-07
1.2831119e-07
1.2822968e-07
1.2814781e-07
1.28064e-07
1.2797917e-07
1.2789298e-07
1.278052e-07
1.2771656e-07
1.276259e-07
1.2753475e-07
1.2744128e-07
1.2734759e-07
1.2725138e-07
1.2715514e-07
1.2705627e-07
1.2695756e-07
1.2685606e-07
1.26755e-07
1.2665089e-07
1.2654767e-07
1.2644094e-07
1.2633582e-07
1.2622638e-07
1.2611968e-07
1.2600746e-07
1.2589951e-07
1.2578438e-07
1.2567557e-07
1.2555737e-07
1.254481e-07
1.2532663e-07
1.2521733e-07
1.2509234e-07
1.2498347e-07
1.2485463e-07
1.2474669e-07
1.246136e-07
1.2450714e-07
1.2436927e-07
1.2426491e-07
1.2412164e-07
1.2402012e-07
1.2387054e-07
1.2377316e-07
1.2361387e-07
1.2353445e-07
1.2329642e-07
1.2359337e-07
1.2257643e-07
1.3251167e-07
1.3250059e-07
1.3249346e-07
1.3248211e-07
1.3247454e-07
1.3246287e-07
1.3245485e-07
1.3244279e-07
1.3243432e-07
1.3242177e-07
1.3241288e-07
1.3239974e-07
1.3239044e-07
1.3237667e-07
1.3236696e-07
1.323525e-07
1.3234236e-07
1.3232721e-07
1.3231661e-07
1.3230077e-07
1.3228964e-07
1.3227314e-07
1.3226142e-07
1.3224427e-07
1.3223189e-07
1.322141e-07
1.3220098e-07
1.3218254e-07
1.3216864e-07
1.3214947e-07
1.3213476e-07
1.321148e-07
1.3209926e-07
1.3207841e-07
1.3206204e-07
1.3204018e-07
1.3202298e-07
1.3200002e-07
1.3198199e-07
1.3195784e-07
1.3193897e-07
1.3191354e-07
1.3189384e-07
1.3186708e-07
1.3184653e-07
1.3181839e-07
1.3179697e-07
1.3176741e-07
1.3174512e-07
1.3171412e-07
1.3169092e-07
1.3165846e-07
1.3163434e-07
1.316004e-07
1.3157533e-07
1.315399e-07
1.3151384e-07
1.314769e-07
1.3144982e-07
1.3141137e-07
1.3138321e-07
1.3134326e-07
1.3131396e-07
1.3127253e-07
1.3124198e-07
1.3119914e-07
1.3116721e-07
1.3112305e-07
1.3108958e-07
1.3104422e-07
1.3100899e-07
1.3096259e-07
1.3092536e-07
1.308781e-07
1.3083861e-07
1.3079064e-07
1.3074863e-07
1.3070009e-07
1.3065533e-07
1.3060627e-07
1.3055861e-07
1.3050899e-07
1.3045834e-07
1.3040803e-07
1.3035441e-07
1.3030316e-07
1.3024667e-07
1.3019414e-07
1.3013498e-07
1.3008079e-07
1.3001917e-07
1.2996295e-07
1.2989907e-07
1.2984048e-07
1.2977453e-07
1.2971331e-07
1.296454e-07
1.2958137e-07
1.2951157e-07
1.2944465e-07
1.2937295e-07
1.2930313e-07
1.2922948e-07
1.291568e-07
1.2908112e-07
1.2900568e-07
1.2892785e-07
1.2884974e-07
1.2876968e-07
1.2868899e-07
1.2860659e-07
1.2852341e-07
1.2843858e-07
1.2835297e-07
1.2826562e-07
1.2817763e-07
1.2808769e-07
1.2799735e-07
1.2790474e-07
1.2781205e-07
1.2771674e-07
1.2762166e-07
1.2752361e-07
1.2742609e-07
1.2732533e-07
1.2722527e-07
1.2712183e-07
1.2701912e-07
1.2691309e-07
1.2680757e-07
1.2669909e-07
1.2659059e-07
1.2647984e-07
1.2636817e-07
1.262554e-07
1.2614032e-07
1.2602583e-07
1.259071e-07
1.2579124e-07
1.2566859e-07
1.255518e-07
1.2542493e-07
1.253077e-07
1.2517626e-07
1.2505916e-07
1.2492278e-07
1.2480645e-07
1.2466468e-07
1.2454989e-07
1.2440221e-07
1.2428981e-07
1.2413563e-07
1.2402662e-07
1.2386514e-07
1.2376111e-07
1.2358902e-07
1.2350431e-07
1.2325154e-07
1.2355128e-07
1.2251523e-07
1.3301492e-07
1.3300528e-07
1.3299586e-07
1.3298601e-07
1.3297615e-07
1.3296603e-07
1.3295572e-07
1.3294522e-07
1.3293445e-07
1.3292346e-07
1.3291223e-07
1.3290065e-07
1.3288896e-07
1.3287668e-07
1.3286455e-07
1.3285148e-07
1.3283891e-07
1.3282499e-07
1.32812e-07
1.3279716e-07
1.3278375e-07
1.3276795e-07
1.3275413e-07
1.3273733e-07
1.3272308e-07
1.3270528e-07
1.3269057e-07
1.3267176e-07
1.3265653e-07
1.3263673e-07
1.326209e-07
1.3260012e-07
1.3258359e-07
1.3256186e-07
1.3254453e-07
1.3252186e-07
1.3250364e-07
1.3248003e-07
1.3246084e-07
1.3243626e-07
1.3241606e-07
1.3239045e-07
1.3236922e-07
1.323425e-07
1.3232024e-07
1.3229233e-07
1.3226905e-07
1.3223987e-07
1.3221556e-07
1.3218505e-07
1.3215969e-07
1.3212783e-07
1.3210135e-07
1.3206817e-07
1.3204045e-07
1.32006e-07
1.3197691e-07
1.3194126e-07
1.3191066e-07
1.3187389e-07
1.318416e-07
1.3180379e-07
1.3176968e-07
1.3173088e-07
1.3169483e-07
1.3165507e-07
1.3161697e-07
1.3157626e-07
1.3153604e-07
1.3149437e-07
1.3145201e-07
1.3140933e-07
1.3136483e-07
1.3132104e-07
1.3127446e-07
1.3122946e-07
1.3118089e-07
1.3113452e-07
1.3108406e-07
1.3103617e-07
1.3098395e-07
1.3093434e-07
1.3088046e-07
1.30829e-07
1.3077351e-07
1.3072007e-07
1.3066299e-07
1.3060747e-07
1.3054875e-07
1.304911e-07
1.3043066e-07
1.3037083e-07
1.3030856e-07
1.3024652e-07
1.3018231e-07
1.3011803e-07
1.3005175e-07
1.2998523e-07
1.2991675e-07
1.2984799e-07
1.2977722e-07
1.2970617e-07
1.2963303e-07
1.295597e-07
1.2948412e-07
1.2940849e-07
1.2933042e-07
1.2925245e-07
1.2917184e-07
1.2909154e-07
1.2900833e-07
1.2892568e-07
1.2883982e-07
1.287548e-07
1.2866622e-07
1.2857883e-07
1.2848745e-07
1.2839765e-07
1.283034e-07
1.2821116e-07
1.2811399e-07
1.2801926e-07
1.2791912e-07
1.2782181e-07
1.2771869e-07
1.276187e-07
1.2751264e-07
1.2740985e-07
1.2730091e-07
1.2719516e-07
1.2708347e-07
1.2697459e-07
1.2686033e-07
1.2674813e-07
1.2663153e-07
1.265158e-07
1.2639716e-07
1.2627768e-07
1.2615735e-07
1.2603388e-07
1.2591228e-07
1.2578456e-07
1.2566218e-07
1.2552992e-07
1.2540735e-07
1.252702e-07
1.2514812e-07
1.2500569e-07
1.2488488e-07
1.247367e-07
1.2461805e-07
1.2446356e-07
1.2434807e-07
1.241867e-07
1.2407504e-07
1.2390848e-07
1.2378879e-07
1.2368572e-07
1.2319371e-07
1.2375051e-07
1.3366623e-07
1.3365525e-07
1.3364739e-07
1.3363588e-07
1.3362773e-07
1.3361565e-07
1.3360713e-07
1.3359439e-07
1.3358542e-07
1.3357193e-07
1.3356242e-07
1.3354813e-07
1.3353799e-07
1.3352286e-07
1.3351203e-07
1.3349603e-07
1.3348446e-07
1.3346757e-07
1.3345524e-07
1.3343747e-07
1.3342434e-07
1.3340571e-07
1.3339176e-07
1.3337229e-07
1.3335752e-07
1.3333724e-07
1.3332164e-07
1.3330054e-07
1.3328411e-07
1.332622e-07
1.3324495e-07
1.332222e-07
1.3320413e-07
1.3318052e-07
1.3316162e-07
1.331371e-07
1.3311738e-07
1.3309189e-07
1.3307133e-07
1.3304483e-07
1.3302338e-07
1.3299583e-07
1.3297345e-07
1.3294482e-07
1.3292142e-07
1.3289169e-07
1.3286719e-07
1.3283635e-07
1.3281066e-07
1.327787e-07
1.327517e-07
1.3271863e-07
1.3269022e-07
1.3265604e-07
1.326261e-07
1.3259083e-07
1.3255924e-07
1.325229e-07
1.3248956e-07
1.3245216e-07
1.3241698e-07
1.3237853e-07
1.3234143e-07
1.3230191e-07
1.3226285e-07
1.3222225e-07
1.321812e-07
1.3213948e-07
1.3209644e-07
1.3205353e-07
1.3200852e-07
1.3196435e-07
1.3191738e-07
1.3187189e-07
1.3182296e-07
1.3177608e-07
1.3172519e-07
1.3167683e-07
1.3162396e-07
1.3157404e-07
1.3151918e-07
1.314676e-07
1.3141073e-07
1.3135737e-07
1.3129846e-07
1.312432e-07
1.3118225e-07
1.3112493e-07
1.3106191e-07
1.3100242e-07
1.3093731e-07
1.3087551e-07
1.3080827e-07
1.3074409e-07
1.3067464e-07
1.3060801e-07
1.3053629e-07
1.3046718e-07
1.3039309e-07
1.3032149e-07
1.3024496e-07
1.3017085e-07
1.3009181e-07
1.300152e-07
1.2993359e-07
1.2985447e-07
1.2977025e-07
1.2968862e-07
1.2960175e-07
1.295176e-07
1.2942808e-07
1.2934139e-07
1.2924919e-07
1.2915997e-07
1.2906508e-07
1.2897331e-07
1.2887573e-07
1.287814e-07
1.2868112e-07
1.285842e-07
1.2848123e-07
1.2838169e-07
1.2827605e-07
1.2817384e-07
1.2806558e-07
1.2796061e-07
1.278498e-07
1.2774196e-07
1.2762872e-07
1.2751787e-07
1.2740234e-07
1.2728831e-07
1.2717065e-07
1.2705324e-07
1.2693368e-07
1.2681265e-07
1.2669146e-07
1.2656655e-07
1.2644401e-07
1.2631493e-07
1.261914e-07
1.2605781e-07
1.2593371e-07
1.2579523e-07
1.2567103e-07
1.2552725e-07
1.2540352e-07
1.2525396e-07
1.2513135e-07
1.2497545e-07
1.2485473e-07
1.2469187e-07
1.2457393e-07
1.2440346e-07
1.2428888e-07
1.2411248e-07
1.2398901e-07
1.2387697e-07
1.2337165e-07
1.239394e-07
1.3456237e-07
1.3455019e-07
1.345406e-07
1.3452796e-07
1.3451783e-07
1.3450472e-07
1.34494e-07
1.3448036e-07
1.3446903e-07
1.3445481e-07
1.3444285e-07
1.3442801e-07
1.3441541e-07
1.3439991e-07
1.343867e-07
1.3437049e-07
1.3435668e-07
1.3433974e-07
1.3432533e-07
1.3430764e-07
1.3429263e-07
1.3427415e-07
1.3425853e-07
1.3423923e-07
1.3422298e-07
1.342028e-07
1.341859e-07
1.3416478e-07
1.3414719e-07
1.3412506e-07
1.3410674e-07
1.3408354e-07
1.3406444e-07
1.3404009e-07
1.3402015e-07
1.3399461e-07
1.3397377e-07
1.3394698e-07
1.3392517e-07
1.3389711e-07
1.3387425e-07
1.3384492e-07
1.3382092e-07
1.3379034e-07
1.3376509e-07
1.3373329e-07
1.3370668e-07
1.3367371e-07
1.3364562e-07
1.3361154e-07
1.3358183e-07
1.3354669e-07
1.3351525e-07
1.334791e-07
1.334458e-07
1.3340868e-07
1.3337341e-07
1.3333534e-07
1.3329801e-07
1.33259e-07
1.3321955e-07
1.3317956e-07
1.3313796e-07
1.3309693e-07
1.3305319e-07
1.3301106e-07
1.329652e-07
1.3292186e-07
1.3287396e-07
1.3282928e-07
1.3277943e-07
1.3273329e-07
1.3268157e-07
1.3263385e-07
1.3258035e-07
1.3253091e-07
1.3247571e-07
1.3242444e-07
1.3236759e-07
1.3231439e-07
1.3225591e-07
1.3220069e-07
1.3214058e-07
1.3208324e-07
1.3202147e-07
1.3196195e-07
1.3189845e-07
1.3183669e-07
1.3177138e-07
1.3170731e-07
1.316401e-07
1.3157366e-07
1.3150442e-07
1.3143556e-07
1.3136419e-07
1.3129285e-07
1.3121923e-07
1.3114536e-07
1.3106937e-07
1.3099294e-07
1.3091446e-07
1.3083542e-07
1.3075437e-07
1.306727e-07
1.3058896e-07
1.3050463e-07
1.3041815e-07
1.3033113e-07
1.3024184e-07
1.3015212e-07
1.3005998e-07
1.2996753e-07
1.2987253e-07
1.2977732e-07
1.2967947e-07
1.2958146e-07
1.2948079e-07
1.2937994e-07
1.2927652e-07
1.2917277e-07
1.2906667e-07
1.2895997e-07
1.2885131e-07
1.2874158e-07
1.2863049e-07
1.2851763e-07
1.2840427e-07
1.2828819e-07
1.2817273e-07
1.280533e-07
1.2793595e-07
1.2781302e-07
1.2769398e-07
1.2756741e-07
1.2744691e-07
1.2731649e-07
1.2719479e-07
1.2706029e-07
1.2693768e-07
1.2679882e-07
1.2667562e-07
1.2653208e-07
1.2640865e-07
1.2626004e-07
1.261368e-07
1.2598265e-07
1.2586011e-07
1.2569988e-07
1.2557862e-07
1.2541165e-07
1.252924e-07
1.2511792e-07
1.2500153e-07
1.2481853e-07
1.2470653e-07
1.2451127e-07
1.244189e-07
1.2413605e-07
1.2445474e-07
1.2333974e-07
1.3586302e-07
1.3584968e-07
1.3583862e-07
1.3582466e-07
1.3581297e-07
1.357984e-07
1.3578603e-07
1.3577084e-07
1.3575775e-07
1.357419e-07
1.3572805e-07
1.3571149e-07
1.3569685e-07
1.3567951e-07
1.3566405e-07
1.3564588e-07
1.3562956e-07
1.3561051e-07
1.3559333e-07
1.3557336e-07
1.3555531e-07
1.3553442e-07
1.3551551e-07
1.3549369e-07
1.3547393e-07
1.3545121e-07
1.3543062e-07
1.3540701e-07
1.3538561e-07
1.3536115e-07
1.3533892e-07
1.3531365e-07
1.3529057e-07
1.352645e-07
1.3524051e-07
1.3521364e-07
1.3518868e-07
1.35161e-07
1.3513496e-07
1.3510644e-07
1.3507919e-07
1.3504977e-07
1.3502117e-07
1.3499081e-07
1.3496072e-07
1.3492932e-07
1.348976e-07
1.3486508e-07
1.3483161e-07
1.3479788e-07
1.3476257e-07
1.3472751e-07
1.3469031e-07
1.3465381e-07
1.3461468e-07
1.3457665e-07
1.3453559e-07
1.3449593e-07
1.3445298e-07
1.344116e-07
1.3436679e-07
1.3432365e-07
1.3427701e-07
1.3423207e-07
1.3418365e-07
1.3413688e-07
1.3408671e-07
1.3403812e-07
1.3398621e-07
1.3393581e-07
1.3388215e-07
1.3382994e-07
1.3377453e-07
1.3372051e-07
1.3366329e-07
1.3360744e-07
1.3354837e-07
1.3349067e-07
1.3342966e-07
1.3337005e-07
1.3330703e-07
1.3324545e-07
1.3318031e-07
1.3311666e-07
1.3304933e-07
1.3298351e-07
1.3291388e-07
1.3284579e-07
1.3277378e-07
1.3270332e-07
1.3262884e-07
1.3255592e-07
1.3247891e-07
1.3240345e-07
1.3232384e-07
1.322458e-07
1.3216355e-07
1.320829e-07
1.3199797e-07
1.3191471e-07
1.3182706e-07
1.3174122e-07
1.3165082e-07
1.3156242e-07
1.3146928e-07
1.3137836e-07
1.3128245e-07
1.3118905e-07
1.3109038e-07
1.3099451e-07
1.3089309e-07
1.3079475e-07
1.3069059e-07
1.3058975e-07
1.3048287e-07
1.3037949e-07
1.3026989e-07
1.3016391e-07
1.3005163e-07
1.2994294e-07
1.2982801e-07
1.297165e-07
1.2959898e-07
1.2948452e-07
1.2936447e-07
1.2924692e-07
1.2912444e-07
1.2900365e-07
1.2887884e-07
1.2875465e-07
1.2862767e-07
1.2849991e-07
1.2837094e-07
1.2823942e-07
1.2810868e-07
1.2797321e-07
1.2784094e-07
1.2770131e-07
1.2756782e-07
1.2742376e-07
1.2728939e-07
1.2714061e-07
1.2700579e-07
1.2685192e-07
1.2671713e-07
1.2655775e-07
1.2642354e-07
1.2625813e-07
1.2612519e-07
1.2595312e-07
1.2582222e-07
1.2564275e-07
1.2551481e-07
1.2532712e-07
1.2520274e-07
1.2500847e-07
1.248746e-07
1.2474854e-07
1.2420702e-07
1.2481109e-07
1.379328e-07
1.3791772e-07
1.3790358e-07
1.3788796e-07
1.3787333e-07
1.3785714e-07
1.3784194e-07
1.378251e-07
1.3780923e-07
1.3779167e-07
1.3777501e-07
1.3775665e-07
1.3773908e-07
1.3771985e-07
1.3770126e-07
1.376811e-07
1.376614e-07
1.3764026e-07
1.3761936e-07
1.3759721e-07
1.3757506e-07
1.3755189e-07
1.3752846e-07
1.3750427e-07
1.3747956e-07
1.3745434e-07
1.3742836e-07
1.3740214e-07
1.373749e-07
1.3734769e-07
1.3731924e-07
1.3729103e-07
1.3726139e-07
1.3723217e-07
1.3720136e-07
1.3717111e-07
1.3713912e-07
1.371078e-07
1.3707459e-07
1.3704214e-07
1.3700768e-07
1.3697402e-07
1.3693823e-07
1.3690327e-07
1.3686607e-07
1.3682971e-07
1.3679099e-07
1.3675315e-07
1.3671281e-07
1.3667338e-07
1.3663131e-07
1.365902e-07
1.3654632e-07
1.3650345e-07
1.3645768e-07
1.3641298e-07
1.3636526e-07
1.3631866e-07
1.3626896e-07
1.3622042e-07
1.3616872e-07
1.361182e-07
1.3606448e-07
1.3601195e-07
1.3595622e-07
1.3590166e-07
1.3584393e-07
1.3578732e-07
1.357276e-07
1.3566893e-07
1.3560721e-07
1.3554645e-07
1.3548272e-07
1.3541985e-07
1.3535408e-07
1.3528907e-07
1.3522121e-07
1.3515404e-07
1.3508402e-07
1.3501464e-07
1.3494239e-07
1.3487076e-07
1.347962e-07
1.3472226e-07
1.3464528e-07
1.3456899e-07
1.3448951e-07
1.344108e-07
1.3432874e-07
1.3424756e-07
1.3416284e-07
1.3407913e-07
1.3399168e-07
1.3390541e-07
1.3381515e-07
1.3372627e-07
1.3363318e-07
1.3354165e-07
1.3344567e-07
1.3335147e-07
1.3325257e-07
1.3315567e-07
1.3305384e-07
1.3295421e-07
1.3284944e-07
1.3274706e-07
1.3263934e-07
1.325342e-07
1.3242353e-07
1.3231561e-07
1.3220201e-07
1.3209129e-07
1.3197479e-07
1.3186124e-07
1.3174188e-07
1.3162549e-07
1.3150333e-07
1.3138405e-07
1.3125916e-07
1.3113698e-07
1.3100943e-07
1.3088432e-07
1.307542e-07
1.3062611e-07
1.3049353e-07
1.303624e-07
1.302275e-07
1.3009326e-07
1.2995616e-07
1.2981873e-07
1.296796e-07
1.2953885e-07
1.2939787e-07
1.2925366e-07
1.2911105e-07
1.289632e-07
1.2881922e-07
1.286675e-07
1.2852244e-07
1.2836658e-07
1.2822079e-07
1.2806046e-07
1.2791438e-07
1.2774915e-07
1.2760328e-07
1.2743267e-07
1.2728763e-07
1.2711102e-07
1.2696756e-07
1.2678423e-07
1.2664321e-07
1.2645229e-07
1.2631476e-07
1.2611529e-07
1.2598198e-07
1.2577556e-07
1.2563281e-07
1.2549815e-07
1.2492638e-07
1.2556263e-07
1.420229e-07
1.420017e-07
1.4197967e-07
1.4195749e-07
1.4193442e-07
1.4191123e-07
1.418871e-07
1.4186288e-07
1.4183766e-07
1.4181237e-07
1.4178605e-07
1.4175969e-07
1.4173224e-07
1.4170479e-07
1.4167621e-07
1.4164764e-07
1.4161791e-07
1.4158821e-07
1.4155731e-07
1.4152645e-07
1.4149434e-07
1.4146229e-07
1.4142894e-07
1.4139565e-07
1.4136101e-07
1.4132643e-07
1.4129044e-07
1.412545e-07
1.4121709e-07
1.4117973e-07
1.4114082e-07
1.4110197e-07
1.4106149e-07
1.4102106e-07
1.4097894e-07
1.4093686e-07
1.4089301e-07
1.4084922e-07
1.4080356e-07
1.4075797e-07
1.4071045e-07
1.40663e-07
1.4061353e-07
1.4056417e-07
1.405127e-07
1.4046135e-07
1.4040782e-07
1.4035445e-07
1.4029881e-07
1.4024335e-07
1.4018555e-07
1.4012798e-07
1.4006797e-07
1.4000824e-07
1.3994599e-07
1.3988406e-07
1.3981953e-07
1.3975537e-07
1.3968853e-07
1.3962211e-07
1.3955293e-07
1.3948421e-07
1.3941266e-07
1.3934163e-07
1.3926768e-07
1.3919428e-07
1.3911791e-07
1.3904213e-07
1.389633e-07
1.3888509e-07
1.3880378e-07
1.387231e-07
1.3863927e-07
1.3855609e-07
1.3846969e-07
1.3838398e-07
1.3829496e-07
1.3820666e-07
1.3811497e-07
1.3802405e-07
1.3792964e-07
1.3783605e-07
1.3773885e-07
1.3764254e-07
1.3754251e-07
1.3744344e-07
1.3734051e-07
1.3723865e-07
1.3713277e-07
1.3702808e-07
1.3691921e-07
1.3681165e-07
1.3669977e-07
1.3658933e-07
1.3647441e-07
1.3636108e-07
1.3624312e-07
1.3612689e-07
1.3600588e-07
1.3588677e-07
1.3576273e-07
1.3564073e-07
1.3551368e-07
1.3538881e-07
1.3525877e-07
1.3513104e-07
1.3499804e-07
1.3486746e-07
1.3473154e-07
1.3459811e-07
1.344593e-07
1.3432303e-07
1.3418138e-07
1.3404225e-07
1.3389779e-07
1.337558e-07
1.3360859e-07
1.3346371e-07
1.3331382e-07
1.3316603e-07
1.3301353e-07
1.3286279e-07
1.3270779e-07
1.3255404e-07
1.3239665e-07
1.3223986e-07
1.3208022e-07
1.319203e-07
1.317586e-07
1.3159545e-07
1.3143188e-07
1.3126539e-07
1.311002e-07
1.3093019e-07
1.3076367e-07
1.3058995e-07
1.3042244e-07
1.3024474e-07
1.3007663e-07
1.2989462e-07
1.297264e-07
1.2953966e-07
1.2937188e-07
1.291799e-07
1.2901323e-07
1.2881536e-07
1.286506e-07
1.2844607e-07
1.2828418e-07
1.2807201e-07
1.2791414e-07
1.2769317e-07
1.275407e-07
1.2730941e-07
1.2716459e-07
1.2691808e-07
1.2679959e-07
1.2644737e-07
1.2682356e-07
1.254719e-07
)
;

boundaryField
{
    corpo
    {
        type            nutLowReWallFunction;
        Cmu             0.09;
        kappa           0.41;
        E               9.8;
        value           uniform 0;
    }
    esterno
    {
        type            calculated;
        value           uniform 1.5e-07;
    }
    uscita
    {
        type            calculated;
        value           nonuniform List<scalar> 
110
(
2.9468337e-05
2.9467768e-05
2.9466052e-05
2.9463545e-05
2.9460324e-05
2.9456488e-05
2.9452167e-05
2.9447533e-05
2.9442784e-05
2.9438157e-05
2.9433937e-05
2.9430461e-05
2.9428136e-05
2.9427447e-05
2.9428988e-05
2.9433485e-05
2.9441851e-05
2.9455243e-05
2.9475168e-05
2.9503615e-05
2.9543247e-05
2.9597607e-05
2.9670612e-05
2.976682e-05
2.9891336e-05
3.0049769e-05
3.0248296e-05
3.0493797e-05
3.0794044e-05
3.1157943e-05
3.1595812e-05
3.2119699e-05
3.274371e-05
3.3484345e-05
3.4360792e-05
3.539515e-05
3.6612486e-05
3.8040657e-05
3.9709778e-05
4.165128e-05
4.3895477e-05
4.6469263e-05
4.9393354e-05
5.2678314e-05
5.6320393e-05
6.0298085e-05
6.4567663e-05
6.9054984e-05
7.3664588e-05
7.8286224e-05
8.2794766e-05
8.7056837e-05
9.0934678e-05
9.4286038e-05
9.6957989e-05
9.8774762e-05
9.9517297e-05
9.8898186e-05
9.6527003e-05
9.1877755e-05
8.4244317e-05
7.2929308e-05
5.7510411e-05
3.8259795e-05
1.6708066e-05
1.8933167e-06
1.7943944e-07
1.566883e-07
1.4847015e-07
1.4013454e-07
1.3577834e-07
1.3370067e-07
1.2644159e-07
1.2374537e-07
1.2890423e-07
1.228413e-07
1.2554504e-07
1.2090364e-07
1.2717211e-07
1.2421778e-07
1.2237873e-07
1.2362349e-07
1.2434569e-07
1.2329506e-07
1.2387439e-07
1.2395709e-07
1.2404136e-07
1.2317877e-07
1.2334122e-07
1.2321653e-07
1.2291616e-07
1.2280921e-07
1.2288227e-07
1.2408172e-07
1.2321435e-07
1.2391888e-07
1.2348661e-07
1.2244343e-07
1.2315335e-07
1.2302506e-07
1.2243021e-07
1.2253542e-07
1.2257643e-07
1.2251523e-07
1.2375051e-07
1.239394e-07
1.2333974e-07
1.2481109e-07
1.2556263e-07
1.254719e-07
)
;
    }
    front
    {
        type            wedge;
    }
    back
    {
        type            wedge;
    }
    defaultFaces
    {
        type            empty;
    }
}


// ************************************************************************* //
