/*--------------------------------*- C++ -*----------------------------------*\
  =========                 |
  \\      /  F ield         | OpenFOAM: The Open Source CFD Toolbox
   \\    /   O peration     | Website:  https://openfoam.org
    \\  /    A nd           | Version:  14
     \\/     M anipulation  |
\*---------------------------------------------------------------------------*/
FoamFile
{
    format      ascii;
    class       volScalarField;
    location    "1500";
    object      p;
}
// * * * * * * * * * * * * * * * * * * * * * * * * * * * * * * * * * * * * * //

dimensions      [0 2 -2 0 0 0 0];

internalField   nonuniform List<scalar> 
48400
(
0.49999887
0.49861594
0.4939235
0.48828159
0.47980837
0.46968073
0.45741087
0.44301477
0.42682048
0.40907505
0.39007586
0.3701453
0.34960732
0.32876709
0.30790068
0.28724466
0.26699609
0.24729381
0.22827633
0.21010084
0.19277661
0.17650167
0.16107486
0.14608047
0.13139577
0.11868271
0.10699287
0.095691231
0.084930154
0.07462498
0.064564512
0.055901152
0.048542086
0.040983769
0.0333774
0.025827634
0.020739724
0.014903651
0.0086638729
0.0037822867
-0.00067842884
-0.005956207
-0.009853745
-0.013802841
-0.018400128
-0.021236488
-0.025558386
-0.028323493
-0.031256267
-0.031038134
-0.033945249
-0.033928277
-0.035384816
-0.03745518
-0.037197018
-0.039678232
-0.039997421
-0.040879846
-0.043633471
-0.042858216
-0.044618813
-0.046392351
-0.046257458
-0.048121593
-0.049327122
-0.049541116
-0.051344016
-0.052441132
-0.052703732
-0.054343113
-0.055733682
-0.055798327
-0.057144199
-0.05922414
-0.058890587
-0.060053672
-0.061699352
-0.062562088
-0.062982783
-0.064168434
-0.06584967
-0.066335003
-0.066988977
-0.06811216
-0.069598988
-0.070447099
-0.070879934
-0.071911515
-0.073006456
-0.074439576
-0.074977604
-0.075596046
-0.076537858
-0.077506426
-0.078515474
-0.079814454
-0.08015655
-0.08085872
-0.081639016
-0.082423521
-0.083213951
-0.083955745
-0.084745397
-0.085462465
-0.08631899
-0.08655988
-0.087098796
-0.087577199
-0.088027422
-0.088426393
-0.088776624
-0.089073017
-0.089305608
-0.089473794
-0.089574374
-0.089602033
-0.089573256
-0.089438648
-0.089289982
-0.088963637
0.49999608
0.49861483
0.49392467
0.48828581
0.47981734
0.46969454
0.45743029
0.4430401
0.42685157
0.4091115
0.39011699
0.37019022
0.34965504
0.32881658
0.30795098
0.28729486
0.26704547
0.24734174
0.22832218
0.21014418
0.19281696
0.17653911
0.16111025
0.14611446
0.1314266
0.11870957
0.10701753
0.095714261
0.084951525
0.074645037
0.064582405
0.055915981
0.048555424
0.040996863
0.033390047
0.025837814
0.020748177
0.01491265
0.0086718552
0.0037887205
-0.00067200029
-0.005950383
-0.0098489866
-0.013797883
-0.01839599
-0.021232706
-0.025554794
-0.028320112
-0.031254533
-0.031035025
-0.033941889
-0.033926683
-0.035380928
-0.037453196
-0.037194704
-0.039675306
-0.039996221
-0.040876264
-0.04363151
-0.042857323
-0.044615542
-0.046390847
-0.046255961
-0.048118936
-0.049325916
-0.049539484
-0.051341682
-0.05244006
-0.052702306
-0.05434086
-0.055732614
-0.055797356
-0.05714186
-0.059222947
-0.058890069
-0.060051915
-0.061697807
-0.06256132
-0.062981872
-0.064166841
-0.065848481
-0.066334407
-0.066988086
-0.068110886
-0.069597872
-0.070446507
-0.070879294
-0.071910615
-0.073005423
-0.074438786
-0.074977165
-0.075595482
-0.076537194
-0.077505768
-0.078514738
-0.079813941
-0.080156246
-0.080858309
-0.081638603
-0.082423126
-0.083213588
-0.083955402
-0.08474508
-0.085462153
-0.086318779
-0.086559743
-0.087098629
-0.087577057
-0.088027301
-0.088426293
-0.088776543
-0.089072954
-0.089305562
-0.089473761
-0.089574352
-0.089602018
-0.089573246
-0.089438639
-0.089289972
-0.088963618
0.49999266
0.49861342
0.49392583
0.48829042
0.47982727
0.46970979
0.45745175
0.44306812
0.42688595
0.40915178
0.39016239
0.37023974
0.34970757
0.32887099
0.30800618
0.2873499
0.26709954
0.24739415
0.22837227
0.2101915
0.19286102
0.17657989
0.16114888
0.14615167
0.13146036
0.11873895
0.10704449
0.095739425
0.084974869
0.074666942
0.064601962
0.055932199
0.048569992
0.041011156
0.033403853
0.025848957
0.020757412
0.014922475
0.0086805847
0.0037957583
-0.00066497922
-0.0059440078
-0.0098437796
-0.013792463
-0.018391451
-0.021228572
-0.025550852
-0.028316413
-0.031252607
-0.031031644
-0.033938187
-0.033924932
-0.035376683
-0.037450994
-0.03719218
-0.039672083
-0.039994895
-0.040872361
-0.043629322
-0.042856342
-0.044611963
-0.046389171
-0.046254322
-0.04811602
-0.04932457
-0.049537696
-0.051339114
-0.052438862
-0.05270074
-0.054338384
-0.055731416
-0.055796285
-0.057139299
-0.059221604
-0.058889489
-0.060049985
-0.061696095
-0.062560454
-0.062980862
-0.064165087
-0.065847153
-0.066333731
-0.066987095
-0.068109476
-0.069596626
-0.07044583
-0.070878573
-0.071909611
-0.073004272
-0.074437891
-0.074976656
-0.07559484
-0.076536442
-0.077505022
-0.078513905
-0.079813345
-0.080155882
-0.080857831
-0.081638121
-0.082422664
-0.083213159
-0.083954994
-0.0847447
-0.085461776
-0.086318508
-0.086559557
-0.08709841
-0.087576864
-0.088027131
-0.088426146
-0.088776417
-0.089072847
-0.089305472
-0.089473686
-0.089574288
-0.089601961
-0.089573195
-0.089438588
-0.089289922
-0.088963557
0.4999893
0.49861227
0.49392752
0.4882961
0.47983904
0.46972746
0.4574764
0.44310014
0.42692506
0.4091974
0.39021359
0.37029537
0.34976634
0.32893163
0.3080675
0.28741084
0.26715923
0.24745188
0.2284273
0.21024342
0.19290938
0.17662472
0.16119141
0.14619265
0.1314976
0.11877135
0.10707416
0.095767096
0.085000517
0.074690992
0.064623467
0.05595005
0.048585997
0.041026837
0.033418997
0.025861236
0.020767563
0.014933253
0.008690191
0.0038035104
-0.00065726726
-0.0059369793
-0.0098380379
-0.013786502
-0.018386427
-0.021224017
-0.025546487
-0.028312332
-0.03125041
-0.031027951
-0.033934051
-0.033922983
-0.035372019
-0.037448495
-0.037189412
-0.039668483
-0.039993397
-0.04086809
-0.043626823
-0.042855245
-0.044608019
-0.046387254
-0.046252505
-0.048112782
-0.049323027
-0.049535715
-0.051336252
-0.052437481
-0.052698996
-0.054335629
-0.055730028
-0.055795078
-0.057136465
-0.059220043
-0.058888811
-0.060047837
-0.061694158
-0.062559436
-0.062979712
-0.064163123
-0.065845623
-0.066332928
-0.066985959
-0.068107882
-0.069595191
-0.070445015
-0.070877727
-0.071908455
-0.073002953
-0.074436829
-0.074976026
-0.075594071
-0.076535552
-0.077504138
-0.078512923
-0.079812603
-0.080155407
-0.080857231
-0.081637516
-0.082422078
-0.083212608
-0.083954465
-0.0847442
-0.085461278
-0.086318116
-0.086559267
-0.087098082
-0.087576564
-0.088026854
-0.088425894
-0.088776186
-0.089072637
-0.089305279
-0.089473508
-0.089574123
-0.089601804
-0.089573045
-0.089438439
-0.089289773
-0.088963397
0.49998578
0.49861142
0.49393009
0.48830357
0.47985393
0.46974928
0.45750652
0.44313907
0.42697237
0.40925231
0.39027493
0.37036168
0.34983608
0.32900326
0.30813961
0.2874822
0.26722884
0.24751896
0.2284911
0.2103035
0.19296539
0.17667666
0.16124078
0.14624031
0.13154102
0.11880907
0.10710862
0.095799185
0.085030226
0.074718824
0.064648411
0.05597079
0.048604535
0.041044966
0.033436498
0.025875527
0.020779331
0.014945716
0.008701346
0.0038125259
-0.00064833544
-0.0059287955
-0.0098313498
-0.013779583
-0.018380545
-0.021218717
-0.025541371
-0.028307574
-0.031247725
-0.031023715
-0.033929141
-0.033920682
-0.035366621
-0.037445462
-0.037186218
-0.039664214
-0.039991591
-0.040863174
-0.043623759
-0.042853941
-0.044603431
-0.046384904
-0.046250377
-0.048108974
-0.049321127
-0.049533392
-0.051332869
-0.05243577
-0.052696941
-0.054332379
-0.055728296
-0.055793628
-0.057133151
-0.059218088
-0.058887955
-0.060045304
-0.061691817
-0.062558145
-0.062978312
-0.064160789
-0.065843731
-0.066331892
-0.066984566
-0.068105962
-0.069593417
-0.070443947
-0.070876653
-0.071907026
-0.07300133
-0.074435465
-0.074975174
-0.075593073
-0.076534413
-0.077503003
-0.078511669
-0.079811593
-0.080154726
-0.08085641
-0.081636686
-0.082421268
-0.083211836
-0.083953715
-0.08474348
-0.085460554
-0.086317501
-0.086558782
-0.08709755
-0.087576061
-0.088026377
-0.088425442
-0.088775758
-0.089072231
-0.089304893
-0.089473139
-0.089573767
-0.089601457
-0.089572705
-0.089438102
-0.089289436
-0.088963044
0.49998185
0.49861081
0.49393371
0.48831341
0.47987301
0.46977665
0.45754401
0.44318733
0.4270308
0.40931987
0.39035006
0.37044254
0.34992072
0.32908977
0.30822628
0.28756756
0.26731174
0.24759849
0.22856653
0.21037442
0.19303163
0.17673816
0.16129926
0.14629676
0.13159262
0.11885382
0.10714938
0.095837079
0.085065255
0.074751602
0.064677879
0.055995346
0.048626395
0.041066287
0.033457077
0.025892488
0.020793223
0.014960375
0.0087145463
0.0038232134
-0.0006378053
-0.0059190777
-0.0098234068
-0.013771403
-0.018373512
-0.021212434
-0.025535247
-0.028301914
-0.031244345
-0.031018793
-0.033923164
-0.03391791
-0.035360264
-0.037441673
-0.037182476
-0.039659025
-0.039989359
-0.040857433
-0.043619884
-0.042852363
-0.044597997
-0.046381934
-0.046247837
-0.048104399
-0.049318716
-0.049530619
-0.051328778
-0.052433585
-0.052694468
-0.054328464
-0.055726066
-0.05579185
-0.057129203
-0.059215557
-0.058886845
-0.060042256
-0.061688916
-0.062556454
-0.062976566
-0.064157955
-0.065841322
-0.066330514
-0.066982812
-0.068103594
-0.069591161
-0.070442506
-0.070875251
-0.071905215
-0.072999284
-0.074433661
-0.074973989
-0.075591741
-0.076532914
-0.077501507
-0.078510024
-0.079810185
-0.080153734
-0.080855259
-0.081635521
-0.082420122
-0.083210729
-0.083952632
-0.084742428
-0.085459488
-0.086316539
-0.086557994
-0.087096703
-0.087575245
-0.088025587
-0.088424681
-0.088775021
-0.089071518
-0.089304201
-0.089472465
-0.089573108
-0.089600808
-0.089572064
-0.089437463
-0.089288799
-0.088962385
0.49997712
0.49861041
0.49393851
0.48832611
0.47989731
0.46981098
0.45759079
0.44324743
0.42710341
0.4094036
0.3904429
0.37054212
0.35002453
0.32919544
0.30833168
0.28767089
0.26741161
0.2476939
0.22865682
0.2104592
0.19311104
0.17681184
0.16136917
0.1463642
0.13165444
0.11890733
0.10719794
0.095882125
0.085106819
0.074790443
0.064712931
0.056024633
0.04865234
0.041091511
0.033481417
0.025912774
0.020809729
0.014977722
0.0087302777
0.0038359743
-0.00062531359
-0.0059074507
-0.0098139045
-0.013761668
-0.018365033
-0.021204935
-0.025527856
-0.028295132
-0.031240039
-0.031013062
-0.033915818
-0.033914546
-0.035352742
-0.037436888
-0.037178077
-0.039652659
-0.039986579
-0.040850707
-0.043614931
-0.042850441
-0.044591523
-0.046378144
-0.046244791
-0.048098865
-0.04931563
-0.049527291
-0.051323795
-0.052430769
-0.052691477
-0.054323713
-0.055723171
-0.055789655
-0.057124476
-0.059212258
-0.058885397
-0.06003857
-0.061685292
-0.062554227
-0.062974372
-0.064154492
-0.065838235
-0.066328677
-0.066980592
-0.068100657
-0.069588277
-0.070440559
-0.070873416
-0.071902906
-0.07299669
-0.074431271
-0.074972354
-0.075589963
-0.076530942
-0.077499535
-0.078507864
-0.079808237
-0.080152316
-0.080853664
-0.081633905
-0.082418523
-0.083209172
-0.083951098
-0.084740926
-0.08545796
-0.086315103
-0.08655679
-0.087095425
-0.087574
-0.088024369
-0.088423492
-0.088773859
-0.08907038
-0.089303087
-0.08947137
-0.089572029
-0.08959974
-0.089571006
-0.089436408
-0.089287748
-0.088961304
0.49997099
0.49860988
0.4939445
0.48834204
0.47992775
0.46985361
0.4576488
0.44332202
0.42719353
0.40950748
0.39055797
0.37066533
0.35015272
0.32932557
0.30846104
0.28779725
0.26753327
0.24780965
0.22876617
0.21056174
0.19320733
0.17690115
0.16145342
0.14644511
0.13172882
0.11897158
0.10725602
0.09593588
0.085156318
0.07483663
0.064754776
0.056059693
0.048683246
0.041121455
0.033510301
0.025937126
0.020829411
0.014998316
0.0087490916
0.0038512648
-0.00061044676
-0.0058934906
-0.0098024982
-0.013750046
-0.018354773
-0.021195956
-0.025518907
-0.028286976
-0.031234548
-0.031006379
-0.033906771
-0.033910456
-0.03534382
-0.037430848
-0.037172899
-0.039644834
-0.039983111
-0.040842814
-0.043608613
-0.042848093
-0.044583795
-0.046373319
-0.046241128
-0.048092159
-0.049311691
-0.049523288
-0.051317721
-0.052427159
-0.052687851
-0.054317946
-0.055719436
-0.055786941
-0.057118815
-0.059207996
-0.058883521
-0.060034108
-0.061680782
-0.062551325
-0.062971622
-0.064150265
-0.065834306
-0.066326259
-0.066977789
-0.068097022
-0.069584615
-0.070437976
-0.070871036
-0.071899982
-0.072993422
-0.074428151
-0.074970151
-0.075587626
-0.076528378
-0.077496971
-0.078505067
-0.079805616
-0.080150361
-0.080851511
-0.081631725
-0.08241636
-0.083207051
-0.083949
-0.084738862
-0.085455854
-0.086313073
-0.086555062
-0.087093604
-0.087572215
-0.088022613
-0.088421767
-0.088772162
-0.089068711
-0.089301443
-0.089469746
-0.089570424
-0.089598147
-0.089569425
-0.08943483
-0.089286178
-0.088959694
0.49996286
0.49860832
0.4939515
0.48836127
0.47996496
0.4699056
0.45771974
0.44341352
0.42730437
0.40963552
0.39069998
0.37081754
0.35031109
0.32948623
0.30862055
0.28795276
0.26768262
0.24795132
0.22889993
0.21068694
0.19332493
0.1770099
0.1615552
0.14654231
0.13181828
0.11904874
0.10732553
0.096000064
0.085215298
0.074891581
0.064804734
0.056101666
0.04872008
0.041157016
0.033544587
0.025966346
0.020852885
0.015022772
0.0087715852
0.0038695795
-0.00059275269
-0.0058767399
-0.0097888141
-0.013736175
-0.018342376
-0.021185212
-0.025508089
-0.028277166
-0.031227587
-0.030998574
-0.03389568
-0.033905494
-0.035333246
-0.037423284
-0.0371668
-0.039635258
-0.039978806
-0.040833551
-0.04360064
-0.042845226
-0.044574578
-0.046367237
-0.046236722
-0.048084053
-0.049306716
-0.049518484
-0.051310354
-0.052422591
-0.052683468
-0.054310973
-0.055714689
-0.055783598
-0.057112044
-0.059202572
-0.058881119
-0.060028717
-0.061675211
-0.062547605
-0.062968196
-0.064145126
-0.06582937
-0.066323135
-0.06697428
-0.068092552
-0.069580024
-0.070434624
-0.070867996
-0.071896316
-0.072989352
-0.074424157
-0.07496726
-0.075584615
-0.076525104
-0.077493697
-0.078501511
-0.079802187
-0.080147758
-0.080848687
-0.081628869
-0.082413519
-0.083204255
-0.083946227
-0.084736124
-0.085453058
-0.086310332
-0.086552705
-0.087091135
-0.087569786
-0.088020214
-0.088419403
-0.088769828
-0.089066406
-0.089299165
-0.089467492
-0.089568191
-0.089595928
-0.089567219
-0.089432631
-0.089283988
-0.088957455
0.49995159
0.4986043
0.49395899
0.48838341
0.48000894
0.4699674
0.45780463
0.44352368
0.42743848
0.4097911
0.39087323
0.37100381
0.35050543
0.32968378
0.30881693
0.28814427
0.26786649
0.24812551
0.22906446
0.21084061
0.19346895
0.17714256
0.16167812
0.14665884
0.13192566
0.11914124
0.10740865
0.096076652
0.085285538
0.074956917
0.064864303
0.056151839
0.048763944
0.041199228
0.033585249
0.026001328
0.020880851
0.015051785
0.0087984252
0.0038914737
-0.00057172182
-0.0058566923
-0.0097724345
-0.013719651
-0.01832745
-0.021172383
-0.025495066
-0.028265383
-0.031218828
-0.030989446
-0.033882181
-0.033899493
-0.035320746
-0.037413918
-0.037159622
-0.039623628
-0.039973501
-0.040822696
-0.04359072
-0.042841736
-0.044563623
-0.046359672
-0.046231439
-0.048074309
-0.049300514
-0.049512724
-0.051301464
-0.052416882
-0.052678183
-0.054302587
-0.055708744
-0.055779501
-0.057103972
-0.059195775
-0.058878081
-0.060022228
-0.061668393
-0.062542916
-0.062963965
-0.064138915
-0.065823249
-0.066319176
-0.066969936
-0.068087102
-0.069574345
-0.070430366
-0.070864174
-0.071891777
-0.072984339
-0.074419141
-0.07496356
-0.075580808
-0.076520995
-0.077489589
-0.078497067
-0.079797814
-0.080144394
-0.080845073
-0.081625218
-0.082409884
-0.083200668
-0.083942664
-0.084732597
-0.085449454
-0.086306758
-0.08654961
-0.087087903
-0.0875666
-0.088017061
-0.088416286
-0.088766745
-0.089063356
-0.089296145
-0.089464498
-0.089565221
-0.089592974
-0.089564282
-0.089429701
-0.089281072
-0.088954477
0.49993487
0.49859658
0.49396588
0.48840757
0.48005907
0.47003874
0.45790365
0.44365322
0.42759727
0.40997647
0.39108082
0.37122823
0.35074072
0.32992401
0.30905664
0.28837875
0.2680921
0.24833952
0.22926677
0.21102922
0.19364511
0.17730412
0.1618263
0.14679832
0.13205432
0.11925196
0.10750793
0.096167949
0.085369108
0.075034525
0.064935216
0.056211709
0.048816133
0.041249302
0.033633423
0.026043111
0.02091414
0.015086175
0.0088303867
0.0039175975
-0.00054675807
-0.0058327631
-0.0097528747
-0.013700009
-0.018309546
-0.021157103
-0.025479449
-0.028251314
-0.031207928
-0.030978737
-0.033865847
-0.03389224
-0.035305997
-0.037402425
-0.037151171
-0.039609594
-0.039966999
-0.040809996
-0.043578519
-0.042837496
-0.04455065
-0.046350368
-0.046225127
-0.048062667
-0.049292869
-0.049505836
-0.051290792
-0.052409823
-0.052671832
-0.054292551
-0.055701389
-0.055774509
-0.05709439
-0.059187374
-0.05887429
-0.060014459
-0.061660124
-0.062537093
-0.062958789
-0.064131457
-0.065815751
-0.06631424
-0.066964611
-0.068080508
-0.069567402
-0.070425053
-0.070859438
-0.071886215
-0.072978234
-0.074412938
-0.074958916
-0.075576071
-0.07651591
-0.077484509
-0.07849159
-0.079792343
-0.080140142
-0.080840537
-0.081620639
-0.082405323
-0.083196157
-0.083938177
-0.084728149
-0.085444908
-0.086302213
-0.086545652
-0.08708378
-0.087562531
-0.088013028
-0.088412293
-0.088762788
-0.089059435
-0.089292259
-0.089460641
-0.089561391
-0.089589165
-0.089560491
-0.089425921
-0.08927731
-0.088950642
0.49991012
0.49858437
0.49397057
0.48843245
0.48011421
0.47011874
0.45801618
0.4438019
0.42778095
0.41019244
0.39132435
0.37149327
0.35102041
0.33021138
0.30934506
0.28866238
0.26836623
0.2486006
0.22951392
0.2112594
0.19385952
0.17750031
0.16200448
0.14696481
0.13220804
0.1193841
0.10762618
0.096276503
0.085468283
0.075126474
0.065019385
0.056282919
0.048878054
0.041308558
0.033690344
0.026092832
0.020953652
0.015126831
0.0088683185
0.0039486623
-0.00051721048
-0.0058043087
-0.0097296028
-0.013676739
-0.018288175
-0.021138966
-0.025460802
-0.028234639
-0.031194565
-0.030966179
-0.033846192
-0.033883492
-0.035288639
-0.037388429
-0.037141231
-0.039592755
-0.039959073
-0.040795163
-0.043563648
-0.042832364
-0.04453534
-0.046339024
-0.046217608
-0.04804882
-0.049283534
-0.049497638
-0.051278057
-0.052401189
-0.05266424
-0.054280608
-0.05569239
-0.055768471
-0.057083064
-0.059177109
-0.058869616
-0.060005202
-0.061650174
-0.06252995
-0.062952508
-0.064122551
-0.065806657
-0.066308167
-0.066958141
-0.068072586
-0.069558995
-0.070418511
-0.070853634
-0.071879461
-0.072970857
-0.074405356
-0.074953172
-0.075570247
-0.076509687
-0.077478295
-0.078484914
-0.079785596
-0.080134855
-0.080834925
-0.081614979
-0.082399682
-0.083190569
-0.083932616
-0.084722627
-0.085439267
-0.086296539
-0.08654069
-0.087078619
-0.087557433
-0.088007969
-0.088407279
-0.088757815
-0.089054503
-0.089287365
-0.089455781
-0.089556563
-0.089584362
-0.089555713
-0.089421157
-0.089272569
-0.088945815
0.49987538
0.49856606
0.49397132
0.48845655
0.48017296
0.47020624
0.45814126
0.44396894
0.42798902
0.41043887
0.39160412
0.37179984
0.35134618
0.33054844
0.30968574
0.28899972
0.26869434
0.24891506
0.22981241
0.21153783
0.19411848
0.17773769
0.16221801
0.14716315
0.13239129
0.11954146
0.10776668
0.096405265
0.085585697
0.075235144
0.065119007
0.056367358
0.048951306
0.041378482
0.033757412
0.026151784
0.021000397
0.015174751
0.00891318
0.0039854683
-0.0004823478
-0.0057705991
-0.0097020146
-0.013649262
-0.018262767
-0.021117513
-0.025438634
-0.028214953
-0.031178351
-0.030951503
-0.033822676
-0.033872991
-0.035268275
-0.037371506
-0.037129566
-0.039572662
-0.039949469
-0.040777872
-0.043545662
-0.042826176
-0.044517327
-0.046325293
-0.046208677
-0.048032415
-0.049272219
-0.049487912
-0.051262931
-0.052390714
-0.052655197
-0.054266452
-0.055681476
-0.055761204
-0.057069717
-0.059164677
-0.058863905
-0.059994216
-0.061638269
-0.062521268
-0.062944935
-0.064111962
-0.065795707
-0.066300765
-0.066950337
-0.068063117
-0.069548883
-0.070410536
-0.070846583
-0.071871314
-0.072961997
-0.07439617
-0.074946145
-0.075563155
-0.076502132
-0.077470753
-0.078476838
-0.079777361
-0.080128362
-0.080828061
-0.081608058
-0.082392782
-0.083183728
-0.083925803
-0.084715855
-0.08543235
-0.086289552
-0.08653456
-0.087072252
-0.087551137
-0.088001718
-0.088401079
-0.088751661
-0.089048395
-0.089281301
-0.089449757
-0.089550577
-0.089578407
-0.089549788
-0.089415251
-0.089266691
-0.088939839
0.49982843
0.4985393
0.4939664
0.48847808
0.4802338
0.47030002
0.45827796
0.44415368
0.42822106
0.41071551
0.39192012
0.37214816
0.35171862
0.3309363
0.31008047
0.28939338
0.26907998
0.24928736
0.23016729
0.21187095
0.19442792
0.17802373
0.1624742
0.14739876
0.13260906
0.11972844
0.10793332
0.096557787
0.085724564
0.075363447
0.065236767
0.056467346
0.049037862
0.041460909
0.033836345
0.026221547
0.021055612
0.015231149
0.0089661371
0.0040289883
-0.00044128485
-0.0057307544
-0.0096693798
-0.013616876
-0.018232642
-0.021092187
-0.025412351
-0.028191748
-0.031158794
-0.030934385
-0.033794659
-0.033860407
-0.035244425
-0.037351148
-0.037115886
-0.039548783
-0.039937876
-0.04075774
-0.043524035
-0.042818729
-0.044496182
-0.04630876
-0.046198085
-0.048013038
-0.049258582
-0.049476397
-0.051245024
-0.05237808
-0.052644457
-0.054249724
-0.055668319
-0.055752494
-0.057054026
-0.05914971
-0.058856969
-0.059981216
-0.061624082
-0.06251078
-0.062935848
-0.064099413
-0.065782587
-0.066291805
-0.066940978
-0.06805185
-0.06953678
-0.070400884
-0.070838081
-0.071861546
-0.072951411
-0.074385108
-0.074937618
-0.075554587
-0.076493029
-0.077461665
-0.07846713
-0.079767392
-0.080120461
-0.080819735
-0.081599665
-0.082384413
-0.083175422
-0.083917528
-0.084707623
-0.085423947
-0.086281034
-0.086527068
-0.087064477
-0.087543446
-0.087994077
-0.088393495
-0.08874413
-0.089040917
-0.089273875
-0.089442376
-0.08954324
-0.089571107
-0.089542523
-0.089408011
-0.089259486
-0.088932522
0.49976613
0.49850142
0.49395372
0.48849495
0.48029501
0.47039885
0.45842549
0.44435578
0.42847715
0.41102279
0.39227297
0.37253899
0.35213853
0.33137583
0.31053028
0.28984474
0.26952506
0.24972013
0.2305818
0.21226386
0.194793
0.17836413
0.162782
0.14767928
0.13286716
0.11995003
0.10813056
0.096738176
0.085888647
0.075514821
0.065375852
0.056585647
0.04914008
0.04155802
0.033929197
0.026304021
0.021120785
0.015297477
0.0090285827
0.0040803884
-0.00039296741
-0.0056837285
-0.0096308294
-0.013578757
-0.018196994
-0.02106233
-0.025381257
-0.028164428
-0.031135311
-0.030914447
-0.033761398
-0.033845346
-0.035216536
-0.03732675
-0.037099848
-0.0395205
-0.039923922
-0.040734323
-0.043498148
-0.042809783
-0.044471414
-0.04628894
-0.046185547
-0.047990211
-0.049242215
-0.049462792
-0.051223884
-0.052362907
-0.052631735
-0.054230007
-0.055652522
-0.055742097
-0.057035629
-0.059131767
-0.058848587
-0.059965892
-0.061607236
-0.062498172
-0.062924996
-0.064084591
-0.065766934
-0.066281014
-0.066929802
-0.068038489
-0.06952236
-0.070389269
-0.070827882
-0.07184989
-0.072938818
-0.074371865
-0.074927339
-0.075544299
-0.076482122
-0.077450776
-0.078455527
-0.079755405
-0.080110912
-0.080809699
-0.081589552
-0.082374328
-0.083165407
-0.083907548
-0.084697687
-0.085413811
-0.08627073
-0.086517984
-0.087055056
-0.087534123
-0.08798481
-0.088384294
-0.088734989
-0.089031837
-0.089264853
-0.089433408
-0.089534323
-0.089562233
-0.089533692
-0.089399213
-0.08925073
-0.088923639
0.49968462
0.49844882
0.4939304
0.48850457
0.48035457
0.47050128
0.45858301
0.44457511
0.42875778
0.41136181
0.39266425
0.37297422
0.35260793
0.331869
0.311037
0.29035544
0.27003117
0.250215
0.23105878
0.21271863
0.19521831
0.17876141
0.16314845
0.14801405
0.13317352
0.12021214
0.1083634
0.096950999
0.086082183
0.075693202
0.065539968
0.056725495
0.049260728
0.041672384
0.034038378
0.026401452
0.021197682
0.015375444
0.0091021615
0.0041410502
-0.00033615201
-0.0056282893
-0.0095853378
-0.013533933
-0.018154878
-0.021027174
-0.025344534
-0.028132298
-0.031107207
-0.030891254
-0.033722038
-0.033827342
-0.035183968
-0.037297599
-0.037081046
-0.039487089
-0.039907162
-0.040707111
-0.043467275
-0.042799049
-0.044442461
-0.04626526
-0.046170735
-0.047963387
-0.049222637
-0.049446762
-0.051198994
-0.052344749
-0.052616704
-0.054206831
-0.05563363
-0.055729713
-0.057014106
-0.059110351
-0.058838496
-0.059947878
-0.061587304
-0.062483082
-0.062912081
-0.064067142
-0.065748342
-0.066268084
-0.066916499
-0.068022692
-0.069505253
-0.070375368
-0.070815694
-0.071836027
-0.072923894
-0.074356088
-0.074915015
-0.075531999
-0.07646911
-0.077437787
-0.078441722
-0.079741069
-0.080099443
-0.08079767
-0.081577435
-0.082362242
-0.083153399
-0.083895579
-0.084685763
-0.085401655
-0.086258343
-0.086507039
-0.087043711
-0.087522893
-0.087973645
-0.088373204
-0.088723967
-0.089020884
-0.089253969
-0.089422586
-0.089523562
-0.089551524
-0.089523034
-0.089388596
-0.089240163
-0.088912932
0.49957938
0.49837738
0.49389284
0.48850368
0.48040986
0.47060545
0.45874947
0.44481144
0.42906366
0.41173409
0.39309624
0.37345672
0.3531301
0.33241931
0.31160405
0.29092868
0.27060115
0.25077419
0.23160343
0.21323309
0.19570742
0.17921708
0.16357547
0.14841113
0.13353784
0.12052275
0.10863822
0.09720151
0.086309895
0.075902982
0.065733336
0.05689063
0.049403023
0.041806993
0.034166712
0.02651649
0.021288388
0.015467063
0.0091888172
0.0042126119
-0.0002693676
-0.00556298
-0.0095316897
-0.01348126
-0.018105175
-0.02098581
-0.025301221
-0.028094534
-0.031073649
-0.030864294
-0.033675588
-0.033805842
-0.035145989
-0.037262852
-0.037059001
-0.039447708
-0.039887067
-0.040675517
-0.043430558
-0.042786193
-0.044408691
-0.046237042
-0.046153257
-0.04793194
-0.049199286
-0.0494279
-0.051169764
-0.052323088
-0.052598972
-0.054179655
-0.055611125
-0.055714981
-0.056988969
-0.059084898
-0.058826382
-0.059926731
-0.061563792
-0.062465097
-0.062896747
-0.064046638
-0.065726336
-0.066252653
-0.066900716
-0.068004065
-0.069485023
-0.070358798
-0.070801187
-0.071819592
-0.072906256
-0.074337362
-0.0749003
-0.075517349
-0.076453638
-0.077422344
-0.07842535
-0.079723995
-0.080085728
-0.080783312
-0.081562975
-0.08234782
-0.083139062
-0.083881287
-0.084671517
-0.085387141
-0.086243524
-0.086493921
-0.08703012
-0.087509436
-0.087960262
-0.088359907
-0.088710749
-0.089007746
-0.08924091
-0.089409599
-0.089510645
-0.089538671
-0.089510242
-0.089375857
-0.089227482
-0.088900096
0.4994449
0.49828194
0.49383645
0.48848806
0.4804574
0.47070876
0.45892317
0.44506417
0.42939525
0.4121412
0.39357152
0.37398998
0.35370922
0.33303142
0.3122364
0.29156941
0.27123972
0.25140215
0.23221776
0.21381325
0.1962637
0.1797355
0.16406272
0.14887384
0.13396849
0.12089114
0.10896336
0.097496851
0.086577495
0.076149163
0.065960668
0.057085278
0.049570627
0.041965293
0.034317481
0.026652252
0.021395365
0.015574704
0.0092908484
0.0042970168
-0.00019087177
-0.005486073
-0.0094684396
-0.013419384
-0.018046556
-0.02093716
-0.02525018
-0.028050166
-0.031033636
-0.030832959
-0.033620886
-0.033780177
-0.035101761
-0.037221511
-0.037033147
-0.039401371
-0.039862996
-0.040638864
-0.043386982
-0.042770776
-0.044369363
-0.046203497
-0.046132632
-0.04789514
-0.049171503
-0.049405716
-0.051135502
-0.05229732
-0.052578076
-0.054147845
-0.055584394
-0.055697494
-0.056959656
-0.059054733
-0.058811879
-0.059901949
-0.061536114
-0.06244372
-0.062878576
-0.064022586
-0.065700352
-0.066234289
-0.066882033
-0.067982143
-0.069461157
-0.070339106
-0.070783964
-0.071800153
-0.072885459
-0.074315198
-0.074882789
-0.075499952
-0.076435296
-0.077404036
-0.078405985
-0.079703726
-0.080069387
-0.080766232
-0.08154578
-0.082330669
-0.083122005
-0.083864282
-0.084654557
-0.085369876
-0.086225865
-0.086478262
-0.087013905
-0.087493377
-0.087944287
-0.088344032
-0.088694964
-0.088992053
-0.08922531
-0.089394084
-0.089495214
-0.089523316
-0.089494961
-0.089360641
-0.089212335
-0.088884779
0.49927451
0.49815606
0.49375538
0.48845229
0.48049259
0.4708076
0.45910159
0.44533194
0.4297525
0.41258436
0.39409257
0.37457761
0.35434993
0.33371074
0.31293998
0.29228388
0.27195318
0.25210522
0.23290282
0.21446997
0.19689019
0.18032209
0.16461301
0.14940163
0.13446974
0.12132538
0.10934751
0.097845859
0.086892834
0.07643831
0.066227539
0.057314247
0.049767622
0.042151149
0.034494412
0.026812352
0.021521488
0.015701133
0.0094109645
0.0043965678
-9.8604074e-05
-0.005395518
-0.009393865
-0.013346697
-0.017977441
-0.02087994
-0.025190062
-0.027998041
-0.03098596
-0.030796515
-0.033556575
-0.033749539
-0.035050319
-0.037172386
-0.037002809
-0.039346927
-0.03983417
-0.040596378
-0.043335351
-0.042752232
-0.044323581
-0.04616367
-0.046108271
-0.047852111
-0.049138493
-0.049379631
-0.051095398
-0.052266715
-0.052553471
-0.054110659
-0.055552698
-0.055676758
-0.056925518
-0.059019054
-0.058794539
-0.059872946
-0.061503585
-0.062418361
-0.06285708
-0.063994409
-0.065669728
-0.066212478
-0.066859957
-0.067956384
-0.069433052
-0.070315757
-0.07076356
-0.071777205
-0.072860981
-0.074289023
-0.074862001
-0.075479345
-0.076413599
-0.077382379
-0.078383131
-0.07967973
-0.080049973
-0.080745972
-0.081525388
-0.082310328
-0.083101769
-0.083844109
-0.084634427
-0.0853494
-0.086204893
-0.086459635
-0.086994623
-0.087474279
-0.087925286
-0.088325145
-0.088676182
-0.088973379
-0.089206744
-0.089375617
-0.089476846
-0.08950504
-0.089476773
-0.089342537
-0.08919431
-0.088866571
0.49906012
0.49799175
0.49364224
0.48838943
0.48050937
0.47089709
0.45928103
0.44561243
0.43013452
0.41306421
0.39466149
0.3752231
0.35505692
0.33446301
0.31372136
0.29307923
0.27274898
0.2528907
0.2336676
0.21520707
0.19759233
0.18098191
0.16523245
0.14999569
0.13504117
0.12182965
0.10979796
0.098256972
0.08726484
0.076778929
0.066541577
0.057583698
0.049998791
0.04236888
0.03470163
0.027000875
0.021670036
0.015849526
0.0095523211
0.0045139701
9.8570245e-06
-0.005288892
-0.009305919
-0.013261293
-0.017895947
-0.020812621
-0.025119259
-0.027936792
-0.03092917
-0.030754074
-0.033481057
-0.033712934
-0.034990542
-0.037114066
-0.03696718
-0.039283035
-0.039799633
-0.040547165
-0.043274256
-0.042729888
-0.044270323
-0.046116411
-0.046079448
-0.047801812
-0.049099283
-0.049348909
-0.051048463
-0.05223039
-0.052524484
-0.054067224
-0.055515157
-0.055652166
-0.056885796
-0.058976921
-0.058773821
-0.059839043
-0.061465405
-0.06238832
-0.062831675
-0.06396144
-0.065633691
-0.066186612
-0.066833907
-0.067926156
-0.069400008
-0.070288121
-0.070739426
-0.071750158
-0.072832214
-0.074258171
-0.074837373
-0.075454982
-0.076387984
-0.077356809
-0.07835621
-0.079651383
-0.080026963
-0.080721995
-0.081501261
-0.082286261
-0.08307782
-0.083820234
-0.084610591
-0.085325176
-0.086180052
-0.086437539
-0.086971758
-0.08745163
-0.087902749
-0.088302742
-0.088653901
-0.088951223
-0.089184716
-0.089353706
-0.089455052
-0.089483357
-0.089455196
-0.089321063
-0.089172928
-0.088844996
0.49879197
0.49777911
0.49348774
0.48829071
0.48049996
0.47097077
0.45945637
0.44590203
0.43053936
0.41358049
0.39527971
0.37592947
0.3558347
0.33529401
0.31458736
0.2939631
0.27363531
0.25376705
0.23452264
0.21603184
0.19837909
0.18172197
0.16592817
0.15066254
0.13568435
0.1224039
0.11031777
0.098736686
0.087701702
0.077179756
0.066911908
0.057901933
0.050270909
0.042623955
0.03494392
0.027222414
0.021844643
0.016023424
0.0097185097
0.0046523449
0.00013731733
-0.0051633583
-0.0092021859
-0.013160925
-0.017799839
-0.020733381
-0.025035859
-0.027864788
-0.030861518
-0.030704556
-0.033392451
-0.033669131
-0.034921121
-0.03704487
-0.03692528
-0.039208133
-0.03975822
-0.04049018
-0.043202039
-0.04270293
-0.044208441
-0.04606036
-0.046045323
-0.047743058
-0.049052713
-0.04931269
-0.05099354
-0.052187268
-0.052490267
-0.054016464
-0.055470724
-0.055622956
-0.056839553
-0.058927219
-0.05874905
-0.059799418
-0.061420631
-0.062352765
-0.06280166
-0.063922898
-0.065591339
-0.066155966
-0.066803195
-0.067890721
-0.069361207
-0.070255456
-0.070710914
-0.071718319
-0.072798449
-0.07422186
-0.074808237
-0.07542622
-0.076357788
-0.077326664
-0.078324547
-0.079617954
-0.079999737
-0.080693669
-0.081472766
-0.08225784
-0.083049528
-0.083792033
-0.084582425
-0.085296579
-0.086150691
-0.086411386
-0.08694471
-0.087424835
-0.087876082
-0.088276231
-0.088627533
-0.088925002
-0.089158645
-0.089327774
-0.08942926
-0.0894577
-0.089429665
-0.089295662
-0.089147632
-0.088819497
0.49845824
0.49750592
0.49328028
0.48814508
0.48045438
0.47102016
0.45962063
0.44619547
0.43096364
0.41413174
0.39594774
0.37669912
0.35668738
0.33620938
0.3155449
0.29494339
0.27462084
0.25474353
0.23547707
0.21695378
0.1992599
0.18255152
0.16670858
0.15141045
0.13640569
0.1230505
0.11090714
0.099287244
0.08820877
0.077648546
0.067347418
0.058277897
0.050592433
0.042924094
0.035227968
0.027482714
0.022049557
0.016226748
0.0099134981
0.0048151847
0.00028693408
-0.0050156647
-0.0090798612
-0.013042978
-0.017686488
-0.020640073
-0.024937598
-0.027780094
-0.030780907
-0.030646662
-0.033288547
-0.033616602
-0.034840524
-0.036962795
-0.036875919
-0.039120391
-0.039708504
-0.040424196
-0.043116741
-0.042670333
-0.044136602
-0.045993898
-0.046004896
-0.047674498
-0.048997403
-0.049269996
-0.050929329
-0.052136073
-0.052449846
-0.053957143
-0.055418127
-0.055588215
-0.056785678
-0.058868609
-0.058719395
-0.059753048
-0.061368101
-0.062310689
-0.06276616
-0.06387781
-0.065541593
-0.066119667
-0.066766989
-0.067849193
-0.069315685
-0.070216882
-0.070677251
-0.071680865
-0.072758857
-0.07417918
-0.074773807
-0.075392303
-0.076322232
-0.077291168
-0.078287353
-0.079578592
-0.07996757
-0.080660256
-0.081439165
-0.082224327
-0.083016159
-0.083758775
-0.084549196
-0.085262875
-0.086116053
-0.086380488
-0.086912772
-0.087393196
-0.087844592
-0.088244923
-0.088596393
-0.088894036
-0.089127857
-0.089297151
-0.089398803
-0.089427406
-0.089399523
-0.089265682
-0.089117773
-0.088789432
0.49804466
0.49715721
0.49300546
0.48793878
0.48036003
0.47103431
0.45976457
0.44648539
0.43140209
0.41471492
0.39666476
0.37753343
0.35761838
0.33721435
0.31660077
0.29602819
0.27571459
0.25582983
0.23654102
0.21798331
0.20024498
0.18348061
0.16758344
0.1522485
0.13721413
0.12377683
0.11156998
0.099909241
0.08878673
0.078188954
0.067854955
0.05872017
0.05097165
0.043277794
0.035562312
0.027789876
0.022290854
0.016464459
0.010141882
0.0050063887
0.00046214855
-0.0048422049
-0.0089357914
-0.012904486
-0.017552849
-0.020530196
-0.024821827
-0.027680435
-0.030684832
-0.030578836
-0.033166772
-0.033553455
-0.034746968
-0.036865449
-0.036817645
-0.039017675
-0.039648742
-0.040347775
-0.043016044
-0.042630812
-0.04405325
-0.045915092
-0.045956937
-0.047594547
-0.048931704
-0.049219646
-0.050854324
-0.052075293
-0.052402114
-0.053887893
-0.055355853
-0.055546884
-0.05672296
-0.058799505
-0.058683856
-0.059698782
-0.061306455
-0.062260874
-0.062724138
-0.06382501
-0.065483136
-0.066076653
-0.066724267
-0.067800462
-0.06926225
-0.070171336
-0.070637496
-0.071636789
-0.072712428
-0.074129044
-0.074733142
-0.075352326
-0.076280389
-0.077249397
-0.078243702
-0.079532298
-0.079929602
-0.080620885
-0.081399591
-0.082184861
-0.082976854
-0.083719607
-0.084510045
-0.085223209
-0.086075251
-0.08634404
-0.08687512
-0.087355897
-0.087807466
-0.088208013
-0.088559682
-0.08885753
-0.089091564
-0.089261054
-0.089362903
-0.089391706
-0.089364004
-0.089230365
-0.089082593
-0.088754051
0.49753407
0.49671468
0.49264554
0.48765477
0.48020106
0.47099927
0.4598761
0.44676182
0.43184708
0.4153249
0.39742823
0.37843238
0.35863006
0.33831347
0.31776142
0.29722549
0.27692579
0.25703607
0.23772518
0.21913144
0.20134553
0.18452037
0.16856337
0.15318719
0.13812002
0.12459274
0.11231432
0.10060661
0.089437471
0.078800644
0.068435567
0.059233811
0.051415602
0.043693019
0.035955409
0.028153097
0.022576601
0.016743764
0.010410159
0.0052309689
0.0006669754
-0.0046389731
-0.0087665466
-0.012742214
-0.01739552
-0.020400927
-0.024685512
-0.027563182
-0.030570329
-0.030499239
-0.033024178
-0.033477369
-0.034638414
-0.036750004
-0.036748702
-0.038897514
-0.0395768
-0.040259251
-0.042897214
-0.042582756
-0.043956587
-0.045821629
-0.045899929
-0.047501342
-0.048853628
-0.049160189
-0.050766736
-0.052003108
-0.052345705
-0.053807109
-0.055282126
-0.055497681
-0.056650032
-0.05871806
-0.058641219
-0.059635352
-0.061234163
-0.062201881
-0.062674399
-0.063763213
-0.065414442
-0.066025656
-0.066673839
-0.067743258
-0.069199502
-0.070117531
-0.070590518
-0.071584875
-0.072657919
-0.074070129
-0.0746851
-0.075305191
-0.076231122
-0.077200209
-0.078192458
-0.079477878
-0.079884805
-0.080574516
-0.081353006
-0.082138416
-0.082930592
-0.08367352
-0.084463967
-0.085176582
-0.086027247
-0.086301095
-0.086830787
-0.087311984
-0.087763757
-0.088164557
-0.088516463
-0.088814556
-0.089048843
-0.089218568
-0.089320655
-0.0893497
-0.089322217
-0.089188831
-0.089041212
-0.088712485
0.49690575
0.4961561
0.49217879
0.4872721
0.47995786
0.47089743
0.45993966
0.44701151
0.432288
0.41595387
0.39823325
0.37939399
0.35972329
0.33951019
0.31903257
0.29854297
0.27826369
0.25837266
0.23904083
0.22040993
0.20257346
0.18568268
0.16966009
0.15423772
0.13913463
0.12550933
0.11314973
0.10138797
0.090167738
0.079486951
0.069090071
0.059818446
0.051925971
0.044174522
0.036414359
0.028581215
0.022915059
0.01707282
0.010726954
0.0054963384
0.00090736667
-0.0044007376
-0.0085680551
-0.0125526
-0.017210805
-0.020249211
-0.024525309
-0.027425404
-0.030433968
-0.030405756
-0.0328575
-0.033385571
-0.034512594
-0.036613169
-0.036666986
-0.038757096
-0.039490091
-0.040156728
-0.042757072
-0.042524166
-0.043844575
-0.04571076
-0.045832026
-0.047392712
-0.048760783
-0.049089862
-0.050664456
-0.051917325
-0.052278952
-0.053712877
-0.055194825
-0.055439031
-0.056565251
-0.0586221
-0.058589996
-0.059561233
-0.06114943
-0.062132016
-0.062615511
-0.063690957
-0.065333782
-0.065965173
-0.066614328
-0.067676181
-0.069125881
-0.070053958
-0.070534997
-0.07152375
-0.072593921
-0.07400089
-0.074628323
-0.0752496
-0.0761731
-0.077142262
-0.07813225
-0.079413886
-0.079831933
-0.080519889
-0.081298149
-0.082083735
-0.082876124
-0.083619288
-0.084409747
-0.085121802
-0.085970815
-0.086250533
-0.086778634
-0.087260334
-0.087712353
-0.088113457
-0.088465644
-0.088764029
-0.088998621
-0.089168627
-0.089270998
-0.08930034
-0.089273121
-0.089140049
-0.088992603
-0.088663723
0.49613482
0.49545464
0.49157885
0.4867653
0.47960623
0.47070679
0.45993551
0.44721721
0.43271047
0.41659061
0.39907193
0.38041375
0.36089681
0.34080633
0.3204188
0.2999876
0.2797372
0.25985006
0.24049952
0.22183108
0.20394159
0.18698054
0.17088625
0.15541222
0.14026988
0.12653897
0.11408741
0.10226502
0.090987292
0.080256472
0.069824426
0.060476733
0.052503281
0.04472139
0.036940515
0.029079685
0.023313226
0.017459275
0.011101075
0.0058109745
0.0011912022
-0.0041197141
-0.0083339926
-0.012330752
-0.016994247
-0.020071617
-0.024337609
-0.027263962
-0.030271911
-0.030296066
-0.032663313
-0.033274848
-0.03436711
-0.036451224
-0.036570032
-0.038593332
-0.039385548
-0.04003812
-0.042592018
-0.0424526
-0.043714969
-0.045579263
-0.045751004
-0.047266191
-0.048650324
-0.049006565
-0.050545051
-0.051815318
-0.05219985
-0.053602949
-0.055091403
-0.055369004
-0.056466665
-0.058509033
-0.058528352
-0.059474598
-0.06105009
-0.062049241
-0.062545734
-0.063606463
-0.0652391
-0.065893403
-0.066544079
-0.067597544
-0.06903955
-0.069978856
-0.070469373
-0.071451825
-0.072518868
-0.073919581
-0.074561216
-0.075184056
-0.076104802
-0.07707405
-0.078061548
-0.079338642
-0.079769517
-0.080455528
-0.081233549
-0.082019354
-0.082811987
-0.083555451
-0.084345906
-0.085057409
-0.085904471
-0.086191001
-0.086717281
-0.08719959
-0.087651923
-0.088053407
-0.088405937
-0.088704673
-0.088939634
-0.089109982
-0.089212698
-0.089242404
-0.089215502
-0.089082823
-0.088935569
-0.088606588
0.49519142
0.49457816
0.49081397
0.48610358
0.47911675
0.47040018
0.45983889
0.44735687
0.43309559
0.41721968
0.39993255
0.38148376
0.36214653
0.34220143
0.321923
0.30156517
0.28135458
0.26147846
0.24211297
0.22340766
0.20546325
0.18842761
0.17225557
0.15672402
0.14153885
0.12769475
0.11514006
0.10324943
0.091907042
0.081119921
0.070647595
0.061216491
0.053152943
0.045335453
0.037533699
0.029647368
0.023771666
0.017907565
0.011539088
0.0061832853
0.0015261741
-0.0037873564
-0.0080560067
-0.012069065
-0.016738925
-0.019863126
-0.024117839
-0.027075242
-0.030079898
-0.030167588
-0.032438172
-0.03314153
-0.034199559
-0.036260149
-0.036455066
-0.038403034
-0.039259671
-0.039901267
-0.042398155
-0.042365161
-0.043565413
-0.045423462
-0.045654249
-0.047119075
-0.048518948
-0.048907853
-0.050405798
-0.051694001
-0.052106033
-0.053474759
-0.054968838
-0.055285268
-0.056352021
-0.058375803
-0.058454031
-0.059373308
-0.060933578
-0.061951093
-0.062462963
-0.063507595
-0.065127924
-0.065808162
-0.066461091
-0.0675053
-0.068938293
-0.069890106
-0.070391767
-0.071367168
-0.072430857
-0.073824136
-0.074481885
-0.075106771
-0.076024415
-0.076993785
-0.077978603
-0.07925023
-0.079695844
-0.080379739
-0.081157523
-0.081943614
-0.082736524
-0.083480352
-0.084270748
-0.084981711
-0.085826475
-0.086120901
-0.086645109
-0.087128153
-0.087580874
-0.087982823
-0.088335776
-0.088634944
-0.08887036
-0.089041147
-0.089144302
-0.089174458
-0.08914794
-0.089015749
-0.088868712
-0.088539717
0.49403985
0.49348845
0.48984632
0.48525016
0.47845386
0.46994438
0.45961912
0.44740266
0.43341889
0.41782043
0.4007986
0.38259185
0.36346466
0.34369195
0.32354555
0.30327963
0.28312281
0.26326737
0.24389264
0.22515258
0.20715246
0.19003855
0.17378269
0.1581873
0.14295555
0.12899106
0.11632123
0.1043534
0.092939236
0.082088637
0.071570297
0.06204862
0.0538838
0.046023431
0.03819872
0.030285539
0.02429162
0.01841496
0.012037549
0.0066189311
0.0019181851
-0.0033964657
-0.0077263593
-0.011759475
-0.016436102
-0.019616048
-0.023858696
-0.026853609
-0.029852271
-0.030016433
-0.032177973
-0.03298073
-0.034007122
-0.036035558
-0.036318869
-0.038183044
-0.039108511
-0.039743977
-0.042171451
-0.04225848
-0.043393614
-0.045239362
-0.045538808
-0.046948598
-0.048362986
-0.048791
-0.050243812
-0.051549866
-0.051994786
-0.053325487
-0.054823644
-0.055185083
-0.056218829
-0.0582189
-0.058364308
-0.059254931
-0.060796917
-0.061834631
-0.062364678
-0.063391851
-0.064997327
-0.065706804
-0.066362977
-0.067397014
-0.068819465
-0.069785151
-0.070299908
-0.071267448
-0.072327571
-0.073712063
-0.074388033
-0.075015587
-0.075929741
-0.076899291
-0.077881289
-0.079146368
-0.079608866
-0.080290493
-0.081068053
-0.081854527
-0.082647762
-0.083392054
-0.084182341
-0.084892802
-0.08573483
-0.086038386
-0.086560263
-0.087044187
-0.087497365
-0.087899865
-0.08825334
-0.08855304
-0.08878902
-0.088960352
-0.089064055
-0.089094774
-0.089068728
-0.088937159
-0.088790387
-0.088461521
0.49263761
0.49214057
0.48863123
0.48416147
0.47757517
0.46929923
0.45923866
0.44732
0.43364935
0.4183659
0.40164766
0.38372045
0.36483863
0.34527023
0.32528351
0.30513231
0.28504702
0.26522505
0.24584936
0.22707863
0.20902332
0.19182844
0.17548318
0.15981737
0.14453508
0.13044352
0.11764575
0.10559059
0.094097088
0.0831753
0.072604861
0.062985142
0.054706851
0.046795305
0.038943456
0.031000691
0.024879837
0.018982328
0.012598537
0.0071134287
0.0023652085
-0.0029455235
-0.0073408015
-0.011397096
-0.016078151
-0.01932257
-0.023551681
-0.026591088
-0.029580455
-0.029835352
-0.031876249
-0.032784131
-0.033784537
-0.035771246
-0.036156272
-0.037929268
-0.038926682
-0.039563178
-0.04190727
-0.042128159
-0.043197243
-0.045022715
-0.04540133
-0.046752048
-0.048178492
-0.048653028
-0.050056217
-0.051379114
-0.051863132
-0.053152236
-0.054652007
-0.055065367
-0.056064495
-0.058034475
-0.05825601
-0.059116837
-0.060636779
-0.06169644
-0.062247947
-0.0632564
-0.06484396
-0.0655862
-0.06624695
-0.067269871
-0.068679972
-0.069660943
-0.070191075
-0.071149892
-0.072206241
-0.073580384
-0.074276878
-0.074907915
-0.075818149
-0.076787945
-0.077767037
-0.079024312
-0.079506105
-0.080185344
-0.080962694
-0.081749681
-0.082543304
-0.083288205
-0.084078342
-0.084788394
-0.085627166
-0.085941253
-0.086460535
-0.086945518
-0.087399261
-0.087802426
-0.088156538
-0.08845689
-0.088693565
-0.088865544
-0.088969903
-0.089001333
-0.088975877
-0.088845102
-0.088698631
-0.088370078
0.49093451
0.49048218
0.48711657
0.48278651
0.47643059
0.46841671
0.45865212
0.44706647
0.43374821
0.41882165
0.40245015
0.38484535
0.36624982
0.34692335
0.32712943
0.30712091
0.28712947
0.26735771
0.24799259
0.22919787
0.21108994
0.19381284
0.17737329
0.16163037
0.1462934
0.13206899
0.11913
0.10697611
0.095394977
0.084393425
0.073764117
0.06403901
0.055634626
0.047662067
0.039777755
0.031803187
0.02554463
0.019616386
0.013230131
0.0076674444
0.0028674332
-0.0024374143
-0.0069009133
-0.010983949
-0.015661622
-0.018978164
-0.023191593
-0.026280713
-0.02925539
-0.029616023
-0.031527004
-0.032542172
-0.033525056
-0.035458711
-0.035958319
-0.037634962
-0.038705211
-0.039352658
-0.041598437
-0.041966312
-0.042972156
-0.044767751
-0.045236695
-0.046525822
-0.047960456
-0.04848994
-0.049839685
-0.051177418
-0.051707715
-0.052952114
-0.054449902
-0.054922705
-0.05588643
-0.057818507
-0.05812555
-0.058956356
-0.060449661
-0.061532749
-0.062109535
-0.06309823
-0.064664183
-0.065442805
-0.066109897
-0.067120746
-0.068516325
-0.069513928
-0.070062078
-0.071011283
-0.072063655
-0.073425632
-0.074145112
-0.074780706
-0.075686538
-0.076656648
-0.077632798
-0.078880785
-0.079384549
-0.080061349
-0.080838497
-0.081626162
-0.082420256
-0.083165963
-0.08395591
-0.08466572
-0.085500644
-0.085826853
-0.086343267
-0.08682952
-0.087283979
-0.087687962
-0.088042859
-0.088344011
-0.088581549
-0.088754322
-0.088859487
-0.088891808
-0.088867085
-0.088737311
-0.088591154
-0.088263152
0.48887174
0.4884531
0.48524221
0.48106623
0.47496177
0.4672402
0.45780532
0.4465908
0.43366782
0.41914445
0.40316801
0.38593422
0.36767214
0.3486316
0.32906999
0.30923814
0.28936845
0.2696685
0.25032964
0.23152095
0.21336554
0.19600707
0.17946964
0.16364313
0.1482473
0.13388547
0.12079175
0.1085264
0.096848605
0.085758
0.075062199
0.065224147
0.056680433
0.048635527
0.040712922
0.032704038
0.026296788
0.020326969
0.013937398
0.0082902774
0.0034311228
-0.0018703027
-0.0064051538
-0.010519858
-0.015191867
-0.018585583
-0.022780216
-0.025920252
-0.028872329
-0.029353139
-0.031129911
-0.032249055
-0.033225719
-0.035092944
-0.035716633
-0.037294722
-0.038434676
-0.03910541
-0.041237887
-0.041762507
-0.042711811
-0.0444658
-0.045035843
-0.046263502
-0.047700752
-0.048294286
-0.049588217
-0.05093781
-0.051522954
-0.052720828
-0.054211966
-0.054752252
-0.055681219
-0.057566281
-0.05796833
-0.058770512
-0.060231891
-0.061339512
-0.061946016
-0.062914293
-0.064454224
-0.065272729
-0.065948475
-0.066946335
-0.068324787
-0.069340162
-0.069909366
-0.070848082
-0.071896277
-0.073243978
-0.07398897
-0.074630514
-0.075531388
-0.076501828
-0.07747503
-0.07871193
-0.079240584
-0.079915008
-0.080691956
-0.081480511
-0.082275178
-0.083021943
-0.083811645
-0.084521464
-0.085351852
-0.085691972
-0.086205257
-0.086693015
-0.087148387
-0.087553388
-0.087909264
-0.088211413
-0.088450032
-0.0886238
-0.088729969
-0.088763403
-0.088739586
-0.088611071
-0.088465274
-0.088138176
0.48638138
0.48598511
0.4829398
0.47893325
0.47310162
0.46570382
0.45663458
0.44583195
0.43335055
0.41928101
0.40375317
0.3869451
0.36907034
0.3503669
0.33108436
0.31147027
0.29175688
0.2721563
0.25286456
0.2340563
0.21586203
0.1984258
0.18178883
0.16587287
0.15041396
0.13591167
0.12265011
0.11025929
0.09847498
0.087285352
0.076514467
0.066555933
0.057859133
0.049728526
0.041760663
0.033714789
0.027148878
0.021124137
0.014728927
0.008993226
0.0040645348
-0.0012368616
-0.0058473002
-0.0099997697
-0.014668636
-0.018144028
-0.022319014
-0.025513453
-0.028442184
-0.029045612
-0.030687634
-0.03189838
-0.032883239
-0.034673311
-0.035426255
-0.036909567
-0.038111741
-0.038819467
-0.040825878
-0.041510633
-0.042414806
-0.044112778
-0.044791282
-0.045960459
-0.047391903
-0.048057668
-0.049295358
-0.050651372
-0.051299743
-0.052451043
-0.053929569
-0.054545468
-0.055442541
-0.057270434
-0.057776276
-0.058553799
-0.059977934
-0.061110973
-0.0617525
-0.062700444
-0.064209349
-0.065070991
-0.065758548
-0.06674275
-0.068101225
-0.069135348
-0.069729146
-0.070656621
-0.071700424
-0.073031407
-0.073804341
-0.074453611
-0.075348857
-0.076319531
-0.077289772
-0.078513389
-0.079070035
-0.079742336
-0.080519061
-0.081308757
-0.082104098
-0.082852227
-0.083641567
-0.084351694
-0.0851767
-0.085532713
-0.08604265
-0.086532174
-0.086988713
-0.087394987
-0.0877521
-0.088055501
-0.088295482
-0.088470495
-0.088577913
-0.088612737
-0.088590038
-0.08846311
-0.088317751
-0.087992051
0.48338618
0.48300211
0.48013277
0.47631173
0.47077416
0.46373212
0.45506609
0.44471834
0.43272785
0.41916681
0.40414626
0.38782477
0.37039831
0.35209094
0.3331424
0.31379531
0.2942806
0.27481418
0.25559682
0.23680882
0.21858889
0.20108227
0.18434679
0.16833676
0.15281094
0.13816701
0.12472547
0.112194
0.10029242
0.088993144
0.078137535
0.068051037
0.059187113
0.050955473
0.042933825
0.034847802
0.028114131
0.02201879
0.015615143
0.0097871899
0.0047772036
-0.00052738403
-0.0052179846
-0.009416428
-0.014083945
-0.017647165
-0.02180461
-0.025059281
-0.027961232
-0.028689537
-0.030207882
-0.031493352
-0.032501146
-0.034208925
-0.035088256
-0.036488515
-0.037741758
-0.038495854
-0.040368796
-0.041204305
-0.042079997
-0.043708805
-0.044497977
-0.045616553
-0.047032866
-0.04777683
-0.04896111
-0.050315822
-0.051034023
-0.052140974
-0.053598748
-0.054296284
-0.055166395
-0.056925471
-0.057540753
-0.058299657
-0.05968019
-0.060837935
-0.061520347
-0.062449284
-0.063921824
-0.064829281
-0.065532993
-0.06650338
-0.067839206
-0.068893418
-0.069516189
-0.070432115
-0.071471372
-0.072783021
-0.073586145
-0.074245491
-0.075134423
-0.07610525
-0.077072707
-0.078280512
-0.078868359
-0.079539059
-0.080315462
-0.081106547
-0.081902613
-0.082652428
-0.08344114
-0.084151847
-0.084970376
-0.085344438
-0.085850896
-0.086342465
-0.086800493
-0.087208354
-0.08756702
-0.087871965
-0.088113619
-0.088290162
-0.088399121
-0.088435684
-0.088414377
-0.088289461
-0.088144658
-0.087821036
0.47980015
0.47942063
0.47673683
0.47311777
0.46789488
0.46124024
0.45301588
0.44316747
0.43171951
0.41872509
0.40427524
0.3885072
0.37159728
0.35375321
0.33520247
0.31618085
0.29691632
0.27762743
0.2585195
0.23977851
0.22155182
0.20398704
0.18715804
0.1710515
0.15545543
0.14067097
0.12703926
0.11435119
0.1023206
0.090900479
0.079949425
0.069727538
0.060682472
0.052332407
0.044246482
0.036116612
0.029207207
0.023023145
0.016606618
0.010683101
0.0055797826
0.00026678899
-0.0045077487
-0.0087607734
-0.013429312
-0.017086069
-0.021230594
-0.024550705
-0.027417126
-0.02827721
-0.029694627
-0.031035209
-0.032077923
-0.033703237
-0.034697145
-0.036029323
-0.037320228
-0.03813041
-0.03987176
-0.040843372
-0.041710234
-0.043262087
-0.044157891
-0.045237579
-0.046631748
-0.047454508
-0.04859143
-0.049935715
-0.050724528
-0.051791412
-0.053218999
-0.054000327
-0.054851805
-0.056531528
-0.057257462
-0.058006585
-0.05933737
-0.060516586
-0.061245056
-0.062157824
-0.063588205
-0.064542107
-0.065266785
-0.066223211
-0.067532426
-0.068606428
-0.069262455
-0.070166805
-0.071201275
-0.072490908
-0.073326062
-0.073998676
-0.074880859
-0.07585214
-0.076817952
-0.078007602
-0.078629987
-0.079300084
-0.080076009
-0.080868729
-0.081665546
-0.082417399
-0.083205137
-0.083916817
-0.084727551
-0.085121942
-0.085624919
-0.086118772
-0.086578638
-0.086988406
-0.087348951
-0.087655681
-0.087899255
-0.088077617
-0.088188466
-0.088227217
-0.088207665
-0.088085314
-0.087941229
-0.087620579
0.47552992
0.47515096
0.47266107
0.46926032
0.46437156
0.45813457
0.45039016
0.44108607
0.43023351
0.41786631
0.40405443
0.38891215
0.37259401
0.35528885
0.33720927
0.31858171
0.29962921
0.28057126
0.26161717
0.24295831
0.22475119
0.20714682
0.19023424
0.17403204
0.15836385
0.1434426
0.12961341
0.11675264
0.10458038
0.093027789
0.081969562
0.071604919
0.062365109
0.053877241
0.045714182
0.037535827
0.030444165
0.024151091
0.017714885
0.011693378
0.0064839922
0.0011552719
-0.0037061118
-0.0080238569
-0.012696426
-0.016451716
-0.020589202
-0.023978913
-0.026809784
-0.027797511
-0.029136845
-0.030510306
-0.031598237
-0.033147497
-0.034242303
-0.035525052
-0.036840173
-0.037717726
-0.039336551
-0.040426837
-0.041305387
-0.042777033
-0.043768343
-0.044822476
-0.046187029
-0.047085613
-0.048184518
-0.049511177
-0.050370287
-0.051405212
-0.052796212
-0.053659586
-0.054502829
-0.056096685
-0.056929745
-0.057679089
-0.05895696
-0.060152685
-0.060928405
-0.061828031
-0.063209943
-0.064207157
-0.064957707
-0.065901012
-0.067179437
-0.068270837
-0.068963872
-0.069857084
-0.070886062
-0.072150906
-0.073018642
-0.073708181
-0.074583246
-0.075554183
-0.076518767
-0.077687301
-0.078346748
-0.07901767
-0.079792766
-0.080587299
-0.08138492
-0.082139315
-0.082926099
-0.083640135
-0.084442133
-0.084859304
-0.085359031
-0.085855272
-0.086317297
-0.086729239
-0.087091918
-0.087400666
-0.087646418
-0.087826863
-0.087939996
-0.087981462
-0.087964076
-0.087844921
-0.087701709
-0.087385087
0.47047711
0.47009892
0.46780967
0.46464279
0.46010585
0.45431422
0.44708652
0.43837092
0.42816646
0.41648808
0.40338404
0.3889442
0.37329932
0.35661683
0.33909142
0.32093733
0.30237017
0.28360808
0.26486329
0.24633194
0.22817967
0.21056215
0.19358294
0.17729085
0.16155065
0.14649938
0.13246957
0.11942091
0.10709355
0.095396613
0.084218602
0.073703878
0.064256648
0.055609926
0.04735413
0.039121263
0.031842577
0.025418389
0.018952621
0.012831412
0.0075028041
0.0021487855
-0.0028019983
-0.007195522
-0.01187625
-0.015734774
-0.019872361
-0.0233362
-0.026132166
-0.027238583
-0.028526871
-0.029915496
-0.031055626
-0.032539181
-0.033717696
-0.034971083
-0.036298605
-0.037247327
-0.038757077
-0.039940461
-0.040849949
-0.042243795
-0.043316101
-0.044361887
-0.045691303
-0.046662169
-0.047736052
-0.049039903
-0.049969
-0.050983399
-0.052333896
-0.053273237
-0.054118692
-0.055623807
-0.056553571
-0.057314731
-0.058537716
-0.059744481
-0.060569339
-0.061460455
-0.062791362
-0.063827619
-0.06460854
-0.065540741
-0.066785989
-0.067892393
-0.068625634
-0.069508898
-0.0705306
-0.071768131
-0.072665517
-0.073374024
-0.074241478
-0.075210189
-0.076172812
-0.077316825
-0.078014015
-0.078687488
-0.079460958
-0.080257001
-0.081055032
-0.081812277
-0.082597382
-0.083314355
-0.084106124
-0.084547983
-0.085044901
-0.085543412
-0.086007907
-0.08642239
-0.086787545
-0.087099254
-0.087348441
-0.087531587
-0.087647443
-0.087692092
-0.087677139
-0.087561697
-0.087419328
-0.087107926
0.46454165
0.46416836
0.46208454
0.4591655
0.4549957
0.4496734
0.44299601
0.43491055
0.42540491
0.41447607
0.40215044
0.38849235
0.37360712
0.35763823
0.34075933
0.3231692
0.30507297
0.28668454
0.26821716
0.24987077
0.23181981
0.21422553
0.19720501
0.18083552
0.16502724
0.14985637
0.13562814
0.12237872
0.10988247
0.098029266
0.086718249
0.076046138
0.066380228
0.057552465
0.049185306
0.040889984
0.033421471
0.026842919
0.020333922
0.014111695
0.0086507509
0.0032592328
-0.0017833439
-0.0062643277
-0.010959033
-0.014924915
-0.019071358
-0.022613878
-0.025377258
-0.026590793
-0.027855776
-0.029245841
-0.030439344
-0.031870269
-0.033114712
-0.034357383
-0.035688284
-0.036708571
-0.038127926
-0.039379336
-0.040336873
-0.041661083
-0.04279741
-0.043850148
-0.045143269
-0.046178044
-0.04723971
-0.048516365
-0.049508801
-0.050513812
-0.051820843
-0.052827276
-0.053687368
-0.055106298
-0.056117976
-0.056905874
-0.058075795
-0.059286976
-0.060164215
-0.061053634
-0.062333959
-0.06340434
-0.064219208
-0.065142514
-0.066352837
-0.067470581
-0.068245188
-0.069121052
-0.070133619
-0.07134327
-0.072268253
-0.072997933
-0.073857939
-0.074823357
-0.07578412
-0.076902076
-0.077636273
-0.078314866
-0.079085614
-0.079882168
-0.080679223
-0.081438351
-0.082219738
-0.082938407
-0.083717511
-0.084184272
-0.084678545
-0.085178133
-0.085644566
-0.08606125
-0.086428687
-0.086743298
-0.086996174
-0.087182207
-0.087301093
-0.087349538
-0.087337451
-0.087226573
-0.087085302
-0.086781623
0.45762583
0.45726442
0.45538869
0.45272903
0.44893857
0.44410465
0.43800628
0.4305881
0.42182782
0.41170593
0.40022752
0.38743073
0.37339423
0.35823533
0.34210347
0.32517839
0.30765126
0.28972808
0.27162051
0.25353058
0.2356405
0.21811781
0.20109242
0.18466724
0.16880014
0.15352429
0.13910659
0.12564784
0.11296945
0.10094837
0.089490909
0.078654125
0.068760189
0.059728875
0.051228617
0.042860271
0.03520108
0.028444784
0.021874581
0.015549834
0.0099440237
0.0044999707
-0.00063702692
-0.0052175601
-0.0099340772
-0.014010852
-0.018176421
-0.02180234
-0.024537666
-0.025844361
-0.027111768
-0.028495768
-0.029739666
-0.031133441
-0.032427499
-0.03367511
-0.035004435
-0.036093056
-0.03744323
-0.038738649
-0.039755106
-0.041022182
-0.042204518
-0.043276774
-0.044536128
-0.045624338
-0.046686682
-0.047934985
-0.04898277
-0.049990807
-0.051255077
-0.052318112
-0.053204474
-0.054542551
-0.055619566
-0.056445748
-0.057567596
-0.058775635
-0.059703818
-0.060598034
-0.061828446
-0.062925348
-0.063777342
-0.064695922
-0.065871759
-0.066997264
-0.067814107
-0.068687342
-0.069690889
-0.070872955
-0.071824329
-0.072578912
-0.07343306
-0.074393986
-0.075352763
-0.07644424
-0.07721253
-0.077899099
-0.07866654
-0.079462843
-0.080258366
-0.081018768
-0.0817953
-0.082515021
-0.083280379
-0.083771456
-0.084264203
-0.084763718
-0.085231091
-0.085649197
-0.086018159
-0.086334269
-0.086589274
-0.086776845
-0.086897478
-0.086948831
-0.086938541
-0.086831805
-0.086690691
-0.086396104
0.44963895
0.4492978
0.44763045
0.44523846
0.44183565
0.43750314
0.43200576
0.42528527
0.41731022
0.40804657
0.39747933
0.38562047
0.37252146
0.35827168
0.34299343
0.32684375
0.30999595
0.29264379
0.27499375
0.25724754
0.23959342
0.22220517
0.20522442
0.188777
0.17286863
0.157508
0.14291767
0.12924762
0.11637582
0.1041761
0.092559117
0.081550493
0.071421549
0.06216497
0.053506998
0.045051693
0.037202604
0.030246292
0.023592323
0.017162484
0.011400462
0.0058860579
0.00065123032
-0.0040410177
-0.0087894898
-0.012980254
-0.017176725
-0.020891042
-0.023605178
-0.024989657
-0.026281266
-0.027658739
-0.028946967
-0.030319187
-0.031649039
-0.032913226
-0.034240044
-0.035390762
-0.036693956
-0.038013283
-0.039093426
-0.040320238
-0.041532471
-0.042633137
-0.043864935
-0.044995383
-0.046069558
-0.047291322
-0.048384594
-0.04940629
-0.050630979
-0.051738087
-0.052659836
-0.053926226
-0.05505091
-0.055924176
-0.057006615
-0.058204402
-0.059180535
-0.060087354
-0.061271297
-0.062387075
-0.06327878
-0.064197627
-0.065339992
-0.066468828
-0.067327783
-0.068202847
-0.06919687
-0.070351495
-0.071325481
-0.072106745
-0.072956924
-0.073912116
-0.074869195
-0.075935256
-0.076734703
-0.077432654
-0.07819776
-0.078994127
-0.079789009
-0.080551311
-0.081323461
-0.082044192
-0.082795848
-0.083309458
-0.083801882
-0.084301159
-0.084768934
-0.085187542
-0.085556561
-0.085872811
-0.086128886
-0.086317527
-0.086438877
-0.086492168
-0.086482802
-0.086380381
-0.086239085
-0.085953405
0.44050226
0.4401896
0.43872845
0.43660844
0.43359689
0.42977181
0.42488893
0.4188876
0.4117283
0.40336495
0.39376441
0.38291337
0.37083631
0.35759373
0.34327837
0.32802105
0.31197314
0.29531132
0.27823234
0.26093418
0.24360836
0.22643417
0.20956372
0.19314246
0.17722161
0.16180353
0.14706666
0.13319262
0.12012043
0.10773311
0.095944731
0.084757479
0.074389273
0.06488787
0.056045409
0.047485169
0.039447854
0.032271757
0.025507114
0.018967355
0.013039396
0.0074343676
0.0020968586
-0.0027189904
-0.0075120239
-0.011819688
-0.016060175
-0.019868265
-0.022570461
-0.024017328
-0.025349255
-0.026726108
-0.028051561
-0.029416377
-0.030772033
-0.032060441
-0.033387451
-0.03459239
-0.03586998
-0.03719872
-0.038341054
-0.039546307
-0.040775616
-0.041908963
-0.043122005
-0.044283979
-0.045378375
-0.046578503
-0.047706965
-0.048750872
-0.04994258
-0.051081367
-0.052044954
-0.053252596
-0.054407855
-0.055333255
-0.056387529
-0.057569221
-0.058588036
-0.059514598
-0.060657189
-0.061783514
-0.062715224
-0.063639605
-0.064750583
-0.065878289
-0.066777998
-0.067659774
-0.068644779
-0.069772915
-0.070765674
-0.071575659
-0.072425076
-0.073373905
-0.074329506
-0.075371543
-0.076198488
-0.076910992
-0.07767451
-0.078470338
-0.079264464
-0.080028191
-0.080795795
-0.081516991
-0.082255577
-0.082790204
-0.083284411
-0.083783497
-0.084252157
-0.084671873
-0.085041483
-0.085358365
-0.085615181
-0.085805165
-0.085927684
-0.085982128
-0.085972645
-0.085873068
-0.085729869
-0.085451814
0.43015402
0.42987676
0.42861695
0.42676877
0.42414661
0.4208272
0.41656249
0.41129071
0.40496576
0.39753231
0.3889418
0.37915733
0.36817769
0.35603446
0.34278929
0.32854383
0.31342358
0.2975829
0.28120345
0.26447509
0.24758882
0.2307274
0.21405135
0.19772256
0.18183329
0.16639509
0.15154833
0.13748967
0.12421745
0.11163702
0.099667655
0.088295915
0.077687216
0.067925121
0.058870582
0.050183045
0.041958875
0.034547036
0.02764139
0.020983297
0.014881429
0.0091637396
0.003716519
-0.0012343313
-0.0060869817
-0.010514635
-0.01481329
-0.018721014
-0.021422767
-0.022918155
-0.024300011
-0.025686726
-0.027043654
-0.028412707
-0.029788303
-0.031104936
-0.032437278
-0.033688298
-0.034959022
-0.036289112
-0.03748719
-0.038689066
-0.039927672
-0.041094065
-0.04229864
-0.043483469
-0.044603386
-0.0457893
-0.046943471
-0.048015148
-0.049182982
-0.050342074
-0.051350076
-0.052514231
-0.053684989
-0.054663101
-0.055702036
-0.056864214
-0.05791863
-0.05887098
-0.059979652
-0.061108995
-0.062079279
-0.063015021
-0.064098378
-0.065220857
-0.066158628
-0.067052046
-0.068029344
-0.069132253
-0.07013943
-0.070979026
-0.071830871
-0.072772691
-0.07372647
-0.074746252
-0.075596554
-0.07632632
-0.077089479
-0.077884473
-0.078678048
-0.07944328
-0.080206772
-0.080928328
-0.08165501
-0.082208791
-0.082706995
-0.083205768
-0.083675268
-0.084096042
-0.084466204
-0.084783491
-0.08504103
-0.085232255
-0.085356106
-0.085411725
-0.085402563
-0.085305881
-0.085160995
-0.084890295
0.41855448
0.41831751
0.41725141
0.41567017
0.41342947
0.41060562
0.40695194
0.4024074
0.3969212
0.39043185
0.38287867
0.37420386
0.36438281
0.35341942
0.34134386
0.32822661
0.31416397
0.29928289
0.28374398
0.26772363
0.2514073
0.23497784
0.21860135
0.20245243
0.18665806
0.17125054
0.15634288
0.14213363
0.12867302
0.11590001
0.10374404
0.092183839
0.081336743
0.071303348
0.062010365
0.053169066
0.044757575
0.037098793
0.03002012
0.02323049
0.016948131
0.011094986
0.005528194
0.00043146107
-0.0044980932
-0.0090495165
-0.013421249
-0.017435078
-0.020149756
-0.021682759
-0.023117949
-0.02452689
-0.025912695
-0.027294919
-0.028688364
-0.030034642
-0.031378672
-0.032668814
-0.033947692
-0.035277382
-0.036522046
-0.037735855
-0.038981416
-0.040178445
-0.041384584
-0.042586442
-0.043734102
-0.044914549
-0.04608693
-0.047188744
-0.048343314
-0.049513893
-0.050565242
-0.051702302
-0.052877344
-0.053904643
-0.054941323
-0.056083777
-0.057165602
-0.058147848
-0.059231771
-0.060357953
-0.061363268
-0.062315687
-0.063376477
-0.064490159
-0.065461874
-0.066371397
-0.0673432
-0.068422697
-0.069439926
-0.070309082
-0.071167
-0.072102013
-0.073053715
-0.074053653
-0.074923112
-0.07567223
-0.076436808
-0.077230815
-0.078023898
-0.078790557
-0.079550155
-0.080271667
-0.080987471
-0.081558083
-0.082062172
-0.082560704
-0.083030986
-0.083452995
-0.083823942
-0.084141831
-0.084400345
-0.084593034
-0.084718449
-0.084775476
-0.08476681
-0.084673017
-0.08452652
-0.084262252
0.40569059
0.40549652
0.40461373
0.40328977
0.4014163
0.39906935
0.39600835
0.39217504
0.38751614
0.38196728
0.37545943
0.36791734
0.35929643
0.3495754
0.33875407
0.3268711
0.3139914
0.30020998
0.28566048
0.27049975
0.25490162
0.23904425
0.22309497
0.20723679
0.19162396
0.17631601
0.16141133
0.14710268
0.13348084
0.12052558
0.10818375
0.096434566
0.085354924
0.075046293
0.065492366
0.056468044
0.047865367
0.039953397
0.032670432
0.025730658
0.019261682
0.01325071
0.0075512922
0.002298095
-0.00272747
-0.007407713
-0.011867893
-0.015995045
-0.018737262
-0.020300932
-0.021788157
-0.023230755
-0.024646647
-0.026048996
-0.027461211
-0.028837252
-0.03019934
-0.031523749
-0.032821696
-0.034154317
-0.035436255
-0.036672876
-0.037927749
-0.039152087
-0.040368338
-0.041584648
-0.042760033
-0.043943876
-0.045129869
-0.046261481
-0.047413534
-0.048590264
-0.049680842
-0.050806404
-0.051979223
-0.053048901
-0.054094898
-0.055220765
-0.056321769
-0.057335533
-0.058404872
-0.059523958
-0.060559156
-0.061532612
-0.062577246
-0.063679862
-0.064680404
-0.065609685
-0.066579145
-0.067637726
-0.068660859
-0.069558378
-0.070425988
-0.07135506
-0.072304225
-0.073286874
-0.074171235
-0.074940805
-0.075708892
-0.076501918
-0.07729449
-0.078062525
-0.078818618
-0.079539837
-0.080246129
-0.080831296
-0.081343041
-0.08184184
-0.082312908
-0.082736356
-0.083108284
-0.083426884
-0.083686432
-0.083880634
-0.084007677
-0.084066206
-0.08405814
-0.083967193
-0.083819216
-0.08356069
0.39157988
0.39142916
0.39071671
0.38963586
0.38810914
0.38621217
0.38371448
0.38056254
0.37670291
0.37207169
0.36659544
0.36018561
0.35278193
0.34434169
0.33483702
0.32427592
0.31269126
0.30014299
0.28673239
0.27259066
0.2578731
0.24274704
0.22737528
0.21194375
0.19662567
0.18150906
0.16668955
0.15235225
0.13861625
0.12550376
0.11298678
0.10105395
0.089752218
0.079172294
0.069341845
0.060105001
0.051302807
0.043135591
0.035620641
0.028507164
0.021844511
0.015654851
0.0098066885
0.0043863174
-0.00075562053
-0.0055715576
-0.010135807
-0.014384386
-0.017169265
-0.018760947
-0.020296545
-0.021781296
-0.023231591
-0.024660171
-0.026094271
-0.027500092
-0.028885822
-0.030242081
-0.031566375
-0.032908489
-0.034220532
-0.035486181
-0.036755734
-0.038004904
-0.039237705
-0.040468718
-0.04167066
-0.042865729
-0.044063828
-0.045223164
-0.04638221
-0.047563502
-0.048687458
-0.049814717
-0.050983728
-0.052087427
-0.053151507
-0.05426687
-0.055380142
-0.056424514
-0.05748939
-0.058600201
-0.059659224
-0.060656455
-0.061692135
-0.062783007
-0.063806558
-0.064757883
-0.06572877
-0.066769633
-0.067795017
-0.068718595
-0.069599186
-0.07052399
-0.071470267
-0.072438379
-0.07333382
-0.074124055
-0.074898035
-0.075690477
-0.076482556
-0.077251946
-0.07800502
-0.078725719
-0.079423922
-0.08002126
-0.080541932
-0.081041685
-0.081513471
-0.081938467
-0.082311564
-0.082631012
-0.082891713
-0.08308757
-0.083216416
-0.083276658
-0.083269433
-0.083181342
-0.08303213
-0.082778623
0.37627324
0.37616444
0.37560715
0.37475118
0.3735451
0.37206363
0.37008977
0.36757625
0.36447172
0.36071584
0.3562347
0.35093092
0.3447335
0.33758312
0.32942845
0.32024981
0.31004947
0.29885106
0.28671969
0.2737554
0.26008801
0.24586696
0.23124336
0.21639897
0.20151704
0.18671078
0.17208126
0.15780836
0.14402906
0.13080461
0.11813801
0.1060364
0.094529374
0.083691085
0.073578536
0.064103322
0.055089067
0.046667147
0.038898634
0.031584755
0.024718966
0.018331922
0.012316537
0.0067176417
0.001438348
-0.0035223718
-0.0082064516
-0.012585565
-0.015428072
-0.017049059
-0.018629486
-0.020161382
-0.021651847
-0.02311279
-0.024573471
-0.026009939
-0.02742388
-0.02881177
-0.030167056
-0.031526481
-0.032864915
-0.034162136
-0.03545268
-0.036726121
-0.037979984
-0.039227935
-0.040455286
-0.041667758
-0.042879151
-0.04406372
-0.045237166
-0.046424695
-0.047576102
-0.048714814
-0.049882518
-0.051012196
-0.052099555
-0.053212234
-0.054333234
-0.05540523
-0.056474536
-0.057578662
-0.058655547
-0.059677375
-0.060711431
-0.061791783
-0.062832563
-0.063806679
-0.06478308
-0.065810215
-0.066835082
-0.067781545
-0.068677732
-0.069600695
-0.070544005
-0.071500302
-0.072403554
-0.073213681
-0.073995869
-0.074788487
-0.075580082
-0.076350753
-0.077101328
-0.077821342
-0.078512922
-0.079120176
-0.079650608
-0.080152286
-0.08062486
-0.081051551
-0.081426085
-0.081746592
-0.082008603
-0.08220626
-0.082337061
-0.082399192
-0.082393013
-0.082307713
-0.082157505
-0.081908247
0.35985602
0.35978617
0.3593672
0.35871458
0.3577983
0.35669159
0.35519348
0.35326402
0.35085579
0.34791477
0.3443701
0.34012008
0.33508815
0.3292039
0.32239798
0.3146278
0.30586857
0.29610882
0.28537597
0.273735
0.26128419
0.24814796
0.23445759
0.22038209
0.20610502
0.19175787
0.17745005
0.16335981
0.14963526
0.13637001
0.1236002
0.11135938
0.099673193
0.08859977
0.078212335
0.068481479
0.059240716
0.050565501
0.042529548
0.034988552
0.027906985
0.021306047
0.015103745
0.009313925
0.0038762865
-0.0012406478
-0.0060604513
-0.010580256
-0.013494745
-0.015149346
-0.016773077
-0.018354431
-0.019890558
-0.021390184
-0.022883277
-0.024352698
-0.02579871
-0.027219674
-0.028609121
-0.029993404
-0.031358118
-0.032687555
-0.03400475
-0.035303969
-0.036582229
-0.037850402
-0.03910284
-0.040337185
-0.041564856
-0.042772886
-0.04396582
-0.045163434
-0.046337724
-0.047494054
-0.048665528
-0.049815116
-0.050927626
-0.052045717
-0.053172888
-0.054268512
-0.055349041
-0.056450328
-0.057540267
-0.058585725
-0.059624808
-0.060697683
-0.061750679
-0.062746764
-0.063732516
-0.064750545
-0.06577324
-0.066738843
-0.067652233
-0.068576289
-0.069517008
-0.070464076
-0.071372594
-0.072201044
-0.072993461
-0.073787437
-0.074578697
-0.075350593
-0.076099273
-0.076818575
-0.077504998
-0.078120153
-0.078660662
-0.079165351
-0.079638891
-0.08006737
-0.080443587
-0.080765368
-0.081028836
-0.081228425
-0.081361339
-0.08142555
-0.081420669
-0.081338119
-0.081187243
-0.080941579
0.34244723
0.34241221
0.3421137
0.34164047
0.3409797
0.34020243
0.33912549
0.33771674
0.33593407
0.33373183
0.33104519
0.3277723
0.32383599
0.31916043
0.31366444
0.30728863
0.29998666
0.29171578
0.28246695
0.27226892
0.26118422
0.24930621
0.23673838
0.22362736
0.21014644
0.196436
0.18261115
0.16885012
0.15530827
0.14210406
0.12930494
0.11697566
0.10515063
0.093877815
0.083237917
0.07324799
0.063769033
0.05484211
0.04653292
0.038742003
0.031429451
0.024599879
0.018191114
0.012196891
0.006580437
0.0012936521
-0.0036779642
-0.0083496754
-0.01134957
-0.013043928
-0.014712288
-0.016344386
-0.01793049
-0.019474898
-0.021006902
-0.022513182
-0.023995033
-0.025451646
-0.026877933
-0.028293567
-0.02968726
-0.031049451
-0.03239766
-0.033725629
-0.035031278
-0.036323333
-0.037601708
-0.038861137
-0.040108887
-0.04134001
-0.042555662
-0.0437681
-0.044962901
-0.046140162
-0.047321371
-0.048487656
-0.049624903
-0.050755385
-0.051889931
-0.053005408
-0.054101493
-0.055205034
-0.05630512
-0.057372001
-0.058421362
-0.059491155
-0.060552805
-0.061568812
-0.062567011
-0.063580937
-0.06460113
-0.065582053
-0.066513121
-0.067441388
-0.068380501
-0.069320756
-0.07023278
-0.071077432
-0.071881553
-0.072678374
-0.073469645
-0.074242731
-0.07499014
-0.075708828
-0.076391471
-0.077012828
-0.07756324
-0.078072034
-0.078546888
-0.078977256
-0.079355424
-0.079678752
-0.079943877
-0.080145566
-0.08028078
-0.080347285
-0.080343982
-0.080264159
-0.080112992
-0.079870386
0.32419675
0.32419167
0.32399537
0.32367624
0.32323471
0.32273892
0.32202455
0.32106717
0.3198308
0.31827951
0.31635661
0.31396365
0.31102716
0.30747121
0.30320909
0.29817136
0.29229706
0.28551824
0.27779365
0.26911766
0.25951598
0.24904721
0.23778058
0.22583089
0.21335034
0.20047723
0.18732518
0.17406964
0.16087006
0.14786293
0.13514179
0.12280337
0.1109007
0.09948065
0.088628387
0.078394696
0.068675268
0.059500067
0.050919538
0.04286354
0.035304627
0.028233189
0.021599929
0.015387253
0.0095725351
0.0041005891
-0.0010391787
-0.0058750526
-0.0089727332
-0.0107138
-0.012430741
-0.014115488
-0.015754895
-0.01734945
-0.018926923
-0.020475282
-0.021997214
-0.02349288
-0.024958861
-0.026411211
-0.027838197
-0.029234709
-0.030617264
-0.031977583
-0.033313788
-0.034633461
-0.035939751
-0.037226863
-0.038498575
-0.039753902
-0.040994466
-0.042226338
-0.043441532
-0.04464139
-0.045837838
-0.047020371
-0.048181052
-0.049329006
-0.050474038
-0.051606887
-0.052720732
-0.053831758
-0.054941244
-0.056026993
-0.057090146
-0.058161875
-0.05923046
-0.060263748
-0.06127641
-0.06229119
-0.063309867
-0.064302734
-0.065250869
-0.06618623
-0.067125334
-0.068061053
-0.068975575
-0.069834062
-0.070650668
-0.071451972
-0.072243879
-0.073018197
-0.073764959
-0.074483285
-0.075163416
-0.075789668
-0.076349418
-0.076863298
-0.07733999
-0.077772379
-0.078152756
-0.078477933
-0.078744937
-0.0789489
-0.079086604
-0.079155622
-0.079154192
-0.079077102
-0.078926085
-0.078686195
0.30528055
0.30530012
0.30518807
0.30499743
0.30473842
0.30447564
0.30406381
0.30348576
0.30271191
0.30171657
0.30045241
0.29882711
0.29677421
0.29422216
0.29108449
0.28728839
0.28276571
0.27743089
0.27121728
0.26408992
0.25604009
0.24709145
0.23727542
0.22666756
0.215389
0.20356469
0.19129674
0.17875025
0.16608374
0.15344512
0.1409469
0.12871409
0.11682377
0.10533102
0.094327522
0.083888384
0.073943246
0.064529805
0.055687707
0.047362018
0.039545106
0.032220804
0.025347814
0.018903134
0.012872395
0.0071992481
0.0018748683
-0.0031382868
-0.0063451872
-0.0081399417
-0.0099111772
-0.011651979
-0.013347815
-0.01499704
-0.016626051
-0.018222409
-0.01978939
-0.021328252
-0.022837313
-0.024330973
-0.025796132
-0.02722983
-0.028649717
-0.030046049
-0.031416274
-0.032767328
-0.034104381
-0.035421742
-0.03672104
-0.038002832
-0.039270284
-0.0405256
-0.041762805
-0.04298648
-0.044202589
-0.045402944
-0.046586125
-0.047754758
-0.048914153
-0.050063669
-0.051196167
-0.052319175
-0.053439143
-0.054541734
-0.055620576
-0.056699066
-0.057774691
-0.058822773
-0.059850776
-0.060870837
-0.061890063
-0.062892378
-0.063856168
-0.064800903
-0.065742067
-0.066675466
-0.067592157
-0.068462193
-0.06929137
-0.070098744
-0.070892199
-0.07166792
-0.072414637
-0.07313299
-0.073811747
-0.074441973
-0.075010229
-0.075529941
-0.076009126
-0.076443729
-0.076826563
-0.077153919
-0.077423068
-0.077629506
-0.077769914
-0.077841687
-0.07784246
-0.077768175
-0.077617825
-0.077380546
0.28589429
0.28593315
0.28588827
0.28580126
0.2856891
0.28561224
0.2854441
0.28517389
0.28477829
0.28424158
0.28352624
0.28254778
0.28124898
0.27956592
0.27741709
0.2747322
0.27144284
0.26745408
0.26268212
0.25707019
0.250581
0.24320688
0.23494204
0.22581906
0.21592066
0.20534857
0.19418278
0.18256697
0.17065038
0.15858467
0.14649281
0.13452043
0.12276882
0.11130786
0.10024031
0.089661122
0.079529497
0.069902009
0.060818353
0.052231278
0.044153209
0.036569573
0.029445966
0.022757854
0.016495986
0.01060618
0.0050811347
-0.00012283999
-0.0034495371
-0.0053044971
-0.0071365
-0.0089382154
-0.010694169
-0.012402145
-0.014088048
-0.015738356
-0.01735589
-0.018942739
-0.020498923
-0.022038209
-0.023546412
-0.02502116
-0.026481628
-0.027917578
-0.029325482
-0.030711715
-0.032082936
-0.033433409
-0.034763679
-0.036074881
-0.037371488
-0.038653677
-0.039915508
-0.041164546
-0.042403728
-0.043624542
-0.044830337
-0.04602158
-0.047199028
-0.048366115
-0.04951778
-0.050656168
-0.05178882
-0.052907297
-0.05400261
-0.055091865
-0.056176024
-0.057237191
-0.058280546
-0.059309417
-0.06033193
-0.061342364
-0.062320069
-0.063275666
-0.064221167
-0.065154487
-0.066073612
-0.066953257
-0.067794505
-0.068609261
-0.069405383
-0.070182867
-0.070930127
-0.071649016
-0.072327407
-0.072961053
-0.073536867
-0.074062867
-0.074545266
-0.074982372
-0.07536791
-0.075697789
-0.07596939
-0.076178533
-0.076321879
-0.076396669
-0.0764
-0.076328671
-0.076179574
-0.075945049
0.26624586
0.26629884
0.26630543
0.26629878
0.26630009
0.26636522
0.26638532
0.26635497
0.26625657
0.26608358
0.26580787
0.26535373
0.26467413
0.26371482
0.26240257
0.26067404
0.2584664
0.25568288
0.25223122
0.24804156
0.24305631
0.23724353
0.23056505
0.22301166
0.21462465
0.20547587
0.19561461
0.1851513
0.17421485
0.16295094
0.1514829
0.13996597
0.12852062
0.11723336
0.10622157
0.095599397
0.085351555
0.075557362
0.066267882
0.057443546
0.049114541
0.041273619
0.033895319
0.026956764
0.020452764
0.014333155
0.0085928483
0.0031848364
-0.00027137755
-0.0021923285
-0.0040914517
-0.0059597303
-0.007780297
-0.0095511395
-0.011298681
-0.013008452
-0.014682143
-0.016322183
-0.017930105
-0.019519418
-0.02107538
-0.02259555
-0.024100323
-0.025579554
-0.027028873
-0.028454105
-0.029863206
-0.031250041
-0.032614599
-0.033958466
-0.035286925
-0.036599092
-0.037888568
-0.039165099
-0.040430171
-0.041674391
-0.042903999
-0.044119282
-0.045317826
-0.046504412
-0.047676065
-0.048832281
-0.049980191
-0.051114773
-0.052226906
-0.053329889
-0.054424834
-0.055498474
-0.05655684
-0.057597047
-0.058625789
-0.059644204
-0.060634254
-0.061601423
-0.062553419
-0.063488903
-0.064411188
-0.06529899
-0.066151422
-0.066974443
-0.067774439
-0.068554262
-0.069302662
-0.070022676
-0.07070159
-0.071338403
-0.071920853
-0.072453298
-0.072939606
-0.073379598
-0.073768099
-0.074100849
-0.074375242
-0.074587358
-0.074733902
-0.074811999
-0.074818278
-0.074750159
-0.074602985
-0.074371612
0.24654727
0.24660967
0.24665375
0.24670648
0.24679117
0.24695877
0.24711689
0.24726432
0.24738842
0.2474906
0.2475512
0.24750342
0.24731043
0.24692841
0.24629424
0.24535442
0.24405566
0.24230563
0.24001126
0.23709826
0.2334979
0.22916308
0.22403163
0.21805847
0.21124573
0.20363348
0.19523602
0.18612127
0.17638658
0.16616055
0.15555528
0.14472191
0.13379049
0.12286049
0.11206316
0.10153203
0.091275096
0.08139358
0.071957845
0.062940917
0.054389698
0.046307429
0.038681034
0.031492689
0.024741913
0.018383941
0.012416945
0.0067932443
0.0031990129
0.001207234
-0.00076460164
-0.0027050486
-0.0045951397
-0.0064331548
-0.0082467241
-0.010020883
-0.011756001
-0.013454445
-0.015118999
-0.016762905
-0.018371224
-0.019941328
-0.021494504
-0.02302085
-0.024515367
-0.025983395
-0.027434189
-0.028860906
-0.030263114
-0.031642997
-0.033006337
-0.034351497
-0.035671705
-0.036978323
-0.038271904
-0.039542404
-0.04079779
-0.042038616
-0.043260694
-0.044469131
-0.045662154
-0.04683813
-0.048003796
-0.049155649
-0.050285112
-0.051403921
-0.052512055
-0.05359858
-0.054671724
-0.055724897
-0.056762536
-0.057789698
-0.05879104
-0.059769917
-0.060730169
-0.061669957
-0.062596462
-0.063491537
-0.064354148
-0.065185877
-0.065990884
-0.066773816
-0.06752399
-0.06824577
-0.068925997
-0.06956596
-0.070154255
-0.070693062
-0.071183864
-0.0716272
-0.072018955
-0.072354923
-0.072632478
-0.072847877
-0.072997914
-0.073079645
-0.073089306
-0.07302476
-0.072880261
-0.072652673
0.22700674
0.22707439
0.22714395
0.22723781
0.22737974
0.22761563
0.227868
0.22813871
0.22841923
0.22871743
0.22902089
0.22927129
0.2294412
0.22949697
0.22938617
0.22906637
0.22849596
0.22759129
0.22626455
0.22444418
0.22205892
0.2190559
0.21535902
0.21089692
0.20563956
0.19959848
0.19275432
0.18512869
0.17677932
0.16780762
0.15830287
0.148397
0.13821692
0.12786612
0.11748311
0.10721816
0.097100909
0.08725107
0.077761732
0.068624465
0.059904198
0.051616724
0.043764856
0.03633955
0.029347099
0.022749808
0.016550349
0.010702911
0.0069641438
0.0048979418
0.002849071
0.00083172281
-0.0011324703
-0.00304184
-0.0049254586
-0.006768279
-0.008569427
-0.01033105
-0.012056972
-0.013759996
-0.015425111
-0.017049533
-0.018655276
-0.020232637
-0.021776096
-0.02329061
-0.024786826
-0.026257017
-0.027700282
-0.029119526
-0.030520927
-0.031902116
-0.033256119
-0.034595684
-0.035920444
-0.037219988
-0.038503545
-0.039771758
-0.041019499
-0.042252154
-0.043468374
-0.044665893
-0.045851542
-0.047022336
-0.048170012
-0.049306183
-0.050429641
-0.051530128
-0.052618204
-0.053685377
-0.054734057
-0.055771248
-0.056783515
-0.057774007
-0.058743798
-0.059689808
-0.060621794
-0.061523811
-0.062395704
-0.063236208
-0.064047161
-0.064834072
-0.065586712
-0.066310919
-0.066993167
-0.067636425
-0.068229968
-0.068774892
-0.069270617
-0.069717779
-0.070113117
-0.070452649
-0.070733754
-0.070952787
-0.071106653
-0.071192388
-0.071205911
-0.071145425
-0.071004433
-0.070781459
0.20782146
0.20789093
0.20797603
0.20809575
0.20827307
0.20854885
0.20885877
0.20920679
0.20958762
0.21001402
0.21047942
0.21093322
0.21135611
0.2117236
0.21199354
0.21213444
0.2121168
0.21186799
0.21130936
0.21037709
0.20900421
0.20714014
0.20470467
0.20161123
0.19780764
0.1932843
0.18799484
0.18191741
0.17506795
0.16751468
0.15931522
0.15056832
0.14138405
0.13185784
0.12212325
0.11233944
0.10255395
0.092899242
0.083490203
0.074340825
0.065536293
0.057107123
0.049075144
0.041443845
0.034229329
0.027403388
0.020974844
0.014902201
0.011015682
0.008873298
0.0067449689
0.0046476962
0.0026060908
0.00062208493
-0.0013348019
-0.0032496258
-0.0051204104
-0.006949089
-0.0087404239
-0.010506591
-0.012232501
-0.01391521
-0.015577403
-0.017209518
-0.018805529
-0.02037005
-0.021915229
-0.023432383
-0.024920053
-0.026381931
-0.027824573
-0.029244842
-0.030635634
-0.032011046
-0.033369687
-0.034700925
-0.036015144
-0.037312825
-0.038588222
-0.039847263
-0.041088657
-0.042309489
-0.043517078
-0.044708615
-0.045875728
-0.047030571
-0.048171135
-0.049286969
-0.050390582
-0.051472551
-0.052533883
-0.053582531
-0.054605963
-0.055608033
-0.056588212
-0.05754201
-0.058480772
-0.059389838
-0.060270368
-0.06111948
-0.061937036
-0.062728788
-0.063484627
-0.064211932
-0.064896841
-0.065543636
-0.066142034
-0.06669277
-0.067193672
-0.067645117
-0.068044399
-0.068387845
-0.068672895
-0.06889595
-0.069054028
-0.069144188
-0.069162112
-0.069106286
-0.068969717
-0.068752333
0.18917243
0.18924098
0.18933358
0.1894668
0.18966193
0.18995487
0.19029281
0.19068093
0.19111636
0.19161527
0.19217557
0.19275341
0.19333612
0.19390697
0.19443296
0.1948925
0.19526733
0.19549652
0.19551238
0.19526157
0.19468584
0.19374251
0.19235529
0.19043275
0.18791129
0.1847695
0.1809442
0.17637875
0.1710518
0.16499836
0.15824104
0.15083609
0.14286536
0.13440402
0.12556551
0.1165052
0.10728064
0.098027798
0.088878158
0.079867982
0.071103229
0.062631022
0.054494724
0.046713821
0.039317697
0.032290809
0.025650357
0.019361729
0.015329821
0.013112317
0.010904931
0.008727382
0.0066073468
0.0045472941
0.0025155467
0.00052687984
-0.0014157172
-0.0033139646
-0.0051735209
-0.0070058131
-0.0087956464
-0.010539855
-0.012261737
-0.013951837
-0.015603581
-0.017221205
-0.018818437
-0.020385637
-0.02192074
-0.023428223
-0.024915022
-0.026377194
-0.027807512
-0.02922146
-0.03061654
-0.031981928
-0.033329171
-0.034658438
-0.035963418
-0.037250811
-0.038519311
-0.039765221
-0.04099652
-0.04221054
-0.043398501
-0.044573279
-0.045732423
-0.046864992
-0.047985039
-0.049082555
-0.05015772
-0.051219117
-0.052254328
-0.053268129
-0.054259259
-0.055222019
-0.056168729
-0.057085241
-0.05797406
-0.058831536
-0.059656083
-0.060453419
-0.061213183
-0.061944233
-0.06263238
-0.063282999
-0.063886038
-0.064442297
-0.064948483
-0.065404589
-0.065808187
-0.066155899
-0.066445291
-0.066672786
-0.066835504
-0.066930566
-0.066953492
-0.066903033
-0.066771868
-0.066561161
0.17121763
0.17128328
0.17137727
0.17151443
0.17171389
0.17200675
0.17235008
0.17274958
0.1732041
0.17373193
0.17433415
0.17497274
0.17564011
0.17632577
0.17700442
0.17766276
0.17829209
0.1788426
0.17925779
0.17949553
0.17950832
0.17926435
0.17869651
0.17771664
0.17625899
0.17429929
0.17176848
0.16858725
0.16470643
0.16013379
0.15486018
0.14889716
0.14229249
0.13509258
0.12737694
0.11928255
0.11086551
0.10225236
0.093581449
0.084906054
0.076349223
0.067974528
0.059847858
0.052007187
0.044498289
0.037321843
0.030506264
0.024026691
0.019860193
0.017572835
0.015290971
0.013036771
0.010840846
0.008706459
0.0066010378
0.0045391694
0.0025248739
0.00055669185
-0.0013718847
-0.003271455
-0.0051267265
-0.0069342114
-0.0087177065
-0.010467853
-0.012177498
-0.013850412
-0.015501938
-0.017121485
-0.018706357
-0.02026179
-0.021795092
-0.023301497
-0.024773642
-0.026228409
-0.027662149
-0.029063836
-0.030446181
-0.031808973
-0.03314531
-0.034462772
-0.03576008
-0.037032672
-0.038289229
-0.039527259
-0.040737433
-0.041933338
-0.043112279
-0.044262802
-0.04540025
-0.046514069
-0.047603957
-0.048679138
-0.04972686
-0.050752721
-0.051755212
-0.052727746
-0.053683344
-0.054607805
-0.055504816
-0.056370433
-0.057202141
-0.058005609
-0.058769943
-0.059505334
-0.060197225
-0.060851957
-0.061459555
-0.062021101
-0.062532576
-0.06299362
-0.063401881
-0.063754209
-0.064048335
-0.064280704
-0.064448534
-0.064549031
-0.06457762
-0.064533327
-0.064408606
-0.064205734
0.1540887
0.15415027
0.1542413
0.15437539
0.15456935
0.15484977
0.15518204
0.15557193
0.15601939
0.1565437
0.15714808
0.15779945
0.1584939
0.15922564
0.15997562
0.16073704
0.1615087
0.16225062
0.16291659
0.16347499
0.16388926
0.16413899
0.16416881
0.16389898
0.16326828
0.16225617
0.16079711
0.15880145
0.15620398
0.15299476
0.14914147
0.14461628
0.13943405
0.13361029
0.12718256
0.12025737
0.11287763
0.10514591
0.09719428
0.089082811
0.080942615
0.072849509
0.064889436
0.057119
0.049602047
0.042358543
0.035431056
0.028807603
0.024529261
0.022183341
0.019837581
0.017516131
0.015252135
0.013049914
0.010876417
0.0087460452
0.0066638453
0.0046287264
0.0026334568
0.0006683438
-0.00125127
-0.0031214581
-0.0049663489
-0.0067766792
-0.0085447
-0.010273593
-0.011980257
-0.013653182
-0.015289011
-0.016893694
-0.018474879
-0.02002698
-0.021542468
-0.023039592
-0.024513544
-0.025953079
-0.027372047
-0.028769832
-0.030138905
-0.031487751
-0.032815162
-0.034115697
-0.035398721
-0.03666195
-0.037895461
-0.039113489
-0.040313177
-0.041482603
-0.042638279
-0.043769072
-0.044874338
-0.045964033
-0.047024894
-0.048063183
-0.049077335
-0.050060151
-0.051025274
-0.051958128
-0.052863364
-0.053736947
-0.054575832
-0.055385755
-0.056155153
-0.056895369
-0.05759142
-0.058250513
-0.058862657
-0.059429315
-0.059946019
-0.06041217
-0.060825384
-0.061182655
-0.061481891
-0.061719574
-0.061893016
-0.061999529
-0.062034496
-0.061997237
-0.061880044
-0.061686207
0.13788889
0.13794535
0.13803054
0.13815678
0.13833856
0.13859834
0.13890847
0.13927439
0.13969674
0.14019491
0.1407734
0.14140327
0.14208313
0.14281059
0.14357141
0.14436361
0.14519146
0.14602316
0.1468214
0.14756348
0.14822271
0.14878903
0.14921909
0.14944398
0.14941071
0.14910627
0.14847477
0.14742652
0.14589118
0.14385124
0.14126213
0.13806724
0.13425572
0.12981684
0.12474628
0.11911443
0.11294302
0.10629884
0.0992942
0.091983074
0.084491285
0.076897937
0.06930156
0.061773622
0.054394554
0.047204521
0.04026215
0.033571281
0.029220623
0.026835622
0.024444589
0.022073074
0.019756043
0.017499119
0.015269353
0.013080924
0.010939876
0.0088456551
0.0067905273
0.0047657979
0.0027867759
0.00085796048
-0.0010448664
-0.0029125434
-0.0047367332
-0.0065198674
-0.0082802717
-0.010005553
-0.011691676
-0.013345208
-0.014974083
-0.016571916
-0.018130971
-0.019670783
-0.021185401
-0.022663354
-0.024119561
-0.025552985
-0.026955459
-0.028336337
-0.029694512
-0.031023666
-0.032333819
-0.033622909
-0.03488042
-0.036121168
-0.037342155
-0.038531042
-0.039705442
-0.040853625
-0.041974642
-0.043079231
-0.044153599
-0.045204549
-0.046230508
-0.047223829
-0.048198786
-0.049140287
-0.050053759
-0.050935136
-0.051781082
-0.052597554
-0.053372296
-0.054117654
-0.05481815
-0.055481767
-0.056098449
-0.056670074
-0.057191906
-0.057663229
-0.058081603
-0.058444099
-0.058748792
-0.058992215
-0.059171781
-0.059284923
-0.059327021
-0.05929771
-0.059189152
-0.059005575
0.12269706
0.12274787
0.12282541
0.12294077
0.12310622
0.1233405
0.12362169
0.12395472
0.12434056
0.12479804
0.12533228
0.12591791
0.12655508
0.1272437
0.1279732
0.12874487
0.1295666
0.13041322
0.13125469
0.13207537
0.13285679
0.13359721
0.13426415
0.13479992
0.13516099
0.13534292
0.13530232
0.13495637
0.13423778
0.13312958
0.13158504
0.12953128
0.12694199
0.12378937
0.12003486
0.11571464
0.11082773
0.10540003
0.099514628
0.09320779
0.08658589
0.079719484
0.072707687
0.065628326
0.058572231
0.051596738
0.044775652
0.038129995
0.033768469
0.031374735
0.028967706
0.026573588
0.024228106
0.021938454
0.019672562
0.017444339
0.015260737
0.013121955
0.011020081
0.0089475254
0.0069194439
0.0049410666
0.0029884185
0.0010705409
-0.00080368009
-0.0026357283
-0.0044451365
-0.0062187002
-0.0079516753
-0.0096510959
-0.011325098
-0.012966535
-0.014567411
-0.016148399
-0.017702448
-0.019217859
-0.020710499
-0.022178912
-0.023614287
-0.025026772
-0.02641537
-0.027772904
-0.029109992
-0.030424804
-0.031706252
-0.032969652
-0.034211881
-0.035420214
-0.036613296
-0.037778821
-0.038915534
-0.040034949
-0.041122784
-0.042186306
-0.043223935
-0.044227656
-0.045212377
-0.046162476
-0.04708402
-0.047972908
-0.048825643
-0.049648511
-0.050428619
-0.051179199
-0.05188424
-0.052552406
-0.053173555
-0.053749979
-0.054276786
-0.054753248
-0.055176887
-0.055544816
-0.055855262
-0.056104819
-0.056291011
-0.056411403
-0.056461406
-0.056440976
-0.056342171
-0.056170089
0.10858188
0.10862682
0.10869576
0.10879856
0.10894548
0.10915195
0.10940074
0.10969617
0.11003932
0.11044798
0.11092742
0.11145534
0.11203276
0.11266103
0.11333225
0.11404984
0.11482376
0.11563399
0.11645632
0.11728038
0.11809404
0.11890163
0.11967965
0.12038072
0.12097037
0.12145187
0.12179441
0.12192558
0.12178598
0.12136405
0.12061806
0.11947005
0.11788818
0.11583789
0.11325828
0.11015912
0.10652125
0.10233289
0.097645323
0.092470799
0.086885966
0.080942092
0.07472546
0.068308672
0.061782512
0.055213757
0.048686137
0.042235899
0.037949529
0.035590391
0.033209651
0.030833066
0.028495709
0.026206582
0.023935441
0.021695832
0.019495469
0.017335548
0.015208398
0.013107645
0.011048147
0.0090360428
0.007048036
0.0050930238
0.0031803688
0.0013097653
-0.00053920424
-0.0023526329
-0.0041250434
-0.0058637203
-0.0075768714
-0.0092566537
-0.010894735
-0.012512712
-0.014102498
-0.015652162
-0.017178347
-0.018679181
-0.020145217
-0.02158728
-0.023004479
-0.024388797
-0.025751362
-0.027090584
-0.028394826
-0.029679811
-0.030942306
-0.032169225
-0.033380151
-0.034562251
-0.03571395
-0.036847494
-0.037948167
-0.039023647
-0.040072338
-0.041085902
-0.042079848
-0.043038065
-0.043967176
-0.044863033
-0.045722026
-0.046550834
-0.047336003
-0.048091571
-0.048800986
-0.049473508
-0.050098897
-0.050679845
-0.051211371
-0.051692806
-0.052121672
-0.052495123
-0.05281152
-0.053067526
-0.053260788
-0.053389012
-0.053447663
-0.053437022
-0.053349057
-0.053189682
0.095590367
0.095629661
0.095689899
0.095779752
0.095907621
0.096086085
0.096301747
0.096558328
0.096856887
0.097213846
0.097634247
0.098098538
0.098608158
0.099165213
0.099763777
0.10040846
0.10111014
0.10185277
0.10261667
0.10339525
0.10418101
0.10498223
0.10578235
0.1065428
0.10723694
0.10787388
0.10843376
0.10885545
0.10908934
0.10913105
0.10894749
0.10846351
0.10764909
0.10647123
0.10485894
0.10280552
0.10028172
0.097247435
0.093726343
0.089707415
0.085234292
0.080333332
0.075067736
0.069494151
0.063691563
0.057725387
0.051680058
0.045601217
0.041497195
0.039227683
0.036927679
0.0346212
0.032340919
0.030097676
0.027864013
0.025652935
0.02347265
0.021325566
0.019204715
0.017105021
0.015040837
0.013019383
0.011018565
0.0090471048
0.0071147187
0.0052225292
0.0033496686
0.001510589
-0.00028848937
-0.0020548172
-0.0037965
-0.0055050848
-0.0071718146
-0.0088189078
-0.010437338
-0.012014932
-0.013568883
-0.015096897
-0.01658891
-0.018056268
-0.019498163
-0.020905765
-0.02229059
-0.023651278
-0.024975678
-0.0262798
-0.027560312
-0.0288038
-0.030030653
-0.031227569
-0.03239265
-0.033538791
-0.034650903
-0.03573702
-0.036795527
-0.037817792
-0.03881986
-0.039785196
-0.040720915
-0.041622813
-0.042487198
-0.04332114
-0.044110715
-0.04487069
-0.045584004
-0.04626043
-0.046889635
-0.047474685
-0.048010549
-0.048496662
-0.048930585
-0.049309521
-0.049631963
-0.04989465
-0.050095359
-0.050231946
-0.050299946
-0.050299957
-0.050223872
-0.050078374
0.083936569
0.083970593
0.084022567
0.084100139
0.084210026
0.084362648
0.084547282
0.084767222
0.085023308
0.085330615
0.085693896
0.086095628
0.0865375
0.087021995
0.087544467
0.08811008
0.088729995
0.089390987
0.090076749
0.090783293
0.09150623
0.092256204
0.093021648
0.093770856
0.094483312
0.095172174
0.095826058
0.096393951
0.096835605
0.097153654
0.097324336
0.097279193
0.096994162
0.096442911
0.095553547
0.094312337
0.09268811
0.0906241
0.088125199
0.085163334
0.081753373
0.077898007
0.073633853
0.068995778
0.064042403
0.058827608
0.053426255
0.047884517
0.044072408
0.041950531
0.039789841
0.037611404
0.035443747
0.033299266
0.031153948
0.029019968
0.026905587
0.024814493
0.022740806
0.020680697
0.018647735
0.016650303
0.014668007
0.012709337
0.01078416
0.0088952447
0.0070217613
0.0051785036
0.0033723951
0.0015965445
-0.00015685422
-0.001878865
-0.0035601986
-0.0052233408
-0.006858448
-0.0084530962
-0.010024751
-0.011570697
-0.013080273
-0.01456516
-0.016024592
-0.017448958
-0.018850015
-0.020226606
-0.021566096
-0.022884646
-0.024178836
-0.02543494
-0.026674001
-0.027882311
-0.029057639
-0.030213434
-0.03133428
-0.032428508
-0.033494483
-0.034523297
-0.035531447
-0.036502034
-0.037442611
-0.038348922
-0.039217194
-0.040054867
-0.040847619
-0.041610867
-0.042327097
-0.043006517
-0.043638713
-0.044227087
-0.044766585
-0.045256766
-0.045695257
-0.046079327
-0.046407598
-0.046676891
-0.046885117
-0.047030285
-0.047108008
-0.047119182
-0.047055634
-0.046924684
0.07366496
0.073694247
0.073738663
0.073804964
0.073898498
0.074027879
0.074184498
0.074371198
0.074588613
0.074850454
0.075161109
0.07550481
0.075883253
0.076299045
0.076748432
0.077236692
0.077774743
0.07835149
0.078953147
0.079577394
0.080221889
0.080898349
0.081598699
0.082296563
0.082975956
0.08365224
0.084320145
0.084937202
0.085471071
0.085929769
0.086297757
0.086514751
0.086563533
0.08642605
0.086035256
0.085376424
0.084422004
0.083108932
0.081431965
0.079354127
0.076869594
0.073963502
0.070648617
0.066938357
0.062868136
0.058474548
0.053815404
0.048929607
0.045497827
0.0435724
0.041601535
0.039602444
0.037598334
0.035602661
0.033595192
0.031586766
0.029585138
0.027595176
0.025612336
0.023633813
0.021671988
0.019736343
0.017808643
0.015896962
0.014011011
0.012155319
0.010309666
0.0084888172
0.0067002986
0.0049379364
0.0031944204
0.0014789495
-0.00019858401
-0.0018604472
-0.0034962222
-0.0050932602
-0.0066689075
-0.0082200771
-0.0097355895
-0.011227181
-0.0126941
-0.014126047
-0.01553479
-0.01691935
-0.018266687
-0.019592895
-0.020894501
-0.022157523
-0.023403401
-0.024618146
-0.025799187
-0.026960368
-0.028086044
-0.029184731
-0.030254786
-0.03128706
-0.032298355
-0.033271526
-0.034214464
-0.035122876
-0.03599292
-0.036832334
-0.037626501
-0.038391349
-0.039109028
-0.039790073
-0.040424032
-0.041014584
-0.041556678
-0.042049993
-0.04249224
-0.042880768
-0.043214324
-0.043489819
-0.043705294
-0.043858907
-0.043946363
-0.04396882
-0.043918069
-0.043801981
0.064610519
0.064635645
0.06467337
0.064729655
0.064808734
0.064917707
0.065049651
0.065206984
0.065390152
0.065611537
0.065875117
0.0661667
0.066487857
0.066841157
0.067223492
0.067639986
0.068101
0.06859709
0.069116418
0.069657705
0.070219921
0.070814993
0.071437253
0.072064487
0.072684036
0.073312077
0.073947506
0.07455484
0.075108088
0.075618823
0.076078003
0.076433453
0.076674143
0.076789818
0.076720937
0.076454842
0.075970272
0.075205024
0.074150161
0.072766733
0.071036608
0.068934736
0.066456084
0.063596975
0.060371664
0.056798521
0.052915229
0.048748668
0.045755784
0.044061301
0.042317271
0.040536609
0.038736638
0.036931265
0.035104032
0.033263943
0.031417687
0.02957104
0.027720855
0.025865013
0.024014272
0.022178985
0.020343367
0.018514826
0.016702541
0.014912769
0.013126409
0.011357762
0.0096147865
0.0078923257
0.0061837209
0.0044981725
0.0028461991
0.0012062389
-0.00041099437
-0.0019926803
-0.0035556425
-0.0050964893
-0.0066036212
-0.0080885372
-0.009550476
-0.010978547
-0.012384292
-0.013766877
-0.015112944
-0.016438285
-0.017739408
-0.019002134
-0.020248017
-0.021462924
-0.022643932
-0.023805099
-0.024930661
-0.026029197
-0.027099052
-0.028130883
-0.029141633
-0.03011403
-0.031056194
-0.031963815
-0.032832986
-0.033671662
-0.03446503
-0.035229378
-0.035946646
-0.036627588
-0.037261761
-0.037853061
-0.038396463
-0.038891755
-0.039336738
-0.039728852
-0.040066961
-0.040348075
-0.040570361
-0.04073212
-0.040829159
-0.040862864
-0.040825029
-0.040723979
0.05662402
0.056645522
0.056677404
0.056724916
0.056791395
0.056882674
0.056993182
0.057124952
0.05727827
0.057464253
0.057686471
0.057932151
0.058202681
0.058500497
0.058822979
0.059174951
0.059566044
0.059988129
0.060430917
0.060893763
0.06137646
0.061890607
0.062432187
0.062982273
0.063530654
0.064093394
0.064672076
0.065236859
0.06576671
0.066275199
0.066758035
0.067170392
0.067506152
0.067761427
0.067884815
0.067866799
0.067692911
0.067305883
0.066696991
0.065829937
0.064681069
0.06322159
0.061435434
0.059307773
0.05683667
0.054024975
0.050891294
0.047449198
0.044918097
0.043471043
0.041973292
0.040433414
0.038862944
0.037275664
0.035658634
0.034018645
0.032360842
0.030691546
0.029008918
0.027311139
0.025606945
0.023907186
0.022198644
0.020487768
0.018782788
0.017091493
0.015396303
0.013710574
0.012042441
0.010387969
0.0087412421
0.00711115
0.0055087855
0.0039137493
0.0023367253
0.00079060764
-0.00074051572
-0.0022530422
-0.003735085
-0.0051976152
-0.0066398421
-0.0080504173
-0.0094404058
-0.01080909
-0.012142894
-0.013457062
-0.014748119
-0.01600176
-0.017239347
-0.018446746
-0.019620676
-0.020775211
-0.021894581
-0.022987296
-0.024051689
-0.025078265
-0.026083931
-0.027051414
-0.027988942
-0.028892207
-0.029757244
-0.030592126
-0.031381953
-0.032143201
-0.032857736
-0.033536418
-0.034168867
-0.034759132
-0.035302232
-0.035798049
-0.036244476
-0.036639045
-0.036980732
-0.037266649
-0.037495085
-0.037664474
-0.037770738
-0.037815455
-0.037790461
-0.037704441
0.049578658
0.049597022
0.049623858
0.049663784
0.049719409
0.049795519
0.049887621
0.049997414
0.050125051
0.05028047
0.050466848
0.050672703
0.050899216
0.051148647
0.051418752
0.05171398
0.052043161
0.052399239
0.052773192
0.053164746
0.053574197
0.0540125
0.054476767
0.05495072
0.055425968
0.055917876
0.056429658
0.056936029
0.057419788
0.057895317
0.058361597
0.058780168
0.059148488
0.059467373
0.059693122
0.059819304
0.059837518
0.059697194
0.059391668
0.058889688
0.058166662
0.057194566
0.055952065
0.054418799
0.052582422
0.050434759
0.047979133
0.045217372
0.043137317
0.041936048
0.040685745
0.039391031
0.038058276
0.036700651
0.035308333
0.033885733
0.032436176
0.030966143
0.029474919
0.027960637
0.026429733
0.024893123
0.02334009
0.02177586
0.020207317
0.01864344
0.017068442
0.015494249
0.013928864
0.012369648
0.010811439
0.0092624748
0.0077342808
0.0062079986
0.0046939223
0.0032048674
0.0017261694
0.00026151354
-0.0011771007
-0.002599854
-0.0040059276
-0.0053836788
-0.0067434637
-0.0080846533
-0.0093935825
-0.010684708
-0.011954603
-0.013188925
-0.014408535
-0.015599443
-0.016758011
-0.017898122
-0.019004122
-0.020084313
-0.021137009
-0.022152617
-0.023147815
-0.024105456
-0.025033757
-0.025928423
-0.026785434
-0.027612885
-0.028395887
-0.029150934
-0.029859948
-0.030533783
-0.031162173
-0.031749256
-0.032290114
-0.032784702
-0.033230998
-0.033626628
-0.033970669
-0.034260339
-0.034494038
-0.034670327
-0.034785252
-0.034840545
-0.034828128
-0.03475695
0.043363274
0.043378932
0.043401443
0.04343486
0.043481212
0.043544412
0.043620839
0.0437119
0.043817642
0.043946918
0.044102541
0.044274206
0.044462884
0.044670644
0.044895543
0.045141626
0.045416909
0.045715227
0.046028625
0.046357037
0.046701049
0.047070804
0.047464198
0.047867123
0.048272565
0.04869486
0.04913812
0.049580773
0.050008583
0.050435911
0.050863875
0.051259423
0.051622433
0.051956917
0.052225973
0.052425716
0.052552573
0.052562991
0.052452865
0.052196709
0.051771591
0.051152804
0.050317827
0.049245015
0.047916724
0.046318389
0.044442861
0.042283325
0.04061713
0.03964506
0.038627883
0.037566914
0.03646432
0.035332348
0.034163829
0.032960876
0.031724936
0.030462331
0.029173257
0.027855552
0.026513269
0.025156969
0.023778248
0.022380922
0.020970242
0.019555942
0.01812416
0.01668499
0.015245969
0.01380571
0.012359739
0.010915312
0.0094841579
0.0080492299
0.0066200625
0.0052091888
0.0038034413
0.0024064263
0.0010300396
-0.00033490157
-0.0016875796
-0.0030162574
-0.0043303853
-0.0056294131
-0.00689974
-0.0081548146
-0.0093913063
-0.010594942
-0.01178577
-0.01295011
-0.01408397
-0.015200841
-0.01628531
-0.017345332
-0.018379203
-0.019377282
-0.020355826
-0.021297946
-0.022211718
-0.023092877
-0.023937349
-0.024753148
-0.025525498
-0.026270733
-0.026970966
-0.027636923
-0.02825851
-0.028839883
-0.029376206
-0.029867481
-0.030311766
-0.030706778
-0.03105168
-0.031343793
-0.031581624
-0.031763847
-0.031886639
-0.031951851
-0.031951533
-0.031894799
0.037881319
0.037894653
0.037913479
0.037941351
0.037979833
0.038032117
0.038095283
0.038170489
0.038257706
0.038364791
0.038494227
0.03863678
0.038793232
0.03896545
0.039151743
0.039355754
0.039584699
0.039833179
0.040094148
0.040367647
0.040654417
0.040963723
0.041294002
0.041632961
0.041974652
0.042332222
0.042710193
0.043090045
0.043459863
0.043833455
0.044213237
0.04457073
0.044907335
0.045229044
0.04550475
0.045732464
0.045912129
0.046006766
0.046014604
0.045915649
0.045689786
0.045316627
0.044774908
0.044044362
0.043105803
0.041942065
0.040540045
0.038887705
0.03758185
0.036812396
0.036003216
0.035153093
0.034261071
0.033338303
0.032379829
0.031385744
0.030355773
0.029295857
0.028206898
0.027086335
0.025935953
0.024765627
0.023569
0.022348429
0.021107389
0.019855917
0.0185821
0.017293933
0.015998196
0.014694607
0.013379275
0.012058192
0.010743011
0.009418646
0.0080935326
0.0067796846
0.0054655746
0.0041545506
0.0028581573
0.0015683415
0.00028586391
-0.00097767639
-0.0022306837
-0.0034726968
-0.0046903596
-0.0058959365
-0.0070862499
-0.0082472248
-0.0093978175
-0.01052482
-0.011623919
-0.012708015
-0.013762069
-0.014793569
-0.015800786
-0.016774094
-0.017729141
-0.018649428
-0.019542766
-0.020404931
-0.021231802
-0.022031208
-0.022788589
-0.023519937
-0.024207691
-0.024862332
-0.025473985
-0.026046762
-0.026575921
-0.027061484
-0.027501584
-0.02789402
-0.028238022
-0.028531017
-0.028771605
-0.02895856
-0.0290882
-0.029162456
-0.029173543
-0.029130648
0.033048203
0.033059544
0.033075246
0.033098417
0.033130255
0.033173356
0.033225364
0.03328723
0.033358865
0.033447227
0.033554498
0.033672426
0.033801618
0.033943751
0.034097344
0.034265655
0.034455143
0.034661066
0.034877173
0.03510355
0.035341009
0.035597925
0.035873116
0.036155829
0.036440966
0.036740432
0.037058838
0.037380211
0.037694476
0.038014569
0.038343626
0.038657036
0.038957079
0.039250813
0.039511988
0.039739918
0.039936925
0.040071825
0.040144682
0.04014023
0.04004145
0.039832297
0.039493939
0.039008818
0.038358547
0.037525957
0.036495504
0.035252857
0.034247218
0.033649006
0.033017096
0.032348494
0.031640151
0.030902083
0.03013112
0.029325754
0.028484286
0.027612154
0.026710797
0.025777269
0.024811381
0.023822103
0.022804836
0.02176056
0.020691005
0.019606107
0.018495837
0.017366008
0.016222432
0.015065728
0.013892471
0.012707213
0.011521238
0.010321452
0.009114932
0.007912933
0.0067056047
0.0054958624
0.0042946457
0.0030950813
0.0018977972
0.00071400541
-0.0004635804
-0.001634618
-0.0027861958
-0.0039292771
-0.0050609048
-0.0061673529
-0.0072662526
-0.0083450342
-0.0093991122
-0.010440631
-0.011455065
-0.012449325
-0.013421667
-0.014362547
-0.015286832
-0.016178544
-0.017045113
-0.017882373
-0.018686166
-0.019464032
-0.020201732
-0.020914743
-0.021585957
-0.022225495
-0.022823753
-0.023384731
-0.023903794
-0.024380963
-0.02481443
-0.02520207
-0.025543165
-0.02583524
-0.026076976
-0.026267236
-0.02640248
-0.026484685
-0.026506268
-0.026476394
0.028789754
0.028799391
0.028812453
0.028831659
0.028857913
0.028893323
0.028935987
0.028986683
0.029045281
0.029117927
0.029206534
0.029303742
0.029410011
0.029526836
0.029652917
0.029791152
0.029947294
0.030117177
0.030295248
0.030481605
0.030677073
0.030889167
0.031116978
0.031351078
0.031587058
0.031835599
0.032101203
0.032370045
0.032633533
0.032903565
0.033183604
0.033452334
0.033712465
0.03397148
0.034207176
0.034419697
0.03461284
0.03476038
0.034863662
0.034911258
0.034889056
0.034784868
0.034582657
0.034267972
0.033824436
0.033236364
0.032488129
0.031565202
0.030800748
0.030341951
0.029855459
0.029337167
0.028782798
0.028201266
0.027590819
0.026948797
0.026272448
0.025566667
0.024833284
0.024069074
0.023272275
0.022450852
0.021601674
0.020724536
0.019819607
0.0188964
0.017946648
0.016974076
0.015983427
0.014976004
0.013948745
0.01290471
0.011854552
0.010787112
0.0097079549
0.0086273743
0.007537142
0.0064395995
0.0053448517
0.0042471798
0.0031470002
0.0020548961
0.00096470137
-0.00012340291
-0.0011971543
-0.0022661655
-0.003327772
-0.0043687639
-0.0054052751
-0.0064255341
-0.007424759
-0.0084142055
-0.0093800029
-0.010328408
-0.011257675
-0.012158425
-0.013044594
-0.013900852
-0.014734151
-0.015540401
-0.016315423
-0.017066379
-0.017779449
-0.018469437
-0.019119807
-0.019740215
-0.020321378
-0.02086712
-0.021372929
-0.021838795
-0.022262962
-0.022643373
-0.02297934
-0.023268486
-0.023509557
-0.02370149
-0.023840895
-0.023929752
-0.023960718
-0.023942846
0.02504067
0.025048849
0.025059691
0.025075563
0.025097144
0.025126137
0.025161009
0.025202394
0.025250133
0.025309646
0.025382603
0.025462458
0.025549546
0.025645192
0.025748257
0.025861305
0.025989443
0.026129006
0.026275065
0.02642771
0.026587747
0.026761879
0.026949393
0.027142014
0.027335906
0.027540586
0.027760322
0.027983121
0.028201609
0.028426584
0.028661577
0.028888093
0.029108984
0.029331722
0.029537473
0.029726877
0.029904527
0.030048374
0.030160568
0.03023267
0.030253098
0.030212849
0.030098576
0.029898808
0.02959961
0.02918744
0.028647934
0.027967629
0.027391295
0.027042598
0.026671723
0.026273989
0.025844555
0.025391306
0.024913583
0.024407999
0.023871117
0.023307299
0.022718655
0.022101818
0.021453889
0.020781825
0.02008369
0.019358354
0.018604701
0.017831605
0.017032403
0.016208964
0.015364971
0.014502203
0.013617895
0.012713684
0.011799394
0.010865679
0.0099165617
0.008961234
0.0079929689
0.0070134483
0.0060317652
0.0050432726
0.0040481114
0.0030560275
0.0020619176
0.0010657597
7.8977217e-05
-0.00090670693
-0.0018889899
-0.0028553465
-0.0038203116
-0.0047730543
-0.0057086937
-0.0066375088
-0.0075464212
-0.0084409883
-0.0093194889
-0.010172799
-0.011013809
-0.011827958
-0.012621643
-0.013390877
-0.014131483
-0.01485017
-0.015533632
-0.016195859
-0.016821004
-0.017418166
-0.017978424
-0.018505374
-0.018994638
-0.019446158
-0.019858216
-0.020228816
-0.020557285
-0.020841336
-0.021079769
-0.02127158
-0.02141353
-0.021507569
-0.021546626
-0.021539554
0.021743313
0.021750249
0.021759227
0.021772308
0.02178999
0.02181365
0.021842048
0.021875703
0.021914437
0.021963017
0.022022903
0.022088284
0.022159392
0.022237398
0.022321303
0.022413368
0.02251811
0.022632309
0.022751592
0.022876034
0.023006398
0.023148637
0.023302181
0.023459765
0.02361804
0.023785436
0.023965924
0.024149082
0.024328553
0.024514037
0.024708969
0.024897288
0.025081804
0.025269703
0.025444966
0.02560849
0.025765199
0.025896527
0.026005062
0.026084635
0.026125771
0.026121972
0.02606228
0.025937808
0.025737048
0.025448732
0.025060365
0.024560164
0.024127197
0.023863374
0.02358216
0.023278691
0.022948024
0.022597113
0.022226101
0.021831237
0.021408722
0.020962422
0.020494625
0.020001967
0.019480823
0.018937203
0.018370117
0.017777783
0.017158126
0.016519253
0.015855924
0.015168479
0.014459627
0.013731451
0.012981441
0.012209987
0.011425959
0.010621661
0.0097996602
0.0089679817
0.0081212382
0.007260432
0.0063935386
0.005516864
0.0046302384
0.0037424173
0.0028492615
0.0019505157
0.0010566104
0.00016053387
-0.00073582593
-0.0016207835
-0.0025072432
-0.0033854271
-0.004250466
-0.00511162
-0.0059567272
-0.0067906363
-0.0076116838
-0.008411098
-0.0092006445
-0.0099666475
-0.010714896
-0.011441536
-0.01214243
-0.012823773
-0.013472867
-0.014102773
-0.014698437
-0.015268323
-0.01580392
-0.016308547
-0.016777978
-0.017212086
-0.017609187
-0.017967339
-0.018285867
-0.018562573
-0.018796297
-0.018986082
-0.019128838
-0.01922646
-0.019272169
-0.019274543
0.018846667
0.018852544
0.018859962
0.018870711
0.018885154
0.018904395
0.018927436
0.018954696
0.018985992
0.019025506
0.019074512
0.019127865
0.019185712
0.019249087
0.019317114
0.019391781
0.019477069
0.019570153
0.019667159
0.019768142
0.019873814
0.01998944
0.020114557
0.020242789
0.020371204
0.02050724
0.020654532
0.020804023
0.020950211
0.021101742
0.021261862
0.021416615
0.021568662
0.021724737
0.021871186
0.02200901
0.022143146
0.022257935
0.022356135
0.022433267
0.022481581
0.022496481
0.022469026
0.022392454
0.022257435
0.022054819
0.02177412
0.021405409
0.021079816
0.020880234
0.020667236
0.020436046
0.02018192
0.019910965
0.019623894
0.019316862
0.018985968
0.018634628
0.018265219
0.017874499
0.017458471
0.017022287
0.016565685
0.016086484
0.015581967
0.015059428
0.014514852
0.01394741
0.013358977
0.012751799
0.012123608
0.011473777
0.01081018
0.010126581
0.0094242677
0.0087101068
0.0079798726
0.007233928
0.0064791013
0.005712518
0.0049336965
0.0041503175
0.0033590836
0.0025594969
0.0017608924
0.00095741462
0.00015050773
-0.00064910739
-0.0014527354
-0.0022517228
-0.0030413253
-0.0038297844
-0.0046059545
-0.0053739991
-0.0061323496
-0.0068726817
-0.0076056031
-0.0083184164
-0.0090162811
-0.0096955142
-0.010352055
-0.01099155
-0.011601994
-0.012195438
-0.012757708
-0.013296583
-0.013803995
-0.014282963
-0.014729421
-0.015143166
-0.015522543
-0.015865661
-0.016171833
-0.016438943
-0.016665866
-0.016851679
-0.016993445
-0.017092967
-0.017143792
-0.017154148
0.016305468
0.016310442
0.016316557
0.016325367
0.016337126
0.016352718
0.01637134
0.016393331
0.016418507
0.016450531
0.01649051
0.016533902
0.016580788
0.016632076
0.016686999
0.016747301
0.016816482
0.016892066
0.016970627
0.017052199
0.017137441
0.017230989
0.017332465
0.017436278
0.017539857
0.017649739
0.01776922
0.017890424
0.018008581
0.018131351
0.018261735
0.018387609
0.018511426
0.018639383
0.01875982
0.018873748
0.018985913
0.019083087
0.019168017
0.01923747
0.01928509
0.019307689
0.019297986
0.019250902
0.019158959
0.019014838
0.018809948
0.018536128
0.018289989
0.018138406
0.017976601
0.017800057
0.017604399
0.017394972
0.017172866
0.016934334
0.016675557
0.016399552
0.016108705
0.015799985
0.015469294
0.01512103
0.01475547
0.014370244
0.013962274
0.013538042
0.013094566
0.012630189
0.012146116
0.011644648
0.011123759
0.010582055
0.010026432
0.0094519166
0.0088587497
0.0082527034
0.0076305352
0.006992056
0.0063429844
0.0056811316
0.0050057358
0.0043233865
0.0036314999
0.0029293494
0.0022251306
0.0015140132
0.00079699746
8.3756836e-05
-0.00063549363
-0.0013532502
-0.0020649962
-0.0027779894
-0.0034821685
-0.0041810603
-0.004873227
-0.0055508787
-0.0062234693
-0.0068793531
-0.0075230647
-0.0081511284
-0.0087596081
-0.0093535871
-0.0099218283
-0.010475319
-0.011000843
-0.011505462
-0.01198159
-0.012431922
-0.012852575
-0.013243263
-0.01360236
-0.013928028
-0.014219561
-0.014474925
-0.014693022
-0.014872954
-0.015011939
-0.015111667
-0.015166028
-0.01518284
0.01407947
0.014083675
0.014088706
0.014095906
0.014105447
0.014118037
0.014133028
0.014150693
0.014170853
0.014196709
0.014229223
0.014264394
0.014302252
0.014343591
0.014387745
0.014436236
0.014492134
0.014553273
0.014616628
0.014682218
0.014750642
0.014825972
0.014907895
0.014991516
0.01507458
0.015162813
0.015259175
0.015356825
0.015451622
0.015550315
0.015655637
0.015757063
0.015856815
0.015960512
0.01605819
0.01615081
0.016242811
0.016322998
0.016393999
0.016453487
0.01649623
0.016520066
0.016519064
0.016489437
0.016425228
0.016320642
0.016168747
0.015962947
0.015775188
0.015659187
0.015535465
0.015399864
0.015248455
0.015085906
0.014913524
0.014727784
0.014525077
0.014308059
0.014079063
0.01383532
0.013572829
0.013295339
0.013003499
0.012694914
0.012366368
0.01202357
0.011664381
0.011286623
0.010890986
0.010479748
0.01005112
0.0096031916
0.0091419352
0.0086634494
0.0081671729
0.0076578912
0.0071331748
0.0065923965
0.0060402542
0.0054751199
0.0048960066
0.004308456
0.0037104739
0.0031011403
0.0024875237
0.0018656804
0.001236195
0.00060765822
-2.8310421e-05
-0.00066533444
-0.0012992083
-0.001936266
-0.0025675609
-0.0031960475
-0.0038204487
-0.0044335793
-0.0050437774
-0.0056404944
-0.0062276675
-0.0068020622
-0.007359916
-0.007905754
-0.0084291668
-0.0089400619
-0.0094262364
-0.0098940257
-0.010336359
-0.010755601
-0.011148071
-0.011513401
-0.011850003
-0.012156093
-0.012430945
-0.012672609
-0.01288001
-0.013052272
-0.013186769
-0.01328506
-0.013341393
-0.01336313
0.012132823
0.012136375
0.012140505
0.012146372
0.012154089
0.012164216
0.012176233
0.01219036
0.012206425
0.01222722
0.012253579
0.012281987
0.012312436
0.012345619
0.012380956
0.012419776
0.012464762
0.012514024
0.012564897
0.012617387
0.012672034
0.012732405
0.012798238
0.012865254
0.012931476
0.013001907
0.013079185
0.013157372
0.013232873
0.013311609
0.013396041
0.01347704
0.013556589
0.013639733
0.013717948
0.013792119
0.013866313
0.013931046
0.013988759
0.014037783
0.014073796
0.014095369
0.014097656
0.014077856
0.014031236
0.013953225
0.01383829
0.013681152
0.013536195
0.013446485
0.013350979
0.01324592
0.013127848
0.013000825
0.012866258
0.012720916
0.012561471
0.012390257
0.012209503
0.012016724
0.011808151
0.01158697
0.011354074
0.011107152
0.010843022
0.010566672
0.010276637
0.0099704603
0.0096484597
0.0093128319
0.0089620194
0.0085938109
0.0082133368
0.0078175873
0.0074054332
0.0069808004
0.0065419179
0.0060878425
0.005622371
0.0051443257
0.0046525621
0.0041516595
0.0036401021
0.003116826
0.0025878314
0.0020499264
0.0015033309
0.00095556271
0.00039951049
-0.00015951255
-0.00071767015
-0.0012804482
-0.0018400061
-0.0023987986
-0.0029557283
-0.003504263
-0.0040516892
-0.0045885703
-0.0051182895
-0.0056378824
-0.0061438045
-0.0066400452
-0.0071170647
-0.007583704
-0.0080288089
-0.0084580014
-0.0088647491
-0.0092510969
-0.0096135821
-0.0099517679
-0.010264109
-0.010548885
-0.010805352
-0.011031651
-0.011226729
-0.011389731
-0.011518187
-0.011613514
-0.011670335
-0.011695514
0.010433552
0.010436548
0.010439931
0.010444698
0.010450917
0.010459031
0.010468622
0.010479866
0.010492603
0.01050926
0.010530559
0.010553422
0.010577813
0.010604334
0.010632482
0.010663414
0.010699471
0.010739003
0.010779674
0.010821473
0.010864888
0.010913034
0.010965689
0.01101912
0.011071597
0.011127477
0.011189098
0.011251314
0.011311003
0.011373341
0.01144052
0.011504637
0.011567442
0.011633425
0.011695292
0.01175384
0.011812738
0.011863947
0.011909689
0.011948769
0.011977602
0.011995279
0.01199783
0.011983188
0.011947594
0.011887452
0.011798371
0.011676151
0.011562645
0.011492388
0.011417794
0.011335518
0.011242556
0.011142429
0.011036561
0.010922043
0.010795866
0.010660074
0.010516757
0.010363715
0.010197486
0.010020778
0.0098346211
0.0096368589
0.0094244594
0.0092017541
0.0089677978
0.0087200436
0.0084585532
0.008185401
0.0078992506
0.0075977631
0.00728532
0.0069596373
0.0066192245
0.0062672784
0.00590255
0.0055238957
0.0051343434
0.0047330707
0.0043188439
0.0038953924
0.0034615823
0.0030162606
0.0025644517
0.002103591
0.0016335991
0.0011609692
0.00067971502
0.00019418237
-0.00029219356
-0.00078413347
-0.0012748588
-0.0017663982
-0.0022578404
-0.0027433297
-0.0032291822
-0.0037070582
-0.0041798409
-0.0046448549
-0.0050988113
-0.0055451979
-0.0059753664
-0.0063971307
-0.0068003978
-0.0071901069
-0.0075602803
-0.0079126615
-0.0082440228
-0.0085538723
-0.0088407202
-0.0091029206
-0.0093397184
-0.00954935
-0.0097307919
-0.009883208
-0.01000429
-0.010095309
-0.010151267
-0.010178509
0.0089531005
0.0089556253
0.00895839
0.0089622527
0.0089672464
0.0089737209
0.0089813392
0.0089902446
0.0090002856
0.0090135715
0.009030725
0.0090490578
0.0090685121
0.0090896129
0.0091119233
0.0091364489
0.0091652253
0.0091968192
0.0092291823
0.0092622972
0.0092965982
0.0093347978
0.0093767102
0.009419082
0.009460404
0.0095044597
0.0095533109
0.0096025027
0.0096493299
0.0096982983
0.0097513485
0.0098016457
0.0098507263
0.0099025533
0.0099508912
0.0099964437
0.010042483
0.010082191
0.01011756
0.010147737
0.010169741
0.010183022
0.010184316
0.010172106
0.0101434
0.01009537
0.01002454
0.0099275784
0.0098373409
0.0097815557
0.0097225286
0.0096573163
0.0095833362
0.0095036306
0.0094195801
0.0093286037
0.009228019
0.0091196114
0.0090053057
0.0088831796
0.0087501113
0.0086084031
0.0084591388
0.0083003579
0.008129249
0.0079495554
0.007760721
0.0075602421
0.0073480146
0.0071259641
0.0068929582
0.0066466621
0.0063908013
0.0061236717
0.0058435897
0.0055531466
0.0052514983
0.0049373994
0.0046132407
0.0042784742
0.0039318399
0.003576339
0.0032111384
0.0028350496
0.0024522325
0.0020606394
0.0016599625
0.0012557468
0.00084298756
0.0004251788
5.347054e-06
-0.00042054736
-0.00084671612
-0.0012748303
-0.0017041598
-0.0021295243
-0.0025563609
-0.0029773832
-0.0033950332
-0.0038069325
-0.0042100747
-0.0046074884
-0.004991417
-0.0053687067
-0.0057303161
-0.0060805457
-0.0064139786
-0.006732083
-0.0070318803
-0.007312841
-0.0075735445
-0.0078124298
-0.0080287421
-0.0082208208
-0.0083876769
-0.0085285
-0.0086411458
-0.0087267365
-0.0087806633
-0.0088087364
0.0076659557
0.0076680806
0.0076703354
0.0076734556
0.0076774504
0.0076825941
0.0076886158
0.0076956307
0.0077034994
0.0077140492
0.0077278165
0.0077424597
0.0077579076
0.0077746154
0.0077922054
0.0078115493
0.0078344135
0.0078595542
0.0078851822
0.0079112734
0.0079382138
0.0079683594
0.0080015525
0.0080349662
0.0080672847
0.0081017862
0.0081402797
0.0081789161
0.0082153531
0.0082535018
0.0082950682
0.0083341532
0.0083720951
0.0084123724
0.0084496564
0.0084845613
0.0085199785
0.0085501254
0.0085767676
0.0085992986
0.0086152331
0.0086242647
0.0086237046
0.0086124394
0.0085880856
0.008548412
0.0084906735
0.008412228
0.0083393918
0.0082944745
0.0082471328
0.0081947989
0.0081352701
0.0080711661
0.0080037853
0.0079308632
0.0078500371
0.0077628601
0.0076710798
0.0075730303
0.0074659404
0.0073517642
0.007231583
0.0071036462
0.006965402
0.0068200711
0.0066673795
0.006504955
0.0063325948
0.0061520602
0.0059624022
0.005761382
0.0055521572
0.0053334781
0.0051035969
0.0048646096
0.0046159787
0.0043564355
0.0040878544
0.0038098953
0.0035213226
0.0032245301
0.0029189179
0.0026033091
0.0022811172
0.0019507158
0.0016116371
0.0012685723
0.00091736074
0.00056076893
0.00020142643
-0.00016410686
-0.00053094172
-0.0009004525
-0.0012720761
-0.0016412848
-0.0020127311
-0.0023801163
-0.002745499
-0.0031067954
-0.0034612967
-0.0038116179
-0.0041508744
-0.0044850177
-0.0048060271
-0.0051176181
-0.0054149296
-0.0056991857
-0.0059676661
-0.0062198227
-0.006454317
-0.0066696842
-0.0068651821
-0.0070392608
-0.0071909741
-0.0073195433
-0.0074229904
-0.0075022948
-0.0075532366
-0.0075810914
0.0065493135
0.0065510995
0.0065529343
0.006555447
0.0065586303
0.006562698
0.0065674325
0.0065729263
0.0065790525
0.0065873901
0.0065984006
0.0066100497
0.0066222585
0.0066354206
0.0066492105
0.0066643819
0.0066824635
0.006702379
0.0067225694
0.0067430065
0.0067640315
0.0067876855
0.0068138341
0.0068400268
0.0068651193
0.0068919445
0.0069220829
0.006952215
0.0069803164
0.0070097714
0.0070420715
0.007072135
0.0071011219
0.0071320686
0.0071604262
0.0071867254
0.0072135016
0.0072358524
0.0072553285
0.0072714991
0.0072822888
0.0072875555
0.0072850767
0.0072740381
0.0072525342
0.007218802
0.0071706723
0.0071060483
0.0070464142
0.0070097629
0.0069712948
0.0069287859
0.0068803687
0.0068282915
0.0067737478
0.0067147686
0.0066492922
0.0065786645
0.0065044522
0.0064252219
0.0063385432
0.0062460728
0.006148849
0.0060453312
0.0059332412
0.0058153392
0.0056915479
0.0055596797
0.0054194809
0.005272542
0.0051180745
0.0049539949
0.0047829729
0.0046041079
0.0044156811
0.0042193873
0.0040149148
0.0038010296
0.0035791948
0.0033492237
0.0031099432
0.0028632508
0.0026087249
0.0023452371
0.0020755698
0.001798437
0.001513272
0.0012240134
0.00092721891
0.00062504951
0.00031976334
8.443658e-06
-0.00030481783
-0.00062115115
-0.00094013941
-0.0012578681
-0.0015782978
-0.0018960355
-0.0022128111
-0.0025268234
-0.0028356645
-0.0031415816
-0.0034385247
-0.0037316315
-0.004013853
-0.0042883779
-0.0045508861
-0.0048023899
-0.0050404314
-0.005264462
-0.0054732367
-0.0056653971
-0.0058402257
-0.0059962903
-0.0061326961
-0.006248703
-0.0063425009
-0.0064149354
-0.0064621719
-0.0064889614
0.005582795
0.0055842941
0.0055857839
0.0055878011
0.0055903275
0.0055935286
0.0055972298
0.0056015054
0.0056062407
0.0056127971
0.0056215706
0.0056307988
0.0056403996
0.0056507121
0.0056614569
0.0056732837
0.0056875126
0.005703214
0.0057190337
0.0057349411
0.0057512362
0.005769683
0.0057901666
0.0058105679
0.0058298943
0.0058505877
0.0058740232
0.0058973444
0.0059188046
0.005941324
0.0059661999
0.0059890642
0.0060109173
0.0060343976
0.0060556261
0.0060750588
0.0060949039
0.0061110081
0.0061247236
0.0061357449
0.0061423371
0.0061444649
0.0061402878
0.0061292111
0.006109707
0.0060803785
0.0060395101
0.0059854345
0.0059359896
0.0059057227
0.0058740897
0.0058391761
0.0057994061
0.005756703
0.0057121445
0.005664031
0.0056105775
0.0055529458
0.005492525
0.0054280891
0.0053575269
0.0052822414
0.0052032019
0.0051190681
0.0050278327
0.0049318528
0.0048311819
0.0047238436
0.0046095662
0.0044897696
0.0043638032
0.0042297717
0.0040899279
0.0039436346
0.003789264
0.0036281882
0.0034602569
0.0032843096
0.0031014865
0.0029117105
0.0027138966
0.0025095428
0.0022983619
0.0020793005
0.0018546163
0.0016232956
0.0013847241
0.0011421884
0.00089285165
0.00063838263
0.00038070205
0.00011734667
-0.00014828521
-0.00041712316
-0.0006888726
-0.00096018127
-0.0012344056
-0.001506967
-0.0017793162
-0.0020499146
-0.0023166482
-0.002581441
-0.0028390251
-0.0030938089
-0.0033396517
-0.0035792744
-0.0038088736
-0.0040292819
-0.004238302
-0.0044354008
-0.0046194355
-0.0047891615
-0.0049438976
-0.0050823343
-0.0052036359
-0.005307108
-0.0053911084
-0.0054563604
-0.0054994068
-0.0055244925
0.0047481983
0.0047494548
0.0047506619
0.0047522761
0.0047542727
0.0047567788
0.0047596545
0.0047629592
0.0047665903
0.0047717185
0.0047786831
0.0047859613
0.0047934711
0.0048015039
0.0048098202
0.0048189792
0.0048301175
0.0048424345
0.0048547571
0.0048670537
0.0048795872
0.0048938777
0.0049098273
0.004925608
0.0049403608
0.0049561855
0.004974274
0.0049921735
0.0050083805
0.0050254071
0.005044377
0.0050615435
0.0050777664
0.0050953279
0.0051109252
0.0051249478
0.0051393082
0.0051504913
0.0051596686
0.0051666239
0.0051699064
0.0051695477
0.0051640211
0.0051528933
0.0051349358
0.0051090381
0.0050738419
0.0050280181
0.0049865858
0.0049613344
0.0049350513
0.004906097
0.0048731469
0.0048378412
0.0048011392
0.0047615829
0.0047176367
0.0046703
0.0046207923
0.0045680703
0.0045103149
0.0044487124
0.0043841482
0.0043154669
0.0042409189
0.0041625106
0.0040803763
0.0039927597
0.003899392
0.0038015279
0.0036986333
0.003589015
0.0034745707
0.0033548584
0.0032283791
0.003096246
0.0029584196
0.0028138365
0.0026633858
0.0025070658
0.0023438939
0.0021750509
0.0020003488
0.0018188256
0.0016323083
0.0014399997
0.0012412773
0.0010388712
0.0008304504
0.00061729181
0.00040101659
0.00017955197
-4.4296582e-05
-0.00027129434
-0.00050124475
-0.00073130047
-0.00096429487
-0.0011963689
-0.0014287373
-0.0016600999
-0.0018886213
-0.0021159432
-0.0023375177
-0.0025571069
-0.0027694051
-0.0029767228
-0.0031757416
-0.0033671442
-0.0035489862
-0.003720763
-0.0038814395
-0.0040298892
-0.0041654768
-0.0042870178
-0.0043937424
-0.0044850076
-0.004559337
-0.0046173449
-0.0046559391
-0.0046788842
0.0040292807
0.0040303322
0.004031308
0.0040325956
0.0040341665
0.0040361176
0.0040383369
0.004040872
0.0040436315
0.0040476198
0.0040531266
0.0040588405
0.0040646812
0.0040708987
0.0040772885
0.0040843304
0.0040930005
0.0041026112
0.004112149
0.0041215827
0.0041311416
0.0041421322
0.0041544709
0.004166585
0.0041777333
0.0041897168
0.0042035645
0.0042171754
0.0042292582
0.004241968
0.0042562739
0.0042689697
0.0042807917
0.0042937061
0.0043049054
0.0043147207
0.0043248
0.004332172
0.0043378464
0.0043416706
0.0043424313
0.0043401992
0.0043337068
0.0043226392
0.0043060057
0.0042829214
0.0042523085
0.0042131054
0.0041780956
0.0041568539
0.0041348288
0.0041106228
0.0040831263
0.0040537338
0.0040232892
0.0039905481
0.0039541972
0.0039150927
0.0038742967
0.0038309245
0.0037834195
0.0037327832
0.0036798104
0.0036235127
0.0035623788
0.0034981108
0.0034308886
0.0033591712
0.0032827058
0.003202591
0.00311839
0.0030286119
0.0029348527
0.0028368126
0.0027331405
0.002624742
0.0025116501
0.0023929101
0.0022692171
0.0021406183
0.0020062392
0.001867011
0.0017228173
0.0015727959
0.0014184231
0.0012590729
0.0010941432
0.00092589389
0.0007524141
0.00057467427
0.00039403429
0.00020875573
2.1144111e-05
-0.00016943109
-0.00036284869
-0.00055670694
-0.0007533894
-0.00094966338
-0.0011465449
-0.0013429452
-0.0015372865
-0.0017309653
-0.0019200856
-0.0021078429
-0.0022896871
-0.0024675721
-0.0026386273
-0.0028034113
-0.0029602211
-0.0031085899
-0.0032475919
-0.0033762202
-0.0034938917
-0.0035995474
-0.0036924872
-0.0037721243
-0.0038371437
-0.0038880643
-0.0039221424
-0.0039426934
0.0034115665
0.0034124447
0.0034132314
0.0034142548
0.0034154852
0.0034169953
0.0034186954
0.0034206237
0.0034226995
0.0034257822
0.0034301187
0.0034345826
0.0034390974
0.0034438768
0.0034487465
0.0034541176
0.0034608258
0.003468282
0.0034756136
0.0034827901
0.0034900109
0.0034983961
0.0035078739
0.0035170953
0.0035254222
0.0035343954
0.0035449005
0.0035551417
0.0035640127
0.0035733574
0.0035840082
0.0035932281
0.0036016456
0.0036109481
0.0036187535
0.0036253422
0.003632128
0.0036366027
0.0036396325
0.0036411097
0.0036400204
0.0036364558
0.003629363
0.0036185137
0.0036031072
0.0035824363
0.0035556446
0.0035218816
0.0034921142
0.0034741325
0.0034555525
0.0034351878
0.0034121115
0.0033875059
0.0033621057
0.0033348541
0.0033046334
0.0032721746
0.0032383954
0.0032025486
0.0031633101
0.0031215237
0.0030778928
0.0030315774
0.0029812816
0.0029284456
0.0028732688
0.0028144142
0.0027516515
0.0026859351
0.0026169085
0.0025432745
0.0024663736
0.002386007
0.0023009777
0.002212025
0.0021192257
0.0020217367
0.0019201036
0.001814403
0.0017038677
0.0015892335
0.0014704343
0.0013467095
0.0012192519
0.00108757
0.0009511008
0.00081171086
0.00066783581
0.00052021007
0.00036996885
0.00021565853
5.916765e-05
-0.00010002369
-0.00026184982
-0.00042429661
-0.00058936299
-0.00075435463
-0.00092012073
-0.0010857562
-0.0012499166
-0.0014137864
-0.0015740514
-0.0017334139
-0.0018879986
-0.0020394523
-0.0021853107
-0.0023260316
-0.002460137
-0.0025872039
-0.0027064147
-0.0028168793
-0.0029180719
-0.0030090554
-0.0030892021
-0.0031579834
-0.0032142394
-0.0032584068
-0.0032880706
-0.0033061313
0.0028821728
0.0028829053
0.0028835388
0.0028843489
0.002885308
0.0028864692
0.002887761
0.0028892139
0.002890757
0.0028931238
0.0028965243
0.0028999936
0.0029034603
0.0029071065
0.0029107841
0.002914844
0.0029200005
0.0029257498
0.0029313428
0.0029367505
0.0029421457
0.0029484857
0.0029557095
0.0029626625
0.0029687973
0.0029754286
0.0029833159
0.0029909282
0.0029973201
0.0030040648
0.0030118745
0.0030184188
0.0030242322
0.003030758
0.0030359787
0.0030401312
0.0030444232
0.0030467407
0.003047824
0.003047597
0.0030452131
0.0030407718
0.0030333982
0.0030229277
0.0030087113
0.002990183
0.0029666609
0.0029374621
0.0029120437
0.0028967536
0.0028810033
0.0028637898
0.0028443409
0.0028236559
0.0028023694
0.0027795873
0.0027543627
0.0027273175
0.0026992394
0.0026694995
0.0026369769
0.0026023816
0.0025663286
0.0025281078
0.0024866155
0.0024430665
0.002397663
0.0023492552
0.0022976387
0.0022436364
0.0021869575
0.0021264851
0.0020633428
0.0019974027
0.0019276193
0.0018545975
0.0017784376
0.0016984053
0.0016149309
0.0015281063
0.0014372663
0.0013429942
0.0012452585
0.0011433967
0.0010383734
0.00092980247
0.00081717122
0.00070201855
0.00058306509
0.00046086563
0.00033636429
0.00020834886
7.8363021e-05
-5.4022151e-05
-0.00018878005
-0.00032422972
-0.00046204288
-0.00059998308
-0.00073875948
-0.00087762433
-0.0010154406
-0.0011532101
-0.0012881309
-0.0014224797
-0.001552976
-0.0016810035
-0.0018044622
-0.0019237278
-0.0020375289
-0.0021454891
-0.0022468946
-0.0023409675
-0.0024272404
-0.0025048935
-0.0025733706
-0.0026322026
-0.0026803755
-0.0027182564
-0.0027437362
-0.002759337
0.0024296596
0.0024302699
0.0024307795
0.0024314184
0.0024321621
0.0024330488
0.0024340213
0.0024351041
0.0024362353
0.0024380392
0.002440694
0.0024433756
0.002446018
0.0024487763
0.0024515248
0.0024545626
0.002458498
0.0024629016
0.0024671324
0.0024711631
0.0024751427
0.0024798877
0.0024853457
0.0024905317
0.0024949772
0.0024998011
0.0025056526
0.0025112297
0.0025157266
0.0025204819
0.002526103
0.0025306102
0.0025344572
0.0025388741
0.0025421556
0.0025445015
0.0025469394
0.0025476905
0.0025473852
0.0025459697
0.002542738
0.0025377897
0.0025303982
0.0025204452
0.0025074042
0.0024908209
0.0024701515
0.0024448469
0.002423086
0.002410047
0.0023966519
0.0023820554
0.0023656157
0.0023481752
0.002330278
0.0023111705
0.0022900536
0.0022674548
0.0022440462
0.0022192998
0.0021922715
0.0021635569
0.002133689
0.0021020699
0.0020677651
0.0020317965
0.0019943581
0.0019544686
0.0019119502
0.0018675075
0.0018209036
0.0017711848
0.0017192915
0.0016651442
0.0016078403
0.0015478761
0.0014853615
0.0014196636
0.0013511243
0.0012798403
0.0012052411
0.0011277907
0.0010474805
0.00096373979
0.00087734998
0.00078800669
0.00069525303
0.00060035633
0.00050227068
0.00040141556
0.0002985738
0.00019273699
8.5165384e-05
-2.4495052e-05
-0.00013624375
-0.00024868338
-0.00036320844
-0.00047796869
-0.00059355582
-0.00070935499
-0.00082441087
-0.00093956848
-0.0010524717
-0.0011650323
-0.0012744884
-0.0013819998
-0.0014857884
-0.0015861634
-0.0016820401
-0.0017730889
-0.0018586932
-0.0019381806
-0.0020111413
-0.0020768651
-0.0021348657
-0.002184732
-0.0022255859
-0.0022577357
-0.0022793538
-0.0022926201
0.0020438904
0.0020443981
0.0020448072
0.0020453094
0.0020458828
0.0020465547
0.0020472793
0.002048076
0.0020488912
0.002050255
0.0020523181
0.0020543786
0.0020563765
0.0020584433
0.0020604728
0.002062719
0.0020656988
0.0020690473
0.0020722171
0.0020751834
0.0020780741
0.0020815835
0.0020856669
0.0020894862
0.0020926415
0.0020960828
0.002100363
0.0021043778
0.0021074422
0.0021106919
0.0021146434
0.0021176192
0.0021200032
0.0021228403
0.0021246924
0.0021257274
0.0021268164
0.0021264657
0.0021252101
0.0021230115
0.0021192818
0.0021141161
0.0021069113
0.0020975829
0.002085703
0.0020709066
0.0020527594
0.0020308188
0.0020121668
0.0020010308
0.001989617
0.001977216
0.0019632951
0.0019485631
0.0019334829
0.0019174218
0.001899708
0.0018807875
0.0018612304
0.0018405949
0.0018180889
0.0017942114
0.0017694198
0.0017432132
0.0017148041
0.0016850501
0.0016541303
0.001621213
0.0015861456
0.0015495279
0.0015111669
0.0014702541
0.0014275755
0.0013830837
0.001336007
0.0012867539
0.001235434
0.0011815073
0.0011252472
0.0010667485
0.0010055261
0.00094195114
0.00087602879
0.00080727238
0.00073631597
0.00066291897
0.00058668103
0.00050864504
0.00042795598
0.00034493209
0.00026022094
0.0001729855
8.4254073e-05
-6.2656625e-06
-9.8589281e-05
-0.00019155905
-0.00028633553
-0.00038139196
-0.00047722155
-0.00057332061
-0.00066889098
-0.00076464336
-0.00085860624
-0.0009523798
-0.0010436503
-0.0011333873
-0.0012200943
-0.0013040269
-0.0013842662
-0.0014605278
-0.0015322845
-0.0015989606
-0.0016602014
-0.0017153979
-0.0017641297
-0.0018060409
-0.0018403779
-0.0018673998
-0.0018855344
-0.0018966559
0.0017159046
0.0017163262
0.0017166538
0.0017170471
0.0017174867
0.0017179914
0.0017185247
0.0017191021
0.0017196772
0.0017206989
0.0017222943
0.0017238676
0.0017253645
0.0017268964
0.0017283735
0.0017300114
0.0017322478
0.0017347734
0.0017371225
0.0017392723
0.0017413326
0.0017438919
0.0017469124
0.0017496827
0.0017518627
0.0017542567
0.0017573342
0.0017601609
0.001762156
0.0017642808
0.0017669725
0.0017688137
0.0017701284
0.0017718012
0.001772622
0.0017727314
0.0017728658
0.0017717729
0.0017699051
0.0017672352
0.0017632743
0.00175811
0.0017512423
0.0017426111
0.0017318684
0.0017187205
0.0017028202
0.0016838105
0.0016678217
0.0016583069
0.0016485741
0.0016380292
0.0016262319
0.0016137761
0.0016010541
0.001587536
0.0015726592
0.0015567994
0.001540438
0.0015232064
0.0015044421
0.0014845627
0.0014639577
0.0014422089
0.001418656
0.0013940164
0.0013684513
0.0013412599
0.001312313
0.0012821182
0.0012505181
0.0012168319
0.0011817153
0.0011451417
0.0011064569
0.0010659976
0.0010238676
0.00097960978
0.000933444
0.0008854595
0.00083524652
0.00078310337
0.00072904328
0.00067265448
0.00061445254
0.00055424648
0.00049169046
0.00042764221
0.00036140257
0.00029321437
0.00022361226
0.00015190282
7.8925054e-05
4.4375509e-06
-7.1584235e-05
-0.00014818371
-0.00022632468
-0.0003047499
-0.00038387007
-0.00046327368
-0.00054229712
-0.00062153642
-0.00069934898
-0.00077707028
-0.00085277044
-0.00092725832
-0.00099928123
-0.0010690508
-0.0011357942
-0.001199269
-0.0012590288
-0.0013145848
-0.0013656341
-0.0014116587
-0.0014522995
-0.0014872519
-0.0015158746
-0.0015383858
-0.0015534428
-0.0015626483
0.0014378024
0.0014381519
0.0014384139
0.0014387207
0.0014390555
0.001439431
0.0014398179
0.0014402285
0.001440623
0.0014413805
0.001442608
0.0014438009
0.001444911
0.0014460319
0.0014470884
0.0014482624
0.0014499241
0.0014518118
0.0014535304
0.0014550593
0.0014564924
0.0014583273
0.0014605318
0.0014625039
0.0014639552
0.0014655647
0.0014677301
0.0014696627
0.0014708716
0.0014721681
0.0014739214
0.0014749366
0.0014754866
0.001476318
0.0014764147
0.0014758946
0.0014753775
0.0014738161
0.0014715919
0.0014686851
0.00146469
0.0014596856
0.0014532575
0.0014453637
0.0014357208
0.0014240924
0.0014102005
0.0013937566
0.0013800613
0.0013719352
0.0013636368
0.0013546705
0.0013446724
0.0013341397
0.0013234023
0.0013120184
0.001299518
0.0012862169
0.0012725197
0.0012581193
0.0012424641
0.0012259024
0.0012087639
0.0011907006
0.001171161
0.0011507441
0.0011295916
0.0011071162
0.0010832096
0.0010582992
0.0010322568
0.0010045121
0.00097561109
0.00094554033
0.00091374912
0.00088051556
0.00084593417
0.00080962076
0.0007717533
0.00073241283
0.00069125563
0.00064852264
0.00060423094
0.00055803463
0.00051035379
0.00046103606
0.00040978623
0.00035730948
0.00030303379
0.00024714594
0.00019008662
0.0001312824
7.1417992e-05
1.029403e-05
-5.2118023e-05
-0.0001150296
-0.0001792395
-0.00024371418
-0.0003087952
-0.00037414703
-0.00043922025
-0.00050451333
-0.00056866292
-0.00063278056
-0.00069526289
-0.00075678321
-0.00081629801
-0.00087398313
-0.00092919252
-0.00098172201
-0.0010311964
-0.0010772046
-0.0011194904
-0.0011576172
-0.0011912811
-0.0012202243
-0.0012439054
-0.0012625085
-0.001274894
-0.0012824262
0.0012026406
0.0012029297
0.0012031387
0.0012033772
0.0012036305
0.0012039067
0.0012041824
0.0012044675
0.0012047278
0.0012052827
0.0012062219
0.0012071196
0.0012079328
0.0012087406
0.0012094795
0.0012103033
0.0012115236
0.0012129199
0.0012141578
0.0012152193
0.0012161839
0.0012174713
0.0012190543
0.0012204248
0.0012213389
0.0012223686
0.0012238492
0.0012251172
0.0012257585
0.001226456
0.0012275204
0.0012279473
0.0012279657
0.0012282039
0.0012278106
0.0012268845
0.0012259458
0.0012241202
0.0012217284
0.001218756
0.0012148671
0.0012101312
0.0012042057
0.0011970614
0.0011884675
0.0011782334
0.0011661367
0.001151944
0.0011402293
0.0011332968
0.0011262273
0.0011186083
0.0011101401
0.0011012374
0.001092177
0.0010825908
0.0010720881
0.0010609332
0.0010494647
0.0010374275
0.0010243639
0.0010105637
0.00099630421
0.00098129692
0.00096508291
0.00094816109
0.00093065395
0.0009120717
0.00089232434
0.00087177014
0.00085030422
0.00082745169
0.00080366639
0.00077894235
0.00075281916
0.00072552678
0.00069714886
0.00066736447
0.00063631857
0.00060408291
0.00057037077
0.0005353777
0.00049912188
0.00046131452
0.00042229861
0.0003819519
0.00034002495
0.00029709729
0.00025270066
0.00020698011
0.00016029835
0.00011218192
6.3189874e-05
1.3157554e-05
-3.794427e-05
-8.9466845e-05
-0.00014207099
-0.0001949082
-0.00024826219
-0.0003018598
-0.00035524779
-0.0004088419
-0.00046151439
-0.00051418806
-0.00056553554
-0.00061611612
-0.00066506437
-0.00071252676
-0.00075796623
-0.00080121256
-0.00084195294
-0.00087984402
-0.00091467137
-0.00094606988
-0.00097378483
-0.0009976004
-0.0010170628
-0.0010323276
-0.0010424343
-0.0010485389
0.0010043345
0.0010045734
0.0010047398
0.0010049244
0.0010051145
0.001005315
0.0010055071
0.0010056987
0.0010058607
0.0010062614
0.0010069758
0.0010076455
0.0010082328
0.0010088039
0.0010093058
0.0010098677
0.0010107515
0.0010117718
0.0010126465
0.0010133597
0.0010139788
0.0010148568
0.0010159705
0.0010168925
0.0010174171
0.0010180246
0.0010189974
0.0010197781
0.0010200188
0.0010202927
0.0010208605
0.0010208799
0.0010205428
0.0010203762
0.0010196688
0.0010185027
0.0010173134
0.0010153725
0.001012949
0.001010032
0.0010063439
0.0010019452
0.00099655313
0.00099014742
0.00098254021
0.00097357799
0.00096308227
0.00095086455
0.00094086224
0.00093495708
0.00092894234
0.00092247568
0.00091531071
0.00090779267
0.00090015231
0.00089208448
0.00088326465
0.00087391395
0.00086431434
0.00085425464
0.00084335585
0.00083185901
0.00081999593
0.0008075281
0.00079407503
0.00078005128
0.00076556127
0.00075019825
0.0007338881
0.00071692976
0.00069923748
0.00068041748
0.00066084634
0.00064052219
0.00061906228
0.00059665691
0.00057337849
0.00054896037
0.0005235213
0.0004971235
0.00046952896
0.00044089712
0.00041124556
0.00038033448
0.00034844438
0.00031547665
0.00028122231
0.00024615747
0.00020989855
0.0001725594
0.00013443817
9.51445e-05
5.513506e-05
1.4273859e-05
-2.7466984e-05
-6.9554681e-05
-0.00011253495
-0.00015571203
-0.00019932124
-0.00024314045
-0.00028679697
-0.00033063662
-0.00037372935
-0.00041683951
-0.00045887161
-0.0005002894
-0.00054037792
-0.00057925945
-0.00061648975
-0.0006519282
-0.00068531578
-0.00071636774
-0.0007449062
-0.00077062795
-0.00079332127
-0.00081280709
-0.00082870754
-0.00084115427
-0.00084934164
-0.00085424501
0.00083757021
0.0008377671
0.00083789934
0.00083804162
0.0008381831
0.00083832631
0.00083845623
0.00083857914
0.00083867029
0.0008389545
0.00083949451
0.00083998921
0.00084040589
0.00084079984
0.00084112686
0.00084149527
0.00084212461
0.00084285922
0.0008434621
0.00084391906
0.00084428723
0.00084486254
0.00084562545
0.00084621718
0.00084646489
0.00084677088
0.00084737196
0.00084780159
0.00084776789
0.00084775082
0.00084796838
0.00084771623
0.00084715462
0.00084672445
0.00084583248
0.00084454721
0.00084323184
0.00084128104
0.00083891972
0.00083613949
0.00083271143
0.00082868756
0.00082383464
0.00081813908
0.00081144785
0.00080363727
0.00079456415
0.00078407606
0.00077555356
0.00077053271
0.00076542369
0.00075994322
0.00075388913
0.00074754808
0.00074111177
0.0007343277
0.00072692737
0.00071909503
0.00071106475
0.000702662
0.00069357403
0.00068400073
0.00067413503
0.00066378026
0.00065262203
0.00064100401
0.00062901412
0.00061631596
0.00060284892
0.00058886143
0.00057428328
0.00055878934
0.00054269155
0.00052598987
0.00050836777
0.00048998284
0.00047089659
0.00045088856
0.00043005647
0.00040845338
0.00038588258
0.00036247457
0.00033824538
0.00031299682
0.00028695863
0.0002600508
0.00023209958
0.00020349593
0.00017392544
0.00014347848
0.00011239982
8.0368032e-05
4.775633e-05
1.445241e-05
-1.9569148e-05
-5.3871438e-05
-8.8904449e-05
-0.0001240982
-0.00015964765
-0.00019537231
-0.00023096652
-0.00026671733
-0.00030185968
-0.00033702541
-0.00037131286
-0.00040510592
-0.00043781598
-0.00046954531
-0.00049992812
-0.00052884917
-0.00055609534
-0.00058143199
-0.00060471277
-0.00062568758
-0.0006441819
-0.00066004853
-0.00067297496
-0.00068307309
-0.00068967111
-0.00069358952
0.00069772174
0.00069788371
0.00069798858
0.00069809775
0.000698202
0.00069830223
0.00069838644
0.00069845962
0.00069850082
0.00069869792
0.00069910311
0.00069946438
0.00069975336
0.00070001616
0.00070021598
0.00070044342
0.00070088193
0.0007014013
0.00070180283
0.00070207415
0.00070226336
0.00070261793
0.00070312138
0.00070347346
0.00070352931
0.000703625
0.00070395853
0.00070414033
0.00070392635
0.00070371729
0.00070369493
0.00070327178
0.00070258141
0.00070199148
0.00070100853
0.00069968951
0.0006983365
0.00069644746
0.00069421001
0.00069161742
0.00068848138
0.00068484611
0.00068051965
0.00067549303
0.00066964164
0.00066286585
0.00065505075
0.00064607309
0.00063882739
0.00063456684
0.00063023496
0.00062559798
0.00062049033
0.0006151495
0.00060973409
0.00060403572
0.00059783286
0.00059127867
0.00058456673
0.00057755312
0.00056998051
0.00056201435
0.00055381441
0.00054521898
0.00053596909
0.00052634904
0.00051643204
0.0005059409
0.00049482644
0.00048329429
0.00047128689
0.00045853686
0.00044530214
0.00043158318
0.00041711946
0.00040204151
0.00038640075
0.0003700157
0.00035296711
0.00033529958
0.00031685113
0.00029772899
0.00027794712
0.00025734241
0.00023610328
0.00021416441
0.0001913823
0.00016807785
0.00014399317
0.00011920078
9.3901448e-05
6.7830723e-05
4.1293809e-05
1.4197945e-05
-1.3479337e-05
-4.1380171e-05
-6.9875186e-05
-9.8497748e-05
-0.00012740924
-0.0001564631
-0.00018540919
-0.00021448538
-0.00024306362
-0.00027166541
-0.00029955029
-0.00032703563
-0.00035363828
-0.00037944391
-0.0004041525
-0.00042767031
-0.00044982294
-0.00047041807
-0.00048933619
-0.00050637209
-0.00052138279
-0.00053424812
-0.00054471068
-0.00055286525
-0.00055815338
-0.00056126223
0.00058077653
0.00058090948
0.00058099247
0.00058107582
0.00058115173
0.00058122004
0.00058127113
0.00058130896
0.00058131589
0.00058144846
0.00058175
0.00058201018
0.00058220455
0.00058237145
0.00058248032
0.00058260672
0.00058290351
0.00058326207
0.00058351631
0.0005836555
0.00058372
0.00058391617
0.00058423013
0.00058441134
0.00058433873
0.00058429227
0.00058443699
0.0005844485
0.00058412326
0.00058379494
0.00058361458
0.00058309351
0.00058234275
0.00058166798
0.00058065973
0.00057936529
0.00057803508
0.00057625373
0.00057417729
0.00057180019
0.0005689679
0.00056571764
0.00056189171
0.00055748436
0.00055239414
0.00054654085
0.00053983222
0.00053216859
0.00052602181
0.00052241358
0.00051874732
0.00051483066
0.00051052827
0.00050603643
0.00050148586
0.00049670505
0.00049151172
0.00048603285
0.00048042797
0.00047457868
0.00046827383
0.00046165011
0.00045483921
0.00044770852
0.00044004535
0.00043208443
0.00042388604
0.00041522264
0.00040605457
0.00039655141
0.00038666593
0.00037617904
0.00036530366
0.00035403997
0.00034217449
0.00032981536
0.00031700494
0.00030359442
0.00028965077
0.00027521099
0.00026014215
0.00024453262
0.00022839415
0.00021159298
0.00019428384
0.00017641308
0.00015786283
0.00013889645
0.00011930217
9.9138854e-05
7.8571032e-05
5.7381249e-05
3.5819277e-05
1.3808453e-05
-8.6706533e-06
-3.1325137e-05
-5.4460064e-05
-7.7693536e-05
-0.00010115908
-0.00012473775
-0.00014822519
-0.00017181831
-0.00019500233
-0.00021820722
-0.00024082599
-0.00026312083
-0.0002846961
-0.00030562373
-0.00032565845
-0.00034472461
-0.00036268021
-0.00037936846
-0.0003946925
-0.00040848497
-0.00042062966
-0.00043102949
-0.00043947387
-0.00044604397
-0.00045027838
-0.00045275228
0.0004832664
0.00048337528
0.00048344081
0.00048350409
0.00048355858
0.00048360341
0.00048363092
0.0004836442
0.00048362848
0.00048371382
0.00048393605
0.00048412016
0.00048424523
0.00048434303
0.00048438821
0.00048444365
0.00048463632
0.00048487586
0.00048502387
0.0004850711
0.00048505129
0.00048513602
0.00048531359
0.00048537558
0.00048522108
0.00048508268
0.00048509747
0.00048499608
0.00048460928
0.00048421408
0.0004839356
0.00048336847
0.00048260475
0.00048189777
0.00048090862
0.0004796765
0.00047840834
0.00047676128
0.00047486478
0.00047271406
0.00047018261
0.00046730147
0.00046394136
0.00046009869
0.00045569094
0.00045065355
0.00044491238
0.00043838693
0.00043318293
0.00043013278
0.00042703515
0.00042373217
0.00042011347
0.00041634091
0.00041252176
0.00040851525
0.00040417181
0.00039959648
0.00039492023
0.00039004588
0.00038480067
0.0003792973
0.00037364381
0.00036773175
0.00036138697
0.00035480283
0.00034802852
0.00034087787
0.00033331912
0.00032549163
0.00031735659
0.00030873509
0.00029980263
0.00029055871
0.00028082913
0.00027070349
0.0002602162
0.00024924566
0.00023784762
0.00022605236
0.00021375113
0.00020101698
0.00018785949
0.00017416927
0.00016007358
0.00014552807
0.00013043635
0.00011501464
9.9088732e-05
8.2706942e-05
6.6004057e-05
4.8801224e-05
3.1303081e-05
1.3446189e-05
-4.7859993e-06
-2.3153821e-05
-4.1908352e-05
-6.0737037e-05
-7.9750358e-05
-9.8851824e-05
-0.00011787468
-0.00013698184
-0.00015575188
-0.00017453902
-0.00019284639
-0.00021089047
-0.00022834796
-0.00024527929
-0.00026148457
-0.00027690303
-0.00029141957
-0.00030490682
-0.00031728664
-0.00032842298
-0.00033822162
-0.00034660421
-0.00035339848
-0.00035867291
-0.00036204588
-0.00036399579
0.00040220482
0.00040229376
0.00040234536
0.0004023931
0.00040243149
0.00040245929
0.00040247034
0.00040246711
0.00040243721
0.00040248842
0.00040265026
0.00040277758
0.00040285253
0.00040290137
0.00040290316
0.00040291002
0.00040302711
0.00040317948
0.00040325217
0.00040323723
0.00040316277
0.00040317099
0.00040325208
0.00040323315
0.00040303038
0.00040283638
0.00040276468
0.00040259221
0.00040217872
0.00040175348
0.00040141975
0.00040084226
0.00040009714
0.00039939363
0.00039845194
0.00039730454
0.00039612182
0.00039462147
0.00039291063
0.00039098498
0.00038874131
0.00038620519
0.0003832709
0.00037993627
0.00037613419
0.00037181274
0.00036691232
0.00036136789
0.00035696963
0.00035439526
0.00035178182
0.0003490001
0.00034596028
0.00034279552
0.0003395935
0.00033623899
0.00033260962
0.00032879204
0.00032489339
0.0003208341
0.0003164732
0.00031190345
0.00030721308
0.00030231362
0.0002970629
0.0002916199
0.00028602429
0.00028012433
0.00027389475
0.00026744968
0.00026075714
0.00025367158
0.00024633741
0.0002387533
0.00023077767
0.00022248479
0.00021390216
0.00020493079
0.00019561722
0.00018598594
0.00017594814
0.00016556448
0.00015484246
0.00014369281
0.00013222044
0.00012038838
0.00010811814
9.558733e-05
8.2652322e-05
6.9353212e-05
5.5800424e-05
4.1846723e-05
2.7660015e-05
1.3187702e-05
-1.5841561e-06
-1.6459445e-05
-3.1644884e-05
-4.6884586e-05
-6.227001e-05
-7.7722913e-05
-9.3107322e-05
-0.00010855806
-0.00012373033
-0.00013891592
-0.00015370849
-0.00016828678
-0.00018238702
-0.00019606012
-0.00020914357
-0.00022158892
-0.00023330331
-0.00024418379
-0.00025416787
-0.00026314568
-0.00027104163
-0.00027779359
-0.00028326208
-0.00028750651
-0.00029021441
-0.00029178568
0.00033502962
0.00033510205
0.00033514256
0.00033517829
0.00033520467
0.00033522027
0.00033522017
0.00033520627
0.0003351683
0.00033519522
0.0003353113
0.00033539652
0.00033543579
0.00033545068
0.00033542396
0.00033539869
0.00033546168
0.00033555094
0.00033557129
0.00033551596
0.00033540825
0.00033536564
0.00033537987
0.00033530803
0.00033508069
0.00033485686
0.00033473018
0.00033451652
0.00033409999
0.00033366976
0.0003333107
0.00033274639
0.00033203958
0.00033136246
0.00033048475
0.00032943324
0.00032834772
0.00032699637
0.00032546758
0.00032375732
0.00032178166
0.00031956144
0.00031701039
0.00031412726
0.00031085746
0.00030715928
0.00030298473
0.00029828136
0.0002945687
0.00029239829
0.00029019551
0.00028785494
0.00028530362
0.00028265085
0.00027996798
0.00027716094
0.00027412992
0.00027094624
0.00026769721
0.0002643178
0.00026069334
0.00025690003
0.00025300958
0.00024895
0.00024460557
0.00024010678
0.00023548523
0.00023061765
0.00022548415
0.00022017784
0.0002146723
0.00020884953
0.00020282826
0.0001966062
0.00019006878
0.00018327764
0.00017625435
0.00016891854
0.0001613093
0.00015344607
0.0001452565
0.00013679117
0.00012805566
0.00011897727
0.0001096427
0.00010002084
9.0048015e-05
7.9870283e-05
6.9368869e-05
5.857741e-05
4.7586403e-05
3.6274463e-05
2.4779601e-05
1.3058099e-05
1.0982996e-06
-1.0939238e-05
-2.3224873e-05
-3.554896e-05
-4.7987285e-05
-6.0476426e-05
-7.2905527e-05
-8.5386252e-05
-9.7636552e-05
-0.00010989685
-0.00012183497
-0.00013359857
-0.00014497264
-0.00015600012
-0.0001665491
-0.00017658108
-0.00018602126
-0.00019478653
-0.00020282687
-0.00021005344
-0.00021640521
-0.00022183222
-0.00022622033
-0.00022961887
-0.00023176901
-0.0002330007
0.00027955098
0.00027960976
0.00027964145
0.00027966791
0.00027968541
0.00027969242
0.00027968502
0.00027966468
0.0002796229
0.00027963287
0.00027971441
0.00027976869
0.00027978299
0.00027977498
0.00027973049
0.000279685
0.00027970987
0.00027975402
0.00027973895
0.00027965886
0.00027953302
0.00027945812
0.00027942722
0.00027932257
0.0002790869
0.00027885098
0.00027869174
0.0002784577
0.00027805343
0.00027763445
0.00027727022
0.00027673357
0.0002760761
0.00027543892
0.00027463305
0.0002736806
0.00027269573
0.00027148863
0.00027013202
0.000268622
0.00026689058
0.00026495453
0.0002627436
0.0002602571
0.00025745062
0.00025429067
0.00025073856
0.00024675204
0.00024361984
0.00024179075
0.00023993468
0.00023796587
0.00023582516
0.00023360203
0.00023135428
0.00022900537
0.00022647412
0.0002238191
0.00022111112
0.00021829723
0.00021528441
0.00021213515
0.0002089074
0.00020554275
0.00020194733
0.00019822805
0.00019440968
0.00019039249
0.000186161
0.00018179086
0.00017726018
0.00017247361
0.00016752879
0.00016242236
0.00015706207
0.0001514992
0.00014575022
0.00013975007
0.00013353179
0.0001271105
0.00012042734
0.00011352472
0.00010640649
9.9013516e-05
9.1417675e-05
8.3592539e-05
7.548659e-05
6.7220159e-05
5.8694646e-05
4.9938571e-05
4.1026162e-05
3.1857121e-05
2.2545146e-05
1.3053779e-05
3.3733044e-06
-6.3646744e-06
-1.6300796e-05
-2.6263078e-05
-3.6314436e-05
-4.6403479e-05
-5.6439771e-05
-6.6516008e-05
-7.6401293e-05
-8.6293999e-05
-9.5922524e-05
-0.00010540905
-0.00011457842
-0.00012346698
-0.0001319679
-0.00014005087
-0.00014765602
-0.00015471668
-0.00016119345
-0.00016701533
-0.00017213415
-0.00017651141
-0.00018005596
-0.00018281215
-0.00018457061
-0.00018560896
0.00023390513
0.00023395261
0.00023397728
0.00023399662
0.00023400757
0.00023400866
0.00023399674
0.00023397293
0.00023393023
0.00023392862
0.0002339842
0.00023401592
0.00023401312
0.00023399019
0.00023393553
0.00023387824
0.00023387675
0.00023388909
0.00023385079
0.00023375693
0.00023362333
0.00023352925
0.00023346884
0.00023334549
0.00023311211
0.00023287584
0.00023269953
0.00023245908
0.00023207618
0.00023167818
0.00023132161
0.00023082051
0.00023021713
0.00022962659
0.00022889431
0.0002280385
0.00022715192
0.00022607966
0.00022488137
0.00022355315
0.00022204019
0.00022035572
0.00021844273
0.00021630079
0.00021389376
0.00021119479
0.00020817257
0.00020479312
0.00020214965
0.0002006074
0.0001990425
0.00019738542
0.00019558825
0.00019372407
0.00019183942
0.00018987225
0.00018775678
0.00018554098
0.00018328201
0.0001809368
0.00017843023
0.00017581346
0.00017313298
0.00017034156
0.0001673633
0.00016428573
0.00016112776
0.00015780914
0.00015431798
0.0001507155
0.0001469834
0.00014304502
0.00013898063
0.00013478585
0.00013038675
0.00012582618
0.00012111621
0.00011620439
0.00011111879
0.0001058709
0.00010041285
9.4780444e-05
8.8975988e-05
8.2951436e-05
7.676661e-05
7.0398798e-05
6.3806448e-05
5.7088923e-05
5.0163985e-05
4.3056069e-05
3.5826165e-05
2.8391113e-05
2.0844876e-05
1.315692e-05
5.3191329e-06
-2.5603707e-06
-1.0598046e-05
-1.8652488e-05
-2.6776084e-05
-3.4927196e-05
-4.3031918e-05
-5.1167473e-05
-5.9144494e-05
-6.7127048e-05
-7.4892763e-05
-8.2542978e-05
-8.9934848e-05
-9.7099223e-05
-0.00010394947
-0.0001104617
-0.00011658783
-0.00012227408
-0.00012748895
-0.00013217489
-0.00013629263
-0.0001398107
-0.0001426533
-0.00014485559
-0.0001462413
-0.00014703645
0.000196513
0.00019655115
0.00019657023
0.00019658407
0.00019659024
0.00019658734
0.00019657284
0.00019654759
0.00019650585
0.00019649653
0.00019653263
0.00019654802
0.0001965338
0.00019650161
0.00019644199
0.00019637871
0.00019635934
0.00019634956
0.00019629666
0.00019619649
0.00019606196
0.00019595769
0.00019587877
0.00019574629
0.00019552168
0.00019529232
0.00019510925
0.00019487123
0.00019451432
0.00019414228
0.0001938008
0.00019333834
0.00019278937
0.00019224721
0.00019158597
0.00019082063
0.00019002602
0.00018907623
0.00018802
0.00018685335
0.00018553234
0.00018406718
0.00018241173
0.00018056565
0.00017849951
0.00017619178
0.00017361707
0.00017074806
0.00016851362
0.00016721106
0.00016588923
0.00016449201
0.00016298073
0.0001614149
0.00015983169
0.00015818101
0.0001564098
0.00015455727
0.00015266921
0.00015071075
0.00014862143
0.00014644314
0.00014421281
0.00014189237
0.00013942075
0.00013686953
0.00013425265
0.00013150589
0.00012862034
0.00012564526
0.00012256526
0.000119319
0.00011597254
0.00011252046
0.00010890395
0.00010515892
0.00010129372
9.7266204e-05
9.3100455e-05
8.8804819e-05
8.4340441e-05
7.9737755e-05
7.4997717e-05
7.0081291e-05
6.5038532e-05
5.9849677e-05
5.4481273e-05
4.9015694e-05
4.3383891e-05
3.7607042e-05
3.1735418e-05
2.5699701e-05
1.9577907e-05
1.3344301e-05
6.9920666e-06
6.103436e-07
-5.8977484e-06
-1.241554e-05
-1.8986861e-05
-2.5577971e-05
-3.2128312e-05
-3.8702574e-05
-4.5145e-05
-5.1591841e-05
-5.7860635e-05
-6.4035846e-05
-7.0000878e-05
-7.5782184e-05
-8.1309685e-05
-8.6564909e-05
-9.1509741e-05
-9.6101436e-05
-0.00010031582
-0.00010410763
-0.00010744688
-0.00011031094
-0.00011264098
-0.00011447164
-0.00011566389
-0.00011641287
0.00016604124
0.00016607166
0.00016608628
0.0001660959
0.00016609859
0.00016609308
0.00016607735
0.00016605201
0.00016601239
0.00016599815
0.00016601967
0.00016602332
0.00016600173
0.00016596424
0.00016590317
0.0001658378
0.00016580662
0.00016578171
0.00016572024
0.00016561867
0.00016548748
0.00016537904
0.00016528919
0.00016515385
0.0001649416
0.00016472325
0.00016453996
0.00016430959
0.00016398018
0.0001636358
0.00016331304
0.00016288909
0.00016239192
0.00016189662
0.00016130114
0.00016061778
0.00015990641
0.00015906516
0.00015813368
0.00015710778
0.00015595255
0.00015467553
0.00015323956
0.00015164423
0.00014986552
0.00014788619
0.00014568564
0.00014324181
0.00014134707
0.00014024337
0.0001391229
0.00013794067
0.00013666563
0.00013534612
0.00013401148
0.00013262148
0.00013113356
0.00012957969
0.00012799625
0.00012635507
0.0001246078
0.00012278868
0.00012092669
0.0001189913
0.00011693361
0.00011481212
0.00011263654
0.00011035583
0.00010796358
0.00010549915
0.00010294946
0.00010026576
9.7502494e-05
9.4653216e-05
9.1671532e-05
8.8587721e-05
8.5406963e-05
8.2095511e-05
7.8674246e-05
7.5148865e-05
7.1487808e-05
6.7717206e-05
6.3836834e-05
5.9814933e-05
5.5693707e-05
5.1455691e-05
4.7073985e-05
4.261728e-05
3.8027074e-05
3.3321971e-05
2.85436e-05
2.3633757e-05
1.8657628e-05
1.3593337e-05
8.4351065e-06
3.2568064e-06
-2.0226722e-06
-7.3065839e-06
-1.2631835e-05
-1.7971054e-05
-2.3274379e-05
-2.8596412e-05
-3.3808378e-05
-3.9024094e-05
-4.4093142e-05
-4.908632e-05
-5.3907994e-05
-5.8580878e-05
-6.3047901e-05
-6.7294512e-05
-7.1289969e-05
-7.4999446e-05
-7.8403251e-05
-8.1463955e-05
-8.4155953e-05
-8.6459237e-05
-8.8321994e-05
-8.9768866e-05
-9.0676045e-05
-9.1198372e-05
0.00014136673
0.00014139075
0.0001414018
0.00014140817
0.00014140836
0.00014140123
0.00014138517
0.0001413606
0.00014132376
0.00014130655
0.00014131716
0.00014131245
0.00014128634
0.00014124624
0.00014118595
0.00014112101
0.00014108228
0.0001410472
0.0001409812
0.00014088131
0.00014075591
0.00014064711
0.0001405514
0.00014041707
0.00014021871
0.00014001328
0.0001398336
0.00013961351
0.00013931107
0.00013899388
0.00013869088
0.00013830323
0.0001378535
0.0001374015
0.00013686501
0.00013625411
0.00013561614
0.00013486916
0.00013404524
0.00013313992
0.00013212576
0.00013100793
0.00012975663
0.00012837124
0.0001268321
0.00012512536
0.00012323416
0.00012114056
0.00011952496
0.00011858453
0.00011762904
0.0001166228
0.00011554109
0.00011442303
0.0001132914
0.00011211412
0.00011085729
0.00010954692
0.00010821156
0.00010682854
0.00010535948
0.00010383239
0.00010226955
0.00010064666
9.8924809e-05
9.7151832e-05
9.5333738e-05
9.3430415e-05
9.1437506e-05
8.9386208e-05
8.726524e-05
8.5036204e-05
8.2744086e-05
8.0381437e-05
7.7912057e-05
7.5361693e-05
7.2732783e-05
6.9998425e-05
6.7176974e-05
6.4271855e-05
6.1257395e-05
5.8156345e-05
5.4967408e-05
5.1664687e-05
4.8284142e-05
4.4810043e-05
4.1220787e-05
3.7574113e-05
3.3819869e-05
2.9974666e-05
2.6073188e-05
2.2066085e-05
1.8008284e-05
1.3880977e-05
9.6791932e-06
5.4645998e-06
1.1686453e-06
-3.1278496e-06
-7.4562755e-06
-1.179443e-05
-1.6100926e-05
-2.0422527e-05
-2.4651816e-05
-2.8885021e-05
-3.2997184e-05
-3.7048541e-05
-4.0960241e-05
-4.4752401e-05
-4.8378703e-05
-5.1828354e-05
-5.5077416e-05
-5.8098673e-05
-6.0878004e-05
-6.3387102e-05
-6.5608034e-05
-6.7529307e-05
-6.9113508e-05
-7.0390948e-05
-7.1269804e-05
-7.1894164e-05
0.0001215539
0.00012157259
0.00012158076
0.00012158458
0.00012158292
0.00012157481
0.00012155893
0.00012153556
0.00012150169
0.00012148273
0.00012148501
0.0001214742
0.00012144535
0.00012140422
0.00012134584
0.00012128261
0.00012123899
0.00012119689
0.00012112871
0.00012103191
0.00012091313
0.00012080587
0.00012070709
0.00012057552
0.00012039076
0.00012019816
0.00012002351
0.00011981401
0.00011953614
0.00011924367
0.0001189591
0.00011860365
0.00011819538
0.00011778125
0.00011729554
0.00011674656
0.00011617104
0.00011550365
0.00011477018
0.00011396576
0.00011306921
0.00011208362
0.00011098531
0.00010977339
0.00010843174
0.00010694922
0.00010531183
0.00010350486
0.00010211712
0.00010130959
0.00010048805
9.9624639e-05
9.8699831e-05
9.7745142e-05
9.677785e-05
9.5772613e-05
9.4702695e-05
9.3589202e-05
9.2454149e-05
9.127939e-05
9.0034766e-05
8.874318e-05
8.7421322e-05
8.6049971e-05
8.4598488e-05
8.3105955e-05
8.1575204e-05
7.997513e-05
7.8303099e-05
7.6583544e-05
7.4806594e-05
7.2942343e-05
7.1028131e-05
6.9055468e-05
6.6996551e-05
6.487355e-05
6.2686491e-05
6.0414062e-05
5.8072687e-05
5.5663808e-05
5.3166497e-05
5.0600879e-05
4.7964657e-05
4.5236658e-05
4.2447921e-05
3.958397e-05
3.6627512e-05
3.3627562e-05
3.0540495e-05
2.7381445e-05
2.4179575e-05
2.0892477e-05
1.7567014e-05
1.4186775e-05
1.0747368e-05
7.3009591e-06
3.7887017e-06
2.7901262e-07
-3.2552331e-06
-6.7959802e-06
-1.030831e-05
-1.3833178e-05
-1.7279474e-05
-2.0730032e-05
-2.4079452e-05
-2.7379855e-05
-3.0565174e-05
-3.3653286e-05
-3.660575e-05
-3.9413961e-05
-4.205815e-05
-4.4515277e-05
-4.6772951e-05
-4.8806072e-05
-5.0596905e-05
-5.2132043e-05
-5.3372859e-05
-5.4336048e-05
-5.4926944e-05
-5.5253019e-05
0.00010583625
0.00010585048
0.00010585627
0.00010585805
0.000105855
0.00010584627
0.00010583083
0.0001058088
0.00010577783
0.00010575786
0.00010575364
0.00010573826
0.00010570773
0.00010566643
0.00010561041
0.00010554942
0.0001055025
0.00010545534
0.00010538619
0.00010529289
0.00010518058
0.00010507548
0.00010497495
0.00010484648
0.00010467391
0.00010449275
0.00010432287
0.00010412269
0.00010386575
0.00010359417
0.00010332497
0.00010299622
0.00010262216
0.00010223888
0.00010179452
0.00010129583
0.00010077059
0.00010016732
9.9506493e-05
9.8782735e-05
9.7980098e-05
9.7099786e-05
9.6123205e-05
9.5049279e-05
9.3864825e-05
9.256115e-05
9.1126661e-05
8.9549822e-05
8.834544e-05
8.7644888e-05
8.693102e-05
8.618231e-05
8.5383483e-05
8.4559855e-05
8.3724057e-05
8.2856351e-05
8.1935954e-05
8.0979946e-05
8.0004862e-05
7.8996293e-05
7.7930885e-05
7.6827386e-05
7.5697768e-05
7.4527006e-05
7.3291272e-05
7.202257e-05
7.0720935e-05
6.9362704e-05
6.794672e-05
6.6491836e-05
6.4989201e-05
6.3415826e-05
6.1802986e-05
6.0141044e-05
5.8409035e-05
5.6626356e-05
5.4790883e-05
5.2885842e-05
5.0926275e-05
4.8911964e-05
4.6825812e-05
4.4685947e-05
4.2489139e-05
4.0217924e-05
3.7899511e-05
3.5520323e-05
3.3066436e-05
3.0580117e-05
2.8022669e-05
2.5408095e-05
2.2761355e-05
2.0045199e-05
1.7300367e-05
1.451223e-05
1.1676651e-05
8.8387363e-06
5.946718e-06
3.0596716e-06
1.5357195e-07
-2.7568694e-06
-5.6415647e-06
-8.5374976e-06
-1.1365769e-05
-1.4199503e-05
-1.694828e-05
-1.9658545e-05
-2.2274378e-05
-2.4812643e-05
-2.7241831e-05
-2.9556312e-05
-3.1741416e-05
-3.3779986e-05
-3.5664896e-05
-3.737921e-05
-3.8913508e-05
-4.0265073e-05
-4.1411382e-05
-4.2383681e-05
-4.3123125e-05
-4.3746639e-05
9.3569642e-05
9.3580156e-05
9.3584051e-05
9.3584297e-05
9.3580306e-05
9.3571377e-05
9.3556702e-05
9.3536275e-05
9.3508284e-05
9.348811e-05
9.3479144e-05
9.3460729e-05
9.3429689e-05
9.3389237e-05
9.3336264e-05
9.32783e-05
9.3229859e-05
9.3179747e-05
9.3111151e-05
9.3022224e-05
9.2916831e-05
9.2815071e-05
9.2714648e-05
9.2590375e-05
9.24296e-05
9.2259627e-05
9.2095292e-05
9.1904411e-05
9.1666388e-05
9.141359e-05
9.1158384e-05
9.0852878e-05
9.0508115e-05
9.0151022e-05
8.9741201e-05
8.9284098e-05
8.8799957e-05
8.8248715e-05
8.7646437e-05
8.6987165e-05
8.6259221e-05
8.5462002e-05
8.4580713e-05
8.3613559e-05
8.2549312e-05
8.1380844e-05
8.0097967e-05
7.8691841e-05
7.7622936e-05
7.7002253e-05
7.6369442e-05
7.5707663e-05
7.5004878e-05
7.4281241e-05
7.3545408e-05
7.2782366e-05
7.1976316e-05
7.1140922e-05
7.0287981e-05
6.9406215e-05
6.8478024e-05
6.751876e-05
6.6536297e-05
6.551916e-05
6.4449278e-05
6.3352858e-05
6.2227222e-05
6.1055091e-05
5.9836739e-05
5.8586321e-05
5.7295698e-05
5.5947851e-05
5.4569235e-05
5.314888e-05
5.167176e-05
5.0155294e-05
4.8595189e-05
4.697839e-05
4.5318838e-05
4.3614457e-05
4.1851228e-05
4.0046155e-05
3.8195173e-05
3.628374e-05
3.4336315e-05
3.2339685e-05
3.0282571e-05
2.820247e-05
2.6063884e-05
2.388018e-05
2.1673348e-05
1.9409533e-05
1.7125189e-05
1.4806823e-05
1.2450273e-05
1.0095639e-05
7.6959535e-06
5.3034544e-06
2.8962323e-06
4.8629926e-07
-1.8998329e-06
-4.2964618e-06
-6.6337376e-06
-8.9775422e-06
-1.1248706e-05
-1.3489116e-05
-1.5650198e-05
-1.7747292e-05
-1.9753141e-05
-2.1662718e-05
-2.3462802e-05
-2.5137146e-05
-2.6677319e-05
-2.806491e-05
-2.9285655e-05
-3.0328466e-05
-3.115976e-05
-3.1787879e-05
-3.2129551e-05
-3.225795e-05
8.4192259e-05
8.419958e-05
8.4201846e-05
8.4200849e-05
8.4196161e-05
8.4187193e-05
8.4173328e-05
8.4154412e-05
8.4129161e-05
8.4109061e-05
8.4096298e-05
8.407557e-05
8.40444e-05
8.400496e-05
8.3954868e-05
8.3899815e-05
8.3850434e-05
8.3798179e-05
8.3730429e-05
8.3645566e-05
8.3546405e-05
8.344791e-05
8.3348032e-05
8.3227756e-05
8.3077418e-05
8.2917459e-05
8.2758458e-05
8.2576095e-05
8.2354749e-05
8.2118703e-05
8.187632e-05
8.1591451e-05
8.1272669e-05
8.0939108e-05
8.0559795e-05
8.0139324e-05
7.9691529e-05
7.9185528e-05
7.863421e-05
7.8030513e-05
7.7366348e-05
7.6639987e-05
7.5839626e-05
7.4962676e-05
7.3999306e-05
7.2943091e-05
7.178269e-05
7.0508182e-05
6.9538075e-05
6.8972812e-05
6.8396547e-05
6.7797355e-05
6.7165163e-05
6.6515466e-05
6.5853619e-05
6.5168578e-05
6.4448558e-05
6.3704294e-05
6.2943385e-05
6.2157016e-05
6.1332019e-05
6.0480894e-05
5.9608368e-05
5.8706273e-05
5.77616e-05
5.6795984e-05
5.5804016e-05
5.4773397e-05
5.370531e-05
5.2609722e-05
5.1478907e-05
5.0300674e-05
4.9097219e-05
4.7856316e-05
4.6567848e-05
4.5248268e-05
4.3892309e-05
4.2491229e-05
4.1059562e-05
3.9592464e-05
3.8076052e-05
3.6525621e-05
3.4936665e-05
3.3297753e-05
3.1631634e-05
2.9924702e-05
2.8168024e-05
2.6395828e-05
2.4574357e-05
2.2717349e-05
2.0844537e-05
1.8924321e-05
1.6990547e-05
1.5030287e-05
1.3039744e-05
1.1055311e-05
9.0334618e-06
7.0217059e-06
4.9995444e-06
2.9771299e-06
9.7814611e-07
-1.0297715e-06
-2.9837869e-06
-4.9447366e-06
-6.8423916e-06
-8.715911e-06
-1.0523221e-05
-1.2279864e-05
-1.3963719e-05
-1.5572948e-05
-1.7099365e-05
-1.8532866e-05
-1.9871828e-05
-2.1107873e-05
-2.2238792e-05
-2.3270273e-05
-2.4192266e-05
-2.5042203e-05
-2.5788888e-05
-2.6539866e-05
7.7280612e-05
7.7285108e-05
7.7285799e-05
7.7283387e-05
7.727763e-05
7.7268046e-05
7.7254142e-05
7.7235624e-05
7.721169e-05
7.7190324e-05
7.7172633e-05
7.714804e-05
7.7114642e-05
7.7073641e-05
7.7023284e-05
7.6967608e-05
7.691375e-05
7.6855494e-05
7.6783892e-05
7.6697471e-05
7.659809e-05
7.6496062e-05
7.6389542e-05
7.6265001e-05
7.6115433e-05
7.5955024e-05
7.5790508e-05
7.5604697e-05
7.5386504e-05
7.5152754e-05
7.4908193e-05
7.4627645e-05
7.4317383e-05
7.3989365e-05
7.3621723e-05
7.3218475e-05
7.2787601e-05
7.2306987e-05
7.1786704e-05
7.1216638e-05
7.0590082e-05
6.9904081e-05
6.9151746e-05
6.8330877e-05
6.7435688e-05
6.6466172e-05
6.5415223e-05
6.4275342e-05
6.341343e-05
6.2903513e-05
6.2377603e-05
6.1831222e-05
6.1257671e-05
6.0668924e-05
6.0067041e-05
5.944436e-05
5.8793402e-05
5.8123692e-05
5.7439746e-05
5.6735379e-05
5.6000168e-05
5.5241943e-05
5.4462078e-05
5.3654281e-05
5.2810411e-05
5.1952308e-05
5.1073912e-05
5.0165813e-05
4.9229487e-05
4.8271874e-05
4.7285246e-05
4.625926e-05
4.5213455e-05
4.4134345e-05
4.3010194e-05
4.1849818e-05
4.0646053e-05
3.9392144e-05
3.8118416e-05
3.6830783e-05
3.5510485e-05
3.416323e-05
3.278178e-05
3.1356663e-05
2.9910858e-05
2.843124e-05
2.6908855e-05
2.537605e-05
2.38008e-05
2.2195753e-05
2.057936e-05
1.892167e-05
1.7253921e-05
1.5564032e-05
1.3847743e-05
1.2138715e-05
1.0396391e-05
8.6641308e-06
6.9229566e-06
5.1814713e-06
3.4616256e-06
1.7329583e-06
5.3615164e-08
-1.633088e-06
-3.2631737e-06
-4.87259e-06
-6.4223439e-06
-7.9256443e-06
-9.3607786e-06
-1.0724438e-05
-1.2006965e-05
-1.3195343e-05
-1.4282703e-05
-1.5253442e-05
-1.6093301e-05
-1.6789883e-05
-1.7307305e-05
-1.7644422e-05
-1.7712937e-05
-1.7563126e-05
7.2588363e-05
7.2590475e-05
7.258985e-05
7.2586464e-05
7.2580118e-05
7.2570434e-05
7.2557005e-05
7.2539444e-05
7.2517341e-05
7.2495471e-05
7.247411e-05
7.2446891e-05
7.2412408e-05
7.2370973e-05
7.2321325e-05
7.226586e-05
7.2208611e-05
7.214559e-05
7.2071118e-05
7.1983782e-05
7.1884289e-05
7.1778525e-05
7.1665066e-05
7.1535453e-05
7.1384782e-05
7.1220821e-05
7.1047015e-05
7.085303e-05
7.0631417e-05
7.0390957e-05
7.0133667e-05
6.984455e-05
6.9525918e-05
6.9183358e-05
6.8803931e-05
6.8388928e-05
6.7941326e-05
6.7448868e-05
6.6919622e-05
6.6349616e-05
6.5731557e-05
6.5055159e-05
6.4311488e-05
6.3495557e-05
6.2602167e-05
6.1633927e-05
6.0592509e-05
5.9489795e-05
5.868851e-05
5.8225697e-05
5.7745311e-05
5.7240837e-05
5.6709862e-05
5.6162798e-05
5.5597487e-05
5.5008519e-05
5.4392076e-05
5.3755727e-05
5.309943e-05
5.2417447e-05
5.1704577e-05
5.0970366e-05
5.0213472e-05
4.9427271e-05
4.860682e-05
4.7769003e-05
4.6906081e-05
4.6019033e-05
4.5114875e-05
4.419798e-05
4.3263177e-05
4.2305491e-05
4.1334505e-05
4.0330915e-05
3.9312855e-05
3.8288187e-05
3.7237562e-05
3.6148719e-05
3.5007345e-05
3.3825672e-05
3.2625563e-05
3.1425184e-05
3.0204419e-05
2.8949633e-05
2.7685415e-05
2.6397105e-05
2.5077408e-05
2.3758201e-05
2.2405523e-05
2.1032724e-05
1.9657813e-05
1.8250154e-05
1.6839837e-05
1.5414659e-05
1.3969e-05
1.2535352e-05
1.1073226e-05
9.6228152e-06
8.165343e-06
6.7063393e-06
5.2663124e-06
3.813155e-06
2.4003293e-06
9.7063854e-07
-4.1606674e-07
-1.7951373e-06
-3.1308071e-06
-4.4375662e-06
-5.6989724e-06
-6.9168548e-06
-8.0867121e-06
-9.2006511e-06
-1.0263218e-05
-1.127394e-05
-1.2239851e-05
-1.3173876e-05
-1.4074897e-05
-1.4994819e-05
-1.5919048e-05
-1.7003978e-05
6.99164e-05
6.9916731e-05
6.9915288e-05
6.9911801e-05
6.9906117e-05
6.9898037e-05
6.988733e-05
6.9873742e-05
6.9857176e-05
6.9839675e-05
6.9820779e-05
6.9797587e-05
6.9769446e-05
6.9736389e-05
6.9697821e-05
6.9654842e-05
6.9608684e-05
6.9556823e-05
6.9496589e-05
6.9427482e-05
6.93498e-05
6.9265806e-05
6.9173283e-05
6.9067992e-05
6.8947881e-05
6.8816906e-05
6.8674102e-05
6.8513409e-05
6.833134e-05
6.8132624e-05
6.7915109e-05
6.7669676e-05
6.7398066e-05
6.7100631e-05
6.6767349e-05
6.639804e-05
6.5989526e-05
6.5533758e-05
6.5035123e-05
6.449444e-05
6.391365e-05
6.3287335e-05
6.2609068e-05
6.186703e-05
6.1044318e-05
6.0119559e-05
5.9066028e-05
5.7847527e-05
5.6876905e-05
5.6331166e-05
5.5788025e-05
5.5238767e-05
5.4676337e-05
5.4105121e-05
5.352407e-05
5.2932883e-05
5.2326849e-05
5.1707232e-05
5.1072578e-05
5.042294e-05
4.9755391e-05
4.9071727e-05
4.8367135e-05
4.7645493e-05
4.6912033e-05
4.6161696e-05
4.5365339e-05
4.4539334e-05
4.3691859e-05
4.2812692e-05
4.1893237e-05
4.0951473e-05
4.0001097e-05
3.9013813e-05
3.8004774e-05
3.6984993e-05
3.5929478e-05
3.4847091e-05
3.3748239e-05
3.2610234e-05
3.1435736e-05
3.0250266e-05
2.9039842e-05
2.7802538e-05
2.6556184e-05
2.5274528e-05
2.3965845e-05
2.2656395e-05
2.1305893e-05
1.9942442e-05
1.8578003e-05
1.7184003e-05
1.5795743e-05
1.4396945e-05
1.2991503e-05
1.1608494e-05
1.0208623e-05
8.8374081e-06
7.4743046e-06
6.1309623e-06
4.8263623e-06
3.5327306e-06
2.3038807e-06
1.087184e-06
-5.5798997e-08
-1.1668195e-06
-2.2133541e-06
-3.2114467e-06
-4.1444444e-06
-5.0116981e-06
-5.8045116e-06
-6.5129089e-06
-7.1400924e-06
-7.6715988e-06
-8.0994513e-06
-8.3920324e-06
-8.5100054e-06
-8.4460934e-06
-8.1002978e-06
-7.5903932e-06
6.8997125e-05
6.8996089e-05
6.8993491e-05
6.8989161e-05
6.8982881e-05
6.8974415e-05
6.8963507e-05
6.8949889e-05
6.8933367e-05
6.8914269e-05
6.8892579e-05
6.8867028e-05
6.8836992e-05
6.880208e-05
6.8761803e-05
6.8716287e-05
6.8666313e-05
6.8610814e-05
6.8547577e-05
6.8475614e-05
6.83948e-05
6.8306954e-05
6.8212289e-05
6.8105628e-05
6.7984696e-05
6.7852687e-05
6.7713885e-05
6.7559564e-05
6.738512e-05
6.7196789e-05
6.6999954e-05
6.6778247e-05
6.6534227e-05
6.6279942e-05
6.5998905e-05
6.5691399e-05
6.5373096e-05
6.5020535e-05
6.4630529e-05
6.4206846e-05
6.3735639e-05
6.3233012e-05
6.2687754e-05
6.2107762e-05
6.1496217e-05
6.0855372e-05
6.020022e-05
5.9532574e-05
5.9078248e-05
5.8718038e-05
5.8333963e-05
5.7945456e-05
5.7529951e-05
5.7089057e-05
5.6645514e-05
5.6188709e-05
5.5698158e-05
5.5180032e-05
5.4658727e-05
5.4127182e-05
5.3558527e-05
5.2962487e-05
5.2367053e-05
5.1752777e-05
5.108935e-05
5.0411196e-05
4.9748165e-05
4.9048045e-05
4.8297676e-05
4.7535618e-05
4.6767177e-05
4.5941652e-05
4.5085037e-05
4.4237852e-05
4.334298e-05
4.2404355e-05
4.1464551e-05
4.0490186e-05
3.9472781e-05
3.8448447e-05
3.7389544e-05
3.6277555e-05
3.5145163e-05
3.3973617e-05
3.2765166e-05
3.1551715e-05
3.0293767e-05
2.9011103e-05
2.7726173e-05
2.6400011e-05
2.5057051e-05
2.369401e-05
2.2308081e-05
2.0913896e-05
1.9487258e-05
1.8058164e-05
1.6613933e-05
1.5161487e-05
1.3703724e-05
1.2231844e-05
1.0770404e-05
9.2913642e-06
7.8393974e-06
6.376685e-06
4.9418076e-06
3.5152028e-06
2.1224639e-06
7.4880654e-07
-5.9424111e-07
-1.9083959e-06
-3.1925556e-06
-4.4508566e-06
-5.6886386e-06
-6.9058847e-06
-8.0983193e-06
-9.2837079e-06
-1.0475382e-05
-1.1727205e-05
-1.302612e-05
-1.4263478e-05
-0.088917205
-0.087390396
-0.086580051
-0.085821343
-0.083785232
-0.083051723
-0.080578536
-0.079488516
-0.076783391
-0.075635893
-0.072537226
-0.070801518
-0.068226337
-0.065565267
-0.063590795
-0.060503402
-0.05782055
-0.055421153
-0.05266976
-0.049616366
-0.046910099
-0.044217546
-0.041628826
-0.038473113
-0.035690287
-0.032919753
-0.030176009
-0.0274608
-0.024764012
-0.022123764
-0.019331642
-0.016720753
-0.014133514
-0.011579655
-0.0090916855
-0.0066538962
-0.0042613384
-0.0019169375
0.00037162309
0.00259742
0.0047677827
0.0068837937
0.0089411846
0.010935209
0.012866957
0.014721152
0.016572522
0.018329428
0.020024075
0.021654206
0.023222378
0.024732925
0.026185983
0.027586699
0.028925035
0.030194889
0.031409807
0.032575128
0.033683497
0.034788498
0.035732576
0.036680369
0.037579211
0.038449768
0.039277547
0.039951073
0.040665032
0.041343448
0.042020878
0.042471721
0.043011313
0.043563466
0.04399444
0.044318852
0.044700422
0.045194159
0.0452778
0.045561438
0.04594665
0.045981926
0.046289861
0.046589738
0.046670024
0.04644205
0.046161909
0.045850538
0.045184988
0.044562003
0.043902016
0.042933221
0.042249696
0.041091688
0.040319726
0.03910354
0.03825263
0.037028695
0.036060052
0.034964341
0.033849608
0.032914565
0.031752999
0.030742515
0.029822255
0.028751419
0.0277997
0.026894086
0.026028331
0.025091714
0.024265434
0.023465248
0.022712537
0.02195899
0.02122403
0.0205469
0.019897959
0.01927961
0.018690604
0.018135131
0.017596316
0.017075203
0.01659157
0.016131198
0.015694056
0.015279274
0.014885707
0.014512299
0.014158028
0.013821957
0.013503182
0.013200772
0.012913884
0.012641697
0.012383458
0.01213834
0.011905704
0.011684789
0.011475056
0.011275775
0.011086454
0.01090647
0.010735373
0.010572548
0.010417665
0.010270195
0.010129807
0.0099963713
0.009868584
0.0097463793
0.0096302881
0.0095191974
0.0094130438
0.0093108214
0.0092131862
0.0091170391
0.009024748
0.0089305944
0.0088416066
0.0087217082
0.0086525206
0.0083120579
-0.088917187
-0.087390385
-0.08658004
-0.085821345
-0.083785242
-0.083051745
-0.080578572
-0.079488565
-0.076783451
-0.075635972
-0.072537332
-0.07080162
-0.068226481
-0.065565403
-0.063590957
-0.060503607
-0.05782074
-0.055421357
-0.052670008
-0.049616627
-0.046910355
-0.044217807
-0.041629126
-0.038473439
-0.035690603
-0.032920078
-0.030176343
-0.027461143
-0.024764361
-0.022124132
-0.019332019
-0.016721126
-0.014133893
-0.011580036
-0.0090920668
-0.0066542789
-0.0042617222
-0.0019173209
0.00037124193
0.0025970417
0.004767407
0.0068834215
0.0089408173
0.010934847
0.012866603
0.014720801
0.016572175
0.018329092
0.020023748
0.021653888
0.023222068
0.024732624
0.02618569
0.027586416
0.028924764
0.030194628
0.031409555
0.032574887
0.03368326
0.034788279
0.035732374
0.036680171
0.037579021
0.038449584
0.039277387
0.039950926
0.040664884
0.041343303
0.04202076
0.042471622
0.043011201
0.043563366
0.043994369
0.044318789
0.044700336
0.04519411
0.045277781
0.045561379
0.045946622
0.045981929
0.046289853
0.046589749
0.046670063
0.046442108
0.046161972
0.045850621
0.045185088
0.044562103
0.043902134
0.042933341
0.042249824
0.041091822
0.040319861
0.039103681
0.03825277
0.037028841
0.036060191
0.034964487
0.033849747
0.032914703
0.031753142
0.030742647
0.029822388
0.028751553
0.027799827
0.026894209
0.026028454
0.025091836
0.02426555
0.023465361
0.022712647
0.021959099
0.021224137
0.020547004
0.019898061
0.01927971
0.018690702
0.018135227
0.017596411
0.017075297
0.016591663
0.016131289
0.015694147
0.015279365
0.014885797
0.014512388
0.014158119
0.013822047
0.013503273
0.013200864
0.012913977
0.012641792
0.012383554
0.012138438
0.011905805
0.011684893
0.011475163
0.011275885
0.011086569
0.010906591
0.010735499
0.010572681
0.010417805
0.010270343
0.010129966
0.0099965415
0.0098687678
0.0097465789
0.0096305066
0.0095194386
0.0094133129
0.0093111249
0.0092135333
0.0091174434
0.0090252304
0.008931188
0.0088423695
0.0087227543
0.0086539592
0.0083105076
-0.088917128
-0.087390338
-0.086579991
-0.085821309
-0.083785218
-0.08305173
-0.080578578
-0.079488582
-0.076783486
-0.075636021
-0.072537419
-0.070801699
-0.068226608
-0.065565523
-0.063591103
-0.060503803
-0.057820921
-0.055421552
-0.052670252
-0.049616887
-0.04691061
-0.044218067
-0.041629428
-0.038473771
-0.035690924
-0.032920411
-0.030176686
-0.027461496
-0.02476472
-0.022124512
-0.019332411
-0.016721513
-0.014134287
-0.011580433
-0.0090924645
-0.0066546785
-0.0042621233
-0.0019177221
0.00037084278
0.0025966453
0.004767013
0.0068830309
0.0089404315
0.010934467
0.012866232
0.014720432
0.016571809
0.018328739
0.020023403
0.021653553
0.023221742
0.024732307
0.026185382
0.027586117
0.028924478
0.030194354
0.031409291
0.032574634
0.033683012
0.034788048
0.035732162
0.036679964
0.037578822
0.038449392
0.039277219
0.039950774
0.04066473
0.041343152
0.042020638
0.042471521
0.043011084
0.043563262
0.043994297
0.044318727
0.044700247
0.045194059
0.045277765
0.04556132
0.045946593
0.045981934
0.046289848
0.046589763
0.046670107
0.046442174
0.046162043
0.045850713
0.045185199
0.044562214
0.043902264
0.042933474
0.042249966
0.041091971
0.040320012
0.039103837
0.038252924
0.037029004
0.036060345
0.034964649
0.033849901
0.032914858
0.031753302
0.030742795
0.029822536
0.028751704
0.027799971
0.026894348
0.026028593
0.025091975
0.024265683
0.02346549
0.022712774
0.021959225
0.02122426
0.020547125
0.019898179
0.019279827
0.018690816
0.01813534
0.017596522
0.017075408
0.016591772
0.016131398
0.015694255
0.015279472
0.014885904
0.014512496
0.014158227
0.013822156
0.013503383
0.013200975
0.01291409
0.012641906
0.012383671
0.012138558
0.011905928
0.011685019
0.011475294
0.011276021
0.011086711
0.010906738
0.010735654
0.010572844
0.010417978
0.010270527
0.010130162
0.0099967517
0.0098689947
0.0097468256
0.0096307767
0.0095197366
0.0094136453
0.0093114996
0.0092139615
0.0091179417
0.0090258249
0.0089319188
0.0088433142
0.0087240567
0.0086560429
0.0083142611
-0.088916963
-0.0873902
-0.086579849
-0.08582118
-0.083785116
-0.083051627
-0.080578515
-0.079488521
-0.076783458
-0.075635999
-0.072537455
-0.070801718
-0.068226688
-0.065565599
-0.063591202
-0.060503968
-0.057821071
-0.055421716
-0.052670473
-0.049617131
-0.04691085
-0.044218314
-0.041629719
-0.038474104
-0.035691246
-0.032920747
-0.030177034
-0.027461856
-0.02476509
-0.022124904
-0.019332819
-0.016721917
-0.014134701
-0.011580851
-0.0090928848
-0.0066551021
-0.0042625497
-0.0019181496
0.00037041643
0.0025962209
0.0047665904
0.0068826111
0.0089400162
0.010934058
0.01286583
0.014720032
0.016571414
0.018328355
0.020023029
0.021653188
0.023221387
0.024731961
0.026185045
0.027585791
0.028924164
0.030194054
0.031409001
0.032574356
0.033682738
0.034787793
0.035731928
0.036679734
0.037578601
0.038449178
0.03927703
0.039950603
0.040664558
0.041342981
0.042020498
0.042471405
0.043010952
0.043563142
0.043994212
0.044318653
0.044700144
0.045193995
0.045277744
0.045561249
0.045946555
0.045981935
0.046289837
0.046589773
0.046670148
0.046442239
0.046162114
0.045850805
0.045185313
0.044562327
0.043902398
0.042933611
0.042250111
0.041092125
0.040320166
0.039104
0.038253083
0.037029173
0.036060505
0.034964818
0.033850062
0.032915017
0.031753468
0.030742949
0.02982269
0.028751862
0.027800121
0.026894492
0.026028736
0.025092119
0.024265821
0.023465625
0.022712905
0.021959356
0.021224389
0.02054725
0.019898302
0.019279948
0.018690935
0.018135457
0.017596639
0.017075523
0.016591886
0.016131511
0.015694368
0.015279585
0.014886017
0.014512609
0.01415834
0.013822271
0.013503498
0.013201092
0.012914209
0.012642028
0.012383795
0.012138685
0.011906059
0.011685154
0.011475433
0.011276166
0.011086862
0.010906896
0.010735819
0.010573019
0.010418163
0.010270723
0.010130371
0.009996976
0.0098692367
0.0097470884
0.009631064
0.0095200532
0.0094139976
0.0093118956
0.0092144123
0.0091184639
0.0090264433
0.008932672
0.0088442767
0.00872536
0.0086581327
0.00831823
-0.088916599
-0.087389891
-0.086579527
-0.085820869
-0.083784858
-0.083051349
-0.08057831
-0.079488301
-0.076783303
-0.075635827
-0.072537381
-0.070801611
-0.068226662
-0.065565577
-0.063591195
-0.060504055
-0.057821144
-0.055421801
-0.052670628
-0.049617325
-0.04691104
-0.044218512
-0.041629968
-0.03847441
-0.035691542
-0.032921062
-0.030177367
-0.027462207
-0.024765452
-0.022125294
-0.019333234
-0.016722329
-0.014135126
-0.011581284
-0.0090933222
-0.0066555456
-0.0042629987
-0.0019186019
0.00036996332
0.002595768
0.0047661377
0.0068821597
0.0089395682
0.010933614
0.012865395
0.014719599
0.016570981
0.018327935
0.020022618
0.021652787
0.023220995
0.024731579
0.026184673
0.027585429
0.028923816
0.030193719
0.031408678
0.032574045
0.033682431
0.034787505
0.035731665
0.036679475
0.037578352
0.038448934
0.039276815
0.039950409
0.040664361
0.041342785
0.042020335
0.042471273
0.043010799
0.043563
0.043994109
0.044318567
0.044700022
0.045193914
0.045277716
0.045561163
0.0459465
0.045981931
0.046289816
0.046589775
0.046670184
0.046442303
0.046162183
0.045850898
0.045185431
0.044562444
0.043902536
0.042933754
0.042250262
0.041092289
0.040320326
0.039104172
0.038253248
0.037029353
0.036060672
0.034964995
0.033850231
0.032915183
0.031753646
0.030743111
0.02982285
0.028752029
0.027800279
0.026894644
0.026028887
0.025092272
0.024265967
0.023465767
0.022713043
0.021959494
0.021224525
0.020547383
0.019898433
0.019280076
0.018691062
0.01813558
0.017596762
0.017075647
0.016592008
0.016131633
0.015694489
0.015279706
0.014886139
0.014512731
0.014158463
0.013822395
0.013503624
0.01320122
0.012914339
0.01264216
0.012383931
0.012138825
0.011906202
0.011685303
0.011475587
0.011276326
0.011087029
0.010907071
0.010736004
0.010573213
0.010418368
0.010270942
0.010130605
0.0099972266
0.0098695072
0.0097473821
0.0096313847
0.0095204059
0.009414389
0.0093123338
0.0092149084
0.0091190346
0.0090271127
0.0089334757
0.0088452825
0.008726682
0.0086601259
0.0083215549
-0.088915916
-0.087389307
-0.086578918
-0.085820263
-0.083784345
-0.083050786
-0.080577869
-0.079487818
-0.076782931
-0.075635401
-0.072537115
-0.070801281
-0.068226445
-0.065565377
-0.063590994
-0.06050399
-0.057821068
-0.055421731
-0.052670646
-0.049617405
-0.046911118
-0.044218601
-0.04163011
-0.038474639
-0.035691762
-0.032921309
-0.030177637
-0.027462501
-0.024765763
-0.022125639
-0.019333616
-0.016722713
-0.014135528
-0.011581698
-0.0090937462
-0.0066559802
-0.004263443
-0.0019190536
0.00036950741
0.0025953091
0.0047656759
0.0068816965
0.0089391061
0.010933155
0.012864942
0.014719146
0.016570526
0.018327493
0.020022183
0.021652362
0.023220579
0.024731171
0.026184274
0.02758504
0.028923441
0.030193359
0.031408329
0.032573708
0.033682098
0.03478719
0.03573138
0.036679193
0.037578079
0.038448666
0.039276576
0.039950198
0.040664145
0.041342567
0.04202015
0.042471128
0.04301063
0.043562838
0.043993992
0.044318472
0.044699885
0.045193812
0.045277689
0.045561065
0.045946429
0.045981925
0.046289789
0.046589772
0.046670219
0.04644237
0.046162254
0.045850992
0.045185557
0.044562566
0.043902682
0.042933909
0.04225042
0.041092466
0.040320495
0.03910436
0.038253423
0.037029549
0.03606085
0.034965188
0.033850416
0.03291536
0.031753841
0.030743287
0.029823022
0.028752212
0.027800453
0.026894809
0.026029051
0.025092442
0.024266129
0.023465924
0.022713194
0.021959646
0.021224678
0.020547531
0.019898579
0.019280221
0.018691205
0.018135721
0.017596903
0.017075788
0.016592149
0.016131773
0.01569463
0.015279848
0.014886281
0.014512875
0.014158609
0.013822543
0.013503774
0.013201373
0.012914496
0.012642321
0.012384097
0.012138996
0.01190638
0.011685486
0.011475779
0.011276526
0.011087238
0.010907291
0.010736235
0.010573458
0.010418629
0.010271219
0.010130901
0.0099975441
0.0098698499
0.0097477538
0.0096317898
0.00952085
0.0094148799
0.0093128801
0.009215522
0.0091197335
0.0090279207
0.0089344265
0.0088464393
0.0087281425
0.0086621875
0.0083247802
-0.088914791
-0.087388341
-0.086577909
-0.085819246
-0.083783476
-0.083049819
-0.080577093
-0.079486958
-0.076782247
-0.075634609
-0.072536567
-0.07080063
-0.068225947
-0.065564912
-0.063590502
-0.060503692
-0.057820764
-0.055421422
-0.052670446
-0.049617298
-0.046911013
-0.044218506
-0.041630072
-0.038474726
-0.035691843
-0.032921425
-0.030177786
-0.027462683
-0.024765967
-0.022125884
-0.019333917
-0.016723019
-0.01413586
-0.01158205
-0.0090941138
-0.0066563646
-0.0042638431
-0.0019194666
0.00036908517
0.0025948792
0.0047652386
0.0068812538
0.0089386607
0.010932709
0.012864501
0.014718702
0.016570075
0.018327052
0.020021749
0.021651936
0.02322016
0.02473076
0.026183871
0.027584645
0.028923058
0.030192991
0.031407972
0.032573365
0.033681755
0.034786862
0.035731088
0.036678904
0.0375778
0.038448386
0.039276327
0.039949984
0.040663924
0.041342339
0.042019953
0.042470987
0.043010457
0.043562667
0.043993871
0.044318385
0.044699743
0.045193696
0.045277677
0.045560968
0.045946347
0.04598193
0.046289767
0.046589774
0.046670259
0.04644245
0.046162337
0.045851098
0.045185702
0.044562705
0.043902845
0.042934087
0.042250595
0.041092671
0.040320682
0.039104577
0.038253617
0.037029776
0.036061051
0.034965409
0.03385063
0.03291556
0.031754069
0.030743493
0.029823219
0.02875243
0.02780066
0.026895005
0.026029243
0.025092649
0.024266325
0.023466117
0.022713379
0.021959835
0.02122487
0.020547719
0.019898766
0.019280407
0.018691389
0.018135902
0.017597086
0.017075976
0.016592336
0.016131962
0.01569482
0.01528004
0.014886476
0.014513073
0.014158811
0.013822749
0.013503986
0.01320159
0.012914719
0.012642551
0.012384335
0.012139242
0.011906636
0.011685753
0.011476057
0.011276818
0.011087544
0.010907613
0.010736575
0.010573818
0.01041901
0.010271625
0.010131335
0.0099980082
0.0098703496
0.009748294
0.0096323759
0.0095214888
0.0094155807
0.0093136526
0.0092163797
0.0091206961
0.0090290128
0.0089356786
0.0088479106
0.0087299122
0.0086645666
0.0083284297
-0.088913112
-0.087386894
-0.086576397
-0.085817711
-0.083782157
-0.083048343
-0.080575895
-0.079485622
-0.076781167
-0.075633351
-0.072535659
-0.070799564
-0.068225084
-0.065564104
-0.063589633
-0.060503085
-0.057820157
-0.055420798
-0.052669956
-0.04961694
-0.04691066
-0.044218164
-0.041629788
-0.038474617
-0.035691728
-0.032921357
-0.030177762
-0.027462702
-0.024766015
-0.02212598
-0.019334093
-0.016723205
-0.014136081
-0.011582299
-0.0090943863
-0.0066566614
-0.0042641629
-0.0019198061
0.00036873011
0.0025945107
0.0047648572
0.0068808617
0.0089382612
0.010932304
0.012864098
0.014718295
0.016569653
0.018326639
0.020021339
0.021651531
0.023219761
0.024730366
0.026183482
0.027584263
0.028922688
0.030192635
0.031407626
0.032573032
0.03368142
0.034786536
0.035730807
0.036678624
0.03757753
0.03844811
0.03927608
0.039949784
0.040663715
0.041342116
0.042019756
0.042470864
0.043010297
0.043562496
0.043993758
0.044318322
0.044699612
0.045193573
0.045277699
0.045560887
0.045946261
0.045981961
0.046289763
0.046589793
0.046670318
0.046442557
0.046162446
0.045851227
0.045185881
0.044562874
0.043903039
0.042934304
0.042250799
0.041092922
0.040320902
0.039104843
0.038253846
0.037030055
0.036061294
0.034965679
0.033850896
0.032915801
0.031754356
0.030743753
0.029823463
0.028752708
0.027800926
0.026895259
0.026029491
0.025092921
0.024266587
0.023466374
0.022713627
0.02196009
0.021225133
0.020547979
0.019899027
0.019280669
0.018691651
0.018136161
0.01759735
0.017076248
0.01659261
0.01613224
0.015695103
0.015280328
0.01488677
0.014513373
0.014159118
0.013823064
0.013504309
0.013201923
0.012915063
0.012642907
0.012384703
0.012139625
0.011907034
0.011686168
0.011476491
0.011277272
0.01108802
0.010908114
0.010737103
0.010574375
0.010419601
0.010272252
0.010132003
0.0099987188
0.0098711111
0.0097491125
0.0096332581
0.0095224428
0.0094166176
0.0093147833
0.0092176186
0.0091220643
0.0090305345
0.0089373774
0.00884984
0.0087321255
0.0086674453
0.0083327994
-0.088910774
-0.087384875
-0.086574285
-0.085815559
-0.0837803
-0.083046259
-0.080574189
-0.079483714
-0.076779612
-0.075631533
-0.072534316
-0.070798001
-0.068223783
-0.065562883
-0.063588308
-0.060502108
-0.057819187
-0.055419792
-0.052669114
-0.049616277
-0.046910006
-0.044217522
-0.041629204
-0.038474265
-0.035691374
-0.032921063
-0.030177524
-0.027462519
-0.024765867
-0.02212589
-0.019334109
-0.016723238
-0.01413616
-0.011582416
-0.0090945354
-0.0066568438
-0.0042643767
-0.0019200478
0.00036846543
0.0025942256
0.0047645526
0.0068805401
0.0089379266
0.010931959
0.012863751
0.014717941
0.016569274
0.018326265
0.020020966
0.02165116
0.023219392
0.024730001
0.026183121
0.027583903
0.028922339
0.0301923
0.031407301
0.03257272
0.033681102
0.034786221
0.035730546
0.036678362
0.037577277
0.038447845
0.03927584
0.039949606
0.040663525
0.041341903
0.042019561
0.04247077
0.043010156
0.043562331
0.043993657
0.044318292
0.044699497
0.045193442
0.045277765
0.045560827
0.045946172
0.045982027
0.046289783
0.046589834
0.046670401
0.046442697
0.046162586
0.045851383
0.045186102
0.04456308
0.043903271
0.04293457
0.042251038
0.041093229
0.04032116
0.03910517
0.038254116
0.037030398
0.036061587
0.034966011
0.033851228
0.032916094
0.031754717
0.030744083
0.029823767
0.028753063
0.027801272
0.026895588
0.026029811
0.025093281
0.024266936
0.023466722
0.022713962
0.021960436
0.021225496
0.02054834
0.019899392
0.019281037
0.018692021
0.018136529
0.017597727
0.01707664
0.016593007
0.016132644
0.015695515
0.015280749
0.014887201
0.014513815
0.014159571
0.01382353
0.013504789
0.013202418
0.012915574
0.012643436
0.012385251
0.012140194
0.011907625
0.011686784
0.011477134
0.011277943
0.011088724
0.010908852
0.010737879
0.010575192
0.010420463
0.010273164
0.010132968
0.0099997422
0.0098722016
0.0097502777
0.0096345051
0.0095237809
0.0094180588
0.0093163388
0.0092193032
0.0091238988
0.0090325417
0.0089395673
0.0088522565
0.0087347881
0.0086707996
0.0083377237
-0.088907663
-0.087382183
-0.086571469
-0.085812682
-0.083777811
-0.08304346
-0.080571888
-0.079481134
-0.076777499
-0.075629058
-0.072532462
-0.070795851
-0.068221964
-0.065561174
-0.063586446
-0.060500689
-0.057817784
-0.055418335
-0.052667854
-0.04961525
-0.046908993
-0.044216522
-0.04162826
-0.038473619
-0.03569073
-0.032920495
-0.030177026
-0.02746209
-0.024765483
-0.022125572
-0.01933393
-0.016723084
-0.014136065
-0.01158237
-0.0090945335
-0.006656886
-0.0042644609
-0.0019201697
0.00036831129
0.0025940423
0.0047643414
0.0068803043
0.0089376706
0.010931686
0.012863471
0.01471765
0.016568947
0.01832594
0.020020637
0.021650829
0.023219061
0.024729671
0.026182791
0.027583571
0.028922014
0.030191989
0.031406998
0.032572429
0.033680802
0.034785914
0.035730305
0.036678118
0.037577041
0.038447588
0.039275607
0.039949449
0.040663352
0.041341698
0.042019365
0.042470704
0.043010032
0.043562167
0.043993565
0.044318295
0.044699395
0.045193292
0.045277877
0.045560786
0.045946069
0.045982124
0.046289823
0.046589894
0.0466705
0.046442867
0.046162753
0.045851558
0.04518636
0.044563317
0.043903533
0.042934879
0.042251304
0.041093589
0.040321448
0.039105555
0.038254418
0.037030803
0.036061925
0.034966399
0.033851622
0.032916433
0.031755152
0.03074448
0.029824127
0.028753497
0.027801696
0.026895992
0.026030203
0.025093732
0.024267375
0.023467161
0.022714384
0.021960877
0.021225962
0.020548807
0.019899865
0.019281518
0.018692507
0.018137013
0.017598224
0.017077161
0.016593534
0.016133184
0.015696067
0.015281314
0.01488778
0.014514409
0.014160182
0.013824158
0.013505437
0.013203086
0.012916264
0.01264415
0.012385991
0.012140961
0.011908422
0.011687613
0.011477997
0.011278844
0.011089665
0.010909836
0.010738911
0.010576276
0.010421603
0.010274364
0.010134235
0.010001078
0.0098736183
0.009751783
0.009636106
0.0095254866
0.0094198819
0.0093182893
0.0092213951
0.0091261519
0.009034974
0.0089421706
0.0088550611
0.0087377735
0.0086744144
0.0083427546
-0.088903654
-0.087378709
-0.086567834
-0.085808962
-0.083774589
-0.08303983
-0.080568894
-0.079477773
-0.076774737
-0.075625816
-0.072530012
-0.070793018
-0.068219541
-0.065558894
-0.063583958
-0.060498755
-0.057815873
-0.05541635
-0.052666104
-0.049613793
-0.046907556
-0.044215102
-0.041626894
-0.038472627
-0.035689741
-0.032919603
-0.03017622
-0.02746137
-0.024764818
-0.022124983
-0.019333519
-0.016722706
-0.014135762
-0.01158213
-0.0090943495
-0.0066567589
-0.0042643878
-0.0019201458
0.00036829226
0.002593984
0.0047642456
0.0068801747
0.0089375125
0.010931503
0.012863276
0.01471744
0.016568687
0.018325679
0.020020366
0.021650553
0.023218779
0.024729386
0.026182502
0.027583275
0.028921722
0.03019171
0.031406725
0.032572168
0.033680526
0.034785621
0.03573009
0.036677896
0.037576827
0.038447342
0.03927538
0.039949318
0.0406632
0.041341502
0.042019167
0.042470668
0.043009926
0.043562001
0.043993481
0.044318331
0.044699305
0.045193119
0.045278038
0.045560762
0.045945945
0.045982254
0.046289879
0.046589967
0.04667061
0.046443063
0.04616294
0.045851746
0.04518665
0.044563578
0.043903816
0.042935228
0.042251585
0.041093997
0.040321755
0.039105992
0.038254742
0.037031264
0.036062298
0.034966837
0.033852072
0.032916805
0.031755654
0.030744937
0.029824532
0.028754002
0.027802192
0.026896462
0.026030655
0.025094266
0.024267896
0.023467684
0.022714885
0.021961405
0.021226525
0.020549372
0.019900441
0.019282105
0.018693102
0.018137606
0.017598835
0.017077804
0.016594188
0.016133853
0.015696753
0.015282018
0.014888503
0.014515152
0.014160946
0.013824946
0.013506248
0.013203924
0.01291713
0.012645045
0.012386918
0.012141922
0.011909419
0.01168865
0.011479076
0.011279968
0.011090837
0.010911061
0.010740192
0.010577617
0.010423009
0.010275841
0.010135787
0.010002709
0.0098753398
0.0097536025
0.0096380298
0.0095275228
0.0094220433
0.0093205814
0.0092238307
0.0091287464
0.0090377376
0.0089450734
0.0088580985
0.0087408998
0.0086780554
0.0083476609
-0.088898607
-0.087374332
-0.086563255
-0.085804272
-0.083770521
-0.083035244
-0.080565105
-0.079473512
-0.076771229
-0.075621695
-0.07252688
-0.070789401
-0.068216425
-0.065555962
-0.06358075
-0.060496231
-0.057813383
-0.055413759
-0.052663794
-0.049611848
-0.046905635
-0.044213199
-0.041625044
-0.03847124
-0.035688362
-0.03291834
-0.030175063
-0.027460317
-0.024763832
-0.022124087
-0.019332844
-0.016722073
-0.014135221
-0.011581667
-0.009093958
-0.0066564385
-0.0042641351
-0.0019199552
0.00036842787
0.0025940689
0.0047642821
0.0068801674
0.0089374673
0.010931424
0.012863178
0.014717323
0.016568506
0.018325492
0.020020163
0.021650338
0.023218553
0.024729153
0.026182263
0.027583021
0.028921468
0.030191468
0.031406488
0.03257194
0.033680278
0.034785344
0.035729906
0.036677701
0.037576639
0.038447112
0.039275164
0.039949218
0.040663072
0.041341319
0.042018967
0.04247067
0.043009843
0.043561837
0.043993409
0.04431841
0.044699232
0.045192922
0.045278259
0.04556076
0.0459458
0.045982425
0.046289956
0.046590058
0.046670736
0.046443289
0.046163153
0.04585195
0.045186978
0.044563867
0.043904126
0.042935621
0.042251884
0.041094462
0.040322083
0.03910649
0.038255089
0.037031789
0.036062707
0.034967329
0.033852584
0.032917213
0.031756233
0.03074546
0.029824985
0.028754587
0.027802766
0.026897007
0.026031176
0.025094895
0.024268509
0.023468301
0.022715475
0.021962029
0.021227198
0.020550048
0.019901133
0.019282811
0.01869382
0.01813832
0.017599575
0.017078585
0.016594983
0.01613467
0.015697591
0.015282878
0.014889387
0.014516062
0.014161883
0.013825911
0.013507244
0.013204952
0.012918191
0.012646143
0.012388054
0.012143099
0.01191064
0.011689917
0.011480393
0.011281338
0.011092263
0.010912547
0.010741743
0.010579238
0.010424704
0.010277614
0.010137645
0.010004652
0.0098773807
0.0097557479
0.0096402854
0.0095298939
0.0094245402
0.0093232019
0.0092265841
0.0091316369
0.0090407532
0.0089481429
0.0088611978
0.008744002
0.0086814958
0.0083525594
-0.088892359
-0.087368909
-0.086557581
-0.085798458
-0.083765478
-0.08302955
-0.080560398
-0.07946821
-0.076766862
-0.075616557
-0.072522961
-0.070784879
-0.068212512
-0.065552278
-0.063576717
-0.060493032
-0.057810224
-0.055410474
-0.052660842
-0.049609342
-0.046903159
-0.044210747
-0.041622643
-0.038469405
-0.035686535
-0.032916656
-0.030173508
-0.027458888
-0.024762484
-0.022122843
-0.01933187
-0.016721153
-0.014134413
-0.011580956
-0.0090933348
-0.0066559034
-0.0042636838
-0.0019195811
0.0003687329
0.0025943098
0.0047644616
0.0068802911
0.0089375423
0.010931455
0.012863183
0.014717302
0.016568403
0.018325378
0.020020026
0.021650183
0.023218381
0.024728971
0.026182069
0.027582806
0.028921248
0.030191259
0.031406281
0.032571741
0.033680054
0.034785076
0.035729748
0.036677528
0.037576471
0.038446889
0.03927495
0.039949144
0.040662963
0.041341141
0.042018757
0.042470708
0.043009777
0.043561665
0.043993341
0.044318529
0.04469917
0.045192686
0.045278538
0.045560772
0.045945621
0.045982634
0.046290051
0.046590164
0.046670875
0.046443547
0.046163393
0.045852168
0.04518735
0.044564187
0.043904464
0.042936066
0.042252201
0.04109499
0.040322432
0.039107057
0.03825546
0.037032388
0.03606316
0.034967885
0.033853169
0.032917663
0.0317569
0.030746059
0.029825494
0.028755265
0.027803433
0.026897637
0.026031774
0.025095634
0.024269229
0.023469029
0.022716168
0.021962767
0.021227998
0.020550854
0.019901959
0.019283656
0.018694681
0.018139178
0.017600465
0.017079528
0.016595943
0.016135657
0.015698605
0.01528392
0.014890459
0.014517165
0.014163019
0.013827081
0.013508451
0.013206197
0.012919477
0.012647471
0.012389428
0.012144521
0.011912113
0.011691443
0.011481976
0.011282981
0.011093971
0.010914323
0.01074359
0.01058116
0.010426707
0.010279701
0.010139821
0.010006915
0.0098797469
0.0097582191
0.0096428666
0.0095325834
0.0094273359
0.0093260939
0.009229573
0.0091346995
0.0090438514
0.0089511927
0.0088642088
0.0087469638
0.008684549
0.0083575859
-0.08888471
-0.087362267
-0.08655063
-0.085791334
-0.083759295
-0.083022565
-0.08055462
-0.079461695
-0.076761492
-0.075610235
-0.072518123
-0.070779301
-0.068207667
-0.065547715
-0.063571719
-0.06048904
-0.057806285
-0.055406378
-0.05265714
-0.04960618
-0.046900032
-0.04420765
-0.041619598
-0.038467043
-0.035684185
-0.032914478
-0.030171485
-0.027457016
-0.02476071
-0.022121191
-0.019330546
-0.016719896
-0.014133293
-0.011579952
-0.0090924397
-0.0066551163
-0.0042629995
-0.0019189918
0.00036923628
0.002594733
0.0047648082
0.0068805676
0.0089377569
0.010931613
0.012863305
0.014717392
0.01656839
0.018325347
0.020019963
0.021650095
0.023218269
0.024728844
0.026181925
0.027582631
0.028921062
0.030191082
0.031406102
0.032571569
0.033679847
0.034784806
0.035729611
0.036677368
0.037576315
0.038446661
0.039274724
0.039949087
0.04066286
0.041340951
0.042018517
0.042470768
0.04300971
0.043561464
0.043993258
0.044318671
0.044699097
0.045192383
0.045278864
0.04556078
0.04594538
0.045982866
0.046290145
0.046590264
0.046671003
0.046443817
0.046163638
0.045852378
0.045187744
0.044564517
0.043904807
0.042936545
0.042252515
0.041095569
0.040322783
0.039107684
0.038255839
0.037033052
0.036063642
0.034968494
0.033853819
0.032918143
0.031757651
0.030746729
0.029826049
0.028756033
0.027804186
0.026898346
0.026032445
0.025096481
0.024270053
0.023469863
0.02271696
0.021963616
0.021228926
0.020551789
0.019902919
0.019284641
0.018695685
0.018140179
0.017601505
0.017080634
0.01659707
0.016136817
0.015699797
0.015285146
0.01489172
0.014518463
0.014164356
0.013828458
0.01350987
0.01320766
0.012920987
0.01264903
0.012391038
0.012146184
0.011913833
0.011693223
0.011483818
0.011284889
0.011095948
0.010916371
0.010745712
0.010583358
0.010428985
0.01028206
0.010142265
0.010009438
0.0098823631
0.0097609263
0.0096456651
0.0095354544
0.0094302686
0.0093290774
0.0092325948
0.0091377222
0.0090468444
0.0089540962
0.008867035
0.00874971
0.0086871608
0.0083626514
-0.088875424
-0.087354198
-0.086542187
-0.085782679
-0.083751782
-0.083014072
-0.080547591
-0.079453761
-0.076754949
-0.075602527
-0.072512211
-0.070772488
-0.068201731
-0.065542125
-0.063565593
-0.060484119
-0.057801429
-0.055401332
-0.052652558
-0.049602245
-0.046896141
-0.044203798
-0.041615795
-0.03846406
-0.035681216
-0.032911718
-0.030168911
-0.027454623
-0.024758434
-0.022119056
-0.019328807
-0.016718239
-0.0141318
-0.011578602
-0.009091221
-0.0066540291
-0.0042620371
-0.0019181454
0.00036997738
0.0025953751
0.0047653558
0.0068810284
0.0089381404
0.010931925
0.012863571
0.014717617
0.016568487
0.018325419
0.020019993
0.021650089
0.023218231
0.024728784
0.026181839
0.027582505
0.028920918
0.030190943
0.031405956
0.032571425
0.033679659
0.034784535
0.035729495
0.03667722
0.037576168
0.038446424
0.03927448
0.039949044
0.040662759
0.041340744
0.042018237
0.042470846
0.043009636
0.043561221
0.04399315
0.04431883
0.044699003
0.045191993
0.045279234
0.045560774
0.045945054
0.04598311
0.046290218
0.046590334
0.046671097
0.046444074
0.046163858
0.045852544
0.045188128
0.044564819
0.043905119
0.042937024
0.042252784
0.041096166
0.040323094
0.039108335
0.038256181
0.037033745
0.036064111
0.034969117
0.033854495
0.032918606
0.031758447
0.030747427
0.029826606
0.028756853
0.027804989
0.026899097
0.026033147
0.025097403
0.024270945
0.023470769
0.022717815
0.021964541
0.021229948
0.020552819
0.019903981
0.019285732
0.0186968
0.018141289
0.017602662
0.017081871
0.016598331
0.016138116
0.015701133
0.015286522
0.014893136
0.014519921
0.014165856
0.013830004
0.013511462
0.013209301
0.012922678
0.012650773
0.012392835
0.012148038
0.011915745
0.011695196
0.011485854
0.01128699
0.011098117
0.010918607
0.010748015
0.010585728
0.010431428
0.010284572
0.010144849
0.010012081
0.0098850788
0.0097637062
0.0096485021
0.0095383218
0.0094331656
0.0093319892
0.0092355011
0.0091405983
0.0090496633
0.0089567974
0.0088695991
0.0087521837
0.0086892879
0.0083677504
-0.08886423
-0.087344467
-0.086532005
-0.085772241
-0.083742718
-0.083003821
-0.080539103
-0.079444174
-0.076747041
-0.075593206
-0.072505047
-0.070764236
-0.068194525
-0.065535337
-0.063558153
-0.060478118
-0.057795506
-0.05539518
-0.052646952
-0.049597411
-0.046891358
-0.044199066
-0.04161111
-0.038460353
-0.035677526
-0.032908278
-0.030165692
-0.027451621
-0.024755572
-0.022116357
-0.019326583
-0.016716115
-0.014129874
-0.011576845
-0.0090896238
-0.0066525906
-0.0042607495
-0.0019169978
0.00037099664
0.0025962734
0.0047661384
0.0068817046
0.0089387214
0.010932418
0.012864003
0.014718
0.016568712
0.018325611
0.020020129
0.021650177
0.02321828
0.024728804
0.026181822
0.027582435
0.028920821
0.030190847
0.031405848
0.032571316
0.033679495
0.034784263
0.035729404
0.036677088
0.037576033
0.038446176
0.039274215
0.039949018
0.040662659
0.041340515
0.04201791
0.042470946
0.043009553
0.043560929
0.04399301
0.044319009
0.044698885
0.045191501
0.045279652
0.045560744
0.045944625
0.045983365
0.046290262
0.046590364
0.046671141
0.046444305
0.046164038
0.045852646
0.045188487
0.044565074
0.043905374
0.042937479
0.042252973
0.041096751
0.040323322
0.039108975
0.038256436
0.037034425
0.036064514
0.034969703
0.033855143
0.03291899
0.031759236
0.030748097
0.029827103
0.028757669
0.027805783
0.026899829
0.026033819
0.025098339
0.024271844
0.023471685
0.02271867
0.02196548
0.021231003
0.020553882
0.019905082
0.019286867
0.018697961
0.018142443
0.017603873
0.017083175
0.01659966
0.016139489
0.015702548
0.01528798
0.014894638
0.014521468
0.01416745
0.013831645
0.013513153
0.013211042
0.012924471
0.012652619
0.012394735
0.012149994
0.011917758
0.011697266
0.011487985
0.01128918
0.011100369
0.010920915
0.010750384
0.010588158
0.010433921
0.010287123
0.010147458
0.010014733
0.0098877847
0.0097664555
0.0096512831
0.0095411148
0.0094359707
0.0093347811
0.0092382556
0.009143297
0.0090522591
0.0089592298
0.0088718401
0.0087543375
0.0086909188
0.0083729137
-0.088850812
-0.087332797
-0.086519796
-0.085759724
-0.083731848
-0.082991523
-0.080528918
-0.079432659
-0.076737544
-0.075582006
-0.072496426
-0.070754309
-0.068185838
-0.065527154
-0.063549184
-0.060470857
-0.057788338
-0.055387739
-0.052640154
-0.049591528
-0.046885535
-0.044193309
-0.041605398
-0.038455803
-0.035672995
-0.032904045
-0.030161724
-0.027447909
-0.024752028
-0.022113003
-0.019323794
-0.016713445
-0.01412744
-0.011574616
-0.0090875857
-0.0066507431
-0.004259083
-0.0019154999
0.00037233961
0.0025974696
0.0047671942
0.0068826312
0.0089395316
0.01093312
0.012864629
0.014718563
0.016569086
0.018325939
0.020020387
0.021650375
0.023218428
0.024728911
0.026181882
0.027582427
0.028920775
0.030190799
0.03140578
0.032571242
0.033679352
0.034783984
0.035729337
0.036676967
0.037575904
0.03844591
0.03927392
0.039949003
0.040662552
0.041340254
0.042017519
0.042471063
0.04300945
0.043560572
0.043992826
0.044319201
0.044698727
0.045190879
0.045280115
0.045560679
0.045944067
0.045983621
0.046290263
0.04659034
0.046671121
0.046444498
0.046164163
0.045852667
0.045188809
0.044565265
0.043905553
0.042937895
0.042253055
0.041097309
0.040323437
0.039109586
0.038256573
0.037035071
0.036064819
0.034970222
0.033855736
0.03291926
0.031759991
0.030748706
0.029827498
0.028758447
0.027806529
0.026900498
0.026034412
0.02509925
0.024272705
0.023472565
0.022719472
0.021966382
0.021232043
0.020554928
0.01990617
0.019287993
0.018699117
0.018143588
0.017605082
0.017084493
0.016601005
0.016140882
0.015703988
0.015289466
0.014896172
0.014523051
0.014169083
0.013833328
0.013514888
0.013212829
0.012926312
0.012654513
0.012396685
0.012151998
0.01191982
0.011699383
0.011490159
0.011291409
0.011102655
0.010923254
0.01075278
0.010590607
0.010436424
0.010289673
0.010150053
0.010017356
0.0098904475
0.0097691452
0.0096539853
0.0095438102
0.0094386467
0.0093374094
0.0092408061
0.0091457541
0.0090545656
0.0089613345
0.0088737132
0.0087561374
0.0086920567
0.0083781783
-0.088834802
-0.087318868
-0.086505222
-0.085744786
-0.083718874
-0.082976838
-0.080516758
-0.079418901
-0.076726197
-0.075568619
-0.072486109
-0.070742432
-0.068175429
-0.065517347
-0.063538437
-0.060462129
-0.05777972
-0.0553788
-0.052631968
-0.049584424
-0.0468785
-0.044186359
-0.041598492
-0.038450271
-0.035667485
-0.032898889
-0.030156881
-0.02744337
-0.02474769
-0.022108885
-0.019320346
-0.016710142
-0.014124418
-0.011571835
-0.0090850344
-0.00664842
-0.0042569762
-0.0019135947
0.00037405864
0.0025990115
0.0047685669
0.0068838478
0.008940607
0.010934064
0.012865477
0.014719336
0.016569629
0.018326424
0.020020783
0.021650697
0.023218688
0.024729117
0.026182026
0.027582488
0.028920786
0.030190801
0.031405754
0.032571203
0.033679229
0.03478369
0.035729291
0.036676851
0.037575775
0.038445615
0.039273581
0.039948994
0.040662429
0.041339946
0.042017046
0.042471189
0.043009313
0.043560127
0.043992578
0.044319395
0.044698512
0.045190095
0.045280616
0.045560559
0.045943347
0.045983868
0.0462902
0.046590234
0.046671008
0.046444629
0.046164206
0.045852573
0.045189066
0.044565361
0.043905621
0.042938245
0.042252993
0.041097815
0.040323401
0.039110144
0.038256554
0.03703566
0.036064994
0.034970649
0.03385625
0.032919381
0.031760689
0.030749223
0.029827755
0.028759159
0.027807197
0.02690107
0.026034891
0.025100107
0.024273497
0.023473375
0.022720188
0.021967215
0.021233036
0.020555925
0.019907215
0.019289079
0.018700235
0.01814469
0.017606259
0.017085797
0.016602336
0.016142266
0.015705422
0.015290951
0.01489771
0.014524641
0.014170726
0.013835026
0.01351664
0.013214635
0.012928174
0.01265643
0.012398658
0.012154026
0.011921904
0.011701521
0.011492353
0.011293654
0.011104954
0.010925601
0.010755175
0.010593044
0.010438904
0.010292185
0.010152595
0.010019906
0.0098930173
0.00977172
0.0096565462
0.0095463362
0.0094411204
0.0093398028
0.0092430829
0.0091479043
0.0090565258
0.0089630668
0.0088751864
0.0087575639
0.0086927255
0.0083835923
-0.088815772
-0.087302306
-0.086487895
-0.085727029
-0.083703451
-0.082959376
-0.080502298
-0.079402529
-0.076712698
-0.075552686
-0.072473819
-0.070728286
-0.068163015
-0.065505652
-0.063525622
-0.060451697
-0.057769415
-0.055368119
-0.052622169
-0.0495759
-0.046870056
-0.044178022
-0.041590198
-0.038443597
-0.035660835
-0.032892661
-0.030151023
-0.027437869
-0.024742428
-0.022103879
-0.019316132
-0.0167061
-0.01412071
-0.011568415
-0.0090818873
-0.0066455447
-0.0042543586
-0.0019112173
0.00037621329
0.0026009537
0.0047703057
0.0068853991
0.0089419881
0.010935287
0.012866581
0.014720347
0.016570365
0.018327086
0.020021335
0.021651159
0.023219074
0.024729432
0.026182262
0.027582621
0.028920855
0.030190854
0.031405768
0.032571195
0.033679119
0.034783371
0.035729259
0.036676732
0.037575636
0.038445276
0.03927318
0.039948978
0.040662274
0.041339572
0.042016463
0.04247131
0.043009122
0.043559567
0.043992241
0.044319575
0.044698215
0.045189105
0.045281144
0.045560358
0.045942424
0.045984084
0.046290041
0.046590016
0.046670766
0.046444664
0.046164129
0.04585232
0.04518922
0.044565316
0.04390553
0.042938487
0.042252731
0.041098229
0.040323157
0.039110605
0.038256316
0.037036145
0.036064979
0.034970926
0.033856629
0.032919285
0.031761276
0.030749593
0.029827809
0.028759751
0.027807731
0.02690149
0.026035194
0.025100857
0.024274164
0.023474062
0.022720761
0.021967924
0.021233932
0.020556823
0.019908166
0.019290075
0.018701267
0.018145701
0.017607355
0.017087037
0.016603605
0.016143594
0.015706805
0.015292389
0.014899204
0.014526191
0.014172334
0.013836689
0.013518361
0.013216412
0.012930008
0.012658319
0.012400604
0.012156025
0.011923957
0.011703625
0.011494507
0.011295855
0.011107201
0.010927887
0.0107575
0.0105954
0.010441288
0.010294587
0.010155009
0.010022307
0.0098954178
0.0097741037
0.0096588894
0.0095486178
0.0094433202
0.0093418945
0.0092450249
0.0091496947
0.0090580963
0.0089643938
0.0088762378
0.0087586095
0.0086929635
0.0083891962
-0.088793223
-0.087282676
-0.086467359
-0.085705989
-0.083685178
-0.082938682
-0.080485165
-0.079383117
-0.076696696
-0.075533795
-0.072459235
-0.070711502
-0.06814827
-0.065491761
-0.063510403
-0.060439282
-0.057757149
-0.055355413
-0.052610497
-0.049565725
-0.046859972
-0.044168075
-0.041580291
-0.038435597
-0.035652861
-0.032885185
-0.030143985
-0.027431253
-0.024736096
-0.022097844
-0.019311031
-0.016701204
-0.014116209
-0.011564253
-0.0090780502
-0.0066420308
-0.0042511505
-0.0019082946
0.00037887071
0.0026033571
0.004772466
0.006887335
0.0089437197
0.010936827
0.012867977
0.01472163
0.016571318
0.018327947
0.020022064
0.02165178
0.023219598
0.024729864
0.026182598
0.027582831
0.028920982
0.030190956
0.031405819
0.032571215
0.033679016
0.034783012
0.035729233
0.036676597
0.037575471
0.038444872
0.039272693
0.039948941
0.040662066
0.041339106
0.042015739
0.04247141
0.043008853
0.043558858
0.043991784
0.044319719
0.044697806
0.045187861
0.045281679
0.045560043
0.045941246
0.045984244
0.04628975
0.046589642
0.046670348
0.04644456
0.046163885
0.045851852
0.045189224
0.044565076
0.043905221
0.042938569
0.042252199
0.041098496
0.040322628
0.039110912
0.038255782
0.037036462
0.036064696
0.034970982
0.033856803
0.032918887
0.03176168
0.030749735
0.029827574
0.028760147
0.027808051
0.026901673
0.026035236
0.025101422
0.024274625
0.023474545
0.022721106
0.021968427
0.021234651
0.020557539
0.019908941
0.019290901
0.01870213
0.018146537
0.017608288
0.017088137
0.016604734
0.016144788
0.015708059
0.015293703
0.014900579
0.014527626
0.014173829
0.013838244
0.013519976
0.013218084
0.012931739
0.012660105
0.012402445
0.012157918
0.011925902
0.011705616
0.011496545
0.011297934
0.011109318
0.010930035
0.010759676
0.010597594
0.010443497
0.010296799
0.010157216
0.010024483
0.0098975736
0.0097762231
0.0096609446
0.0095505889
0.0094451842
0.0093436281
0.009246582
0.0091510832
0.0090592434
0.0089652916
0.0088768533
0.0087592758
0.0086928059
0.0083950067
-0.088766576
-0.087259475
-0.086443089
-0.08568113
-0.083663589
-0.082914226
-0.080464923
-0.079360167
-0.076677786
-0.075511463
-0.072441985
-0.070691653
-0.068130816
-0.06547532
-0.063492395
-0.060424565
-0.057742604
-0.055340359
-0.05259665
-0.049553632
-0.046847985
-0.044156261
-0.041568517
-0.038426059
-0.035643351
-0.032876263
-0.03013558
-0.027423344
-0.024728525
-0.022090618
-0.019304903
-0.016695319
-0.01411079
-0.011559234
-0.0090734165
-0.0066377801
-0.0042472622
-0.0019047441
0.00038210593
0.0026062896
0.0047751088
0.0068897103
0.0089458508
0.01093873
0.012869702
0.014723218
0.016572513
0.01832903
0.020022991
0.021652576
0.023220271
0.024730421
0.026183036
0.027583117
0.028921165
0.030191103
0.0314059
0.032571251
0.033678906
0.034782591
0.035729197
0.036676427
0.037575262
0.038444379
0.03927209
0.039948859
0.040661779
0.041338516
0.042014831
0.042471463
0.043008473
0.043557955
0.043991164
0.044319796
0.044697246
0.045186299
0.045282197
0.045559573
0.045939748
0.045984309
0.046289276
0.04658906
0.046669694
0.046444262
0.046163414
0.045851099
0.045189016
0.044564571
0.043904618
0.042938423
0.042251309
0.041098547
0.040321721
0.039110991
0.038254851
0.037036531
0.036064048
0.034970723
0.033856678
0.03291808
0.031761812
0.030749552
0.029826939
0.028760251
0.027808057
0.026901515
0.026034907
0.025101703
0.024274777
0.023474717
0.022721114
0.021968617
0.021235091
0.020557971
0.019909439
0.019291453
0.018702724
0.018147097
0.017608959
0.017088998
0.016605625
0.016145752
0.015709088
0.015294798
0.014901741
0.014528852
0.014175121
0.013839599
0.013521394
0.013219563
0.012933278
0.0126617
0.012404096
0.01215962
0.011927653
0.011707411
0.011498382
0.011299805
0.011111221
0.010931961
0.01076162
0.010599548
0.010445453
0.010298745
0.01015914
0.010026361
0.0098994142
0.0097780113
0.0096626482
0.0095521906
0.0094466584
0.0093449557
0.0092477132
0.0091520358
0.0090599416
0.0089657438
0.0088770254
0.0087595724
0.0086922812
0.0084010783
-0.088735158
-0.087232116
-0.086414473
-0.085651828
-0.083638145
-0.082885399
-0.08044107
-0.079333106
-0.076655499
-0.075485136
-0.072421639
-0.070668245
-0.068110217
-0.065455917
-0.06347115
-0.060407176
-0.057725413
-0.055322581
-0.052580283
-0.049539316
-0.046833789
-0.044142284
-0.041554578
-0.038414739
-0.035632062
-0.032865668
-0.030125592
-0.027413939
-0.02471952
-0.022082015
-0.019297588
-0.016688293
-0.014104313
-0.011553229
-0.0090678661
-0.0066326829
-0.0042425932
-0.0019004745
0.00038600216
0.0026098261
0.0047783008
0.0068925843
0.0089484338
0.010941041
0.012871797
0.014725147
0.016573977
0.01833036
0.020024134
0.021653559
0.023221099
0.024731108
0.026183579
0.027583476
0.028921396
0.030191284
0.031405997
0.032571287
0.033678769
0.03478208
0.035729128
0.036676195
0.037574978
0.038443759
0.03927133
0.039948702
0.040661376
0.04133776
0.042013686
0.042471433
0.043007935
0.043556803
0.043990328
0.044319764
0.044696483
0.045184341
0.045282659
0.045558892
0.045937852
0.04598423
0.046288556
0.0465882
0.046668732
0.046443702
0.046162638
0.045849974
0.045188517
0.044563712
0.043903625
0.042937961
0.042249952
0.041098293
0.040320322
0.039110746
0.038253403
0.037036252
0.036062914
0.034970036
0.033856142
0.032916731
0.031761557
0.03074892
0.029825771
0.028759941
0.027807623
0.026900885
0.026034071
0.025101576
0.02427449
0.023474452
0.022720654
0.021968366
0.021235127
0.020557994
0.019909535
0.019291608
0.018702925
0.018147258
0.017609247
0.017089504
0.016606162
0.01614637
0.01570978
0.015295563
0.014902579
0.014529763
0.014176103
0.01384065
0.013522514
0.013220747
0.012934525
0.012663007
0.01240546
0.012161035
0.011929118
0.011708919
0.011499928
0.011301383
0.011112825
0.010933581
0.010763251
0.01060118
0.010447077
0.010300348
0.010160711
0.010027871
0.0099008737
0.0097794065
0.0096639432
0.0095533708
0.0094476963
0.0093458369
0.0092483847
0.009152526
0.0090601723
0.0089657408
0.0088767515
0.0087595155
0.008691415
0.0084075122
-0.088698186
-0.08719992
-0.086380803
-0.08561736
-0.083608221
-0.08285149
-0.080413022
-0.079301267
-0.07662929
-0.075454172
-0.072397702
-0.070640706
-0.068085969
-0.06543308
-0.063446154
-0.06038669
-0.057705155
-0.055301649
-0.052560997
-0.049522425
-0.046817035
-0.044125805
-0.041538136
-0.038401359
-0.035618716
-0.032853139
-0.030113776
-0.027402807
-0.024708864
-0.022071825
-0.019288908
-0.016679953
-0.01409662
-0.01154609
-0.0090612645
-0.0066266166
-0.0042370321
-0.0018953844
0.00039065074
0.0026140481
0.0047821142
0.0068960205
0.0089515239
0.010943806
0.012874301
0.01472745
0.016575735
0.018331961
0.020025512
0.021654737
0.023222088
0.024731924
0.02618422
0.027583895
0.028921659
0.030191482
0.031406088
0.032571299
0.033678576
0.034781438
0.035728995
0.036675862
0.037574579
0.038442965
0.039270358
0.039948426
0.040660804
0.04133678
0.042012234
0.042471272
0.043007183
0.04355533
0.043989208
0.044319566
0.044695451
0.045181892
0.045283013
0.04555793
0.045935459
0.045983942
0.04628751
0.046586975
0.046667366
0.046442789
0.04616146
0.045848366
0.045187627
0.044562389
0.043902122
0.042937075
0.042247993
0.041097623
0.040318285
0.039110059
0.038251285
0.037035497
0.036061144
0.034968775
0.033855052
0.032914678
0.031760773
0.030747687
0.029823903
0.028759068
0.027806593
0.026899625
0.026032563
0.025100888
0.024273608
0.023473592
0.022719564
0.021967516
0.021234606
0.020557454
0.019909078
0.019291217
0.018702586
0.018146872
0.017609008
0.017089514
0.016606209
0.01614651
0.015710003
0.015295869
0.014902969
0.014530234
0.014176655
0.013841279
0.013523219
0.013221525
0.012935372
0.012663919
0.012406433
0.012162064
0.011930197
0.011710042
0.01150109
0.011302575
0.01111404
0.010934811
0.010764486
0.010602411
0.010448293
0.010301538
0.010161857
0.010028949
0.0099018918
0.009780353
0.0096647788
0.0095540842
0.0094482583
0.0093462384
0.00924857
0.0091525336
0.0090599228
0.0089652784
0.0088760336
0.008759127
0.0086902348
0.0084143762
-0.088654749
-0.087162094
-0.086341254
-0.085576887
-0.083573091
-0.08281168
-0.080380105
-0.079263882
-0.076598533
-0.075417827
-0.0723696
-0.070608378
-0.06805749
-0.065406263
-0.063416814
-0.060362617
-0.057681344
-0.055277068
-0.052538335
-0.049502554
-0.046797322
-0.044106435
-0.041518804
-0.038385599
-0.035602994
-0.03283838
-0.030099854
-0.027389686
-0.024696308
-0.022059811
-0.019278657
-0.016670107
-0.014087534
-0.011537655
-0.0090534619
-0.0066194454
-0.0042304562
-0.0018893631
0.00039615093
0.0026190432
0.0047866256
0.0069000852
0.0089551777
0.010947075
0.012877254
0.014730166
0.016577814
0.018333851
0.020027131
0.021656111
0.023223234
0.02473286
0.026184945
0.027584355
0.028921928
0.030191665
0.03140614
0.032571247
0.033678283
0.034780611
0.03572875
0.036675377
0.03757401
0.038441934
0.039269103
0.039947971
0.040659998
0.041335503
0.04201039
0.042470913
0.043006138
0.043553445
0.043987714
0.044319126
0.044694065
0.045178832
0.045283187
0.045556595
0.045932446
0.045983357
0.046286034
0.046585275
0.046665477
0.046441409
0.046159756
0.045846138
0.045186219
0.044560461
0.04389996
0.042935626
0.042245264
0.041096394
0.040315433
0.039108779
0.038248311
0.037034105
0.036058553
0.034966763
0.03385323
0.032911721
0.03175928
0.030745663
0.029821133
0.028757445
0.027804774
0.026897537
0.026030182
0.02509945
0.024271937
0.023471945
0.022717651
0.021965877
0.021233344
0.020556168
0.019907888
0.019290103
0.018701532
0.018145768
0.017608075
0.017088868
0.016605606
0.016146016
0.015709606
0.015295569
0.014902766
0.014530126
0.014176641
0.013841356
0.013523383
0.013221772
0.012935699
0.01266432
0.012406903
0.012162596
0.011930787
0.011710681
0.011501771
0.01130329
0.011114779
0.010935566
0.010765245
0.010603165
0.010449029
0.010302244
0.010162517
0.010029535
0.0099024141
0.0097808018
0.0096651113
0.0095542927
0.0094483121
0.0093461336
0.009248249
0.0091520447
0.0090591858
0.0089643572
0.0088748777
0.0087584339
0.0086887721
0.0084217098
-0.088603788
-0.08711772
-0.086294873
-0.085529438
-0.083531915
-0.082765015
-0.080341538
-0.079220059
-0.0765625
-0.075375248
-0.072336667
-0.070570503
-0.068024111
-0.065374838
-0.063382446
-0.060334391
-0.05765342
-0.055248269
-0.052511772
-0.049479239
-0.046774188
-0.044083732
-0.041496139
-0.038367097
-0.035584534
-0.032821052
-0.030083508
-0.02737428
-0.02468157
-0.022045703
-0.019266609
-0.016658537
-0.014076857
-0.01152774
-0.0090442925
-0.0066110199
-0.0042227313
-0.0018822906
0.00040260923
0.0026249044
0.0047919144
0.0069048456
0.0089594506
0.010950894
0.012880697
0.01473333
0.016580233
0.018336043
0.020028993
0.021657676
0.023224524
0.024733896
0.026185727
0.027584821
0.028922162
0.03019179
0.031406103
0.032571077
0.033677832
0.034779525
0.035728328
0.036674666
0.037573194
0.03844058
0.039267473
0.039947255
0.040658867
0.041333833
0.042008038
0.042470268
0.043004699
0.043551033
0.04398573
0.044318342
0.044692215
0.045175013
0.045283083
0.04555477
0.045928663
0.045982362
0.046283995
0.046582959
0.046662914
0.046439416
0.04615737
0.045843116
0.045184132
0.044557753
0.043896951
0.04293344
0.042241555
0.041094427
0.040311546
0.039106718
0.038244252
0.037031875
0.036054911
0.034963777
0.033850456
0.032907615
0.031756859
0.030742616
0.029817214
0.028754844
0.027801935
0.026894385
0.026026686
0.025097037
0.024269247
0.023469283
0.022714683
0.021963225
0.021231123
0.020553922
0.019905753
0.019288057
0.018699559
0.018143746
0.017606252
0.017087377
0.01660417
0.016144711
0.015708418
0.015294497
0.014901812
0.014529286
0.014175913
0.013840736
0.013522869
0.013221357
0.012935379
0.012664088
0.012406754
0.012162523
0.01193078
0.011710734
0.011501874
0.011303436
0.011114955
0.010935762
0.010765449
0.010603369
0.010449217
0.010302406
0.010162632
0.010029578
0.0099023935
0.0097807107
0.009664904
0.0095539651
0.0094478319
0.0093455022
0.0092474074
0.0091510503
0.0090579585
0.0089629824
0.0088732933
0.0087574675
0.0086870651
0.0084295413
-0.088544071
-0.087065727
-0.086240548
-0.085473884
-0.08348372
-0.082710396
-0.080296419
-0.079168768
-0.076520353
-0.075325446
-0.072298137
-0.070526207
-0.067985055
-0.065338079
-0.063342268
-0.060301363
-0.057620742
-0.055214601
-0.052480705
-0.049451947
-0.046747108
-0.044057189
-0.041469637
-0.038345436
-0.035562925
-0.032800772
-0.03006438
-0.027356251
-0.024664335
-0.022029199
-0.019252507
-0.016645002
-0.01406437
-0.011516145
-0.0090335742
-0.0066011773
-0.0042137124
-0.0018740382
0.00041013821
0.0026317276
0.004798061
0.0069103679
0.0089643988
0.010955312
0.012884665
0.01473697
0.016583001
0.018338532
0.020031084
0.021659412
0.023225929
0.024734996
0.026186522
0.027585241
0.028922303
0.030191793
0.031405906
0.032570713
0.03367714
0.034778083
0.035727641
0.036673633
0.037572031
0.038438794
0.039265345
0.03994617
0.040657291
0.041331645
0.042005038
0.042469216
0.043002734
0.043547945
0.043983111
0.04431708
0.044689758
0.045170254
0.045282571
0.045552304
0.045923919
0.045980809
0.046281225
0.046579849
0.046659488
0.046436625
0.046154105
0.045839084
0.045181163
0.044554045
0.043892864
0.042930298
0.042236609
0.041091498
0.040306353
0.039103638
0.038238827
0.037028558
0.03604994
0.034959547
0.033846461
0.032902066
0.031753238
0.030738267
0.029811849
0.02875099
0.027797791
0.026889884
0.026021786
0.025093375
0.024265261
0.023465333
0.022710388
0.021959294
0.021227687
0.020550461
0.019902428
0.019284838
0.018696433
0.018140576
0.017603319
0.017084831
0.016601698
0.016142399
0.01570625
0.015292473
0.014899931
0.014527547
0.014174312
0.013839268
0.01352153
0.013220142
0.012934281
0.0126631
0.012405867
0.01216173
0.011930071
0.011710102
0.011501305
0.011302923
0.011114483
0.010935323
0.010765027
0.010602957
0.010448795
0.010301965
0.010162151
0.010029032
0.0099017895
0.0097800446
0.009664127
0.0095530766
0.0094467983
0.0093443297
0.0092460361
0.009149546
0.0090562422
0.0089611629
0.008871294
0.0087562628
0.0086851591
0.0084378785
-0.088474164
-0.087004868
-0.086176992
-0.085408916
-0.083427373
-0.082646545
-0.0802437
-0.079108815
-0.076471124
-0.075267277
-0.072253125
-0.070474484
-0.067939431
-0.065295155
-0.063295379
-0.060262788
-0.057582571
-0.055175316
-0.052444447
-0.049420069
-0.046715479
-0.044026228
-0.041438722
-0.038320144
-0.035537697
-0.032777106
-0.030042065
-0.027335222
-0.024644246
-0.022009961
-0.019236064
-0.016629231
-0.01404983
-0.011502649
-0.0090211081
-0.0065897415
-0.0042032447
-0.0018644706
0.00041885413
0.0026396096
0.0048051452
0.0069167192
0.0089700787
0.01096037
0.012889188
0.014741105
0.016586111
0.018341302
0.020033378
0.021661282
0.023227403
0.024736103
0.026187265
0.027585539
0.028922265
0.030191581
0.031405451
0.032570049
0.033676096
0.034776154
0.035726567
0.036672147
0.037570386
0.038436429
0.039262563
0.039944572
0.040655116
0.041328778
0.042001205
0.042467601
0.043000072
0.043543994
0.043979668
0.044315163
0.044686513
0.045164325
0.045281475
0.045549004
0.045917983
0.045978503
0.04627751
0.04657572
0.04665496
0.046432804
0.046149714
0.045833775
0.045177057
0.044549065
0.043887408
0.042925927
0.042230111
0.041087328
0.040299526
0.039099249
0.038231695
0.037023848
0.036043302
0.034953741
0.033840917
0.032894718
0.031748087
0.030732277
0.029804685
0.02874555
0.027792002
0.026883698
0.02601514
0.025088141
0.024259656
0.023459777
0.02270445
0.021953776
0.021222739
0.020545498
0.01989763
0.019280175
0.018691891
0.018136003
0.017599032
0.017080996
0.016597964
0.016138865
0.015702897
0.015289299
0.014896938
0.01452473
0.014171668
0.013836792
0.013519215
0.013217983
0.012932268
0.012661227
0.012404123
0.012160107
0.011928556
0.011708685
0.011499973
0.011301667
0.011113286
0.010934177
0.010763913
0.010601867
0.010447708
0.010300874
0.010161031
0.010027859
0.009900569
0.0097787751
0.0096627569
0.0095516083
0.0094451971
0.0093426065
0.0092441305
0.0091475318
0.0090540417
0.0089589109
0.0088688973
0.0087548574
0.0086831048
0.0084466974
-0.088392394
-0.086933695
-0.086102706
-0.085333013
-0.08336156
-0.082571984
-0.080182165
-0.079038819
-0.07641369
-0.075199425
-0.072200607
-0.070414173
-0.067886206
-0.065245105
-0.06324075
-0.060217803
-0.057538059
-0.05512956
-0.052402209
-0.049382908
-0.046678612
-0.043990194
-0.041402742
-0.038290685
-0.035508319
-0.032749563
-0.030016105
-0.027310766
-0.024620906
-0.02198761
-0.019216963
-0.016610929
-0.01403297
-0.011487009
-0.0090066791
-0.0065765243
-0.0041911652
-0.0018534479
0.00042887434
0.0026486483
0.0048132483
0.0069239658
0.0089765396
0.0109661
0.01289428
0.014745733
0.016589535
0.018344315
0.020035826
0.021663223
0.02322887
0.024737131
0.02618786
0.027585607
0.028921931
0.03019103
0.031404605
0.032568942
0.033674549
0.03477357
0.035724946
0.036670037
0.037568082
0.038433298
0.039258923
0.03994227
0.04065214
0.041325022
0.041996309
0.042465214
0.042996493
0.04353894
0.043975161
0.044312365
0.044682248
0.045156946
0.045279567
0.045544626
0.045910565
0.045975197
0.046272578
0.046570289
0.046649032
0.046427656
0.046143889
0.045826853
0.045171496
0.044542473
0.043880227
0.042919989
0.042221672
0.04108157
0.04029066
0.039093189
0.03822244
0.037017366
0.036034586
0.034945954
0.033833426
0.032885143
0.031741011
0.030724239
0.0297953
0.028738128
0.027784169
0.02687543
0.026006349
0.025080959
0.024252055
0.023452248
0.022696504
0.021946321
0.021215943
0.020538702
0.019891043
0.019273761
0.018685636
0.018129745
0.017593119
0.017075614
0.016592724
0.016133876
0.015698137
0.015284768
0.014892634
0.01452065
0.014167807
0.013833144
0.013515772
0.013214737
0.012929208
0.012658344
0.012401404
0.012157544
0.011926132
0.011706392
0.011497792
0.01129959
0.011111292
0.010932257
0.010762046
0.010600047
0.01044591
0.01029909
0.010159234
0.010026026
0.0098987048
0.0097768795
0.0096607759
0.0095495466
0.0094430194
0.0093403272
0.0092416899
0.0091450106
0.0090513652
0.0089562421
0.0088661249
0.0087532905
0.0086809612
0.0084559321
-0.088296778
-0.086850517
-0.086015951
-0.085244413
-0.083284755
-0.082484998
-0.080110403
-0.078957179
-0.076346747
-0.07512037
-0.072139397
-0.070343937
-0.067824189
-0.065186828
-0.063177194
-0.060165416
-0.057486233
-0.05507636
-0.05235309
-0.049339666
-0.046635721
-0.043948339
-0.041360955
-0.038256448
-0.03547419
-0.032717588
-0.029985985
-0.027282406
-0.024593869
-0.021961725
-0.01919485
-0.016589768
-0.0140135
-0.011468965
-0.0089900572
-0.0065613279
-0.0041773058
-0.001840828
0.00044031972
0.0026589448
0.0048224492
0.0069321642
0.0089838158
0.010972517
0.01289993
0.014750824
0.016593218
0.018347506
0.020038347
0.021665139
0.023230221
0.024737958
0.026188171
0.027585297
0.028921139
0.030189969
0.031403188
0.032567202
0.033672303
0.034770109
0.035722564
0.036667077
0.037564885
0.038429157
0.039254168
0.039939018
0.0406481
0.041320111
0.041990057
0.042461789
0.042991715
0.043532484
0.043969288
0.044308389
0.044676665
0.045147769
0.045276548
0.04553886
0.045901308
0.045970569
0.046266089
0.0465632
0.04664133
0.046420815
0.046136243
0.045817907
0.045164082
0.04453385
0.043870881
0.042912064
0.042210821
0.041073796
0.040279268
0.039085015
0.038210565
0.037008654
0.036023298
0.034935701
0.033823512
0.032872836
0.031731533
0.03071367
0.029783202
0.02872825
0.027773825
0.026864614
0.025994952
0.025071388
0.024242023
0.023442322
0.022686138
0.021936528
0.021206915
0.020529706
0.019882313
0.019265257
0.018677347
0.018121492
0.017585288
0.017068409
0.016585716
0.016127187
0.015691741
0.015278662
0.014886816
0.014515117
0.01416255
0.013828157
0.013511044
0.013210259
0.012924967
0.012654329
0.012397599
0.012153937
0.011922705
0.011703134
0.011494682
0.011296619
0.011108435
0.010929506
0.010759375
0.010597449
0.010443359
0.010296577
0.01015673
0.010023508
0.0098961758
0.0097743407
0.0096581712
0.0095468822
0.0094402598
0.0093374902
0.0092387167
0.0091419888
0.0090482237
0.0089531752
0.0088630021
0.0087516004
0.0086787965
0.0084654657
-0.088184999
-0.08675332
-0.085914653
-0.08514105
-0.083195191
-0.082383615
-0.080026772
-0.078862046
-0.076268784
-0.075028355
-0.072068113
-0.070262236
-0.067752002
-0.065119053
-0.063103349
-0.060104482
-0.057425977
-0.055014599
-0.05229606
-0.04928943
-0.046585909
-0.043899814
-0.04131252
-0.03821674
-0.035434628
-0.032680553
-0.029951129
-0.027249608
-0.02456264
-0.021931835
-0.019169335
-0.016565389
-0.013991101
-0.011448235
-0.0089709993
-0.0065439473
-0.004161493
-0.0018264623
0.00045331637
0.0026705951
0.0048328132
0.0069413527
0.0089919199
0.010979604
0.012906095
0.014756321
0.016597076
0.018350775
0.020040822
0.021666892
0.023231301
0.024738414
0.026188014
0.027584407
0.028919674
0.030188173
0.031400961
0.032564576
0.033669097
0.034765487
0.035719144
0.036662977
0.037560497
0.038423693
0.039247964
0.039934495
0.040642663
0.041313703
0.041982082
0.042456977
0.042985378
0.043524245
0.043961663
0.044302858
0.044669389
0.045136365
0.04527203
0.045531313
0.045889768
0.045964211
0.046257614
0.046554008
0.046631389
0.046411818
0.046126297
0.045806425
0.045154322
0.04452268
0.04385883
0.042901634
0.042196982
0.04106348
0.040264759
0.039074185
0.038195468
0.036997153
0.036008848
0.0349224
0.033810602
0.032857197
0.03171909
0.030700001
0.029767813
0.028715366
0.027760423
0.026850712
0.02598042
0.025058919
0.024229064
0.023429516
0.022672886
0.021923953
0.021195231
0.020518102
0.019871053
0.019254295
0.018666674
0.018110915
0.017575226
0.017059088
0.016576666
0.016118539
0.015683467
0.015270757
0.014879277
0.014507937
0.01415572
0.013821666
0.01350488
0.013204411
0.012919415
0.012649063
0.012392598
0.012149188
0.011918185
0.011698831
0.01149057
0.011292687
0.011104656
0.010925869
0.010755853
0.010594034
0.010440019
0.010293305
0.010153494
0.010020284
0.0098929651
0.0097711453
0.0096549335
0.009543609
0.0094369161
0.0093340963
0.0092352161
0.0091384746
0.0090446308
0.0089497316
0.0088595573
0.0087498242
0.0086766486
0.0084752226
-0.088054335
-0.086639727
-0.085796392
-0.085020506
-0.083090774
-0.082265502
-0.079929381
-0.078751312
-0.076178054
-0.074921351
-0.071985154
-0.070167287
-0.067668043
-0.065040308
-0.06301765
-0.060033679
-0.057356005
-0.054942997
-0.052229941
-0.04923115
-0.04652815
-0.043843655
-0.041256489
-0.038170775
-0.035388867
-0.032637755
-0.029910887
-0.027211774
-0.024526671
-0.021897426
-0.01913999
-0.016537402
-0.013965435
-0.011424522
-0.0089492494
-0.0065241652
-0.0041435423
-0.0018101968
0.0004679824
0.0026836778
0.0048443851
0.0069515427
0.0090008293
0.01098731
0.012912698
0.014762127
0.016600978
0.018353971
0.020043077
0.021668289
0.023231897
0.024738264
0.026187139
0.02758267
0.028917252
0.030185342
0.031397612
0.032560737
0.033664592
0.034759339
0.035714325
0.03665736
0.037554528
0.038416508
0.039239893
0.03992829
0.040635401
0.041305365
0.041971921
0.042450333
0.042977026
0.043513747
0.043951804
0.044295291
0.044659946
0.045122206
0.045265517
0.045521493
0.045875403
0.045955602
0.046246619
0.046542157
0.046618633
0.04640009
0.046113456
0.045791781
0.045141605
0.044508328
0.043843415
0.042888066
0.042179459
0.041049976
0.040246424
0.03906004
0.038176435
0.03698219
0.035990533
0.034905358
0.033794021
0.032837527
0.031703013
0.030682571
0.029748459
0.028698839
0.027743337
0.026833109
0.025962146
0.025042979
0.02421262
0.023413294
0.022656235
0.021908101
0.021180424
0.020503447
0.019856842
0.019240477
0.018653241
0.018097662
0.017562605
0.017047344
0.016565288
0.016107667
0.015673069
0.015260825
0.014869805
0.014498916
0.014147136
0.013813508
0.01349713
0.013197054
0.01291243
0.012642432
0.0123863
0.012143203
0.011912489
0.011693407
0.011485389
0.011287736
0.011099903
0.010921302
0.010751439
0.010589765
0.010435861
0.010289248
0.010149505
0.010016338
0.0098890594
0.0097672828
0.009651056
0.0095397232
0.0094329878
0.0093301479
0.0092311946
0.0091344783
0.0090406021
0.0089459343
0.0088558218
0.0087480035
0.0086744481
0.0084852615
-0.087901516
-0.086506936
-0.085658348
-0.084879926
-0.082969017
-0.082127949
-0.079816007
-0.078622481
-0.076072519
-0.074797064
-0.071888694
-0.070057034
-0.06757046
-0.064948892
-0.062918291
-0.059951471
-0.057274833
-0.054860087
-0.052153377
-0.049163623
-0.046461273
-0.043778764
-0.041191787
-0.038117657
-0.035336039
-0.032588396
-0.029864534
-0.02716824
-0.024485349
-0.021857924
-0.019106344
-0.01650539
-0.01393614
-0.011397506
-0.0089245316
-0.0065017482
-0.0041232654
-0.0017918881
0.00048441664
0.0026982498
0.0048571768
0.0069627024
0.0090104765
0.01099554
0.01291961
0.014768089
0.016604734
0.01835688
0.020044873
0.021669064
0.023231718
0.024737199
0.026185213
0.027579733
0.0289135
0.030181087
0.031392736
0.032555259
0.033658354
0.034751199
0.03570764
0.036649748
0.037546487
0.038407094
0.039229423
0.039919876
0.040625771
0.04129455
0.041958997
0.042441289
0.042966086
0.043500395
0.043939103
0.044285077
0.044647738
0.045104644
0.045256371
0.045508784
0.045857543
0.045944085
0.046232438
0.046526958
0.046602348
0.046384921
0.046096989
0.045773206
0.045125181
0.044490018
0.04382383
0.042870582
0.042157414
0.041032501
0.040223412
0.039041782
0.038152615
0.036962957
0.035967525
0.034883753
0.033772971
0.03281301
0.031682523
0.030660611
0.029724373
0.028677936
0.027721847
0.026811109
0.025939455
0.025022922
0.024192073
0.023393064
0.022635621
0.021888436
0.021161986
0.020485264
0.019839229
0.01922338
0.018636654
0.018081367
0.017547082
0.017032858
0.01655129
0.0160943
0.0156603
0.015248637
0.014858191
0.014487863
0.014136626
0.013803524
0.01348765
0.013188058
0.012903891
0.01263433
0.012378607
0.012135896
0.011905538
0.011686791
0.011479078
0.011281709
0.011094128
0.01091576
0.010746098
0.01058461
0.010430858
0.010284384
0.010144743
0.010011653
0.0098844468
0.0097627442
0.009646533
0.0095352215
0.009428475
0.009325648
0.0092266597
0.0091300107
0.0090361551
0.0089418062
0.008851833
0.0087461711
0.0086721906
0.0084955635
-0.087722615
-0.086351573
-0.085497106
-0.084715874
-0.08282697
-0.081967782
-0.079683968
-0.078472618
-0.075949777
-0.074652827
-0.071776566
-0.069929162
-0.067457189
-0.064842866
-0.062803197
-0.059856077
-0.057180743
-0.054764171
-0.0520648
-0.049085457
-0.046383928
-0.043703886
-0.041117193
-0.038056362
-0.035275167
-0.032531578
-0.029811258
-0.027118265
-0.024438001
-0.021812706
-0.019067885
-0.016468896
-0.013902816
-0.011366837
-0.0088965512
-0.0064764637
-0.0041004914
-0.0017714156
0.00050269288
0.0027143303
0.0048711498
0.0069747499
0.009020745
0.011004144
0.01292664
0.014773984
0.016608078
0.018359207
0.020045887
0.021668862
0.02323038
0.024734808
0.026181805
0.027575138
0.028907935
0.030174906
0.03138581
0.032547598
0.033649824
0.034740478
0.035698497
0.03663953
0.037535744
0.038394813
0.039215889
0.039908585
0.040613093
0.041280569
0.041942593
0.042429124
0.042951837
0.043483446
0.043922805
0.044271449
0.044632016
0.045082886
0.045243788
0.045492417
0.04583537
0.045928832
0.046214245
0.046507555
0.046581655
0.046365432
0.046075995
0.04574976
0.045104128
0.044466808
0.043799102
0.042848241
0.042129842
0.041010105
0.040194716
0.039018456
0.038123006
0.036938493
0.03593885
0.034856625
0.033746517
0.032782705
0.03165671
0.030633237
0.029694686
0.028651821
0.027695146
0.026783931
0.025911597
0.024998033
0.02416674
0.023368177
0.022610431
0.02186438
0.021139374
0.020463045
0.01981774
0.019202564
0.018616504
0.018061653
0.017528307
0.017015307
0.016534376
0.016078166
0.015644909
0.015233967
0.014844229
0.01447459
0.014124019
0.013791559
0.013476299
0.013177295
0.012893685
0.012624654
0.012369427
0.012127182
0.01189726
0.011678919
0.011471578
0.011274555
0.011087285
0.010909204
0.010739794
0.01057854
0.010424985
0.010278689
0.010139192
0.010006215
0.0098791153
0.0097575196
0.0096413582
0.0095301
0.0094233769
0.0093205989
0.0092216181
0.0091250825
0.0090313076
0.0089373693
0.0088476342
0.0087443345
0.0086700729
0.0085058618
-0.087512807
-0.086169473
-0.085308489
-0.084524192
-0.082661043
-0.081781152
-0.079530007
-0.07829827
-0.075806926
-0.074485463
-0.071646193
-0.06978104
-0.067325786
-0.064720003
-0.062670081
-0.059745523
-0.057071777
-0.054653298
-0.051962408
-0.048995035
-0.046294548
-0.043617571
-0.041031309
-0.037985712
-0.03520513
-0.032466286
-0.029750147
-0.02706102
-0.024383876
-0.021761084
-0.019024037
-0.016427409
-0.013865028
-0.011332145
-0.0088650142
-0.0064480964
-0.0040750746
-0.0017486915
0.00052283881
0.0027318782
0.0048862071
0.0069875462
0.0090314545
0.0110129
0.012933514
0.014779497
0.016610648
0.018360554
0.020045685
0.021667212
0.023227381
0.024730557
0.026176349
0.027568293
0.028899938
0.030166156
0.031376167
0.03253706
0.033638293
0.034726435
0.035686139
0.036625938
0.037521507
0.03837886
0.039198457
0.039893576
0.04059651
0.041262558
0.041921816
0.042412932
0.042933377
0.043461978
0.043901968
0.044253446
0.044611845
0.045055964
0.045226755
0.045471437
0.045807881
0.045908808
0.046191023
0.046482896
0.046555476
0.046340541
0.046049372
0.045720305
0.045077322
0.044437553
0.043768057
0.042819903
0.042095543
0.040981645
0.04015914
0.038988915
0.038086435
0.03690766
0.035903377
0.03482285
0.033713576
0.032745537
0.03162453
0.030599447
0.029658416
0.028619547
0.027662332
0.026750709
0.025877748
0.024967521
0.024135883
0.023337929
0.022580014
0.021835315
0.021112011
0.020436256
0.019791878
0.01917757
0.018592367
0.018038133
0.017505925
0.016994362
0.016514247
0.016058993
0.015626652
0.015216591
0.014827715
0.014458912
0.014109146
0.01377746
0.013462941
0.013164642
0.012881702
0.012613304
0.012358671
0.012116983
0.011887582
0.011669726
0.011462832
0.011266222
0.01107933
0.010901593
0.010732494
0.010571522
0.010418215
0.010272139
0.010132833
0.010000005
0.0098730522
0.0097515974
0.0096355238
0.0095243521
0.0094176911
0.0093150002
0.0092160751
0.0091197028
0.0090260764
0.0089326436
0.0088432648
0.0087424876
0.0086682584
0.0085158197
-0.087266044
-0.085955379
-0.085087318
-0.084299757
-0.082466766
-0.081563354
-0.07935007
-0.078095193
-0.075640359
-0.074291176
-0.071494459
-0.06960946
-0.067173257
-0.064577705
-0.062516336
-0.059617517
-0.056945789
-0.05452538
-0.051844228
-0.048890509
-0.046191333
-0.043518144
-0.040932518
-0.037904321
-0.035124637
-0.032391337
-0.029680144
-0.026995553
-0.024322129
-0.021702276
-0.018974142
-0.016380389
-0.013822329
-0.011293059
-0.0088296361
-0.006416455
-0.0040469086
-0.0017236811
0.00054482004
0.0027507871
0.0049021839
0.0070008725
0.0090423333
0.011021482
0.01293985
0.014784201
0.016611964
0.018360395
0.020043702
0.021663503
0.023222067
0.024723756
0.026168125
0.027558441
0.028888721
0.030154018
0.031362963
0.032522764
0.033622864
0.03470814
0.035669612
0.036608004
0.03750278
0.038358227
0.039176089
0.039873789
0.040574954
0.041239439
0.041895567
0.042391577
0.042909587
0.043434853
0.043875425
0.044229873
0.044586063
0.045022697
0.045204002
0.045444659
0.045773858
0.045882727
0.046161517
0.046451687
0.046522491
0.046308929
0.046015781
0.04568346
0.045043402
0.044400878
0.043729287
0.042784195
0.042053097
0.040945751
0.040115283
0.038951804
0.038041535
0.036869122
0.035859797
0.03478113
0.0336729
0.032700284
0.031584785
0.030558111
0.029614469
0.028580054
0.027622403
0.026710491
0.025837015
0.024930527
0.024098704
0.023301568
0.022543676
0.021800591
0.02107929
0.02040434
0.019761127
0.019147924
0.01856381
0.018010415
0.017479573
0.016969689
0.016490606
0.016036507
0.015605279
0.015196284
0.014808445
0.014440645
0.014091843
0.013761079
0.013447441
0.013149978
0.012867831
0.01260018
0.012346247
0.012105219
0.011876432
0.011659146
0.011452781
0.011256659
0.011070214
0.010892886
0.010724158
0.010563522
0.010410519
0.010264708
0.01012564
0.0099930028
0.0098662402
0.0097449614
0.0096290176
0.0095179659
0.0094114118
0.0093088461
0.0092100335
0.0091138772
0.0090204766
0.0089276453
0.0088387571
0.0087406076
0.0086668245
0.008525206
-0.086975133
-0.085702957
-0.08482737
-0.084036257
-0.082238425
-0.081308456
-0.079138915
-0.077858121
-0.075445524
-0.074065283
-0.071317301
-0.069410373
-0.066995889
-0.064412741
-0.062338736
-0.059469274
-0.056800322
-0.054378019
-0.051708051
-0.048769969
-0.046072466
-0.043403827
-0.040819014
-0.03781059
-0.0350322
-0.03230535
-0.029600022
-0.026920771
-0.024251793
-0.021635404
-0.018917495
-0.01632728
-0.013774256
-0.011249203
-0.0087901601
-0.0063814001
-0.0040159444
-0.0016964042
0.00056854293
0.0027708788
0.0049188233
0.0070144026
0.009052989
0.011029441
0.01294513
0.014787521
0.016611393
0.018358044
0.020039206
0.021656953
0.023213606
0.024713527
0.02615621
0.027544624
0.028873285
0.030137456
0.031345127
0.032503606
0.033602408
0.034684432
0.035647719
0.036584521
0.037478321
0.038331661
0.039147497
0.039847902
0.040547098
0.041209872
0.04186249
0.042363642
0.042879079
0.043400663
0.043841741
0.04419925
0.044553228
0.044981653
0.045173959
0.045410622
0.045731822
0.045848998
0.046124196
0.046412347
0.046481098
0.046268985
0.045973596
0.045637565
0.04500072
0.044355133
0.043681111
0.042739481
0.042000831
0.040900799
0.040061512
0.038905522
0.03798673
0.03682132
0.03580661
0.034729975
0.033623063
0.032645575
0.031536123
0.030507964
0.029561632
0.028532167
0.027574263
0.026662244
0.02578843
0.024886121
0.024054354
0.023258296
0.022500693
0.021759527
0.021040577
0.020366721
0.019724956
0.019113141
0.018530391
0.017978101
0.017448887
0.016940952
0.016463151
0.016010434
0.015580543
0.015172822
0.014786217
0.014419606
0.014071943
0.013742266
0.013429662
0.01313318
0.012851962
0.012585182
0.012332065
0.012091805
0.011863734
0.011647112
0.011441362
0.011245809
0.011059886
0.010883035
0.010714744
0.010554504
0.010401858
0.010256365
0.010117583
0.0099851853
0.0098586541
0.0097375891
0.0096218193
0.0095109251
0.0094045247
0.0093021283
0.0092034907
0.0091076079
0.0090145185
0.0089223807
0.0088341298
0.0087386548
0.0086656349
0.0085339818
-0.086632835
-0.085405633
-0.08452191
-0.083726302
-0.081969016
-0.081009316
-0.078889971
-0.077580579
-0.075216466
-0.07380175
-0.071109249
-0.069178581
-0.066788799
-0.064220864
-0.06213313
-0.059297118
-0.05663207
-0.054208103
-0.051551232
-0.04863125
-0.045935884
-0.04327269
-0.040689097
-0.037703089
-0.034926421
-0.032206881
-0.029508432
-0.026835467
-0.024171794
-0.021559501
-0.018853315
-0.016267463
-0.013720312
-0.011200213
-0.0087463664
-0.0063428281
-0.0039821685
-0.0016669388
0.0005938297
0.0027918703
0.0049357522
0.0070276847
0.0090628914
0.011036171
0.012948663
0.014788691
0.016608106
0.018352609
0.020031255
0.021646556
0.023200934
0.024698757
0.026139448
0.02752564
0.028852379
0.030115174
0.031321324
0.032478201
0.033575512
0.034653871
0.035618961
0.036553984
0.037446581
0.038297602
0.039111091
0.039814272
0.0405113
0.041172199
0.04182092
0.042327375
0.042840139
0.043357684
0.043799146
0.044159756
0.044511561
0.044931091
0.045134689
0.045367526
0.04567998
0.045805671
0.046077189
0.046362955
0.046429355
0.046218762
0.04592086
0.04558063
0.044947302
0.044298353
0.043621541
0.042683814
0.04193679
0.040844869
0.039995938
0.0388482
0.037920217
0.036762455
0.035742114
0.034667696
0.033562455
0.032579883
0.031477033
0.030447608
0.02949858
0.028474597
0.027516722
0.026604852
0.025730962
0.024833309
0.024001935
0.023207274
0.022450305
0.021711415
0.020995218
0.020322809
0.019682822
0.01907273
0.018491663
0.017940791
0.017413499
0.016907812
0.016431578
0.015980498
0.015552195
0.01514598
0.014760827
0.01439561
0.014049277
0.013720866
0.013409465
0.013114121
0.012833976
0.012568203
0.012316027
0.012076652
0.011849405
0.011633546
0.011428506
0.011233607
0.011048285
0.010871986
0.010704199
0.010544418
0.010392188
0.010247068
0.010108624
0.0099765159
0.0098502601
0.0097294514
0.0096138998
0.0095032066
0.0093970063
0.0092948343
0.009196436
0.0091008925
0.0090082018
0.0089168453
0.0088293722
0.0087365711
0.0086644086
0.0085422199
-0.086228481
-0.085052597
-0.084161187
-0.083360945
-0.081651346
-0.080659306
-0.078596429
-0.077255358
-0.074945668
-0.073493101
-0.070863239
-0.068907573
-0.066545654
-0.063996404
-0.06189388
-0.059095747
-0.056436367
-0.054011384
-0.051370038
-0.048471073
-0.045778677
-0.043122354
-0.040540883
-0.037580178
-0.034805844
-0.032094657
-0.02940439
-0.02673874
-0.024081163
-0.021473549
-0.018780724
-0.016200266
-0.013659962
-0.01114568
-0.008698002
-0.0063006207
-0.0039456144
-0.0016354543
0.00062039812
0.0028133662
0.004952468
0.0070401092
0.0090713328
0.011040878
0.012949561
0.014786732
0.016601052
0.018342948
0.020018642
0.021631032
0.023182705
0.024678043
0.026116382
0.02749998
0.02882444
0.030085562
0.031289899
0.032444843
0.033540427
0.034614675
0.035581481
0.036514533
0.03740565
0.038254125
0.039064913
0.039770868
0.04046554
0.041124379
0.041768819
0.04228062
0.042790663
0.043303804
0.043745482
0.044109163
0.044458878
0.044868907
0.04508383
0.045313163
0.045616172
0.045750371
0.046018223
0.046301184
0.046364919
0.046155911
0.045855225
0.045510289
0.044880791
0.044228212
0.043548236
0.0426149
0.041858702
0.040775714
0.03991639
0.038777674
0.037839946
0.03669047
0.03566439
0.034592391
0.033489272
0.032501522
0.031405837
0.030375512
0.029423879
0.028405945
0.027448503
0.026537124
0.025663518
0.024771038
0.023940506
0.023147625
0.022391726
0.021655526
0.020942534
0.020271995
0.019634171
0.019026187
0.01844717
0.017898076
0.017373037
0.016869924
0.016395581
0.015946418
0.01551998
0.015115526
0.014732063
0.014368463
0.014023668
0.013696719
0.0133867
0.013092663
0.012813748
0.012549127
0.012298023
0.012059661
0.011833352
0.011618363
0.01141413
0.011219977
0.011035341
0.010859672
0.010692461
0.010533206
0.010381455
0.010236766
0.010098713
0.0099669479
0.0098410144
0.0097205076
0.0096052203
0.0094947756
0.0093888254
0.0092869386
0.0091888503
0.0090937188
0.0090015148
0.0089110217
0.0088244446
0.0087342439
0.0086629904
0.0085494045
-0.085761238
-0.084638219
-0.083737239
-0.082929504
-0.081273258
-0.080246793
-0.078247193
-0.076873153
-0.074625315
-0.073133267
-0.070572986
-0.068591047
-0.066259106
-0.063732082
-0.061613711
-0.058858172
-0.056207104
-0.053782059
-0.051158962
-0.048284405
-0.045596412
-0.042948948
-0.040370936
-0.037438936
-0.034668378
-0.031967171
-0.029286774
-0.026629605
-0.023979077
-0.021377041
-0.018699395
-0.016125414
-0.013592808
-0.011085197
-0.0086448164
-0.006254703
-0.003906384
-0.0016021887
0.00064789088
0.0028348501
0.0049682901
0.0070508597
0.009077393
0.011042558
0.012946708
0.014780399
0.016588898
0.018327621
0.019999862
0.02160879
0.023157233
0.024649619
0.026085177
0.027465753
0.028787522
0.030046618
0.031248794
0.032401412
0.033494989
0.03456467
0.035533007
0.036463891
0.037353185
0.038198859
0.039006564
0.039715196
0.040407338
0.041063907
0.041703703
0.04222074
0.042728073
0.043236453
0.043678118
0.044044762
0.044392511
0.044792555
0.045018523
0.045244838
0.045537793
0.04568023
0.045944554
0.046224235
0.046284986
0.046077622
0.045773895
0.045423739
0.044798398
0.044141978
0.04345846
0.042530053
0.041763954
0.040690724
0.0398204
0.038691455
0.037743614
0.03660303
0.035571297
0.034501946
0.033401513
0.032408655
0.031320697
0.030290012
0.029335993
0.028324704
0.027368246
0.026457799
0.025584956
0.024698201
0.023869082
0.023078439
0.022324143
0.021591108
0.02088183
0.020213657
0.019578432
0.018972997
0.018396447
0.017849542
0.017327119
0.016826932
0.016354839
0.015907902
0.015483629
0.015081216
0.0146997
0.014337959
0.013994928
0.013669648
0.013361206
0.013068655
0.012791135
0.012527822
0.012277931
0.012040714
0.011815464
0.01160146
0.011398138
0.011204827
0.011020966
0.010846009
0.010679451
0.010520794
0.010369586
0.010225391
0.010087787
0.0099564212
0.0098308601
0.0097107038
0.0095957293
0.0094855836
0.0093799376
0.009278403
0.0091807025
0.0090860594
0.0089944302
0.0089048695
0.0088192786
0.0087314993
0.008661168
0.0085546378
-0.085231356
-0.084161231
-0.083251784
-0.082434497
-0.080833377
-0.07976757
-0.077832687
-0.076423348
-0.074242936
-0.072710458
-0.070226734
-0.068219746
-0.065920755
-0.063421757
-0.061287639
-0.058578955
-0.055938655
-0.053513672
-0.050910931
-0.048064453
-0.045382774
-0.042746563
-0.040173945
-0.037274719
-0.034510202
-0.031820961
-0.029152646
-0.026505923
-0.023864295
-0.021269415
-0.018608948
-0.016042825
-0.013518999
-0.011019154
-0.0085873116
-0.0062055035
-0.0038647949
-0.0015675269
0.00067579529
0.0028556067
0.0049823195
0.0070588977
0.0090799144
0.011039936
0.01293866
0.014768094
0.016569972
0.01830485
0.019973062
0.02157785
0.023122423
0.0246113
0.026043573
0.027420632
0.028739212
0.029995849
0.031195447
0.03234529
0.033436528
0.034501181
0.035470741
0.036399261
0.037286331
0.038128933
0.038933153
0.039644237
0.040333688
0.040987732
0.04162255
0.042144534
0.042649231
0.043152513
0.04359387
0.043963277
0.044309216
0.044698964
0.044935344
0.045159271
0.045441722
0.045591818
0.045852879
0.046128762
0.046186215
0.045980553
0.045673562
0.045317689
0.04469684
0.04403646
0.043349044
0.042426154
0.041649558
0.040586896
0.039705183
0.038586716
0.037628649
0.036497518
0.035460465
0.034394027
0.033296975
0.03229929
0.031219616
0.030189317
0.02923329
0.028229265
0.027274511
0.026365555
0.02549408
0.024613641
0.023786643
0.022998776
0.02224672
0.021517389
0.020812386
0.020147152
0.019515019
0.018912626
0.01833901
0.017794753
0.017275346
0.016778463
0.016309015
0.015864641
0.015442857
0.015042787
0.014663497
0.014303873
0.013962846
0.013639458
0.0133328
0.013041924
0.012765976
0.012504136
0.012255614
0.012019678
0.011795612
0.011582712
0.011380414
0.011188046
0.011005054
0.010830897
0.010665072
0.010507089
0.010356495
0.010212859
0.010075766
0.0099448582
0.0098197229
0.0096999688
0.009585359
0.0094755661
0.0093702809
0.009269176
0.0091719499
0.0090778704
0.0089868951
0.0088983224
0.0088137807
0.0087281526
0.0086586773
0.0085575234
-0.084641305
-0.083624567
-0.082707352
-0.081875957
-0.080328307
-0.079220614
-0.077351877
-0.075909227
-0.073797506
-0.072221289
-0.069814525
-0.067782986
-0.065518507
-0.063053935
-0.060904959
-0.058248117
-0.055623302
-0.053199859
-0.050621133
-0.047807672
-0.045134162
-0.042510719
-0.039944794
-0.037081518
-0.034325284
-0.031650156
-0.028996965
-0.026363665
-0.023733529
-0.021147833
-0.018507182
-0.015951462
-0.013438376
-0.010947804
-0.0085260474
-0.0061537854
-0.0038220988
-0.0015330054
0.00070264035
0.00287427
0.0049932412
0.0070628242
0.0090773715
0.011031334
0.012923541
0.014747775
0.016542148
0.018272387
0.019935878
0.021535715
0.023075666
0.024560384
0.02598879
0.027361742
0.028676537
0.029930196
0.031126715
0.03227326
0.033361745
0.034420897
0.03539123
0.036317201
0.037201592
0.038040825
0.038841142
0.039554316
0.040240941
0.040892187
0.041521744
0.042048177
0.042550353
0.043048225
0.043488895
0.043860768
0.044205073
0.044584431
0.044830224
0.0450525
0.045324214
0.045481068
0.045739244
0.046010788
0.04606465
0.045860756
0.045550336
0.0451883
0.04457229
0.043907966
0.043216347
0.042299613
0.041512129
0.040460807
0.039567617
0.038460275
0.037492202
0.036371028
0.03532929
0.03426609
0.033173257
0.032171287
0.031100448
0.030071505
0.029114044
0.028117929
0.027165782
0.026259005
0.025389645
0.024516152
0.023692124
0.02290766
0.022158583
0.021433565
0.020733455
0.020071808
0.019443319
0.018844518
0.018274353
0.017733251
0.017217296
0.016724118
0.016257744
0.015816297
0.015397351
0.014999949
0.014623183
0.014265952
0.013927186
0.013605926
0.013301271
0.013012274
0.012738084
0.012477887
0.0122309
0.011996391
0.01177364
0.011561974
0.011360815
0.011169498
0.010987476
0.010814211
0.010649205
0.010491975
0.010342069
0.010199063
0.010062545
0.00993216
0.0098075079
0.0096882106
0.0095740205
0.0094646358
0.0093597669
0.009259185
0.0091625465
0.0090691095
0.0089788197
0.0088911846
0.0088076704
0.0087239077
0.0086550452
0.0085575339
-0.083986344
-0.08302256
-0.082100206
-0.081253531
-0.079759601
-0.078612191
-0.076808181
-0.075332829
-0.073284718
-0.071662659
-0.069332581
-0.067282405
-0.065052329
-0.062624883
-0.060457776
-0.057853467
-0.055249266
-0.052829758
-0.050279592
-0.047505069
-0.044843526
-0.042235753
-0.039679202
-0.036856255
-0.034112016
-0.03145308
-0.028817411
-0.026199629
-0.023582555
-0.021007524
-0.018389693
-0.015847861
-0.013348035
-0.010868823
-0.0084599805
-0.0060996928
-0.0037794322
-0.0014999902
0.00072685985
0.002888883
0.004998638
0.0070600271
0.0090672565
0.01101435
0.012898841
0.014716752
0.016502639
0.018227288
0.019885233
0.021479179
0.02301363
0.024493439
0.0259173
0.027285451
0.028595796
0.029845852
0.031038715
0.032181354
0.03326657
0.034319746
0.035290247
0.036213463
0.037094656
0.037930177
0.038726167
0.039440931
0.040124631
0.040772799
0.04139687
0.041927055
0.042426858
0.042919079
0.043358627
0.043732567
0.044075405
0.044444507
0.044698349
0.044919743
0.045180773
0.045343176
0.045598932
0.045865604
0.045915631
0.045713592
0.045399672
0.045031116
0.04442031
0.043752244
0.043056208
0.042146324
0.041347856
0.040308584
0.039404225
0.038308576
0.037331132
0.036220361
0.035174924
0.034115377
0.033027755
0.032022354
0.030960902
0.029934523
0.028976433
0.027988899
0.027040454
0.026136697
0.025270344
0.024404476
0.023584405
0.022804075
0.022058817
0.021338799
0.020644249
0.019986916
0.019362685
0.018768075
0.018201929
0.01766454
0.017152509
0.016663463
0.016200623
0.015762499
0.015346761
0.014952375
0.01457845
0.014223906
0.013887672
0.013568793
0.013266372
0.012979469
0.012707236
0.012448864
0.012203582
0.011970656
0.01174937
0.011539068
0.011339164
0.011149015
0.010968071
0.010795796
0.010631702
0.010475309
0.010326172
0.010183871
0.010047998
0.0099182025
0.009794097
0.0096753145
0.0095616012
0.0094526749
0.0093482696
0.0092482445
0.0091521898
0.0090593616
0.0089697679
0.0088830597
0.008800542
0.0087183947
0.0086498524
0.0085549386
-0.083260157
-0.082347964
-0.081424289
-0.080562181
-0.079122066
-0.077939102
-0.076197319
-0.074693208
-0.072705608
-0.071042343
-0.068786834
-0.066721654
-0.0645208
-0.062128172
-0.059942173
-0.057393346
-0.054815922
-0.052401826
-0.049879632
-0.047144559
-0.044498522
-0.041909723
-0.039367029
-0.036590701
-0.03386455
-0.031225283
-0.028611093
-0.026012346
-0.023410586
-0.020848602
-0.018257046
-0.01573241
-0.013247394
-0.010780648
-0.0083879049
-0.0060421338
-0.0037351311
-0.0014671103
0.0007487162
0.0028983476
0.004996518
0.0070481095
0.009046783
0.010985741
0.012860938
0.014671252
0.016447623
0.018165612
0.019817086
0.021404038
0.022931948
0.024405986
0.025824512
0.027187077
0.02849223
0.029737962
0.030926526
0.032064553
0.0331459
0.034192632
0.035162538
0.036082768
0.036960201
0.037791601
0.038582837
0.039298534
0.039979211
0.040624014
0.041242446
0.041775518
0.042273116
0.042759572
0.043197506
0.043573031
0.043914553
0.044273802
0.04453408
0.044755322
0.045006045
0.045172528
0.045426307
0.045687626
0.045733658
0.045533614
0.045216268
0.044840981
0.044235778
0.043564413
0.042863897
0.041961611
0.041152454
0.040125873
0.039211143
0.038127677
0.037141979
0.036042014
0.03499425
0.033938908
0.032857648
0.031850025
0.030798534
0.029776172
0.028818524
0.027840281
0.026896826
0.025997095
0.025134795
0.024277285
0.023462297
0.022686943
0.021946444
0.021232191
0.020543926
0.019891706
0.01927241
0.018682646
0.01812114
0.017588065
0.01708047
0.01659601
0.016137193
0.015702819
0.015290683
0.014899684
0.01452894
0.014177397
0.013843984
0.013527753
0.013227813
0.012943232
0.012673164
0.012416814
0.012173413
0.011942234
0.011722576
0.011513775
0.011315257
0.011126399
0.010946643
0.010775464
0.01061238
0.010456916
0.010308632
0.010167115
0.010031966
0.0099028319
0.0097793423
0.0096611373
0.0095479605
0.009439537
0.0093356039
0.0092360154
0.0091404313
0.009048236
0.0089594475
0.0088737636
0.0087922313
0.008711461
0.0086431219
0.0085505971
-0.082456081
-0.081593497
-0.080672787
-0.079795514
-0.078408467
-0.077195346
-0.075512752
-0.073986258
-0.072056539
-0.070359223
-0.06817402
-0.066100367
-0.063925926
-0.061569048
-0.059369138
-0.056873204
-0.054323782
-0.051912498
-0.049413455
-0.046721994
-0.044098381
-0.041531221
-0.039005561
-0.036274585
-0.033570766
-0.030953713
-0.028365984
-0.025792095
-0.023211213
-0.020667859
-0.018107693
-0.015605434
-0.013138755
-0.010684718
-0.0083104698
-0.0059834359
-0.003692171
-0.0014379437
0.00076465971
0.002899668
0.0049845856
0.0070245381
0.0090124901
0.010941573
0.012805784
0.014606764
0.016372209
0.018082245
0.019726151
0.021304775
0.022824884
0.024292144
0.025704445
0.027060543
0.028359645
0.029600256
0.030783766
0.031916387
0.032993185
0.034033032
0.035001464
0.035918473
0.036791558
0.037618347
0.038404413
0.039120229
0.039797791
0.04043896
0.041051665
0.041586598
0.042082122
0.042562821
0.042998608
0.043375197
0.043715554
0.044065655
0.044330629
0.044552328
0.044793476
0.044962447
0.045214664
0.045470264
0.045512226
0.045314399
0.0449939
0.044611898
0.044012763
0.043338861
0.042634022
0.041740155
0.040921095
0.039907787
0.038984053
0.037913212
0.036920912
0.035832158
0.034783844
0.033733454
0.032659874
0.031651631
0.030610735
0.029594072
0.028638243
0.027670055
0.026733066
0.025838554
0.024981509
0.024133163
0.023324509
0.022555098
0.021820394
0.021112759
0.020431561
0.019785323
0.01917171
0.018587502
0.018031307
0.017503196
0.017000591
0.0165212
0.016066925
0.01563676
0.015228647
0.01484143
0.014474229
0.014126019
0.013795736
0.013482437
0.013185241
0.012903224
0.012635547
0.012381423
0.012140095
0.011910841
0.011692971
0.011485824
0.011288841
0.011101404
0.010922951
0.010752982
0.010591014
0.010436577
0.010289241
0.010148595
0.010014252
0.0098858583
0.0097630597
0.0096455005
0.0095329252
0.0094250524
0.0093216136
0.0092223579
0.0091272202
0.0090358437
0.0089479769
0.0088632726
0.0087826136
0.0087030005
0.0086347569
0.0085442801
-0.081566792
-0.080751305
-0.079838075
-0.078946671
-0.077611156
-0.076374487
-0.07474749
-0.073205888
-0.071330767
-0.069607592
-0.067487916
-0.06541425
-0.063265216
-0.060946674
-0.058738496
-0.056292638
-0.053774985
-0.051367689
-0.048892739
-0.046247952
-0.043647557
-0.041100433
-0.038586665
-0.035900348
-0.033229112
-0.030637014
-0.028080692
-0.025533176
-0.022975424
-0.020454061
-0.017928574
-0.015455078
-0.013011198
-0.010586129
-0.0082241733
-0.0059232448
-0.0036534908
-0.0014154723
0.00077075978
0.0028879905
0.0049585108
0.0069858042
0.0089607898
0.010877265
0.012727598
0.014516507
0.016269324
0.017970111
0.019605387
0.021174234
0.022685111
0.024144459
0.025549526
0.026898128
0.028190165
0.029424723
0.030602266
0.03172861
0.032800053
0.03383256
0.034798562
0.035712079
0.03658022
0.03740186
0.038182393
0.038897436
0.039571807
0.040209081
0.040816048
0.041351719
0.041845229
0.042320272
0.042753403
0.043130503
0.043469798
0.043811704
0.044079642
0.044302222
0.044534875
0.044704803
0.044955831
0.045205602
0.045243656
0.045048431
0.044725249
0.044336834
0.043744356
0.043069077
0.042360399
0.041475873
0.040648297
0.039648827
0.038718096
0.037660333
0.03666365
0.035586584
0.034539908
0.033495489
0.032431081
0.031424239
0.030394686
0.029385622
0.02843332
0.027476047
0.026547166
0.025659274
0.024808848
0.02397056
0.023169606
0.022407248
0.021679469
0.020979399
0.020306115
0.019666797
0.019059689
0.018481803
0.017931646
0.017409196
0.01691218
0.016438378
0.01598919
0.015563733
0.01516009
0.014777076
0.014413807
0.014069287
0.013742462
0.013432399
0.013138229
0.012859034
0.012593988
0.012342313
0.012103263
0.011876124
0.011660217
0.011454888
0.011259593
0.011073715
0.010896703
0.010728067
0.010567326
0.010414025
0.010267737
0.010128059
0.0099946145
0.0098670466
0.0097450216
0.0096281845
0.0095162846
0.0094090314
0.0093061685
0.0092073426
0.0091126471
0.0090220122
0.0089350468
0.0088512891
0.0087714373
0.0086928146
0.0086246123
0.0085358323
-0.080584664
-0.079813334
-0.078912186
-0.078008556
-0.076722333
-0.075469577
-0.073894291
-0.072345271
-0.070521394
-0.068781311
-0.066722407
-0.0646575
-0.062533445
-0.060255523
-0.058045521
-0.055647678
-0.053166663
-0.050767892
-0.04831861
-0.045721963
-0.043148164
-0.040622044
-0.03812204
-0.035484768
-0.032848057
-0.030280703
-0.027751495
-0.025227152
-0.022699734
-0.020205307
-0.017718767
-0.015279324
-0.012858597
-0.010467602
-0.0081205384
-0.005851614
-0.0036147233
-0.0013942323
0.0007705637
0.002857198
0.0049018756
0.0069128848
0.0088782388
0.010781984
0.012616116
0.014390771
0.016129118
0.017818745
0.019443987
0.021001397
0.022501639
0.023952078
0.025349102
0.026689352
0.027973481
0.029201164
0.030371825
0.031491004
0.032556186
0.033580849
0.034543402
0.035453069
0.036315618
0.037131458
0.037906064
0.038619386
0.039290461
0.03992365
0.040525008
0.041060324
0.041551798
0.042021402
0.042451472
0.042828493
0.043166811
0.043501655
0.043771031
0.043994669
0.044220154
0.044389744
0.044639827
0.044883954
0.044918703
0.04472679
0.044401753
0.044007671
0.043422579
0.042747494
0.042035873
0.041161761
0.040327768
0.039342778
0.038407746
0.037363636
0.036365362
0.035300642
0.034258184
0.033221115
0.032167566
0.031164572
0.030147307
0.029147939
0.02820122
0.027255866
0.026336894
0.025457241
0.024614966
0.02378775
0.022995969
0.022241918
0.021522294
0.020830835
0.020166388
0.019534998
0.018935297
0.018364561
0.017821226
0.017305188
0.016814412
0.016346759
0.015903236
0.015483022
0.015084331
0.014705971
0.014347052
0.014006604
0.013683592
0.013377091
0.013086249
0.012810157
0.012548001
0.012299014
0.012062464
0.011837646
0.011623893
0.011420559
0.011227117
0.011042952
0.010867528
0.010700359
0.010540974
0.010388928
0.0102438
0.010105197
0.0099727474
0.0098461021
0.0097249431
0.0096089164
0.0094977776
0.0093912373
0.0092890467
0.0091908818
0.0090967262
0.0090065751
0.0089203354
0.0088375235
0.0087584835
0.0086807413
0.0086126018
0.0085252701
-0.079501653
-0.078771275
-0.077886692
-0.076973684
-0.075733946
-0.074473156
-0.072945732
-0.071397229
-0.069621498
-0.067873934
-0.065871319
-0.063823699
-0.061725238
-0.059489768
-0.057285423
-0.054933955
-0.052494175
-0.050109551
-0.047687691
-0.045140454
-0.042598203
-0.040096127
-0.037614426
-0.035026857
-0.032428176
-0.029888616
-0.027387043
-0.024892204
-0.02239872
-0.019932855
-0.017483003
-0.015070505
-0.012677973
-0.010316513
-0.0080038068
-0.0057714784
-0.0035703444
-0.0013612577
0.00079092361
0.0028491699
0.0048494482
0.0068275666
0.0087774991
0.010660969
0.012470311
0.014226837
0.015948671
0.017623681
0.019235298
0.020777232
0.022263719
0.023702878
0.025089862
0.026419989
0.027694876
0.028914693
0.0300775
0.031188782
0.03224701
0.033263625
0.03422216
0.035127959
0.035984518
0.036794034
0.03756245
0.03827319
0.038940842
0.039569856
0.04016576
0.040699628
0.041188854
0.041653331
0.042080047
0.042456429
0.042793872
0.04312291
0.043392569
0.043617258
0.043837091
0.044005458
0.044254751
0.044493606
0.044526229
0.044338776
0.044013249
0.043614882
0.043038238
0.042365472
0.041652362
0.040789884
0.039952276
0.038982578
0.038046647
0.037017043
0.036020538
0.03496915
0.03393387
0.032905977
0.031865205
0.030868927
0.029865183
0.028877785
0.027939063
0.027006844
0.026099717
0.025230156
0.024397743
0.02358276
0.022801722
0.022057396
0.021347263
0.020665569
0.020010974
0.019388588
0.018797281
0.018234598
0.017698934
0.017190113
0.016706282
0.016245391
0.015808149
0.015393755
0.01500054
0.014627319
0.0142732
0.01393724
0.013618422
0.013315839
0.013028653
0.012755968
0.012496982
0.012250945
0.012017136
0.011794865
0.011583475
0.011382332
0.011190924
0.011008643
0.010834965
0.010669411
0.010511523
0.010360865
0.010217025
0.010079614
0.0099482694
0.0098226555
0.0097024596
0.0095873432
0.0094770584
0.0093713337
0.0092699302
0.0091725806
0.0090791505
0.0089894477
0.0089036873
0.008821653
0.0087434054
0.0086665147
0.0085985279
0.0085124855
-0.078309373
-0.077616704
-0.07675287
-0.075834294
-0.074637924
-0.073377407
-0.071894403
-0.070354298
-0.068624124
-0.066878603
-0.064928385
-0.062906115
-0.060835033
-0.058643664
-0.056453095
-0.054147026
-0.051752703
-0.04938863
-0.046996651
-0.044500248
-0.0419949
-0.0395209
-0.037062687
-0.034524638
-0.031968652
-0.029460908
-0.026989754
-0.024528474
-0.022071255
-0.019638434
-0.017225618
-0.014845316
-0.012488472
-0.010163288
-0.0078864325
-0.0056787039
-0.0035020054
-0.0013232109
0.00080257244
0.00283463
0.0047943911
0.0067394133
0.0086735164
0.010538797
0.012310032
0.014031804
0.015732861
0.017388854
0.018981588
0.020500582
0.021967249
0.023391632
0.024765281
0.026081888
0.027344603
0.02855407
0.029706302
0.030807468
0.03185661
0.032863684
0.033816952
0.034718399
0.035568194
0.036370736
0.037132818
0.0378405
0.038505048
0.039130464
0.039721691
0.040253612
0.040740613
0.041200618
0.041624051
0.041999537
0.042336298
0.042660886
0.042930127
0.043155748
0.043371428
0.04353804
0.043786579
0.04402077
0.044053173
0.043871712
0.043547687
0.04314717
0.042580604
0.041912996
0.041200573
0.040351271
0.039513707
0.038560486
0.037627706
0.036613824
0.0356229
0.034586261
0.033561464
0.032545118
0.031519342
0.030533066
0.029544476
0.028571509
0.027643547
0.026725964
0.025832753
0.024975369
0.024154722
0.023353308
0.022584683
0.021851659
0.021152474
0.020481816
0.019838189
0.019225964
0.018644133
0.018090484
0.017563409
0.017062673
0.01658656
0.016133105
0.0157028
0.015294855
0.014907683
0.014540128
0.014191299
0.013860279
0.013546074
0.013247796
0.012964625
0.012695681
0.012440175
0.012197375
0.011966575
0.011747099
0.011538304
0.011339569
0.011150397
0.010970192
0.010798437
0.010634667
0.010478436
0.010329315
0.010186902
0.010050819
0.0099207154
0.0097962571
0.0096771419
0.0095630491
0.0094537301
0.0093489304
0.009248416
0.009151942
0.0090593784
0.0089704319
0.0088852029
0.0088036208
0.00872596
0.0086499218
0.0085822464
0.008497385
-0.076999283
-0.076341259
-0.075501882
-0.074582425
-0.073426307
-0.072174243
-0.070732966
-0.0692088
-0.067522372
-0.065788217
-0.063887492
-0.061897959
-0.059857234
-0.05771154
-0.0555431
-0.053282376
-0.050937302
-0.048600912
-0.046242164
-0.043798256
-0.041335279
-0.038894261
-0.036464959
-0.033977186
-0.031468656
-0.028997541
-0.026560796
-0.024136595
-0.021718692
-0.019323035
-0.016949074
-0.014605233
-0.012287869
-0.010002964
-0.0077635826
-0.0055844788
-0.0034416056
-0.0013112577
0.00076999821
0.0027719762
0.0047156113
0.0066367843
0.0085425983
0.010378646
0.012108781
0.013794986
0.015475995
0.017114058
0.018687609
0.020181476
0.021618911
0.023023307
0.024377987
0.025674584
0.02691923
0.028113023
0.029249305
0.030336656
0.031373766
0.032369003
0.033315578
0.034211455
0.035052525
0.035846356
0.036600627
0.037303449
0.037963696
0.03858498
0.039171502
0.039700574
0.040184877
0.040640895
0.04106143
0.041436327
0.041773235
0.042095448
0.042364824
0.042591961
0.042805497
0.042970964
0.043218789
0.043449432
0.043484565
0.0433112
0.042991225
0.042591453
0.042037239
0.041378361
0.040669681
0.039835671
0.039002736
0.038067789
0.037142884
0.036146566
0.035165545
0.034145662
0.03313497
0.032133066
0.031124789
0.030152117
0.029180762
0.028224872
0.027310763
0.026409681
0.02553262
0.024689742
0.023882986
0.023096703
0.022342283
0.02162231
0.020935671
0.020277454
0.019646037
0.019045226
0.018474052
0.017930516
0.017413031
0.01692132
0.016453772
0.016008496
0.015585844
0.015185026
0.014804522
0.014443207
0.014100204
0.013774621
0.013465487
0.013171939
0.01289318
0.012628342
0.012376657
0.012137411
0.011909915
0.01169351
0.011487566
0.011291477
0.011104767
0.010926846
0.010757211
0.01059541
0.010441007
0.010293586
0.010152754
0.010018143
0.0098894129
0.0097662342
0.0096483234
0.0095353658
0.00942712
0.0093233415
0.0092238014
0.0091282759
0.0090366269
0.0089485908
0.0088640962
0.0087829212
0.0087056354
0.0086303083
0.0085630678
0.0084793724
-0.075562799
-0.074936735
-0.074124943
-0.073210007
-0.072091391
-0.070855483
-0.069454265
-0.067953055
-0.066309552
-0.064595634
-0.06274277
-0.060792538
-0.058786259
-0.056687975
-0.054549983
-0.05233571
-0.050043339
-0.047742161
-0.045420872
-0.043031269
-0.040616128
-0.0382137
-0.035819342
-0.033383516
-0.030927094
-0.02849817
-0.026100483
-0.023717343
-0.021342732
-0.018988564
-0.016657095
-0.014354225
-0.012079447
-0.0098371998
-0.0076374712
-0.0054912875
-0.0033848206
-0.0013003201
0.00074024927
0.0027119007
0.004626695
0.0065092814
0.0083669592
0.010161196
0.011873413
0.01354431
0.01519322
0.016797252
0.01833264
0.019789651
0.02119856
0.022585038
0.023922119
0.025198311
0.026424528
0.02759958
0.028714959
0.029781956
0.030799496
0.031775901
0.032711127
0.033596785
0.034423452
0.035204477
0.035948822
0.036645599
0.037301037
0.03791826
0.038500244
0.039025667
0.039506368
0.039958043
0.040375026
0.040748385
0.041084725
0.041405032
0.04167454
0.041902983
0.042115513
0.042280779
0.042529372
0.042757978
0.042801327
0.042639999
0.042327699
0.04193283
0.041394178
0.040748386
0.040047416
0.039231418
0.038408494
0.03749438
0.036582777
0.035606737
0.03464045
0.033640083
0.032647491
0.03166356
0.030675805
0.029720764
0.028769305
0.027833377
0.026936487
0.026054143
0.025195583
0.024369698
0.023579135
0.022809745
0.022071425
0.021366398
0.020694046
0.020049813
0.019431984
0.018843945
0.018284721
0.017752484
0.017245684
0.016764026
0.016305976
0.015869712
0.015455499
0.015062557
0.014689412
0.014334976
0.013998394
0.0136788
0.013375251
0.013086911
0.012813008
0.012552694
0.012305218
0.012069889
0.011846037
0.011633021
0.011430229
0.011237069
0.011053087
0.010877705
0.010710431
0.010550828
0.010398474
0.010252962
0.010113912
0.0099809659
0.0098537937
0.0097320735
0.0096155366
0.0095038781
0.0093968589
0.0092942468
0.0091958207
0.0091013636
0.0090107353
0.0089236707
0.0088400783
0.0087596924
0.0086829309
0.0086080348
0.0085411176
0.0084585156
-0.073991547
-0.073395303
-0.07261361
-0.071709066
-0.070625914
-0.069413116
-0.068051471
-0.066579613
-0.064979307
-0.063293869
-0.061488652
-0.059583473
-0.057616658
-0.055567957
-0.053468458
-0.051302991
-0.049066612
-0.046808288
-0.044529588
-0.042196494
-0.039834599
-0.037476971
-0.035124027
-0.032742572
-0.03034269
-0.027961925
-0.0256086
-0.023271216
-0.020944423
-0.018636774
-0.016352195
-0.014095066
-0.011866647
-0.0096706382
-0.0075147945
-0.0054072719
-0.0033406932
-0.0013025054
0.00069450717
0.002631008
0.0045116626
0.006354032
0.0081647079
0.009919961
0.01160501
0.013241562
0.014846403
0.01641127
0.017917353
0.019355705
0.020745524
0.022100812
0.023404934
0.024641447
0.025826338
0.026972625
0.028072967
0.02912461
0.030123451
0.031081053
0.032009211
0.03288558
0.033693196
0.034454305
0.035180876
0.035864718
0.036509786
0.037118815
0.0376918
0.038208352
0.038681639
0.039127575
0.039541224
0.039914013
0.040250981
0.040570943
0.04084277
0.041073883
0.041287104
0.041455665
0.041700176
0.041923891
0.041981505
0.041836567
0.041536203
0.041152032
0.040633975
0.04000711
0.039319238
0.038525089
0.037718639
0.036829245
0.035937147
0.034985057
0.034038602
0.033061073
0.032090899
0.031129067
0.030165351
0.029232327
0.028304049
0.027391323
0.026515335
0.025654439
0.024817046
0.024010967
0.023239231
0.02248884
0.021768734
0.021080765
0.020424647
0.019796131
0.019193447
0.018619679
0.018073829
0.017554192
0.017059269
0.016588769
0.016141226
0.015714881
0.015309954
0.014925691
0.014560653
0.014213786
0.013884267
0.013571261
0.013273851
0.012991233
0.012722667
0.01246732
0.012224465
0.011993436
0.011773582
0.011564285
0.011364949
0.011174998
0.010994006
0.010821405
0.010656716
0.010499518
0.010349403
0.010205978
0.010068871
0.0099377381
0.0098122587
0.0096921171
0.0095770618
0.0094667965
0.0093610861
0.0092597086
0.0091624506
0.0090691029
0.008979527
0.008893468
0.0088108253
0.0087313738
0.0086553554
0.008581
0.0085144255
0.0084328039
-0.072277625
-0.071709701
-0.070960057
-0.070071946
-0.069023211
-0.067839587
-0.066518219
-0.065081501
-0.063525756
-0.061876348
-0.060119995
-0.058264947
-0.056343284
-0.054347001
-0.052293605
-0.050180501
-0.048003478
-0.045795532
-0.043565392
-0.041291633
-0.038988311
-0.036682132
-0.034377432
-0.032053618
-0.029714642
-0.027388267
-0.025085185
-0.022798737
-0.020524615
-0.018268817
-0.016035937
-0.013829667
-0.011652185
-0.0095068678
-0.0073996737
-0.0053365658
-0.003314317
-0.0013250689
0.00062405615
0.0025193657
0.0043616164
0.0061624234
0.0079268999
0.0096414301
0.011293601
0.012894419
0.014457998
0.015980622
0.017447423
0.018851791
0.020205388
0.021519658
0.022789626
0.024005689
0.025174411
0.026299005
0.027375415
0.028399175
0.029359961
0.030274899
0.03116798
0.032019134
0.032813689
0.033563702
0.034276544
0.034949811
0.035587824
0.036195298
0.036763027
0.037267943
0.037727216
0.038159958
0.038563395
0.038930132
0.039263386
0.039578361
0.039849121
0.040078811
0.040289572
0.040467591
0.040709992
0.040924544
0.041005277
0.040882344
0.040597745
0.040229668
0.039737444
0.039135339
0.038466324
0.037698739
0.036916253
0.036057337
0.035192229
0.034269472
0.033348983
0.03239906
0.031456644
0.03052202
0.029586568
0.028680256
0.027778845
0.026892754
0.026041495
0.025205084
0.024391681
0.02360831
0.022858155
0.022129035
0.021429345
0.020760624
0.020122793
0.019511846
0.018925997
0.018368129
0.017837199
0.017331599
0.016849897
0.016391823
0.015955963
0.015540613
0.015145975
0.014771341
0.014415298
0.014076829
0.013755148
0.013449459
0.013158873
0.012882623
0.012620004
0.012370201
0.012132515
0.011906304
0.011690943
0.011485835
0.011290407
0.0111041
0.010926517
0.010757102
0.010595389
0.010440978
0.010293472
0.010152492
0.010017677
0.0098886937
0.0097652343
0.0096469866
0.0095337174
0.0094251372
0.0093210149
0.0092211372
0.0091252991
0.0090332987
0.0089450013
0.0088601587
0.0087786705
0.0087003229
0.0086253415
0.0085519893
0.0084860481
0.0084050709
-0.07041392
-0.069873484
-0.069157401
-0.06829163
-0.067277411
-0.066128141
-0.064848823
-0.063452526
-0.061943696
-0.060337194
-0.058632222
-0.056831945
-0.054961498
-0.053021261
-0.051021105
-0.048964957
-0.046850969
-0.044700665
-0.042525723
-0.040314901
-0.038075422
-0.035827614
-0.0335783
-0.031316289
-0.029042677
-0.026777032
-0.024530547
-0.022300655
-0.020084413
-0.017886016
-0.015710074
-0.013560035
-0.011438496
-0.0093486142
-0.0072950083
-0.005282171
-0.0033093818
-0.0013723735
0.00052515541
0.0023740879
0.0041731046
0.0059288554
0.0076449956
0.0093141169
0.010927446
0.01249008
0.014011415
0.015490139
0.016917072
0.018287626
0.019607773
0.020885358
0.022118552
0.023299976
0.024430809
0.025514788
0.026553087
0.027545168
0.028487983
0.02939215
0.03026637
0.031095868
0.031872375
0.03259917
0.033279338
0.03391673
0.03451801
0.03509253
0.035636965
0.036134739
0.036591986
0.037019987
0.037418246
0.037783988
0.038121075
0.038440342
0.03871768
0.038946063
0.039147985
0.039331899
0.039555552
0.039750963
0.039854758
0.039755541
0.03949057
0.039145698
0.038687301
0.038117456
0.037473608
0.036738269
0.035986947
0.0351645
0.034333186
0.033445148
0.032556295
0.03163909
0.030730002
0.029828387
0.028926626
0.028052866
0.027183428
0.026328645
0.02550694
0.02469911
0.023913327
0.023156176
0.022430956
0.021725993
0.021049442
0.020402583
0.019785461
0.01919426
0.018627217
0.01808711
0.017572832
0.017082863
0.016615834
0.016171518
0.015748555
0.015345292
0.014961952
0.014597882
0.014251694
0.01392241
0.013609289
0.013311578
0.01302842
0.012759087
0.012502916
0.012259114
0.012027008
0.011805986
0.011595447
0.011394818
0.011203553
0.011021112
0.010847133
0.01068107
0.010522482
0.010370986
0.010226202
0.010087758
0.0099553073
0.0098285271
0.0097071244
0.0095907913
0.0094793149
0.0093724122
0.0092698558
0.009171442
0.0090769773
0.008986272
0.0088992032
0.0088155397
0.0087351998
0.0086580018
0.0085841991
0.0085121268
0.0084475306
0.0083681116
-0.068394488
-0.06788133
-0.067200037
-0.066362124
-0.065383666
-0.064273184
-0.063038527
-0.06168756
-0.060228825
-0.058671527
-0.057021518
-0.055280467
-0.053467417
-0.051587654
-0.049647469
-0.047653658
-0.045606883
-0.043521163
-0.041408484
-0.03926505
-0.037094726
-0.034912315
-0.032725752
-0.030530535
-0.028326971
-0.026128398
-0.023945209
-0.021777936
-0.01962515
-0.017489927
-0.015376514
-0.01328827
-0.011227945
-0.0091985177
-0.0072036993
-0.0052470334
-0.0033291661
-0.0014482938
0.0003935963
0.0021906554
0.0039407524
0.0056470927
0.0073121243
0.0089321025
0.010501433
0.012021579
0.013498047
0.014931086
0.016315773
0.017648592
0.018932068
0.020170777
0.021364698
0.022509888
0.023606568
0.024657829
0.025664982
0.026627083
0.027542387
0.028414494
0.029247367
0.030037404
0.030782016
0.03148337
0.032145887
0.032773551
0.033369537
0.033935292
0.034464397
0.034947875
0.035388321
0.035792085
0.036159194
0.036491562
0.036796076
0.037084896
0.037350174
0.037582949
0.037789734
0.037991954
0.038223309
0.038415711
0.038537132
0.038456611
0.038209945
0.037888895
0.037467403
0.036932766
0.036317191
0.035621273
0.034910326
0.034134682
0.033346662
0.032502337
0.031652431
0.030774763
0.029904899
0.029041729
0.028178683
0.02734255
0.026509829
0.025690511
0.024902355
0.024126551
0.023371313
0.022643171
0.021945728
0.021267594
0.020616876
0.019994599
0.019400875
0.018831969
0.018286138
0.017766102
0.017270644
0.01679833
0.016347862
0.015919083
0.015510683
0.015121063
0.014750495
0.014398402
0.014063418
0.013744604
0.013441275
0.013152725
0.012878131
0.012616809
0.012368145
0.012131366
0.011905829
0.011690959
0.011486177
0.011290938
0.011104722
0.010927006
0.010757465
0.010595564
0.010440883
0.010293066
0.010151752
0.010016577
0.0098871988
0.0097633021
0.0096446062
0.0095308045
0.0094217051
0.0093170307
0.009216554
0.0091200748
0.0090274039
0.0089383553
0.0088528056
0.0087705201
0.0086914128
0.0086152928
0.0085424086
0.0084710465
0.0084070084
0.0083279129
-0.066214939
-0.065729374
-0.065083984
-0.064278883
-0.063338418
-0.062270633
-0.061083824
-0.059782858
-0.058378021
-0.056875765
-0.055285079
-0.053607744
-0.051858207
-0.050044027
-0.048170254
-0.046244672
-0.044269862
-0.04225538
-0.040212214
-0.038141417
-0.036045712
-0.033935692
-0.03181934
-0.029696603
-0.027568119
-0.025442911
-0.023329911
-0.021231681
-0.019148258
-0.017082154
-0.015037111
-0.013016399
-0.0110228
-0.0090591325
-0.0071285041
-0.0052338369
-0.0033764551
-0.0015561284
0.00022581502
0.0019656859
0.0036613263
0.0053138319
0.0069245565
0.0084916855
0.010011801
0.01148472
0.012913347
0.014298431
0.015637416
0.016927862
0.018170582
0.019368251
0.020521664
0.021629287
0.022690771
0.023707581
0.024680455
0.025609228
0.026493388
0.027334893
0.028136677
0.028899061
0.02962014
0.030299927
0.030940261
0.031542976
0.032109559
0.032640908
0.033135894
0.033592706
0.034013945
0.034405475
0.034769115
0.035105521
0.035416923
0.035705306
0.035963497
0.036186255
0.0363753
0.036532794
0.036738629
0.036936211
0.037039318
0.036964813
0.036744486
0.036458752
0.036086109
0.035591971
0.035003874
0.03434748
0.033677884
0.032954305
0.032212956
0.031416754
0.030607963
0.029776843
0.028954493
0.028138599
0.027323363
0.026532869
0.025744962
0.024968519
0.024220736
0.023483793
0.022765233
0.022071508
0.021406436
0.02075902
0.020137306
0.019542294
0.018974383
0.018430048
0.017907572
0.017409525
0.016934478
0.016481164
0.016048466
0.015636347
0.015243554
0.014868511
0.014511538
0.01417215
0.013849003
0.013541211
0.013248146
0.012969156
0.012703457
0.012450417
0.012209478
0.011979886
0.011761037
0.011552357
0.011353295
0.011163404
0.01098217
0.01080906
0.010643821
0.010485962
0.010335089
0.010190846
0.010052877
0.0099208358
0.0097944001
0.0096732703
0.0095571789
0.0094458137
0.0093390046
0.0092364752
0.0091379857
0.0090433497
0.0089524048
0.0088649753
0.0087809409
0.0087000835
0.0086223545
0.0085475803
0.008476084
0.0084060968
0.0083438236
0.008266313
-0.063872875
-0.06341561
-0.062807246
-0.062039274
-0.061139751
-0.060118277
-0.058982821
-0.057736366
-0.056389645
-0.054947923
-0.053421402
-0.051812425
-0.050132352
-0.048389334
-0.046588238
-0.044737036
-0.042839472
-0.040902661
-0.038936224
-0.036943949
-0.034928555
-0.03289779
-0.030859072
-0.028815018
-0.026767029
-0.024721418
-0.022685529
-0.020663
-0.018655105
-0.01666418
-0.014693504
-0.012746191
-0.010824996
-0.0089325797
-0.0070716518
-0.0052447239
-0.0034534246
-0.0016984342
1.9079657e-05
0.0016967292
0.0033326373
0.0049267209
0.006479445
0.0079898803
0.0094560171
0.010877174
0.012254629
0.013588972
0.014878996
0.01612326
0.017321903
0.018476356
0.019587402
0.020654554
0.021677429
0.022656721
0.023593228
0.024487449
0.02533962
0.02615096
0.026922843
0.02765588
0.028349231
0.029002932
0.029618242
0.030196698
0.030740206
0.031250182
0.031726973
0.032169592
0.032578834
0.032956761
0.033303943
0.033620771
0.033908717
0.034169153
0.034400709
0.034603818
0.034780588
0.034933416
0.035170881
0.035394829
0.035478327
0.035389477
0.035164715
0.034876882
0.034521889
0.034063016
0.033513929
0.03290709
0.032289783
0.031635471
0.030956984
0.030220379
0.029451341
0.028665999
0.027890874
0.027123836
0.026360235
0.025616878
0.024875813
0.024144018
0.023436828
0.022739583
0.022059123
0.021402893
0.020774346
0.020163096
0.019575553
0.019012489
0.018474604
0.017959085
0.017464434
0.01699269
0.016542159
0.016111623
0.015700154
0.015307873
0.014933697
0.014576143
0.014235512
0.013911421
0.01360261
0.013308257
0.013027788
0.012760606
0.012505971
0.012263303
0.012032123
0.011811687
0.011601583
0.011401118
0.011209516
0.011026742
0.010852236
0.010685325
0.010525761
0.010373209
0.010227461
0.010088185
0.009954943
0.0098272834
0.0097048742
0.0095875
0.00947492
0.0093667978
0.0092630409
0.009163432
0.009067574
0.0089752379
0.0088863499
0.0088007567
0.0087182428
0.008638505
0.0085615795
0.0084871609
0.0084154877
0.0083445408
0.0082810557
0.0082010794
-0.061368318
-0.06094031
-0.060370168
-0.059643019
-0.058787781
-0.057816093
-0.056735619
-0.055548051
-0.054263874
-0.052887905
-0.051430605
-0.049894801
-0.04828993
-0.046623875
-0.0449016
-0.043130986
-0.041316325
-0.039463464
-0.037580773
-0.035673297
-0.033744131
-0.031799313
-0.029845469
-0.027886597
-0.025924852
-0.023965012
-0.022013035
-0.020072938
-0.018146882
-0.016237254
-0.014346985
-0.012478981
-0.010635923
-0.0088203288
-0.0070346351
-0.0052810819
-0.0035613987
-0.0018767353
-0.00022827861
0.0013822773
0.0029533768
0.0044843724
0.0059751326
0.0074250631
0.0088329732
0.010198134
0.011520919
0.012801617
0.014039705
0.015234422
0.016385679
0.017494155
0.018560425
0.019584521
0.020566381
0.021506457
0.022405423
0.023263838
0.024082088
0.024860929
0.025601004
0.026303158
0.026967692
0.027595035
0.028186121
0.028741937
0.029264011
0.029753282
0.03021007
0.030633819
0.031025498
0.031386604
0.031718141
0.032021131
0.032297351
0.032548145
0.032772923
0.032972242
0.033146833
0.033294856
0.033517706
0.033730091
0.033789729
0.033710031
0.033528258
0.033275036
0.032939818
0.032502986
0.031975448
0.03138466
0.030782234
0.030155177
0.029514684
0.028842804
0.028131849
0.027406022
0.026686451
0.025978203
0.02528286
0.02460207
0.023922308
0.023250712
0.022597628
0.021948513
0.021308114
0.020688625
0.020094444
0.019519244
0.018966425
0.018436085
0.017928669
0.017442398
0.016976203
0.016530971
0.01610501
0.015697421
0.015307514
0.014935286
0.014579831
0.014239905
0.013915627
0.013606682
0.01331201
0.013030874
0.012762732
0.012507042
0.012263123
0.01203044
0.011808533
0.01159675
0.011394584
0.011201547
0.011017164
0.010841035
0.010672684
0.010511627
0.010357653
0.010210279
0.010069284
0.0099346016
0.0098060259
0.0096830251
0.0095649149
0.0094516842
0.0093431258
0.0092386945
0.0091384694
0.0090421855
0.0089494036
0.0088601479
0.0087742178
0.0086912744
0.0086112652
0.0085339834
0.0084593256
0.0083869403
0.0083172409
0.0082479875
0.0081856458
0.0081079938
-0.058704165
-0.058306484
-0.057775831
-0.057092637
-0.0562851
-0.055366597
-0.054344701
-0.053220214
-0.052003022
-0.050697764
-0.04931472
-0.047856983
-0.046332803
-0.044749486
-0.043112016
-0.041428086
-0.039702142
-0.037939349
-0.0361471
-0.034330811
-0.032493914
-0.030641512
-0.028779472
-0.026912327
-0.02504277
-0.023174782
-0.021313274
-0.019462225
-0.017624312
-0.015802053
-0.013998149
-0.01221529
-0.010456043
-0.0087227934
-0.0070177824
-0.0053430603
-0.0037003508
-0.0020910119
-0.00051627919
0.0010224853
0.0025239837
0.0039873563
0.0054121293
0.0067977822
0.0081435363
0.0094487498
0.010713386
0.01193748
0.01312078
0.014262909
0.015363764
0.016423669
0.017443013
0.018422031
0.019360863
0.020259848
0.021119479
0.02194029
0.022722767
0.023467603
0.024175256
0.024846607
0.025482288
0.026082802
0.026648772
0.0271808
0.027680142
0.028147723
0.028584157
0.028989494
0.029364973
0.029711853
0.030030777
0.030322474
0.030588281
0.030829106
0.031044269
0.03123479
0.031401957
0.031544428
0.031762473
0.0319736
0.032037635
0.03197511
0.031811669
0.031563433
0.031232956
0.030821075
0.030342216
0.029821561
0.029283197
0.02871924
0.028127799
0.027494902
0.026827794
0.02614718
0.025457397
0.024774187
0.024118951
0.023476325
0.022831413
0.022194803
0.021582887
0.020989087
0.020407975
0.019842104
0.01929258
0.018761284
0.018250182
0.017759162
0.017288825
0.016840556
0.016413326
0.016002716
0.015606746
0.015226744
0.014863251
0.014515966
0.014183983
0.013866382
0.01356301
0.013273537
0.012997179
0.012733281
0.012481306
0.01224074
0.012011005
0.011791608
0.011582096
0.011381949
0.011190597
0.011007783
0.010833306
0.010666428
0.010506819
0.010354218
0.010208391
0.010068724
0.0099346579
0.0098058257
0.0096819187
0.0095629849
0.0094491162
0.0093400211
0.0092353741
0.0091348792
0.0090383057
0.0089453631
0.0088559698
0.008769936
0.0086869751
0.0086068558
0.008529484
0.0084546593
0.0083821439
0.0083116942
0.0082435623
0.0081761842
0.0081137463
0.0080421414
-0.055886593
-0.055520314
-0.055030427
-0.054393833
-0.053637241
-0.052775201
-0.051815339
-0.050757875
-0.049611949
-0.048382055
-0.047078101
-0.045703242
-0.044264948
-0.042769903
-0.04122296
-0.039631547
-0.038000055
-0.036333216
-0.034637694
-0.03291882
-0.031180181
-0.029426374
-0.027662646
-0.025893583
-0.024122151
-0.022351926
-0.020587101
-0.018831418
-0.01708777
-0.015358774
-0.013646988
-0.011954906
-0.010284956
-0.0086393965
-0.0070203136
-0.0054296141
-0.003868966
-0.0023397907
-0.00084334653
0.00061915681
0.0020465922
0.0034380538
0.0047929008
0.0061105989
0.0073905503
0.0086322115
0.0098353898
0.010999964
0.012125754
0.013212578
0.014260383
0.015269345
0.016239715
0.017171753
0.018065684
0.01892183
0.019740606
0.02052252
0.021268089
0.021977962
0.022652482
0.023292422
0.023898473
0.02447123
0.025011274
0.025519118
0.025995904
0.026442559
0.026859742
0.027247625
0.027607349
0.027939925
0.028245758
0.028525492
0.028780426
0.029011539
0.029218472
0.029402608
0.029565337
0.029705479
0.029920724
0.030135396
0.030209377
0.030161258
0.030016443
0.029790405
0.029490414
0.029121953
0.028694196
0.028220091
0.027712942
0.027175119
0.02660916
0.026016108
0.025404622
0.024785229
0.024167435
0.023562032
0.022970599
0.022384639
0.021802086
0.021229513
0.020671569
0.020124147
0.019583596
0.019052582
0.018537079
0.01803958
0.017559337
0.017095906
0.016643873
0.01621611
0.015821852
0.015442918
0.015072278
0.014714259
0.014371403
0.014043392
0.013729474
0.013429202
0.013142311
0.012868372
0.012606777
0.012356941
0.012118329
0.011890423
0.011672712
0.011464727
0.011266015
0.011076105
0.010894565
0.010721012
0.010555078
0.010396389
0.01024464
0.010099568
0.0099609602
0.0098284186
0.0097013949
0.0095796133
0.0094627188
0.0093503685
0.0092426047
0.009139151
0.0090397933
0.0089444582
0.0088529022
0.0087649825
0.0086806625
0.0085997029
0.0085220109
0.0084474646
0.0083758898
0.0083072357
0.0082414868
0.0081786065
0.0081185151
0.0080611937
0.0080068303
0.0079541102
-0.052925449
-0.052591544
-0.052143587
-0.051555762
-0.050852975
-0.050050416
-0.049155764
-0.048168892
-0.047098158
-0.045947865
-0.044727443
-0.043439981
-0.042092346
-0.040690665
-0.039239533
-0.037746033
-0.036214391
-0.034649001
-0.033055952
-0.031440304
-0.02980561
-0.028156152
-0.02649669
-0.024831634
-0.023164001
-0.021497125
-0.01983472
-0.018180242
-0.016536586
-0.014906392
-0.013292113
-0.011696077
-0.010120563
-0.0085676992
-0.0070394416
-0.0055375747
-0.0040636897
-0.0026191946
-0.0012053373
0.00017675134
0.001526048
0.0028416643
0.0041228982
0.0053691946
0.006580025
0.007754911
0.0088936117
0.0099959302
0.01106169
0.01209079
0.013083216
0.014039088
0.014958573
0.015841907
0.016689347
0.017501218
0.018277886
0.019019812
0.019727481
0.020401495
0.02104215
0.021650156
0.022226216
0.022770962
0.023284956
0.023768637
0.024223009
0.024648914
0.025046983
0.025417441
0.025761403
0.026079835
0.026373124
0.026641901
0.026887395
0.027110514
0.027310977
0.02749009
0.027649115
0.027786993
0.028000462
0.028219265
0.02830451
0.028274229
0.028155049
0.027960475
0.027695884
0.027367553
0.026983605
0.02655389
0.026090756
0.025600266
0.025087555
0.024554892
0.024007184
0.02344981
0.022889816
0.022331674
0.021777599
0.021228923
0.020686487
0.020152572
0.019629241
0.019117058
0.018616874
0.018130785
0.017660745
0.017207199
0.016770146
0.016350089
0.015947726
0.015564723
0.015198812
0.01484526
0.014503394
0.014174973
0.013860598
0.013559654
0.013271449
0.012995545
0.012731564
0.012479057
0.012237527
0.012006483
0.011785465
0.011574026
0.011371736
0.011178171
0.01099292
0.010815578
0.010645761
0.010483088
0.01032721
0.010177739
0.010034443
0.0098968627
0.0097672609
0.0096448165
0.009525496
0.0094098153
0.0092990253
0.0091928243
0.0090906217
0.0089922093
0.0088975601
0.0088065553
0.0087190323
0.0086348109
0.00855378
0.0084757565
0.0084006801
0.0083283587
0.0082589019
0.0081919666
0.0081278262
0.0080658017
0.0080066903
0.0079490454
0.0078947065
0.0078398021
-0.049834663
-0.049533994
-0.049128936
-0.048591578
-0.047944965
-0.047204512
-0.046377856
-0.045464666
-0.044472543
-0.043405548
-0.042272557
-0.041076521
-0.039823772
-0.038519935
-0.037169288
-0.035778493
-0.034351546
-0.032892528
-0.031407042
-0.029899804
-0.02837421
-0.026834274
-0.025284363
-0.023728616
-0.022169956
-0.020611519
-0.019056679
-0.017508613
-0.015970103
-0.014443726
-0.012931836
-0.011436612
-0.0099601823
-0.0085045464
-0.0070715374
-0.005662828
-0.0042799231
-0.0029241792
-0.0015968072
-0.00029888234
0.0009686397
0.0022049067
0.0034092097
0.0045809874
0.0057197358
0.0068250123
0.0078965643
0.008934168
0.0099376356
0.010906886
0.011841923
0.012742845
0.01360977
0.014442904
0.015242496
0.016008858
0.016742319
0.017443292
0.018112228
0.018749691
0.019355955
0.019931672
0.020477504
0.02099406
0.021481866
0.021941319
0.022373331
0.022778684
0.023157991
0.023511511
0.023840294
0.024145237
0.024426688
0.024685213
0.024921928
0.025137669
0.025332233
0.025506872
0.025662815
0.025799147
0.026012628
0.026237509
0.026337478
0.026329441
0.026238665
0.026076764
0.025848388
0.025561128
0.025223681
0.024844463
0.024433204
0.023994991
0.023535076
0.023055935
0.022562552
0.022059494
0.021552749
0.021046544
0.020544382
0.020048616
0.019559533
0.019078491
0.018607273
0.018146714
0.017697475
0.017260089
0.016835141
0.016423172
0.016024834
0.015640446
0.01526994
0.014913084
0.01456996
0.014240514
0.013924133
0.013620241
0.01332848
0.013048528
0.012780021
0.012522601
0.012275927
0.012039629
0.01181331
0.011596572
0.011389024
0.011190283
0.010999972
0.010817727
0.010643188
0.010476008
0.010315853
0.010162404
0.010015355
0.0098744096
0.0097392915
0.0096097152
0.0094854484
0.0093660785
0.0092512957
0.009140815
0.0090356175
0.0089365241
0.0088420837
0.008750856
0.008662571
0.0085774836
0.0084956838
0.008417039
0.0083413854
0.0082686202
0.0081984498
0.0081302295
0.0080640145
0.0080003912
0.0079394786
0.0078810447
0.0078249332
0.0077709626
0.0077191432
0.0076691561
-0.046701607
-0.046434042
-0.046071526
-0.045584644
-0.044994672
-0.044316965
-0.043558979
-0.042720257
-0.041807699
-0.040825088
-0.039780707
-0.038677328
-0.037520781
-0.036316237
-0.035067633
-0.033781166
-0.032460572
-0.031109623
-0.029733479
-0.028336501
-0.026921866
-0.025493321
-0.024054884
-0.022610404
-0.021162638
-0.019714516
-0.018269144
-0.016829451
-0.015398049
-0.013977393
-0.012569725
-0.011177083
-0.0098014526
-0.0084447039
-0.0071085523
-0.0057945643
-0.0045041557
-0.0032386147
-0.0019990986
-0.00078663123
0.00039788411
0.001553634
0.0026799266
0.0037762084
0.0048419881
0.005876842
0.0068805153
0.007852778
0.0087934321
0.009702394
0.010579666
0.011425333
0.012239482
0.013022287
0.013773972
0.014494829
0.015185153
0.015845316
0.016475731
0.017076915
0.017649121
0.01819294
0.018708983
0.019197821
0.019659949
0.020095736
0.020506013
0.020891503
0.021252776
0.021590087
0.0219044
0.022196541
0.02246684
0.022715829
0.022944536
0.023153739
0.023343291
0.023514347
0.023668037
0.023803531
0.02401798
0.024250727
0.02436736
0.024383143
0.024321592
0.024193612
0.024003782
0.02375971
0.023469497
0.023140047
0.022779139
0.022391536
0.0219831
0.021557263
0.021119121
0.020672385
0.020221728
0.019770386
0.019320943
0.018875445
0.018434664
0.018000242
0.017573731
0.017155802
0.016747412
0.016349444
0.015962665
0.015587622
0.015224939
0.014874888
0.014537546
0.014212889
0.013900864
0.013601105
0.013312951
0.013035925
0.012769792
0.012514343
0.012269268
0.012034215
0.011808853
0.011592837
0.011385801
0.011187383
0.010997231
0.010814999
0.010640348
0.010472951
0.010312488
0.010158649
0.010011138
0.0098696704
0.0097339773
0.0096038004
0.0094788965
0.0093590361
0.0092440102
0.0091336173
0.0090276229
0.0089257669
0.0088278518
0.0087336847
0.0086430287
0.0085556963
0.0084715738
0.0083905589
0.0083125252
0.0082373354
0.0081648621
0.0080949909
0.0080276115
0.007962615
0.0078999091
0.0078394065
0.0077810082
0.0077246121
0.0076701319
0.007617504
0.0075666189
0.0075174884
-0.043599552
-0.0433639
-0.043042423
-0.042604696
-0.042070279
-0.04145426
-0.040763817
-0.0399984
-0.039164259
-0.038264893
-0.037307977
-0.036296086
-0.035234567
-0.034128168
-0.032980493
-0.031797257
-0.030581921
-0.029337952
-0.028070095
-0.026782364
-0.025477692
-0.024159552
-0.02283164
-0.021497517
-0.020159742
-0.018821034
-0.017484262
-0.016152128
-0.014827058
-0.013511355
-0.012207131
-0.010916288
-0.0096406763
-0.0083820382
-0.0071419749
-0.0059219505
-0.0047232917
-0.0035472125
-0.0023948089
-0.0012670513
-0.00016479614
0.00091118198
0.0019602174
0.0029817729
0.0039753691
0.0049405952
0.0058771948
0.0067849386
0.0076636218
0.0085131512
0.0093335188
0.010124793
0.010887037
0.011620395
0.012325064
0.013001308
0.013649387
0.014269633
0.014862417
0.015428212
0.015967246
0.016480054
0.016967192
0.017429189
0.017866499
0.018279463
0.018668835
0.019035273
0.019379306
0.019701181
0.020001777
0.020281852
0.020541721
0.020781878
0.021003261
0.021206575
0.021391707
0.02155971
0.021711614
0.021846683
0.022062726
0.022304038
0.022437807
0.022477786
0.022445761
0.02235197
0.022200653
0.021998804
0.021753865
0.021472047
0.021160256
0.020823038
0.020466114
0.020092912
0.019707951
0.019314257
0.018915675
0.018514955
0.018114545
0.017716727
0.017322703
0.016934179
0.016552546
0.016178454
0.015812904
0.015456713
0.015110366
0.014774095
0.014448322
0.014133245
0.013828885
0.013535105
0.013251769
0.012978743
0.012715811
0.012462749
0.012219319
0.011985268
0.011760308
0.011544153
0.011336532
0.011137163
0.010945738
0.010761959
0.010585539
0.010416191
0.010253637
0.010097603
0.0099478229
0.0098040356
0.0096659902
0.0095334465
0.0094061729
0.0092839463
0.0091665526
0.009053787
0.0089454545
0.0088413638
0.0087413332
0.0086451945
0.0085527961
0.0084639989
0.0083786551
0.0082965973
0.0082176577
0.008141688
0.0080685598
0.0079981508
0.0079303424
0.0078650214
0.0078020801
0.0077414156
0.0076829313
0.0076265403
0.0075721643
0.0075197257
0.0074691491
0.0074203569
0.0073732835
0.0073278095
-0.040542011
-0.04033687
-0.040054741
-0.039664587
-0.039184251
-0.038628423
-0.038003946
-0.037310195
-0.036552806
-0.035734995
-0.034863827
-0.033941674
-0.032973413
-0.03196339
-0.030914881
-0.029833125
-0.028721298
-0.027582567
-0.026421276
-0.025241101
-0.024044728
-0.02283535
-0.021616352
-0.020391012
-0.019161685
-0.017930873
-0.016701218
-0.015475207
-0.014255081
-0.013042974
-0.011840858
-0.010650499
-0.009473611
-0.0083118144
-0.0071665973
-0.0060393226
-0.0049312293
-0.0038434546
-0.0027770289
-0.0017328677
-0.0007117804
0.00028549745
0.00125833
0.0022062006
0.003128644
0.0040252611
0.0048957939
0.0057400156
0.006557717
0.0073487936
0.0081132232
0.0088510564
0.009562333
0.010247169
0.010905734
0.011538261
0.012144973
0.012726163
0.013282162
0.013813395
0.014320065
0.014802651
0.015261654
0.015697553
0.016110765
0.016501597
0.016870729
0.017218759
0.017546173
0.017853202
0.01814064
0.018409175
0.018659102
0.018890878
0.019105351
0.019303163
0.01948423
0.019649508
0.01979994
0.019934872
0.020152987
0.020402881
0.020553599
0.020617545
0.020614625
0.02055428
0.020440413
0.020279448
0.020078259
0.019842536
0.01957844
0.019290055
0.018982632
0.018659431
0.018324624
0.017980988
0.017631961
0.017280019
0.016927423
0.016576298
0.016227784
0.015883441
0.015544526
0.015211633
0.01488568
0.01456742
0.014257308
0.01395559
0.013662724
0.013378972
0.013104433
0.012839062
0.012582834
0.012335727
0.012097604
0.011868268
0.011647492
0.011435052
0.011230715
0.011034247
0.010845421
0.010663991
0.010489689
0.010322254
0.010161431
0.010006969
0.0098586164
0.0097161315
0.0095792748
0.0094478089
0.0093215068
0.0092001503
0.0090835283
0.0089714367
0.008863679
0.0087600675
0.0086604226
0.0085645667
0.0084723313
0.0083835558
0.008298086
0.008215774
0.0081364789
0.0080600665
0.0079864114
0.0079153958
0.0078469103
0.007780848
0.0077171071
0.0076555916
0.0075962105
0.0075388772
0.0074835092
0.0074300277
0.0073783575
0.0073284285
0.0072801644
0.0072334924
0.0071883506
0.0071446959
-0.037542547
-0.037366282
-0.037121521
-0.036776992
-0.036348827
-0.035851205
-0.035290612
-0.034666354
-0.033983485
-0.033244939
-0.032457179
-0.03162237
-0.030744937
-0.029828833
-0.028877021
-0.027894272
-0.026883477
-0.025847508
-0.024790324
-0.023715268
-0.022624782
-0.021521784
-0.020409353
-0.019290489
-0.018167345
-0.017042206
-0.015917491
-0.014795482
-0.013678232
-0.012567706
-0.011465731
-0.01037393
-0.0092938876
-0.0082271016
-0.0071749493
-0.0061386937
-0.0051194864
-0.004118387
-0.0031363588
-0.0021742605
-0.0012328539
-0.00031283442
0.0005851939
0.0014607371
0.0023133464
0.0031426349
0.0039483439
0.0047302497
0.0054881399
0.006221899
0.0069314897
0.0076169432
0.0082782772
0.008915581
0.0095289946
0.01011872
0.010684945
0.011227922
0.011747941
0.012245381
0.01272042
0.013173478
0.013605003
0.014015426
0.01440512
0.014774362
0.015123756
0.015453844
0.015765064
0.01605763
0.016332252
0.016589549
0.016829792
0.017053401
0.017261138
0.017453577
0.017630655
0.01779323
0.01794215
0.018076832
0.018296681
0.018554698
0.018721626
0.018808562
0.018833566
0.018805282
0.018727314
0.018605513
0.018446127
0.018254315
0.018035602
0.017793687
0.017533396
0.0172578
0.016970742
0.016674742
0.016372852
0.016067259
0.015760001
0.015453034
0.015147473
0.014844827
0.014546326
0.01425257
0.013964452
0.01368271
0.013407799
0.013139955
0.012879594
0.012626956
0.012382134
0.012145089
0.011915804
0.011694273
0.0114804
0.011274047
0.011075045
0.01088322
0.010698383
0.010520346
0.010348926
0.010183923
0.010025117
0.0098722911
0.0097252394
0.0095837558
0.0094476359
0.009316682
0.0091906982
0.0090694889
0.008952868
0.0088406564
0.0087326807
0.0086287727
0.0085287702
0.0084325182
0.008339868
0.0082506715
0.0081647886
0.0080820862
0.0080024365
0.0079257164
0.0078518072
0.007780595
0.0077119703
0.0076458275
0.0075820675
0.0075205923
0.0074613087
0.0074041281
0.0073489661
0.007295742
0.0072443781
0.0071948001
0.0071469374
0.0071007228
0.0070560907
0.0070129803
0.0069713264
0.0069310716
-0.034614545
-0.034465306
-0.03425568
-0.033954513
-0.033576238
-0.033134427
-0.032635191
-0.032077781
-0.031466692
-0.030804581
-0.030097325
-0.029346885
-0.028557244
-0.027731982
-0.026873759
-0.02598689
-0.025073988
-0.024137639
-0.023181428
-0.022208379
-0.021220692
-0.020221015
-0.019212133
-0.018196774
-0.017176892
-0.016154559
-0.015131975
-0.014111222
-0.01309417
-0.012082615
-0.011078236
-0.010082516
-0.009096909
-0.0081227933
-0.0071614363
-0.0062140021
-0.0052815559
-0.0043650797
-0.0034654688
-0.0025835243
-0.0017199597
-0.00087542884
-5.0502683e-05
0.00075434889
0.0015386954
0.0023021635
0.0030444953
0.0037654703
0.0044648744
0.0051425822
0.0057985414
0.006432764
0.0070452467
0.0076360525
0.0082052933
0.0087531396
0.0092797446
0.0097853212
0.01027012
0.010734473
0.011178533
0.011602665
0.012007262
0.012392708
0.012759333
0.013107381
0.013437386
0.01374983
0.014045108
0.014323413
0.014585372
0.014831539
0.01506216
0.015277616
0.015478586
0.015665581
0.015838554
0.01599827
0.016145489
0.016279695
0.016500807
0.016765956
0.016947751
0.017056085
0.017107256
0.017109118
0.017064951
0.016980031
0.016859994
0.016709513
0.016533576
0.016335539
0.016119784
0.015889124
0.015647047
0.015395841
0.015138256
0.014876279
0.014611787
0.014346598
0.014081774
0.013818729
0.013558615
0.013301997
0.013049706
0.012802433
0.012560612
0.012324474
0.012094424
0.011870718
0.011653485
0.011442738
0.011238511
0.011040854
0.010849731
0.010665066
0.010486742
0.010314633
0.010148598
0.0099884928
0.0098341805
0.009685504
0.0095422811
0.0094043346
0.0092714925
0.0091435817
0.0090204285
0.0089018634
0.0087877165
0.0086778162
0.0085719985
0.0084701052
0.0083719819
0.0082774784
0.008186449
0.0080987548
0.0080142621
0.0079328369
0.0078543525
0.0077786893
0.0077057321
0.0076353704
0.007567498
0.0075020139
0.0074388214
0.0073778284
0.0073189488
0.0072620973
0.0072071927
0.0071541586
0.0071029224
0.0070534146
0.0070055685
0.0069593205
0.0069146101
0.0068713796
0.0068295729
0.0067891392
0.0067500203
0.0067121825
-0.031771092
-0.031646834
-0.031469871
-0.0312095
-0.030878478
-0.030489683
-0.030048843
-0.029555169
-0.029012627
-0.028423602
-0.027793403
-0.027123789
-0.026418327
-0.02568023
-0.024911871
-0.024117129
-0.023298347
-0.022457833
-0.021598814
-0.020724006
-0.019835378
-0.018935314
-0.018026316
-0.017110849
-0.016190674
-0.015267652
-0.014343774
-0.013420927
-0.012500804
-0.011585032
-0.010675143
-0.009772486
-0.0088783816
-0.0079940932
-0.0071207793
-0.0062595065
-0.0054112549
-0.0045769289
-0.0037573558
-0.0029532788
-0.0021653624
-0.001394218
-0.00064038204
9.570055e-05
0.00081361931
0.0015130158
0.0021936348
0.0028552596
0.003497676
0.0041207501
0.0047244159
0.0053086669
0.00587348
0.0064188939
0.0069449933
0.0074519182
0.0079397882
0.0084087788
0.0088591018
0.0092910455
0.0097047349
0.010100483
0.010478631
0.010839515
0.011183425
0.011510569
0.011821417
0.012116391
0.012395844
0.012659945
0.012909245
0.013144232
0.013365128
0.013572274
0.013766268
0.013947562
0.014116119
0.014272616
0.014417729
0.014550999
0.014772444
0.015043202
0.015238027
0.015365676
0.015440767
0.015470373
0.01545745
0.015406719
0.01532324
0.015211226
0.015075157
0.014918061
0.014743887
0.014555192
0.014355133
0.014145801
0.013929686
0.013708596
0.013484247
0.013258306
0.01303176
0.012805925
0.012581885
0.012360187
0.012141623
0.011926863
0.01171634
0.0115103
0.011309146
0.011113146
0.010922451
0.0107371
0.010557151
0.010382676
0.010213668
0.010050083
0.0098918375
0.0097388399
0.0095909839
0.0094481614
0.0093102689
0.0091771853
0.0090487642
0.0089248637
0.0088053472
0.0086900772
0.0085789143
0.0084717235
0.0083683685
0.0082687103
0.0081726165
0.0080799598
0.0079906156
0.0079044622
0.0078213812
0.0077412597
0.007663989
0.0075894578
0.0075175615
0.0074482009
0.0073812799
0.0073167057
0.0072543885
0.0071942421
0.0071361836
0.0070801333
0.0070260162
0.0069737574
0.0069232846
0.0068745298
0.0068274279
0.0067819161
0.0067379342
0.0066954239
0.00665433
0.0066145995
0.0065761808
0.0065390257
0.0065030825
0.0064683041
-0.02902465
-0.028923167
-0.028776197
-0.028553789
-0.028267069
-0.027928146
-0.027542363
-0.027108908
-0.026631245
-0.026111494
-0.025554422
-0.02496159
-0.024336167
-0.023681022
-0.022998249
-0.022291315
-0.021562301
-0.020813254
-0.020047056
-0.019266131
-0.018472225
-0.01766747
-0.016854096
-0.016034318
-0.015209705
-0.014381924
-0.013552758
-0.012723907
-0.011896891
-0.011073176
-0.010254151
-0.0094410299
-0.0086350065
-0.0078372301
-0.0070487531
-0.0062705462
-0.0055035058
-0.0047484598
-0.0040061676
-0.0032773144
-0.0025625158
-0.0018623397
-0.0011772871
-0.00050777708
0.00014580141
0.00078310643
0.0014038872
0.0020079318
0.0025950279
0.0031650349
0.0037178745
0.0042535233
0.0047719409
0.0052731429
0.005757189
0.0062241898
0.006674234
0.0071074617
0.0075240478
0.0079242381
0.0083081319
0.0086759924
0.0090281119
0.0093647796
0.0096862467
0.0099926893
0.010284512
0.010562082
0.01082571
0.011075543
0.011312058
0.011535683
0.011746612
0.011945149
0.012131816
0.012307007
0.012470695
0.012623472
0.012765935
0.01289768
0.013118305
0.013392758
0.013598378
0.013742856
0.013839212
0.013893769
0.01390916
0.013889585
0.013839548
0.013762826
0.013663423
0.013544057
0.013408274
0.013258384
0.01309723
0.01292671
0.012749076
0.012565968
0.012378954
0.012189564
0.011998717
0.011807633
0.011617328
0.011428328
0.011241378
0.011057115
0.010875967
0.01069818
0.010524151
0.010354155
0.010188364
0.010026845
0.0098696832
0.0097169819
0.0095687707
0.0094250454
0.0092857616
0.0091508669
0.0090202946
0.0088939748
0.0087718401
0.0086538059
0.0085397599
0.0084295932
0.0083232006
0.008220474
0.0081213019
0.0080255756
0.0079331835
0.0078440091
0.0077579418
0.0076748744
0.0075947015
0.0075173193
0.0074426264
0.0073705261
0.0073009251
0.0072337266
0.0071688397
0.0071061787
0.0070456606
0.006987205
0.0069307342
0.0068761737
0.0068234521
0.0067725005
0.0067232551
0.0066756511
0.0066296262
0.0065851219
0.0065420827
0.0065004549
0.0064601868
0.0064212287
0.0063835333
0.0063470553
0.0063117505
0.0062775779
0.0062444921
0.0062124572
-0.026386935
-0.026305897
-0.026186091
-0.025998593
-0.025752956
-0.025460462
-0.025126069
-0.024748956
-0.024332122
-0.023877427
-0.023389121
-0.022868581
-0.022318596
-0.021741708
-0.021139752
-0.0205158
-0.019871691
-0.019209219
-0.018530945
-0.017839011
-0.017134954
-0.016420668
-0.015698124
-0.014969295
-0.014235575
-0.013498436
-0.012759469
-0.012020192
-0.011281961
-0.010546086
-0.0098138171
-0.0090862371
-0.0083644186
-0.0076493997
-0.0069421289
-0.0062434839
-0.0055542788
-0.0048752666
-0.0042071393
-0.0035505249
-0.0029059898
-0.0022740579
-0.0016551942
-0.001049791
-0.00045821431
0.00011921186
0.00068224333
0.001230674
0.0017642953
0.0022829623
0.0027865865
0.0032751295
0.0037485357
0.0042068008
0.0046499609
0.0050780998
0.0054912778
0.0058896025
0.0062732142
0.0066423185
0.0069969911
0.0073374487
0.0076639368
0.0079767015
0.0082759562
0.0085618463
0.008834716
0.0090948812
0.009342611
0.009578031
0.0098015492
0.010013534
0.010214158
0.010403684
0.010582565
0.010751141
0.01090939
0.011057827
0.011196973
0.011326473
0.011544884
0.01182079
0.012034643
0.012193134
0.012307775
0.012384171
0.012424646
0.012432907
0.012412934
0.012368089
0.012301931
0.012216886
0.012116118
0.012001701
0.01187618
0.011741275
0.011599013
0.011450882
0.011298311
0.011142699
0.010984897
0.010826029
0.010667043
0.01050844
0.010350923
0.010195101
0.010041394
0.0098900551
0.0097414765
0.0095959396
0.0094536347
0.0093146513
0.0091790953
0.0090470889
0.0089186871
0.0087939135
0.0086727512
0.0085551753
0.0084411478
0.0083306272
0.0082235739
0.0081199318
0.008019617
0.0079225486
0.0078286492
0.007737838
0.0076500305
0.0075651443
0.0074830935
0.0074037863
0.007327136
0.007253059
0.0071814722
0.0071122932
0.0070454415
0.0069808397
0.0069184136
0.0068580836
0.0067997755
0.0067434193
0.0066889469
0.0066362917
0.006585389
0.0065361765
0.006488594
0.0064425834
0.0063980909
0.0063550607
0.0063134389
0.0062731753
0.0062342216
0.0061965313
0.0061600591
0.0061247614
0.0060905967
0.0060575252
0.0060255075
0.0059945074
0.0059644847
0.005935401
-0.023868593
-0.023805594
-0.02371002
-0.023554212
-0.023346228
-0.023096483
-0.022809552
-0.022484616
-0.022124246
-0.021730056
-0.021305806
-0.020852694
-0.02037316
-0.019869436
-0.019343113
-0.018796896
-0.018232391
-0.017651161
-0.017055461
-0.016447173
-0.015827633
-0.015198511
-0.014561537
-0.013918457
-0.013270493
-0.01261894
-0.011965202
-0.011310627
-0.010656414
-0.010003723
-0.0093536718
-0.0087072193
-0.00806532
-0.0074289053
-0.0067988236
-0.006175862
-0.0055607555
-0.0049541833
-0.0043567714
-0.0037690914
-0.0031916611
-0.0026249599
-0.0020694163
-0.0015253954
-0.00099323879
-0.00047325117
3.4331916e-05
0.0005293115
0.0010114848
0.001480705
0.0019368757
0.0023799457
0.0028098471
0.0032265583
0.0036300949
0.0040205157
0.0043978562
0.0047621946
0.0051136396
0.0054523596
0.0057784084
0.0060919606
0.0063932183
0.0066823873
0.0069596457
0.0072251103
0.0074790699
0.0077217917
0.0079535064
0.0081743184
0.0083845722
0.0085845828
0.0087744974
0.0089545434
0.0091251082
0.0092864832
0.0094386487
0.0095820475
0.0097171325
0.0098435917
0.010058252
0.010333142
0.010552432
0.010721885
0.010851595
0.010946491
0.011008602
0.011041169
0.011047687
0.011031121
0.010994616
0.01094032
0.010871041
0.010788628
0.010695349
0.010592752
0.010482655
0.0103664
0.010245286
0.010120586
0.0099930824
0.0098638077
0.0097336434
0.0096030639
0.0094727285
0.0093432152
0.0092149332
0.0090881376
0.0089632096
0.0088404337
0.0087200129
0.008602055
0.0084866833
0.0083740373
0.0082641952
0.0081572072
0.0080530828
0.0079518242
0.0078534216
0.0077578608
0.0076651289
0.007575197
0.0074880072
0.0074035043
0.0073216357
0.0072423442
0.0071655682
0.0070912474
0.0070193165
0.0069497035
0.0068823404
0.0068171618
0.0067541016
0.0066930939
0.0066340736
0.0065769784
0.0065217483
0.006468317
0.0064166233
0.0063666095
0.0063182194
0.0062713977
0.0062260908
0.0061822466
0.0061398151
0.0060987478
0.0060590001
0.0060205251
0.0059832772
0.0059472142
0.0059122957
0.0058784824
0.0058457364
0.0058140207
0.0057833003
0.0057535414
0.0057247107
0.0056967776
0.0056697071
0.0056434667
-0.021479048
-0.021431659
-0.021357339
-0.021229897
-0.021055992
-0.020845147
-0.020601556
-0.02032442
-0.020015914
-0.019677421
-0.019312241
-0.018921407
-0.018507032
-0.01807106
-0.017614856
-0.017140784
-0.016650234
-0.016144553
-0.015625712
-0.015095349
-0.014554616
-0.014004974
-0.013447927
-0.012885005
-0.012317276
-0.011745863
-0.011172
-0.010596871
-0.010021527
-0.0094469886
-0.0088742468
-0.0083041429
-0.0077375192
-0.0071752054
-0.0066179539
-0.0060664648
-0.0055213965
-0.0049833571
-0.0044529084
-0.0039305664
-0.0034168011
-0.0029120478
-0.002416698
-0.0019310892
-0.0014555376
-0.00099032716
-0.00053568287
-9.1795245e-05
0.00034114091
0.00076297921
0.0011736179
0.0015729953
0.0019610346
0.0023376997
0.0027029884
0.0030569377
0.0033995615
0.0037309122
0.0040510703
0.0043601701
0.0046582463
0.0049454353
0.0052219001
0.0054878093
0.0057433088
0.0059884891
0.0062235888
0.0064488302
0.0066644083
0.0068704074
0.0070671145
0.0072547948
0.0074335726
0.0076036416
0.007765329
0.0079188807
0.0080642792
0.0082019011
0.0083321348
0.0084547092
0.0086639943
0.0089352671
0.0091570569
0.009334276
0.0094756925
0.0095856011
0.0096657534
0.0097189619
0.0097482645
0.0097562574
0.0097456971
0.0097184706
0.0096770556
0.0096230859
0.0095585716
0.0094848973
0.0094036835
0.0093161358
0.0092234282
0.009126712
0.0090267038
0.0089243476
0.0088204583
0.008715482
0.0086100338
0.0085046592
0.0083997545
0.008295573
0.008192484
0.0080907709
0.0079906454
0.0078922293
0.0077956579
0.0077010826
0.0076085985
0.0075182761
0.007430145
0.007344228
0.0072605369
0.0071790792
0.0070998629
0.007022881
0.0069480975
0.0068754787
0.0068049932
0.0067366048
0.0066702723
0.0066059553
0.0065436084
0.0064831779
0.006424614
0.0063678689
0.0063128936
0.0062596383
0.0062080535
0.0061580919
0.0061097077
0.0060628482
0.0060174647
0.0059735121
0.0059309458
0.0058897215
0.0058497959
0.0058111271
0.0057736742
0.0057373978
0.0057022618
0.0056682271
0.0056352557
0.0056033122
0.0055723634
0.0055423762
0.0055133186
0.0054851597
0.0054578696
0.00543142
0.0054057825
0.0053809308
0.0053568351
0.0053334638
-0.019226235
-0.019192057
-0.01913603
-0.019033595
-0.018890123
-0.018714234
-0.01850975
-0.018275903
-0.018014509
-0.017726735
-0.017415457
-0.017081551
-0.016726831
-0.016352976
-0.015961144
-0.015553381
-0.015130882
-0.014694792
-0.014246823
-0.013788386
-0.013320466
-0.012844326
-0.012361265
-0.011872614
-0.011379294
-0.010882273
-0.010382622
-0.0098813755
-0.0093794456
-0.0088777228
-0.0083770779
-0.0078782421
-0.0073819523
-0.0068889418
-0.0063998717
-0.0059153594
-0.0054359902
-0.0049623038
-0.0044947999
-0.0040339407
-0.0035801494
-0.0031338177
-0.0026953003
-0.0022649066
-0.0018429268
-0.001429623
-0.0010252078
-0.00062986198
-0.00024377034
0.00013292359
0.00050011513
0.00085773491
0.0012056998
0.0015439628
0.001872507
0.0021913502
0.0025004886
0.0027999525
0.0030897978
0.0033701284
0.0036409623
0.0039024025
0.004154577
0.0043976209
0.0046316509
0.0048567346
0.0050730649
0.0052808241
0.0054801739
0.0056711808
0.0058540797
0.0060290908
0.0061963171
0.006355921
0.0065081755
0.0066532852
0.0067912337
0.0069223374
0.0070469262
0.0071647657
0.007367035
0.0076320567
0.0078533675
0.008035103
0.0081848059
0.00830618
0.0084007205
0.0084708437
0.0085191662
0.0085479398
0.0085595609
0.0085556731
0.0085384452
0.0085093109
0.0084700377
0.0084218558
0.0083662006
0.0083041471
0.0082367498
0.0081650443
0.0080896822
0.0080115205
0.0079313082
0.0078494614
0.0077665496
0.0076830842
0.007599445
0.0075158797
0.0074327424
0.0073503117
0.0072688035
0.0071883492
0.0071090923
0.0070311924
0.0069547578
0.0068798753
0.0068065914
0.0067349463
0.0066649703
0.0065966895
0.0065301296
0.0064653026
0.0064021912
0.00634078
0.0062810558
0.006223
0.0061665887
0.0061117983
0.0060585995
0.0060069542
0.0059568276
0.0059081864
0.0058609954
0.0058152185
0.0057708189
0.0057277618
0.0056860133
0.005645532
0.00560628
0.0055682225
0.005531325
0.0054955529
0.005460872
0.0054272492
0.0053946519
0.0053630488
0.0053324118
0.0053027089
0.005273909
0.0052459836
0.0052189056
0.0051926484
0.0051671859
0.0051424924
0.0051185438
0.0050953166
0.0050727874
0.0050509345
0.0050297329
0.0050091544
-0.017116443
-0.017093171
-0.017052559
-0.016971807
-0.016855123
-0.016710231
-0.016540592
-0.016345474
-0.016126377
-0.015884269
-0.01562163
-0.015339199
-0.015038516
-0.014721016
-0.01438767
-0.014040234
-0.013679723
-0.013307103
-0.012923844
-0.012531153
-0.01212986
-0.01172105
-0.011305834
-0.010885357
-0.010460408
-0.010031811
-0.0096004888
-0.0091673368
-0.0087331387
-0.0082986642
-0.0078646725
-0.0074317924
-0.0070006625
-0.0065719257
-0.0061461572
-0.0057238964
-0.0053056595
-0.004891921
-0.0044831209
-0.0040796702
-0.0036819463
-0.0032902985
-0.0029050451
-0.0025264674
-0.0021548291
-0.0017903695
-0.0014332874
-0.0010837524
-0.00074193781
-0.0004079819
-8.1989841e-05
0.00023596386
0.00054579295
0.00084744227
0.0011408833
0.0014261181
0.0017031288
0.0019719272
0.0022325483
0.0024850693
0.0027294945
0.002965898
0.0031943773
0.0034150379
0.0036279704
0.0038332228
0.0040309477
0.0042212915
0.0044043863
0.0045802822
0.0047491682
0.0049112243
0.005066534
0.0052152315
0.0053575409
0.0054936301
0.005623483
0.0057473624
0.0058655448
0.0059778293
0.0061714928
0.0064276946
0.0066456001
0.0068286448
0.0069832473
0.0071125669
0.0072178641
0.007301193
0.0073647845
0.0074105717
0.0074406192
0.0074563447
0.0074596308
0.0074517246
0.0074341678
0.0074080446
0.0073746169
0.0073348359
0.0072896418
0.0072399597
0.0071863772
0.007129667
0.0070705124
0.0070092981
0.0069465473
0.006882735
0.0068182218
0.0067532464
0.0066881447
0.0066231866
0.006558588
0.0064944855
0.0064310265
0.0063683741
0.0063066455
0.0062459389
0.0061863132
0.0061278215
0.0060705084
0.006014414
0.0059595781
0.0059060276
0.0058537604
0.0058027765
0.0057530776
0.00570466
0.0056575146
0.0056116322
0.0055669976
0.0055235864
0.0054813769
0.0054403489
0.0054004799
0.0053617454
0.0053241206
0.0052875818
0.0052521061
0.005217662
0.0051842216
0.0051517597
0.0051202507
0.0050896687
0.0050599879
0.0050311828
0.0050032288
0.0049761015
0.0049497799
0.0049242386
0.0048994525
0.0048753992
0.0048520573
0.0048294057
0.0048074234
0.0047860898
0.0047653855
0.0047452915
0.0047257888
0.0047068596
0.0046884832
0.0046706339
-0.015154144
-0.015139609
-0.01511168
-0.015049396
-0.014955933
-0.014838143
-0.014699137
-0.014538232
-0.014356642
-0.014155159
-0.013935904
-0.013699488
-0.013447206
-0.013180272
-0.012899491
-0.012606356
-0.012301718
-0.011986382
-0.011661602
-0.011328396
-0.010987458
-0.010639711
-0.010286093
-0.0099275837
-0.0095648492
-0.009198585
-0.0088295775
-0.0084585951
-0.0080863042
-0.0077133636
-0.0073404293
-0.0069680363
-0.0065967325
-0.0062270766
-0.0058595641
-0.0054946614
-0.00513282
-0.0047744527
-0.0044199435
-0.004069654
-0.0037239181
-0.0033830438
-0.0030473139
-0.0027169821
-0.0023922852
-0.0020734395
-0.0017606284
-0.0014540096
-0.0011537432
-0.00085996025
-0.0005727642
-0.00029223217
-1.8450837e-05
0.0002485196
0.000508642
0.0007619057
0.0010082822
0.0012477688
0.0014803831
0.0017061795
0.0019251513
0.0021373486
0.0023428425
0.0025417127
0.0027340277
0.0029198186
0.0030992031
0.0032722963
0.0034392038
0.0035999618
0.0037547191
0.0039036202
0.0040467313
0.0041841613
0.0043160913
0.0044426566
0.0045638416
0.004679861
0.0047909437
0.0048969192
0.0050805035
0.0053254763
0.005537197
0.005718478
0.0058747165
0.0060085753
0.0061211026
0.0062140251
0.0062892232
0.0063483383
0.0063931312
0.0064248119
0.0064449994
0.0064547678
0.0064554496
0.0064479921
0.0064334948
0.006412792
0.0063867152
0.0063560836
0.0063214227
0.0062834231
0.006242703
0.0061996143
0.0061546334
0.0061081975
0.0060606448
0.0060122021
0.0059631844
0.0059138497
0.0058644098
0.0058150028
0.0057657764
0.0057168937
0.0056684767
0.0056206313
0.005573425
0.0055269204
0.0054811726
0.0054362328
0.0053921511
0.005348966
0.0053066877
0.0052653284
0.0052249017
0.005185416
0.0051468739
0.0051092782
0.0050726251
0.0050369013
0.0050020962
0.0049682001
0.0049352009
0.0049030843
0.0048718351
0.0048414391
0.0048118825
0.0047831425
0.0047551996
0.0047280366
0.0047016359
0.0046759791
0.0046510476
0.0046268228
0.0046032868
0.0045804215
0.0045582122
0.0045366394
0.0045156835
0.0044953274
0.0044755551
0.0044563503
0.0044376968
0.0044195786
0.0044019805
0.0043848878
0.0043682856
0.0043521597
0.0043364936
0.0043212642
-0.013341899
-0.013334121
-0.013316342
-0.013269484
-0.013195825
-0.013101382
-0.012988933
-0.012857845
-0.012709089
-0.012543297
-0.012362266
-0.012166495
-0.01195706
-0.011734979
-0.011500906
-0.011256101
-0.011001269
-0.010737073
-0.010464569
-0.010184611
-0.0098977696
-0.0096048225
-0.0093065534
-0.0090037915
-0.0086970946
-0.0083870416
-0.0080742967
-0.0077595125
-0.0074432499
-0.0071260666
-0.0068085246
-0.0064910736
-0.0061741787
-0.0058583211
-0.0055439231
-0.0052313835
-0.0049210938
-0.0046134093
-0.0043086615
-0.0040071654
-0.0037092137
-0.0034150749
-0.0031249976
-0.0028392083
-0.0025579173
-0.0022813177
-0.0020095766
-0.0017428393
-0.0014812511
-0.0012249344
-0.0009739889
-0.00072849196
-0.00048852826
-0.0002541603
-2.5431008e-05
0.0001976392
0.00041501464
0.00062668152
0.00083264348
0.0010329361
0.0012275442
0.0014164985
0.0015998479
0.0017776504
0.0019499555
0.0021167805
0.0022782138
0.0024343431
0.0025852513
0.0027309627
0.0028715918
0.0030072521
0.003137995
0.0032639069
0.0033851314
0.0035017758
0.0036138247
0.003721451
0.0038248412
0.0039238522
0.0040960586
0.0043276408
0.0045306321
0.0047072978
0.0048621173
0.0049973059
0.0051137226
0.0052128008
0.0052961057
0.0053650149
0.005421013
0.0054651208
0.0054987167
0.0055227154
0.0055382571
0.0055461614
0.0055473768
0.005542628
0.0055326433
0.0055181416
0.0054995877
0.0054775933
0.0054527124
0.0054252632
0.005395675
0.0053643458
0.0053315891
0.0052976173
0.0052627219
0.005227146
0.0051910936
0.0051547008
0.0051181123
0.0050814874
0.0050449492
0.0050086075
0.0049725351
0.0049368002
0.0049014655
0.0048665892
0.0048322288
0.0047984315
0.0047652166
0.0047326058
0.0047006218
0.0046692827
0.0046386005
0.0046085874
0.004579249
0.0045505813
0.0045225826
0.0044952522
0.0044685867
0.0044425801
0.0044172256
0.0043925168
0.0043684477
0.0043450031
0.0043221705
0.0042999399
0.0042783002
0.0042572396
0.0042367457
0.004216806
0.0041974082
0.0041785399
0.0041601917
0.0041423493
0.0041249978
0.004108125
0.0040917193
0.0040757689
0.0040602615
0.0040451854
0.0040305292
0.0040162818
0.0040024317
0.0039889683
0.0039758786
0.0039631418
-0.011680297
-0.011677523
-0.01166761
-0.011633366
-0.011576307
-0.011501665
-0.011411902
-0.01130644
-0.011186039
-0.011051195
-0.010903416
-0.0107431
-0.010571133
-0.010388358
-0.010195299
-0.0099930082
-0.0097820632
-0.009563
-0.0093367035
-0.0091038786
-0.0088649882
-0.008620682
-0.0083716072
-0.0081184581
-0.0078616967
-0.0076017988
-0.0073393193
-0.0070748072
-0.0068087289
-0.0065415515
-0.0062737519
-0.0060057032
-0.005737796
-0.0054704409
-0.0052039934
-0.004938791
-0.0046751695
-0.0044134318
-0.0041538604
-0.0038967271
-0.0036422858
-0.0033907678
-0.0031423889
-0.0028973496
-0.0026558343
-0.0024180131
-0.0021840364
-0.0019540362
-0.0017281429
-0.0015064686
-0.0012891073
-0.001076135
-0.00086763209
-0.000663661
-0.00046426787
-0.00026948009
-7.9337543e-05
0.00010613812
0.00028693999
0.00046308813
0.00063456192
0.00080137629
0.0009635624
0.0011211602
0.0012742032
0.0014226985
0.0015667095
0.0017063014
0.0018415372
0.0019724317
0.0020990705
0.0022215409
0.0023398812
0.0024541588
0.0025644853
0.0026709436
0.0027735191
0.0028723483
0.0029675809
0.0030590982
0.0032188548
0.0034352083
0.0036272388
0.0037967379
0.0039473708
0.004080954
0.0041981804
0.0043002238
0.0043883698
0.004463759
0.0045276282
0.0045808278
0.0046245177
0.004659468
0.0046866432
0.0047067447
0.0047205818
0.0047287773
0.0047319623
0.0047307611
0.0047255802
0.0047169556
0.0047053787
0.0046911336
0.0046746028
0.0046561446
0.0046360458
0.0046145023
0.0045917804
0.0045681056
0.0045436715
0.0045186088
0.0044930564
0.0044671668
0.0044410612
0.0044148497
0.0043886074
0.0043624053
0.00433631
0.0043103844
0.0042846902
0.00425928
0.00423418
0.0042094184
0.0041850248
0.0041610242
0.0041374356
0.0041142786
0.0040915658
0.0040693003
0.0040474879
0.0040261345
0.0040052437
0.0039848164
0.0039648522
0.0039453514
0.0039263143
0.0039077318
0.0038895973
0.0038719066
0.0038546544
0.0038378341
0.0038214386
0.0038054606
0.0037898926
0.0037747271
0.0037599592
0.0037455789
0.0037315757
0.0037179414
0.0037046684
0.0036917484
0.0036791733
0.0036669344
0.0036550239
0.0036434339
0.0036321562
0.003621183
0.0036105044
0.0036001025
-0.010167985
-0.010168712
-0.01016466
-0.010140492
-0.010097098
-0.010038978
-0.0099682997
-0.0098845414
-0.0097882885
-0.0096799178
-0.0095606815
-0.0094308952
-0.0092912763
-0.009142516
-0.0089850289
-0.0088196817
-0.0086469427
-0.0084672393
-0.0082813043
-0.0080897135
-0.0078928367
-0.0076912108
-0.0074853639
-0.0072758711
-0.0070631105
-0.0068474681
-0.0066294021
-0.0064093698
-0.006187754
-0.0059649417
-0.0057413334
-0.0055172348
-0.0052929695
-0.0050688851
-0.0048452767
-0.0046224265
-0.0044006201
-0.0041801122
-0.0039611407
-0.0037439379
-0.0035287214
-0.0033156878
-0.0031050225
-0.0028969008
-0.0026914825
-0.0024889154
-0.0022893329
-0.0020928536
-0.0018995924
-0.0017096505
-0.001523115
-0.0013400584
-0.0011605555
-0.00098466654
-0.0008124386
-0.00064390359
-0.00047910295
-0.00031806335
-0.00016079925
-7.3027359e-06
0.00014240222
0.00028831882
0.00043046411
0.00056886338
0.0007035377
0.00083448606
0.00096175206
0.0010853819
0.0012054222
0.0013218803
0.0014348181
0.0015443006
0.0016503558
0.0017530346
0.0018524215
0.0019485796
0.0020414948
0.0021312727
0.0022180315
0.0023016739
0.0024481761
0.0026478483
0.0028270645
0.0029872132
0.0031312464
0.0032606309
0.0033759154
0.0034780475
0.003568067
0.0036469052
0.0037155787
0.003774786
0.0038254912
0.003868334
0.0039041205
0.0039334433
0.0039569853
0.0039752746
0.0039888521
0.0039982535
0.0040038301
0.004006046
0.0040053318
0.004001938
0.0039962012
0.0039884397
0.0039789127
0.0039677976
0.0039553345
0.0039417296
0.0039271629
0.003911758
0.003895645
0.0038789676
0.0038618418
0.0038443753
0.0038266428
0.0038087156
0.0037906615
0.0037725451
0.0037544299
0.0037363716
0.0037184005
0.0037005494
0.0036828523
0.0036653389
0.0036480333
0.0036309601
0.0036141373
0.0035975735
0.0035812797
0.0035652673
0.0035495451
0.0035341193
0.0035189948
0.0035041768
0.0034896708
0.0034754724
0.0034615803
0.0034479946
0.0034347146
0.0034217383
0.0034090628
0.003396685
0.0033846016
0.0033728088
0.0033613057
0.0033500859
0.0033391425
0.0033284706
0.0033180661
0.0033079239
0.0032980388
0.0032884054
0.0032790186
0.0032698732
0.0032609639
0.0032522852
0.0032438303
0.0032355833
-0.0088017431
-0.0088047285
-0.008804832
-0.0087885088
-0.0087561486
-0.0087115848
-0.0086567088
-0.0085910586
-0.0085150735
-0.0084290319
-0.0083339641
-0.0082301143
-0.008118057
-0.0079983529
-0.0078713224
-0.0077376738
-0.0075977807
-0.0074519785
-0.0073008679
-0.0071449132
-0.0069844055
-0.0068197832
-0.0066514721
-0.006479943
-0.0063055019
-0.0061284571
-0.0059491826
-0.0057680556
-0.0055853857
-0.0054014901
-0.0052167015
-0.0050312667
-0.0048454506
-0.0046595443
-0.0044737899
-0.00428842
-0.0041036751
-0.0039197669
-0.003736893
-0.0035552494
-0.0033750209
-0.0031963722
-0.0030194605
-0.0028444374
-0.0026714395
-0.0025005932
-0.0023320154
-0.0021658114
-0.0020020807
-0.0018409129
-0.0016823874
-0.0015265719
-0.0013735343
-0.001223331
-0.0010760083
-0.00093160045
-0.0007901483
-0.00065168105
-0.0005162181
-0.00038376072
-0.00025433426
-0.00012794392
-4.5833598e-06
0.00011576126
0.00023310128
0.00034743021
0.00045877581
0.00056716922
0.0006726435
0.00077520054
0.00087488295
0.00097173786
0.0010657846
0.0011570606
0.0012456282
0.0013315336
0.0014147641
0.0014953993
0.0015735305
0.0016490795
0.0017818175
0.0019637849
0.0021287595
0.002277793
0.002413222
0.0025362107
0.0026471856
0.0027468991
0.0028361789
0.0029157734
0.0029865061
0.0030489421
0.003103872
0.0031518196
0.0031934492
0.0032292555
0.0032598066
0.0032855449
0.0033069277
0.0033244091
0.0033382884
0.0033489625
0.0033568041
0.0033620307
0.0033649346
0.0033657948
0.0033648421
0.0033622348
0.0033581859
0.0033528812
0.0033464855
0.0033391128
0.0033308829
0.0033219284
0.0033123582
0.0033022753
0.0032917513
0.0032808557
0.0032696552
0.0032582139
0.0032465948
0.0032348542
0.0032230248
0.0032111415
0.003199241
0.0031873556
0.0031755126
0.0031637397
0.0031520586
0.0031404815
0.0031290234
0.0031176994
0.0031065222
0.0030955017
0.0030846468
0.0030739664
0.0030634699
0.0030531567
0.0030430291
0.0030330912
0.0030233456
0.0030137938
0.0030044365
0.0029952738
0.0029863057
0.0029775316
0.0029689537
0.0029605686
0.0029523722
0.0029443627
0.0029365384
0.0029288972
0.0029214363
0.0029141528
0.0029070441
0.0029001072
0.0028933392
0.0028867367
0.0028802952
0.0028740013
-0.007576643
-0.0075809001
-0.0075837554
-0.0075733675
-0.0075497399
-0.0075161052
-0.0074741031
-0.0074233291
-0.0073641045
-0.0072966275
-0.0072217376
-0.0071396201
-0.0070507292
-0.0069555144
-0.0068542185
-0.006747414
-0.0066353948
-0.0065184195
-0.0063969755
-0.0062714324
-0.0061420149
-0.0060090778
-0.0058729593
-0.0057340406
-0.0055925662
-0.0054487785
-0.0053029793
-0.005155476
-0.0050065159
-0.0048563551
-0.0047052679
-0.0045534498
-0.0044011152
-0.0042485053
-0.0040958156
-0.0039432357
-0.0037909658
-0.0036391794
-0.0034880385
-0.0033377066
-0.0031883387
-0.0030400707
-0.0028930341
-0.0027473588
-0.0026031594
-0.0024605429
-0.0023196099
-0.0021804528
-0.0020431563
-0.0019077982
-0.0017744497
-0.0016431729
-0.0015140277
-0.0013870658
-0.0012623311
-0.0011398585
-0.0010196864
-0.00090184476
-0.00078635559
-0.00067322677
-0.00056248343
-0.00045413629
-0.00034818676
-0.00024462963
-0.00014346082
-4.4690204e-05
5.1697878e-05
0.00014572278
0.00023740678
0.00032674787
0.00041377376
0.00049851715
0.00058099066
0.00066122072
0.00073925164
0.00081511657
0.00088880379
0.00096037192
0.0010298899
0.001097296
0.0012160679
0.001379759
0.0015295195
0.0016661249
0.0017913896
0.0019062203
0.0020109418
0.0021061408
0.0021924643
0.002270504
0.002340916
0.0024041504
0.0024608453
0.0025114235
0.0025564243
0.0025962547
0.0026313806
0.0026621671
0.0026889958
0.002712246
0.0027321692
0.0027491
0.0027633565
0.002775125
0.0027846553
0.0027921888
0.0027979276
0.0028020108
0.0028046246
0.0028059335
0.0028060858
0.0028051846
0.0028033383
0.0028006667
0.0027972703
0.0027932448
0.0027886578
0.0027835747
0.0027780595
0.0027721737
0.0027659779
0.0027595274
0.0027528552
0.0027459971
0.0027389902
0.002731868
0.0027246592
0.0027173934
0.0027100939
0.0027027756
0.0026954558
0.002688152
0.0026808793
0.0026736505
0.0026664769
0.0026593702
0.0026523423
0.0026453956
0.0026385352
0.0026317677
0.0026250985
0.0026185317
0.0026120706
0.0026057178
0.0025994759
0.0025933468
0.0025873348
0.0025814391
0.002575658
0.0025699918
0.0025644411
0.0025590057
0.0025536851
0.0025484783
0.0025433846
0.0025384031
0.0025335325
0.0025287714
0.0025241171
0.0025195584
-0.0064862524
-0.0064910358
-0.0064955303
-0.0064894878
-0.0064726274
-0.0064476481
-0.0064159611
-0.0063772173
-0.0063316448
-0.0062793779
-0.0062210943
-0.0061569314
-0.006087244
-0.0060123883
-0.0059325442
-0.0058481693
-0.0057594917
-0.005666707
-0.0055702065
-0.0054702805
-0.0053670993
-0.0052609468
-0.0051520877
-0.0050408272
-0.0049273583
-0.0048118683
-0.0046945975
-0.0045757939
-0.004455652
-0.0043343762
-0.0042121896
-0.0040892451
-0.0039657133
-0.0038417925
-0.003717638
-0.0035934019
-0.0034692493
-0.0033453205
-0.0032217462
-0.003098661
-0.0029761937
-0.0028544547
-0.002733552
-0.0026135959
-0.0024946813
-0.0023768968
-0.0022603281
-0.0021450552
-0.0020311487
-0.0019186753
-0.0018076973
-0.0016982707
-0.0015904473
-0.0014842732
-0.001379789
-0.0012770284
-0.0011760267
-0.0010768127
-0.00097940934
-0.00088382895
-0.00079009517
-0.00069822192
-0.00060821585
-0.00052007792
-0.0004338092
-0.00034942125
-0.0002669073
-0.00018625687
-0.00010745607
-3.0509381e-05
4.4599642e-05
0.00011789248
0.00018937667
0.00025906993
0.00032700245
0.00039319704
0.00045764341
0.00052038315
0.00058146703
0.00064084713
0.00074575715
0.00089105341
0.0010250892
0.0011484182
0.0012624198
0.0013677856
0.0014647571
0.0015537829
0.0016353592
0.0017099447
0.0017780535
0.0018400375
0.0018964038
0.0019474876
0.0019937198
0.0020354302
0.0020729949
0.0021067106
0.0021368909
0.0021638479
0.0021877898
0.0022089944
0.0022277291
0.0022441508
0.0022584702
0.0022708924
0.0022815921
0.0022906891
0.0022983436
0.0023046988
0.0023098859
0.0023139964
0.0023171262
0.0023193819
0.002320854
0.00232163
0.0023217717
0.0023213393
0.0023203926
0.002318989
0.0023171854
0.0023150342
0.0023125677
0.0023098207
0.0023068298
0.002303628
0.0023002441
0.0022967079
0.0022930434
0.0022892668
0.0022853966
0.0022814513
0.0022774476
0.0022733997
0.0022693206
0.0022652236
0.002261122
0.0022570206
0.0022529261
0.002248847
0.0022447906
0.0022407628
0.0022367687
0.0022328129
0.0022288996
0.0022250327
0.0022212181
0.0022174568
0.002213749
0.0022100966
0.0022065018
0.0022029663
0.0021994909
0.0021960763
0.0021927233
0.0021894325
0.0021862041
0.0021830379
0.002179933
0.0021768802
-0.0055228923
-0.0055276722
-0.0055329624
-0.0055299806
-0.0055182494
-0.0055000009
-0.0054764409
-0.0054472724
-0.0054126514
-0.0053726631
-0.0053278493
-0.0052783101
-0.0052243184
-0.005166154
-0.0051039464
-0.005038058
-0.0049686628
-0.0048959059
-0.0048200983
-0.0047414651
-0.0046601322
-0.0045763248
-0.0044902469
-0.0044021398
-0.0043121541
-0.0042204318
-0.0041271618
-0.0040325422
-0.0039367233
-0.003839866
-0.0037421503
-0.0036436932
-0.0035446286
-0.0034451178
-0.0033452822
-0.0032452419
-0.0031451319
-0.0030450638
-0.0029451413
-0.0028454741
-0.0027461677
-0.0026473101
-0.0025489892
-0.0024512973
-0.0023543116
-0.0022581045
-0.0021627477
-0.0020683096
-0.0019748481
-0.001882419
-0.0017910761
-0.001700869
-0.0016118415
-0.0015240335
-0.0014374815
-0.0013522175
-0.0012682727
-0.0011856734
-0.0011044424
-0.0010245945
-0.00094615108
-0.00086912736
-0.0007935332
-0.00071937371
-0.00064665337
-0.00057538406
-0.00050556523
-0.00043719284
-0.0003702593
-0.00030477039
-0.00024071786
-0.00017808869
-0.00011687905
-5.7077899e-05
1.3341522e-06
5.837206e-05
0.00011402709
0.00016832748
0.00022130942
0.0002729367
0.00036437699
0.00049159178
0.000609839
0.0007194994
0.00082159621
0.00091664496
0.0010048206
0.0010864589
0.001161932
0.0012315887
0.0012958239
0.0013549076
0.0014092356
0.0014590689
0.001504746
0.0015465296
0.001584718
0.0016195487
0.0016512751
0.0016801499
0.0017063426
0.00173008
0.0017515837
0.0017709835
0.0017884539
0.0018041669
0.0018182706
0.0018308666
0.0018420902
0.0018520641
0.0018609022
0.0018686842
0.0018754934
0.0018814228
0.0018865522
0.0018909601
0.0018947016
0.001897831
0.0019004026
0.0019024689
0.0019040817
0.0019052897
0.0019061233
0.0019066153
0.0019068004
0.0019067101
0.0019063724
0.0019058159
0.0019050644
0.0019041344
0.0019030444
0.0019018134
0.0019004582
0.0018989937
0.0018974337
0.0018957922
0.0018940833
0.0018923129
0.001890489
0.001888621
0.0018867175
0.0018847854
0.001882831
0.0018808603
0.0018788785
0.0018768908
0.0018749042
0.001872921
0.0018709426
0.0018689723
0.0018670134
0.0018650687
0.0018631402
0.0018612299
0.0018593395
0.0018574708
0.001855625
0.0018538032
0.0018520055
0.0018502246
-0.0046779228
-0.0046823525
-0.0046878309
-0.0046869039
-0.0046789709
-0.0046658607
-0.0046485963
-0.0046269288
-0.0046009596
-0.0045707374
-0.0045366916
-0.0044988933
-0.0044575499
-0.004412879
-0.0043649707
-0.0043141092
-0.0042604257
-0.0042040248
-0.0041451519
-0.0040839785
-0.004020596
-0.0039551809
-0.0038878882
-0.0038189065
-0.0037483515
-0.0036763289
-0.0036029855
-0.0035284777
-0.0034529194
-0.003376436
-0.0032991709
-0.0032212119
-0.0031426626
-0.0030636529
-0.0029842759
-0.0029046252
-0.0028248096
-0.0027449168
-0.0026650278
-0.0025852306
-0.0025056108
-0.0024262374
-0.0023471804
-0.0022685164
-0.0021903073
-0.002112611
-0.0020354867
-0.0019589921
-0.0018831736
-0.0018080771
-0.0017337484
-0.0016602305
-0.0015875595
-0.0015157693
-0.0014448921
-0.0013749572
-0.001305991
-0.0012380174
-0.0011710574
-0.0011051272
-0.0010402453
-0.00097642681
-0.00091368327
-0.0008520223
-0.00079145034
-0.00073197869
-0.00067361082
-0.00061634708
-0.00056018447
-0.0005051292
-0.00045117866
-0.00039832597
-0.00034656986
-0.00029590426
-0.00024631779
-0.00019780121
-0.0001503617
-0.00010398121
-5.8634928e-05
-1.4349468e-05
6.4270289e-05
0.00017410712
0.00027691385
0.00037293973
0.0004629231
0.00054723826
0.00062600835
0.00069947865
0.00076792153
0.00083159641
0.00089080041
0.00094573637
0.00099670726
0.0010439126
0.0010876129
0.0011280142
0.0011653487
0.0011998028
0.0012315782
0.0012608756
0.0012878308
0.0013126259
0.0013354412
0.0013563824
0.0013755916
0.0013932103
0.0014093622
0.0014241315
0.001437631
0.0014499635
0.0014612263
0.0014714874
0.0014808177
0.001489297
0.0014969943
0.0015039782
0.0015102971
0.0015159987
0.0015211312
0.0015257415
0.0015298759
0.0015335783
0.0015368764
0.0015398005
0.0015423823
0.0015446511
0.0015466331
0.0015483551
0.0015498398
0.0015511031
0.0015521628
0.0015530375
0.0015537435
0.0015542957
0.0015547078
0.0015549937
0.0015551677
0.0015552362
0.0015552078
0.0015550924
0.0015548989
0.0015546349
0.0015543074
0.0015539229
0.0015534874
0.0015530067
0.0015524886
0.001551936
0.0015513513
0.0015507386
0.001550102
0.0015494448
0.0015487701
0.0015480805
0.0015473786
0.0015466668
0.0015459472
0.0015452216
0.001544491
0.0015437498
-0.0039420407
-0.0039459215
-0.0039511784
-0.0039515452
-0.0039463564
-0.0039370964
-0.0039246271
-0.003908743
-0.003889506
-0.0038669378
-0.0038413764
-0.0038128709
-0.0037815769
-0.003747662
-0.0037111868
-0.0036723719
-0.0036313145
-0.0035880886
-0.0035428856
-0.0034958346
-0.003447
-0.0033965192
-0.0033445078
-0.0032911113
-0.0032364181
-0.0031805048
-0.003123484
-0.0030654779
-0.0030065716
-0.0029468611
-0.0028864597
-0.0028254318
-0.0027638562
-0.0027018366
-0.0026394431
-0.0025767473
-0.0025138364
-0.0024507778
-0.0023876336
-0.002324474
-0.0022613673
-0.0021983664
-0.0021355265
-0.0020729104
-0.0020105666
-0.0019485407
-0.0018868808
-0.0018256353
-0.0017648401
-0.0017045325
-0.0016447506
-0.0015855313
-0.0015269037
-0.0014688957
-0.0014115351
-0.0013548482
-0.0012988569
-0.0012435816
-0.0011890415
-0.0011352529
-0.0010822311
-0.0010299904
-0.00097854257
-0.00092789662
-0.00087805987
-0.0008290424
-0.00078085001
-0.00073348583
-0.00068695002
-0.00064124861
-0.00059638261
-0.00055234939
-0.00050914933
-0.00046677992
-0.00042523548
-0.0003845108
-0.0003446115
-0.00030552712
-0.00026724147
-0.00022977348
-0.00016311129
-6.9617781e-05
1.8454709e-05
0.00010125866
0.00017930977
0.00025287168
0.0003220283
0.00038695383
0.0004478424
0.00050488224
0.00055829171
0.00060821991
0.00065489383
0.00069846282
0.00073912352
0.00077703412
0.00081237211
0.00084528112
0.00087591837
0.00090444081
0.00093095501
0.00095560451
0.00097853352
0.0009998265
0.0010195971
0.0010379596
0.0010550154
0.0010708334
0.0010855053
0.0010991162
0.0011117475
0.0011234559
0.0011343009
0.0011443493
0.0011536597
0.0011622911
0.0011702849
0.001177682
0.0011845244
0.001190853
0.0011967083
0.0012021288
0.0012071394
0.001211767
0.00121604
0.001219985
0.0012236255
0.0012269863
0.001230088
0.0012329455
0.0012355755
0.0012379953
0.0012402204
0.0012422648
0.0012441417
0.0012458646
0.0012474469
0.0012488954
0.0012502188
0.0012514267
0.001252528
0.0012535305
0.0012544413
0.0012552672
0.0012560144
0.001256689
0.0012572989
0.0012578475
0.0012583378
0.0012587741
0.0012591611
0.0012595025
0.0012598018
0.001260062
0.0012602862
0.0012604774
0.0012606381
0.0012607704
0.0012608762
0.0012609511
-0.0033055727
-0.0033088185
-0.003313604
-0.0033147105
-0.0033114524
-0.003305024
-0.0032961463
-0.0032846524
-0.0032705758
-0.00325392
-0.0032349489
-0.0032136955
-0.0031902751
-0.0031648157
-0.0031373562
-0.0031080661
-0.0030770167
-0.0030442585
-0.0030099398
-0.0029741564
-0.0029369522
-0.0028984332
-0.0028586843
-0.0028178164
-0.0027758963
-0.0027329783
-0.0026891474
-0.0026444985
-0.0025990936
-0.0025530054
-0.0025063225
-0.002459091
-0.0024113698
-0.0023632411
-0.0023147565
-0.0022659698
-0.0022169502
-0.0021677488
-0.0021184123
-0.0020689958
-0.0020195532
-0.0019701245
-0.0019207522
-0.0018714873
-0.0018223673
-0.0017734273
-0.0017247057
-0.0016762425
-0.0016280652
-0.001580203
-0.0015326875
-0.0014855499
-0.0014388125
-0.0013924984
-0.0013466307
-0.0013012327
-0.0012563218
-0.0012119152
-0.0011680298
-0.0011246809
-0.0010818811
-0.0010396431
-0.00099797811
-0.00095689554
-0.00091640289
-0.00087650863
-0.00083721962
-0.00079854057
-0.00076047371
-0.00072302441
-0.00068619582
-0.00064998807
-0.00061440248
-0.00057943899
-0.00054509578
-0.00051137028
-0.00047826672
-0.00044578002
-0.00041390038
-0.00038264071
-0.00032691003
-0.00024846563
-0.00017413004
-0.00010381925
-3.7187079e-05
2.5945594e-05
8.5633878e-05
0.0001419975
0.00019517066
0.00024528624
0.00029250061
0.0003369208
0.00037871287
0.00041798624
0.00045488599
0.00048953127
0.00052205479
0.00055256506
0.00058118235
0.00060802681
0.00063318066
0.00065675483
0.00067886246
0.00069956981
0.00071896605
0.00073714184
0.00075417864
0.00077013172
0.00078507447
0.00079907569
0.00081220218
0.00082450063
0.00083601966
0.00084681427
0.00085693324
0.00086642615
0.00087532763
0.0008836723
0.00089149579
0.00089883296
0.00090571836
0.00091218534
0.00091825533
0.00092395183
0.00092929977
0.00093432237
0.00093904057
0.00094347624
0.00094764793
0.00095156908
0.00095525482
0.00095872077
0.00096198118
0.00096504892
0.0009679361
0.00097065524
0.00097321888
0.00097563361
0.00097790761
0.00098005012
0.00098206963
0.00098397365
0.00098576913
0.00098746263
0.00098906047
0.0009905685
0.00099199436
0.0009933418
0.00099461401
0.00099581546
0.00099695074
0.00099802386
0.00099903841
0.00099999771
0.001000905
0.0010017635
0.0010025758
0.0010033446
0.0010040718
0.0010047544
-0.0027587481
-0.0027613526
-0.0027655387
-0.0027669985
-0.0027650599
-0.0027606751
-0.0027544435
-0.0027462313
-0.0027360528
-0.0027238998
-0.0027099766
-0.002694305
-0.0026769692
-0.0026580665
-0.0026376199
-0.0026157588
-0.0025925347
-0.002567981
-0.0025422116
-0.0025152964
-0.0024872645
-0.0024581972
-0.0024281553
-0.0023972228
-0.0023654495
-0.0023328727
-0.0022995561
-0.0022655724
-0.0022309662
-0.0021957914
-0.002160117
-0.0021239749
-0.0020874084
-0.0020504823
-0.0020132335
-0.0019757017
-0.0019379415
-0.0018999909
-0.0018618843
-0.0018236644
-0.0017853736
-0.001747041
-0.0017086988
-0.0016703884
-0.001632138
-0.0015939739
-0.0015559265
-0.0015180287
-0.0014803006
-0.0014427649
-0.0014054471
-0.0013683732
-0.0013315603
-0.0012950264
-0.0012587909
-0.0012228737
-0.0011872882
-0.0011520486
-0.0011171691
-0.0010826642
-0.0010485434
-0.0010148176
-0.00098149705
-0.00094859087
-0.0009161062
-0.00088404981
-0.00085242873
-0.00082124836
-0.00079051211
-0.00076022455
-0.00073038976
-0.00070100955
-0.00067208571
-0.00064361971
-0.00061561218
-0.00058806219
-0.00056097272
-0.00053434238
-0.0005081659
-0.00048245161
-0.00043651895
-0.00037164847
-0.00030983698
-0.00025104672
-0.00019505683
-0.00014175092
-9.1094323e-05
-4.3007964e-05
2.5977115e-06
4.5813612e-05
8.6748437e-05
0.00012547713
0.00016211797
0.00019674931
0.0002294756
0.00026038469
0.00028957356
0.0003171225
0.00034312159
0.00036766092
0.00039080271
0.00041263097
0.00043323263
0.00045265879
0.00047097801
0.00048826076
0.00050457128
0.00051995306
0.00053446364
0.00054815764
0.00056108881
0.00057329472
0.00058481446
0.00059569236
0.0006059682
0.0006156828
0.00062486459
0.00063354216
0.00064174515
0.00064950264
0.00065684352
0.00066379592
0.00067037799
0.00067660973
0.00068251245
0.00068810605
0.00069340862
0.0006984391
0.00070321365
0.00070774409
0.00071204374
0.00071612639
0.00072000467
0.00072369008
0.00072719349
0.00073052612
0.00073369928
0.00073671911
0.00073959314
0.00074232983
0.00074493703
0.00074742171
0.00074979036
0.00075204918
0.0007542041
0.0007562607
0.00075822607
0.00076010397
0.00076189759
0.00076361127
0.00076524947
0.00076681611
0.00076831475
0.00076974871
0.00077112128
0.00077243553
0.00077369431
0.0007749002
0.00077605544
0.00077715795
-0.0022919436
-0.0022939527
-0.0022974989
-0.0022990569
-0.0022979912
-0.0022950541
-0.0022907407
-0.0022849454
-0.0022776701
-0.0022688995
-0.002258791
-0.0022473582
-0.0022346622
-0.0022207764
-0.0022057128
-0.0021895694
-0.0021723831
-0.0021541747
-0.0021350315
-0.0021150036
-0.0020941093
-0.0020724106
-0.0020499505
-0.0020267915
-0.0020029707
-0.0019785129
-0.0019534652
-0.0019278829
-0.0019017972
-0.0018752477
-0.0018482878
-0.0018209385
-0.0017932313
-0.0017652168
-0.0017369209
-0.0017083721
-0.0016796133
-0.0016506721
-0.0016215734
-0.0015923499
-0.0015630345
-0.001533648
-0.0015042145
-0.0014747668
-0.001445326
-0.0014159114
-0.0013865466
-0.0013572583
-0.0013280608
-0.0012989714
-0.0012700103
-0.0012411992
-0.0012125503
-0.0011840777
-0.001155797
-0.0011277253
-0.0010998726
-0.0010722499
-0.0010448692
-0.0010177435
-0.00099088
-0.00096428735
-0.00093797473
-0.00091195055
-0.00088622129
-0.00086079202
-0.0008356694
-0.00081085888
-0.00078636445
-0.00076218979
-0.00073833917
-0.00071481525
-0.00069161992
-0.00066875558
-0.00064622423
-0.00062402586
-0.00060216239
-0.00058063476
-0.00055944084
-0.0005385856
-0.00050126494
-0.00044839252
-0.00039775577
-0.00034934619
-0.00030303256
-0.0002587436
-0.00021645861
-0.00017612796
-0.00013769438
-0.00010109791
-6.6265531e-05
-3.3146173e-05
-1.6581289e-06
2.8253383e-05
5.6661589e-05
8.3629756e-05
0.00010922702
0.00013351155
0.00015654931
0.0001784063
0.00019912879
0.00021877899
0.00023742226
0.0002550973
0.00027185577
0.00028775132
0.00030283355
0.00031713609
0.00033070316
0.00034357721
0.00035580061
0.00036740305
0.00037841531
0.00038887244
0.00039880617
0.00040824943
0.00041722512
0.00042575633
0.00043386721
0.00044158154
0.00044892292
0.00045591457
0.00046257154
0.00046891048
0.00047494917
0.00048070431
0.00048619113
0.00049142566
0.00049642164
0.0005011892
0.00050573979
0.00051008524
0.00051423649
0.00051820352
0.00052199582
0.00052562319
0.00052909553
0.00053241838
0.00053559845
0.00053864327
0.00054155985
0.00054435447
0.00054703299
0.00054960105
0.00055206403
0.00055442705
0.00055669652
0.00055887598
0.00056096848
0.00056297809
0.00056490894
0.00056676472
0.0005685488
0.00057026434
0.00057191447
0.00057350213
0.00057503006
0.0005765008
0.00057791658
0.00057927612
-0.0018958788
-0.0018973675
-0.0019002921
-0.0019017913
-0.0019012809
-0.0018993502
-0.0018964054
-0.0018923645
-0.001887222
-0.0018809587
-0.0018736952
-0.00186544
-0.0018562364
-0.0018461398
-0.001835155
-0.0018233555
-0.0018107675
-0.0017974032
-0.0017833289
-0.0017685801
-0.0017531676
-0.0017371385
-0.0017205224
-0.0017033656
-0.0016856954
-0.0016675276
-0.0016488966
-0.0016298445
-0.0016103921
-0.0015905685
-0.0015704143
-0.0015499432
-0.0015291774
-0.0015081562
-0.0014868971
-0.0014654205
-0.0014437596
-0.0014219342
-0.0013999618
-0.0013778673
-0.0013556759
-0.0013334021
-0.0013110634
-0.0012886861
-0.0012662851
-0.0012438745
-0.0012214723
-0.0011991
-0.0011767676
-0.0011544875
-0.0011322759
-0.0011101504
-0.0010881197
-0.0010661941
-0.0010443864
-0.0010227109
-0.0010011746
-0.00097978604
-0.00095855499
-0.00093749289
-0.00091660476
-0.00089589749
-0.00087537888
-0.00085505643
-0.00083493583
-0.00081502061
-0.00079531672
-0.00077582927
-0.00075656242
-0.00073751895
-0.00071870286
-0.00070011709
-0.00068176345
-0.00066364478
-0.0006457637
-0.00062812063
-0.00061071665
-0.00059355403
-0.00057663269
-0.00055995522
-0.00053005978
-0.00048758336
-0.00044671003
-0.00040744837
-0.00036972875
-0.00033351112
-0.00029878389
-0.00026551811
-0.00023367903
-0.00020322883
-0.00017412049
-0.00014632018
-0.00011977345
-9.4442954e-05
-7.0278858e-05
-4.7236736e-05
-2.5268599e-05
-4.3332244e-06
1.5616502e-05
3.4627824e-05
5.2734508e-05
6.9981556e-05
8.641698e-05
0.00010206962
0.00011697757
0.00013118078
0.00014471677
0.00015761107
0.00016989697
0.0001816068
0.00019277324
0.00020341932
0.00021356884
0.0002232489
0.00023248433
0.00024130111
0.00024971732
0.00025775128
0.00026542224
0.00027274923
0.00027975114
0.0002864467
0.00029284816
0.00029896907
0.00030482395
0.0003104265
0.00031578927
0.00032092549
0.00032584658
0.00033056105
0.00033507847
0.0003394088
0.00034356123
0.00034754425
0.0003513659
0.00035503456
0.00035855864
0.00036194301
0.0003651935
0.00036831661
0.00037131843
0.00037420445
0.00037697983
0.0003796495
0.00038221826
0.00038469061
0.0003870722
0.00038936623
0.00039157553
0.00039370375
0.0003957546
0.00039773143
0.00039963731
0.00040147515
0.00040324781
0.00040495799
0.00040660824
0.00040820091
0.00040973813
0.00041121927
-0.001561787
-0.0015628429
-0.0015652
-0.0015665546
-0.0015663811
-0.0015651371
-0.0015631541
-0.0015603694
-0.0015567734
-0.0015523457
-0.0015471781
-0.0015412756
-0.0015346688
-0.0015273991
-0.0015194668
-0.0015109269
-0.0015017976
-0.0014920854
-0.0014818405
-0.0014710876
-0.0014598323
-0.0014481105
-0.001435942
-0.0014233606
-0.0014103866
-0.0013970294
-0.0013833138
-0.0013692716
-0.0013549164
-0.0013402691
-0.0013253608
-0.0013101994
-0.0012948005
-0.0012791946
-0.0012633931
-0.0012474101
-0.0012312712
-0.0012149904
-0.0011985796
-0.0011820576
-0.0011654438
-0.0011487475
-0.0011319816
-0.0011151667
-0.0010983134
-0.0010814313
-0.0010645342
-0.0010476395
-0.0010307533
-0.0010138848
-0.00099704661
-0.0009802529
-0.00096350937
-0.00094682377
-0.00093020608
-0.00091366821
-0.00089721483
-0.0008808523
-0.00086458848
-0.00084843328
-0.00083238997
-0.00081646378
-0.00080066118
-0.00078498871
-0.00076945119
-0.00075405086
-0.00073879279
-0.00072368155
-0.00070872118
-0.00069391367
-0.00067926245
-0.00066477042
-0.00065043918
-0.00063627169
-0.00062227072
-0.00060843678
-0.00059477028
-0.0005812742
-0.00056794964
-0.00055479762
-0.00053118401
-0.00049754281
-0.00046502891
-0.00043365926
-0.00040340462
-0.00037424574
-0.00034617664
-0.0003191823
-0.00029324309
-0.00026833654
-0.00024443394
-0.00022151351
-0.00019954062
-0.00017849042
-0.00015833012
-0.0001390294
-0.0001205559
-0.00010288107
-8.5972139e-05
-6.9796165e-05
-5.4328916e-05
-3.9538632e-05
-2.5390953e-05
-1.1864698e-05
1.0676154e-06
1.3435066e-05
2.5265382e-05
3.6577666e-05
4.7396443e-05
5.7745816e-05
6.7650434e-05
7.7127835e-05
8.6196086e-05
9.4875719e-05
0.00010318575
0.0001111462
0.00011877113
0.00012607477
0.00013307218
0.00013977824
0.00014620777
0.00015237553
0.00015829132
0.00016396594
0.00016941101
0.00017463749
0.00017965552
0.00018447579
0.00018910757
0.00019355783
0.00019783444
0.00020194554
0.00020589874
0.00020970103
0.00021335911
0.00021687993
0.00022027049
0.00022353496
0.00022667827
0.0002297059
0.00023262301
0.00023543426
0.00023814407
0.00024075667
0.00024327617
0.00024570647
0.00024805236
0.0002503167
0.00025250199
0.00025461143
0.00025664825
0.0002586154
0.00026051559
0.0002623514
0.00026412536
0.00026583989
0.00026749726
0.00026909959
0.00027064883
0.00027214479
-0.0012815091
-0.0012822198
-0.0012840813
-0.0012852529
-0.0012852703
-0.0012844858
-0.0012831685
-0.0012812712
-0.0012787824
-0.0012756822
-0.0012720401
-0.0012678589
-0.0012631599
-0.0012579742
-0.0012522992
-0.0012461758
-0.0012396168
-0.0012326248
-0.0012252377
-0.0012174724
-0.0012093312
-0.0012008415
-0.0011920158
-0.001182879
-0.0011734459
-0.0011637216
-0.0011537239
-0.0011434767
-0.0011329884
-0.001122274
-0.001111357
-0.0011002417
-0.0010889386
-0.0010774716
-0.0010658473
-0.0010540754
-0.0010421758
-0.001030158
-0.0010180298
-0.0010058053
-0.00099349931
-0.00098111769
-0.00096866937
-0.0009561707
-0.00094362891
-0.00093105047
-0.00091844566
-0.00090582838
-0.00089320228
-0.00088057369
-0.00086795245
-0.00085534992
-0.00084276958
-0.00083021697
-0.0008176999
-0.00080522819
-0.00079280466
-0.00078043393
-0.00076812218
-0.00075587792
-0.00074370304
-0.00073160136
-0.00071957811
-0.00070763888
-0.00069578766
-0.00068402568
-0.00067235705
-0.00066078575
-0.00064931552
-0.00063794768
-0.000626685
-0.00061553012
-0.00060448439
-0.00059355068
-0.00058273161
-0.0005720276
-0.00056143862
-0.00055096781
-0.00054061691
-0.00053038598
-0.00051198933
-0.00048571449
-0.00046021663
-0.00043551578
-0.00041160745
-0.00038848536
-0.00036614677
-0.00034458566
-0.0003237921
-0.00030375381
-0.00028445456
-0.00026588076
-0.00024801165
-0.00023083116
-0.00021431851
-0.00019845369
-0.00018321557
-0.0001685848
-0.00015453929
-0.0001410567
-0.00012811989
-0.00011570704
-0.00010379426
-9.2366179e-05
-8.1403403e-05
-7.0885276e-05
-6.0791792e-05
-5.110885e-05
-4.1818756e-05
-3.2903935e-05
-2.4346236e-05
-1.6132509e-05
-8.2492768e-06
-6.8131706e-07
6.5856273e-06
1.3566662e-05
2.0272506e-05
2.671405e-05
3.2902816e-05
3.8850215e-05
4.4567614e-05
5.0066411e-05
5.5354286e-05
6.0439722e-05
6.5331788e-05
7.0039104e-05
7.4569664e-05
7.8931906e-05
8.313321e-05
8.7179199e-05
9.1076183e-05
9.4830699e-05
9.8448859e-05
0.00010193633
0.00010529857
0.0001085412
0.00011166991
0.0001146882
0.00011760013
0.00012041024
0.00012312277
0.0001257416
0.00012827042
0.00013071276
0.00013307207
0.00013535163
0.00013755541
0.00013968586
0.00014174518
0.00014373606
0.00014566127
0.00014752332
0.00014932453
0.00015106713
0.00015275332
0.00015438516
0.00015596464
0.00015749361
0.00015897379
0.00016040531
-0.0010476032
-0.0010480503
-0.0010494945
-0.0010504761
-0.001050591
-0.0010501088
-0.0010492461
-0.0010479682
-0.0010462633
-0.0010441129
-0.0010415692
-0.0010386339
-0.0010353215
-0.0010316554
-0.0010276314
-0.00102328
-0.0010186099
-0.0010136214
-0.0010083431
-0.0010027864
-0.00099695142
-0.00099085899
-0.00098451701
-0.00097794319
-0.00097114873
-0.00096413572
-0.00095691683
-0.00094951003
-0.00094192024
-0.00093415789
-0.00092624099
-0.0009181712
-0.00090995561
-0.00090161257
-0.0008931459
-0.00088456182
-0.00087587575
-0.00086709404
-0.00085822161
-0.00084926902
-0.00084024735
-0.00083116007
-0.00082201332
-0.00081281998
-0.00080358479
-0.00079431192
-0.00078500896
-0.00077568704
-0.00076634795
-0.00075699598
-0.00074763868
-0.00073828516
-0.00072893724
-0.00071959878
-0.00071027583
-0.00070097643
-0.00069170203
-0.00068245585
-0.00067324272
-0.00066406982
-0.00065493804
-0.00064585004
-0.00063680997
-0.00062782253
-0.00061889097
-0.0006100157
-0.00060120002
-0.00059244724
-0.00058376074
-0.0005751413
-0.00056659105
-0.00055811224
-0.00054970598
-0.00054137494
-0.00053312142
-0.00052494568
-0.00051684736
-0.00050882953
-0.00050089417
-0.00049304078
-0.00047889943
-0.00045865603
-0.00043893741
-0.00041976294
-0.00040114213
-0.00038307636
-0.00036556456
-0.00034860617
-0.00033219707
-0.0003163315
-0.00030100138
-0.00028619844
-0.00027191136
-0.00025813
-0.00024484179
-0.00023203404
-0.00021969347
-0.00020780723
-0.00019636096
-0.00018533998
-0.0001747323
-0.00016452338
-0.00015469716
-0.00014524257
-0.00013614622
-0.00012739383
-0.00011897134
-0.00011086845
-0.00010307267
-9.5571374e-05
-8.8351451e-05
-8.1403269e-05
-7.4717065e-05
-6.8281804e-05
-6.2086976e-05
-5.6121452e-05
-5.0377171e-05
-4.4845951e-05
-3.9519147e-05
-3.4388191e-05
-2.9444548e-05
-2.4679627e-05
-2.0087471e-05
-1.5661552e-05
-1.1394928e-05
-7.2809698e-06
-3.3134933e-06
5.1401648e-07
4.2073068e-06
7.770842e-06
1.1209586e-05
1.452867e-05
1.7732913e-05
2.0826811e-05
2.3814691e-05
2.6701025e-05
2.9490328e-05
3.2185464e-05
3.4789753e-05
3.7306822e-05
3.9740104e-05
4.2092752e-05
4.436777e-05
4.6568052e-05
4.869641e-05
5.0755539e-05
5.2748662e-05
5.4677833e-05
5.6544909e-05
5.835214e-05
6.0101806e-05
6.1796e-05
6.3436676e-05
6.5025705e-05
6.6564921e-05
6.8056077e-05
6.9500848e-05
7.0900806e-05
7.2257432e-05
7.3571055e-05
-0.00085332016
-0.00085357267
-0.00085467509
-0.00085547727
-0.00085563206
-0.00085534403
-0.00085478707
-0.00085393587
-0.00085277926
-0.00085130051
-0.00084953901
-0.00084749549
-0.00084517976
-0.00084260936
-0.0008397797
-0.00083671312
-0.00083341573
-0.0008298864
-0.0008261467
-0.00082220403
-0.00081805754
-0.000813723
-0.00080920503
-0.00080451627
-0.00079966513
-0.00079465189
-0.00078948551
-0.00078417947
-0.00077873633
-0.00077316335
-0.00076747422
-0.00076166903
-0.00075575238
-0.00074973852
-0.00074362919
-0.00073742831
-0.00073114784
-0.00072479187
-0.00071836328
-0.00071186995
-0.00070532026
-0.00069871594
-0.00069206114
-0.00068536596
-0.00067863342
-0.000671866
-0.00066506929
-0.00065825217
-0.00065141518
-0.00064456108
-0.00063769567
-0.0006308262
-0.00062395335
-0.00061707972
-0.00061020994
-0.00060335058
-0.0005965021
-0.00058966667
-0.00058284799
-0.00057605211
-0.00056927918
-0.00056253095
-0.00055581068
-0.00054912224
-0.00054246827
-0.00053584859
-0.00052926576
-0.00052272248
-0.00051622174
-0.0005097639
-0.00050335051
-0.00049698343
-0.00049066354
-0.00048439324
-0.00047817445
-0.00047200726
-0.00046589112
-0.0004598288
-0.00045382233
-0.00044787093
-0.00043714027
-0.00042174584
-0.00040669845
-0.0003920155
-0.00037771303
-0.00036379625
-0.00035026482
-0.00033712124
-0.00032436467
-0.00031199323
-0.0003000039
-0.00028839177
-0.00027715165
-0.00026627728
-0.00025576152
-0.00024559672
-0.00023577487
-0.00022628763
-0.00021712607
-0.00020828085
-0.0001997437
-0.0001915052
-0.000183555
-0.00017588515
-0.00016848662
-0.00016134979
-0.0001544651
-0.00014782493
-0.00014142056
-0.0001352431
-0.00012928406
-0.00012353657
-0.00011799305
-0.00011264544
-0.0001074863
-0.0001025078
-9.7703922e-05
-9.306853e-05
-8.859516e-05
-8.427745e-05
-8.0109157e-05
-7.6084048e-05
-7.219762e-05
-6.8444955e-05
-6.4820843e-05
-6.132028e-05
-5.7938566e-05
-5.4670784e-05
-5.1512549e-05
-4.8460361e-05
-4.5510385e-05
-4.2658677e-05
-3.9901515e-05
-3.7235402e-05
-3.4656967e-05
-3.2162736e-05
-2.9749215e-05
-2.7414074e-05
-2.515467e-05
-2.296815e-05
-2.08518e-05
-1.8803111e-05
-1.6819686e-05
-1.4899208e-05
-1.3039425e-05
-1.1238171e-05
-9.4929083e-06
-7.8019403e-06
-6.1637198e-06
-4.5764212e-06
-3.0382008e-06
-1.5473535e-06
-1.0228021e-07
1.2985567e-06
2.6566606e-06
3.9734751e-06
5.2503809e-06
6.4886837e-06
7.6896219e-06
8.8536371e-06
-0.00069270974
-0.00069282649
-0.00069365638
-0.00069429998
-0.00069446246
-0.00069429761
-0.00069394431
-0.0006933846
-0.00069260839
-0.00069160099
-0.00069039187
-0.00068898137
-0.00068737598
-0.00068558891
-0.00068361554
-0.00068147225
-0.00067916332
-0.00067668691
-0.00067405926
-0.00067128509
-0.00066836294
-0.00066530491
-0.00066211337
-0.0006587973
-0.00065536307
-0.00065180991
-0.00064814409
-0.00064437577
-0.00064050596
-0.00063653966
-0.00063248731
-0.00062834805
-0.0006241248
-0.00061982861
-0.00061545991
-0.00061102106
-0.0006065213
-0.00060196319
-0.00059734824
-0.00059268231
-0.00058797173
-0.0005832171
-0.00057842114
-0.0005735918
-0.00056873086
-0.00056383965
-0.00055892227
-0.00055398581
-0.00054902996
-0.00054405645
-0.00053906968
-0.00053407543
-0.00052907361
-0.00052406588
-0.00051905579
-0.00051404868
-0.00050904435
-0.00050404418
-0.00049905099
-0.00049406982
-0.00048910034
-0.00048414363
-0.00047920218
-0.00047427919
-0.00046937674
-0.00046449429
-0.00045963375
-0.0004547973
-0.00044998754
-0.00044520454
-0.00044044933
-0.00043572342
-0.00043102749
-0.00042636365
-0.00042173345
-0.00041713678
-0.00041257305
-0.00040804465
-0.00040355349
-0.00039909874
-0.00039105678
-0.00037949782
-0.00036816356
-0.00035706813
-0.00034622974
-0.00033565529
-0.00032534463
-0.00031530172
-0.00030552727
-0.0002960216
-0.00028678459
-0.00027781336
-0.00026910652
-0.00026066026
-0.00025247085
-0.00024453404
-0.00023684527
-0.00022939916
-0.00022219053
-0.00021521369
-0.0002084629
-0.0002019324
-0.00019561556
-0.00018950766
-0.00018359975
-0.00017789542
-0.000172363
-0.00016711195
-0.00016205051
-0.00015698106
-0.00015205928
-0.00014738846
-0.00014290836
-0.0001385657
-0.00013435639
-0.00013028724
-0.00012635647
-0.00012255693
-0.00011888278
-0.00011533011
-0.00011189506
-0.00010857308
-0.00010536042
-0.00010225325
-9.9247748e-05
-9.6340259e-05
-9.3527304e-05
-9.0805258e-05
-8.8170829e-05
-8.5621288e-05
-8.3153699e-05
-8.0765078e-05
-7.84526e-05
-7.6213601e-05
-7.4045502e-05
-7.1945673e-05
-6.9911487e-05
-6.7941082e-05
-6.6032399e-05
-6.4183243e-05
-6.2391521e-05
-6.0655279e-05
-5.8972642e-05
-5.7341796e-05
-5.5760978e-05
-5.4228483e-05
-5.2742365e-05
-5.1301249e-05
-4.9903864e-05
-4.854876e-05
-4.7234478e-05
-4.595966e-05
-4.4723024e-05
-4.3523333e-05
-4.2359381e-05
-4.1230007e-05
-4.0134094e-05
-3.9070584e-05
-3.8038465e-05
-3.7037255e-05
-0.00056043954
-0.00056046414
-0.00056108078
-0.00056158906
-0.00056174096
-0.00056165143
-0.0005614311
-0.00056106741
-0.00056055153
-0.00055987077
-0.00055904716
-0.00055808086
-0.00055697605
-0.00055574273
-0.00055437651
-0.00055288943
-0.00055128446
-0.00054955949
-0.00054772679
-0.00054578922
-0.00054374511
-0.00054160377
-0.00053936614
-0.00053703854
-0.00053462586
-0.00053212677
-0.00052954565
-0.00052689017
-0.00052416036
-0.00052135968
-0.00051849607
-0.00051556819
-0.00051257782
-0.00050953356
-0.00050643505
-0.00050328357
-0.00050008633
-0.00049684481
-0.00049355965
-0.00049023521
-0.00048687629
-0.00048348276
-0.00048005634
-0.00047660333
-0.00047312464
-0.00046962087
-0.00046609499
-0.00046255265
-0.00045899308
-0.00045541724
-0.00045182849
-0.00044823144
-0.0004446255
-0.00044101169
-0.00043739272
-0.00043377291
-0.00043015164
-0.00042652973
-0.00042290932
-0.00041929459
-0.00041568492
-0.00041208087
-0.00040848437
-0.00040489799
-0.0004013234
-0.00039775983
-0.00039420866
-0.00039067164
-0.00038715099
-0.00038364659
-0.00038015907
-0.00037668961
-0.00037323873
-0.00036980828
-0.00036639942
-0.00036301195
-0.00035964522
-0.0003563013
-0.00035298185
-0.0003496861
-0.00034372954
-0.00033515157
-0.00032671579
-0.00031843372
-0.00031032274
-0.00030238981
-0.00029463474
-0.000287062
-0.0002796729
-0.00027246881
-0.00026545114
-0.00025861816
-0.00025197065
-0.0002455063
-0.00023922343
-0.00023312
-0.00022719354
-0.00022144067
-0.00021585863
-0.00021044415
-0.00020519324
-0.00020010243
-0.00019516817
-0.00019038633
-0.00018575296
-0.00018126429
-0.0001769161
-0.00017270511
-0.00016862726
-0.00016467774
-0.00016085264
-0.00015714916
-0.00015356236
-0.00015009301
-0.00014672777
-0.00014352588
-0.0001405324
-0.00013762875
-0.00013466952
-0.0001316774
-0.0001287789
-0.00012601343
-0.00012338253
-0.00012087118
-0.00011844128
-0.0001160796
-0.00011378917
-0.00011157136
-0.00010942327
-0.00010734164
-0.00010532416
-0.00010336893
-0.000101474
-9.9637321e-05
-9.7856941e-05
-9.6130923e-05
-9.4457336e-05
-9.283467e-05
-9.1261312e-05
-8.9735599e-05
-8.8255942e-05
-8.6820838e-05
-8.5428842e-05
-8.4078554e-05
-8.2768614e-05
-8.1497703e-05
-8.0264367e-05
-7.9067502e-05
-7.7906079e-05
-7.6778965e-05
-7.5685031e-05
-7.4623213e-05
-7.3592502e-05
-7.2591926e-05
-7.1620534e-05
-7.0677411e-05
-6.9761676e-05
-6.8872486e-05
-6.8009036e-05
-6.7170839e-05
-0.00045201556
-0.0004519848
-0.00045243844
-0.00045283611
-0.00045297124
-0.00045292846
-0.00045279539
-0.00045256365
-0.00045222584
-0.00045177113
-0.00045121593
-0.00045056031
-0.00044980691
-0.00044896332
-0.00044802557
-0.00044700247
-0.00044589612
-0.00044470439
-0.00044343656
-0.00044209426
-0.00044067583
-0.00043918846
-0.0004376322
-0.00043601148
-0.00043433009
-0.00043258648
-0.00043078367
-0.00042892747
-0.00042701739
-0.00042505575
-0.00042304865
-0.00042099454
-0.00041889444
-0.00041675508
-0.00041457564
-0.00041235672
-0.00041010396
-0.00040781813
-0.00040549931
-0.00040315077
-0.00040077614
-0.00039837489
-0.00039594806
-0.00039350061
-0.00039103294
-0.00038854515
-0.00038603937
-0.00038352015
-0.00038098645
-0.00037843873
-0.00037587955
-0.00037331258
-0.00037073697
-0.00036815329
-0.00036556358
-0.00036297136
-0.00036037578
-0.00035777726
-0.00035517741
-0.00035257969
-0.00034998332
-0.00034738852
-0.00034479673
-0.00034221006
-0.00033962982
-0.00033705512
-0.00033448695
-0.00033192667
-0.00032937617
-0.00032683524
-0.00032430418
-0.00032178389
-0.00031927479
-0.00031677844
-0.00031429574
-0.00031182635
-0.00030936969
-0.00030692744
-0.00030450106
-0.00030208989
-0.00029772752
-0.00029143617
-0.0002852328
-0.0002791257
-0.0002731305
-0.00026725373
-0.00026149509
-0.0002558589
-0.00025034648
-0.00024495963
-0.00023970041
-0.00023456769
-0.0002295634
-0.00022468611
-0.00021993527
-0.00021531021
-0.00021080975
-0.00020643172
-0.00020217493
-0.00019803765
-0.00019401706
-0.00019011123
-0.00018631846
-0.00018263567
-0.00017906038
-0.00017559033
-0.00017222301
-0.00016895607
-0.00016578535
-0.00016271514
-0.00015973553
-0.00015683666
-0.00015402765
-0.00015130708
-0.00014866911
-0.00014611033
-0.00014362913
-0.00014122355
-0.00013889092
-0.00013662869
-0.00013443475
-0.00013230702
-0.00013024357
-0.00012824247
-0.00012630179
-0.00012442039
-0.00012260074
-0.00012087708
-0.00011925396
-0.00011767745
-0.00011611816
-0.00011458331
-0.00011308868
-0.00011160864
-0.0001101267
-0.00010867714
-0.00010728152
-0.00010593777
-0.00010463837
-0.00010337951
-0.00010216008
-0.00010097901
-9.9834747e-05
-9.8725865e-05
-9.7650679e-05
-9.6610702e-05
-9.5607482e-05
-9.4636701e-05
-9.3693601e-05
-9.2776836e-05
-9.1886385e-05
-9.1021758e-05
-9.0182043e-05
-8.9366372e-05
-8.8574017e-05
-8.78043e-05
-8.7056545e-05
-8.6330089e-05
-8.5624297e-05
-8.4938721e-05
-0.00036333192
-0.0003632674
-0.00036359789
-0.00036390585
-0.00036402036
-0.00036400382
-0.00036392557
-0.00036378016
-0.00036356137
-0.00036326007
-0.00036288845
-0.00036244661
-0.00036193612
-0.00036136278
-0.00036072311
-0.00036002355
-0.0003592656
-0.00035844727
-0.00035757558
-0.00035665137
-0.00035567309
-0.00035464634
-0.00035357067
-0.00035244914
-0.00035128473
-0.00035007585
-0.00034882461
-0.00034753542
-0.00034620749
-0.0003448424
-0.00034344482
-0.00034201321
-0.00034054809
-0.00033905474
-0.00033753212
-0.00033598042
-0.00033440405
-0.00033280334
-0.00033117807
-0.00032953066
-0.00032786389
-0.00032617702
-0.00032447063
-0.00032274867
-0.00032101119
-0.00031925798
-0.00031749061
-0.00031571271
-0.00031392314
-0.00031212205
-0.0003103114
-0.00030849409
-0.00030666917
-0.00030483691
-0.00030299886
-0.00030115786
-0.00029931296
-0.00029746434
-0.00029561319
-0.00029376236
-0.00029191103
-0.00029005917
-0.00028820788
-0.00028635886
-0.00028451312
-0.00028266977
-0.00028082948
-0.00027899332
-0.00027716288
-0.00027533788
-0.0002735184
-0.00027170514
-0.00026989841
-0.00026809953
-0.00026630914
-0.00026452688
-0.00026275221
-0.00026098649
-0.00025923094
-0.00025748502
-0.00025432304
-0.00024975455
-0.00024523908
-0.00024078317
-0.00023639966
-0.00023209398
-0.0002278657
-0.00022371882
-0.00021965445
-0.00021567439
-0.00021178081
-0.00020797293
-0.0002042531
-0.0002006204
-0.00019707484
-0.00019361657
-0.00019024509
-0.000186959
-0.00018375805
-0.00018064141
-0.00017760708
-0.00017465406
-0.0001717818
-0.00016898799
-0.00016627107
-0.00016362976
-0.0001610628
-0.00015856801
-0.00015614371
-0.00015378834
-0.00015150055
-0.00014927838
-0.00014712
-0.00014502382
-0.00014298825
-0.00014101184
-0.00013909282
-0.00013722941
-0.00013542021
-0.00013366319
-0.00013195877
-0.00013030234
-0.00012872144
-0.00012723392
-0.00012580679
-0.00012437387
-0.00012290829
-0.00012145746
-0.00012005474
-0.00011870014
-0.00011740513
-0.00011617432
-0.00011498438
-0.00011382397
-0.00011269462
-0.00011159852
-0.00011053481
-0.00010950174
-0.00010849815
-0.00010752332
-0.00010657648
-0.00010565676
-0.00010476336
-0.0001038954
-0.00010305248
-0.0001022334
-0.00010144327
-0.00010069615
-9.9986988e-05
-9.9293481e-05
-9.8606851e-05
-9.793179e-05
-9.7273284e-05
-9.6631928e-05
-9.6006585e-05
-9.5396786e-05
-9.4802625e-05
-9.4223949e-05
-9.3660865e-05
-9.3111146e-05
-0.00029122911
-0.00029115285
-0.0002913925
-0.0002916311
-0.00029172838
-0.00029172899
-0.00029168726
-0.00029160004
-0.00029146249
-0.00029126702
-0.0002910226
-0.00029072932
-0.00029038808
-0.00029000334
-0.0002895721
-0.00028909907
-0.00028858534
-0.00028802913
-0.00028743577
-0.00028680559
-0.00028613723
-0.00028543504
-0.00028469832
-0.00028392917
-0.00028312996
-0.00028229918
-0.00028143828
-0.00028055063
-0.00027963534
-0.00027869345
-0.00027772858
-0.00027673926
-0.00027572571
-0.00027469209
-0.0002736373
-0.00027256126
-0.00027146746
-0.00027035595
-0.00026922633
-0.00026808043
-0.00026692038
-0.00026574535
-0.00026455563
-0.00026335437
-0.00026214141
-0.00026091639
-0.00025968044
-0.00025843648
-0.00025718337
-0.00025592108
-0.00025465108
-0.00025337571
-0.00025209399
-0.00025080598
-0.00024951288
-0.00024821699
-0.00024691734
-0.00024561394
-0.00024430768
-0.00024300091
-0.0002416928
-0.0002403832
-0.00023907293
-0.00023776335
-0.00023645527
-0.00023514781
-0.00023384143
-0.00023253695
-0.00023123569
-0.00022993738
-0.00022864194
-0.00022734989
-0.00022606146
-0.00022477778
-0.00022349929
-0.0002222256
-0.00022095624
-0.00021969231
-0.00021843481
-0.00021718337
-0.00021491492
-0.00021163456
-0.00020838533
-0.00020517128
-0.00020200304
-0.00019888529
-0.00019581749
-0.00019280307
-0.00018984281
-0.00018693835
-0.00018409177
-0.00018130239
-0.00017857267
-0.00017590194
-0.00017329046
-0.00017073882
-0.00016824688
-0.00016581371
-0.00016343958
-0.00016112422
-0.00015886614
-0.00015666491
-0.0001545207
-0.00015243173
-0.00015039701
-0.00014841592
-0.00014648793
-0.00014461136
-0.00014278514
-0.00014100835
-0.00013928035
-0.0001375997
-0.00013596506
-0.00013437545
-0.00013282988
-0.00013132755
-0.00012986711
-0.00012844735
-0.00012706722
-0.00012572576
-0.00012442202
-0.00012315511
-0.0001219238
-0.00012072699
-0.00011956374
-0.00011843326
-0.00011733473
-0.00011626737
-0.00011523031
-0.00011422253
-0.00011324315
-0.00011229135
-0.00011136635
-0.00011046738
-0.00010959369
-0.0001087446
-0.00010791944
-0.00010711748
-0.000106338
-0.00010558043
-0.00010484405
-0.00010412857
-0.00010343273
-0.00010276057
-0.0001021158
-0.00010149278
-0.00010088655
-0.00010029694
-9.9724244e-05
-9.9167461e-05
-9.8626244e-05
-9.8100633e-05
-9.7590252e-05
-9.7094284e-05
-9.6612719e-05
-9.6138742e-05
-9.5667327e-05
-9.520472e-05
-9.4755638e-05
-9.432089e-05
-0.00023250436
-0.00023242175
-0.00023259474
-0.00023277819
-0.00023285735
-0.00023286519
-0.00023284461
-0.00023279371
-0.0002327085
-0.00023258268
-0.0002324229
-0.00023222929
-0.00023200227
-0.0002317453
-0.00023145585
-0.00023113735
-0.00023079062
-0.00023041411
-0.00023001188
-0.00022958396
-0.00022912917
-0.00022865095
-0.00022814846
-0.00022762316
-0.00022707693
-0.00022650842
-0.00022591862
-0.00022531013
-0.00022468203
-0.00022403503
-0.00022337192
-0.00022269139
-0.00022199346
-0.00022128144
-0.00022055424
-0.00021981167
-0.00021905646
-0.00021828853
-0.00021750739
-0.00021671444
-0.00021591131
-0.00021509719
-0.00021427218
-0.00021343878
-0.00021259673
-0.00021174562
-0.00021088626
-0.000210021
-0.00020914876
-0.0002082694
-0.00020738405
-0.00020649458
-0.00020560005
-0.00020470041
-0.00020379658
-0.00020289041
-0.00020198098
-0.00020106821
-0.00020015275
-0.00019923653
-0.00019831879
-0.00019739929
-0.00019647863
-0.0001955579
-0.00019463777
-0.0001937174
-0.00019279709
-0.00019187747
-0.00019095965
-0.00019004334
-0.0001891284
-0.00018821518
-0.00018730389
-0.00018639546
-0.00018549018
-0.00018458767
-0.00018368753
-0.00018279063
-0.00018189778
-0.00018100868
-0.00017939555
-0.00017705797
-0.00017473806
-0.00017243921
-0.00017016938
-0.00016793202
-0.00016572658
-0.00016355602
-0.00016142084
-0.0001593224
-0.0001572625
-0.00015524055
-0.00015325881
-0.0001513168
-0.00014941481
-0.00014755362
-0.00014573324
-0.000143953
-0.00014221345
-0.00014051458
-0.00013885527
-0.00013723539
-0.00013565548
-0.00013411414
-0.00013261074
-0.00013114505
-0.00012971696
-0.00012832518
-0.00012696901
-0.00012564792
-0.00012436173
-0.00012310935
-0.00012188982
-0.00012070255
-0.00011954691
-0.00011842254
-0.00011732842
-0.00011626365
-0.00011522755
-0.00011421951
-0.0001132389
-0.00011228524
-0.00011135758
-0.00011045517
-0.0001095774
-0.00010872366
-0.00010789331
-0.00010708581
-0.00010630058
-0.00010553691
-0.00010479419
-0.00010407189
-0.00010336948
-0.00010268642
-0.00010202216
-0.00010137623
-0.00010074821
-0.00010013748
-9.9543526e-05
-9.8965916e-05
-9.8404208e-05
-9.7857959e-05
-9.7326735e-05
-9.6810113e-05
-9.6307683e-05
-9.5819041e-05
-9.5343872e-05
-9.4881766e-05
-9.4432313e-05
-9.3995162e-05
-9.3569981e-05
-9.3156439e-05
-9.2754209e-05
-9.2362973e-05
-9.1982427e-05
-9.1612277e-05
-9.1252242e-05
-9.0902041e-05
-9.0561404e-05
-9.0230031e-05
-0.00018523464
-0.00018516105
-0.00018528637
-0.00018542954
-0.00018549758
-0.0001855127
-0.00018550812
-0.00018548316
-0.00018543482
-0.00018535808
-0.00018525787
-0.00018513433
-0.00018498759
-0.00018482034
-0.00018463047
-0.00018442048
-0.00018419101
-0.00018394071
-0.0001836727
-0.00018338683
-0.00018308211
-0.00018276126
-0.00018242342
-0.00018206957
-0.00018170125
-0.00018131725
-0.00018091825
-0.00018050627
-0.00018008043
-0.00017964121
-0.00017919078
-0.00017872797
-0.00017825272
-0.00017776765
-0.00017727175
-0.00017676476
-0.00017624885
-0.00017572384
-0.00017518925
-0.00017464613
-0.00017409576
-0.00017353736
-0.00017297092
-0.00017239846
-0.00017181966
-0.00017123409
-0.00017064233
-0.0001700463
-0.000169445
-0.00016883824
-0.00016822688
-0.00016761243
-0.00016699402
-0.00016637153
-0.00016574567
-0.00016511795
-0.00016448752
-0.00016385422
-0.00016321857
-0.00016258214
-0.00016194423
-0.00016130458
-0.00016066362
-0.00016002224
-0.00015938097
-0.00015873905
-0.00015809666
-0.0001574543
-0.00015681288
-0.00015617214
-0.00015553188
-0.00015489235
-0.00015425371
-0.00015361675
-0.00015298166
-0.00015234806
-0.00015171563
-0.00015108504
-0.00015045695
-0.00014983121
-0.00014869512
-0.00014704906
-0.00014541263
-0.00014378736
-0.00014217968
-0.00014059258
-0.00013902544
-0.00013748069
-0.00013595851
-0.00013446008
-0.00013298688
-0.0001315384
-0.00013011663
-0.00012872117
-0.0001273523
-0.00012601086
-0.00012469692
-0.00012340997
-0.00012215067
-0.00012091918
-0.00011971459
-0.00011853696
-0.00011738702
-0.00011626365
-0.00011516643
-0.00011409536
-0.00011305063
-0.00011203119
-0.00011103658
-0.00011006654
-0.00010912117
-0.00010819966
-0.00010730128
-0.00010642569
-0.00010557254
-0.00010474174
-0.00010393251
-0.00010314418
-0.00010237632
-0.00010162856
-0.0001009005
-0.00010019192
-9.9502071e-05
-9.8830399e-05
-9.8176522e-05
-9.7540052e-05
-9.6920559e-05
-9.6317728e-05
-9.5731168e-05
-9.5160297e-05
-9.4604684e-05
-9.4063974e-05
-9.3537801e-05
-9.3025786e-05
-9.2527557e-05
-9.2042799e-05
-9.1571252e-05
-9.1112427e-05
-9.0665941e-05
-9.0231492e-05
-8.980878e-05
-8.9397489e-05
-8.8997307e-05
-8.8607936e-05
-8.822909e-05
-8.7860483e-05
-8.7501929e-05
-8.7153108e-05
-8.6813693e-05
-8.6483428e-05
-8.6162084e-05
-8.5849422e-05
-8.5545202e-05
-8.5249195e-05
-8.4961175e-05
-8.4680929e-05
-8.4408242e-05
-8.414291e-05
-8.3884731e-05
-8.3633478e-05
-0.0001466838
-0.00014661241
-0.00014670388
-0.00014681448
-0.0001468686
-0.00014688346
-0.00014688557
-0.00014687456
-0.00014684787
-0.00014680134
-0.00014673869
-0.00014666002
-0.00014656524
-0.00014645642
-0.00014633183
-0.00014619332
-0.00014604138
-0.00014587489
-0.00014569622
-0.00014550517
-0.00014530089
-0.00014508556
-0.00014485836
-0.00014461994
-0.00014437156
-0.0001441122
-0.00014384231
-0.00014356346
-0.00014327487
-0.00014297683
-0.00014267107
-0.00014235657
-0.00014203323
-0.00014170312
-0.00014136535
-0.00014101964
-0.00014066771
-0.00014030936
-0.00013994413
-0.00013957282
-0.00013919643
-0.00013881426
-0.00013842625
-0.00013803399
-0.00013763719
-0.00013723542
-0.00013682911
-0.0001364198
-0.00013600661
-0.00013558934
-0.00013516865
-0.00013474574
-0.00013431985
-0.00013389083
-0.00013345922
-0.00013302624
-0.00013259114
-0.00013215375
-0.00013171444
-0.0001312745
-0.00013083332
-0.00013039062
-0.00012994673
-0.00012950237
-0.00012905794
-0.00012861278
-0.00012816701
-0.00012772099
-0.00012727548
-0.00012683026
-0.00012638508
-0.00012594015
-0.00012549558
-0.00012505202
-0.00012460958
-0.00012416793
-0.0001237268
-0.00012328671
-0.00012284818
-0.00012241109
-0.00012161676
-0.00012046208
-0.00011931242
-0.00011816952
-0.00011703771
-0.00011591894
-0.00011481266
-0.00011372091
-0.00011264373
-0.000111582
-0.00011053692
-0.00010950799
-0.00010849692
-0.00010750335
-0.00010652747
-0.00010557009
-0.00010463128
-0.00010371061
-0.00010280875
-0.00010192588
-0.00010106129
-0.00010021509
-9.9388043e-05
-9.8579237e-05
-9.7788386e-05
-9.7015602e-05
-9.6261184e-05
-9.552429e-05
-9.4804618e-05
-9.4102046e-05
-9.3416812e-05
-9.2748292e-05
-9.2095937e-05
-9.1459567e-05
-9.0838967e-05
-9.0234229e-05
-8.9644734e-05
-8.9069979e-05
-8.8509695e-05
-8.7963659e-05
-8.7431645e-05
-8.6913562e-05
-8.6408817e-05
-8.5917015e-05
-8.5437913e-05
-8.4971263e-05
-8.4516772e-05
-8.4074264e-05
-8.364348e-05
-8.3223967e-05
-8.2815416e-05
-8.2417597e-05
-8.2030265e-05
-8.1653154e-05
-8.1286008e-05
-8.0928621e-05
-8.0580848e-05
-8.0242297e-05
-7.9912683e-05
-7.9591808e-05
-7.9279464e-05
-7.8975429e-05
-7.8679483e-05
-7.8391413e-05
-7.811102e-05
-7.7838099e-05
-7.7572554e-05
-7.731414e-05
-7.7062598e-05
-7.681775e-05
-7.6579436e-05
-7.634749e-05
-7.6121737e-05
-7.5902012e-05
-7.5688155e-05
-7.548001e-05
-7.5277427e-05
-7.5080254e-05
-7.4888349e-05
-7.4701518e-05
-0.00011620718
-0.00011615401
-0.00011622156
-0.00011631049
-0.00011636019
-0.0001163804
-0.00011639116
-0.00011639296
-0.00011638412
-0.00011636123
-0.00011632695
-0.0001162815
-0.00011622484
-0.00011615868
-0.00011608155
-0.0001159948
-0.00011589881
-0.00011579265
-0.00011567817
-0.00011555511
-0.00011542276
-0.00011528288
-0.0001151347
-0.00011497866
-0.00011481579
-0.00011464521
-0.00011446722
-0.00011428308
-0.00011409206
-0.00011389437
-0.00011369137
-0.00011348218
-0.00011326667
-0.00011304652
-0.00011282093
-0.00011258962
-0.00011235397
-0.00011211379
-0.00011186862
-0.0001116191
-0.00011136601
-0.00011110874
-0.00011084717
-0.00011058262
-0.00011031479
-0.00011004328
-0.00010976839
-0.0001094914
-0.00010921154
-0.00010892859
-0.00010864306
-0.00010835595
-0.00010806655
-0.00010777472
-0.00010748088
-0.00010718604
-0.00010688951
-0.00010659113
-0.00010629118
-0.00010599072
-0.00010568921
-0.00010538638
-0.00010508248
-0.0001047781
-0.00010447355
-0.00010416827
-0.0001038623
-0.00010355592
-0.00010324979
-0.0001029437
-0.0001026374
-0.00010233103
-0.00010202469
-0.00010171892
-0.0001014138
-0.00010110899
-0.00010080429
-0.00010050011
-0.00010019687
-9.9894551e-05
-9.9344936e-05
-9.854799e-05
-9.7753376e-05
-9.6961255e-05
-9.6175313e-05
-9.5397403e-05
-9.4626969e-05
-9.3865608e-05
-9.3113176e-05
-9.2370417e-05
-9.16383e-05
-9.0916352e-05
-9.0206023e-05
-8.9507006e-05
-8.881941e-05
-8.8144024e-05
-8.7480868e-05
-8.6829607e-05
-8.6190872e-05
-8.5564863e-05
-8.4951002e-05
-8.4349413e-05
-8.3760889e-05
-8.3184655e-05
-8.2620508e-05
-8.2068627e-05
-8.1529391e-05
-8.10021e-05
-8.0486546e-05
-7.9982704e-05
-7.9490907e-05
-7.9010663e-05
-7.8541542e-05
-7.8083464e-05
-7.7636327e-05
-7.720033e-05
-7.6774975e-05
-7.6359873e-05
-7.5954866e-05
-7.5559837e-05
-7.517467e-05
-7.479938e-05
-7.4433482e-05
-7.407668e-05
-7.3728837e-05
-7.3389802e-05
-7.3059382e-05
-7.2737499e-05
-7.2423989e-05
-7.2118487e-05
-7.1820774e-05
-7.1530707e-05
-7.1248126e-05
-7.097285e-05
-7.0704704e-05
-7.0443565e-05
-7.0189368e-05
-6.9941791e-05
-6.970062e-05
-6.9465727e-05
-6.9236976e-05
-6.9014213e-05
-6.8797283e-05
-6.8586035e-05
-6.8380335e-05
-6.8180037e-05
-6.7985112e-05
-6.7795366e-05
-6.7610593e-05
-6.7430667e-05
-6.7255482e-05
-6.7084921e-05
-6.6918862e-05
-6.6757184e-05
-6.6599776e-05
-6.6446527e-05
-6.6297328e-05
-6.6152073e-05
-6.6010659e-05
-6.5872944e-05
-9.0945275e-05
-9.0892203e-05
-9.0943872e-05
-9.1013394e-05
-9.105132e-05
-9.1067219e-05
-9.1077675e-05
-9.108278e-05
-9.1080894e-05
-9.1069267e-05
-9.1049988e-05
-9.1023228e-05
-9.0988787e-05
-9.0947979e-05
-9.0899573e-05
-9.0844496e-05
-9.078304e-05
-9.0714421e-05
-9.0640089e-05
-9.0559788e-05
-9.0472946e-05
-9.0380961e-05
-9.0283174e-05
-9.017985e-05
-9.0071857e-05
-8.995846e-05
-8.9839866e-05
-8.9717055e-05
-8.9589426e-05
-8.9457093e-05
-8.932113e-05
-8.9180837e-05
-8.9036052e-05
-8.8888123e-05
-8.8736385e-05
-8.8580563e-05
-8.8421774e-05
-8.8259822e-05
-8.8094325e-05
-8.7925763e-05
-8.7754762e-05
-8.7580792e-05
-8.740374e-05
-8.7224647e-05
-8.7043245e-05
-8.6859208e-05
-8.6672736e-05
-8.6484856e-05
-8.6294921e-05
-8.6102736e-05
-8.5908693e-05
-8.5713578e-05
-8.551681e-05
-8.5318253e-05
-8.5118212e-05
-8.4917507e-05
-8.4715558e-05
-8.4512216e-05
-8.4307679e-05
-8.4102809e-05
-8.3897154e-05
-8.3690476e-05
-8.3482954e-05
-8.327504e-05
-8.3067006e-05
-8.2858364e-05
-8.264914e-05
-8.2439537e-05
-8.2230082e-05
-8.2020604e-05
-8.1810877e-05
-8.1601001e-05
-8.139105e-05
-8.1181468e-05
-8.097228e-05
-8.0763213e-05
-8.0554115e-05
-8.0345283e-05
-8.0137049e-05
-7.9929363e-05
-7.9551297e-05
-7.8999255e-05
-7.8448235e-05
-7.7899308e-05
-7.7354503e-05
-7.6814771e-05
-7.6279637e-05
-7.575051e-05
-7.5227177e-05
-7.4710169e-05
-7.4200229e-05
-7.3696908e-05
-7.3201384e-05
-7.2713386e-05
-7.2232938e-05
-7.1760727e-05
-7.129674e-05
-7.0840682e-05
-7.0393095e-05
-6.9954151e-05
-6.9523383e-05
-6.9100879e-05
-6.8687356e-05
-6.8282178e-05
-6.7885186e-05
-6.7496546e-05
-6.7116638e-05
-6.6744891e-05
-6.6381154e-05
-6.6025426e-05
-6.5678052e-05
-6.5338647e-05
-6.5006873e-05
-6.4682704e-05
-6.4366077e-05
-6.4057227e-05
-6.3755756e-05
-6.3461368e-05
-6.3173971e-05
-6.2893504e-05
-6.2619902e-05
-6.2353231e-05
-6.2093103e-05
-6.1839301e-05
-6.1591747e-05
-6.1350351e-05
-6.111498e-05
-6.0885607e-05
-6.0662133e-05
-6.0444269e-05
-6.0231861e-05
-6.0024822e-05
-5.9823047e-05
-5.9626413e-05
-5.9434799e-05
-5.9248129e-05
-5.9066388e-05
-5.8889318e-05
-5.8716761e-05
-5.8548637e-05
-5.8384858e-05
-5.8225317e-05
-5.8069904e-05
-5.7918517e-05
-5.7771062e-05
-5.7627437e-05
-5.7487647e-05
-5.7351545e-05
-5.721897e-05
-5.7089834e-05
-5.696407e-05
-5.6841598e-05
-5.6722329e-05
-5.6606181e-05
-5.6493074e-05
-5.6382931e-05
-5.6275677e-05
-5.6171235e-05
-5.6069536e-05
-5.5970457e-05
-7.1844162e-05
-7.1814457e-05
-7.1853988e-05
-7.1913085e-05
-7.1952672e-05
-7.1975341e-05
-7.1992923e-05
-7.2006416e-05
-7.2015115e-05
-7.2016713e-05
-7.201263e-05
-7.2003047e-05
-7.1987764e-05
-7.196789e-05
-7.1942466e-05
-7.1912288e-05
-7.1877669e-05
-7.1837966e-05
-7.1794403e-05
-7.1746664e-05
-7.1694588e-05
-7.1639678e-05
-7.1580659e-05
-7.1517299e-05
-7.1450454e-05
-7.1379631e-05
-7.1305088e-05
-7.1227684e-05
-7.1146866e-05
-7.106269e-05
-7.0976038e-05
-7.0886295e-05
-7.0793298e-05
-7.0698179e-05
-7.0600334e-05
-7.0499501e-05
-7.0396615e-05
-7.0291485e-05
-7.0183753e-05
-7.0073809e-05
-6.9962172e-05
-6.9848358e-05
-6.9732245e-05
-6.9614712e-05
-6.9495507e-05
-6.937432e-05
-6.9251301e-05
-6.9127327e-05
-6.9001815e-05
-6.887457e-05
-6.8745916e-05
-6.8616519e-05
-6.8485852e-05
-6.8353775e-05
-6.8220538e-05
-6.8086841e-05
-6.7952159e-05
-6.7816341e-05
-6.7679543e-05
-6.7542508e-05
-6.7404827e-05
-6.7266271e-05
-6.7126978e-05
-6.6987332e-05
-6.6847564e-05
-6.6707233e-05
-6.6566339e-05
-6.6425046e-05
-6.628381e-05
-6.6142482e-05
-6.6000834e-05
-6.5858937e-05
-6.5716858e-05
-6.5574984e-05
-6.5433316e-05
-6.5291596e-05
-6.51497e-05
-6.5007871e-05
-6.4866379e-05
-6.4725283e-05
-6.4468533e-05
-6.4096934e-05
-6.3725497e-05
-6.3353654e-05
-6.298357e-05
-6.2616461e-05
-6.225184e-05
-6.1890759e-05
-6.1532919e-05
-6.1178787e-05
-6.0828974e-05
-6.0483059e-05
-6.014205e-05
-5.9805699e-05
-5.9473983e-05
-5.9147552e-05
-5.8826367e-05
-5.8510159e-05
-5.8199443e-05
-5.7894377e-05
-5.7594557e-05
-5.7300073e-05
-5.7011613e-05
-5.6728623e-05
-5.6450971e-05
-5.617884e-05
-5.5912631e-05
-5.5651846e-05
-5.5396367e-05
-5.5146232e-05
-5.4901816e-05
-5.4662798e-05
-5.4428895e-05
-5.4200118e-05
-5.3976455e-05
-5.3758181e-05
-5.3544958e-05
-5.3336542e-05
-5.3132889e-05
-5.2933988e-05
-5.2739822e-05
-5.2550502e-05
-5.2365695e-05
-5.2185231e-05
-5.2009078e-05
-5.1837193e-05
-5.166949e-05
-5.1505989e-05
-5.1346635e-05
-5.1191184e-05
-5.1039523e-05
-5.0891607e-05
-5.0747375e-05
-5.0606743e-05
-5.046963e-05
-5.0336002e-05
-5.0205881e-05
-5.0079046e-05
-4.9955375e-05
-4.9834822e-05
-4.9717336e-05
-4.9602841e-05
-4.9491263e-05
-4.938253e-05
-4.9276582e-05
-4.9173347e-05
-4.9072863e-05
-4.897501e-05
-4.8879654e-05
-4.8786735e-05
-4.8696212e-05
-4.8608032e-05
-4.8522133e-05
-4.8438455e-05
-4.8356944e-05
-4.8277548e-05
-4.8200212e-05
-4.8124885e-05
-4.8051516e-05
-4.7980024e-05
-5.5040353e-05
-5.5002258e-05
-5.5035503e-05
-5.5081927e-05
-5.5108969e-05
-5.5123282e-05
-5.5135742e-05
-5.5146308e-05
-5.5153827e-05
-5.5156468e-05
-5.5155497e-05
-5.5151075e-05
-5.5142949e-05
-5.5132007e-05
-5.5117411e-05
-5.5099721e-05
-5.5079172e-05
-5.5055149e-05
-5.5028555e-05
-5.4999101e-05
-5.4966575e-05
-5.493173e-05
-5.4893907e-05
-5.4853188e-05
-5.4810248e-05
-5.4764596e-05
-5.4716317e-05
-5.4666063e-05
-5.46134e-05
-5.4558343e-05
-5.4501599e-05
-5.4442694e-05
-5.4381459e-05
-5.4318798e-05
-5.425424e-05
-5.4187544e-05
-5.4119453e-05
-5.4049815e-05
-5.3978339e-05
-5.3905311e-05
-5.3831144e-05
-5.3755463e-05
-5.3678137e-05
-5.3599865e-05
-5.3520442e-05
-5.3439632e-05
-5.335751e-05
-5.3274783e-05
-5.3190986e-05
-5.3105968e-05
-5.3019948e-05
-5.2933464e-05
-5.2846092e-05
-5.2757726e-05
-5.2668527e-05
-5.2579061e-05
-5.2488903e-05
-5.2397944e-05
-5.2306269e-05
-5.2214473e-05
-5.2122232e-05
-5.2029364e-05
-5.1935963e-05
-5.1842314e-05
-5.1748608e-05
-5.1654495e-05
-5.1559972e-05
-5.1465145e-05
-5.1370374e-05
-5.1275545e-05
-5.118047e-05
-5.1085204e-05
-5.0989785e-05
-5.0894516e-05
-5.0799391e-05
-5.0704206e-05
-5.0608875e-05
-5.0513566e-05
-5.0418478e-05
-5.0323601e-05
-5.0150493e-05
-4.9895373e-05
-4.9640279e-05
-4.9386094e-05
-4.9133486e-05
-4.8882795e-05
-4.8633635e-05
-4.8387011e-05
-4.814263e-05
-4.7900785e-05
-4.7661934e-05
-4.7425681e-05
-4.7192818e-05
-4.6963141e-05
-4.673656e-05
-4.6513609e-05
-4.6294236e-05
-4.6078194e-05
-4.5865888e-05
-4.5657441e-05
-4.5452535e-05
-4.5251191e-05
-4.5053994e-05
-4.4860496e-05
-4.4670586e-05
-4.4484389e-05
-4.4302258e-05
-4.4123792e-05
-4.3948903e-05
-4.3777603e-05
-4.3610222e-05
-4.3446509e-05
-4.3286242e-05
-4.3129446e-05
-4.2976096e-05
-4.2826443e-05
-4.2680223e-05
-4.2537249e-05
-4.23975e-05
-4.2260981e-05
-4.212767e-05
-4.1997687e-05
-4.1870767e-05
-4.174679e-05
-4.1625741e-05
-4.15076e-05
-4.1392301e-05
-4.1279871e-05
-4.1170284e-05
-4.1063352e-05
-4.0958997e-05
-4.0857196e-05
-4.0757909e-05
-4.066108e-05
-4.0566652e-05
-4.0474603e-05
-4.038497e-05
-4.0297581e-05
-4.0212348e-05
-4.0129247e-05
-4.0048245e-05
-3.9969292e-05
-3.9892336e-05
-3.9817328e-05
-3.9744229e-05
-3.9672983e-05
-3.9603636e-05
-3.9536099e-05
-3.947027e-05
-3.9406111e-05
-3.9343596e-05
-3.9282691e-05
-3.9223353e-05
-3.916554e-05
-3.9109216e-05
-3.9054346e-05
-3.9000893e-05
-3.8948819e-05
-3.8898097e-05
-3.8848643e-05
-4.385541e-05
-4.3846644e-05
-4.3872449e-05
-4.3915452e-05
-4.3950444e-05
-4.3975277e-05
-4.3996584e-05
-4.4015795e-05
-4.4033306e-05
-4.4047234e-05
-4.4057853e-05
-4.4065165e-05
-4.4069102e-05
-4.4070728e-05
-4.4069411e-05
-4.4065502e-05
-4.405923e-05
-4.405011e-05
-4.4038883e-05
-4.4025411e-05
-4.400909e-05
-4.3990459e-05
-4.3969688e-05
-4.3947142e-05
-4.3923417e-05
-4.389805e-05
-4.3871027e-05
-4.3842804e-05
-4.3812904e-05
-4.3781314e-05
-4.3748645e-05
-4.3714423e-05
-4.3678474e-05
-4.3641602e-05
-4.360334e-05
-4.3563451e-05
-4.35226e-05
-4.3480625e-05
-4.3437235e-05
-4.3392684e-05
-4.3347335e-05
-4.3300811e-05
-4.3252928e-05
-4.3204317e-05
-4.3154793e-05
-4.3104123e-05
-4.3052377e-05
-4.3000203e-05
-4.2947154e-05
-4.2893074e-05
-4.2838169e-05
-4.2782929e-05
-4.2726947e-05
-4.2670105e-05
-4.2612559e-05
-4.2554827e-05
-4.2496501e-05
-4.2437458e-05
-4.2377782e-05
-4.2318022e-05
-4.2257868e-05
-4.2197131e-05
-4.2135891e-05
-4.2074417e-05
-4.2012881e-05
-4.1950946e-05
-4.188859e-05
-4.1825911e-05
-4.1763249e-05
-4.1700495e-05
-4.1637452e-05
-4.1574157e-05
-4.1510654e-05
-4.1447233e-05
-4.1383871e-05
-4.132036e-05
-4.1256626e-05
-4.1192823e-05
-4.1129121e-05
-4.1065642e-05
-4.0950141e-05
-4.078496e-05
-4.0619512e-05
-4.0452569e-05
-4.0285606e-05
-4.0119622e-05
-3.9954193e-05
-3.9790027e-05
-3.9626765e-05
-3.9464725e-05
-3.9304312e-05
-3.9145155e-05
-3.8987972e-05
-3.8832567e-05
-3.8678832e-05
-3.8527306e-05
-3.8377911e-05
-3.8230414e-05
-3.8085225e-05
-3.7942456e-05
-3.7801808e-05
-3.7663318e-05
-3.7527565e-05
-3.739413e-05
-3.7262905e-05
-3.7134037e-05
-3.7007898e-05
-3.688411e-05
-3.6762589e-05
-3.6643377e-05
-3.6526829e-05
-3.6412717e-05
-3.6300834e-05
-3.619122e-05
-3.6083884e-05
-3.5979107e-05
-3.5876642e-05
-3.5776318e-05
-3.5678136e-05
-3.5582126e-05
-3.5488299e-05
-3.53968e-05
-3.5307379e-05
-3.5219931e-05
-3.5134467e-05
-3.5050988e-05
-3.4969453e-05
-3.4889919e-05
-3.481238e-05
-3.473666e-05
-3.4662698e-05
-3.4590493e-05
-3.4520026e-05
-3.4451259e-05
-3.4384157e-05
-3.431872e-05
-3.4255007e-05
-3.4192857e-05
-3.4132196e-05
-3.4073016e-05
-3.4015302e-05
-3.3959021e-05
-3.3904136e-05
-3.3850614e-05
-3.3798433e-05
-3.3747552e-05
-3.3698037e-05
-3.364981e-05
-3.3602779e-05
-3.3556917e-05
-3.3512214e-05
-3.3468647e-05
-3.3426185e-05
-3.3384801e-05
-3.3344469e-05
-3.3305165e-05
-3.3266864e-05
-3.322954e-05
-3.3193173e-05
-3.3157717e-05
-3.2005759e-05
-3.1975027e-05
-3.200038e-05
-3.2033891e-05
-3.2053303e-05
-3.2064953e-05
-3.2076622e-05
-3.2087867e-05
-3.2097768e-05
-3.2104933e-05
-3.2110239e-05
-3.2113695e-05
-3.2115262e-05
-3.2115741e-05
-3.2114501e-05
-3.2111833e-05
-3.2107901e-05
-3.2102277e-05
-3.2095591e-05
-3.2087652e-05
-3.2077999e-05
-3.2067514e-05
-3.205578e-05
-3.2042711e-05
-3.2029004e-05
-3.2014306e-05
-3.1998505e-05
-3.1981954e-05
-3.1964275e-05
-3.1945448e-05
-3.1925966e-05
-3.1905457e-05
-3.1883723e-05
-3.1861378e-05
-3.1838068e-05
-3.181357e-05
-3.1788391e-05
-3.1762436e-05
-3.1735493e-05
-3.1707716e-05
-3.1679399e-05
-3.1650228e-05
-3.1620057e-05
-3.1589389e-05
-3.1558096e-05
-3.1526025e-05
-3.1493171e-05
-3.1460041e-05
-3.1426316e-05
-3.1391895e-05
-3.1356884e-05
-3.1321666e-05
-3.1285947e-05
-3.124966e-05
-3.1212867e-05
-3.1175975e-05
-3.1138684e-05
-3.1100929e-05
-3.1062723e-05
-3.1024481e-05
-3.0985985e-05
-3.0947107e-05
-3.0907896e-05
-3.0868519e-05
-3.0829123e-05
-3.0789466e-05
-3.0749543e-05
-3.0709395e-05
-3.0669267e-05
-3.0629093e-05
-3.0588729e-05
-3.0548214e-05
-3.0507553e-05
-3.0466955e-05
-3.0426404e-05
-3.0385762e-05
-3.0344983e-05
-3.0304159e-05
-3.0263396e-05
-3.02227e-05
-3.0148068e-05
-3.0035472e-05
-2.9922845e-05
-2.9811041e-05
-2.9699893e-05
-2.9589401e-05
-2.9479263e-05
-2.9370255e-05
-2.9262079e-05
-2.9154885e-05
-2.9048975e-05
-2.8943999e-05
-2.8840494e-05
-2.8738328e-05
-2.8637347e-05
-2.8537958e-05
-2.8440099e-05
-2.8343558e-05
-2.824862e-05
-2.815537e-05
-2.8063597e-05
-2.7973254e-05
-2.7884799e-05
-2.7797918e-05
-2.771253e-05
-2.7628692e-05
-2.7546708e-05
-2.7466291e-05
-2.738739e-05
-2.7309993e-05
-2.7234373e-05
-2.7160369e-05
-2.708783e-05
-2.7016795e-05
-2.694723e-05
-2.6879358e-05
-2.6813001e-05
-2.6748042e-05
-2.6684486e-05
-2.6622353e-05
-2.6561622e-05
-2.6502423e-05
-2.6444573e-05
-2.6388005e-05
-2.6332727e-05
-2.6278745e-05
-2.6226019e-05
-2.6174583e-05
-2.6124447e-05
-2.6075488e-05
-2.6027666e-05
-2.5980984e-05
-2.5935431e-05
-2.589098e-05
-2.5847605e-05
-2.5805294e-05
-2.5764107e-05
-2.5723928e-05
-2.5684708e-05
-2.5646447e-05
-2.5609136e-05
-2.5572752e-05
-2.5537272e-05
-2.5502672e-05
-2.5468941e-05
-2.5436039e-05
-2.5404022e-05
-2.5372838e-05
-2.5342423e-05
-2.5312763e-05
-2.5283852e-05
-2.5255676e-05
-2.5228215e-05
-2.520145e-05
-2.5175365e-05
-2.5149944e-05
-2.5125172e-05
-2.510103e-05
-2.5077511e-05
-2.5054555e-05
-2.6849135e-05
-2.685899e-05
-2.687787e-05
-2.6913505e-05
-2.6949247e-05
-2.6978446e-05
-2.7004039e-05
-2.7027686e-05
-2.7049791e-05
-2.7069382e-05
-2.7087112e-05
-2.7103312e-05
-2.7117662e-05
-2.7130584e-05
-2.714154e-05
-2.7150784e-05
-2.7158582e-05
-2.7164526e-05
-2.7169134e-05
-2.7172302e-05
-2.7173707e-05
-2.7173957e-05
-2.7172775e-05
-2.7170184e-05
-2.7166567e-05
-2.7161534e-05
-2.7155048e-05
-2.7147577e-05
-2.7138908e-05
-2.7128993e-05
-2.71183e-05
-2.7106589e-05
-2.709375e-05
-2.7080453e-05
-2.7066421e-05
-2.7051421e-05
-2.7035915e-05
-2.7019796e-05
-2.7002846e-05
-2.6985209e-05
-2.6967164e-05
-2.6948457e-05
-2.6928991e-05
-2.6909233e-05
-2.6889031e-05
-2.686821e-05
-2.6846786e-05
-2.6825274e-05
-2.6803318e-05
-2.6780781e-05
-2.6757804e-05
-2.6734773e-05
-2.6711345e-05
-2.6687413e-05
-2.6663078e-05
-2.6638761e-05
-2.6614114e-05
-2.658903e-05
-2.6563553e-05
-2.6538125e-05
-2.6512491e-05
-2.6486483e-05
-2.6460151e-05
-2.6433699e-05
-2.6407268e-05
-2.6380578e-05
-2.6353598e-05
-2.6326389e-05
-2.6299223e-05
-2.6272021e-05
-2.62446e-05
-2.6216979e-05
-2.6189189e-05
-2.6161469e-05
-2.6133785e-05
-2.6105955e-05
-2.6077932e-05
-2.6049823e-05
-2.6021746e-05
-2.5993854e-05
-2.594335e-05
-2.5873701e-05
-2.5803584e-05
-2.5731622e-05
-2.5659134e-05
-2.5586995e-05
-2.551477e-05
-2.5442954e-05
-2.5371167e-05
-2.5299653e-05
-2.5228694e-05
-2.5157949e-05
-2.5087965e-05
-2.5018578e-05
-2.4949625e-05
-2.4881578e-05
-2.4814334e-05
-2.4747674e-05
-2.468194e-05
-2.4617209e-05
-2.4553241e-05
-2.4490033e-05
-2.4428088e-05
-2.436706e-05
-2.4306849e-05
-2.4247569e-05
-2.4189562e-05
-2.4132517e-05
-2.4076359e-05
-2.4021121e-05
-2.3967134e-05
-2.3914218e-05
-2.3862202e-05
-2.381113e-05
-2.3761017e-05
-2.3712134e-05
-2.3664279e-05
-2.3617316e-05
-2.3571265e-05
-2.3526167e-05
-2.3482044e-05
-2.3439048e-05
-2.3396973e-05
-2.3355745e-05
-2.3315388e-05
-2.3275923e-05
-2.323733e-05
-2.3199676e-05
-2.3162977e-05
-2.3127093e-05
-2.3091986e-05
-2.3057673e-05
-2.3024153e-05
-2.2991411e-05
-2.295943e-05
-2.2928225e-05
-2.2897872e-05
-2.2868238e-05
-2.2839273e-05
-2.2810986e-05
-2.278338e-05
-2.2756439e-05
-2.2730146e-05
-2.2704486e-05
-2.2679452e-05
-2.265502e-05
-2.2631266e-05
-2.2608135e-05
-2.2585555e-05
-2.2563514e-05
-2.2542016e-05
-2.2521054e-05
-2.2500613e-05
-2.2480678e-05
-2.246124e-05
-2.2442287e-05
-2.2423808e-05
-2.2405791e-05
-2.2388228e-05
-2.23711e-05
-1.7160952e-05
-1.7130591e-05
-1.7153593e-05
-1.7177694e-05
-1.7187011e-05
-1.7191427e-05
-1.7198015e-05
-1.7205483e-05
-1.7212507e-05
-1.7218329e-05
-1.7223653e-05
-1.7228731e-05
-1.7233069e-05
-1.7237052e-05
-1.7240196e-05
-1.7242755e-05
-1.7244879e-05
-1.7246197e-05
-1.7247294e-05
-1.7247976e-05
-1.7247935e-05
-1.7247704e-05
-1.724688e-05
-1.7245467e-05
-1.7243681e-05
-1.7241101e-05
-1.7237801e-05
-1.7234221e-05
-1.7230061e-05
-1.7225301e-05
-1.7220355e-05
-1.72149e-05
-1.7208814e-05
-1.720266e-05
-1.7196091e-05
-1.7188916e-05
-1.7181588e-05
-1.7173971e-05
-1.7165845e-05
-1.7157371e-05
-1.7148787e-05
-1.7139868e-05
-1.7130505e-05
-1.712111e-05
-1.7111506e-05
-1.7101515e-05
-1.7091124e-05
-1.7080757e-05
-1.7070107e-05
-1.7059066e-05
-1.7047716e-05
-1.7036371e-05
-1.7024764e-05
-1.7012828e-05
-1.7000605e-05
-1.6988432e-05
-1.697604e-05
-1.6963363e-05
-1.6950402e-05
-1.6937505e-05
-1.6924475e-05
-1.6911194e-05
-1.6897693e-05
-1.6884108e-05
-1.6870558e-05
-1.6856829e-05
-1.6842908e-05
-1.6828818e-05
-1.6814767e-05
-1.6800698e-05
-1.6786472e-05
-1.6772113e-05
-1.6757627e-05
-1.674319e-05
-1.6728778e-05
-1.6714256e-05
-1.6699602e-05
-1.6684876e-05
-1.6670157e-05
-1.6655449e-05
-1.6627942e-05
-1.6583111e-05
-1.6538414e-05
-1.6494774e-05
-1.6451499e-05
-1.6408337e-05
-1.6365047e-05
-1.6322317e-05
-1.6279815e-05
-1.6237632e-05
-1.6195968e-05
-1.6154503e-05
-1.6113661e-05
-1.6073311e-05
-1.6033258e-05
-1.5993876e-05
-1.5955075e-05
-1.5916651e-05
-1.5878857e-05
-1.5841749e-05
-1.5805143e-05
-1.576898e-05
-1.5733672e-05
-1.5698942e-05
-1.5664709e-05
-1.5631024e-05
-1.559817e-05
-1.5565898e-05
-1.5534156e-05
-1.5502936e-05
-1.5472505e-05
-1.5442723e-05
-1.5413459e-05
-1.5384754e-05
-1.5356586e-05
-1.5329181e-05
-1.5302381e-05
-1.5276086e-05
-1.5250317e-05
-1.5225103e-05
-1.5200438e-05
-1.5176457e-05
-1.5153002e-05
-1.513002e-05
-1.5107536e-05
-1.5085566e-05
-1.5064088e-05
-1.5043144e-05
-1.5022759e-05
-1.5002833e-05
-1.4983344e-05
-1.4964305e-05
-1.4945716e-05
-1.4927567e-05
-1.4909846e-05
-1.4892544e-05
-1.4875725e-05
-1.4859304e-05
-1.4843259e-05
-1.4827598e-05
-1.4812322e-05
-1.479742e-05
-1.4782884e-05
-1.4768701e-05
-1.4754873e-05
-1.4741362e-05
-1.4728222e-05
-1.4715426e-05
-1.4702934e-05
-1.4690744e-05
-1.4678859e-05
-1.4667273e-05
-1.4655978e-05
-1.4644966e-05
-1.4634231e-05
-1.4623766e-05
-1.4613565e-05
-1.460362e-05
-1.4593932e-05
-1.4584459e-05
-1.7651227e-05
-1.7679582e-05
-1.7689754e-05
-1.7718529e-05
-1.7754767e-05
-1.7785753e-05
-1.7811817e-05
-1.783575e-05
-1.785905e-05
-1.7880702e-05
-1.790056e-05
-1.7918889e-05
-1.7935476e-05
-1.7950887e-05
-1.7964814e-05
-1.7977344e-05
-1.7988781e-05
-1.7998789e-05
-1.8007768e-05
-1.801577e-05
-1.8022475e-05
-1.8028399e-05
-1.8033369e-05
-1.8037175e-05
-1.8040185e-05
-1.8042269e-05
-1.8043334e-05
-1.8043721e-05
-1.8043307e-05
-1.8041961e-05
-1.8040029e-05
-1.8037445e-05
-1.8033915e-05
-1.8029838e-05
-1.8025127e-05
-1.8019588e-05
-1.8013549e-05
-1.8007026e-05
-1.7999904e-05
-1.7992201e-05
-1.7984148e-05
-1.7975675e-05
-1.7966596e-05
-1.7957218e-05
-1.7947501e-05
-1.793741e-05
-1.7926799e-05
-1.7916031e-05
-1.7904956e-05
-1.7893537e-05
-1.788172e-05
-1.7869789e-05
-1.7857598e-05
-1.7845132e-05
-1.7832306e-05
-1.7819415e-05
-1.7806305e-05
-1.7792995e-05
-1.7779383e-05
-1.7765744e-05
-1.7751981e-05
-1.7738045e-05
-1.772393e-05
-1.7709678e-05
-1.7695438e-05
-1.7681089e-05
-1.766664e-05
-1.7652036e-05
-1.7637414e-05
-1.7622778e-05
-1.760805e-05
-1.7593263e-05
-1.757836e-05
-1.7563462e-05
-1.7548584e-05
-1.7533655e-05
-1.7518667e-05
-1.7503652e-05
-1.7488603e-05
-1.7473702e-05
-1.744721e-05
-1.7413716e-05
-1.7379874e-05
-1.7344179e-05
-1.7307915e-05
-1.7272043e-05
-1.7236063e-05
-1.7200307e-05
-1.7164489e-05
-1.7128744e-05
-1.709335e-05
-1.7057975e-05
-1.7022966e-05
-1.6988317e-05
-1.6953793e-05
-1.691972e-05
-1.6886091e-05
-1.6852706e-05
-1.6819754e-05
-1.6787317e-05
-1.6755304e-05
-1.6723567e-05
-1.6692478e-05
-1.6661858e-05
-1.6631663e-05
-1.6601847e-05
-1.6572681e-05
-1.6543997e-05
-1.6515782e-05
-1.6487953e-05
-1.6460738e-05
-1.643406e-05
-1.640783e-05
-1.6382095e-05
-1.6356766e-05
-1.6332044e-05
-1.6307832e-05
-1.6284066e-05
-1.626076e-05
-1.6237936e-05
-1.6215537e-05
-1.6193701e-05
-1.6172321e-05
-1.6151363e-05
-1.6130844e-05
-1.6110779e-05
-1.6091128e-05
-1.6071915e-05
-1.6053181e-05
-1.6034849e-05
-1.6016902e-05
-1.5999357e-05
-1.5982213e-05
-1.5965462e-05
-1.5949086e-05
-1.5933072e-05
-1.5917501e-05
-1.590229e-05
-1.5887408e-05
-1.5872866e-05
-1.5858669e-05
-1.5844807e-05
-1.5831273e-05
-1.5818057e-05
-1.580516e-05
-1.5792556e-05
-1.5780322e-05
-1.5768418e-05
-1.5756787e-05
-1.5745421e-05
-1.5734331e-05
-1.5723513e-05
-1.571296e-05
-1.5702664e-05
-1.5692619e-05
-1.5682821e-05
-1.5673265e-05
-1.5663944e-05
-1.5654855e-05
-1.5645993e-05
-6.922186e-06
-6.8831363e-06
-6.9085459e-06
-6.9360685e-06
-6.9502461e-06
-6.9604127e-06
-6.9720563e-06
-6.9841495e-06
-6.9959215e-06
-7.0067777e-06
-7.0171927e-06
-7.0272541e-06
-7.0367339e-06
-7.0460596e-06
-7.0548436e-06
-7.0632439e-06
-7.0713784e-06
-7.0789558e-06
-7.0862875e-06
-7.0931709e-06
-7.0994514e-06
-7.1056263e-06
-7.1113828e-06
-7.11669e-06
-7.1218922e-06
-7.1267008e-06
-7.1311236e-06
-7.1354598e-06
-7.13944e-06
-7.143052e-06
-7.1466264e-06
-7.1498908e-06
-7.1527385e-06
-7.1556186e-06
-7.1582386e-06
-7.16045e-06
-7.162622e-06
-7.1646401e-06
-7.1663221e-06
-7.1677965e-06
-7.1692592e-06
-7.1704756e-06
-7.1713542e-06
-7.1722485e-06
-7.1730188e-06
-7.1735098e-06
-7.173736e-06
-7.174066e-06
-7.1742195e-06
-7.1740902e-06
-7.1737749e-06
-7.1735472e-06
-7.1731489e-06
-7.1724986e-06
-7.171666e-06
-7.1709467e-06
-7.1700805e-06
-7.168986e-06
-7.1676926e-06
-7.1665155e-06
-7.1652628e-06
-7.1638065e-06
-7.1621733e-06
-7.1605093e-06
-7.1589157e-06
-7.157186e-06
-7.1552842e-06
-7.1532467e-06
-7.1512739e-06
-7.1493063e-06
-7.1471977e-06
-7.1449518e-06
-7.1425948e-06
-7.1403034e-06
-7.1380372e-06
-7.1356534e-06
-7.1331344e-06
-7.1305285e-06
-7.1279309e-06
-7.1253063e-06
-7.1197022e-06
-7.1044019e-06
-7.0890538e-06
-7.0752981e-06
-7.062059e-06
-7.0487395e-06
-7.0351759e-06
-7.0220113e-06
-7.0089105e-06
-6.9959567e-06
-6.983251e-06
-6.9705285e-06
-6.9581482e-06
-6.9459576e-06
-6.9337704e-06
-6.9219463e-06
-6.910341e-06
-6.8987702e-06
-6.8874833e-06
-6.8764951e-06
-6.8656116e-06
-6.8548116e-06
-6.844466e-06
-6.8342927e-06
-6.8241962e-06
-6.8142598e-06
-6.8047458e-06
-6.7953978e-06
-6.7861456e-06
-6.777018e-06
-6.7682773e-06
-6.7597717e-06
-6.7513643e-06
-6.7430898e-06
-6.7349668e-06
-6.7272207e-06
-6.7196829e-06
-6.7122443e-06
-6.7049259e-06
-6.697769e-06
-6.6907984e-06
-6.6841415e-06
-6.677631e-06
-6.6712156e-06
-6.6649258e-06
-6.6587859e-06
-6.652788e-06
-6.6469981e-06
-6.6414332e-06
-6.6359843e-06
-6.6306317e-06
-6.6253985e-06
-6.6202936e-06
-6.6153123e-06
-6.6104514e-06
-6.6057354e-06
-6.6012325e-06
-6.5968392e-06
-6.5925243e-06
-6.5883064e-06
-6.5841965e-06
-6.5801902e-06
-6.5762823e-06
-6.5724685e-06
-6.5687535e-06
-6.5651216e-06
-6.5616355e-06
-6.558259e-06
-6.5549523e-06
-6.5517192e-06
-6.5485694e-06
-6.5455028e-06
-6.5425148e-06
-6.5396024e-06
-6.5367642e-06
-6.5339987e-06
-6.5313045e-06
-6.5286776e-06
-6.5261221e-06
-6.5236048e-06
-1.5141754e-05
-1.5174937e-05
-1.5154277e-05
-1.5139597e-05
-1.5136284e-05
-1.5133824e-05
-1.5128926e-05
-1.512221e-05
-1.5115493e-05
-1.5108228e-05
-1.5100436e-05
-1.5092221e-05
-1.5083148e-05
-1.5073945e-05
-1.506414e-05
-1.5053817e-05
-1.5043277e-05
-1.5032022e-05
-1.5020596e-05
-1.5008887e-05
-1.4996463e-05
-1.4984036e-05
-1.4971272e-05
-1.4957944e-05
-1.4944605e-05
-1.493094e-05
-1.4916815e-05
-1.4902708e-05
-1.4888327e-05
-1.4873504e-05
-1.4858747e-05
-1.4843811e-05
-1.4828368e-05
-1.4813081e-05
-1.4797688e-05
-1.4781852e-05
-1.4766061e-05
-1.4750267e-05
-1.4734212e-05
-1.4717962e-05
-1.4701852e-05
-1.4685658e-05
-1.466912e-05
-1.4652723e-05
-1.4636364e-05
-1.4619873e-05
-1.4603103e-05
-1.4586617e-05
-1.4570128e-05
-1.4553481e-05
-1.4536675e-05
-1.4520149e-05
-1.4503627e-05
-1.4486998e-05
-1.4470221e-05
-1.4453768e-05
-1.4437357e-05
-1.4420872e-05
-1.4404212e-05
-1.4387837e-05
-1.4371569e-05
-1.4355245e-05
-1.4338844e-05
-1.4322495e-05
-1.4306393e-05
-1.4290299e-05
-1.4274166e-05
-1.4257961e-05
-1.4241955e-05
-1.422614e-05
-1.4210328e-05
-1.4194514e-05
-1.4178665e-05
-1.4163025e-05
-1.414759e-05
-1.4132176e-05
-1.4116761e-05
-1.4101377e-05
-1.4086111e-05
-1.4071152e-05
-1.4045901e-05
-1.401769e-05
-1.3988202e-05
-1.3956096e-05
-1.3923838e-05
-1.3892575e-05
-1.386147e-05
-1.3830965e-05
-1.3800547e-05
-1.3770449e-05
-1.3740933e-05
-1.3711525e-05
-1.3682732e-05
-1.3654444e-05
-1.3626268e-05
-1.3598769e-05
-1.3571801e-05
-1.354503e-05
-1.3518804e-05
-1.349319e-05
-1.3467947e-05
-1.3442918e-05
-1.34187e-05
-1.3394939e-05
-1.3371473e-05
-1.3348328e-05
-1.3325951e-05
-1.330401e-05
-1.3282389e-05
-1.3261042e-05
-1.3240386e-05
-1.3220251e-05
-1.3200425e-05
-1.3180947e-05
-1.3161774e-05
-1.3143275e-05
-1.3125236e-05
-1.3107491e-05
-1.3090059e-05
-1.3072994e-05
-1.3056291e-05
-1.3040182e-05
-1.3024434e-05
-1.3008957e-05
-1.2993784e-05
-1.2978953e-05
-1.2964434e-05
-1.2950317e-05
-1.2936656e-05
-1.2923296e-05
-1.2910197e-05
-1.2897381e-05
-1.2884858e-05
-1.2872621e-05
-1.2860661e-05
-1.2848998e-05
-1.2837755e-05
-1.2826777e-05
-1.281601e-05
-1.2805479e-05
-1.27952e-05
-1.2785167e-05
-1.2775369e-05
-1.2765798e-05
-1.275646e-05
-1.2747326e-05
-1.2738516e-05
-1.2729972e-05
-1.272161e-05
-1.2713426e-05
-1.270544e-05
-1.2697652e-05
-1.2690053e-05
-1.2682638e-05
-1.2675402e-05
-1.2668343e-05
-1.2661457e-05
-1.265474e-05
-1.2648188e-05
-1.2641815e-05
0.0087946584
0.0080273707
0.0077380851
0.0075142831
0.0072725364
0.0070303435
0.0068042386
0.0065830041
0.0063717499
0.0061641619
0.0059652661
0.0057704413
0.0055833064
0.0054002015
0.0052239463
0.0050516554
0.0048855965
0.0047234234
0.0045669896
0.0044143083
0.0042669642
0.0041232181
0.0039844256
0.003848962
0.0037181142
0.0035903867
0.0034669571
0.0033465488
0.0032302371
0.0031167621
0.0030071595
0.0029003155
0.0027971731
0.002696582
0.0025995426
0.0025049728
0.0024138288
0.0023250961
0.0022395959
0.0021562819
0.0020759909
0.0019977929
0.0019224828
0.001849196
0.0017786757
0.0017100853
0.0016441435
0.0015800589
0.0015186376
0.0014589021
0.0014016398
0.0013459982
0.0012926622
0.001240778
0.0011910622
0.0011428055
0.0010965723
0.0010515054
0.0010082309
0.00096615934
0.00092606521
0.00088712698
0.00084986645
0.00081349534
0.00077912971
0.00074566298
0.0007139656
0.00068290254
0.0006533519
0.00062445436
0.000596888
0.00056940886
0.00054370239
0.00051878998
0.00049550669
0.00047274258
0.00045136665
0.00043022789
0.00041044693
0.00039098375
0.00037304633
0.00035562422
0.00033940995
0.00032271477
0.00030709763
0.0002920096
0.00027828591
0.00026421818
0.00025087034
0.00023784864
0.00022575906
0.00021416692
0.00020372325
0.000193215
0.00018360839
0.00017382384
0.00016486682
0.0001558744
0.00014795505
0.00014011094
0.00013293228
0.00012583821
0.00011933289
0.00011261751
0.0001067035
0.00010073789
9.541343e-05
8.9997695e-05
8.5216657e-05
8.0379893e-05
7.6092615e-05
7.1597278e-05
6.7652303e-05
6.3764263e-05
6.0537211e-05
5.7384479e-05
5.4687006e-05
5.1295378e-05
4.8092075e-05
4.4971498e-05
4.2473322e-05
3.9892455e-05
3.7693774e-05
3.5336715e-05
3.3326588e-05
3.1241541e-05
2.9565268e-05
2.7736193e-05
2.6145025e-05
2.4482394e-05
2.334738e-05
2.1944821e-05
2.0527024e-05
1.9054671e-05
1.7924473e-05
1.6679336e-05
1.5658489e-05
1.4535644e-05
1.3630273e-05
1.2621091e-05
1.1835747e-05
1.0957115e-05
1.0287691e-05
9.5871084e-06
9.1285752e-06
8.4027257e-06
7.6419496e-06
6.8785298e-06
6.3401352e-06
5.7323616e-06
5.2445032e-06
4.6649817e-06
4.1916288e-06
3.6295505e-06
3.1551169e-06
2.6199149e-06
1.9866563e-06
1.8345872e-06
-4.5550867e-06
1.0000611e-05
0.0088016492
0.0080342905
0.0077407252
0.0075166857
0.0072745101
0.0070346625
0.0068054933
0.0065858733
0.0063726395
0.0061662829
0.0059659372
0.0057720546
0.0055838203
0.0054014507
0.0052243509
0.0050526583
0.0048859288
0.0047242639
0.0045672739
0.0044150389
0.0042672152
0.0041238708
0.0039846527
0.0038495576
0.0037183233
0.003590939
0.0034671524
0.0033470676
0.0032304216
0.0031172545
0.0030073356
0.0029007869
0.0027973423
0.0026970364
0.0025997063
0.0025054133
0.0024139912
0.0023255252
0.0022397593
0.0021567013
0.0020761528
0.0019982042
0.0019226435
0.0018496003
0.0017788368
0.0017104839
0.0016443035
0.001580453
0.0015187998
0.0014592931
0.0014018037
0.0013463877
0.0012928291
0.0012411683
0.0011912336
0.0011431988
0.0010967458
0.0010519041
0.0010084036
0.00096656559
0.00092623521
0.00088754253
0.00085003036
0.00081392124
0.00077928801
0.00074609975
0.00071412776
0.00068334955
0.0006535175
0.00062491026
0.00059705658
0.00056987206
0.00054387328
0.0005192587
0.00049567924
0.00047321491
0.00045154011
0.00043070165
0.00041062048
0.00039145662
0.00037321917
0.00035609418
0.00033958135
0.00032317977
0.00030726686
0.00029246779
0.00027845232
0.0002646678
0.00025103333
0.00023828819
0.00022591816
0.0002145951
0.00020387804
0.0001936312
0.00018375875
0.00017422774
0.00016501255
0.00015626531
0.00014809602
0.00014048886
0.00013306847
0.00012620309
0.0001194643
0.00011296944
0.0001068302
0.00010107701
9.5535417e-05
9.0323985e-05
8.533392e-05
8.0693369e-05
7.6205211e-05
7.1898114e-05
6.7760273e-05
6.4052544e-05
6.0640597e-05
5.7660364e-05
5.4785887e-05
5.1559108e-05
4.81865e-05
4.5223071e-05
4.2563283e-05
4.0131893e-05
3.7779301e-05
3.5564048e-05
3.3407716e-05
3.1457005e-05
2.9642073e-05
2.7939928e-05
2.6217549e-05
2.4674476e-05
2.3415657e-05
2.212542e-05
2.059114e-05
1.9224022e-05
1.7984512e-05
1.6837673e-05
1.5714548e-05
1.4683252e-05
1.3682468e-05
1.2758309e-05
1.1884212e-05
1.1084321e-05
1.0332574e-05
9.7047194e-06
9.1700336e-06
8.5112012e-06
7.6801578e-06
6.9783411e-06
6.3752657e-06
5.8240013e-06
5.2767366e-06
4.7489532e-06
4.2211434e-06
3.7063607e-06
3.1820973e-06
2.6899163e-06
2.0115437e-06
1.8954137e-06
-4.5252205e-06
1.0045006e-05
0.0088029726
0.008035971
0.0077404841
0.0075163587
0.007274208
0.0070341715
0.0068052868
0.0065855482
0.006372499
0.0061660464
0.0059658324
0.0057718746
0.0055837397
0.0054013113
0.0052242879
0.0050525471
0.0048858781
0.0047241719
0.0045672317
0.0044149599
0.0042671788
0.0041238011
0.0039846205
0.0038494945
0.0037182941
0.0035908809
0.0034671255
0.0033470134
0.0032303965
0.0031172033
0.0030073119
0.0029007382
0.0027973198
0.0026969896
0.0025996847
0.0025053681
0.0024139701
0.0023254813
0.0022397384
0.0021566586
0.0020761324
0.0019981625
0.0019226234
0.0018495595
0.0017788169
0.0017104437
0.001644284
0.0015804134
0.0015187803
0.001459254
0.0014017842
0.0013463489
0.0012928095
0.0012411295
0.0011912137
0.0011431599
0.0010967258
0.0010518647
0.0010083837
0.00096652555
0.00092621547
0.00088750162
0.00085001106
0.00081387934
0.00077926906
0.00074605679
0.00071410835
0.00068330557
0.00065349767
0.0006248654
0.00059703638
0.00056982647
0.00054385279
0.00051921257
0.00049565856
0.00047316841
0.00045151932
0.00043065503
0.00041059969
0.00039141011
0.00037319848
0.00035604797
0.00033956087
0.00032313408
0.00030724667
0.00029242281
0.00027843249
0.00026462369
0.00025101394
0.00023824509
0.00022589926
0.00021455315
0.00020385969
0.00019359045
0.00018374095
0.00017418821
0.00016499531
0.00015622707
0.00014807936
0.0001404519
0.00013305238
0.00012616742
0.00011944878
0.00011293504
0.00010681524
0.00010104386
9.5521006e-05
9.0292077e-05
8.5320057e-05
8.0662705e-05
7.6191889e-05
7.1868676e-05
6.7747487e-05
6.4024324e-05
6.0628343e-05
5.7633346e-05
5.4774154e-05
5.1533266e-05
4.8175282e-05
4.5198408e-05
4.2552583e-05
4.0108409e-05
3.7769117e-05
3.554174e-05
3.3398045e-05
3.1435853e-05
2.9632909e-05
2.7919919e-05
2.6208887e-05
2.4655604e-05
2.3407495e-05
2.2107671e-05
2.058347e-05
1.9207372e-05
1.7977325e-05
1.6822102e-05
1.5707834e-05
1.4668734e-05
1.3676215e-05
1.2744812e-05
1.1878405e-05
1.1071808e-05
1.0327195e-05
9.6931485e-06
9.1650633e-06
8.5005282e-06
7.6755767e-06
6.9685207e-06
6.3710534e-06
5.8149851e-06
5.2728715e-06
4.7406921e-06
4.2176041e-06
3.6988052e-06
3.1788613e-06
2.6830327e-06
2.0085564e-06
1.8894348e-06
-4.5252606e-06
1.0041198e-05
0.0088033306
0.008037257
0.0077406263
0.0075161745
0.0072740058
0.007033868
0.0068051353
0.0065853472
0.0063724002
0.0061659037
0.0059657598
0.0057717658
0.0055836834
0.0054012269
0.0052242442
0.0050524807
0.0048858439
0.004724118
0.0045672041
0.0044149146
0.0042671559
0.0041237618
0.0039846008
0.0038494597
0.0037182768
0.0035908493
0.0034671099
0.0033469841
0.0032303823
0.003117176
0.0030072987
0.0029007123
0.0027973074
0.002696965
0.002599673
0.0025053445
0.0024139588
0.0023254586
0.0022397274
0.0021566366
0.0020761217
0.0019981411
0.0019226131
0.0018495387
0.0017788069
0.0017104234
0.0016442742
0.0015803936
0.0015187707
0.0014592345
0.0014017747
0.0013463297
0.0012928001
0.0012411105
0.0011912043
0.001143141
0.0010967165
0.0010518457
0.0010083747
0.00096650639
0.0009262067
0.00088748219
0.00085000267
0.00081385954
0.00077926098
0.00074603658
0.00071410015
0.00068328497
0.00065348936
0.00062484444
0.00059702798
0.00056980523
0.00054384432
0.00051919111
0.00049565003
0.00047314683
0.00045151079
0.00043063341
0.0004105912
0.00039138858
0.00037319006
0.00035602661
0.00033955256
0.00032311299
0.0003072385
0.00029240207
0.0002784245
0.00026460338
0.00025100615
0.00023822527
0.00022589169
0.00021453386
0.00020385235
0.00019357173
0.00018373385
0.00017417007
0.00016498844
0.00015620954
0.00014807274
0.00014043496
0.00013304599
0.00012615107
0.00011944262
0.00011291927
0.00010680929
0.00010102866
9.5515278e-05
9.0277444e-05
8.5314538e-05
8.0648634e-05
7.6186577e-05
7.1855157e-05
6.7742377e-05
6.4011354e-05
6.0623434e-05
5.7620917e-05
5.476944e-05
5.1521365e-05
4.817076e-05
4.5187036e-05
4.2548256e-05
4.0097567e-05
3.7764986e-05
3.5531429e-05
3.3394109e-05
3.1426064e-05
2.9629167e-05
2.7910648e-05
2.6205338e-05
2.4646849e-05
2.3404141e-05
2.2099426e-05
2.0580308e-05
1.919963e-05
1.7974353e-05
1.6814853e-05
1.570505e-05
1.4661968e-05
1.3673616e-05
1.2738515e-05
1.1875985e-05
1.1065965e-05
1.0324948e-05
9.6877404e-06
9.1629827e-06
8.4955357e-06
7.673655e-06
6.9639233e-06
6.3692829e-06
5.8107612e-06
5.2712439e-06
4.7368195e-06
4.2161109e-06
3.6952616e-06
3.1774934e-06
2.6798034e-06
2.0072903e-06
1.8866296e-06
-4.5231156e-06
1.0041549e-05
0.0088038234
0.0080381901
0.0077408813
0.0075160908
0.0072738688
0.0070337234
0.0068050146
0.0065852502
0.0063723256
0.0061658398
0.005965706
0.0057717168
0.0055836413
0.0054011886
0.0052242117
0.0050524516
0.0048858195
0.004724096
0.0045671856
0.0044148977
0.0042671414
0.0041237484
0.0039845893
0.0038494487
0.0037182673
0.00359084
0.0034671019
0.0033469762
0.0032303753
0.003117169
0.0030072926
0.0029007061
0.0027973019
0.0026969594
0.0025996681
0.0025053395
0.0024139544
0.002325454
0.0022397234
0.0021566324
0.0020761181
0.0019981373
0.0019226098
0.0018495352
0.0017788039
0.0017104203
0.0016442716
0.0015803907
0.0015187683
0.001459232
0.0014017727
0.0013463275
0.0012927984
0.0012411087
0.0011912029
0.0011431394
0.0010967154
0.0010518444
0.0010083738
0.00096650537
0.00092620612
0.00088748139
0.00085000233
0.00081385894
0.00077926084
0.00074603613
0.00071410016
0.00068328465
0.00065348951
0.00062484424
0.00059702823
0.00056980511
0.00054384465
0.00051919107
0.00049565045
0.00047314685
0.00045151126
0.00043063349
0.00041059173
0.00039138871
0.00037319065
0.00035602681
0.0003395532
0.00032311324
0.00030723918
0.00029240236
0.00027842522
0.00026460371
0.0002510069
0.00023822562
0.00022589245
0.00021453425
0.00020385313
0.00019357214
0.00018373463
0.00017417049
0.00016498922
0.00015620996
0.00014807351
0.00014043538
0.00013304675
0.00012615148
0.00011944335
0.00011291967
0.00010681
0.00010102904
9.5515948e-05
9.0277802e-05
8.5315168e-05
8.0648962e-05
7.6187164e-05
7.1855454e-05
6.7742921e-05
6.4011618e-05
6.0623934e-05
5.7621147e-05
5.4769893e-05
5.1521558e-05
4.8171167e-05
4.5187195e-05
4.2548618e-05
4.0097693e-05
3.7765306e-05
3.5531523e-05
3.3394388e-05
3.142613e-05
2.9629409e-05
2.7910688e-05
2.6205545e-05
2.4646866e-05
2.3404316e-05
2.2099424e-05
2.0580455e-05
1.919961e-05
1.7974474e-05
1.6814819e-05
1.5705149e-05
1.4661923e-05
1.3673695e-05
1.2738462e-05
1.1876048e-05
1.1065905e-05
1.0324997e-05
9.6876756e-06
9.1630183e-06
8.4954673e-06
7.67368e-06
6.9638537e-06
6.3692992e-06
5.8106916e-06
5.271253e-06
4.7367511e-06
4.2161142e-06
3.6951956e-06
3.1774914e-06
2.6797415e-06
2.0072825e-06
1.8865764e-06
-4.5191775e-06
1.0044065e-05
0.0088046877
0.0080388959
0.0077409443
0.0075159964
0.0072737031
0.007033556
0.006804862
0.0065851347
0.0063722303
0.0061657639
0.0059656373
0.0057716586
0.0055835872
0.0054011429
0.0052241699
0.0050524169
0.0048857879
0.0047240701
0.0045671618
0.004414878
0.0042671229
0.0041237331
0.0039845746
0.0038494364
0.0037182552
0.0035908299
0.0034670917
0.0033469677
0.0032303666
0.0031171617
0.0030072849
0.0029006998
0.0027972952
0.0026969538
0.0025996621
0.0025053345
0.002413949
0.0023254496
0.0022397185
0.0021566285
0.0020761137
0.0019981338
0.0019226059
0.0018495322
0.0017788004
0.0017104177
0.0016442685
0.0015803885
0.0015187657
0.0014592302
0.0014017705
0.0013463261
0.0012927967
0.0012411077
0.0011912016
0.0011431389
0.0010967145
0.0010518443
0.0010083733
0.00096650563
0.00092620594
0.00088748201
0.00085000244
0.00081385987
0.0007792612
0.00074603734
0.00071410076
0.0006832861
0.0006534903
0.00062484587
0.00059702919
0.00056980692
0.00054384575
0.000519193
0.00049565166
0.00047314889
0.00045151256
0.00043063562
0.00041059311
0.00039139091
0.0003731921
0.00035602906
0.00033955471
0.00032311554
0.00030724073
0.00029240468
0.00027842681
0.00026460604
0.0002510085
0.00023822796
0.00022589406
0.00021453656
0.00020385473
0.00019357443
0.00018373623
0.00017417273
0.00016499079
0.00015621216
0.00014807505
0.00014043753
0.00013304825
0.00012615357
0.00011944481
0.00011292169
0.00010681141
0.00010103098
9.5517293e-05
9.027965e-05
8.5316445e-05
8.0650718e-05
7.618837e-05
7.1857118e-05
6.7744054e-05
6.4013188e-05
6.0624992e-05
5.7622622e-05
5.4770875e-05
5.1522935e-05
4.8172073e-05
4.5188477e-05
4.254945e-05
4.0098882e-05
3.7766066e-05
3.553262e-05
3.3395077e-05
3.142714e-05
2.9630033e-05
2.7911615e-05
2.6206107e-05
2.4647713e-05
2.3404819e-05
2.2100196e-05
2.0580904e-05
1.920031e-05
1.7974872e-05
1.6815453e-05
1.5705502e-05
1.4662496e-05
1.3674007e-05
1.2738979e-05
1.1876323e-05
1.106637e-05
1.0325237e-05
9.6880924e-06
9.1632275e-06
8.4958403e-06
7.6738621e-06
6.9641875e-06
6.3694573e-06
5.8109899e-06
5.2713898e-06
4.7370178e-06
4.2162321e-06
3.6954344e-06
3.1775925e-06
2.6799563e-06
2.0073677e-06
1.8867632e-06
-4.5146628e-06
1.0046892e-05
0.0088057881
0.0080394398
0.0077408998
0.0075158773
0.0072734948
0.007033335
0.0068046646
0.0065849778
0.0063721042
0.0061656593
0.0059655458
0.005771578
0.0055835151
0.0054010795
0.0052241138
0.0050523682
0.0048857453
0.0047240332
0.0045671293
0.0044148497
0.0042670975
0.0041237107
0.0039845543
0.0038494182
0.0037182385
0.0035908148
0.0034670776
0.0033469547
0.0032303544
0.0031171504
0.0030072742
0.0029006898
0.0027972856
0.0026969449
0.0025996536
0.0025053266
0.0024139413
0.0023254424
0.0022397116
0.0021566219
0.0020761074
0.0019981279
0.0019226002
0.0018495268
0.0017787953
0.0017104129
0.0016442639
0.0015803843
0.0015187617
0.0014592265
0.001401767
0.001346323
0.0012927937
0.0012411051
0.0011911992
0.0011431368
0.0010967126
0.0010518428
0.0010083719
0.00096650453
0.00092620494
0.00088748134
0.00085000185
0.00081385959
0.00077926095
0.00074603738
0.0007141008
0.00068328641
0.0006534906
0.00062484642
0.0005970297
0.00056980765
0.00054384643
0.00051919389
0.00049565248
0.00047314991
0.0004515135
0.00043063675
0.00041059415
0.00039139214
0.00037319323
0.00035603037
0.00033955591
0.00032311691
0.00030724199
0.00029240611
0.00027842812
0.00026460751
0.00025100985
0.00023822944
0.00022589543
0.00021453806
0.00020385611
0.00019357593
0.00018373761
0.00017417422
0.00016499216
0.00015621364
0.00014807641
0.00014043898
0.00013304958
0.00012615498
0.0001194461
0.00011292306
0.00010681265
0.00010103229
9.5518483e-05
9.0280904e-05
8.5317571e-05
8.0651903e-05
7.6189429e-05
7.1858231e-05
6.7745043e-05
6.4014226e-05
6.062591e-05
5.7623584e-05
5.4771717e-05
5.1523817e-05
4.8172839e-05
4.518928e-05
4.2550142e-05
4.0099608e-05
3.7766687e-05
3.5533271e-05
3.3395628e-05
3.1427721e-05
2.9630519e-05
2.7912129e-05
2.6206531e-05
2.4648164e-05
2.3405187e-05
2.2100589e-05
2.058122e-05
1.920065e-05
1.7975141e-05
1.6815746e-05
1.5705728e-05
1.4662747e-05
1.3674196e-05
1.2739191e-05
1.187648e-05
1.106655e-05
1.0325366e-05
9.6882411e-06
9.1633297e-06
8.4959626e-06
7.6739422e-06
6.9642879e-06
6.3695189e-06
5.8110715e-06
5.2714357e-06
4.737084e-06
4.2162649e-06
3.6954881e-06
3.1776136e-06
2.6800009e-06
2.0073775e-06
1.8868024e-06
-4.5097363e-06
1.0049915e-05
0.0088069217
0.0080398938
0.0077408138
0.0075157409
0.0072732477
0.0070330648
0.0068044203
0.0065847795
0.0063719444
0.0061655252
0.0059654294
0.0057714745
0.0055834229
0.0054009975
0.0052240416
0.0050523049
0.00488569
0.0047239849
0.0045670869
0.0044148124
0.0042670644
0.0041236811
0.0039845278
0.0038493942
0.0037182166
0.0035907947
0.0034670591
0.0033469376
0.0032303384
0.0031171355
0.0030072602
0.0029006766
0.0027972732
0.0026969331
0.0025996424
0.0025053159
0.0024139312
0.0023254328
0.0022397024
0.0021566132
0.0020760991
0.00199812
0.0019225926
0.0018495197
0.0017787885
0.0017104065
0.0016442578
0.0015803786
0.0015187563
0.0014592215
0.0014017623
0.0013463186
0.0012927897
0.0012411014
0.0011911958
0.0011431337
0.0010967098
0.0010518403
0.0010083697
0.00096650267
0.00092620337
0.00088748001
0.00085000078
0.00081385872
0.00077926032
0.00074603692
0.00071410054
0.00068328629
0.00065349065
0.00062484658
0.00059703001
0.00056980806
0.00054384697
0.00051919449
0.00049565319
0.00047315067
0.00045151435
0.00043063764
0.00041059513
0.00039139314
0.00037319432
0.00035603147
0.0003395571
0.0003231181
0.00030724325
0.00029240737
0.00027842944
0.00026460883
0.00025101122
0.00023823079
0.00022589683
0.00021453943
0.00020385753
0.00019357733
0.00018373904
0.00017417562
0.00016499358
0.00015621503
0.00014807782
0.00014044035
0.00013305097
0.00012615633
0.00011944745
0.00011292436
0.00010681396
0.00010103355
9.5519738e-05
9.0282103e-05
8.531876e-05
8.0653035e-05
7.6190547e-05
7.185929e-05
6.7746086e-05
6.401521e-05
6.0626875e-05
5.7624491e-05
5.4772601e-05
5.152464e-05
4.8173639e-05
4.5190023e-05
4.2550861e-05
4.0100271e-05
3.7767327e-05
3.5533855e-05
3.339619e-05
3.1428232e-05
2.963101e-05
2.7912571e-05
2.6206954e-05
2.4648541e-05
2.3405547e-05
2.2100908e-05
2.0581523e-05
1.9200914e-05
1.7975391e-05
1.6815961e-05
1.5705934e-05
1.466292e-05
1.3674362e-05
1.2739328e-05
1.187661e-05
1.1066655e-05
1.0325465e-05
9.6883179e-06
9.1634019e-06
8.4960156e-06
7.6739919e-06
6.9643216e-06
6.3695498e-06
5.8110897e-06
5.2714511e-06
4.7370899e-06
4.2162675e-06
3.6954851e-06
3.1776054e-06
2.679993e-06
2.0073578e-06
1.8867955e-06
-4.5043581e-06
1.0053284e-05
0.0088079782
0.0080403851
0.0077407602
0.0075155921
0.0072729642
0.0070327457
0.006804125
0.0065845355
0.0063717459
0.0061653579
0.0059652837
0.0057713448
0.005583307
0.0054008942
0.0052239502
0.0050522244
0.0048856195
0.0047239231
0.0045670327
0.0044147645
0.0042670219
0.0041236432
0.0039844938
0.0038493634
0.0037181886
0.003590769
0.0034670354
0.0033469156
0.003230318
0.0031171164
0.0030072424
0.0029006598
0.0027972573
0.0026969181
0.0025996282
0.0025053024
0.0024139184
0.0023254205
0.0022396908
0.0021566021
0.0020760885
0.00199811
0.0019225831
0.0018495106
0.0017787799
0.0017103983
0.0016442501
0.0015803713
0.0015187494
0.001459215
0.0014017563
0.001346313
0.0012927844
0.0012410966
0.0011911914
0.0011431297
0.0010967062
0.0010518371
0.0010083669
0.00096650017
0.00092620122
0.00088747817
0.00084999925
0.00081385746
0.00077925933
0.00074603615
0.0007141
0.00068328595
0.0006534905
0.00062484659
0.00059703018
0.00056980836
0.00054384741
0.00051919503
0.00049565385
0.00047315141
0.00045151519
0.00043063854
0.00041059612
0.00039139418
0.00037319544
0.00035603264
0.00033955833
0.00032311937
0.00030724458
0.00029240873
0.00027843084
0.00026461025
0.00025101268
0.00023823226
0.00022589832
0.00021454093
0.00020385906
0.00019357885
0.00018374059
0.00017417715
0.00016499513
0.00015621656
0.00014807936
0.00014044186
0.00013305249
0.00012615782
0.00011944894
0.00011292582
0.0001068154
0.00010103496
9.5521122e-05
9.0283444e-05
8.5320074e-05
8.0654303e-05
7.6191785e-05
7.186048e-05
6.7747243e-05
6.4016317e-05
6.0627948e-05
5.7625513e-05
5.4773584e-05
5.152557e-05
4.817453e-05
4.5190861e-05
4.2551661e-05
4.0101019e-05
3.7768037e-05
3.5534514e-05
3.3396813e-05
3.1428808e-05
2.9631553e-05
2.7913068e-05
2.620742e-05
2.4648964e-05
2.3405942e-05
2.2101264e-05
2.0581854e-05
1.9201207e-05
1.7975662e-05
1.6816199e-05
1.5706153e-05
1.466311e-05
1.3674535e-05
1.2739476e-05
1.1876744e-05
1.1066767e-05
1.0325565e-05
9.6883976e-06
9.1634707e-06
8.4960678e-06
7.6740352e-06
6.9643521e-06
6.3695722e-06
5.8111024e-06
5.2714564e-06
4.737089e-06
4.2162588e-06
3.6954743e-06
3.1775849e-06
2.6799765e-06
2.007325e-06
1.8867816e-06
-4.4985228e-06
1.0057025e-05
0.0088088927
0.0080410002
0.0077407529
0.0075154344
0.0072726464
0.0070323749
0.0068037736
0.0065842393
0.0063715018
0.0061651513
0.0059651031
0.0057711837
0.0055831626
0.0054007649
0.0052238352
0.0050521229
0.0048855301
0.0047238446
0.0045669635
0.0044147035
0.0042669677
0.0041235947
0.0039844502
0.0038493242
0.0037181528
0.0035907363
0.0034670053
0.0033468878
0.0032302921
0.0031170923
0.0030072197
0.0029006385
0.0027972373
0.0026968992
0.0025996102
0.0025052854
0.0024139022
0.0023254052
0.0022396762
0.0021565882
0.0020760753
0.0019980974
0.0019225711
0.0018494992
0.001778769
0.001710388
0.0016442404
0.0015803621
0.0015187407
0.0014592069
0.0014017486
0.0013463059
0.0012927778
0.0012410905
0.0011911858
0.0011431246
0.0010967016
0.0010518329
0.0010083631
0.00096649686
0.00092619831
0.00088747565
0.00084999709
0.00081385565
0.00077925782
0.00074603494
0.00071409904
0.00068328525
0.00065349002
0.00062484632
0.0005970301
0.00056980846
0.00054384765
0.00051919541
0.00049565435
0.00047315203
0.00045151591
0.00043063936
0.00041059702
0.00039139518
0.0003731965
0.00035603378
0.00033955954
0.00032312064
0.0003072459
0.0002924101
0.00027843226
0.00026461171
0.00025101416
0.00023823377
0.00022589986
0.00021454248
0.00020386064
0.00019358045
0.0001837422
0.00017417876
0.00016499674
0.00015621817
0.00014808098
0.00014044347
0.00013305409
0.00012615941
0.00011945052
0.00011292737
0.00010681694
0.00010103647
9.5522603e-05
9.0284889e-05
8.5321483e-05
8.0655673e-05
7.6193115e-05
7.1861769e-05
6.7748488e-05
6.4017519e-05
6.0629103e-05
5.7626623e-05
5.4774644e-05
5.1526581e-05
4.8175491e-05
4.5191774e-05
4.2552523e-05
4.0101834e-05
3.7768804e-05
3.553523e-05
3.3397484e-05
3.1429434e-05
2.9632135e-05
2.7913607e-05
2.6207918e-05
2.4649422e-05
2.3406361e-05
2.2101646e-05
2.0582201e-05
1.920152e-05
1.7975944e-05
1.6816451e-05
1.5706377e-05
1.4663308e-05
1.367471e-05
1.2739628e-05
1.1876876e-05
1.1066879e-05
1.0325659e-05
9.6884733e-06
9.1635303e-06
8.4961135e-06
7.6740675e-06
6.964374e-06
6.369582e-06
5.8111051e-06
5.2714479e-06
4.7370769e-06
4.2162355e-06
3.6954518e-06
3.1775491e-06
2.6799487e-06
2.0072756e-06
1.8867573e-06
-4.4922627e-06
1.0061132e-05
0.0088096275
0.0080417246
0.0077407683
0.0075152733
0.0072722978
0.0070319506
0.0068033614
0.0065838832
0.0063712043
0.0061648977
0.0059648807
0.0057709847
0.0055829834
0.0054006039
0.0052236913
0.0050519952
0.0048854172
0.004723745
0.0045668755
0.0044146257
0.0042668985
0.0041235329
0.0039843947
0.0038492741
0.0037181073
0.0035906947
0.003466967
0.0033468524
0.0032302593
0.0031170617
0.0030071911
0.0029006117
0.002797212
0.0026968753
0.0025995876
0.002505264
0.0024138819
0.0023253859
0.0022396578
0.0021565708
0.0020760586
0.0019980816
0.001922556
0.0018494849
0.0017787554
0.0017103752
0.0016442282
0.0015803506
0.0015187298
0.0014591967
0.001401739
0.0013462969
0.0012927695
0.0012410827
0.0011911786
0.001143118
0.0010966955
0.0010518275
0.0010083582
0.00096649248
0.00092619441
0.00088747223
0.0008499941
0.00081385308
0.00077925561
0.0007460331
0.00071409751
0.00068328403
0.00065348906
0.00062484562
0.00059702962
0.00056980819
0.00054384756
0.0005191955
0.00049565459
0.00047315241
0.0004515164
0.00043063997
0.00041059774
0.000391396
0.00037319742
0.00035603478
0.00033956063
0.0003231218
0.00030724712
0.00029241139
0.0002784336
0.00026461311
0.0002510156
0.00023823525
0.00022590136
0.00021454401
0.0002038622
0.00019358204
0.00018374381
0.00017418037
0.00016499837
0.00015621981
0.00014808262
0.00014044511
0.00013305573
0.00012616104
0.00011945214
0.00011292898
0.00010681853
0.00010103803
9.5524134e-05
9.0286388e-05
8.5322945e-05
8.0657098e-05
7.6194499e-05
7.1863112e-05
6.7749786e-05
6.4018774e-05
6.0630311e-05
5.7627785e-05
5.4775753e-05
5.152764e-05
4.8176497e-05
4.5192729e-05
4.2553425e-05
4.0102686e-05
3.7769604e-05
3.5535978e-05
3.3398182e-05
3.1430085e-05
2.9632739e-05
2.7914166e-05
2.6208431e-05
2.4649892e-05
2.3406791e-05
2.2102036e-05
2.0582554e-05
1.9201836e-05
1.7976225e-05
1.68167e-05
1.5706597e-05
1.46635e-05
1.3674876e-05
1.273977e-05
1.1876996e-05
1.1066979e-05
1.0325739e-05
9.6885346e-06
9.1635745e-06
8.4961428e-06
7.6740825e-06
6.9643785e-06
6.3695735e-06
5.8110897e-06
5.2714204e-06
4.7370466e-06
4.2161929e-06
3.6954112e-06
3.1774938e-06
2.6799032e-06
2.0072063e-06
1.8867179e-06
-4.4856075e-06
1.0065563e-05
0.0088101425
0.0080425413
0.0077408094
0.007515116
0.0072719236
0.0070314727
0.0068028842
0.0065834595
0.0063708449
0.0061645886
0.0059646083
0.0057707401
0.0055827622
0.0054004041
0.0052235118
0.005051835
0.0048852748
0.004723619
0.0045667638
0.0044145267
0.0042668104
0.0041234542
0.0039843238
0.0038492103
0.0037180494
0.0035906418
0.0034669185
0.0033468077
0.0032302178
0.0031170231
0.003007155
0.0029005779
0.0027971801
0.0026968453
0.0025995593
0.0025052372
0.0024138564
0.0023253618
0.0022396348
0.002156549
0.0020760379
0.0019980619
0.0019225372
0.0018494671
0.0017787385
0.0017103591
0.0016442129
0.0015803362
0.0015187162
0.0014591838
0.001401727
0.0013462856
0.0012927589
0.0012410729
0.0011911695
0.0011431096
0.0010966879
0.0010518204
0.0010083518
0.00096648674
0.00092618925
0.00088746764
0.00084999004
0.0008138495
0.00077925249
0.0007460304
0.00071409519
0.00068328208
0.00065348742
0.0006248443
0.00059702856
0.0005698074
0.00054384699
0.00051919514
0.0004956544
0.0004731524
0.00045151654
0.00043064025
0.00041059815
0.00039139653
0.00037319806
0.00035603554
0.00033956148
0.00032312275
0.00030724814
0.00029241249
0.00027843477
0.00026461434
0.00025101689
0.00023823658
0.00022590275
0.00021454543
0.00020386367
0.00019358353
0.00018374534
0.00017418192
0.00016499993
0.00015622139
0.00014808422
0.00014044671
0.00013305734
0.00012616264
0.00011945374
0.00011293057
0.00010682011
0.00010103959
9.552567e-05
9.0287892e-05
8.5324415e-05
8.0658533e-05
7.6195895e-05
7.1864469e-05
6.77511e-05
6.4020045e-05
6.0631536e-05
5.7628964e-05
5.477688e-05
5.1528714e-05
4.8177518e-05
4.5193699e-05
4.2554341e-05
4.010355e-05
3.7770415e-05
3.5536735e-05
3.3398888e-05
3.1430741e-05
2.9633348e-05
2.7914727e-05
2.6208946e-05
2.4650361e-05
2.3407217e-05
2.2102421e-05
2.0582899e-05
1.9202142e-05
1.7976496e-05
1.6816937e-05
1.5706803e-05
1.4663676e-05
1.3675026e-05
1.2739894e-05
1.1877098e-05
1.1067059e-05
1.0325799e-05
9.6885745e-06
9.1635969e-06
8.49615e-06
7.6740751e-06
6.9643603e-06
6.3695423e-06
5.8110515e-06
5.27137e-06
4.7369937e-06
4.2161275e-06
3.6953487e-06
3.1774158e-06
2.6798374e-06
2.0071139e-06
1.8866601e-06
-4.4785993e-06
1.0070297e-05
0.008810418
0.0080434672
0.0077408837
0.007514971
0.0072715314
0.0070309436
0.0068023392
0.0065829611
0.0063704142
0.0061642144
0.0059642765
0.0057704408
0.0055824904
0.0054001573
0.0052232887
0.0050516347
0.0048850958
0.0047234597
0.004566622
0.0044144008
0.0042666981
0.0041233539
0.0039842335
0.0038491288
0.0037179755
0.0035905746
0.0034668568
0.0033467509
0.0032301652
0.0031169743
0.0030071094
0.0029005352
0.0027971401
0.0026968077
0.0025995237
0.0025052036
0.0024138246
0.0023253316
0.0022396062
0.0021565218
0.002076012
0.0019980373
0.0019225138
0.0018494449
0.0017787173
0.0017103391
0.0016441939
0.0015803182
0.0015186992
0.0014591678
0.0014017119
0.0013462715
0.0012927457
0.0012410606
0.001191158
0.001143099
0.0010966781
0.0010518115
0.0010083436
0.00096647928
0.00092618249
0.00088746156
0.00084998457
0.00081384464
0.00077924816
0.00074602658
0.00071409182
0.00068327916
0.00065348489
0.00062484214
0.00059702673
0.00056980588
0.00054384573
0.00051919414
0.00049565363
0.00047315182
0.00045151615
0.00043064003
0.0004105981
0.00039139663
0.0003731983
0.0003560359
0.00033956197
0.00032312335
0.00030724884
0.00029241329
0.00027843566
0.00026461532
0.00025101793
0.00023823769
0.00022590391
0.00021454664
0.00020386494
0.00019358485
0.00018374671
0.00017418331
0.00016500136
0.00015622285
0.00014808571
0.0001404482
0.00013305885
0.00012616416
0.00011945526
0.00011293209
0.00010682162
0.00010104109
9.5527153e-05
9.028935e-05
8.5325843e-05
8.065993e-05
7.6197257e-05
7.1865794e-05
6.7752385e-05
6.402129e-05
6.0632738e-05
5.7630121e-05
5.4777987e-05
5.1529772e-05
4.8178523e-05
4.5194653e-05
4.2555241e-05
4.0104398e-05
3.777121e-05
3.5537476e-05
3.3399578e-05
3.1431382e-05
2.963394e-05
2.791527e-05
2.6209442e-05
2.4650811e-05
2.3407623e-05
2.2102785e-05
2.0583224e-05
1.9202426e-05
1.7976743e-05
1.6817149e-05
1.5706984e-05
1.4663826e-05
1.3675149e-05
1.2739991e-05
1.1877172e-05
1.1067111e-05
1.0325831e-05
9.6885865e-06
9.1635913e-06
8.4961288e-06
7.6740397e-06
6.9643143e-06
6.3694833e-06
5.8109863e-06
5.2712925e-06
4.7369145e-06
4.2160357e-06
3.6952613e-06
3.1773118e-06
2.6797481e-06
2.0069954e-06
1.8865819e-06
-4.4712767e-06
1.0075443e-05
0.0088104443
0.0080445209
0.0077409997
0.0075148479
0.0072711311
0.0070303687
0.0068017253
0.0065823818
0.006369903
0.0061637649
0.005963875
0.0057700766
0.0055821577
0.0053998535
0.0052230124
0.0050513849
0.0048848712
0.0047232587
0.0045664424
0.0044142405
0.0042665548
0.0041232257
0.0039841183
0.0038490247
0.0037178812
0.0035904888
0.0034667783
0.0033466788
0.0032300985
0.0031169125
0.0030070518
0.0029004815
0.0027970896
0.0026967603
0.002599479
0.0025051615
0.0024137847
0.0023252938
0.0022395703
0.0021564878
0.0020759797
0.0019980066
0.0019224846
0.0018494172
0.001778691
0.0017103142
0.0016441702
0.0015802958
0.001518678
0.0014591479
0.001401693
0.0013462538
0.0012927291
0.0012410451
0.0011911435
0.0011430856
0.0010966656
0.0010518
0.0010083331
0.00096646964
0.00092617368
0.00088745356
0.00084997732
0.0008138381
0.00077924226
0.00074602131
0.00071408709
0.00068327497
0.00065348116
0.00062483886
0.00059702384
0.00056980337
0.00054384355
0.00051919226
0.00049565202
0.00047315048
0.00045151503
0.00043063913
0.00041059738
0.00039139611
0.00037319794
0.00035603572
0.00033956194
0.00032312346
0.00030724907
0.00029241365
0.00027843612
0.00026461589
0.00025101859
0.00023823843
0.00022590473
0.00021454753
0.00020386591
0.00019358589
0.00018374782
0.00017418445
0.00016500255
0.00015622408
0.00014808699
0.0001404495
0.00013306019
0.00012616551
0.00011945663
0.00011293346
0.000106823
0.00010104246
9.5528518e-05
9.0290695e-05
8.5327166e-05
8.0661228e-05
7.6198527e-05
7.1867032e-05
6.7753588e-05
6.4022458e-05
6.0633866e-05
5.7631211e-05
5.4779029e-05
5.1530766e-05
4.8179468e-05
4.5195551e-05
4.2556086e-05
4.0105195e-05
3.7771956e-05
3.5538168e-05
3.3400221e-05
3.1431976e-05
2.9634487e-05
2.791577e-05
2.6209896e-05
2.465122e-05
2.3407989e-05
2.2103109e-05
2.0583508e-05
1.920267e-05
1.7976951e-05
1.6817322e-05
1.5707127e-05
1.4663938e-05
1.3675235e-05
1.274005e-05
1.187721e-05
1.1067126e-05
1.0325826e-05
9.6885615e-06
9.1635491e-06
8.496072e-06
7.6739691e-06
6.9642339e-06
6.3693905e-06
5.8108881e-06
5.2711825e-06
4.7368042e-06
4.2159126e-06
3.6951445e-06
3.1771779e-06
2.6796319e-06
2.0068472e-06
1.8864798e-06
-4.4636894e-06
1.0081216e-05
0.0088101918
0.0080457158
0.0077411673
0.007514757
0.0072707351
0.0070297571
0.0068010441
0.006581718
0.0063693028
0.0061632295
0.0059633925
0.0057696361
0.005581753
0.0053994814
0.0052226715
0.0050510747
0.0048845902
0.0047230057
0.0045662149
0.0044140368
0.004266372
0.0041230619
0.0039839709
0.0038488917
0.0037177604
0.003590379
0.003466678
0.0033465868
0.0032300137
0.003116834
0.0030069788
0.0029004134
0.0027970259
0.0026967006
0.0025994228
0.0025051085
0.0024137346
0.0023252465
0.0022395254
0.0021564453
0.0020759393
0.0019979683
0.0019224482
0.0018493827
0.0017786582
0.0017102831
0.0016441407
0.0015802679
0.0015186516
0.0014591229
0.0014016695
0.0013462316
0.0012927083
0.0012410256
0.0011911253
0.0011430686
0.0010966498
0.0010517854
0.0010083196
0.00096645723
0.00092616227
0.00088744313
0.00084996778
0.00081382941
0.00077923435
0.00074601413
0.00071408058
0.0006832691
0.00065347585
0.0006248341
0.00059701956
0.00056979956
0.00054384014
0.00051918923
0.00049564932
0.00047314809
0.00045151291
0.00043063728
0.00041059578
0.00039139474
0.00037319679
0.00035603476
0.00033956118
0.00032312288
0.00030724865
0.00029241337
0.00027843599
0.0002646159
0.00025101871
0.00023823867
0.00022590507
0.00021454795
0.00020386644
0.00019358651
0.00018374853
0.00017418523
0.00016500338
0.00015622498
0.00014808795
0.00014045051
0.00013306124
0.0001261666
0.00011945775
0.00011293461
0.00010682417
0.00010104363
9.5529687e-05
9.0291856e-05
8.5328313e-05
8.066236e-05
7.6199638e-05
7.1868121e-05
6.7754648e-05
6.402349e-05
6.0634867e-05
5.7632177e-05
5.4779954e-05
5.1531651e-05
4.8180307e-05
4.5196347e-05
4.2556834e-05
4.0105898e-05
3.7772611e-05
3.5538774e-05
3.3400781e-05
3.1432492e-05
2.9634958e-05
2.7916196e-05
2.6210279e-05
2.4651559e-05
2.3408288e-05
2.2103368e-05
2.058373e-05
1.9202853e-05
1.7977101e-05
1.6817438e-05
1.5707213e-05
1.4663995e-05
1.3675267e-05
1.2740058e-05
1.1877197e-05
1.1067093e-05
1.0325774e-05
9.6884902e-06
9.1634615e-06
8.4959705e-06
7.6738549e-06
6.9641114e-06
6.3692565e-06
5.8107504e-06
5.2710336e-06
4.7366568e-06
4.215753e-06
3.6949935e-06
3.1770091e-06
2.6794843e-06
2.0066652e-06
1.8863507e-06
-4.4558821e-06
1.008756e-05
0.0088096383
0.0080470601
0.007741396
0.0075147107
0.0072703582
0.0070291221
0.0068003005
0.0065809698
0.0063686069
0.0061625985
0.0059628178
0.0057691074
0.0055812638
0.0053990285
0.0052222536
0.0050506913
0.0048842404
0.0047226884
0.0045659279
0.0044137783
0.0042661391
0.0041228524
0.003983782
0.0038487213
0.0037176058
0.0035902383
0.0034665494
0.0033464691
0.0032299054
0.003116734
0.003006886
0.0029003271
0.0027969452
0.0026966251
0.0025993518
0.0025050418
0.0024136716
0.002325187
0.0022394691
0.002156392
0.0020758887
0.0019979204
0.0019224027
0.0018493396
0.0017786173
0.0017102443
0.0016441039
0.0015802331
0.0015186186
0.0014590917
0.00140164
0.0013462039
0.0012926822
0.0012410011
0.0011911024
0.0011430472
0.0010966298
0.0010517669
0.0010083023
0.00096644131
0.00092614757
0.00088742959
0.00084995532
0.00081381798
0.00077922385
0.00074600453
0.00071407178
0.00068326108
0.00065346852
0.00062482743
0.00059701347
0.00056979404
0.0005438351
0.00051918466
0.00049564517
0.00047314433
0.00045150949
0.00043063419
0.000410593
0.00039139225
0.00037319456
0.0003560328
0.00033955945
0.00032312137
0.00030724734
0.00029241226
0.00027843506
0.00026461515
0.0002510181
0.00023823821
0.00022590474
0.00021454775
0.00020386638
0.00019358656
0.0001837487
0.00017418548
0.00016500373
0.00015622542
0.00014808848
0.00014045109
0.0001330619
0.00012616732
0.00011945851
0.00011293541
0.00010682501
0.0001010445
9.5530569e-05
9.0292742e-05
8.5329199e-05
8.0663242e-05
7.6200512e-05
7.1868982e-05
6.7755493e-05
6.4024316e-05
6.0635669e-05
5.7632956e-05
5.47807e-05
5.1532362e-05
4.8180981e-05
4.5196985e-05
4.255743e-05
4.0106456e-05
3.7773127e-05
3.5539246e-05
3.3401213e-05
3.1432884e-05
2.9635313e-05
2.791651e-05
2.6210555e-05
2.4651796e-05
2.3408488e-05
2.2103533e-05
2.0583861e-05
1.9202949e-05
1.7977166e-05
1.6817473e-05
1.5707222e-05
1.4663978e-05
1.3675229e-05
1.2739997e-05
1.1877118e-05
1.1066995e-05
1.0325661e-05
9.688359e-06
9.1633161e-06
8.4958133e-06
7.6736869e-06
6.9639368e-06
6.3690722e-06
5.8105643e-06
5.2708378e-06
4.7364647e-06
4.2155497e-06
3.6948016e-06
3.1767994e-06
2.6793002e-06
2.006444e-06
1.8861895e-06
-4.4479095e-06
1.009424e-05
0.0088087669
0.0080485564
0.0077416955
0.0075147234
0.0072700171
0.0070284807
0.0067995051
0.0065801414
0.0063678122
0.0061618639
0.0059621405
0.0057684788
0.0055806775
0.0053984816
0.0052217448
0.0050502208
0.0048838074
0.0047222927
0.0045655674
0.0044134515
0.0042658431
0.0041225851
0.0039835401
0.0038485026
0.0037174072
0.0035900578
0.0034663843
0.0033463179
0.0032297665
0.003116606
0.0030067675
0.0029002171
0.0027968426
0.0026965292
0.0025992619
0.0025049574
0.0024135921
0.0023251121
0.0022393983
0.0021563251
0.0020758253
0.0019978603
0.0019223458
0.0018492856
0.001778566
0.0017101958
0.0016440578
0.0015801895
0.0015185773
0.0014590528
0.0014016032
0.0013461692
0.0012926494
0.0012409704
0.0011910735
0.0011430202
0.0010966046
0.0010517433
0.0010082804
0.00096642098
0.00092612869
0.00088741212
0.00084993916
0.00081380305
0.00077921005
0.00074599182
0.00071406003
0.00068325028
0.00065345855
0.00062481828
0.00059700504
0.00056978629
0.00054382797
0.00051917811
0.00049563913
0.00047313877
0.00045150437
0.00043062948
0.00041058866
0.00039138828
0.00037319093
0.00035602949
0.00033955644
0.00032311865
0.00030724487
0.00029241003
0.00027843307
0.00026461339
0.00025101653
0.00023823683
0.00022590354
0.00021454671
0.00020386552
0.00019358586
0.00018374816
0.00017418506
0.00016500343
0.00015622524
0.00014808842
0.00014045112
0.00013306203
0.00012616753
0.0001194588
0.00011293576
0.00010682542
0.00010104495
9.5531059e-05
9.0293254e-05
8.5329727e-05
8.0663783e-05
7.6201059e-05
7.1869531e-05
6.7756039e-05
6.4024857e-05
6.0636201e-05
5.7633475e-05
5.4781197e-05
5.1532835e-05
4.8181426e-05
4.5197404e-05
4.2557815e-05
4.0106812e-05
3.7773449e-05
3.5539532e-05
3.3401467e-05
3.1433107e-05
2.9635504e-05
2.7916669e-05
2.6210682e-05
2.465189e-05
2.3408552e-05
2.2103567e-05
2.0583868e-05
1.9202926e-05
1.7977117e-05
1.6817399e-05
1.5707127e-05
1.4663862e-05
1.3675095e-05
1.2739846e-05
1.1876952e-05
1.1066815e-05
1.0325468e-05
9.6881524e-06
9.1630985e-06
8.4955866e-06
7.6734524e-06
6.9636988e-06
6.3688268e-06
5.81032e-06
5.2705857e-06
4.7362194e-06
4.2152944e-06
3.6945613e-06
3.1765413e-06
2.6790726e-06
2.006177e-06
1.885991e-06
-4.4398209e-06
1.0101136e-05
0.0088075567
0.0080501994
0.007742077
0.0075148097
0.0072697302
0.0070278539
0.0067986752
0.0065792414
0.0063669208
0.0061610214
0.0059613526
0.00576774
0.0055799825
0.0053978277
0.0052211312
0.0050496484
0.0048832761
0.0047218029
0.0045651175
0.0044130407
0.0042654685
0.0041222449
0.003983231
0.0038482221
0.0037171521
0.0035898257
0.0034661723
0.0033461236
0.0032295879
0.0031164415
0.0030066155
0.0029000762
0.0027967116
0.002696407
0.0025991475
0.0025048502
0.0024134914
0.0023250173
0.0022393088
0.0021562406
0.0020757454
0.0019977848
0.0019222741
0.0018492178
0.0017785018
0.0017101349
0.0016440001
0.0015801349
0.0015185256
0.0014590039
0.001401557
0.0013461256
0.0012926084
0.0012409318
0.0011910372
0.0011429862
0.0010965727
0.0010517135
0.0010082526
0.00096639505
0.00092610453
0.00088738966
0.00084991828
0.00081378368
0.00077919205
0.00074597513
0.00071404454
0.00068323593
0.00065344523
0.00062480596
0.00059699359
0.0005697757
0.00054381813
0.00051916899
0.00049563065
0.00047313089
0.00045149704
0.00043062267
0.00041058233
0.00039138241
0.00037318548
0.00035602445
0.00033955178
0.00032311435
0.0003072409
0.00029240638
0.00027842972
0.00026461032
0.00025101372
0.00023823427
0.00022590121
0.00021454459
0.00020386362
0.00019358417
0.00018374668
0.00017418374
0.00016500228
0.00015622425
0.00014808759
0.00014045042
0.00013306147
0.00012616707
0.00011945845
0.00011293551
0.00010682526
0.00010104486
9.5531031e-05
9.0293271e-05
8.5329783e-05
8.0663873e-05
7.6201176e-05
7.1869668e-05
6.775619e-05
6.402502e-05
6.063637e-05
5.7633648e-05
5.4781362e-05
5.153299e-05
4.8181566e-05
4.5197531e-05
4.255792e-05
4.0106899e-05
3.7773513e-05
3.553957e-05
3.3401484e-05
3.1433102e-05
2.9635478e-05
2.791662e-05
2.621061e-05
2.4651795e-05
2.3408434e-05
2.2103428e-05
2.0583709e-05
1.9202745e-05
1.7976917e-05
1.681718e-05
1.5706895e-05
1.4663614e-05
1.3674836e-05
1.2739575e-05
1.1876674e-05
1.1066528e-05
1.0325174e-05
9.6878487e-06
9.1627884e-06
8.4952724e-06
7.6731345e-06
6.9633815e-06
6.368506e-06
5.810004e-06
5.2702649e-06
4.7359092e-06
4.2149763e-06
3.6942625e-06
3.1762256e-06
2.6787931e-06
2.0058557e-06
1.8857475e-06
-4.4316762e-06
1.010819e-05
0.0088059814
0.0080519757
0.0077425532
0.0075149835
0.0072695177
0.0070272656
0.0067978342
0.0065782851
0.0063659416
0.0061600719
0.00596045
0.0057668835
0.0055791689
0.0053970553
0.0052203998
0.0050489596
0.0048826308
0.0047212024
0.0045645611
0.0044125284
0.004264998
0.0041218147
0.0039828378
0.0038478637
0.003716825
0.0035895273
0.0034658994
0.0033458738
0.003229358
0.0031162297
0.0030064199
0.002899895
0.0027965434
0.0026962505
0.0025990013
0.0025047135
0.0024133631
0.0023248968
0.0022391953
0.0021561336
0.0020756443
0.0019976893
0.0019221838
0.0018491324
0.0017784208
0.0017100584
0.0016439276
0.0015800663
0.0015184607
0.0014589425
0.0014014989
0.0013460709
0.0012925567
0.0012408832
0.0011909915
0.0011429432
0.0010965324
0.0010516758
0.0010082172
0.00096636204
0.00092607368
0.0008873609
0.00084989144
0.00081375867
0.00077916871
0.0007459534
0.00071402426
0.00068321706
0.00065342763
0.00062478957
0.0005969783
0.00056976146
0.00054380482
0.00051915657
0.00049561903
0.00047312003
0.00045148687
0.00043061316
0.00041057342
0.00039137408
0.0003731777
0.00035601718
0.000339545
0.00032310802
0.00030723499
0.00029240087
0.00027842461
0.00026460558
0.0002510093
0.00023823018
0.00022589741
0.00021454107
0.0002038604
0.00019358122
0.000183744
0.00017418129
0.00016500003
0.00015622222
0.00014808578
0.00014044877
0.00013306001
0.00012616577
0.0001194573
0.00011293449
0.00010682437
0.00010104407
9.5530339e-05
9.0292655e-05
8.5329234e-05
8.0663385e-05
7.620074e-05
7.1869277e-05
6.7755836e-05
6.40247e-05
6.0636078e-05
5.7633379e-05
5.4781104e-05
5.153274e-05
4.8181317e-05
4.5197284e-05
4.2557667e-05
4.0106643e-05
3.7773248e-05
3.5539293e-05
3.3401198e-05
3.1432808e-05
2.9635174e-05
2.7916305e-05
2.6210283e-05
2.4651455e-05
2.3408084e-05
2.2103066e-05
2.0583337e-05
1.9202361e-05
1.7976524e-05
1.6816778e-05
1.5706487e-05
1.46632e-05
1.3674419e-05
1.2739154e-05
1.1876253e-05
1.1066106e-05
1.0324751e-05
9.6874226e-06
9.1623621e-06
8.4948477e-06
7.672712e-06
6.9629654e-06
6.3680911e-06
5.8095995e-06
5.2698597e-06
4.7355197e-06
4.2145822e-06
3.6938931e-06
3.1758406e-06
2.6784509e-06
2.0054701e-06
1.8854505e-06
-4.4235259e-06
1.0115348e-05
0.0088040118
0.008053865
0.0077431368
0.0075152581
0.0072694002
0.0070267426
0.0067970101
0.0065772955
0.0063648905
0.0061590239
0.0059594344
0.0057659069
0.0055782309
0.005396156
0.0052195399
0.0050481418
0.0048818569
0.0047204752
0.0045638809
0.0044118963
0.0042644124
0.0041212751
0.0039823413
0.0038474085
0.0037164073
0.003589145
0.0034655485
0.0033455521
0.0032290619
0.0031159571
0.0030061676
0.0028996616
0.0027963268
0.0026960491
0.0025988137
0.0025045381
0.0024131989
0.0023247429
0.0022390505
0.0021559975
0.0020755158
0.0019975682
0.0019220693
0.0018490243
0.0017783186
0.0017099617
0.0016438361
0.0015799798
0.0015183788
0.0014588652
0.0014014259
0.0013460019
0.0012924917
0.0012408219
0.0011909337
0.001142889
0.0010964814
0.001051628
0.0010081724
0.00096632005
0.00092603436
0.00088732412
0.00084985702
0.00081372649
0.0007791386
0.00074592525
0.00071399791
0.00068319242
0.00065340455
0.000624768
0.00059695809
0.00056974255
0.00054378709
0.00051913995
0.00049560342
0.00047310537
0.00045147308
0.00043060019
0.00041056122
0.00039136262
0.00037316692
0.00035600707
0.0003395355
0.00032309911
0.00030722661
0.00029239302
0.00027841725
0.00026459869
0.00025100284
0.00023822414
0.00022589176
0.00021453579
0.0002038555
0.00019357667
0.00018373979
0.00017417737
0.0001649964
0.00015621887
0.00014808271
0.00014044594
0.00013305742
0.00012616339
0.00011945512
0.0001129325
0.00010682256
0.00010104241
9.5528808e-05
9.0291237e-05
8.5327921e-05
8.0662168e-05
7.6199608e-05
7.186822e-05
6.7754847e-05
6.4023773e-05
6.0635204e-05
5.7632554e-05
5.4780315e-05
5.153198e-05
4.818058e-05
4.519657e-05
4.2556964e-05
4.0105957e-05
3.7772569e-05
3.5538619e-05
3.3400532e-05
3.1432149e-05
2.9634522e-05
2.7915656e-05
2.6209638e-05
2.465081e-05
2.3407441e-05
2.2102425e-05
2.0582699e-05
1.9201722e-05
1.7975888e-05
1.6816143e-05
1.5705858e-05
1.4662575e-05
1.3673802e-05
1.2738543e-05
1.1875651e-05
1.1065512e-05
1.0324165e-05
9.686842e-06
9.1617893e-06
8.4942845e-06
7.6721583e-06
6.9624251e-06
6.3675587e-06
5.8090841e-06
5.2693492e-06
4.7350316e-06
4.2140937e-06
3.6934361e-06
3.1753705e-06
2.6780321e-06
2.0050064e-06
1.8850881e-06
-4.4154316e-06
1.0122557e-05
0.0088016081
0.0080558415
0.0077438374
0.0075156468
0.0072693972
0.0070263125
0.0067962351
0.0065763033
0.0063637915
0.0061578942
0.0059583156
0.0057648143
0.0055771686
0.0053951263
0.005218545
0.0050471857
0.0048809428
0.0047196073
0.0045630607
0.0044111266
0.0042636928
0.0041206061
0.0039817209
0.0038468354
0.0037158784
0.003588658
0.0034650998
0.003345139
0.0032286811
0.003115606
0.0030058426
0.0028993609
0.0027960472
0.0026957894
0.0025985716
0.0025043122
0.0024129878
0.0023245451
0.002238865
0.0021558231
0.0020753517
0.0019974137
0.0019219235
0.0018488868
0.0017781886
0.0017098391
0.0016437201
0.0015798703
0.0015182753
0.0014587674
0.0014013335
0.0013459148
0.0012924095
0.0012407444
0.0011908607
0.0011428203
0.0010964168
0.0010515674
0.0010081154
0.00096626665
0.00092598428
0.00088727716
0.00084981299
0.00081368521
0.00077909986
0.00074588894
0.00071396382
0.00068316046
0.00065337453
0.00062473984
0.00059693161
0.00056971769
0.0005437637
0.00051911795
0.0004955827
0.00047308585
0.00045145466
0.00043058282
0.00041054483
0.00039134716
0.00037315234
0.00035599333
0.00033952254
0.0003230869
0.00030721509
0.00029238217
0.00027840705
0.00026458909
0.00025099379
0.00023821563
0.00022588376
0.00021452826
0.00020384845
0.00019357008
0.00018373366
0.00017417162
0.00016499103
0.00015621386
0.00014807806
0.0001404416
0.0001330534
0.00012615966
0.00011945166
0.00011292929
0.00010681958
0.00010103963
9.5526226e-05
9.0288819e-05
8.5325654e-05
8.0660042e-05
7.619761e-05
7.1866338e-05
6.7753069e-05
6.4022092e-05
6.0633613e-05
5.7631043e-05
5.477887e-05
5.1530594e-05
4.8179243e-05
4.5195281e-05
4.2555711e-05
4.0104743e-05
3.7771385e-05
3.553746e-05
3.3399402e-05
3.1431046e-05
2.9633444e-05
2.79146e-05
2.6208602e-05
2.4649792e-05
2.3406441e-05
2.2101442e-05
2.0581734e-05
1.9200772e-05
1.7974953e-05
1.6815224e-05
1.5704958e-05
1.4661691e-05
1.3672938e-05
1.2737698e-05
1.1874827e-05
1.1064706e-05
1.0323379e-05
9.6860713e-06
9.1610362e-06
8.49355e-06
7.6714422e-06
6.9617314e-06
6.3668808e-06
5.8084318e-06
5.2687087e-06
4.7344214e-06
4.2134887e-06
3.6928709e-06
3.1747957e-06
2.6775183e-06
2.0044473e-06
1.8846451e-06
-4.4074458e-06
1.0129767e-05
0.0087987279
0.0080578767
0.0077446582
0.0075161628
0.0072695272
0.0070260029
0.006795544
0.0065753448
0.006362677
0.0061567092
0.0059571126
0.0057636183
0.0055759896
0.00539397
0.0052174152
0.0050460881
0.0048798818
0.0047185888
0.004562088
0.0044102042
0.0042628217
0.0041197886
0.0039809559
0.0038461229
0.0037152158
0.003588044
0.0034645307
0.0033446127
0.0032281936
0.0031151551
0.0030054246
0.0028989735
0.0027956869
0.0026954546
0.0025982591
0.0025040208
0.0024127153
0.0023242901
0.0022386264
0.002155599
0.0020751409
0.0019972156
0.0019217367
0.001848711
0.0017780227
0.0017096827
0.0016435723
0.0015797308
0.0015181436
0.0014586432
0.0014012161
0.0013458041
0.0012923051
0.0012406461
0.0011907681
0.0011427332
0.0010963349
0.0010514903
0.0010080431
0.00096619869
0.00092592046
0.00088721722
0.0008497567
0.00081363234
0.00077905016
0.00074584224
0.0007139199
0.00068311918
0.00065333566
0.00062470329
0.00059689717
0.00056968527
0.00054373313
0.00051908913
0.00049555548
0.00047306015
0.00045143036
0.00043055985
0.0004105231
0.00039132661
0.00037313292
0.00035597498
0.00033950519
0.00032307049
0.00030719959
0.00029236753
0.00027839322
0.00026457604
0.00025098146
0.000238204
0.00022587278
0.00021451789
0.00020383872
0.00019356093
0.00018372509
0.00017416356
0.00016498345
0.00015620676
0.00014807144
0.00014043538
0.0001330476
0.00012615423
0.00011944659
0.00011292454
0.00010681515
0.00010103548
9.5522337e-05
9.0285159e-05
8.5322205e-05
8.0656791e-05
7.6194541e-05
7.1863435e-05
6.7750319e-05
6.4019486e-05
6.0631137e-05
5.762869e-05
5.4776622e-05
5.1528439e-05
4.8177171e-05
4.5193291e-05
4.2553786e-05
4.0102887e-05
3.7769585e-05
3.5535713e-05
3.3397709e-05
3.1429404e-05
2.963185e-05
2.7913051e-05
2.6207094e-05
2.4648322e-05
2.3405008e-05
2.2100046e-05
2.0580374e-05
1.9199444e-05
1.7973658e-05
1.6813961e-05
1.5703729e-05
1.4660494e-05
1.3671776e-05
1.2736568e-05
1.1873732e-05
1.1063644e-05
1.0322349e-05
9.6850678e-06
9.1600619e-06
8.492606e-06
7.6705271e-06
6.9608495e-06
6.3660244e-06
5.8076108e-06
5.267908e-06
4.7336605e-06
4.2127401e-06
3.6921719e-06
3.1740919e-06
2.6768868e-06
2.0037708e-06
1.8841026e-06
-4.399633e-06
1.0136933e-05
0.0087953385
0.0080599419
0.0077455907
0.0075168182
0.0072698069
0.0070258393
0.0067949721
0.00657446
0.0063615857
0.006155504
0.0059558544
0.0057623421
0.005574711
0.0053926997
0.0052161587
0.0050448534
0.0048786744
0.0047174167
0.0045609559
0.0044091188
0.0042617858
0.0041188062
0.0039800278
0.0038452505
0.0037143977
0.00358728
0.0034638177
0.003343949
0.0032275757
0.003114581
0.0030048902
0.0028984768
0.002795224
0.0026950239
0.0025978568
0.0025036455
0.0024123637
0.0023239612
0.0022383182
0.00215531
0.0020748688
0.0019969604
0.0019214963
0.0018484849
0.0017778098
0.001709482
0.001643383
0.0015795524
0.0015179752
0.0014584845
0.0014010664
0.0013456631
0.0012921721
0.0012405209
0.0011906502
0.0011426223
0.0010962305
0.0010513922
0.0010079508
0.00096611203
0.00092583902
0.00088714067
0.00084968473
0.00081356465
0.00077898645
0.00074578229
0.00071386343
0.000683066
0.00065328551
0.00062465604
0.00059685257
0.0005696432
0.00054369339
0.0005190516
0.00049551998
0.00047302657
0.00045139856
0.00043052975
0.00041049457
0.0003912996
0.00037310733
0.00035595076
0.00033948225
0.00032304877
0.00030717902
0.00029234807
0.00027837481
0.00026455863
0.00025096497
0.00023818841
0.00022585805
0.00021450395
0.00020382558
0.00019354855
0.00018371345
0.00017415259
0.00016497311
0.00015619704
0.00014806232
0.00014042681
0.00013303956
0.00012614668
0.00011943951
0.0001129179
0.00010680892
0.00010102962
9.5516826e-05
9.0279959e-05
8.5317295e-05
8.0652152e-05
7.6190153e-05
7.1859279e-05
6.7746377e-05
6.4015745e-05
6.0627583e-05
5.7625309e-05
5.4773395e-05
5.1525353e-05
4.817421e-05
4.5190451e-05
4.255105e-05
4.0100257e-05
3.7767045e-05
3.5533258e-05
3.3395339e-05
3.1427116e-05
2.9629639e-05
2.791091e-05
2.6205021e-05
2.4646312e-05
2.3403059e-05
2.2098156e-05
2.0578542e-05
1.9197665e-05
1.7971933e-05
1.6812286e-05
1.5702107e-05
1.4658923e-05
1.3670257e-05
1.2735099e-05
1.1872313e-05
1.1062273e-05
1.0321024e-05
9.6837858e-06
9.1588225e-06
8.49141e-06
7.6693725e-06
6.9597408e-06
6.3649525e-06
5.8065864e-06
5.2669135e-06
4.7327171e-06
4.2118175e-06
3.6913103e-06
3.1732317e-06
2.6761116e-06
2.0029517e-06
1.8834373e-06
-4.3920422e-06
1.0144015e-05
0.0087914061
0.00806201
0.0077466149
0.0075176222
0.0072702507
0.0070258447
0.0067945533
0.0065736911
0.0063605622
0.0061543199
0.0059545791
0.0057610187
0.0055733612
0.0053913384
0.0052147939
0.0050434955
0.0048773304
0.0047160963
0.0045596658
0.0044078677
0.0042605784
0.0041176488
0.003978923
0.0038442017
0.003713405
0.0035863449
0.0034629379
0.0033431241
0.0032268027
0.0031138584
0.0030042141
0.0028978456
0.0027946336
0.0026944725
0.0025973409
0.0025031634
0.0024119116
0.0023235381
0.0022379206
0.0021549374
0.002074518
0.001996631
0.0019211858
0.0018481932
0.0017775356
0.0017092236
0.0016431393
0.0015793231
0.0015177589
0.0014582808
0.0014008744
0.0013454822
0.0012920018
0.0012403606
0.0011904992
0.0011424803
0.0010960969
0.0010512668
0.0010078328
0.00096600118
0.00092573483
0.0008870427
0.00084959257
0.00081347791
0.00077890476
0.00074570533
0.00071379089
0.00068299761
0.00065322094
0.00062459513
0.00059679501
0.00056958883
0.00054364196
0.00051900297
0.00049547392
0.00047298296
0.00045135722
0.00043049056
0.00041045739
0.00039126436
0.00037307392
0.00035591909
0.00033945222
0.00032302031
0.00030715204
0.00029232251
0.00027835059
0.00026453569
0.00025094323
0.00023816784
0.00022583857
0.0002144855
0.00020380817
0.0001935321
0.00018369796
0.00017413797
0.0001649593
0.00015618402
0.00014805009
0.00014041528
0.00013302873
0.00012613648
0.00011942992
0.00011290888
0.00010680045
0.00010102164
9.5509305e-05
9.0272854e-05
8.5310579e-05
8.0645802e-05
7.6184143e-05
7.1853582e-05
6.7740973e-05
6.4010617e-05
6.062271e-05
5.7620676e-05
5.4768978e-05
5.1521133e-05
4.817017e-05
4.5186585e-05
4.2547335e-05
4.0096693e-05
3.7763615e-05
3.5529952e-05
3.3392158e-05
3.1424053e-05
2.9626688e-05
2.7908064e-05
2.6202274e-05
2.4643659e-05
2.3400496e-05
2.2095679e-05
2.057615e-05
1.9195351e-05
1.7969696e-05
1.6810124e-05
1.570002e-05
1.4656908e-05
1.3668314e-05
1.2733226e-05
1.187051e-05
1.1060536e-05
1.0319352e-05
9.682172e-06
9.1572672e-06
8.489914e-06
7.6679325e-06
6.9583613e-06
6.3636231e-06
5.805318e-06
5.2656869e-06
4.7315547e-06
4.2106858e-06
3.6902527e-06
3.172183e-06
2.6751624e-06
2.0019609e-06
1.8826234e-06
-4.3847317e-06
1.0150977e-05
0.0087868923
0.0080640573
0.007747702
0.0075185785
0.0072708696
0.007026038
0.0067943182
0.0065730789
0.0063596536
0.0061532044
0.0059533314
0.0057596889
0.0055719785
0.00538992
0.0052133508
0.0050420395
0.0048758707
0.004714644
0.0045582294
0.0044064581
0.0042592022
0.0041163146
0.0039776357
0.0038429667
0.0037122245
0.0035852224
0.0034618725
0.0033421169
0.0032258517
0.0031129633
0.0030033714
0.0028970542
0.0027938897
0.0026937747
0.0025966853
0.0025025486
0.0024113338
0.002322996
0.0022374105
0.0021544588
0.0020740674
0.0019962067
0.0019207861
0.0018478167
0.0017771815
0.0017088902
0.0016428246
0.0015790274
0.0015174799
0.001458018
0.001400627
0.0013452492
0.0012917824
0.0012401543
0.0011903051
0.0011422978
0.0010959254
0.0010511056
0.0010076813
0.00096585885
0.00092560107
0.00088691693
0.00084947426
0.00081336654
0.00077879984
0.00074560647
0.00071369765
0.00068290966
0.00065313787
0.0006245167
0.00059672085
0.0005695187
0.00054357559
0.00051894015
0.0004954144
0.00047292655
0.00045130371
0.0004304398
0.00041040921
0.00039121864
0.00037303056
0.00035587795
0.00033941319
0.00032298328
0.00030711692
0.00029228922
0.00027831901
0.00026450577
0.00025091485
0.00023814095
0.0002258131
0.00021446137
0.00020378535
0.00019351053
0.00018367761
0.00017411875
0.00016494114
0.00015616688
0.00014803396
0.00014040005
0.0001330144
0.00012612298
0.00011941721
0.00011289691
0.00010678919
0.00010101102
9.5499291e-05
9.0263392e-05
8.5301634e-05
8.0637342e-05
7.6176135e-05
7.1845995e-05
6.7733778e-05
6.4003791e-05
6.061623e-05
5.7614519e-05
5.4763115e-05
5.1515542e-05
4.8164827e-05
4.518148e-05
4.2542442e-05
4.0092009e-05
3.7759117e-05
3.5525631e-05
3.3388009e-05
3.1420068e-05
2.9622859e-05
2.7904381e-05
2.6198729e-05
2.4640243e-05
2.3397205e-05
2.2092509e-05
2.0573097e-05
1.9192407e-05
1.7966857e-05
1.6807388e-05
1.5697385e-05
1.4654371e-05
1.3665874e-05
1.2730879e-05
1.1868255e-05
1.105837e-05
1.031727e-05
9.6801687e-06
9.1553408e-06
8.488065e-06
7.6661564e-06
6.956663e-06
6.3619901e-06
5.8037622e-06
5.2641862e-06
4.7301333e-06
4.2093071e-06
3.6889629e-06
3.170911e-06
2.6740061e-06
2.0007665e-06
1.8816313e-06
-4.3777391e-06
1.0157794e-05
0.0087817562
0.0080660694
0.0077488187
0.0075196802
0.0072716715
0.0070264339
0.0067942925
0.0065726613
0.0063589065
0.0061522083
0.0059521615
0.0057584005
0.0055706071
0.0053884871
0.0052118702
0.0050405224
0.0048743283
0.0047130878
0.0045566704
0.0044049092
0.0042576715
0.0041148134
0.0039761705
0.003841546
0.0037108519
0.0035839043
0.0034606097
0.0033409124
0.0032247049
0.0031118754
0.0030023397
0.0028960789
0.0027929673
0.0026929046
0.0025958638
0.0025017747
0.0024106035
0.0023223081
0.0022367619
0.0021538482
0.0020734915
0.001995664
0.0019202743
0.0018473333
0.0017767255
0.0017084612
0.0016424189
0.0015786456
0.0015171197
0.0014576784
0.0014003077
0.0013449481
0.001291499
0.0012398879
0.0011900544
0.0011420622
0.001095704
0.0010508976
0.001007486
0.00096567534
0.00092542869
0.00088675488
0.00084932186
0.00081322312
0.00077866476
0.0007454792
0.00071357764
0.00068279645
0.00065303092
0.00062441571
0.00059662533
0.00056942836
0.00054349006
0.00051885917
0.00049533763
0.00047285378
0.00045123465
0.00043037428
0.00041034699
0.00039115959
0.00037297451
0.00035582477
0.00033936271
0.00032293536
0.00030707146
0.00029224611
0.0002782781
0.00026446699
0.00025087806
0.00023810608
0.00022578007
0.00021443005
0.00020375572
0.00019348251
0.00018365116
0.00017409374
0.0001649175
0.00015614455
0.00014801293
0.0001403802
0.00013299569
0.00012610535
0.0001194006
0.00011288125
0.00010677445
0.00010099712
9.5486183e-05
9.0251009e-05
8.5289931e-05
8.0626277e-05
7.6165668e-05
7.1836082e-05
6.7724385e-05
6.3994886e-05
6.0607782e-05
5.7606502e-05
5.4755493e-05
5.1508283e-05
4.8157902e-05
4.5174876e-05
4.2536126e-05
4.0085974e-05
3.7753336e-05
3.552009e-05
3.3382701e-05
3.1414981e-05
2.9617981e-05
2.7899701e-05
2.6194234e-05
2.4635925e-05
2.3393054e-05
2.208852e-05
2.0569262e-05
1.9188719e-05
1.796331e-05
1.6803977e-05
1.5694107e-05
1.465122e-05
1.3662849e-05
1.2727975e-05
1.186547e-05
1.1055698e-05
1.0314708e-05
9.6777087e-06
9.1529794e-06
8.4858027e-06
7.6639867e-06
6.9545908e-06
6.3600011e-06
5.8018687e-06
5.2623639e-06
4.7284077e-06
4.2076378e-06
3.6873995e-06
3.1693765e-06
2.6726053e-06
1.9993327e-06
1.880429e-06
-4.3711092e-06
1.0164446e-05
0.008775958
0.0080680564
0.0077499276
0.0075209067
0.0072726601
0.0070270418
0.0067944965
0.0065724707
0.0063583642
0.0061513819
0.0059511224
0.0057572066
0.0055692976
0.0053870884
0.0052103982
0.0050389906
0.0048727478
0.0047114696
0.0045550253
0.0044032529
0.0042560135
0.004113168
0.0039745452
0.0038399523
0.003709295
0.003582394
0.0034591481
0.0033395051
0.0032233528
0.0031105821
0.0030011033
0.0028949014
0.0027918461
0.0026918401
0.0025948526
0.0025008168
0.0024096949
0.0023214484
0.0022359477
0.0021530787
0.002072763
0.0019949758
0.0019196234
0.0018467179
0.001776143
0.001707912
0.0016418996
0.0015781549
0.0015166568
0.0014572409
0.0013998955
0.0013445597
0.0012911322
0.0012395435
0.0011897301
0.0011417571
0.0010954174
0.0010506284
0.0010072332
0.00096543795
0.00092520574
0.00088654538
0.0008491249
0.00081303783
0.00077849032
0.00074531492
0.0007134228
0.00068265044
0.00065289304
0.00062428553
0.00059650224
0.00056931193
0.00054337986
0.00051875482
0.00049523874
0.00047276001
0.0004511457
0.00043028987
0.00041026684
0.00039108351
0.00037290229
0.00035575624
0.00033929765
0.00032287361
0.00030701285
0.00029219053
0.00027822536
0.00026441698
0.00025083062
0.00023806111
0.00022573746
0.00021438966
0.0002037175
0.00019344635
0.000183617
0.00017406146
0.00016488699
0.00015611571
0.00014798575
0.00014035454
0.00013297152
0.00012608255
0.00011937912
0.000112861
0.00010675538
0.00010097914
9.5469231e-05
9.0235003e-05
8.5274812e-05
8.0611993e-05
7.6152163e-05
7.1823305e-05
6.7712289e-05
6.3983432e-05
6.0596929e-05
5.7596213e-05
5.4745724e-05
5.1498997e-05
4.8149059e-05
4.5166457e-05
4.2528091e-05
4.0078312e-05
3.7746013e-05
3.5513086e-05
3.3376005e-05
3.1408578e-05
2.9611855e-05
2.7893834e-05
2.6188612e-05
2.4630534e-05
2.3387885e-05
2.2083562e-05
2.0564507e-05
1.9184156e-05
1.795893e-05
1.6799773e-05
1.5690073e-05
1.4647352e-05
1.3659141e-05
1.2724422e-05
1.1862066e-05
1.1052439e-05
1.0311586e-05
9.6747168e-06
9.1501115e-06
8.4830588e-06
7.6613584e-06
6.9520835e-06
6.3575977e-06
5.7995824e-06
5.2601671e-06
4.7263278e-06
4.2056304e-06
3.6855173e-06
3.1675361e-06
2.670919e-06
1.99762e-06
1.8789797e-06
-4.3648598e-06
1.0170929e-05
0.0087694647
0.0080700567
0.0077509766
0.0075222269
0.0072738308
0.0070278661
0.0067949437
0.0065725331
0.0063580646
0.0061507718
0.0059502663
0.0057561616
0.0055681054
0.0053857783
0.0052089877
0.0050374958
0.0048711794
0.004709841
0.0045533437
0.0044015351
0.0042542692
0.0041114145
0.0039727917
0.0038382128
0.0037075757
0.0035807084
0.0034574997
0.0033379022
0.0032217982
0.0031090818
0.0029996568
0.0028935126
0.0027905136
0.002690566
0.0025936341
0.0024996553
0.0024085868
0.002320394
0.002234944
0.0021521255
0.0020718565
0.0019941157
0.0019188064
0.0018459433
0.0017754078
0.0017072163
0.0016412402
0.0015775304
0.0015160665
0.0014566825
0.0013993671
0.0013440615
0.0012906609
0.0012390991
0.0011893118
0.0011413622
0.0010950465
0.0010502797
0.0010069056
0.0009651305
0.00092491691
0.00088627395
0.0008488698
0.00081279793
0.00077826453
0.0007451024
0.00071322261
0.00068246176
0.00065271498
0.0006241175
0.00059634346
0.00056916181
0.00054323782
0.00051862038
0.00049511136
0.00047263929
0.00045103121
0.00043018126
0.00041016374
0.00039098567
0.00037280945
0.00035566814
0.00033921403
0.00032279424
0.00030693754
0.00029211912
0.00027815762
0.00026435274
0.0002507697
0.00023800337
0.00022568276
0.00021433781
0.00020366844
0.00019339993
0.00018357315
0.00017402002
0.00016484782
0.0001560787
0.00014795086
0.00014032161
0.00013294048
0.00012605328
0.00011935154
0.00011283502
0.00010673091
0.00010095608
9.5447498e-05
9.0214499e-05
8.5255459e-05
8.0593722e-05
7.6134908e-05
7.1806995e-05
6.7696866e-05
6.3968843e-05
6.0583121e-05
5.7583141e-05
5.4733334e-05
5.1487237e-05
4.813788e-05
4.5155834e-05
4.2517975e-05
4.0068683e-05
3.7736829e-05
3.5504322e-05
3.3367642e-05
3.1400596e-05
2.9604233e-05
2.788655e-05
2.6181647e-05
2.4623871e-05
2.3381507e-05
2.2077457e-05
2.0558663e-05
1.9178559e-05
1.7953568e-05
1.6794636e-05
1.5685154e-05
1.4642642e-05
1.3654632e-05
1.2720108e-05
1.1857938e-05
1.1048492e-05
1.030781e-05
9.6711039e-06
9.1466529e-06
8.4797542e-06
7.6581964e-06
6.9490697e-06
6.3547123e-06
5.796839e-06
5.2575351e-06
4.7238358e-06
4.2032298e-06
3.683264e-06
3.1653405e-06
2.6689e-06
1.9955838e-06
1.877243e-06
-4.3590151e-06
1.0177238e-05
0.0087622513
0.0080720587
0.0077519319
0.0075236111
0.0072751666
0.0070289051
0.0067956409
0.0065728673
0.0063580385
0.0061504192
0.0059496415
0.0057553181
0.0055670854
0.0053846127
0.0052076954
0.0050360942
0.0048696791
0.0047082566
0.0045516822
0.0043998123
0.004252494
0.0041096031
0.0039709567
0.003836369
0.0037057308
0.0035788798
0.0034556917
0.0033361262
0.0032200582
0.0031073872
0.002998008
0.0028919161
0.0027889694
0.0026890783
0.0025922007
0.0024982796
0.0024072657
0.0023191293
0.002233733
0.0021509689
0.0020707508
0.0019930614
0.0019178003
0.0018449852
0.0017744947
0.0017063484
0.0016404143
0.0015767461
0.0015153221
0.0014559768
0.0013986975
0.0013434285
0.0012900616
0.0012385316
0.0011887765
0.0011408561
0.0010945692
0.0010498295
0.0010064823
0.00096473298
0.00092454338
0.00088592239
0.00084853954
0.00081248726
0.00077797217
0.00074482728
0.00071296358
0.00068221775
0.00065248484
0.00062390043
0.00059613849
0.00056896813
0.00054305469
0.00051844715
0.00049494733
0.00047248393
0.00045088396
0.00043004165
0.00041003129
0.00039086002
0.00037269026
0.0003555551
0.00033910677
0.00032269246
0.00030684101
0.00029202761
0.00027807083
0.00026427047
0.0002506917
0.00023792946
0.00022561278
0.00021427151
0.0002036057
0.00019334058
0.00018351708
0.00017396705
0.00016479777
0.00015603142
0.0001479063
0.00014027956
0.00013290085
0.00012601593
0.00011931636
0.00011280187
0.00010669971
0.00010092669
9.5419817e-05
9.0188405e-05
8.5230853e-05
8.0570515e-05
7.6113011e-05
7.1786323e-05
6.7677341e-05
6.3950397e-05
6.0565686e-05
5.7566658e-05
5.4717733e-05
5.1472457e-05
4.8123856e-05
4.514253e-05
4.2505331e-05
4.005667e-05
3.7725395e-05
3.5493433e-05
3.3357274e-05
3.139072e-05
2.9594819e-05
2.7877573e-05
2.6173079e-05
2.461569e-05
2.3373692e-05
2.2069991e-05
2.0551529e-05
1.9171739e-05
1.7947046e-05
1.6788401e-05
1.5679191e-05
1.4636942e-05
1.3649184e-05
1.2714902e-05
1.1852964e-05
1.1043742e-05
1.0303271e-05
9.6667677e-06
9.1425068e-06
8.4757969e-06
7.6544137e-06
6.9454673e-06
6.3512671e-06
5.7935652e-06
5.2543981e-06
4.7208659e-06
4.2003738e-06
3.6805806e-06
3.1627336e-06
2.6664953e-06
1.9931735e-06
1.8751718e-06
-4.3535684e-06
1.0183396e-05
0.0087542349
0.008074036
0.0077528192
0.007525037
0.0072766439
0.0070301463
0.0067965879
0.0065734841
0.0063583092
0.0061503583
0.0059492908
0.0057547246
0.0055662898
0.0053836462
0.0052065777
0.005034844
0.0048683067
0.0047067752
0.0045501003
0.0043981439
0.0042507503
0.004107795
0.0039690999
0.0038344773
0.0037038131
0.0035769553
0.0034537672
0.0033342155
0.003218166
0.0031055269
0.0029961805
0.0028901308
0.0027872279
0.0026873869
0.0025905584
0.0024966917
0.0024057301
0.0023176494
0.0022323068
0.0021495985
0.0020694331
0.0019917978
0.001916588
0.001843825
0.0017733838
0.0017052873
0.0016394001
0.0015757787
0.0015143995
0.0014550988
0.001397862
0.0013426351
0.0012893083
0.001237817
0.0011880996
0.0011402157
0.0010939631
0.0010492559
0.0010059406
0.00096422194
0.00092406347
0.00088546896
0.0008481138
0.00081208622
0.00077759483
0.00074447196
0.00071262911
0.00068190267
0.00065218777
0.00062362035
0.00059587418
0.00056871852
0.00054281881
0.00051822416
0.00049473632
0.00047228419
0.00045069479
0.00042986243
0.00040986138
0.00039069893
0.00037253753
0.00035541033
0.00033896948
0.00032256226
0.00030671756
0.00029191065
0.00027795996
0.00026416542
0.00025059216
0.00023783517
0.00022552353
0.00021418701
0.00020352577
0.00019326498
0.00018344567
0.00017389962
0.0001647341
0.00015597128
0.00014784961
0.00014022611
0.00013285049
0.00012596848
0.00011927168
0.0001127598
0.00010666013
0.00010088942
9.5384743e-05
9.0155372e-05
8.5199734e-05
8.0541194e-05
7.6085377e-05
7.1760263e-05
6.7652757e-05
6.3927202e-05
6.0543792e-05
5.7545988e-05
5.4698201e-05
5.1453981e-05
4.8106356e-05
4.5125958e-05
4.2489613e-05
4.0041764e-05
3.7711236e-05
3.5479977e-05
3.3344484e-05
3.137856e-05
2.9583252e-05
2.7866563e-05
2.616259e-05
2.4605695e-05
2.3364163e-05
2.2060905e-05
2.0542861e-05
1.916347e-05
1.7939153e-05
1.6780866e-05
1.5671997e-05
1.4630076e-05
1.364263e-05
1.270865e-05
1.1846996e-05
1.1038051e-05
1.0297839e-05
9.6615854e-06
9.1375575e-06
8.4710785e-06
7.6499079e-06
6.9411796e-06
6.3471709e-06
5.7896746e-06
5.2506747e-06
4.7173409e-06
4.1969894e-06
3.6773981e-06
3.1596502e-06
2.6636431e-06
1.9903307e-06
1.8727135e-06
-4.3485186e-06
1.0189413e-05
0.0087452524
0.0080761307
0.0077536489
0.0075264812
0.0072782421
0.0070315681
0.0067977747
0.0065743861
0.0063588916
0.0061506153
0.0059492503
0.0057544242
0.0055657661
0.0053829298
0.0052056882
0.0050338013
0.0048671206
0.0047054579
0.0045486601
0.0043965925
0.0042491005
0.0041060556
0.0039672869
0.0038326036
0.0037018878
0.0035749963
0.0034517852
0.0033322234
0.0032161713
0.0031035454
0.0029942147
0.0028881925
0.0027853198
0.0026855184
0.0025887287
0.0024949093
0.0024039932
0.0023159636
0.0022306711
0.0021480167
0.0020679024
0.0019903212
0.0019151631
0.0018424538
0.0017720635
0.0017040197
0.0016381824
0.0015746115
0.0015132808
0.0014540292
0.0013968394
0.0013416598
0.0012883776
0.0012369315
0.0011872571
0.0011394161
0.0010932043
0.0010485372
0.0010052591
0.00096357542
0.0009234541
0.00088489135
0.00084756982
0.00081157245
0.00077711141
0.00074401606
0.00071219983
0.0006814981
0.00065180619
0.00062326056
0.0005955347
0.00056839798
0.00054251602
0.00051793804
0.00049446572
0.00047202816
0.00045045247
0.000429633
0.00040964401
0.00039049297
0.00037234239
0.00035522546
0.00033879427
0.00032239618
0.00030656018
0.00029176162
0.00027781879
0.00026403171
0.00025046554
0.00023771528
0.00022541012
0.00021407969
0.0002034243
0.00019316905
0.00018335508
0.0001738141
0.00016465339
0.00015589508
0.00014777781
0.00014015843
0.00013278674
0.00012590845
0.00011921519
0.00011270662
0.00010661012
0.00010084238
9.5340498e-05
9.0113739e-05
8.5160552e-05
8.0504314e-05
7.6050655e-05
7.1727558e-05
6.7621942e-05
6.3898164e-05
6.0516418e-05
5.7520181e-05
5.467385e-05
5.1430985e-05
4.8084611e-05
4.5105402e-05
4.2470154e-05
4.0023342e-05
3.7693772e-05
3.5463413e-05
3.332877e-05
3.1363648e-05
2.9569092e-05
2.7853111e-05
2.61498e-05
2.4593531e-05
2.3352588e-05
2.2049888e-05
2.0532369e-05
1.9153479e-05
1.7929631e-05
1.6771793e-05
1.5663347e-05
1.4621834e-05
1.3634773e-05
1.2701165e-05
1.1839861e-05
1.1031255e-05
1.0291361e-05
9.6554132e-06
9.1316697e-06
8.4654711e-06
7.6445584e-06
6.9360931e-06
6.3423164e-06
5.7850665e-06
5.2462698e-06
4.713171e-06
4.1929919e-06
3.6736363e-06
3.1560149e-06
2.6602715e-06
1.9869877e-06
1.8698046e-06
-4.3438334e-06
1.0195339e-05
0.0087351885
0.0080784893
0.0077543979
0.0075279208
0.0072799446
0.0070331477
0.0067991821
0.0065755657
0.006359791
0.0061512078
0.0059495479
0.005754453
0.0055655559
0.0053825094
0.0052050763
0.005033018
0.0048661755
0.0047043627
0.0045474223
0.004395222
0.0042476087
0.0041044514
0.0039655846
0.0038308159
0.0037000249
0.0035730722
0.0034498155
0.0033302166
0.0032141397
0.0031015029
0.0029921681
0.0028861528
0.0027832929
0.0026835156
0.0025867507
0.0024929667
0.0024020851
0.0023140974
0.0022288477
0.0021462412
0.0020661725
0.001988642
0.0019135324
0.0018408752
0.0017705349
0.0017025439
0.0016367567
0.0015732376
0.0015119568
0.0014527569
0.001395617
0.0013404881
0.001287254
0.0012358571
0.0011862303
0.0011384366
0.0010922707
0.0010476501
0.0010044156
0.00096277461
0.00092269447
0.00088417071
0.000846886
0.00081092451
0.00077649911
0.0007434379
0.00071165451
0.00068098398
0.00065132063
0.00062280245
0.00059510226
0.00056798952
0.00054213011
0.00051757335
0.00049412085
0.00047170193
0.00045014379
0.00042934085
0.00040936737
0.00039023097
0.00037209426
0.00035499052
0.00033857172
0.00032218533
0.00030636047
0.00029157261
0.00027763984
0.00026386229
0.0002503052
0.00023756354
0.00022526665
0.00021394401
0.00020329606
0.00019304786
0.00018324066
0.00017370613
0.00016455154
0.00015579897
0.00014768728
0.00014007314
0.00013270644
0.00012583285
0.00011914407
0.00011263972
0.00010654723
0.00010078326
9.5284931e-05
9.0061497e-05
8.511143e-05
8.0458121e-05
7.600721e-05
7.1686682e-05
6.7583473e-05
6.3861956e-05
6.0482329e-05
5.7488085e-05
5.4643609e-05
5.1402467e-05
4.805769e-05
4.5079993e-05
4.2446146e-05
4.0000653e-05
3.7672303e-05
3.5443087e-05
3.3309521e-05
3.1345414e-05
2.955181e-05
2.7836723e-05
2.6134246e-05
2.4578765e-05
2.3338562e-05
2.2036562e-05
2.0519702e-05
1.9141436e-05
1.7918175e-05
1.6760895e-05
1.5652974e-05
1.4611965e-05
1.3625378e-05
1.2692226e-05
1.1831352e-05
1.102316e-05
1.0283653e-05
9.648079e-06
9.1246818e-06
8.4588234e-06
7.6382229e-06
6.9300737e-06
6.3365778e-06
5.7796217e-06
5.2410714e-06
4.7082505e-06
4.1882818e-06
3.6692007e-06
3.151739e-06
2.6562966e-06
1.9830657e-06
1.8663738e-06
-4.3394861e-06
1.0201201e-05
0.0087240086
0.0080811177
0.0077550711
0.0075293407
0.0072817387
0.0070348634
0.0068007869
0.0065770066
0.0063610018
0.006152144
0.005950203
0.0057548397
0.0055656948
0.0053824251
0.005204786
0.0050325408
0.004865521
0.0047035421
0.0045464426
0.0043940917
0.0042463378
0.0041030476
0.0039640603
0.003829183
0.0036982934
0.0035712542
0.0034479293
0.0033282678
0.003212144
0.0030994707
0.0029901111
0.0028840783
0.0027812119
0.0026814379
0.0025846808
0.002490915
0.0024000544
0.0023120927
0.0022268747
0.0021443064
0.0020642738
0.0019867869
0.0019117189
0.0018391082
0.0017688135
0.0017008724
0.0016351322
0.0015716636
0.0015104309
0.0014512829
0.001394193
0.0013391161
0.0012859314
0.0012345858
0.0011850089
0.0011372657
0.0010911494
0.0010465784
0.001003392
0.00096180047
0.00092176708
0.0008832901
0.00084604624
0.00081012644
0.00077573767
0.00074271785
0.00071097195
0.00068034035
0.00065071163
0.00062222684
0.00059455854
0.00056747535
0.00054164393
0.00051711361
0.0004936859
0.00047129031
0.00044975422
0.00042897213
0.00040901825
0.00038990037
0.00037178123
0.00035469419
0.0003382911
0.00032191955
0.00030610879
0.00029133448
0.0002774145
0.00026364902
0.00025010344
0.00023737266
0.00022508624
0.00021377349
0.00020313494
0.00019289566
0.00018309699
0.00017357059
0.00016442375
0.00015567843
0.00014757373
0.00013996622
0.00013260579
0.00012573815
0.00011905501
0.00011255597
0.00010646854
0.00010070933
9.5215476e-05
8.9996247e-05
8.5050127e-05
8.0400524e-05
7.5953087e-05
7.1635811e-05
6.7535645e-05
6.381699e-05
6.0440042e-05
5.7448318e-05
5.4606188e-05
5.136723e-05
4.8024474e-05
4.504869e-05
4.2416617e-05
3.9972792e-05
3.7645985e-05
3.5418215e-05
3.3286008e-05
3.1323179e-05
2.9530772e-05
2.7816807e-05
2.6115377e-05
2.4560883e-05
2.3321607e-05
2.2020481e-05
2.0504439e-05
1.9126952e-05
1.7904419e-05
1.6747831e-05
1.5640558e-05
1.4600169e-05
1.3614165e-05
1.2681573e-05
1.1821222e-05
1.1013535e-05
1.02745e-05
9.6393806e-06
9.116404e-06
8.4509565e-06
7.6307331e-06
6.9229632e-06
6.3298061e-06
5.7732003e-06
5.2349478e-06
4.702455e-06
4.1827422e-06
3.6639809e-06
3.146719e-06
2.6516197e-06
1.9784724e-06
1.8623342e-06
-4.3354238e-06
1.020706e-05
0.0087116978
0.0080840127
0.0077556889
0.0075307277
0.0072836183
0.0070366973
0.0068025636
0.0065786863
0.0063625095
0.0061534212
0.005951225
0.0057556042
0.0055662111
0.0053827109
0.0052048555
0.0050324111
0.0048652013
0.0047030431
0.0045457711
0.0043932548
0.0042453444
0.0041019043
0.0039627774
0.0038277717
0.0036967618
0.0035696136
0.0034461973
0.0033264497
0.0032102556
0.0030975222
0.0029881171
0.0028820423
0.0027791497
0.002679356
0.0025825888
0.0024888193
0.0023979651
0.0023100102
0.0022248082
0.0021422643
0.0020622552
0.0019847987
0.0019097636
0.001837188
0.0017669312
0.0016990334
0.0016333339
0.0015699117
0.0015087212
0.0014496218
0.0013925797
0.0013375533
0.0012844163
0.0012331219
0.0011835944
0.001135903
0.0010898374
0.0010453178
0.0010021821
0.00096064208
0.00092065984
0.00088223425
0.00084503853
0.00080916711
0.00077481631
0.0007418409
0.00071013681
0.00067954945
0.00064996245
0.00062151627
0.00059388682
0.00056683903
0.00054104127
0.00051654295
0.0004931454
0.0004707783
0.00044926923
0.0004285128
0.00040858314
0.0003894882
0.00037139084
0.00035432458
0.00033794104
0.00032158796
0.00030579479
0.00029103738
0.0002771334
0.00026338298
0.00024985181
0.00023713464
0.0002248613
0.00021356094
0.00020293416
0.00019270602
0.00018291798
0.00017340173
0.00016426457
0.00015552832
0.00014743235
0.00013983311
0.00013248052
0.00012562029
0.00011894421
0.0001124518
0.00010637068
0.00010061741
9.5129173e-05
8.9915214e-05
8.4974043e-05
8.0329088e-05
7.588601e-05
7.1572814e-05
6.747647e-05
6.3761407e-05
6.0387821e-05
5.7399262e-05
5.4560078e-05
5.132386e-05
4.7983647e-05
4.5010265e-05
4.2380426e-05
3.9938693e-05
3.7613826e-05
3.5387872e-05
3.3257367e-05
3.1296137e-05
2.9505226e-05
2.7792663e-05
2.609254e-05
2.4539278e-05
2.3301156e-05
2.2001115e-05
2.0486088e-05
1.9109564e-05
1.7887931e-05
1.6732197e-05
1.5625722e-05
1.4586095e-05
1.3600804e-05
1.2668895e-05
1.1809182e-05
1.1002109e-05
1.0263647e-05
9.6290794e-06
9.1066128e-06
8.4416608e-06
7.6218922e-06
6.9145763e-06
6.3218277e-06
5.7656384e-06
5.2277453e-06
4.6956394e-06
4.1762373e-06
3.6578479e-06
3.1408344e-06
2.6461262e-06
1.9731008e-06
1.8575883e-06
-4.3315991e-06
1.0212952e-05
0.0086982558
0.0080871564
0.0077562771
0.007532064
0.0072855824
0.0070386386
0.0068044889
0.0065805784
0.0063642918
0.0061550259
0.0059526122
0.0057567565
0.0055671247
0.0053833941
0.005205317
0.0050326648
0.0048652552
0.0047029069
0.0045454515
0.0043927577
0.0042446779
0.0041010742
0.0039617921
0.0038266416
0.0036954932
0.0035682165
0.0034446883
0.0033248338
0.0032085461
0.0030957305
0.0029862584
0.0028801188
0.0027771784
0.0026773438
0.0025805472
0.002486753
0.0023958865
0.0023079213
0.0022227167
0.0021401797
0.0020601808
0.0019827363
0.001907724
0.0018351687
0.0017649378
0.0016970727
0.0016314047
0.0015680195
0.0015068646
0.0014478034
0.0013908048
0.001335824
0.00128273
0.0012314843
0.0011820023
0.0011343607
0.001088345
0.0010438758
0.0010007906
0.0009593027
0.00091937334
0.00088099934
0.00084385675
0.00080803816
0.00077373453
0.00074080057
0.00070914349
0.00067860186
0.00064906241
0.00062065909
0.0005930742
0.00056606805
0.00054030932
0.00051584845
0.00049248644
0.00047015303
0.00044867606
0.0004279503
0.00040804976
0.00038898247
0.00037091145
0.00035387037
0.00033751062
0.00032118003
0.0003054083
0.00029067155
0.00027678719
0.00026305522
0.00024954173
0.00023684128
0.000224584
0.00021329891
0.00020268662
0.00019247219
0.00018269723
0.00017319344
0.00016406821
0.00015534316
0.00014725792
0.00013966888
0.00013232595
0.00012547487
0.00011880748
0.00011232327
0.00010624993
0.00010050402
9.5022719e-05
8.981529e-05
8.4880259e-05
8.0241074e-05
7.5803409e-05
7.1495284e-05
6.7403689e-05
6.3693091e-05
6.0323689e-05
5.7339064e-05
5.4503547e-05
5.127074e-05
4.7933696e-05
4.4963303e-05
4.2336252e-05
3.9897127e-05
3.7574678e-05
3.5350987e-05
3.3222599e-05
3.1263357e-05
2.9474304e-05
2.7763481e-05
2.6064977e-05
2.4513241e-05
2.3276548e-05
2.1977848e-05
2.0464071e-05
1.9088734e-05
1.786821e-05
1.6713523e-05
1.5608028e-05
1.4569332e-05
1.3584911e-05
1.2653833e-05
1.1794896e-05
1.0988567e-05
1.0250799e-05
9.616898e-06
9.0950482e-06
8.4306918e-06
7.6114709e-06
6.9046972e-06
6.31244e-06
5.7567454e-06
5.2192852e-06
4.6876346e-06
4.1686086e-06
3.6506514e-06
3.1339448e-06
2.6396822e-06
1.966826e-06
1.852019e-06
-4.3279605e-06
1.0218907e-05
0.0086837016
0.0080905198
0.0077568605
0.0075333231
0.0072876304
0.0070406833
0.006806545
0.0065826572
0.0063663213
0.0061569351
0.0059543514
0.0057582949
0.0055684448
0.0053844928
0.0052061956
0.0050333316
0.004865716
0.0047031694
0.0045455221
0.004392641
0.0042443815
0.004100603
0.0039611529
0.0038258442
0.0036945427
0.003567121
0.003443463
0.0033234844
0.0032070832
0.003094165
0.0029846054
0.0028783808
0.0027753704
0.0026754745
0.0025786279
0.0024847899
0.0023938897
0.0023058959
0.0022206716
0.0021381218
0.0020581187
0.0019806685
0.0019056638
0.001833116
0.0017628961
0.0016950492
0.0016294028
0.0015660399
0.0015049143
0.0014458771
0.001388913
0.0013339698
0.0012809106
0.0012297065
0.0011802655
0.0011326656
0.0010866972
0.0010422742
0.00099923599
0.00095779768
0.00091792184
0.0008795977
0.0008425087
0.00080674305
0.0007724949
0.0007396043
0.00070799451
0.00067750018
0.00064801023
0.00061965333
0.00059211513
0.00056515627
0.00053944124
0.00051502261
0.000491701
0.0004694061
0.00044796601
0.00042727569
0.00040740901
0.00038837403
0.00037033392
0.0003533225
0.00033699087
0.00032068693
0.00030494067
0.00029022851
0.00027636761
0.00026265771
0.00024916541
0.00023648505
0.00022424707
0.00021298039
0.00020238558
0.00019218771
0.00018242853
0.00017293978
0.00016382897
0.0001551175
0.00014704524
0.00013946857
0.00013213736
0.00012529737
0.00011864054
0.0001121663
0.00010610243
0.00010036549
9.4892641e-05
8.9693189e-05
8.4765669e-05
8.0133553e-05
7.570252e-05
7.1400615e-05
6.7314851e-05
6.360974e-05
6.0245478e-05
5.7265693e-05
5.4434689e-05
5.1206079e-05
4.7872941e-05
4.4906233e-05
4.2282625e-05
3.9846716e-05
3.7527254e-05
3.5306355e-05
3.3180579e-05
3.1223786e-05
2.9437021e-05
2.772834e-05
2.6031829e-05
2.4481969e-05
2.3247034e-05
2.194998e-05
2.0437734e-05
1.906385e-05
1.7844682e-05
1.6691276e-05
1.5586974e-05
1.4549411e-05
1.3566047e-05
1.2635976e-05
1.1777979e-05
1.0972547e-05
1.0235616e-05
9.6025189e-06
9.0814129e-06
8.4177705e-06
7.5992075e-06
6.8930794e-06
6.3014123e-06
5.7463032e-06
5.2093634e-06
4.6782475e-06
4.1596756e-06
3.6422196e-06
3.1258905e-06
2.632135e-06
1.9595062e-06
1.8454958e-06
-4.3244682e-06
1.0224939e-05
0.008668082
0.0080940492
0.0077574635
0.0075344712
0.0072897564
0.0070428305
0.0068087192
0.0065849009
0.00636857
0.0061591194
0.0059564181
0.0057602044
0.0055701676
0.0053860139
0.0052075065
0.0050344336
0.0048666104
0.0047038609
0.0045460154
0.0043929397
0.0042444919
0.0041005297
0.0039609013
0.0038254232
0.0036939567
0.0035663766
0.0034425737
0.0033224564
0.0032059252
0.0030928866
0.0029832216
0.0028768941
0.0027737943
0.002673818
0.0025769018
0.0024830012
0.0023920475
0.0023040051
0.002218744
0.0021361622
0.0020561377
0.0019786658
0.0019036502
0.0018310948
0.0017608724
0.0016930272
0.0016273906
0.0015640354
0.0015029276
0.0014439042
0.0013869615
0.0013320451
0.0012790119
0.001227836
0.0011784317
0.0011308615
0.0010849344
0.0010405512
0.00099755318
0.00095615688
0.00091633262
0.00087805689
0.00084101694
0.00080530337
0.0007711078
0.00073826711
0.00070670222
0.00067625574
0.00064681463
0.00061850605
0.0005910151
0.00056410618
0.00053843838
0.00051406562
0.00049078823
0.00046853575
0.00044713648
0.00042648567
0.00040665701
0.00038765851
0.00036965348
0.00035267589
0.00033637648
0.00032010313
0.00030438622
0.00028970248
0.00027586887
0.00026218462
0.00024871705
0.0002360602
0.0002238448
0.00021259979
0.00020202557
0.00019184723
0.00018210665
0.00017263563
0.00016354188
0.00015484653
0.00014678965
0.00013922767
0.00013191039
0.00012508363
0.00011843937
0.00011197704
0.00010592447
0.00010019825
9.473554e-05
8.9545665e-05
8.4627182e-05
8.0003582e-05
7.5580551e-05
7.1286158e-05
6.7207443e-05
6.3508973e-05
6.0150941e-05
5.7177025e-05
5.43515e-05
5.1127988e-05
4.7799601e-05
4.4837376e-05
4.2217967e-05
3.9785979e-05
3.7470161e-05
3.5252672e-05
3.3130083e-05
3.1176277e-05
2.9392303e-05
2.7686234e-05
2.5992151e-05
2.4444578e-05
2.3211785e-05
2.1916735e-05
2.0406351e-05
1.903423e-05
1.7816711e-05
1.6664858e-05
1.5562001e-05
1.4525808e-05
1.3543722e-05
1.2614865e-05
1.1757998e-05
1.0953645e-05
1.021772e-05
9.5855854e-06
9.0653726e-06
8.4025818e-06
7.5848062e-06
6.8794444e-06
6.2884834e-06
5.7340654e-06
5.1977488e-06
4.6672592e-06
4.1492337e-06
3.6323579e-06
3.11649e-06
2.6233111e-06
1.9509799e-06
1.8378677e-06
-4.3211234e-06
1.0230955e-05
0.0086515672
0.0080976431
0.0077581109
0.0075354687
0.0072919441
0.0070450771
0.0068110005
0.006587291
0.0063710116
0.0061615464
0.0059587792
0.0057624572
0.0055722747
0.0053879494
0.0052092522
0.0050359816
0.004867956
0.0047050039
0.0045469579
0.0043936829
0.0042450405
0.0041008876
0.0039610724
0.0038254156
0.0036937743
0.0035660246
0.0034420639
0.0033217957
0.0032051206
0.0030919466
0.0029821606
0.0028757147
0.0027725087
0.0026724356
0.0025754314
0.0024814512
0.0023904267
0.0023023178
0.0022170024
0.0021343707
0.0020543074
0.0019767974
0.0019017538
0.0018291732
0.0017589338
0.0016910746
0.0016254327
0.001562072
0.001500966
0.0014419446
0.001385011
0.0013301084
0.0012770921
0.0012259305
0.0011765529
0.0011290039
0.0010831068
0.0010387559
0.00099579029
0.00095442578
0.00091464457
0.00087641462
0.00083941675
0.00080375094
0.000769602
0.00073681001
0.00070528924
0.00067488935
0.00064549457
0.00061723344
0.00058979011
0.00056293076
0.00053731183
0.00051298688
0.00048975599
0.00046754844
0.00044619268
0.00042558425
0.00040579672
0.00038683792
0.00036887131
0.000351931
0.00033566727
0.00031942788
0.00030374371
0.00028909178
0.00027528893
0.00026163362
0.00024819402
0.00023556387
0.00022337418
0.00021215392
0.00020160331
0.0001914474
0.0001817282
0.00017227757
0.00016320347
0.0001545268
0.00014648773
0.00013894278
0.00013164169
0.00012483032
0.00011820071
0.00011175229
0.00010571294
9.9999291e-05
9.4548477e-05
8.9369869e-05
8.4462042e-05
7.9848507e-05
7.5434946e-05
7.114946e-05
6.7079115e-05
6.3388541e-05
6.0037931e-05
5.7071015e-05
5.4252036e-05
5.1034611e-05
4.7711914e-05
4.4755061e-05
4.2140697e-05
3.971342e-05
3.7401987e-05
3.5188604e-05
3.3069852e-05
3.1119645e-05
2.9339034e-05
2.763611e-05
2.5944955e-05
2.4400139e-05
2.3169929e-05
2.1877293e-05
2.036915e-05
1.8999151e-05
1.7783616e-05
1.663363e-05
1.5532512e-05
1.4497962e-05
1.3517408e-05
1.2590002e-05
1.173449e-05
1.0931422e-05
1.0196698e-05
9.5657099e-06
9.0465638e-06
8.3847839e-06
7.567946e-06
6.8634886e-06
6.2733687e-06
5.7197626e-06
5.1841894e-06
4.6544304e-06
4.1370593e-06
3.6208529e-06
3.1055451e-06
2.61302e-06
1.9410708e-06
1.8289691e-06
-4.3179771e-06
1.0236781e-05
0.008634404
0.0081011612
0.0077588251
0.0075362697
0.0072941616
0.0070474118
0.0068133732
0.0065898082
0.0063736212
0.0061641831
0.0059613967
0.0057650151
0.0055747329
0.0053902748
0.005211418
0.0050379712
0.0048697571
0.00470661
0.0045483665
0.004394892
0.0042460519
0.0041017039
0.0039616955
0.0038258524
0.0036940281
0.0035660996
0.0034419698
0.0033215399
0.0032047093
0.0030913869
0.0029814662
0.0028748885
0.0027715617
0.0026713783
0.0025742693
0.0024801944
0.0023890838
0.0023008928
0.0022155071
0.002132809
0.0020526908
0.0019751274
0.0019000398
0.0018274179
0.0017571465
0.001689258
0.0016235957
0.0015602152
0.0014990961
0.0014400619
0.0013831244
0.0013282216
0.0012752105
0.0012240522
0.0011746868
0.0011271495
0.0010812704
0.0010369406
0.00099399914
0.00095265708
0.00091290734
0.00087471397
0.00083775195
0.00080212539
0.00076801806
0.00073526819
0.00070378877
0.00067343234
0.00064408025
0.0006158632
0.00058846559
0.00056165349
0.00053608261
0.00051180538
0.00048862137
0.00046645953
0.0004451483
0.00042458358
0.0004048388
0.00038592162
0.00036799555
0.00035109487
0.00033486927
0.00031866627
0.00030301735
0.00028839988
0.00027463055
0.00026100685
0.00024759787
0.00023499715
0.00022283579
0.00021164299
0.00020111865
0.00019098777
0.00018129247
0.00017186465
0.00016281256
0.00015415693
0.00014613794
0.00013861226
0.00013132949
0.00012453561
0.00011792265
0.00011149007
0.00010546582
9.9766559e-05
9.4329392e-05
8.9163739e-05
8.4268196e-05
7.9666296e-05
7.5263706e-05
7.0988555e-05
6.6927946e-05
6.3246573e-05
5.9904629e-05
5.6945902e-05
5.4134595e-05
5.0924308e-05
4.7608297e-05
4.4657766e-05
4.2049357e-05
3.9627648e-05
3.7321404e-05
3.5112885e-05
3.2998683e-05
3.1052746e-05
2.9276128e-05
2.7576943e-05
2.5889267e-05
2.4347728e-05
2.3120594e-05
2.1830831e-05
2.0325354e-05
1.8957878e-05
1.7744706e-05
1.659694e-05
1.549789e-05
1.4465291e-05
1.3486557e-05
1.2560872e-05
1.1706967e-05
1.090542e-05
1.017212e-05
9.5424856e-06
9.0246039e-06
8.3640144e-06
7.548286e-06
6.8448896e-06
6.2557653e-06
5.7031077e-06
5.168416e-06
4.6395046e-06
4.1229128e-06
3.607475e-06
3.0928419e-06
2.6010568e-06
1.9295874e-06
1.8186218e-06
-4.3151981e-06
1.0242062e-05
0.0086167953
0.0081044184
0.0077595998
0.0075368224
0.0072963599
0.0070498117
0.0068158107
0.0065924252
0.0063763705
0.0061669954
0.0059642293
0.0057678323
0.0055774965
0.0053929491
0.005213971
0.0050403786
0.0048719998
0.0047086743
0.0045502443
0.0043965763
0.0042475408
0.0041029972
0.0039627928
0.003826758
0.0036947443
0.0035666297
0.0034423211
0.0033217199
0.0032047238
0.0030912416
0.0029811741
0.0028744527
0.0027709918
0.0026706866
0.0025734586
0.0024792749
0.0023880647
0.002299778
0.0022143074
0.0021315286
0.0020513408
0.0019737102
0.0018985641
0.0018258866
0.0017555686
0.0016876368
0.0016219397
0.0015585257
0.00149738
0.0014383191
0.0013813641
0.0013264475
0.0012734288
0.0012222616
0.0011728954
0.0011253573
0.0010794844
0.0010351626
0.00099223493
0.00095090518
0.00091117651
0.0008730077
0.0008360722
0.0008004754
0.00076640244
0.00073368723
0.00070224371
0.0006719249
0.00064261032
0.00061443247
0.00058707584
0.00056030661
0.00053478059
0.00051054878
0.00048740997
0.00046529267
0.00044402518
0.00042350368
0.0004038016
0.00038492631
0.00036704142
0.00035018131
0.00033399502
0.00031782958
0.0003022173
0.00028763584
0.00027390184
0.00026031152
0.00024693496
0.00023436559
0.00022223448
0.00021107118
0.00020057518
0.0001904714
0.00018080203
0.00017139899
0.00016237082
0.00015373822
0.00014574126
0.00013823676
0.00013097418
0.00012419963
0.0001176051
0.00011119012
0.00010518266
9.9499461e-05
9.4077555e-05
8.8926429e-05
8.4044704e-05
7.9455932e-05
7.5065751e-05
7.0802317e-05
6.6752769e-05
6.3081876e-05
5.9749832e-05
5.680048e-05
5.3997977e-05
5.079588e-05
4.7487564e-05
4.4544323e-05
4.1942805e-05
3.9527548e-05
3.7227327e-05
3.5024465e-05
3.2915562e-05
3.0974602e-05
2.9202647e-05
2.7507828e-05
2.5824221e-05
2.4286519e-05
2.3062993e-05
2.1776599e-05
2.0274247e-05
1.8909729e-05
1.7699332e-05
1.6554173e-05
1.5457552e-05
1.4427243e-05
1.3450647e-05
1.2526979e-05
1.167496e-05
1.0875194e-05
1.0143563e-05
9.5155125e-06
8.9991156e-06
8.3399162e-06
7.5254887e-06
6.8233264e-06
6.2353713e-06
5.6838129e-06
5.150158e-06
4.6222233e-06
4.106552e-06
3.5919916e-06
3.0781637e-06
2.5872119e-06
1.9163358e-06
1.8066397e-06
-4.3131099e-06
1.0246624e-05
0.0085989514
0.0081073328
0.0077604004
0.0075370547
0.007298467
0.0070522389
0.0068182712
0.0065950995
0.0063792203
0.0061699423
0.0059672308
0.0057708574
0.0055805104
0.005395917
0.0052168597
0.0050431596
0.0048746488
0.004711171
0.0045525745
0.0043987279
0.0042495064
0.004104773
0.003964375
0.0038281474
0.0036959412
0.0035676356
0.0034431411
0.0033223603
0.00320519
0.0030915384
0.0029813127
0.0028744375
0.0027708297
0.0026703919
0.0025730337
0.0024787281
0.0023874053
0.002299011
0.0022134427
0.0021305705
0.0020502998
0.0019725895
0.0018973718
0.0018246259
0.0017542481
0.00168626
0.0016205151
0.0015570551
0.0014958703
0.0014367703
0.0013797848
0.0013248414
0.0012718027
0.0012206148
0.0011712353
0.0011236843
0.0010778058
0.0010334795
0.00099055426
0.00094922602
0.00090950693
0.00087135138
0.00083443158
0.0007988539
0.00076480533
0.0007321164
0.00070070101
0.00067041225
0.00064112843
0.0006129833
0.00058566114
0.00055892844
0.00053344194
0.00050925122
0.00048615393
0.00046407809
0.00044285167
0.00042237109
0.00040270985
0.00038387503
0.00036603032
0.00034921021
0.00033306293
0.00031693481
0.0003013592
0.00028681409
0.00027311604
0.00025955977
0.00024621635
0.00023367929
0.00022157944
0.0002104468
0.00019998042
0.00018990505
0.00018026297
0.00017088604
0.00016188313
0.00015327498
0.00014530148
0.00013781961
0.00013057865
0.00012382488
0.00011725019
0.00011085421
0.00010486495
9.9199186e-05
9.3793905e-05
8.8658646e-05
8.3792061e-05
7.9217725e-05
7.4841228e-05
7.0590745e-05
6.655346e-05
6.2894216e-05
5.9573212e-05
5.6634344e-05
5.3841715e-05
5.0648801e-05
4.7349136e-05
4.4414116e-05
4.1820396e-05
3.9412457e-05
3.7119083e-05
3.492266e-05
3.2819804e-05
3.0884534e-05
2.9117919e-05
2.7428106e-05
2.5749169e-05
2.4215876e-05
2.299651e-05
2.1713999e-05
2.0215251e-05
1.8854145e-05
1.7646954e-05
1.650481e-05
1.5411001e-05
1.4383339e-05
1.3409219e-05
1.2487885e-05
1.1638051e-05
1.0840344e-05
1.0110647e-05
9.4844265e-06
8.9697532e-06
8.3121579e-06
7.4992396e-06
6.7984981e-06
6.2119017e-06
5.6616056e-06
5.1291582e-06
4.6023393e-06
4.0877444e-06
3.5741784e-06
3.0612999e-06
2.5712827e-06
1.9011253e-06
1.7928425e-06
-4.3123519e-06
1.0250178e-05
0.0085808704
0.0081100287
0.0077612707
0.0075368729
0.0073003725
0.0070546342
0.0068206955
0.0065977687
0.0063821135
0.0061729694
0.0059703455
0.0057740309
0.0055837115
0.0053991128
0.0052200181
0.0050462512
0.0048776467
0.004714051
0.004555317
0.0044013159
0.0042519273
0.0041070181
0.0039664364
0.0038300214
0.0036976247
0.0035691278
0.0034444437
0.0033234778
0.0032061269
0.0030922981
0.0029819044
0.0028748668
0.0027711003
0.0026705177
0.0025730214
0.0024785827
0.0023871339
0.0022986211
0.0022129435
0.0021299663
0.0020496005
0.0019717992
0.0018964979
0.001823672
0.0017532222
0.0016851664
0.0016193616
0.0015558444
0.0014946093
0.0014354589
0.001378431
0.001323449
0.0012703788
0.0012191591
0.0011697548
0.0011221796
0.0010762841
0.0010319417
0.00098900739
0.00094767
0.00090794902
0.00086979574
0.00083288054
0.00079731084
0.0007632758
0.00073060366
0.00069920747
0.00066894008
0.00063967906
0.00061155904
0.00058426368
0.00055755971
0.00053210573
0.00050795005
0.0004848889
0.00046284974
0.00044166008
0.00042121646
0.00040159254
0.00038279512
0.00036498802
0.00034820584
0.00033209585
0.00031600336
0.00030046304
0.00028595333
0.00027229064
0.00025876787
0.00024545716
0.00023295227
0.00022088363
0.00020978186
0.00019934546
0.00018929896
0.0001796847
0.00017033447
0.00016135739
0.00015277442
0.0001448252
0.00013736679
0.00013014833
0.00012341626
0.00011686234
0.00011048631
0.00010451622
9.8868889e-05
9.3481231e-05
8.8362839e-05
8.3512407e-05
7.895353e-05
7.4591734e-05
7.0355196e-05
6.6331157e-05
6.2684537e-05
5.9375539e-05
5.6448113e-05
5.3666293e-05
5.0483425e-05
4.7193249e-05
4.4267281e-05
4.1682181e-05
3.9282352e-05
3.6996583e-05
3.4807328e-05
3.2711219e-05
3.0782312e-05
2.9021685e-05
2.7337492e-05
2.5663807e-05
2.4135481e-05
2.2920815e-05
2.1642696e-05
2.0148023e-05
1.879078e-05
1.7587231e-05
1.644851e-05
1.53579e-05
1.4333252e-05
1.3361953e-05
1.2443275e-05
1.1595934e-05
1.0800572e-05
1.0073083e-05
9.4489476e-06
8.9362472e-06
8.2804795e-06
7.469288e-06
6.7701617e-06
6.1851247e-06
5.636261e-06
5.1052027e-06
4.5796447e-06
4.0662933e-06
3.5538435e-06
3.0420698e-06
2.553093e-06
1.8837918e-06
1.7770624e-06
-4.3141457e-06
1.024821e-05
0.0085619353
0.0081124394
0.0077625347
0.0075362702
0.0073019424
0.0070569101
0.0068230035
0.006600348
0.0063849713
0.0061760028
0.0059735014
0.005777281
0.0055870263
0.0054024606
0.0052233683
0.0050495752
0.0048809177
0.0047172429
0.0045584072
0.004404284
0.0042547561
0.0041096946
0.0039689484
0.0038323601
0.0036997825
0.0035711004
0.0034462292
0.0033250775
0.0032075433
0.0030935329
0.0029829638
0.002875757
0.0027718238
0.0026710827
0.0025734398
0.002478861
0.0023872742
0.0022986319
0.0022128333
0.0021297405
0.0020492681
0.0019713651
0.0018959689
0.0018230525
0.0017525193
0.0016843851
0.0016185093
0.0015549245
0.0014936287
0.0014344177
0.0013773368
0.0013223055
0.001269193
0.0012179314
0.0011684918
0.0011208824
0.0010749593
0.0010305899
0.00098763548
0.0009462789
0.00090654521
0.00086838371
0.00083146231
0.00079588968
0.00076185737
0.00072919204
0.00069780564
0.00066755039
0.00063830355
0.00061020044
0.00058292356
0.00055623969
0.00053081013
0.00050668223
0.00048365056
0.00046164203
0.00044048353
0.00042007158
0.00040048009
0.00038171561
0.0003639422
0.00034719459
0.00033111886
0.000315059
0.00029955131
0.00028507484
0.00027144573
0.0002579548
0.0002446752
0.00023220126
0.00022016275
0.00020909106
0.00019868406
0.00018866599
0.00017907923
0.00016975549
0.00016080403
0.00015224618
0.00014432135
0.0001368866
0.00012969088
0.00012298086
0.00011644806
0.00011009238
0.00010414194
9.8513575e-05
9.3144098e-05
8.8043161e-05
8.3209503e-05
7.8666746e-05
7.4320333e-05
7.0098421e-05
6.6088324e-05
6.2455033e-05
5.9158765e-05
5.6243521e-05
5.3473246e-05
5.0301093e-05
4.7021063e-05
4.4104819e-05
4.1529017e-05
3.9137964e-05
3.6860443e-05
3.4678979e-05
3.2590223e-05
3.0668272e-05
2.8914209e-05
2.7236187e-05
2.5568276e-05
2.4045424e-05
2.283596e-05
2.1562704e-05
2.0072546e-05
1.8719591e-05
1.7520094e-05
1.6385186e-05
1.5298147e-05
1.4276862e-05
1.330872e-05
1.2393013e-05
1.1548467e-05
1.0755731e-05
1.003072e-05
9.4089228e-06
8.898445e-06
8.2447263e-06
7.43548e-06
6.7381638e-06
6.1548899e-06
5.6076301e-06
5.0781466e-06
4.5539959e-06
4.0420599e-06
3.5308501e-06
3.0203403e-06
2.5325138e-06
1.8642114e-06
1.7591763e-06
-4.3204246e-06
1.0224964e-05
0.0085415202
0.0081142624
0.0077643572
0.0075352366
0.0073030129
0.0070589452
0.0068250924
0.0066027292
0.0063876912
0.0061789467
0.0059766061
0.0057805181
0.0055903666
0.0054058721
0.0052268211
0.0050530415
0.0048843715
0.0047206583
0.0045617602
0.0044075525
0.0042579207
0.0041127386
0.0039718562
0.003835118
0.0037023784
0.0035735259
0.0034484781
0.0033271472
0.0032094331
0.003095242
0.002984495
0.0028771149
0.0027730112
0.0026721026
0.0025743007
0.0024795748
0.0023878442
0.0022990632
0.0022131314
0.0021299125
0.0020493226
0.0019713071
0.0018958054
0.0018227883
0.0017521609
0.0016839381
0.0016179802
0.0015543179
0.0014929518
0.0014336708
0.0013765269
0.0013214363
0.0012682715
0.0012169587
0.0011674738
0.0011198211
0.0010738608
0.0010294547
0.00098646956
0.00094508438
0.00090532806
0.00086714854
0.0008302108
0.00079462491
0.00076058508
0.00072791674
0.00069653072
0.00066627831
0.00063703681
0.00060894231
0.00058167543
0.00055500269
0.00052958896
0.00050548096
0.0004824714
0.00046048662
0.00043935281
0.00041896633
0.00039940142
0.0003806644
0.00036291976
0.00034620237
0.0003301569
0.00031412556
0.00029864676
0.0002842004
0.00027060212
0.00025714037
0.00024388931
0.00023144414
0.00021943376
0.00020839046
0.00019801141
0.00018802047
0.0001784601
0.00016916184
0.00016023505
0.00015170153
0.00014380053
0.00013638896
0.00012921557
0.00012252734
0.00011601544
0.00010967996
0.00010374912
9.8139753e-05
9.2788545e-05
8.7705199e-05
8.2888511e-05
7.8362135e-05
7.4031408e-05
6.9824442e-05
6.5828641e-05
6.2209073e-05
5.892597e-05
5.6023385e-05
5.3265149e-05
5.010414e-05
4.6834682e-05
4.3928631e-05
4.1362619e-05
3.8980833e-05
3.6712043e-05
3.4538845e-05
3.2457913e-05
3.0543387e-05
2.8796354e-05
2.7124953e-05
2.5463245e-05
2.3946293e-05
2.274246e-05
2.1474472e-05
1.9989205e-05
1.8640905e-05
1.7445823e-05
1.6315076e-05
1.5231941e-05
1.4214336e-05
1.3249654e-05
1.2337207e-05
1.1495733e-05
1.0705884e-05
9.9836032e-06
9.3643808e-06
8.8563619e-06
8.2049018e-06
7.3978077e-06
6.7024861e-06
6.1211719e-06
5.5756802e-06
5.0479523e-06
4.5253499e-06
4.0149972e-06
3.5051479e-06
2.9960579e-06
2.5094906e-06
1.8423323e-06
1.7391097e-06
-4.3322704e-06
1.0166421e-05
0.0085205094
0.0081147751
0.0077660801
0.0075335606
0.0073033624
0.0070605728
0.0068268324
0.0066047791
0.0063901455
0.0061816819
0.0059795451
0.0057836311
0.0055936247
0.0054092424
0.0052302728
0.0050565471
0.0048879052
0.0047241946
0.0045652749
0.0044110232
0.004261327
0.0041160622
0.0039750793
0.0038382232
0.0037053496
0.0035763505
0.0034511459
0.0033296516
0.0032117692
0.0030974058
0.0029864855
0.0028789334
0.0027746595
0.0026735819
0.0025756132
0.0024807303
0.00238885
0.0022999265
0.0022138543
0.0021304982
0.00204978
0.0019716415
0.001896024
0.0018228964
0.001752164
0.0016838426
0.0016177917
0.0015540419
0.0014925957
0.0014332353
0.001376019
0.0013208599
0.0012676327
0.0012162597
0.0011667199
0.0011190155
0.0010730089
0.0010285571
0.00098553111
0.00094410835
0.00090432026
0.00086611363
0.00082915002
0.00079354125
0.00075948437
0.00072680365
0.00069540896
0.00066515034
0.00063590547
0.00060781149
0.00058054627
0.00055387574
0.00052846927
0.00050437315
0.00048137807
0.00045940984
0.00043829383
0.00041792618
0.00039838144
0.00037966578
0.00036194434
0.00034525225
0.00032923241
0.00031322473
0.00029777026
0.0002833502
0.00026977935
0.00025634336
0.00024311749
0.00023069816
0.00021871315
0.00020769588
0.00019734264
0.00018737685
0.00017784104
0.00016856662
0.00015966289
0.00015115227
0.00014327391
0.00013588446
0.00012873241
0.00012206516
0.00011557341
0.00010925744
0.00010334567
9.7754848e-05
9.242154e-05
8.7355484e-05
8.2555541e-05
7.8045405e-05
7.3730286e-05
6.9538216e-05
6.555672e-05
6.1950938e-05
5.868113e-05
5.5791399e-05
5.3045432e-05
4.9895734e-05
4.6637021e-05
4.3741398e-05
4.1185456e-05
3.8813228e-05
3.6553468e-05
3.4388832e-05
3.2316029e-05
3.0409244e-05
2.866957e-05
2.7005111e-05
2.5349915e-05
2.3839174e-05
2.2641304e-05
2.1378896e-05
1.9898809e-05
1.8555453e-05
1.7365078e-05
1.6238772e-05
1.5159812e-05
1.4146151e-05
1.3185185e-05
1.2276239e-05
1.1438075e-05
1.0651335e-05
9.9320039e-06
9.3155628e-06
8.810213e-06
8.1611951e-06
7.3564355e-06
6.6632731e-06
6.0840966e-06
5.5405217e-06
5.014714e-06
4.4937888e-06
3.9851736e-06
3.4767974e-06
2.969268e-06
2.4840663e-06
1.818191e-06
1.7168718e-06
-4.3478388e-06
1.0076529e-05
0.0084999028
0.0081129644
0.007766896
0.0075310625
0.0073027697
0.0070615779
0.006828056
0.0066063333
0.0063921759
0.0061840616
0.0059821786
0.0057864853
0.0055966708
0.0054124456
0.0052336009
0.0050599718
0.0048914007
0.0047277355
0.0045688366
0.004414583
0.0042648648
0.0041195591
0.0039785163
0.0038415808
0.0037086083
0.0035794946
0.0034541619
0.0033325293
0.0032144998
0.0030999813
0.002988901
0.0028811862
0.002776749
0.0026755066
0.0025773729
0.0024823284
0.0023902922
0.00230122
0.0022150061
0.0021315103
0.0020506533
0.0019723813
0.0018966378
0.0018233902
0.0017525425
0.0016841131
0.0016179579
0.0015541105
0.0014925745
0.0014331249
0.0013758268
0.0013205896
0.0012672902
0.0012158474
0.0011662434
0.0011184787
0.0010724171
0.0010279108
0.00098483396
0.00094336467
0.00090353615
0.00086529385
0.00082829524
0.00079265445
0.00075857166
0.00072586969
0.0006944577
0.00066418421
0.00063492749
0.00060682632
0.00057955472
0.00055287769
0.00052747021
0.00050337816
0.00048039008
0.00045843124
0.00043732611
0.00041697048
0.00039743934
0.0003787387
0.00036103466
0.00034436274
0.0003283636
0.00031237427
0.00029693913
0.00028254117
0.00026899399
0.00025557987
0.00024237535
0.00022997842
0.00021801551
0.00020702143
0.00019669141
0.0001867483
0.00017723475
0.00016798202
0.00015909928
0.00015060959
0.00014275222
0.00013538336
0.00012825121
0.00012160369
0.00011513089
0.00010883329
0.00010293963
9.7366501e-05
9.2050326e-05
8.7000873e-05
8.2217081e-05
7.7722686e-05
7.3422751e-05
6.9245188e-05
6.5277676e-05
6.1685437e-05
5.842876e-05
5.5551818e-05
5.2818101e-05
4.9679619e-05
4.6431564e-05
4.3546376e-05
4.1000567e-05
3.8637985e-05
3.6387354e-05
3.4231391e-05
3.2166845e-05
3.0267952e-05
2.8535812e-05
2.687847e-05
2.5229954e-05
2.3725609e-05
2.2533921e-05
2.1277298e-05
1.9802572e-05
1.8464351e-05
1.7278886e-05
1.615722e-05
1.5082632e-05
1.4073106e-05
1.3116045e-05
1.2210785e-05
1.1376111e-05
1.0592653e-05
9.8764402e-06
9.2629454e-06
8.7604346e-06
8.1140073e-06
7.3117268e-06
6.6208578e-06
6.0439664e-06
5.5024332e-06
4.9786832e-06
4.4595453e-06
3.9527956e-06
3.4459929e-06
2.9401396e-06
2.4564018e-06
1.7919403e-06
1.692545e-06
-4.3615658e-06
9.9641104e-06
0.0084793322
0.0081084581
0.0077663341
0.0075275922
0.0073009868
0.0070616807
0.006828545
0.0066071888
0.0063935865
0.0061859051
0.0059843364
0.0057889174
0.0055993478
0.0054153304
0.0052366588
0.0050631737
0.0048947198
0.004731146
0.0045723132
0.004418103
0.0042684082
0.0041231069
0.0039820489
0.003845077
0.0037120465
0.0035828564
0.0034574319
0.0033356945
0.0032175477
0.0031029002
0.0029916825
0.0028838237
0.0027792387
0.0026778431
0.0025795538
0.0024843526
0.0023921634
0.0023029377
0.0022165802
0.0021329436
0.0020519451
0.0019735376
0.0018976574
0.0018242805
0.0017533071
0.0016847613
0.0016184908
0.001554536
0.0014929004
0.0014333514
0.0013759619
0.0013206369
0.001267255
0.0012157324
0.0011660541
0.0011182202
0.0010720946
0.0010275249
0.0009843869
0.00094286183
0.00090298424
0.00086469791
0.00082765511
0.00079197329
0.00075785612
0.0007251244
0.00069368685
0.00066339008
0.00063411326
0.00060599753
0.00057871178
0.00055201969
0.00052660331
0.00050250796
0.00047951972
0.0004575634
0.00043646239
0.00041611213
0.00039658808
0.00037789612
0.00036020368
0.00034354691
0.0003275636
0.00031158711
0.00029616604
0.00028178592
0.00026825857
0.00025486223
0.00024167493
0.00022929676
0.0002173524
0.00020637847
0.00019606883
0.00018614565
0.00017665178
0.00016741828
0.00015855416
0.00015008312
0.0001422448
0.00013489472
0.00012778069
0.00012115133
0.00011469596
0.00010841527
0.00010253844
9.6981847e-05
9.1681736e-05
8.66479e-05
8.1879373e-05
7.7399939e-05
7.3114484e-05
6.8950756e-05
6.4996635e-05
6.1417437e-05
5.8173481e-05
5.530904e-05
5.2587337e-05
4.9459747e-05
4.6222029e-05
4.3347073e-05
4.0811267e-05
3.8458229e-05
3.6216646e-05
3.4069289e-05
3.2012955e-05
3.0121942e-05
2.839736e-05
2.6747168e-05
2.5105358e-05
2.3607463e-05
2.242206e-05
2.117131e-05
1.9702011e-05
1.8369014e-05
1.7188568e-05
1.6071652e-05
1.5001546e-05
1.3996268e-05
1.3043226e-05
1.2141766e-05
1.1310698e-05
1.0530635e-05
9.8176524e-06
9.2072183e-06
8.7076684e-06
8.0639352e-06
7.2642308e-06
6.5757523e-06
6.0012533e-06
5.4618573e-06
4.9402647e-06
4.4230017e-06
3.9182093e-06
3.4130657e-06
2.908967e-06
2.4267816e-06
1.7638502e-06
1.666304e-06
-4.3646761e-06
9.8449702e-06
0.0084583906
0.0081011331
0.0077638366
0.0075228485
0.0072977264
0.007060551
0.0068280284
0.0066070998
0.0063941376
0.0061869887
0.0059858097
0.0057907289
0.0056014663
0.0054177151
0.0052392714
0.0050659831
0.0048976982
0.0047342667
0.00457555
0.0044214326
0.004271811
0.0041265645
0.0039855407
0.0038485802
0.0037155377
0.0035863148
0.0034608405
0.0033390382
0.0032208114
0.0031060688
0.0029947455
0.0028867712
0.0027820636
0.0026805359
0.0025821086
0.0024867651
0.0023944331
0.0023050633
0.0022185651
0.0021347837
0.0020536444
0.001975102
0.0018990849
0.0018255756
0.0017544658
0.0016857965
0.0016193995
0.0015553288
0.001493584
0.0014339251
0.001376435
0.0013210122
0.0012675374
0.0012159243
0.0011661609
0.001118248
0.0010720489
0.0010274062
0.00098419627
0.00094260543
0.00090266974
0.00086433082
0.00082723412
0.00079150195
0.00075734195
0.00072457208
0.00069310082
0.00066277247
0.00063346733
0.00060532993
0.00057802237
0.0005513066
0.00052587378
0.00050176814
0.00047877301
0.00045681274
0.00043570939
0.00041535804
0.00039583479
0.0003771453
0.00035945886
0.00034281256
0.00032684043
0.0003108712
0.0002954589
0.00028109246
0.00026758132
0.00025419859
0.00024102434
0.00022866121
0.00021673174
0.00020577496
0.00019548284
0.00018557679
0.00017609993
0.00016688307
0.00015803508
0.00014958028
0.00014175893
0.00013442566
0.00012732782
0.00012071492
0.00011427526
0.0001080098
0.00010214834
9.6606924e-05
9.1321611e-05
8.6302207e-05
8.1547864e-05
7.7082422e-05
7.2810553e-05
6.8659787e-05
6.471826e-05
6.1151408e-05
5.7919582e-05
5.5067199e-05
5.2357121e-05
4.9239907e-05
4.6012013e-05
4.3146916e-05
4.0620829e-05
3.8277078e-05
3.604431e-05
3.3905342e-05
3.1857025e-05
2.9973742e-05
2.8256608e-05
2.6613466e-05
2.4978259e-05
2.3486748e-05
2.2307627e-05
2.1062733e-05
1.9598818e-05
1.8271034e-05
1.7095623e-05
1.5983479e-05
1.491788e-05
1.3916885e-05
1.29679e-05
1.2070286e-05
1.124287e-05
1.0466252e-05
9.7565499e-06
9.1492392e-06
8.6527196e-06
8.0117378e-06
7.2146524e-06
6.5286213e-06
5.9565758e-06
5.419381e-06
4.900001e-06
4.3846762e-06
3.881888e-06
3.3784733e-06
2.8761636e-06
2.3956053e-06
1.7343105e-06
1.638424e-06
-4.3536558e-06
9.7339316e-06
0.0084364819
0.0080907647
0.0077587411
0.0075163723
0.0072926458
0.0070577931
0.0068261588
0.006605761
0.0063935347
0.0061870355
0.0059863411
0.0057916766
0.005602795
0.0054193792
0.0052412275
0.0050681967
0.0049001395
0.0047369077
0.004578363
0.0044243933
0.0042749003
0.0041297646
0.0039888306
0.0038519339
0.003718929
0.0035897219
0.0034642464
0.0033424262
0.0032241648
0.0031093707
0.0029979825
0.00288993
0.002785134
0.0026835043
0.002584965
0.002489503
0.0023970479
0.0023075529
0.0022209276
0.0021370122
0.002055735
0.001977055
0.0019009059
0.0018272644
0.0017560202
0.0016872263
0.0016206897
0.0015564969
0.001494633
0.0014348544
0.0013772554
0.0013217247
0.0012681472
0.0012164327
0.0011665728
0.0011185705
0.0010722878
0.0010275623
0.00098426849
0.00094260091
0.00090259729
0.00086419671
0.00082703542
0.00079124276
0.00075703108
0.00072421434
0.00069270108
0.00066233258
0.00063299064
0.00060482458
0.00057748741
0.00055073892
0.0005252822
0.00050115955
0.0004781511
0.00045618079
0.00043506893
0.00041471029
0.0003951818
0.00037648877
0.00035880301
0.00034216291
0.0003261977
0.00031023015
0.00029482135
0.0002804647
0.00026696647
0.00025359327
0.00024042789
0.00022807624
0.000216158
0.0002052155
0.00019493819
0.00018504657
0.00017558413
0.0001663813
0.00015754697
0.00014910597
0.00014129956
0.00013398113
0.0001268975
0.00012029933
0.00011387361
0.00010762161
0.00010177397
9.6246298e-05
9.097442e-05
8.5968164e-05
8.1226824e-05
7.6774315e-05
7.2515034e-05
6.8376233e-05
6.4446381e-05
6.089107e-05
5.7670671e-05
5.4829818e-05
5.2130887e-05
4.9023398e-05
4.5804669e-05
4.2948938e-05
4.043218e-05
3.8097351e-05
3.5873055e-05
3.3742144e-05
3.1701539e-05
2.9825722e-05
2.8115823e-05
2.647953e-05
2.4850713e-05
2.3365416e-05
2.2192495e-05
2.0953348e-05
1.9494675e-05
1.8172006e-05
1.7001567e-05
1.5894143e-05
1.4833002e-05
1.3836255e-05
1.2891296e-05
1.1997507e-05
1.1173729e-05
1.0400549e-05
9.6941198e-06
9.0899471e-06
8.5964779e-06
7.9582604e-06
7.1637826e-06
6.4802185e-06
5.9106399e-06
5.3756817e-06
4.8585217e-06
4.3451771e-06
3.8443917e-06
3.3427627e-06
2.8422274e-06
2.363358e-06
1.7037983e-06
1.6092873e-06
-4.3306831e-06
9.6182743e-06
0.00841311
0.0080772033
0.0077504818
0.0075076794
0.0072854005
0.0070529835
0.0068225253
0.0066028096
0.0063914296
0.0061857132
0.0059856199
0.0057914681
0.0056030561
0.0054200581
0.0052422742
0.0050695706
0.0049018074
0.0047388389
0.0045805271
0.0044267649
0.004277462
0.0041324998
0.0039917185
0.0038549483
0.0037220405
0.0035929063
0.003467486
0.0033457034
0.0032274612
0.0031126664
0.0030012616
0.0028931764
0.0027883347
0.002686642
0.0025880252
0.0024924776
0.0023999279
0.0023103352
0.0022236068
0.0021395761
0.0020581768
0.00197937
0.0019030919
0.0018293191
0.0017579488
0.0016890305
0.001622355
0.0015580437
0.0014960499
0.0014361453
0.0013784296
0.001322781
0.0012690933
0.001217266
0.0011672988
0.0011191974
0.0010728212
0.0010280017
0.00098461067
0.00094285461
0.0009027725
0.00086430072
0.00082706292
0.00079119866
0.00075692591
0.00072405298
0.00069248901
0.00066207126
0.00063268353
0.00060448176
0.0005771067
0.00055031559
0.00052482735
0.00050068095
0.00047765287
0.00045566665
0.00043454018
0.00041416806
0.00039462837
0.00037592581
0.00035823559
0.00034159792
0.00032563573
0.00030966414
0.00029425359
0.0002799031
0.00026641494
0.00025304728
0.00023988671
0.00022754317
0.00021563252
0.00020470176
0.00019443675
0.00018455702
0.00017510662
0.00016591535
0.0001570923
0.00014866274
0.00014086938
0.00013356394
0.0001264926
0.00011990754
0.000113494
0.00010725369
0.00010141832
9.590296e-05
9.0643144e-05
8.5648727e-05
8.0919191e-05
7.6478545e-05
7.2230831e-05
6.8102955e-05
6.4183802e-05
6.0639181e-05
5.742946e-05
5.4599604e-05
5.1911325e-05
4.8812817e-05
4.5602492e-05
4.2755564e-05
4.0247687e-05
3.7921352e-05
3.5705113e-05
3.3581856e-05
3.1548577e-05
2.9679892e-05
2.7976949e-05
2.634723e-05
2.4724507e-05
2.3245182e-05
2.2078319e-05
2.0844749e-05
1.9391096e-05
1.8073379e-05
1.6907788e-05
1.5804974e-05
1.4748182e-05
1.3755593e-05
1.2814574e-05
1.1924541e-05
1.1104332e-05
1.0334539e-05
9.6313227e-06
9.030264e-06
8.5398248e-06
7.9043493e-06
7.1124176e-06
6.43131e-06
5.8641681e-06
5.3314604e-06
4.8164821e-06
4.305145e-06
3.806312e-06
3.3065173e-06
2.8076962e-06
2.3305632e-06
1.672844e-06
1.5792623e-06
-4.2941653e-06
9.4789278e-06
0.0083870929
0.0080595963
0.0077378771
0.0074958283
0.0072753381
0.0070454724
0.0068165039
0.0065977001
0.0063873194
0.0061825489
0.0059832094
0.0057896988
0.0056018719
0.0054193977
0.0052420781
0.0050697926
0.0049024098
0.0047397851
0.0045817811
0.0044282977
0.0042792565
0.0041345394
0.0039939818
0.0038574078
0.0037246629
0.003595665
0.0034703624
0.0033486794
0.0032305165
0.0031157779
0.0030044131
0.0028963508
0.0027915169
0.0026898107
0.0025911616
0.0024955719
0.0024029653
0.0023133119
0.0022265145
0.0021423959
0.0020608996
0.001981986
0.0019055956
0.0018317053
0.0017602114
0.0016911733
0.0016243692
0.0015599388
0.0014978158
0.0014377963
0.0013799528
0.0013241784
0.0012703752
0.001218423
0.0011683401
0.0011201326
0.0010736544
0.0010287305
0.00098522884
0.00094337261
0.00090320136
0.00086464904
0.00082732168
0.00079137383
0.00075703018
0.00072409111
0.00069246737
0.00066199061
0.00063254754
0.00060430311
0.00057688105
0.00055003599
0.00052450839
0.00050033139
0.0004772773
0.00045526936
0.00043412215
0.00041373019
0.00039417312
0.00037545477
0.00035775493
0.00034111628
0.00032515354
0.00030917178
0.00029375405
0.00027940636
0.00026592582
0.00025255966
0.00023939977
0.00022706118
0.00021515441
0.00020423316
0.00019397817
0.00018410803
0.00017466751
0.00016548545
0.00015667146
0.00014825114
0.0001404692
0.00013317512
0.00012611427
0.00011954088
0.00011313782
0.00010690748
0.00010108293
9.5578486e-05
9.0329402e-05
8.5345554e-05
8.0626658e-05
7.619686e-05
7.1959729e-05
6.7841738e-05
6.3932309e-05
6.039754e-05
5.719776e-05
5.4378414e-05
5.1700328e-05
4.8609999e-05
4.5407245e-05
4.2568525e-05
4.0069063e-05
3.775077e-05
3.554214e-05
3.3426092e-05
3.139971e-05
2.9537782e-05
2.7841479e-05
2.6218015e-05
2.4601034e-05
2.312739e-05
2.1966423e-05
2.0738209e-05
1.9289296e-05
1.797632e-05
1.6815415e-05
1.5717061e-05
1.4664471e-05
1.3675912e-05
1.2738706e-05
1.1852324e-05
1.1035581e-05
1.0269086e-05
9.5689883e-06
8.9709951e-06
8.4835375e-06
7.8507565e-06
7.0612675e-06
6.3825865e-06
5.8178153e-06
5.287361e-06
4.7744867e-06
4.2651783e-06
3.7682057e-06
3.270292e-06
2.7730847e-06
2.2977262e-06
1.6419699e-06
1.5487126e-06
-4.2399515e-06
9.3075424e-06
0.0083585913
0.0080377075
0.0077204549
0.0074803377
0.0072621161
0.0070348793
0.0068076736
0.0065900429
0.0063808306
0.0061771691
0.0059787439
0.005786015
0.0055988984
0.0054170623
0.0052403136
0.0050685468
0.0049016396
0.0047394484
0.0045818349
0.0044287101
0.0042800114
0.0041356206
0.0039953655
0.00385906
0.0037265435
0.0035977466
0.0034726286
0.0033511133
0.0032330969
0.0031184802
0.0030072215
0.002899247
0.0027944851
0.0026928251
0.002594199
0.0024986226
0.0024060096
0.0023163461
0.0022295271
0.0021453597
0.0020638024
0.0019848126
0.0019083371
0.0018343534
0.0017627452
0.001693608
0.001626687
0.0015621353
0.0014998977
0.0014397643
0.001381789
0.0013259086
0.0012719838
0.0012198892
0.0011696883
0.0011213675
0.0010747795
0.0010297474
0.00098612289
0.00094415383
0.0009038829
0.00086524226
0.00082781197
0.00079176851
0.00075734446
0.00072432921
0.00069263695
0.00066209122
0.00063258295
0.00060428993
0.00057681162
0.00054989951
0.000524325
0.0005001108
0.00047702435
0.00045498896
0.00043381478
0.00041339638
0.00039381543
0.00037507459
0.00035735983
0.00034071714
0.00032475048
0.00030875175
0.00029332106
0.00027897294
0.00026549798
0.00025212904
0.00023896542
0.00022662868
0.00021472182
0.00020380817
0.00019356111
0.00018369836
0.00017426579
0.0001650907
0.00015628366
0.00014787044
0.00014009855
0.0001328144
0.00012576237
0.00011919946
0.00011280527
0.00010658322
0.00010076814
9.5273333e-05
9.0033727e-05
8.5059252e-05
8.0349923e-05
7.593006e-05
7.1702601e-05
6.7593495e-05
6.3692843e-05
6.0167138e-05
5.6976605e-05
5.4167389e-05
5.1499123e-05
4.8416119e-05
4.5220045e-05
4.2388924e-05
3.9897419e-05
3.7586711e-05
3.5385227e-05
3.3275919e-05
3.1255977e-05
2.9400413e-05
2.7710426e-05
2.609288e-05
2.448125e-05
2.3012965e-05
2.1857731e-05
2.0634634e-05
1.9190132e-05
1.7881658e-05
1.6725253e-05
1.5631189e-05
1.458263e-05
1.3597951e-05
1.2664408e-05
1.1781548e-05
1.0968142e-05
1.0204842e-05
9.5077398e-06
8.912751e-06
8.4282124e-06
7.7980666e-06
7.0108829e-06
6.3345915e-06
5.772099e-06
5.2439008e-06
4.7330225e-06
4.2257674e-06
3.7305299e-06
3.2345489e-06
2.7388274e-06
2.2652734e-06
1.6116412e-06
1.5179244e-06
-4.1632822e-06
9.0976245e-06
0.0083242587
0.0080090304
0.0076963377
0.0074593426
0.0072439888
0.0070195662
0.006794491
0.0065784364
0.006370697
0.0061684249
0.0059711927
0.005779499
0.0055933171
0.0054123197
0.005236324
0.0050652391
0.0048989545
0.0047373301
0.004580225
0.0044275693
0.0042793236
0.0041353679
0.0039955192
0.0038595778
0.0037273733
0.003598857
0.0034740018
0.0033527317
0.0032349363
0.0031205123
0.0030094319
0.0029016157
0.0027969975
0.00269545
0.0025969098
0.0025014118
0.0024088513
0.0023192419
0.0022324621
0.0021482973
0.0020667278
0.0019877051
0.0019111833
0.0018371418
0.0017654806
0.0016962168
0.0016292074
0.0015645701
0.0015022384
0.001441982
0.0013838893
0.0013279225
0.0012738702
0.0012216366
0.0011713308
0.0011228781
0.0010761609
0.0010310264
0.00098727873
0.00094518509
0.00090480476
0.00086607097
0.00082852482
0.00079237507
0.00075786248
0.0007247617
0.00069299382
0.00066236997
0.00063278621
0.00060443951
0.00057689859
0.00054990486
0.00052427509
0.00050001704
0.00047689234
0.00045482443
0.00043361711
0.00041316544
0.00039355399
0.00037478346
0.00035704843
0.0003403992
0.00032442566
0.00030840215
0.00029295245
0.00027860089
0.00026513002
0.00025175375
0.00023858178
0.00022624399
0.00021433271
0.00020342525
0.00019318412
0.00018332669
0.0001739003
0.00016472992
0.00015592781
0.00014751961
0.00013975666
0.00013248117
0.00012543635
0.00011888298
0.00011249608
0.00010628069
0.00010047384
9.4987457e-05
8.975614e-05
8.4789886e-05
8.0089115e-05
7.5678383e-05
7.1459774e-05
6.7358592e-05
6.3465811e-05
5.9948447e-05
5.676653e-05
5.3967201e-05
5.1308497e-05
4.8231901e-05
4.5041561e-05
4.2217429e-05
3.9733432e-05
3.7429852e-05
3.5235041e-05
3.3131984e-05
3.1118002e-05
2.9268396e-05
2.7584404e-05
2.5972433e-05
2.4365734e-05
2.2902469e-05
2.1752829e-05
2.0534589e-05
1.9094124e-05
1.7789895e-05
1.6637792e-05
1.5547835e-05
1.4503121e-05
1.3522162e-05
1.2592118e-05
1.171264e-05
1.090243e-05
1.0142206e-05
9.4479621e-06
8.8559159e-06
8.3742318e-06
7.7466564e-06
6.9616146e-06
6.2876783e-06
5.7273558e-06
5.2014258e-06
4.6924146e-06
4.187248e-06
3.6935985e-06
3.1996118e-06
2.7052308e-06
2.2335102e-06
1.5822194e-06
1.4870996e-06
-4.0588659e-06
8.8409409e-06
0.0082849177
0.0079750808
0.0076673328
0.0074341743
0.0072220333
0.0070004756
0.0067777053
0.006563461
0.0063573475
0.0061565885
0.0059606995
0.0057701885
0.0055850636
0.0054050276
0.0052299123
0.0050596319
0.0048940913
0.0047331512
0.0045766603
0.0044245768
0.0042768922
0.0041334807
0.003994147
0.0038586684
0.0037268589
0.0035987037
0.0034741898
0.0033532428
0.0032357432
0.0031215837
0.0030107573
0.0029031723
0.0027987743
0.0026974074
0.0025990194
0.0025036711
0.0024112247
0.0023217437
0.0022350724
0.0021509712
0.0020694522
0.0019904523
0.0019139359
0.0018398864
0.0017682299
0.0016988619
0.0016317931
0.0015671091
0.0015047086
0.0014443514
0.0013861706
0.001330114
0.0012759432
0.0012235946
0.0011731898
0.0011246254
0.0010777979
0.0010324951
0.00098863192
0.0009464156
0.00090593208
0.0008671081
0.00082943372
0.00079317118
0.00075856454
0.0007253707
0.00069352395
0.00066281596
0.00063314636
0.00060473679
0.00057712955
0.00055004625
0.00052435339
0.00050004355
0.00047687481
0.00045477081
0.0004335252
0.0004130338
0.00039338542
0.00037457768
0.0003568171
0.00034015975
0.00032417709
0.00030811947
0.00029264464
0.00027828722
0.0002648197
0.00025143116
0.00023824607
0.00022590477
0.00021398412
0.00020308202
0.00019284505
0.0001829911
0.00017356939
0.00016440151
0.0001556024
0.00014719715
0.00013944243
0.0001321746
0.00012513546
0.00011859104
0.0001122099
0.0001059996
0.00010019989
9.4720778e-05
8.9496651e-05
8.4537528e-05
7.9844339e-05
7.5442053e-05
7.1231576e-05
6.7137383e-05
6.325158e-05
5.974188e-05
5.6567987e-05
5.3778457e-05
5.1129176e-05
4.8057951e-05
4.4872289e-05
4.2054517e-05
3.957758e-05
3.7280663e-05
3.5092025e-05
3.2994691e-05
3.0986152e-05
2.914208e-05
2.7463766e-05
2.5857018e-05
2.4254802e-05
2.2796206e-05
2.1652062e-05
2.0438403e-05
1.9001547e-05
1.7701286e-05
1.6553276e-05
1.5467234e-05
1.4426175e-05
1.3448768e-05
1.2522048e-05
1.1645804e-05
1.0838637e-05
1.0081364e-05
9.3898259e-06
8.800663e-06
8.321775e-06
7.6967058e-06
6.9136162e-06
6.2420079e-06
5.6837361e-06
5.1600999e-06
4.6528142e-06
4.1497841e-06
3.657563e-06
3.1656433e-06
2.6724518e-06
2.2025923e-06
1.5539317e-06
1.4562792e-06
-3.9207558e-06
8.527417e-06
0.0082317501
0.0079289944
0.0076267726
0.0073980365
0.007189766
0.0069718342
0.006752258
0.0065407328
0.0063370173
0.006138427
0.005944508
0.0057557389
0.0055721337
0.0053934776
0.0052196271
0.0050504889
0.0048859932
0.0047259958
0.004570335
0.0044190334
0.0042721167
0.0041294364
0.0039907897
0.0038559174
0.0037246167
0.003596941
0.0034728798
0.0033523565
0.0032352319
0.0031214022
0.0030109022
0.0029036105
0.0027995006
0.0026983609
0.0026001762
0.0025050409
0.002412752
0.0023234731
0.0022369673
0.0021529742
0.0020715663
0.0019926494
0.0019162026
0.001842215
0.0017705843
0.001701237
0.001634144
0.0015694636
0.0015070407
0.0014466131
0.0013883918
0.0013322822
0.0012780278
0.0012255808
0.0011750841
0.0011264571
0.0010795616
0.0010340772
0.00099009178
0.00094774758
0.00090719532
0.00086829073
0.00083047015
0.00079409619
0.00075939512
0.00072610688
0.00069418339
0.0006633866
0.00063364102
0.00060518289
0.00057745293
0.00055028618
0.00052453707
0.00050017168
0.00047695354
0.0004548114
0.00043352441
0.00041298869
0.00039329887
0.00037444724
0.00035665693
0.00033999147
0.00032399903
0.00030789593
0.00029238956
0.00027802541
0.00026456201
0.00025115609
0.00023795311
0.00022560673
0.00021367113
0.00020277457
0.00019254003
0.00018268825
0.00017327046
0.00016410297
0.00015530518
0.00014690083
0.00013915408
0.00013189332
0.00012485859
0.00011832304
0.00011194612
0.00010573952
9.9946188e-05
9.4473366e-05
8.9255483e-05
8.4302537e-05
7.9616052e-05
7.5221652e-05
7.1018653e-05
6.6930487e-05
6.3050745e-05
5.9548062e-05
5.6381623e-05
5.3601986e-05
5.0962135e-05
4.7895058e-05
4.4712845e-05
4.1900748e-05
3.9430406e-05
3.713967e-05
3.4956662e-05
3.2864461e-05
3.086078e-05
2.9021778e-05
2.7348818e-05
2.5746923e-05
2.4148698e-05
2.2694406e-05
2.1555715e-05
2.0346325e-05
1.891257e-05
1.7615976e-05
1.647183e-05
1.5389498e-05
1.4351891e-05
1.337786e-05
1.245428e-05
1.1581111e-05
1.0776825e-05
1.0022362e-05
9.3333618e-06
8.7470244e-06
8.2708842e-06
7.6482501e-06
6.8668959e-06
6.1975954e-06
5.6412474e-06
5.1199416e-06
4.6142318e-06
4.1133951e-06
3.6224369e-06
3.132665e-06
2.6405097e-06
2.1725425e-06
1.5267828e-06
1.4254621e-06
-3.7427575e-06
8.1456662e-06
0.0081670196
0.0078779515
0.0075853097
0.0073603891
0.0071546581
0.0069397042
0.0067230866
0.0065141661
0.0063127383
0.006116241
0.0059243581
0.0057374458
0.0055554472
0.0053782743
0.0052058155
0.0050379605
0.0048746886
0.0047157782
0.0045610136
0.0044105939
0.0042646072
0.0041228239
0.003985032
0.0038508813
0.0037201364
0.0035930197
0.0034695175
0.0033495578
0.0032329319
0.0031195259
0.0030094675
0.0029025706
0.0027988755
0.0026980328
0.0026001212
0.0025053009
0.0024132286
0.0023242854
0.0022380517
0.0021542185
0.002072967
0.0019941571
0.0019178104
0.0018439293
0.001772371
0.0017030969
0.0016360011
0.0015713985
0.0015090297
0.0014485643
0.0013903619
0.0013342568
0.0012799544
0.0012274172
0.0011768442
0.0011281491
0.0010811862
0.0010356007
0.00099148767
0.00094901885
0.00090842883
0.00086946022
0.00083148479
0.00079501526
0.00076023239
0.0007268768
0.00069488822
0.00066398721
0.0006341715
0.00060569401
0.00057781949
0.00055056104
0.00052476857
0.00050035815
0.0004770934
0.00045491049
0.00043357692
0.00041299262
0.00039325957
0.0003743597
0.00035653966
0.0003398703
0.00032386977
0.00030771643
0.00029216752
0.00027779876
0.00026434264
0.00025091522
0.00023769041
0.00022533911
0.0002133832
0.00020249538
0.0001922616
0.00018241095
0.00017299731
0.00016382881
0.00015503165
0.00014662661
0.00013888844
0.00013163463
0.00012460365
0.00011807798
0.00011170364
0.00010549941
9.9712211e-05
9.4245154e-05
8.9032941e-05
8.4085443e-05
7.9404981e-05
7.5018103e-05
7.0822001e-05
6.6738842e-05
6.2864163e-05
5.936783e-05
5.6208276e-05
5.343889e-05
5.0808695e-05
4.7744311e-05
4.4564116e-05
4.1756914e-05
3.9292638e-05
3.7007593e-05
3.4829654e-05
3.2741935e-05
3.0742436e-05
2.8907974e-05
2.7240019e-05
2.5642571e-05
2.404777e-05
2.2597376e-05
2.1464157e-05
2.0258671e-05
1.8827397e-05
1.753413e-05
1.6393587e-05
1.5314735e-05
1.4280365e-05
1.3309529e-05
1.2388893e-05
1.1518624e-05
1.0717039e-05
9.9652249e-06
9.2785642e-06
8.6949858e-06
8.221556e-06
7.601269e-06
6.8213982e-06
6.1543871e-06
5.5998278e-06
5.0808894e-06
4.5765992e-06
4.0780101e-06
3.5881441e-06
3.1006002e-06
2.6093248e-06
2.1433059e-06
1.5004922e-06
1.3949102e-06
-3.5191944e-06
7.6841142e-06
0.0080687602
0.0078017007
0.0075272092
0.0073084304
0.0071057584
0.0068951328
0.0066831309
0.0064779995
0.0062797361
0.0060860084
0.0058968596
0.005712496
0.0055326531
0.0053574042
0.0051867157
0.0050204512
0.0048587865
0.0047013958
0.0045478077
0.0043984441
0.0042536077
0.0041129752
0.0039763339
0.0038431843
0.0037131305
0.003586621
0.0034636487
0.0033442428
0.0032281424
0.003115137
0.0030055065
0.0028989617
0.002795713
0.002695164
0.0025974659
0.0025029291
0.0024109754
0.0023223381
0.0022364603
0.0021529248
0.002071966
0.0019933795
0.0019172156
0.0018435082
0.0017721035
0.0017029829
0.0016359082
0.0015714134
0.0015091913
0.0014487852
0.0013906984
0.0013347397
0.0012805724
0.0012281317
0.0011776538
0.0011290126
0.0010821003
0.0010364861
0.00099229049
0.00094976978
0.00090922429
0.00087030711
0.00083221601
0.0007957007
0.00076094053
0.00072763671
0.00069565759
0.00066466448
0.00063475838
0.00060626098
0.00057827516
0.0005508519
0.00052497798
0.00050055387
0.00047729887
0.00045509741
0.00043370903
0.00041305696
0.00039325999
0.00037429021
0.00035643326
0.00033976498
0.00032375365
0.0003075357
0.00029195058
0.00027759104
0.00026414642
0.00025068973
0.00023743946
0.00022508268
0.00021309874
0.00020223051
0.00019199928
0.00018214773
0.00017273713
0.00016356588
0.00015476994
0.0001463646
0.00013863894
0.00013139304
0.00012436595
0.00011785411
0.00011148152
0.00010527784
9.9496333e-05
9.403475e-05
8.8828279e-05
8.3886056e-05
7.921137e-05
7.483203e-05
7.0642455e-05
6.6563301e-05
6.269258e-05
5.920179e-05
5.6048429e-05
5.3289983e-05
5.0670027e-05
4.760669e-05
4.4427013e-05
4.16239e-05
3.9164996e-05
3.6885075e-05
3.4711675e-05
3.2627836e-05
3.0631819e-05
2.8801333e-05
2.7138014e-05
2.5544556e-05
2.3952544e-05
2.2505608e-05
2.1377968e-05
2.0175948e-05
1.8746389e-05
1.745607e-05
1.631882e-05
1.524319e-05
1.4211829e-05
1.3243998e-05
1.2326098e-05
1.1458536e-05
1.0659456e-05
9.910087e-06
9.2255313e-06
8.6446201e-06
8.1738736e-06
7.5558019e-06
6.7771122e-06
6.1123619e-06
5.5594494e-06
5.042902e-06
4.5398675e-06
4.0435589e-06
3.5546081e-06
3.0693548e-06
2.5787896e-06
2.1148236e-06
1.475715e-06
1.3649743e-06
-3.2411638e-06
7.129319e-06
0.0079612038
0.0077159515
0.0074600655
0.0072401021
0.0070358353
0.0068302234
0.0066250548
0.0064250256
0.0062307734
0.0060412191
0.0058558997
0.0056749289
0.0054983546
0.0053260785
0.0051580204
0.0049941573
0.0048344482
0.004678819
0.0045271649
0.0043794996
0.0042361079
0.0040969844
0.0039616362
0.0038296163
0.0037008985
0.003575622
0.0034537354
0.003335138
0.0032197849
0.0031076769
0.0029987521
0.0028929593
0.0027902312
0.0026903787
0.0025934203
0.0024992838
0.0024079877
0.002319466
0.0022335923
0.0021503068
0.0020695533
0.0019912972
0.0019154842
0.0018420237
0.0017708873
0.0017020286
0.0016353794
0.0015709934
0.001508739
0.0014485596
0.001390444
0.0013342839
0.0012800069
0.0012275717
0.00117725
0.0011287815
0.0010820268
0.0010364861
0.00099216128
0.00094949822
0.00090891432
0.00087013737
0.00083200444
0.00079530539
0.00076042483
0.00072714943
0.00069525385
0.00066431144
0.00063441468
0.00060596907
0.00057800133
0.00055045426
0.00052437636
0.0004998333
0.00047661736
0.00045451514
0.00043322554
0.00041266509
0.0003929192
0.0003739469
0.00035609609
0.00033949004
0.00032349176
0.00030717081
0.00029158335
0.00027731196
0.00026393342
0.00025045636
0.00023721135
0.00022486108
0.00021283254
0.00020199548
0.00019178459
0.000181938
0.00017252244
0.00016333662
0.00015452962
0.00014611563
0.00013840852
0.00013117194
0.00012414429
0.00011765185
0.000111285
0.000105082
9.9303713e-05
9.3844356e-05
8.8642028e-05
8.3704285e-05
7.9035123e-05
7.4663398e-05
7.0479755e-05
6.6403272e-05
6.2535371e-05
5.9049285e-05
5.5901118e-05
5.3154283e-05
5.0545343e-05
4.7481225e-05
4.4300937e-05
4.1501883e-05
3.9047895e-05
3.6772289e-05
3.4602692e-05
3.2522216e-05
3.0529122e-05
2.870222e-05
2.7043241e-05
2.5453256e-05
2.3863374e-05
2.2419533e-05
2.1297751e-05
2.0098639e-05
1.8669865e-05
1.7382133e-05
1.6247852e-05
1.5175182e-05
1.4146621e-05
1.3181623e-05
1.2266259e-05
1.1401205e-05
1.0604423e-05
9.8572529e-06
9.1745238e-06
8.5961544e-06
8.1280949e-06
7.5120431e-06
6.7341681e-06
6.0716257e-06
5.5202192e-06
5.0060628e-06
4.5041195e-06
4.0100775e-06
3.5218538e-06
3.0389089e-06
2.5488651e-06
2.0869347e-06
1.4577394e-06
1.3302122e-06
-2.8793905e-06
6.4488398e-06
0.0078552696
0.007642221
0.0074014259
0.0071746266
0.006963983
0.0067604039
0.0065601332
0.0063639199
0.0061727278
0.0059865255
0.0058045277
0.0056266768
0.0054531328
0.005283637
0.0051181194
0.0049566287
0.0047989387
0.0046451461
0.0044954076
0.0043497453
0.0042085894
0.0040715722
0.0039375282
0.0038064926
0.0036790108
0.0035548921
0.0034340609
0.0033163788
0.0032019633
0.0030908634
0.0029827725
0.0028777592
0.0027755773
0.0026765512
0.0025805016
0.0024870733
0.0023965721
0.0023083764
0.002222799
0.0021400296
0.0020597991
0.0019821601
0.0019069633
0.0018340846
0.0017635599
0.0016953147
0.0016294392
0.0015654891
0.0015035765
0.0014439355
0.0013861199
0.0013301391
0.001276191
0.0012241672
0.0011743833
0.0011266137
0.0010801753
0.0010349154
0.00099083972
0.00094860602
0.00090808021
0.00086941888
0.000832472
0.00079655057
0.00076167767
0.00072811618
0.00069583506
0.00066480426
0.00063487498
0.00060617273
0.00057836216
0.00055152212
0.00052576245
0.00050089377
0.00047730698
0.00045485196
0.00043330933
0.0004126948
0.00039292495
0.00037394272
0.00035599789
0.00033940487
0.00032339535
0.00030689231
0.00029106432
0.00027671748
0.00026329538
0.00024966567
0.00023647175
0.00022415323
0.00021208157
0.00020122523
0.00019106561
0.00018131071
0.00017197234
0.00016286409
0.00015410595
0.00014572241
0.00013807916
0.00013089288
0.00012387842
0.00011741574
0.00011107983
0.0001049127
9.9161737e-05
9.3713542e-05
8.8515465e-05
8.3577743e-05
7.8908016e-05
7.4537956e-05
7.0353432e-05
6.6271668e-05
6.2401799e-05
5.8918186e-05
5.5772771e-05
5.3036164e-05
5.0436075e-05
4.7366071e-05
4.4182276e-05
4.1388453e-05
3.8941609e-05
3.6670762e-05
3.4503716e-05
3.2425248e-05
3.0434011e-05
2.8610429e-05
2.6955564e-05
2.5368351e-05
2.3779712e-05
2.2338759e-05
2.1223558e-05
2.0026607e-05
1.8597386e-05
1.7312004e-05
1.6180492e-05
1.5110647e-05
1.4084816e-05
1.312259e-05
1.2209634e-05
1.1346928e-05
1.0552286e-05
9.8070324e-06
9.125819e-06
8.5498358e-06
8.084559e-06
7.4702852e-06
6.6928309e-06
6.0324195e-06
5.4823914e-06
4.9705992e-06
4.4696201e-06
3.9777709e-06
3.4900869e-06
3.0093882e-06
2.5196614e-06
2.0595065e-06
1.4514842e-06
1.2747315e-06
-2.3935116e-06
5.6003656e-06
0.0076973341
0.0074825298
0.0072665094
0.007056769
0.0068568198
0.0066624549
0.0064706723
0.0062819788
0.0060975427
0.005917451
0.0057411325
0.0055683845
0.0053991089
0.0052333035
0.0050712879
0.0049131558
0.004758707
0.0046078676
0.0044602309
0.0043162678
0.0041778474
0.0040439997
0.0039124419
0.0037833476
0.0036574207
0.0035346992
0.0034151233
0.003298687
0.0031854463
0.0030753285
0.002968183
0.0028639948
0.0027627014
0.0026644183
0.002568918
0.0024761039
0.0023860087
0.0022984436
0.0022135527
0.0021313441
0.0020516423
0.0019744049
0.0018995422
0.001827002
0.001756757
0.0016887513
0.00162297
0.0015591786
0.0014974838
0.001437927
0.0013802759
0.0013245436
0.0012708252
0.0012188457
0.0011693479
0.0011219016
0.0010747657
0.0010288866
0.00098501012
0.00094301356
0.00090233617
0.00086383426
0.00082765146
0.00079189523
0.00075675745
0.0007229269
0.00069049142
0.00065954868
0.00062984534
0.00060110932
0.00057384323
0.00054798697
0.00052286609
0.00049843441
0.00047501202
0.00045267253
0.00043137255
0.00041106695
0.00039163449
0.00037310345
0.00035539498
0.00033879926
0.00032307192
0.00030740345
0.00029196532
0.00027739922
0.00026352712
0.00025005973
0.00023725646
0.00022501104
0.00021322885
0.00020212144
0.00019164606
0.00018166082
0.00017212899
0.00016298113
0.00015424401
0.00014585786
0.00013812057
0.00013087967
0.00012382387
0.00011723275
0.00011073659
0.00010449743
9.8732638e-05
9.3293729e-05
8.8117036e-05
8.3207061e-05
7.8568302e-05
7.423609e-05
7.0085005e-05
6.6022285e-05
6.2178526e-05
5.8728713e-05
5.561578e-05
5.2919277e-05
5.0344727e-05
4.727119e-05
4.4079168e-05
4.1286683e-05
3.8852647e-05
3.6595392e-05
3.443478e-05
3.2356588e-05
3.0362728e-05
2.8538639e-05
2.688438e-05
2.5297184e-05
2.3706066e-05
2.2265677e-05
2.1157597e-05
1.9961422e-05
1.8529337e-05
1.7245647e-05
1.6116557e-05
1.5049371e-05
1.402628e-05
1.3066877e-05
1.215627e-05
1.1295781e-05
1.0503166e-05
9.7594899e-06
9.0794333e-06
8.5056333e-06
8.0433506e-06
7.430577e-06
6.6532617e-06
5.9949891e-06
5.4462696e-06
4.9367307e-06
4.436656e-06
3.9468791e-06
3.4596088e-06
2.9809842e-06
2.4914214e-06
2.0324602e-06
1.454485e-06
1.2085009e-06
-1.8099096e-06
4.6054944e-06
0.007547338
0.0073501484
0.0071470176
0.0069495735
0.0067582145
0.0065699857
0.0063838423
0.0062004777
0.0060210789
0.0058459805
0.0056745692
0.0055067801
0.005341855
0.0051794173
0.0050205168
0.0048654602
0.0047140231
0.0045660536
0.0044215423
0.0042808067
0.0041442583
0.004011262
0.0038809325
0.003753388
0.003629014
0.003507861
0.0033898155
0.0032748365
0.0031629708
0.003054165
0.0029482903
0.0028452965
0.0027451508
0.0026478403
0.0025532804
0.0024614032
0.0023721775
0.0022855277
0.0022014327
0.0021198729
0.0020407748
0.0019640906
0.0018897719
0.0018177653
0.0017480237
0.0016804968
0.0016151481
0.0015518698
0.0014906508
0.0014314795
0.0013742558
0.0013189019
0.0012655025
0.0012134471
0.001164353
0.0011176763
0.0010705607
0.0010248169
0.00098164172
0.00094002524
0.00089949954
0.0008614182
0.00082542524
0.0007896114
0.00075457878
0.00072101077
0.00068889331
0.00065813678
0.00062855229
0.00059997402
0.00057279052
0.00054672832
0.00052139451
0.00049692689
0.0004734168
0.0004510671
0.00042978199
0.0004094018
0.00038988865
0.00037128949
0.000353441
0.00033646307
0.00032049997
0.00030503598
0.00028957455
0.00027461195
0.00026048025
0.00024743701
0.00023499358
0.00022295944
0.00021162145
0.00020051899
0.0001900401
0.00018017029
0.00017077039
0.00016189388
0.00015350824
0.00014554812
0.00013797696
0.0001308988
0.00012447412
0.00011827336
0.00011174074
0.00010539956
9.9535348e-05
9.4014827e-05
8.875928e-05
8.3770743e-05
7.9044758e-05
7.4623599e-05
7.039105e-05
6.623459e-05
6.2296089e-05
5.8735084e-05
5.5522278e-05
5.2802171e-05
5.0210904e-05
4.7118243e-05
4.3914669e-05
4.1083557e-05
3.8621777e-05
3.6367404e-05
3.4227047e-05
3.2170859e-05
3.0197721e-05
2.8394189e-05
2.6760124e-05
2.5196474e-05
2.3618488e-05
2.2188543e-05
2.1099315e-05
1.9912749e-05
1.8481577e-05
1.720213e-05
1.6075666e-05
1.5009671e-05
1.3987058e-05
1.3027984e-05
1.2117213e-05
1.1256491e-05
1.0463745e-05
9.7195324e-06
9.0390396e-06
8.4662707e-06
8.0063242e-06
7.3937448e-06
6.6160381e-06
5.9601086e-06
5.4129624e-06
4.9052385e-06
4.4057244e-06
3.9175906e-06
3.43065e-06
2.9537332e-06
2.4641814e-06
2.0066292e-06
1.4489522e-06
1.1621792e-06
-1.2288204e-06
3.5719927e-06
0.0073951705
0.0072020519
0.0070105897
0.0068224288
0.0066376257
0.0064556884
0.0062765763
0.0061005654
0.0059278969
0.0057585532
0.0055923323
0.0054291191
0.0052688131
0.0051115098
0.0049575203
0.004806914
0.0046595817
0.0045154693
0.0043746069
0.0042370586
0.0041029011
0.0039720426
0.0038442323
0.0037193618
0.0035974774
0.0034785878
0.0033626411
0.0032496096
0.0031394936
0.0030322584
0.0029278384
0.0028261922
0.0027272918
0.0026311132
0.0025376129
0.0024467289
0.0023584152
0.0022726215
0.0021893114
0.0021084718
0.0020300619
0.0019540285
0.0018803192
0.0018088785
0.0017396581
0.0016726116
0.0016076966
0.0015448406
0.0014839986
0.0014251532
0.0013682457
0.0013132066
0.0012600442
0.0012086292
0.0011595962
0.001112392
0.0010657069
0.0010205538
0.00097751423
0.00093595493
0.00089574926
0.00085763882
0.00082128131
0.0007855927
0.00075087647
0.00071755012
0.00068558478
0.0006548909
0.00062537869
0.00059695976
0.00056980973
0.00054378125
0.00051866442
0.00049441804
0.00047113339
0.00044900603
0.00042787988
0.0004076329
0.00038826177
0.00036977843
0.00035208442
0.00033527417
0.00031946435
0.00030410036
0.00028876267
0.00027400722
0.00026016637
0.00024722352
0.00023473308
0.00022268038
0.00021122451
0.00020008278
0.00018960367
0.00017971701
0.00017029194
0.00016138281
0.00015294738
0.00014495368
0.00013725578
0.0001301348
0.00012375663
0.00011736704
0.00011063535
0.00010420674
9.8325132e-05
9.2852861e-05
8.7675871e-05
8.2789069e-05
7.8161917e-05
7.3800689e-05
6.9693259e-05
6.5792125e-05
6.2107387e-05
5.8679719e-05
5.551902e-05
5.282732e-05
5.0186065e-05
4.7157643e-05
4.4191349e-05
4.1495382e-05
3.9024361e-05
3.670845e-05
3.4507588e-05
3.2398806e-05
3.0377776e-05
2.8518233e-05
2.6828368e-05
2.5217065e-05
2.3598734e-05
2.2132846e-05
2.10164e-05
1.9809014e-05
1.8362445e-05
1.7081571e-05
1.5957124e-05
1.4895889e-05
1.3880055e-05
1.2929782e-05
1.2029076e-05
1.1178777e-05
1.0396127e-05
9.661007e-06
8.9896169e-06
8.425938e-06
7.974112e-06
7.3635117e-06
6.5868751e-06
5.9352829e-06
5.3928166e-06
4.8871382e-06
4.3869151e-06
3.8980537e-06
3.4099479e-06
2.9326411e-06
2.4417748e-06
1.9845777e-06
1.4317872e-06
1.1323091e-06
-6.8789195e-07
2.5821418e-06
0.0072150826
0.0070330896
0.0068531053
0.0066760748
0.0065013601
0.0063287631
0.0061584376
0.0059905328
0.0058251566
0.0056624085
0.0055023499
0.0053450116
0.005190415
0.0050385751
0.0048895458
0.0047434011
0.0046001837
0.0044599187
0.0043226373
0.0041883806
0.004057197
0.0039290697
0.003803866
0.003681464
0.0035618526
0.0034450605
0.0033310861
0.0032199119
0.0031115252
0.0030059066
0.0029030207
0.0028028307
0.0027053057
0.002610416
0.0025181235
0.0024283793
0.002341141
0.0022563703
0.0021740326
0.0020941011
0.0020165355
0.0019412855
0.001868303
0.001797542
0.0017289595
0.0016625124
0.0015981571
0.0015358392
0.0014755138
0.0014171526
0.0013607107
0.0013061296
0.0012534066
0.0012024805
0.0011535108
0.0011063175
0.0010603033
0.001015708
0.00097287976
0.00093164085
0.00089188442
0.00085388289
0.00081750036
0.00078214324
0.00074780593
0.00071473547
0.00068297252
0.00065246409
0.00062314712
0.00059494693
0.00056792873
0.00054202213
0.00051705723
0.00049296708
0.00046983018
0.00044776016
0.00042666077
0.00040645153
0.00038711653
0.0003686504
0.00035099101
0.00033417238
0.00031822004
0.00030275917
0.00028753184
0.00027290385
0.00025908966
0.00024605519
0.00023355046
0.00022155451
0.0002101519
0.0001991808
0.00018880252
0.0001789578
0.00016959179
0.00016073495
0.00015235679
0.00014441314
0.00013681238
0.00012974661
0.00012328518
0.00011687437
0.00011030866
0.00010404229
9.8257026e-05
9.2832994e-05
8.7671455e-05
8.2779622e-05
7.8128191e-05
7.3724552e-05
6.96049e-05
6.5732153e-05
6.2040475e-05
5.8553471e-05
5.5326614e-05
5.2470296e-05
4.9627538e-05
4.6613494e-05
4.3772943e-05
4.1124186e-05
3.8630255e-05
3.6300753e-05
3.4105614e-05
3.2040263e-05
3.010398e-05
2.8304367e-05
2.6641581e-05
2.5078935e-05
2.3592143e-05
2.2250912e-05
2.1188448e-05
1.9996897e-05
1.8557984e-05
1.7277004e-05
1.6139584e-05
1.5062386e-05
1.4026464e-05
1.3053369e-05
1.2127275e-05
1.1251279e-05
1.0442829e-05
9.6841244e-06
8.9897007e-06
8.4062163e-06
7.9442055e-06
7.3219778e-06
6.5348283e-06
5.8759525e-06
5.3353681e-06
4.8317732e-06
4.3345621e-06
3.8488863e-06
3.3665707e-06
2.89491e-06
2.4093405e-06
1.9549543e-06
1.4117019e-06
1.1022624e-06
-1.8735665e-07
1.672532e-06
0.0070364
0.0068644535
0.0066944074
0.0065264777
0.006360187
0.0061954968
0.0060326735
0.0058719323
0.0057133899
0.0055571342
0.0054032364
0.005251744
0.0051026919
0.0049561202
0.0048120946
0.004670695
0.0045319787
0.0043959758
0.0042627105
0.0041322088
0.0040044899
0.0038795439
0.0037573232
0.0036377827
0.0035209157
0.003406733
0.0032952297
0.0031863876
0.0030801896
0.0029766184
0.0028756488
0.0027772514
0.002681399
0.0025880653
0.0024972204
0.0024088293
0.0023228574
0.0022392715
0.0021580395
0.0020791307
0.0020025109
0.0019281409
0.0018559804
0.0017859894
0.0017181273
0.0016523529
0.0015886243
0.0015268961
0.0014671255
0.0014092772
0.0013533121
0.0012991844
0.0012468733
0.0011963366
0.001147611
0.0011006255
0.0010550373
0.0010108338
0.00096825667
0.00092729081
0.00088781816
0.00084992085
0.00081355708
0.00077837542
0.00074426468
0.0007113763
0.00067977566
0.00064941782
0.00062023921
0.00059217949
0.00056525599
0.00053942557
0.00051456493
0.00049061654
0.00046762452
0.00044565533
0.00042465831
0.0004045625
0.00038533529
0.00036696302
0.00034940178
0.00033264934
0.00031670403
0.00030132935
0.0002863201
0.00027187278
0.00025816524
0.00024520239
0.00023281528
0.00022093664
0.00020961869
0.00019875079
0.00018839177
0.00017856965
0.00016924008
0.00016039978
0.00015202638
0.00014408141
0.00013651994
0.00012940234
0.00012284556
0.00011643105
0.00010995483
0.00010372678
9.792553e-05
9.2479983e-05
8.7311991e-05
8.2417944e-05
7.7784373e-05
7.3411899e-05
6.9320136e-05
6.5460093e-05
6.177349e-05
5.8302897e-05
5.5099142e-05
5.2238353e-05
4.9438939e-05
4.6527696e-05
4.3714249e-05
4.1054634e-05
3.8560671e-05
3.6248106e-05
3.4059817e-05
3.1997656e-05
3.0058779e-05
2.8238088e-05
2.6548065e-05
2.4980971e-05
2.3523791e-05
2.2181535e-05
2.1022169e-05
1.9754657e-05
1.8310615e-05
1.7024202e-05
1.5886475e-05
1.4822651e-05
1.3811108e-05
1.2868035e-05
1.1976332e-05
1.1137153e-05
1.0366763e-05
9.6459352e-06
8.9775289e-06
8.3998081e-06
7.9597934e-06
7.3868861e-06
6.6408508e-06
5.9903605e-06
5.4334659e-06
4.9044193e-06
4.3865303e-06
3.8811021e-06
3.3850746e-06
2.9072384e-06
2.4225378e-06
1.9628287e-06
1.4246913e-06
1.0937153e-06
2.0352535e-07
9.2503961e-07
0.0068309255
0.0066694431
0.0065093041
0.0063513231
0.0061947995
0.0060394981
0.0058856666
0.0057335361
0.0055832024
0.0054347253
0.0052881812
0.0051436505
0.0050012046
0.0048609099
0.0047228327
0.0045870367
0.0044535766
0.0043224967
0.0041938361
0.0040676305
0.0039439083
0.0038226855
0.0037039615
0.0035877274
0.0034739786
0.0033627172
0.0032539436
0.0031476534
0.0030438403
0.0029424964
0.0028436094
0.0027471629
0.002653139
0.0025615188
0.0024722801
0.0023853973
0.0023008426
0.0022185883
0.0021386065
0.0020608694
0.0019853474
0.0019120069
0.001840812
0.001771726
0.0017047116
0.0016397311
0.0015767465
0.0015157181
0.0014566068
0.001399377
0.0013439933
0.0012904169
0.0012386187
0.0011885656
0.0011402438
0.0010935931
0.0010484257
0.0010046898
0.00096250968
0.00092189747
0.00088276813
0.00084512781
0.0008089466
0.0007740167
0.00074022224
0.00070763325
0.00067629718
0.00064617676
0.00061721693
0.00058937158
0.00056263309
0.00053696651
0.00051228476
0.00048853424
0.00046572907
0.00044390533
0.00042303176
0.00040304702
0.00038391534
0.00036562043
0.00034812871
0.00033142148
0.00031547942
0.00030014017
0.00028524029
0.00027088905
0.00025723695
0.00024429696
0.00023194014
0.00022009375
0.00020878896
0.00019796046
0.00018764054
0.0001778613
0.00016857696
0.00015977072
0.00015142571
0.0001435117
0.00013598787
0.00012888965
0.00012230015
0.00011590581
0.00010951788
0.00010335973
9.7603322e-05
9.220514e-05
8.7089609e-05
8.2232659e-05
7.7638821e-05
7.3296983e-05
6.9215554e-05
6.535968e-05
6.1688762e-05
5.8235574e-05
5.5033714e-05
5.2133519e-05
4.93092e-05
4.6403233e-05
4.3581653e-05
4.0926654e-05
3.8450805e-05
3.6156428e-05
3.397549e-05
3.1912706e-05
2.9970332e-05
2.8155543e-05
2.6483249e-05
2.4928481e-05
2.3471706e-05
2.2109869e-05
2.091527e-05
1.967447e-05
1.829083e-05
1.7025453e-05
1.5897442e-05
1.4838538e-05
1.3827271e-05
1.2881572e-05
1.1983069e-05
1.1134724e-05
1.0355559e-05
9.6242884e-06
8.9412356e-06
8.3400428e-06
7.8671569e-06
7.2860555e-06
6.5517873e-06
5.8941451e-06
5.3238938e-06
4.7895598e-06
4.2801583e-06
3.7866417e-06
3.3100436e-06
2.856283e-06
2.4033778e-06
1.9656946e-06
1.4643717e-06
1.1251376e-06
4.6012315e-07
5.6163692e-07
0.0066180325
0.0064674509
0.0063179874
0.0061700391
0.0060230753
0.0058769538
0.0057319113
0.005588168
0.0054458281
0.0053049662
0.005165675
0.0050280523
0.0048921845
0.0047581475
0.004626013
0.0044958505
0.0043677251
0.0042416947
0.0041178104
0.003996116
0.0038766482
0.0037594345
0.0036444927
0.003531833
0.003421464
0.0033133964
0.0032076396
0.0031041992
0.0030030766
0.0029042702
0.0028077747
0.0027135813
0.0026216783
0.0025320521
0.0024446866
0.0023595628
0.0022766598
0.0021959557
0.0021174276
0.0020410517
0.0019668023
0.0018946511
0.0018245678
0.001756521
0.0016904786
0.0016264074
0.0015642737
0.0015040425
0.0014456787
0.0013891483
0.0013344181
0.0012814532
0.0012302219
0.0011806914
0.00113283
0.0010865866
0.0010418592
0.00099859204
0.0009568243
0.0009165664
0.00087776761
0.00084040146
0.00080443223
0.0007697369
0.00073621911
0.0007038925
0.00067278238
0.00064286328
0.0006140906
0.00058642457
0.00055984369
0.00053431531
0.00050977639
0.00048617906
0.00046352021
0.00044181602
0.00042104453
0.00040115689
0.00038211781
0.00036390673
0.00034649365
0.00032985077
0.00031394664
0.00029866722
0.00028389172
0.00026967571
0.00025612836
0.00024326051
0.00023097875
0.00021921811
0.00020799032
0.00019725624
0.00018702369
0.00017731002
0.00016808064
0.00015931722
0.00015100549
0.00014311885
0.00013562506
0.00012854134
0.00012191193
0.00011551345
0.00010918606
0.00010308423
9.7355757e-05
9.197297e-05
8.6867434e-05
8.201785e-05
7.7429717e-05
7.309192e-05
6.9008983e-05
6.5155908e-05
6.1498687e-05
5.8055175e-05
5.4849835e-05
5.1913703e-05
4.9080469e-05
4.6210105e-05
4.3426558e-05
4.0808412e-05
3.8361426e-05
3.6076379e-05
3.3904098e-05
3.1849507e-05
2.9919405e-05
2.8118046e-05
2.6447763e-05
2.4886209e-05
2.3422711e-05
2.205556e-05
2.0844623e-05
1.9609304e-05
1.8249064e-05
1.6980572e-05
1.5845742e-05
1.4783534e-05
1.377114e-05
1.2828949e-05
1.1933762e-05
1.1089262e-05
1.0314969e-05
9.5879867e-06
8.9088823e-06
8.3100641e-06
7.8239673e-06
7.2473082e-06
6.530681e-06
5.8794371e-06
5.3150222e-06
4.7863982e-06
4.2811051e-06
3.7869505e-06
3.3088862e-06
2.8496979e-06
2.3915122e-06
1.9440424e-06
1.4457192e-06
1.0910009e-06
4.1136759e-07
3.9656447e-07
0.0063816792
0.0062419981
0.0061029499
0.0059651832
0.0058281652
0.0056917039
0.0055560078
0.0054212905
0.0052876564
0.0051551773
0.0050239416
0.0048940456
0.0047655779
0.0046386187
0.0045132439
0.0043895266
0.0042675354
0.0041473329
0.0040289758
0.0039125148
0.003797995
0.0036854552
0.0035749278
0.0034664395
0.0033600133
0.0032556698
0.0031534266
0.0030532976
0.0029552931
0.0028594199
0.002765682
0.0026740798
0.0025846111
0.0024972707
0.0024120511
0.002328942
0.0022479306
0.0021690023
0.0020921407
0.0020173278
0.0019445434
0.0018737655
0.0018049698
0.0017381305
0.0016732203
0.0016102109
0.0015490727
0.0014897752
0.0014322875
0.0013765785
0.0013226175
0.0012703728
0.0012198132
0.0011709066
0.0011236182
0.0010779047
0.0010337021
0.00099096037
0.00094967842
0.00090985716
0.00087146324
0.00083445974
0.00079880732
0.00076442804
0.00073124708
0.00069924878
0.00066843925
0.00063879835
0.00061028778
0.00058287025
0.00055651803
0.00053119973
0.00050686749
0.00048347966
0.00046102244
0.00043949694
0.00041888383
0.0003991432
0.00038024011
0.00036214998
0.00034484422
0.00032829151
0.00031245549
0.00029725428
0.00028259916
0.0002685099
0.00025505806
0.00024225428
0.00023003353
0.00021833925
0.0002071681
0.00019649505
0.00018631589
0.00017664007
0.00016744531
0.0001587125
0.000150426
0.00014256211
0.00013509429
0.00012802497
0.00012137247
0.00011498076
0.00010871709
0.00010267969
9.6989438e-05
9.1634025e-05
8.6557316e-05
8.1738373e-05
7.7178723e-05
7.286852e-05
6.8807035e-05
6.4973227e-05
6.1338945e-05
5.7912906e-05
5.4713598e-05
5.175435e-05
4.8918586e-05
4.6078949e-05
4.33212e-05
4.071892e-05
3.8279894e-05
3.5993838e-05
3.382726e-05
3.1780443e-05
2.9857735e-05
2.8057947e-05
2.6384718e-05
2.482053e-05
2.3359195e-05
2.1991986e-05
2.0761415e-05
1.9524512e-05
1.8189e-05
1.6935934e-05
1.5808597e-05
1.4755275e-05
1.3752147e-05
1.2815235e-05
1.1925368e-05
1.1085514e-05
1.0311663e-05
9.5848471e-06
8.9059329e-06
8.3016165e-06
7.7927132e-06
7.2129357e-06
6.5127472e-06
5.8675309e-06
5.3037858e-06
4.7740011e-06
4.2674559e-06
3.772684e-06
3.2943479e-06
2.8361348e-06
2.3793827e-06
1.9342154e-06
1.4459988e-06
1.0815119e-06
4.3501451e-07
3.979003e-07
0.0061326125
0.006004178
0.0058761098
0.005748883
0.005622075
0.0054955416
0.0053694672
0.0052440426
0.0051193673
0.0049955141
0.0048725716
0.0047506373
0.0046298031
0.0045101537
0.0043917699
0.0042747294
0.0041591063
0.0040449699
0.0039323848
0.0038214103
0.003712101
0.003604506
0.003498669
0.0033946284
0.0032924183
0.0031920688
0.0030936068
0.0029970553
0.0029024339
0.0028097584
0.0027190414
0.0026302919
0.0025435157
0.0024587153
0.0023758906
0.0022950384
0.002216153
0.0021392262
0.0020642478
0.0019912053
0.0019200844
0.0018508684
0.0017835387
0.0017180748
0.0016544546
0.0015926547
0.0015326504
0.0014744158
0.0014179242
0.0013631482
0.0013100603
0.0012586318
0.0012088336
0.0011606352
0.0011140037
0.0010689013
0.0010252823
0.00098310599
0.00094235453
0.00090301736
0.00086506708
0.00082846704
0.00079317819
0.0007591455
0.00072631172
0.00069464906
0.00066414873
0.00063479091
0.00060654242
0.0005793689
0.00055324109
0.00052812878
0.00050399335
0.00048079849
0.0004585243
0.00043716175
0.00041669192
0.00039708157
0.00037829785
0.00036031452
0.00034310398
0.00032663443
0.00031086867
0.00029574506
0.00028119735
0.00026722469
0.0002538699
0.00024114135
0.00022899283
0.00021737566
0.00020627704
0.00019567917
0.00018557265
0.00017595943
0.00016682227
0.00015814066
0.00014989734
0.000142071
0.00013463855
0.00012759297
0.00012093588
0.00011455726
0.00010834953
0.00010237051
9.6716106e-05
9.138545e-05
8.6332816e-05
8.1536227e-05
7.6994148e-05
7.2698487e-05
6.8645083e-05
6.4816856e-05
6.1190565e-05
5.7769965e-05
5.4567657e-05
5.158924e-05
4.8744009e-05
4.5924002e-05
4.3187472e-05
4.0601437e-05
3.8175189e-05
3.5898914e-05
3.3745472e-05
3.1711228e-05
2.9799304e-05
2.8004661e-05
2.6334586e-05
2.4771681e-05
2.3313391e-05
2.1942333e-05
2.0694724e-05
1.9457298e-05
1.8146884e-05
1.6907026e-05
1.5781515e-05
1.4729818e-05
1.3727907e-05
1.2789172e-05
1.190036e-05
1.1061691e-05
1.0286361e-05
9.5596147e-06
8.8815986e-06
8.2722387e-06
7.7463763e-06
7.168851e-06
6.4877782e-06
5.8509319e-06
5.2888328e-06
4.7610258e-06
4.2562443e-06
3.7643299e-06
3.2886593e-06
2.8316976e-06
2.3766209e-06
1.9318177e-06
1.450185e-06
1.0732953e-06
4.5981453e-07
3.6871403e-07
0.0058628308
0.0057455512
0.005628299
0.005511631
0.0053951548
0.0052787116
0.0051624632
0.0050465885
0.0049311842
0.0048163203
0.0047020815
0.0045885614
0.0044758496
0.0043640298
0.0042531828
0.0041433868
0.0040347173
0.0039272461
0.003821041
0.0037161656
0.0036126794
0.0035106377
0.0034100911
0.0033110861
0.0032136651
0.0031178666
0.0030237253
0.0029312726
0.002840536
0.0027515395
0.0026643034
0.002578845
0.0024951779
0.0024133128
0.0023332573
0.0022550159
0.0021785908
0.002103981
0.0020311835
0.0019601927
0.0018910008
0.0018235977
0.0017579711
0.0016941067
0.0016319883
0.0015715981
0.0015129167
0.0014559234
0.0014005962
0.0013469121
0.0012948471
0.0012443763
0.0011954737
0.0011481119
0.0011022613
0.0010578898
0.0010149619
0.00097344423
0.00093331291
0.00089454969
0.00085712935
0.00082101899
0.00078618245
0.00075257696
0.00072015778
0.00068889382
0.00065876697
0.0006297562
0.0006018322
0.00057496346
0.00054912074
0.00052427478
0.00050039243
0.00047744151
0.00045539908
0.00043424973
0.00041397374
0.00039454212
0.00037592422
0.00035809293
0.00034102073
0.00032467626
0.00030902338
0.0002940133
0.0002795954
0.00026575782
0.00025252175
0.00023989089
0.00022783131
0.00021630228
0.00020528605
0.00019476769
0.00018473545
0.00017518512
0.00016610206
0.00015746681
0.00014926215
0.0001414689
0.00013406635
0.00012704192
0.00012038653
0.00011402139
0.00010786186
0.00010193803
9.6322276e-05
9.1020048e-05
8.5994775e-05
8.1224701e-05
7.6706221e-05
7.2432321e-05
6.8396581e-05
6.4584353e-05
6.0976071e-05
5.757125e-05
5.4376997e-05
5.1392048e-05
4.8545236e-05
4.5749015e-05
4.3040018e-05
4.0475475e-05
3.8065374e-05
3.5800053e-05
3.3657292e-05
3.1632528e-05
2.9727613e-05
2.7938588e-05
2.6270109e-05
2.4707718e-05
2.3247428e-05
2.1874888e-05
2.0612667e-05
1.9374353e-05
1.808543e-05
1.6856472e-05
1.5734907e-05
1.4687866e-05
1.3691465e-05
1.2756063e-05
1.1872376e-05
1.1038562e-05
1.0265115e-05
9.5408462e-06
8.8646232e-06
8.2519163e-06
7.7111181e-06
7.1342652e-06
6.4686768e-06
5.8385445e-06
5.2772307e-06
4.7502619e-06
4.2456002e-06
3.7546875e-06
3.2794374e-06
2.822102e-06
2.3675902e-06
1.9229234e-06
1.4477049e-06
1.0617389e-06
4.7585992e-07
3.4334774e-07
0.005577929
0.0054719794
0.0053658238
0.0052599419
0.0051540141
0.005047906
0.0049417566
0.0048357242
0.0047298973
0.0046243415
0.0045191357
0.0044143678
0.0043101232
0.0042064831
0.0041035266
0.0040013316
0.0038999739
0.0037995269
0.0037000606
0.0036016424
0.0035043362
0.0034082025
0.0033132982
0.0032196766
0.0031273873
0.0030364763
0.0029469859
0.0028589552
0.0027724194
0.0026874105
0.0026039568
0.0025220833
0.0024418119
0.0023631609
0.0022861457
0.0022107786
0.0021370688
0.002065023
0.0019946448
0.0019259355
0.0018588938
0.0017935158
0.0017297957
0.001667725
0.0016072936
0.0015484891
0.0014912976
0.0014357034
0.0013816895
0.0013292375
0.0012783277
0.0012289391
0.0011810495
0.0011346353
0.001089671
0.0010461295
0.001003982
0.00096320027
0.00092375989
0.00088563947
0.00084881493
0.00081325714
0.00077893376
0.00074580942
0.00071384768
0.00068301818
0.00065329825
0.00062466555
0.00059709332
0.00057055257
0.00054501508
0.0005204529
0.00049683659
0.0004741372
0.00045233084
0.00043139842
0.00041131932
0.00039206735
0.00037361406
0.00035593253
0.00033899571
0.00032277365
0.00030723267
0.00029233279
0.00027803405
0.00026431923
0.00025119429
0.00023865787
0.0002266842
0.00021523965
0.00020430428
0.00019386366
0.00018390494
0.0001744198
0.00016539468
0.00015681146
0.00014865278
0.0001409003
0.00013353445
0.00012653916
0.00011989886
0.00011355569
0.00010744421
0.00010157585
9.6002027e-05
9.073087e-05
8.5734079e-05
8.0990995e-05
7.649605e-05
7.2242521e-05
6.8222599e-05
6.442324e-05
6.0827838e-05
5.7432911e-05
5.4241099e-05
5.1246749e-05
4.8394512e-05
4.5614363e-05
4.2926438e-05
4.0377585e-05
3.7978546e-05
3.572063e-05
3.3585982e-05
3.1569077e-05
2.9670734e-05
2.7887525e-05
2.6221659e-05
2.4660511e-05
2.3199965e-05
2.1827127e-05
2.0554213e-05
1.9314341e-05
1.8043727e-05
1.6826301e-05
1.5709047e-05
1.4666228e-05
1.3673703e-05
1.274005e-05
1.1858987e-05
1.1027011e-05
1.0252887e-05
9.5282231e-06
8.8513772e-06
8.2328581e-06
7.6788718e-06
7.1014234e-06
6.4494553e-06
5.8253837e-06
5.2657929e-06
4.7402383e-06
4.2363155e-06
3.7471317e-06
3.2730995e-06
2.8166883e-06
2.363596e-06
1.9202975e-06
1.4508203e-06
1.0570702e-06
4.9573501e-07
3.268903e-07
0.0052750224
0.0051802294
0.005084999
0.0049898221
0.0048944188
0.0047986543
0.0047026455
0.0046065351
0.0045104045
0.0044143141
0.0043183357
0.0042225505
0.0041270382
0.0040318756
0.0039371382
0.0038429011
0.003749238
0.0036562211
0.0035639205
0.0034724039
0.0033817367
0.0032919817
0.0032031988
0.0031154452
0.0030287746
0.0029432381
0.0028588832
0.0027757545
0.0026938935
0.0026133381
0.0025341232
0.0024562806
0.0023798388
0.0023048229
0.0022312555
0.0021591556
0.0020885395
0.0020194209
0.0019518101
0.0018857154
0.001821142
0.0017580928
0.0016965683
0.0016365664
0.0015780833
0.0015211125
0.0014656461
0.001411674
0.0013591845
0.0013081643
0.0012585986
0.001210471
0.0011637638
0.0011184577
0.0010745319
0.0010319641
0.00099073092
0.00095080862
0.00091217478
0.00087480807
0.0008386859
0.00080378265
0.00077007013
0.00073751841
0.000706097
0.00067577798
0.00064653748
0.00061835273
0.00059119891
0.0005650495
0.000539878
0.00051565813
0.00049236314
0.00046996664
0.00044844487
0.00042777696
0.00040794172
0.00038891478
0.00037066973
0.00035318045
0.00033642062
0.00032036191
0.00030497333
0.00029022088
0.00027607153
0.00026250565
0.00024951906
0.00023710572
0.00022524466
0.00021390784
0.00020307472
0.00019273044
0.00018286158
0.0001734572
0.00016450385
0.00015598454
0.00014788204
0.00014017868
0.00013285588
0.00012589604
0.00011928043
0.00011296542
0.00010690083
0.00010108656
9.5556688e-05
9.0319557e-05
8.5353782e-05
8.0640261e-05
7.6171757e-05
7.1941545e-05
6.7941208e-05
6.4158874e-05
6.0580227e-05
5.7199655e-05
5.4016148e-05
5.1021216e-05
4.8171376e-05
4.541081e-05
4.2748018e-05
4.021981e-05
3.783701e-05
3.5591987e-05
3.3469963e-05
3.1464776e-05
2.9576232e-05
2.7801191e-05
2.6139741e-05
2.4581774e-05
2.3122196e-05
2.1749461e-05
2.0468324e-05
1.9227377e-05
1.7973489e-05
1.6768467e-05
1.5656015e-05
1.4617012e-05
1.3629712e-05
1.2699304e-05
1.1822089e-05
1.0993942e-05
1.0221401e-05
9.4983439e-06
8.8226141e-06
8.2010787e-06
7.6368182e-06
7.0595064e-06
6.4209453e-06
5.8047167e-06
5.2476614e-06
4.723973e-06
4.2212034e-06
3.7336034e-06
3.2608944e-06
2.8049952e-06
2.3532854e-06
1.9105218e-06
1.4466231e-06
1.0461201e-06
5.0603658e-07
3.056885e-07
0.0049576345
0.0048739224
0.0047896067
0.0047051335
0.0046202745
0.0045349082
0.0044491302
0.0043630637
0.004276781
0.0041903353
0.0041037903
0.0040172184
0.0039306918
0.0038442808
0.0037580553
0.0036720854
0.003586441
0.003501191
0.0034164032
0.0033321442
0.003248479
0.0031654706
0.0030831805
0.0030016676
0.0029209887
0.002841198
0.0027623473
0.0026844856
0.0026076591
0.0025319113
0.0024572828
0.0023838111
0.0023115311
0.0022404744
0.0021706698
0.0021021434
0.0020349181
0.0019690141
0.0019044488
0.001841237
0.0017793905
0.001718919
0.0016598291
0.0016021255
0.0015458103
0.0014908834
0.0014373424
0.0013851833
0.0013343998
0.0012849839
0.001236926
0.0011902145
0.0011448367
0.0011007779
0.001058022
0.0010165515
0.00097634787
0.00093739173
0.0008996637
0.00086314435
0.00082781337
0.00079364853
0.00076062574
0.00072871959
0.0006979042
0.00066815463
0.0006394478
0.00061176153
0.00058507277
0.00055935733
0.00053459073
0.00051074856
0.0004878063
0.00046573968
0.00044452579
0.00042414335
0.00040457114
0.00038578618
0.00036776396
0.00035047958
0.00033390786
0.00031802226
0.00030279456
0.00028819515
0.0002741958
0.00026077623
0.0002479261
0.0002356357
0.00022388676
0.00021265558
0.00020192215
0.00019167118
0.00018188893
0.00017256296
0.00016367965
0.00015522294
0.00014717605
0.0001395219
0.00013224264
0.00012532007
0.00011873428
0.00011245105
0.00010643165
0.00010066918
9.5183956e-05
8.998261e-05
8.5048966e-05
8.0365688e-05
7.5924258e-05
7.17177e-05
6.7737339e-05
6.3972074e-05
6.0409206e-05
5.7041615e-05
5.3865428e-05
5.0870451e-05
4.8022177e-05
4.527646e-05
4.2634188e-05
4.0122936e-05
3.7752873e-05
3.5517519e-05
3.3404531e-05
3.140762e-05
2.9525751e-05
2.7755946e-05
2.60969e-05
2.4540236e-05
2.3080056e-05
2.1705983e-05
2.0417529e-05
1.9175097e-05
1.7935038e-05
1.6741344e-05
1.5633111e-05
1.4597372e-05
1.3615028e-05
1.2686997e-05
1.1812344e-05
1.0986329e-05
1.0214308e-05
9.4913789e-06
8.8152566e-06
8.1891492e-06
7.6157372e-06
7.0365273e-06
6.4085483e-06
5.7987532e-06
5.2425715e-06
4.719534e-06
4.2174056e-06
3.7309836e-06
3.2591535e-06
2.8035445e-06
2.3528403e-06
1.9107468e-06
1.4515734e-06
1.0452478e-06
5.2390379e-07
2.9658948e-07
0.0046258826
0.0045529371
0.0044792495
0.0044052494
0.004330745
0.0042556189
0.0041799465
0.0041038341
0.0040273448
0.0039505245
0.0038734279
0.0037961181
0.0037186593
0.0036411143
0.0035635463
0.0034860193
0.0034085976
0.0033313456
0.0032543272
0.0031776056
0.0031012436
0.0030253026
0.0029498431
0.0028749239
0.0028006023
0.0027269338
0.0026539721
0.0025817684
0.002510372
0.0024398299
0.0023701863
0.0023014834
0.0022337605
0.0021670543
0.0021013988
0.0020368256
0.0019733632
0.0019110378
0.0018498726
0.0017898885
0.0017311034
0.0016735331
0.0016171905
0.0015620862
0.0015082284
0.0014556231
0.0014042739
0.0013541824
0.0013053482
0.0012577688
0.0012114398
0.0011663552
0.0011225071
0.001079886
0.0010384807
0.00099827865
0.00095926608
0.00092142806
0.00088474899
0.00084921261
0.00081480169
0.00078149762
0.00074928034
0.00071812866
0.00068802078
0.00065893504
0.00063085043
0.00060374633
0.00057760173
0.00055239485
0.00052810351
0.00050470543
0.00048217827
0.00046049983
0.00043964855
0.00041960368
0.00040034455
0.00038184953
0.00036409585
0.00034706017
0.00033071874
0.00031504695
0.00030001912
0.00028560908
0.00027179194
0.00025854763
0.00024586231
0.00023372358
0.00022211459
0.00021101472
0.00020040498
0.00019026979
0.00018059513
0.00017136768
0.00016257364
0.00015419758
0.00014622328
0.00013863416
0.00013141294
0.00012454155
0.00011800017
0.00011176102
0.00010579379
0.00010008806
9.4653857e-05
8.9495195e-05
8.4599674e-05
7.9951914e-05
7.5542616e-05
7.1364474e-05
6.7408798e-05
6.3665109e-05
6.012191e-05
5.6771143e-05
5.3606864e-05
5.0618033e-05
4.7776956e-05
4.5048821e-05
4.2429732e-05
3.9939089e-05
3.7585739e-05
3.5364312e-05
3.3264374e-05
3.1279687e-05
2.9408398e-05
2.7647511e-05
2.5994675e-05
2.4442624e-05
2.2985043e-05
2.1612452e-05
2.0320832e-05
1.9079505e-05
1.7853177e-05
1.6672095e-05
1.5570029e-05
1.4538939e-05
1.3561864e-05
1.2638038e-05
1.1767275e-05
1.0944797e-05
1.0174851e-05
9.453437e-06
8.7780986e-06
8.1497404e-06
7.5697434e-06
6.9897276e-06
6.3724766e-06
5.77046e-06
5.216711e-06
4.6958296e-06
4.1957516e-06
3.7114775e-06
3.2416075e-06
2.787042e-06
2.3382275e-06
1.8972359e-06
1.4431132e-06
1.0325207e-06
5.2745619e-07
2.7764894e-07
0.0042830211
0.0042205115
0.0041571699
0.0040933891
0.0040290156
0.0039639408
0.0038982215
0.003831946
0.0037651676
0.003697924
0.0036302605
0.0035622305
0.0034938887
0.0034252895
0.0033564878
0.0032875403
0.0032185043
0.0031494376
0.0030803987
0.0030114457
0.002942637
0.0028740306
0.002805684
0.0027376541
0.0026699968
0.0026027667
0.0025360176
0.0024698015
0.0024041688
0.0023391684
0.002274847
0.0022112495
0.0021484187
0.0020863951
0.002025217
0.0019649204
0.0019055387
0.001847103
0.0017896422
0.0017331823
0.0016777472
0.0016233581
0.0015700339
0.0015177911
0.0014666437
0.0014166037
0.0013676805
0.0013198814
0.0012732117
0.0012276747
0.0011832714
0.0011400011
0.0010978613
0.0010568477
0.0010169542
0.00097817327
0.00094049589
0.00090391176
0.0008684095
0.00083397666
0.00080059973
0.00076826394
0.00073695325
0.00070665055
0.00067733796
0.00064899729
0.00062161026
0.00059515859
0.00056962359
0.00054498604
0.00052122623
0.00049832421
0.00047625991
0.00045501321
0.00043456422
0.00041489334
0.00039598097
0.0003778069
0.00036035013
0.00034358905
0.00032750159
0.00031206511
0.00029725637
0.00028305198
0.00026942961
0.00025636992
0.00024385741
0.00023187809
0.00022041593
0.00020945256
0.00019897021
0.00018895338
0.00017938792
0.00017026023
0.00016155646
0.00015326174
0.00014536051
0.00013783674
0.00013067385
0.00012385434
0.00011735921
0.0001111652
0.000105248
9.9595601e-05
9.4210641e-05
8.9094192e-05
8.4236271e-05
7.9623309e-05
7.5245575e-05
7.1095351e-05
6.716399e-05
6.3441489e-05
5.9917184e-05
5.6582429e-05
5.3429813e-05
5.0447981e-05
4.7614358e-05
4.4901398e-05
4.2302425e-05
3.9830003e-05
3.7491236e-05
3.5281722e-05
3.3192555e-05
3.1217657e-05
2.9354504e-05
2.7600017e-05
2.5951141e-05
2.4401401e-05
2.2944354e-05
2.1571206e-05
2.0275755e-05
1.9034033e-05
1.7817893e-05
1.6647204e-05
1.5550033e-05
1.4522075e-05
1.3548874e-05
1.2628381e-05
1.1760577e-05
1.0940307e-05
1.017119e-05
9.4497376e-06
8.7739822e-06
8.1420191e-06
7.5550502e-06
6.9730985e-06
6.3642097e-06
5.7688816e-06
5.2165622e-06
4.6965477e-06
4.1971323e-06
3.7136449e-06
3.2444283e-06
2.7901131e-06
2.3421551e-06
1.9018409e-06
1.4514874e-06
1.0368796e-06
5.4522177e-07
2.761787e-07
0.0039310975
0.0038785217
0.0038250572
0.0037710689
0.0037164333
0.0036610474
0.0036049508
0.0035482158
0.0034908859
0.0034329909
0.0033745667
0.0033156565
0.0032563058
0.0031965599
0.0031364653
0.0030760704
0.0030154247
0.0029545788
0.0028935842
0.0028324931
0.0027713582
0.0027102324
0.0026491689
0.0025882208
0.0025274408
0.0024668814
0.0024065943
0.0023466304
0.0022870396
0.0022278707
0.0021691712
0.0021109871
0.0020533629
0.0019963413
0.0019399631
0.0018842675
0.0018292914
0.0017750696
0.0017216351
0.0016690184
0.0016172478
0.0015663496
0.0015163475
0.0014672633
0.0014191163
0.0013719236
0.0013257002
0.001280459
0.0012362105
0.0011929633
0.001150724
0.0011094973
0.0010692858
0.0010300904
0.00099191027
0.0009547428
0.00091858391
0.00088342805
0.0008492683
0.00081609651
0.00078390326
0.0007526779
0.00072240852
0.00069308214
0.00066468484
0.00063720207
0.00061061879
0.00058491958
0.00056008854
0.00053610921
0.0005129646
0.00049063736
0.00046910983
0.0004483642
0.00042838255
0.00040914696
0.00039063937
0.00037284125
0.00035573345
0.00033929627
0.00032350956
0.00030835274
0.00029380486
0.00027984497
0.00026645292
0.0002536104
0.00024130146
0.00022951141
0.00021822481
0.00020742493
0.00019709523
0.00018722055
0.00017778684
0.00016878046
0.00016018768
0.00015199415
0.00014418492
0.00013674463
0.00012965737
0.00012290645
0.00011647402
0.0001103401
0.00010448453
9.8894855e-05
9.3568696e-05
8.850437e-05
8.3693281e-05
7.9123458e-05
7.4785083e-05
7.0670115e-05
6.6770012e-05
6.3075208e-05
5.9575672e-05
5.6262479e-05
5.312732e-05
5.0158931e-05
4.7338636e-05
4.4644489e-05
4.2068445e-05
3.9617631e-05
3.729718e-05
3.5103419e-05
3.3028671e-05
3.1067073e-05
2.9215564e-05
2.7470913e-05
2.5829586e-05
2.4285628e-05
2.2832602e-05
2.1462245e-05
2.0167155e-05
1.8928364e-05
1.7723635e-05
1.6565204e-05
1.5475508e-05
1.4452974e-05
1.348552e-05
1.2570038e-05
1.1706271e-05
1.0890295e-05
1.0123901e-05
9.4041475e-06
8.7291685e-06
8.0961416e-06
7.5047307e-06
6.9224235e-06
6.3222118e-06
5.7344854e-06
5.1850338e-06
4.6671321e-06
4.1697854e-06
3.6884205e-06
3.221299e-06
2.7684999e-06
2.322643e-06
1.8841061e-06
1.4383455e-06
1.0216957e-06
5.4176135e-07
2.5791867e-07
0.0035738731
0.0035306613
0.0034865426
0.0034418465
0.0033964773
0.0033503397
0.0033034583
0.0032558897
0.0032076682
0.0031588154
0.0031093583
0.0030593302
0.003008767
0.0029577048
0.0029061813
0.002854236
0.00280191
0.0027492459
0.0026962872
0.002643079
0.002589667
0.0025360979
0.0024824189
0.0024286779
0.0023749229
0.0023212022
0.002267564
0.0022140564
0.0021607268
0.0021076225
0.0020547896
0.0020022739
0.0019501196
0.0018983701
0.0018470675
0.0017962523
0.0017459635
0.0016962385
0.0016471131
0.0015986211
0.0015507944
0.0015036632
0.0014572554
0.001411597
0.0013667121
0.0013226226
0.0012793482
0.0012369069
0.0011953143
0.0011545841
0.0011147282
0.0010757563
0.0010376762
0.0010004939
0.00096421379
0.00092883819
0.00089436798
0.0008608024
0.00082813922
0.00079637478
0.00076550405
0.00073552069
0.00070641706
0.00067818435
0.00065081273
0.00062429144
0.00059860901
0.00057375328
0.00054971149
0.00052647018
0.00050401532
0.00048233235
0.00046140628
0.00044122175
0.00042176314
0.00040301458
0.00038495989
0.00036758249
0.00035086523
0.00033479048
0.00031934014
0.00030449577
0.00029023864
0.00027655006
0.00026341186
0.00025080699
0.00023871985
0.00022713576
0.00021603993
0.00020541696
0.00019525147
0.00018552893
0.00017623561
0.00016735814
0.00015888308
0.00015079666
0.00014308463
0.00013573236
0.00012872476
0.0001220461
0.00011567986
0.00010960853
0.00010381494
9.8286758e-05
9.3018433e-05
8.8005985e-05
8.3241481e-05
7.8714238e-05
7.4414596e-05
7.0334291e-05
6.646488e-05
6.2797179e-05
5.9321635e-05
5.6029241e-05
5.2911199e-05
4.9956572e-05
4.714963e-05
4.4472649e-05
4.1917074e-05
3.9485863e-05
3.7182118e-05
3.5002607e-05
3.2940635e-05
3.0990573e-05
2.9148936e-05
2.7412316e-05
2.5776859e-05
2.4236965e-05
2.278631e-05
2.1417108e-05
2.0121472e-05
1.8884166e-05
1.7687714e-05
1.653893e-05
1.545504e-05
1.4436236e-05
1.3472673e-05
1.2560578e-05
1.1699529e-05
1.0886515e-05
1.0121643e-05
9.402048e-06
8.7264635e-06
8.090924e-06
7.4944002e-06
6.910555e-06
6.3166457e-06
5.735263e-06
5.1878066e-06
4.6708185e-06
4.1743697e-06
3.693991e-06
3.2277207e-06
2.7753395e-06
2.3303168e-06
1.8925199e-06
1.4493766e-06
1.0308104e-06
5.5987487e-07
2.6327991e-07
0.0032147282
0.0031801838
0.0031447439
0.0031087061
0.0030719968
0.0030345274
0.0029963094
0.0029573859
0.0029177822
0.0028775126
0.0028365953
0.0027950547
0.0027529172
0.0027102102
0.0026669627
0.0026232052
0.0025789703
0.0025342921
0.0024892064
0.0024437499
0.0023979611
0.0023518795
0.0023055455
0.0022590007
0.0022122872
0.002165448
0.0021185264
0.0020715661
0.0020246108
0.0019777044
0.0019308906
0.0018842127
0.0018377136
0.0017914355
0.00174542
0.0016997076
0.0016543379
0.0016093492
0.0015647787
0.0015206621
0.0014770336
0.0014339259
0.00139137
0.0013493952
0.0013080291
0.0012672973
0.0012272239
0.0011878307
0.0011491379
0.0011111639
0.0010739248
0.0010374353
0.0010017079
0.00096675352
0.0009325811
0.00089919795
0.00086660968
0.00083482025
0.00080383206
0.000773646
0.00074426151
0.00071567661
0.00068788801
0.00066089114
0.00063468027
0.00060924862
0.00058458847
0.00056069123
0.0005375475
0.00051514713
0.00049347921
0.00047253223
0.00045229405
0.00043275206
0.00041389316
0.00039570386
0.00037817022
0.00036127786
0.00034501184
0.00032935676
0.00031429675
0.00029981558
0.00028589677
0.00027252382
0.00025968052
0.00024735129
0.0002355214
0.00022417678
0.00021330344
0.00020288717
0.00019291378
0.00018336955
0.00017424129
0.00016551608
0.00015718102
0.00014922295
0.00014162838
0.00013438348
0.00012747404
0.00012088538
0.00011460232
0.00010860927
0.00010289123
9.7436281e-05
9.2236984e-05
8.7287618e-05
8.2580461e-05
7.8105813e-05
7.3854317e-05
6.9817619e-05
6.5987395e-05
6.2354812e-05
5.8910734e-05
5.5646234e-05
5.2552367e-05
4.9618683e-05
4.6831721e-05
4.4176922e-05
4.1645757e-05
3.9238152e-05
3.6955319e-05
3.4794221e-05
3.2748954e-05
3.0814136e-05
2.8985978e-05
2.7260895e-05
2.5634838e-05
2.4102465e-05
2.2657632e-05
2.1292995e-05
2.0000651e-05
1.876815e-05
1.7581745e-05
1.6444512e-05
1.5369071e-05
1.4356557e-05
1.3399132e-05
1.2492709e-05
1.1636479e-05
1.082788e-05
1.0066126e-05
9.3489399e-06
8.6746121e-06
8.0392119e-06
7.4400321e-06
6.8563768e-06
6.2694605e-06
5.6950344e-06
5.1513924e-06
4.6367536e-06
4.1425587e-06
3.6644673e-06
3.200397e-06
2.74976e-06
2.306869e-06
1.8710563e-06
1.4316931e-06
1.0132887e-06
5.5051663e-07
2.4510225e-07
0.0028580246
0.0028313795
0.0028038787
0.0027757855
0.0027470457
0.0027175781
0.0026873837
0.0026564932
0.0026249238
0.0025926833
0.0025597822
0.0025262362
0.0024920635
0.002457283
0.0024219152
0.0023859822
0.0023495083
0.0023125191
0.0022750421
0.0022371061
0.0021987415
0.0021599801
0.0021208552
0.0020814009
0.0020416529
0.0020016475
0.0019614221
0.0019210148
0.0018804644
0.0018398099
0.001799091
0.0017583473
0.0017176186
0.0016769445
0.0016363644
0.0015959173
0.0015556418
0.0015155756
0.0014757557
0.0014362183
0.0013969984
0.00135813
0.0013196458
0.0012815771
0.0012439539
0.0012068046
0.0011701563
0.0011340342
0.0010984621
0.0010634618
0.0010290538
0.0009952566
0.00096208711
0.00092956046
0.0008976901
0.0008664878
0.00083596365
0.00080612613
0.00077698213
0.000748537
0.0007207946
0.00069375733
0.0006674262
0.00064180091
0.00061687987
0.00059266035
0.00056913852
0.00054630953
0.00052416759
0.00050270599
0.00048191721
0.00046179291
0.00044232407
0.00042350099
0.00040531336
0.00038775034
0.00037080051
0.00035445192
0.00033869206
0.0003235079
0.00030888594
0.00029481226
0.0002812727
0.00026825292
0.00025573873
0.0002437162
0.00023217187
0.00022109267
0.00021046565
0.00020027781
0.00019051617
0.00018116797
0.0001722208
0.00016366242
0.0001554806
0.00014766293
0.00014019677
0.00013306918
0.00012626692
0.00011977641
0.00011358378
0.00010767509
0.00010203696
9.6658078e-05
9.153002e-05
8.6645914e-05
8.1998063e-05
7.75775e-05
7.337527e-05
6.9383072e-05
6.559274e-05
6.199578e-05
5.8583447e-05
5.5347016e-05
5.2277635e-05
4.9365426e-05
4.6598685e-05
4.396521e-05
4.1456769e-05
3.9071177e-05
3.6807989e-05
3.4664149e-05
3.2634351e-05
3.0713447e-05
2.8897433e-05
2.7182558e-05
2.5564654e-05
2.4038574e-05
2.2598393e-05
2.1237191e-05
1.9947342e-05
1.8718494e-05
1.7539754e-05
1.6411717e-05
1.5343112e-05
1.4335381e-05
1.3382407e-05
1.2480044e-05
1.162707e-05
1.0821287e-05
1.0061421e-05
9.3453363e-06
8.6709271e-06
8.0343319e-06
7.431757e-06
6.8471302e-06
6.2649979e-06
5.6959836e-06
5.1552936e-06
4.6419348e-06
4.1487571e-06
3.6717463e-06
3.2086485e-06
2.7587047e-06
2.3167765e-06
1.8819078e-06
1.4446639e-06
1.0258129e-06
5.6878506e-07
2.5555396e-07
0.002507923
0.002488326
0.0024679344
0.0024469795
0.0024254224
0.0024031891
0.0023802722
0.0023566919
0.0023324585
0.0023075741
0.0022820424
0.0022558718
0.0022290729
0.002201657
0.0021736369
0.0021450271
0.0021158437
0.0020861047
0.0020558294
0.0020250388
0.0019937556
0.0019620038
0.0019298089
0.001897198
0.0018641992
0.0018308421
0.0017971574
0.0017631768
0.0017289331
0.0016944598
0.0016597911
0.001624962
0.0015900078
0.0015549643
0.0015198674
0.0014847532
0.0014496575
0.0014146162
0.0013796648
0.0013448384
0.0013101712
0.0012756973
0.0012414495
0.0012074599
0.0011737596
0.0011403785
0.0011073454
0.0010746878
0.0010424319
0.0010106024
0.00097922264
0.00094831446
0.00091789818
0.00088799257
0.00085861484
0.00082978066
0.0008015041
0.00077379772
0.00074667252
0.000720138
0.00069420217
0.0006688716
0.00064415146
0.00062004554
0.00059655633
0.00057368508
0.00055143186
0.0005297956
0.00050877419
0.00048836451
0.00046856247
0.00044936311
0.00043076061
0.00041274839
0.00039531911
0.00037846477
0.0003621767
0.00034644559
0.00033126153
0.00031661403
0.00030249208
0.00028888421
0.0002757786
0.00026316321
0.00025102588
0.00023935456
0.00022813734
0.00021736247
0.00020701831
0.00019709314
0.00018757526
0.00017845308
0.00016971512
0.00016135003
0.00015334643
0.0001456928
0.00013837743
0.00013138835
0.00012471337
0.00011834005
0.0001122558
0.00010644806
0.00010090482
9.5615422e-05
9.0571086e-05
8.5764285e-05
8.1187311e-05
7.6831742e-05
7.2689059e-05
6.8751135e-05
6.5009999e-05
6.1457498e-05
5.8085271e-05
5.488489e-05
5.1847763e-05
4.8964628e-05
4.6225172e-05
4.361895e-05
4.1138164e-05
3.8779243e-05
3.6540396e-05
3.4418411e-05
3.2408427e-05
3.0505525e-05
2.8705572e-05
2.7004688e-05
2.5398654e-05
2.3882496e-05
2.2450534e-05
2.1096276e-05
1.9812541e-05
1.8590583e-05
1.7421645e-05
1.6304739e-05
1.5245439e-05
1.4245044e-05
1.3298822e-05
1.2402759e-05
1.1555269e-05
1.0754369e-05
9.9984381e-06
9.2853378e-06
8.6127426e-06
7.9768972e-06
7.3734639e-06
6.789848e-06
6.2134631e-06
5.6509085e-06
5.1143028e-06
4.6038497e-06
4.1133591e-06
3.6388601e-06
3.1780635e-06
2.7301612e-06
2.2905045e-06
1.8578564e-06
1.4238518e-06
1.0063836e-06
5.5507171e-07
2.3735437e-07
0.0021690195
0.0021555761
0.0021414167
0.0021267406
0.0021115214
0.0020956929
0.0020792416
0.0020621788
0.0020445091
0.0020262299
0.0020073395
0.00198784
0.0019677355
0.0019470309
0.0019257322
0.001903847
0.0018813845
0.0018583552
0.0018347713
0.0018106464
0.0017859957
0.0017608358
0.0017351848
0.0017090624
0.0016824896
0.0016554886
0.0016280833
0.0016002986
0.0015721605
0.0015436965
0.0015149346
0.0014859041
0.001456635
0.001427158
0.0013975045
0.0013677062
0.0013377954
0.0013078044
0.0012777659
0.0012477123
0.0012176762
0.0011876898
0.0011577848
0.0011279927
0.0010983443
0.0010688696
0.001039598
0.0010105578
0.00098177655
0.00095328057
0.00092509512
0.00089724427
0.00086975083
0.0008426363
0.00081592086
0.00078962331
0.00076376106
0.00073835012
0.00071340508
0.00068893911
0.00066496398
0.00064149007
0.00061852638
0.00059608059
0.00057415903
0.00055276678
0.00053190772
0.0005115845
0.00049179868
0.00047255072
0.00045384005
0.00043566511
0.0004180234
0.00040091155
0.00038432533
0.00036825975
0.00035270904
0.0003376667
0.00032312558
0.00030907786
0.00029551515
0.00028242852
0.0002698086
0.00025764569
0.00024592983
0.00023465097
0.00022379898
0.00021336373
0.00020333505
0.00019370269
0.00018445635
0.00017558571
0.00016708046
0.0001589303
0.00015112487
0.00014365368
0.00013650604
0.00012967107
0.00012313769
0.00011689463
0.00011093055
0.00010523419
9.9794703e-05
9.4602171e-05
8.9647894e-05
8.492411e-05
8.0423185e-05
7.6137156e-05
7.2057965e-05
6.8177772e-05
6.4488878e-05
6.0983489e-05
5.7653656e-05
5.4491328e-05
5.1488299e-05
4.8635943e-05
4.5925074e-05
4.3346583e-05
4.0893148e-05
3.8560363e-05
3.6345412e-05
3.4244863e-05
3.2254164e-05
3.0368608e-05
2.8584004e-05
2.6896382e-05
2.5301514e-05
2.3794587e-05
2.2370184e-05
2.102223e-05
1.9744065e-05
1.8528187e-05
1.7367409e-05
1.6259775e-05
1.5208399e-05
1.4214154e-05
1.3273356e-05
1.2382252e-05
1.1538955e-05
1.0741573e-05
9.9882778e-06
9.2768979e-06
8.6049754e-06
7.9688566e-06
7.3639948e-06
6.7803933e-06
6.2078826e-06
5.6501481e-06
5.116527e-06
4.608103e-06
4.1193209e-06
3.6463255e-06
3.1866715e-06
2.7396941e-06
2.3011216e-06
1.8696506e-06
1.437636e-06
1.0205577e-06
5.7293622e-07
2.508871e-07
0.0018455588
0.0018373435
0.0018285018
0.0018192032
0.0018094311
0.0017991268
0.0017882725
0.0017768729
0.0017649279
0.0017524312
0.001739377
0.0017257625
0.0017115864
0.0016968484
0.001681549
0.0016656898
0.0016492741
0.0016323061
0.0016147916
0.0015967377
0.0015781528
0.0015590468
0.001539431
0.001519318
0.0014987219
0.0014776582
0.0014561436
0.0014341963
0.0014118358
0.0013890827
0.0013659589
0.0013424873
0.0013186922
0.0012945984
0.0012702318
0.0012456193
0.0012207882
0.0011957666
0.001170583
0.0011452664
0.0011198458
0.0010943507
0.0010688106
0.0010432547
0.0010177123
0.0009922123
0.0009667832
0.00094145305
0.00091624928
0.00089119865
0.00086632715
0.0008416599
0.00081722111
0.00079303396
0.00076912059
0.00074550203
0.00072219812
0.00069922752
0.00067660766
0.00065435472
0.00063248361
0.00061100795
0.00058994009
0.00056929113
0.00054907088
0.00052928794
0.00050994967
0.00049106226
0.00047263076
0.00045465908
0.00043715006
0.0004201055
0.0004035262
0.000387412
0.00037176183
0.00035657374
0.00034184495
0.00032757188
0.00031375019
0.00030037486
0.00028744016
0.00027493981
0.00026286695
0.00025121432
0.00023997425
0.00022913881
0.00021869984
0.00020864903
0.0001989779
0.00018967782
0.00018073999
0.00017215555
0.0001639155
0.00015601078
0.00014843222
0.00014117046
0.00013421598
0.00012755906
0.00012118981
0.00011509818
0.00010927404
0.00010370738
9.8388454e-05
9.3308139e-05
8.8458101e-05
8.3830677e-05
7.9418439e-05
7.5213862e-05
7.1209363e-05
6.7397479e-05
6.3770851e-05
6.0322078e-05
5.7043648e-05
5.3927944e-05
5.0967225e-05
4.8153502e-05
4.5478523e-05
4.293422e-05
4.0513749e-05
3.821226e-05
3.6026223e-05
3.395198e-05
3.1985189e-05
3.0121342e-05
2.8356246e-05
2.6685893e-05
2.5106084e-05
2.3612176e-05
2.2199024e-05
2.0860966e-05
1.9591887e-05
1.8385268e-05
1.7235067e-05
1.6138774e-05
1.5097657e-05
1.4112027e-05
1.3178946e-05
1.2294977e-05
1.1458016e-05
1.0666181e-05
9.9175278e-06
9.2098369e-06
8.5405631e-06
7.9061654e-06
7.3021331e-06
6.7204275e-06
6.1528739e-06
5.6011028e-06
5.0720065e-06
4.5667447e-06
4.0807843e-06
3.6105702e-06
3.1537763e-06
2.7092368e-06
2.2729721e-06
1.8439275e-06
1.4150268e-06
9.999176e-07
5.5650509e-07
2.3291665e-07
0.0015417024
0.0015377941
0.0015333553
0.0015285271
0.0015233005
0.0015176245
0.001511479
0.0015048635
0.0014977745
0.0014902033
0.001482141
0.0014735813
0.0014645189
0.0014549494
0.0014448689
0.0014342744
0.0014231644
0.001411538
0.0013993957
0.001386739
0.0013735706
0.0013598946
0.0013457161
0.0013310415
0.0013158788
0.001300237
0.0012841264
0.0012675587
0.0012505469
0.0012331053
0.0012152492
0.0011969956
0.0011783621
0.0011593679
0.0011400329
0.0011203784
0.0011004262
0.0010801994
0.0010597215
0.0010390169
0.0010181106
0.00099702805
0.00097579514
0.00095443807
0.00093298322
0.00091145709
0.00088988618
0.00086829688
0.00084671537
0.00082516753
0.00080367882
0.00078227422
0.00076097813
0.00073981428
0.00071880565
0.00069797442
0.00067734187
0.00065692836
0.00063675327
0.00061683491
0.00059719057
0.0005778364
0.00055878746
0.00054005764
0.00052165971
0.00050360528
0.00048590483
0.00046856769
0.00045160208
0.00043501512
0.00041881283
0.00040300021
0.00038758123
0.00037255884
0.00035793507
0.00034371099
0.00032988681
0.00031646187
0.00030343471
0.00029080307
0.00027856401
0.00026671387
0.00025524841
0.00024416284
0.00023345186
0.0002231098
0.0002131306
0.00020350791
0.00019423512
0.00018530535
0.00017671149
0.00016844622
0.00016050204
0.00015287129
0.00014554609
0.00013851841
0.00013177999
0.00012532236
0.00011913688
0.00011321477
0.00010754715
0.0001021252
9.6940289e-05
9.1984151e-05
8.7249032e-05
8.2727633e-05
7.8412886e-05
7.4297742e-05
7.0375134e-05
6.6638059e-05
6.3079578e-05
5.9692735e-05
5.6470495e-05
5.3405738e-05
5.0491244e-05
4.7719664e-05
4.5083555e-05
4.2575694e-05
4.0189713e-05
3.7920602e-05
3.5764387e-05
3.3717236e-05
3.1774958e-05
2.9933228e-05
2.818791e-05
2.6535001e-05
2.4970375e-05
2.3489564e-05
2.2087707e-05
2.0759541e-05
1.9499486e-05
1.8301806e-05
1.7161299e-05
1.6075159e-05
1.5043324e-05
1.406552e-05
1.3139286e-05
1.2261509e-05
1.1429953e-05
1.06427e-05
9.8977369e-06
9.1928046e-06
8.5253147e-06
7.8918614e-06
7.2881255e-06
6.7075446e-06
6.1435296e-06
5.5963135e-06
5.070661e-06
4.5676378e-06
4.0836489e-06
3.6154681e-06
3.1607422e-06
2.7178613e-06
2.2829382e-06
1.8553002e-06
1.4282388e-06
1.0141677e-06
5.7315141e-07
2.4770352e-07
0.0012609658
0.0012604698
0.0012595395
0.0012582909
0.0012567203
0.0012547842
0.0012524616
0.0012497485
0.0012466393
0.0012431236
0.0012391908
0.0012348322
0.0012300398
0.0012248063
0.0012191246
0.0012129887
0.001206393
0.0011993329
0.0011918048
0.0011838058
0.0011753341
0.0011663888
0.0011569701
0.0011470793
0.0011367187
0.0011258919
0.0011146036
0.0011028598
0.0010906674
0.0010780347
0.0010649714
0.001051488
0.0010375965
0.0010233099
0.0010086425
0.00099360944
0.00097822721
0.00096251317
0.00094648566
0.00093016394
0.00091356808
0.00089671894
0.00087963804
0.00086234752
0.00084487002
0.00082722862
0.00080944671
0.00079154795
0.00077355611
0.00075549505
0.00073738854
0.00071926024
0.00070113357
0.00068303163
0.0006649771
0.00064699219
0.00062909854
0.00061131715
0.0005936683
0.00057617153
0.00055884553
0.00054170815
0.0005247763
0.00050806595
0.00049159209
0.00047536873
0.00045940883
0.00044372436
0.00042832622
0.0004132243
0.00039842748
0.00038394359
0.00036977949
0.00035594104
0.00034243314
0.00032925976
0.00031642396
0.0003039279
0.00029177291
0.0002799595
0.00026848741
0.00025735565
0.00024656254
0.00023610578
0.0002259825
0.00021618932
0.00020672238
0.00019757741
0.00018874976
0.00018023443
0.0001720261
0.00016411915
0.00015650768
0.00014918555
0.00014214636
0.00013538346
0.00012888998
0.0001226588
0.0001166826
0.0001109539
0.00010546511
0.00010020861
9.5176889e-05
9.0362627e-05
8.5758805e-05
8.1358689e-05
7.7155724e-05
7.3143409e-05
6.9315244e-05
6.5664757e-05
6.2185508e-05
5.8871041e-05
5.5714845e-05
5.2710335e-05
4.985086e-05
4.7129702e-05
4.4540143e-05
4.2075678e-05
3.9730406e-05
3.7499351e-05
3.5378324e-05
3.336339e-05
3.1450482e-05
2.9635453e-05
2.7914263e-05
2.628297e-05
2.4737547e-05
2.3273721e-05
2.1886916e-05
2.057226e-05
1.9324669e-05
1.8139053e-05
1.7010831e-05
1.5937067e-05
1.4916781e-05
1.3949162e-05
1.3032026e-05
1.2162556e-05
1.1338458e-05
1.0557759e-05
9.8184083e-06
9.1181278e-06
8.4543247e-06
7.8237444e-06
7.2223431e-06
6.6446752e-06
6.0853841e-06
5.5437898e-06
5.0229158e-06
4.5235755e-06
4.0429089e-06
3.5778527e-06
3.1260374e-06
2.6857224e-06
2.2537118e-06
1.8290574e-06
1.4048992e-06
9.9309106e-07
5.5536695e-07
2.3050424e-07
0.0010063116
0.0010083894
0.0010101258
0.0010116138
0.0010128537
0.0010138089
0.0010144592
0.0010147983
0.0010148193
0.0010145114
0.0010138631
0.0010128644
0.0010115058
0.0010097783
0.0010076728
0.001005181
0.0010022951
0.00099900775
0.00099531232
0.00099120282
0.00098667399
0.00098172131
0.00097634111
0.00097053056
0.00096428773
0.00095761165
0.0009505023
0.0009429607
0.0009349889
0.00092659001
0.00091776823
0.00090852888
0.00089887837
0.00088882423
0.0008783751
0.00086754073
0.00085633197
0.0008447607
0.00083283989
0.00082058348
0.00080800638
0.00079512443
0.00078195431
0.00076851352
0.0007548203
0.00074089356
0.0007267528
0.00071241803
0.00069790973
0.00068324869
0.00066845601
0.00065355294
0.00063856085
0.00062350111
0.00060839499
0.00059326363
0.0005781279
0.00056300835
0.00054792515
0.00053289795
0.00051794591
0.00050308756
0.00048834075
0.00047372265
0.00045924964
0.00044493732
0.00043080043
0.00041685288
0.00040310764
0.00038957683
0.00037627159
0.00036320219
0.00035037794
0.00033780724
0.00032549755
0.00031345544
0.00030168659
0.00029019578
0.00027898698
0.00026806329
0.00025742703
0.00024707978
0.00023702235
0.00022725491
0.00021777697
0.00020858744
0.0001996847
0.00019106661
0.00018273057
0.00017467353
0.00016689204
0.00015938227
0.00015214003
0.00014516081
0.00013843978
0.00013197181
0.00012575148
0.00011977311
0.00011403077
0.00010851834
0.00010322952
9.815797e-05
9.3297306e-05
8.864124e-05
8.4183615e-05
7.9918426e-05
7.5839772e-05
7.1941791e-05
6.8218621e-05
6.4664395e-05
6.1273249e-05
5.8039295e-05
5.4956593e-05
5.2019146e-05
4.9220904e-05
4.6555787e-05
4.4017753e-05
4.1600945e-05
3.9299932e-05
3.7109915e-05
3.5026675e-05
3.3046271e-05
3.1164766e-05
2.9378196e-05
2.7682661e-05
2.6074328e-05
2.4549309e-05
2.3103543e-05
2.1732746e-05
2.0432422e-05
1.9197949e-05
1.8024773e-05
1.6908791e-05
1.5847044e-05
1.4837945e-05
1.388024e-05
1.2971884e-05
1.2110305e-05
1.1293209e-05
1.0518573e-05
9.7843283e-06
9.0881998e-06
8.4276232e-06
7.799507e-06
7.2001192e-06
6.6248697e-06
6.0693413e-06
5.5322881e-06
5.0153573e-06
4.5190074e-06
4.0409122e-06
3.5782375e-06
3.1286769e-06
2.6904382e-06
2.2607982e-06
1.838604e-06
1.416482e-06
1.0060508e-06
5.7019494e-07
2.4471379e-07
0.00077978816
0.00078367811
0.000787312
0.00079076316
0.00079403415
0.00079709524
0.00079992764
0.00080252402
0.00080487695
0.00080697586
0.00080880948
0.00081036732
0.0008116394
0.00081261585
0.00081328687
0.00081364295
0.00081367487
0.00081337381
0.00081273133
0.00081173941
0.00081039054
0.00080867773
0.00080659459
0.00080413534
0.00080129489
0.00079806885
0.00079445361
0.00079044637
0.00078604514
0.00078124884
0.00077605729
0.00077047125
0.00076449246
0.00075812364
0.00075136851
0.00074423183
0.00073671937
0.00072883793
0.00072059532
0.0007120004
0.00070306298
0.00069379386
0.00068420481
0.00067430848
0.00066411839
0.00065364889
0.00064291512
0.0006319329
0.00062071874
0.00060928971
0.0005976634
0.00058585788
0.00057389154
0.0005617831
0.00054955148
0.00053721574
0.00052479499
0.00051230832
0.00049977471
0.00048721298
0.00047464168
0.00046207904
0.00044954291
0.00043705068
0.00042461923
0.00041226485
0.00040000326
0.00038784947
0.00037581781
0.00036392188
0.0003521745
0.00034058772
0.00032917277
0.00031794005
0.00030689916
0.00029605884
0.00028542702
0.00027501077
0.00026481638
0.00025484931
0.00024511425
0.0002356151
0.00022635505
0.00021733658
0.00020856147
0.00020003088
0.00019174536
0.00018370489
0.00017590889
0.00016835631
0.0001610456
0.00015397475
0.00014714136
0.00014054262
0.00013417532
0.00012803592
0.00012212054
0.00011642498
0.00011094476
0.00010567515
0.00010061122
9.5747892e-05
9.1079989e-05
8.6602309e-05
8.2309662e-05
7.8196899e-05
7.4258897e-05
7.0490528e-05
6.6886641e-05
6.344205e-05
6.0151539e-05
5.700985e-05
5.401167e-05
5.1151628e-05
4.8424309e-05
4.5824277e-05
4.3346141e-05
4.0984654e-05
3.8734867e-05
3.6592258e-05
3.4552721e-05
3.2612406e-05
3.0767532e-05
2.9014334e-05
2.7349089e-05
2.5768117e-05
2.4267704e-05
2.284402e-05
2.1493075e-05
2.0210736e-05
1.8992806e-05
1.7835185e-05
1.6734154e-05
1.5686796e-05
1.4691156e-05
1.3745642e-05
1.2848264e-05
1.1996644e-05
1.1188526e-05
1.0421859e-05
9.6945697e-06
9.0044077e-06
8.3488661e-06
7.7250245e-06
7.1294684e-06
6.5582702e-06
6.0077191e-06
5.4762389e-06
4.9644282e-06
4.4723522e-06
3.9980595e-06
3.5389674e-06
3.0928172e-06
2.6577823e-06
2.2312164e-06
1.8118277e-06
1.3930306e-06
9.8578351e-07
5.5274849e-07
2.2873795e-07
0.00058257128
0.00058760864
0.0005924653
0.00059719773
0.00060180989
0.00060627816
0.0006105859
0.0006147256
0.00061869002
0.00062246941
0.00062605323
0.0006294314
0.00063259417
0.00063553175
0.0006382343
0.00064069209
0.0006428955
0.00064483512
0.00064650171
0.0006478863
0.00064898016
0.00064977492
0.00065026256
0.00065043549
0.00065028653
0.00064980906
0.00064899695
0.00064784468
0.00064634736
0.00064450076
0.00064230135
0.00063974638
0.00063683386
0.00063356261
0.00062993232
0.00062594352
0.00062159766
0.0006168971
0.00061184513
0.00060644597
0.00060070479
0.0005946277
0.00058822173
0.00058149486
0.00057445595
0.00056711478
0.00055948194
0.00055156888
0.0005433878
0.00053495167
0.00052627411
0.0005173694
0.00050825239
0.00049893845
0.00048944339
0.00047978339
0.00046997497
0.00046003488
0.00044998002
0.00043982741
0.00042959408
0.00041929702
0.00040895309
0.00039857899
0.00038819114
0.00037780565
0.00036743826
0.0003571043
0.00034681858
0.00033659542
0.00032644853
0.00031639105
0.00030643545
0.00029659353
0.00028687641
0.00027729448
0.00026785742
0.00025857415
0.00024945286
0.000240501
0.00023172527
0.00022313166
0.00021472543
0.00020651113
0.00019849267
0.00019067326
0.00018305551
0.0001756414
0.00016843235
0.00016142921
0.00015463233
0.00014804153
0.00014165617
0.00013547516
0.00012949697
0.00012371968
0.00011814097
0.00011275817
0.00010756827
0.000102568
9.7753781e-05
9.3121858e-05
8.8668295e-05
8.4389036e-05
8.0279944e-05
7.6336828e-05
7.2555443e-05
6.893149e-05
6.5460605e-05
6.2138356e-05
5.8960246e-05
5.5921711e-05
5.3018118e-05
5.0244767e-05
4.7596909e-05
4.506977e-05
4.2658603e-05
4.0358764e-05
3.8165805e-05
3.6075563e-05
3.408416e-05
3.218793e-05
3.0383298e-05
2.8666723e-05
2.7034699e-05
2.5483745e-05
2.4010361e-05
2.2610967e-05
2.1281875e-05
2.0019306e-05
1.8819456e-05
1.7678624e-05
1.6593418e-05
1.5561013e-05
1.4579254e-05
1.3646326e-05
1.2760251e-05
1.1918804e-05
1.1119792e-05
1.0361163e-05
9.6408558e-06
8.9566648e-06
8.3061647e-06
7.6866108e-06
7.0948931e-06
6.5276038e-06
5.9815608e-06
5.4550132e-06
4.9477925e-06
4.4595822e-06
3.9886724e-06
3.5327154e-06
3.089509e-06
2.6571995e-06
2.2332278e-06
1.816399e-06
1.4006009e-06
9.9634973e-07
5.6516802e-07
2.4097647e-07
0.00041483906
0.00042046628
0.00042597651
0.00043141211
0.00043677775
0.00044205519
0.00044723032
0.00045229608
0.00045724587
0.00046207115
0.00046676255
0.00047131097
0.00047570743
0.00047994285
0.000484008
0.00048789363
0.00049159047
0.00049508929
0.0004983809
0.00050145618
0.00050430615
0.00050692195
0.00050929491
0.00051141658
0.00051327878
0.00051487362
0.00051619355
0.00051723139
0.0005179804
0.00051843427
0.00051858723
0.00051843403
0.00051796999
0.00051719109
0.00051609392
0.00051467579
0.00051293473
0.00051086952
0.00050847972
0.00050576568
0.00050272861
0.00049937053
0.00049569432
0.00049170372
0.00048740333
0.00048279862
0.0004778959
0.00047270231
0.00046722584
0.00046147526
0.00045546012
0.00044919068
0.00044267794
0.00043593354
0.00042896972
0.00042179928
0.00041443555
0.00040689229
0.00039918363
0.00039132406
0.00038332831
0.00037521131
0.00036698812
0.00035867385
0.00035028364
0.00034183254
0.00033333547
0.00032480718
0.00031626215
0.00030771458
0.00029917829
0.00029066671
0.00028219283
0.00027376914
0.00026540759
0.00025711961
0.00024891601
0.00024080699
0.00023280216
0.00022491046
0.00021714016
0.00020949893
0.00020199373
0.00019463089
0.00018741611
0.00018035442
0.00017345025
0.00016670743
0.00016012918
0.00015371816
0.00014747649
0.00014140574
0.00013550699
0.00012978082
0.00012422735
0.00011884625
0.00011363678
0.00010859778
0.00010372774
9.9024793e-05
9.4486785e-05
9.0111274e-05
8.589559e-05
8.1836869e-05
7.7932083e-05
7.417807e-05
7.0571547e-05
6.7109118e-05
6.3787276e-05
6.0602407e-05
5.7550794e-05
5.4628627e-05
5.1832e-05
4.9156928e-05
4.6599355e-05
4.4155187e-05
4.1820333e-05
3.9590751e-05
3.7462525e-05
3.5431908e-05
3.3495347e-05
3.1649439e-05
2.9890867e-05
2.8216353e-05
2.6622646e-05
2.5106506e-05
2.3664679e-05
2.2293858e-05
2.0990665e-05
1.9751665e-05
1.8573421e-05
1.7452592e-05
1.638608e-05
1.5371186e-05
1.440568e-05
1.3487621e-05
1.261504e-05
1.1785827e-05
1.0997873e-05
1.0249149e-05
9.5376261e-06
8.8611602e-06
8.217426e-06
7.6038557e-06
7.0176209e-06
6.4557273e-06
5.9153905e-06
5.3947843e-06
4.8932018e-06
4.4099887e-06
3.9435731e-06
3.4918135e-06
3.0525762e-06
2.6240035e-06
2.2036241e-06
1.7902986e-06
1.3780926e-06
9.7674361e-07
5.4901124e-07
2.2759239e-07
0.00027582006
0.00028159313
0.00028730059
0.0002929734
0.00029861637
0.00030421591
0.0003097605
0.00031524393
0.00032066057
0.00032600324
0.00033126406
0.00033643518
0.00034150879
0.00034647693
0.00035133143
0.00035606399
0.00036066622
0.00036512965
0.00036944576
0.00037360596
0.00037760166
0.00038142429
0.00038506531
0.00038851623
0.0003917687
0.00039481446
0.00039764543
0.00040025375
0.00040263176
0.00040477211
0.00040666772
0.00040831189
0.0004096983
0.00041082103
0.00041167466
0.00041225423
0.00041255535
0.00041257418
0.00041230748
0.00041175267
0.0004109078
0.00040977165
0.00040834368
0.00040662412
0.00040461393
0.00040231485
0.00039972938
0.00039686084
0.00039371329
0.00039029161
0.00038660142
0.00038264912
0.00037844184
0.00037398743
0.00036929444
0.00036437207
0.00035923014
0.00035387908
0.00034832981
0.0003425938
0.0003366829
0.0003306094
0.0003243859
0.00031802526
0.00031154059
0.00030494512
0.00029825221
0.00029147524
0.00028462757
0.00027772248
0.00027077313
0.00026379247
0.00025679323
0.00024978783
0.00024278839
0.00023580661
0.00022885381
0.00022194085
0.00021507811
0.00020827547
0.00020154226
0.0001948873
0.00018831881
0.00018184448
0.0001754714
0.00016920607
0.00016305446
0.00015702191
0.00015111325
0.00014533271
0.00013968401
0.0001341703
0.00012879425
0.00012355802
0.00011846326
0.00011351119
0.00010870255
0.00010403769
9.9516518e-05
9.5138597e-05
9.0903128e-05
8.6808995e-05
8.2854795e-05
7.903887e-05
7.5359338e-05
7.181411e-05
6.8400921e-05
6.5117334e-05
6.1960756e-05
5.8928445e-05
5.6017519e-05
5.3224967e-05
5.0547659e-05
4.7982357e-05
4.5525733e-05
4.3174395e-05
4.0924919e-05
3.8773888e-05
3.671794e-05
3.4753806e-05
3.2878327e-05
3.108844e-05
2.9381144e-05
2.7753467e-05
2.6202451e-05
2.4725141e-05
2.3318565e-05
2.1979714e-05
2.0705528e-05
1.9492916e-05
1.8338792e-05
1.7240153e-05
1.6194175e-05
1.5198319e-05
1.4250372e-05
1.3348351e-05
1.2490314e-05
1.1674252e-05
1.0898148e-05
1.0160029e-05
9.4579155e-06
8.7897429e-06
8.1533015e-06
7.5462001e-06
6.9658669e-06
6.4096426e-06
5.8750482e-06
5.360245e-06
4.8641675e-06
4.3858858e-06
3.9238959e-06
3.4762275e-06
3.0408258e-06
2.6158469e-06
2.1988879e-06
1.7888551e-06
1.3799122e-06
9.8161001e-07
5.5701575e-07
2.3712928e-07
0.00016393533
0.00016952068
0.00017507976
0.00018063444
0.00018618938
0.00019173485
0.00019726185
0.00020276523
0.00020824041
0.00021368168
0.00021908268
0.00022443698
0.00022973814
0.0002349795
0.00024015421
0.00024525522
0.00025027533
0.0002552072
0.00026004336
0.00026477621
0.00026939807
0.00027390114
0.00027827758
0.0002825195
0.00028661899
0.00029056815
0.0002943591
0.00029798402
0.00030143519
0.00030470497
0.0003077859
0.0003106707
0.00031335228
0.00031582382
0.00031807877
0.0003201109
0.00032191432
0.00032348355
0.00032481352
0.00032589961
0.00032673771
0.0003273242
0.00032765605
0.00032773077
0.00032754652
0.00032710206
0.00032639681
0.00032543087
0.00032420502
0.00032272075
0.00032098023
0.00031898637
0.00031674276
0.00031425373
0.00031152427
0.00030856008
0.0003053675
0.00030195355
0.00029832583
0.00029449254
0.00029046243
0.00028624479
0.00028184934
0.00027728625
0.00027256609
0.00026769974
0.00026269837
0.00025757338
0.00025233636
0.00024699899
0.00024157306
0.00023607035
0.00023050261
0.00022488151
0.00021921859
0.00021352517
0.00020781238
0.00020209106
0.00019637175
0.00019066463
0.00018497951
0.0001793258
0.00017371245
0.00016814799
0.00016264045
0.00015719739
0.00015182586
0.00014653243
0.00014132313
0.0001362035
0.00013117858
0.00012625289
0.00012143045
0.00011671481
0.00011210902
0.00010761568
0.00010323693
9.8974479e-05
9.4829604e-05
9.0803197e-05
8.6895767e-05
8.3107476e-05
7.9438156e-05
7.588734e-05
7.2454285e-05
6.9137993e-05
6.5937236e-05
6.2850569e-05
5.9876344e-05
5.7012728e-05
5.4257708e-05
5.160911e-05
4.906461e-05
4.6621747e-05
4.4277945e-05
4.2030532e-05
3.9876769e-05
3.7813881e-05
3.5839092e-05
3.3949653e-05
3.2142859e-05
3.0416051e-05
2.8766595e-05
2.7191871e-05
2.5689254e-05
2.4256111e-05
2.2889787e-05
2.1587592e-05
2.0346799e-05
1.9164659e-05
1.8038428e-05
1.6965425e-05
1.5943099e-05
1.4969096e-05
1.4041286e-05
1.3157715e-05
1.2316493e-05
1.1515714e-05
1.0753462e-05
1.002784e-05
9.3369431e-06
8.6788001e-06
8.0513281e-06
7.4523099e-06
6.8794057e-06
6.3302329e-06
5.8025533e-06
5.2945556e-06
4.8049506e-06
4.3326015e-06
3.8760299e-06
3.4334011e-06
3.0027445e-06
2.5822428e-06
2.1695568e-06
1.7636261e-06
1.3587509e-06
9.6414732e-07
5.4365397e-07
2.2716817e-07
7.6819452e-05
8.1987093e-05
8.7156695e-05
9.2343247e-05
9.7550989e-05
0.00010277329
0.00010800339
0.00011323726
0.0001184714
0.00012370147
0.00012892259
0.00013412976
0.00013931791
0.00014448177
0.00014961585
0.00015471447
0.00015977176
0.0001647817
0.00016973806
0.0001746345
0.00017946448
0.00018422134
0.00018889829
0.00019348843
0.00019798475
0.00020238015
0.00020666749
0.00021083957
0.00021488915
0.00021880902
0.00022259196
0.00022623082
0.00022971852
0.00023304806
0.00023621261
0.00023920545
0.0002420201
0.00024465028
0.00024708996
0.0002493334
0.00025137519
0.00025321025
0.00025483391
0.0002562419
0.0002574304
0.00025839604
0.000259136
0.00025964794
0.0002599301
0.00025998128
0.00025980088
0.00025938891
0.000258746
0.00025787339
0.000256773
0.00025544734
0.00025389961
0.0002521336
0.00025015374
0.00024796508
0.00024557326
0.00024298447
0.00024020548
0.00023724355
0.00023410646
0.00023080241
0.00022734003
0.00022372831
0.00021997659
0.00021609449
0.00021209184
0.00020797871
0.00020376528
0.00019946183
0.00019507869
0.0001906262
0.00018611464
0.00018155419
0.00017695493
0.00017232672
0.00016767922
0.00016302186
0.00015836376
0.00015371373
0.00014908023
0.00014447137
0.00013989485
0.00013535797
0.00013086764
0.00012643028
0.00012205193
0.00011773813
0.00011349401
0.00010932424
0.00010523303
0.00010122415
9.7300961e-05
9.3466365e-05
8.9722863e-05
8.6072554e-05
8.2517149e-05
7.9057993e-05
7.569608e-05
7.2432076e-05
6.9266339e-05
6.6198937e-05
6.3229667e-05
6.0358074e-05
5.7583464e-05
5.490492e-05
5.2321316e-05
4.9831331e-05
4.7433464e-05
4.5126052e-05
4.2907283e-05
4.077522e-05
3.8727825e-05
3.6762983e-05
3.4878528e-05
3.3072268e-05
3.1342e-05
2.9685519e-05
2.8100611e-05
2.6585049e-05
2.5136581e-05
2.3752934e-05
2.2431798e-05
2.1170829e-05
1.9967648e-05
1.8819852e-05
1.7725038e-05
1.6680844e-05
1.5684994e-05
1.4735344e-05
1.38299e-05
1.2966797e-05
1.214423e-05
1.1360405e-05
1.061352e-05
9.9017793e-06
9.2233722e-06
8.5764378e-06
7.9590298e-06
7.3691035e-06
6.8045305e-06
6.2631632e-06
5.7429626e-06
5.2421713e-06
4.7593774e-06
4.2933039e-06
3.84248e-06
3.4051769e-06
2.9795102e-06
2.5636999e-06
2.1554707e-06
1.7537991e-06
1.3531254e-06
9.6236846e-07
5.4551743e-07
2.3197182e-07
1.1738577e-05
1.6348084e-05
2.0978234e-05
2.5638748e-05
3.0333403e-05
3.5058013e-05
3.9807755e-05
4.4579635e-05
4.9371115e-05
5.4179096e-05
5.9000029e-05
6.3830224e-05
6.8665894e-05
7.3503078e-05
7.8337613e-05
8.3165143e-05
8.7981134e-05
9.2780873e-05
9.7559467e-05
0.00010231185
0.00010703278
0.00011171684
0.00011635849
0.00012095198
0.00012549147
0.00012997096
0.00013438432
0.00013872534
0.00014298767
0.00014716491
0.00015125059
0.00015523819
0.00015912117
0.00016289295
0.00016654702
0.00017007686
0.00017347603
0.00017673818
0.00017985708
0.00018282663
0.0001856409
0.00018829418
0.00019078095
0.00019309598
0.00019523433
0.00019719135
0.00019896275
0.00020054462
0.00020193346
0.00020312616
0.00020412011
0.00020491314
0.0002055036
0.00020589036
0.00020607281
0.00020605088
0.00020582508
0.00020539649
0.00020476673
0.00020393803
0.00020291317
0.00020169551
0.00020028894
0.00019869791
0.00019692742
0.00019498293
0.00019287041
0.0001905963
0.00018816742
0.00018559104
0.00018287474
0.00018002646
0.00017705441
0.00017396702
0.00017077295
0.000167481
0.00016410011
0.00016063925
0.00015710745
0.00015351372
0.00014986702
0.00014617619
0.00014244998
0.00013869694
0.00013492544
0.0001311436
0.00012735928
0.00012358008
0.00011981325
0.00011606575
0.00011234416
0.00010865471
0.00010500326
0.00010139528
9.7835852e-05
9.4329667e-05
9.0881016e-05
8.74938e-05
8.4171529e-05
8.0917328e-05
7.773395e-05
7.4623781e-05
7.1588856e-05
6.863087e-05
6.5751196e-05
6.2950899e-05
6.0230751e-05
5.7591245e-05
5.5032613e-05
5.2554836e-05
5.0157659e-05
4.7840609e-05
4.5603006e-05
4.3443979e-05
4.1362485e-05
3.9357325e-05
3.7427167e-05
3.5570564e-05
3.3785978e-05
3.20718e-05
3.0426365e-05
2.8847959e-05
2.7334829e-05
2.5885176e-05
2.4497161e-05
2.3168895e-05
2.1898448e-05
2.0683842e-05
1.9523059e-05
1.841405e-05
1.7354755e-05
1.6343132e-05
1.5377189e-05
1.4455014e-05
1.357479e-05
1.2734784e-05
1.1933316e-05
1.1168717e-05
1.0439316e-05
9.7434358e-06
9.0793824e-06
8.4454195e-06
7.8397454e-06
7.2604852e-06
6.705706e-06
6.1734647e-06
5.6618947e-06
5.1693113e-06
4.694252e-06
4.2353588e-06
3.7911673e-06
3.3600321e-06
2.9401552e-06
2.5298015e-06
2.1267571e-06
1.7300102e-06
1.3342277e-06
9.4848617e-07
5.3673355e-07
2.261622e-07
-3.4551177e-05
-3.0565129e-05
-2.6547634e-05
-2.2492615e-05
-1.8396881e-05
-1.4262859e-05
-1.0093803e-05
-5.8917906e-06
-1.6585219e-06
2.6039278e-06
6.8931359e-06
1.120654e-05
1.5541478e-05
1.9895141e-05
2.4264544e-05
2.864653e-05
3.3037781e-05
3.7434811e-05
4.1833966e-05
4.6231424e-05
5.0623192e-05
5.5005111e-05
5.9372856e-05
6.372194e-05
6.8047714e-05
7.2345378e-05
7.660998e-05
8.0836429e-05
8.5019494e-05
8.9153823e-05
9.3233944e-05
9.7254282e-05
0.00010120917
0.00010509286
0.00010889954
0.00011262336
0.00011625842
0.00011979883
0.00012323869
0.00012657216
0.00012979341
0.00013289672
0.00013587645
0.00013872711
0.00014144332
0.00014401991
0.0001464519
0.00014873455
0.00015086337
0.00015283415
0.000154643
0.00015628636
0.00015776104
0.00015906422
0.00016019349
0.00016114688
0.00016192285
0.00016252035
0.00016293877
0.00016317803
0.00016323853
0.00016312117
0.00016282737
0.00016235906
0.00016171868
0.00016090917
0.00015993396
0.00015879696
0.00015750255
0.00015605555
0.00015446121
0.00015272518
0.00015085345
0.0001488524
0.0001467287
0.00014448927
0.00014214132
0.00013969221
0.00013714951
0.0001345209
0.00013181415
0.00012903708
0.00012619752
0.0001233033
0.00012036217
0.00011738178
0.00011436968
0.00011133324
0.00010827966
0.00010521592
0.00010214876
9.9084656e-05
9.6029823e-05
9.2990165e-05
8.997128e-05
8.6978445e-05
8.4016604e-05
8.1090362e-05
7.8203984e-05
7.5361389e-05
7.2566153e-05
6.9821513e-05
6.713037e-05
6.4495297e-05
6.1918552e-05
5.9402081e-05
5.6947533e-05
5.4556272e-05
5.2229385e-05
4.9967697e-05
4.7771782e-05
4.5641976e-05
4.3578391e-05
4.1580927e-05
3.964929e-05
3.7783007e-05
3.5981442e-05
3.4243815e-05
3.2569222e-05
3.0956647e-05
2.9404983e-05
2.7913038e-05
2.6479545e-05
2.5103167e-05
2.3782498e-05
2.2516068e-05
2.1302346e-05
2.0139739e-05
1.9026607e-05
1.7961263e-05
1.6941996e-05
1.5967091e-05
1.5034849e-05
1.4143612e-05
1.3291771e-05
1.2477768e-05
1.1700078e-05
1.095718e-05
1.0247552e-05
9.5696558e-06
8.9219328e-06
8.3027868e-06
7.7105691e-06
7.1435747e-06
6.6000547e-06
6.0782513e-06
5.5764554e-06
5.0930696e-06
4.6266347e-06
4.1757617e-06
3.7390035e-06
3.3147834e-06
2.9013938e-06
2.4971503e-06
2.0999558e-06
1.7086414e-06
1.3180318e-06
9.376661e-07
5.3142397e-07
2.2428591e-07
-6.5086179e-05
-6.1733392e-05
-5.8344166e-05
-5.4915127e-05
-5.1443682e-05
-4.7930963e-05
-4.4378899e-05
-4.0788762e-05
-3.7161664e-05
-3.3499003e-05
-2.980236e-05
-2.6073353e-05
-2.2313681e-05
-1.8525202e-05
-1.4709929e-05
-1.0870012e-05
-7.0077295e-06
-3.1255032e-06
7.7409504e-07
4.6883419e-06
8.6143633e-06
1.2549133e-05
1.6489473e-05
2.0432052e-05
2.4373384e-05
2.8309829e-05
3.2237594e-05
3.6152739e-05
4.0051176e-05
4.3928676e-05
4.7780869e-05
5.1603255e-05
5.5391208e-05
5.9139983e-05
6.2844729e-05
6.6500494e-05
7.0102239e-05
7.364485e-05
7.7123151e-05
8.0531919e-05
8.3865901e-05
8.7119828e-05
9.0288436e-05
9.3366482e-05
9.6348771e-05
9.9230168e-05
0.00010200563
0.00010467021
0.0001072191
0.00010964767
0.00011195143
0.00011412613
0.00011616773
0.00011807245
0.00011983677
0.00012145751
0.00012293177
0.00012425701
0.00012543105
0.00012645211
0.00012731879
0.0001280301
0.00012858548
0.00012898483
0.00012922845
0.00012931714
0.0001292521
0.00012903503
0.00012866806
0.00012815374
0.0001274951
0.00012669555
0.00012575892
0.00012468946
0.00012349173
0.0001221707
0.0001207316
0.00011918001
0.00011752173
0.00011576282
0.00011390954
0.00011196832
0.00010994572
0.0001078484
0.0001056831
0.00010345659
0.00010117564
9.8847007e-05
9.6477356e-05
9.4073283e-05
9.1641257e-05
8.9187602e-05
8.6718469e-05
8.4239816e-05
8.1757384e-05
7.9276683e-05
7.680297e-05
7.434124e-05
7.1896211e-05
6.9472316e-05
6.7073699e-05
6.4704204e-05
6.2367382e-05
6.0066485e-05
5.7804473e-05
5.5584016e-05
5.34075e-05
5.1277034e-05
4.9194455e-05
4.7161336e-05
4.5179e-05
4.3248523e-05
4.137075e-05
3.9546303e-05
3.7775596e-05
3.6058845e-05
3.4396085e-05
3.2787183e-05
3.1231854e-05
2.9729674e-05
2.8280097e-05
2.6882463e-05
2.5536006e-05
2.4239866e-05
2.2993092e-05
2.1794647e-05
2.0643414e-05
1.9538204e-05
1.8477761e-05
1.746077e-05
1.6485876e-05
1.5551695e-05
1.4656832e-05
1.3799901e-05
1.297953e-05
1.2194364e-05
1.1443061e-05
1.0724275e-05
1.0036646e-05
9.3787963e-06
8.7493198e-06
8.1467741e-06
7.5696716e-06
7.0164771e-06
6.4856186e-06
5.9755116e-06
5.4845959e-06
5.0113743e-06
4.5544288e-06
4.1123809e-06
3.6838176e-06
3.2672231e-06
2.8609713e-06
2.4634223e-06
2.072702e-06
1.6880524e-06
1.3039639e-06
9.2907178e-07
5.2779075e-07
2.240736e-07
-8.3231264e-05
-8.0478128e-05
-7.7688081e-05
-7.485968e-05
-7.1990622e-05
-6.9080888e-05
-6.61317e-05
-6.3144206e-05
-6.0119092e-05
-5.705684e-05
-5.3958068e-05
-5.0823711e-05
-4.7654893e-05
-4.4452779e-05
-4.1218572e-05
-3.795359e-05
-3.4659293e-05
-3.1337229e-05
-2.7988986e-05
-2.4616278e-05
-2.1221087e-05
-1.7805624e-05
-1.4372158e-05
-1.0922988e-05
-7.4605305e-06
-3.9873866e-06
-5.0631463e-07
2.9797969e-06
6.467931e-06
9.9549303e-06
1.3437495e-05
1.6912188e-05
2.0375439e-05
2.3823549e-05
2.7252694e-05
3.0658924e-05
3.4038176e-05
3.7386278e-05
4.0698957e-05
4.3971847e-05
4.7200503e-05
5.0380405e-05
5.3506976e-05
5.6575593e-05
5.9581601e-05
6.252033e-05
6.5387108e-05
6.8177282e-05
7.0886234e-05
7.35094e-05
7.6042292e-05
7.8480516e-05
8.0819792e-05
8.3055981e-05
8.5185099e-05
8.7203346e-05
8.9107123e-05
9.0893057e-05
9.2558018e-05
9.4099144e-05
9.5513859e-05
9.6799891e-05
9.7955291e-05
9.8978449e-05
9.9868108e-05
0.00010062338
0.00010124375
0.00010172909
0.00010207967
0.00010229615
0.00010237959
0.00010233146
0.00010215362
0.00010184829
0.00010141812
0.00010086609
0.00010019554
9.9410159e-05
9.8513956e-05
9.7511231e-05
9.6406564e-05
9.5204783e-05
9.3910946e-05
9.2530306e-05
9.1068287e-05
8.9530453e-05
8.792248e-05
8.6250123e-05
8.451919e-05
8.2735509e-05
8.0904903e-05
7.9033156e-05
7.7125992e-05
7.5189045e-05
7.3227836e-05
7.1247749e-05
6.9254011e-05
6.7251671e-05
6.5245581e-05
6.3240386e-05
6.1240502e-05
5.9250112e-05
5.7273156e-05
5.5313324e-05
5.3374064e-05
5.1458569e-05
4.9569783e-05
4.7710395e-05
4.5882841e-05
4.4089314e-05
4.2331764e-05
4.0611904e-05
3.8931222e-05
3.7290978e-05
3.5692226e-05
3.413581e-05
3.2622386e-05
3.1152425e-05
2.9726232e-05
2.834395e-05
2.7005579e-05
2.5710982e-05
2.4459895e-05
2.3251938e-05
2.2086616e-05
2.0963336e-05
1.9881403e-05
1.8840035e-05
1.7838367e-05
1.6875463e-05
1.5950326e-05
1.506191e-05
1.4209134e-05
1.3390897e-05
1.2606083e-05
1.185357e-05
1.1132221e-05
1.0440886e-05
9.7783899e-06
9.1435294e-06
8.5350683e-06
7.9517318e-06
7.392201e-06
6.8551139e-06
6.3390719e-06
5.8426576e-06
5.3644579e-06
4.9030867e-06
4.4571969e-06
4.0254515e-06
3.6064988e-06
3.1988848e-06
2.8011158e-06
2.4113672e-06
2.0279373e-06
1.6507821e-06
1.2742195e-06
9.0591691e-07
5.1138191e-07
2.1354387e-07
-9.1779623e-05
-8.956219e-05
-8.7194773e-05
-8.4904381e-05
-8.2694457e-05
-8.0390413e-05
-7.7917991e-05
-7.5372978e-05
-7.2850435e-05
-7.0361172e-05
-6.784504e-05
-6.5278384e-05
-6.2671206e-05
-6.0032892e-05
-5.736369e-05
-5.4661827e-05
-5.1927531e-05
-4.9162106e-05
-4.6366848e-05
-4.3543105e-05
-4.0692218e-05
-3.781533e-05
-3.4913602e-05
-3.1988517e-05
-2.9041808e-05
-2.6075266e-05
-2.3090726e-05
-2.0090144e-05
-1.70756e-05
-1.4049262e-05
-1.1013476e-05
-7.9707927e-06
-4.92385e-06
-1.8753503e-06
1.1718831e-06
4.2148766e-06
7.2505266e-06
1.0275618e-05
1.3286825e-05
1.6280712e-05
1.9253734e-05
2.2202244e-05
2.5122504e-05
2.8010693e-05
3.0862916e-05
3.3675208e-05
3.644355e-05
3.9163877e-05
4.1832095e-05
4.4444094e-05
4.6995758e-05
4.9482985e-05
5.1901704e-05
5.4247886e-05
5.6517569e-05
5.8706872e-05
6.0812014e-05
6.2829336e-05
6.4755317e-05
6.6586595e-05
6.8319987e-05
6.9952508e-05
7.148139e-05
7.2904098e-05
7.4218352e-05
7.5422139e-05
7.6513734e-05
7.7491706e-05
7.8354941e-05
7.9102646e-05
7.9734359e-05
8.0249959e-05
8.0649672e-05
8.093407e-05
8.1104077e-05
8.1160963e-05
8.1106345e-05
8.0942177e-05
8.0670744e-05
8.0294651e-05
7.9816809e-05
7.9240424e-05
7.8568973e-05
7.7806191e-05
7.6956049e-05
7.602273e-05
7.5010609e-05
7.3924225e-05
7.2768259e-05
7.1547505e-05
7.0266846e-05
6.8931228e-05
6.754563e-05
6.6115045e-05
6.4644447e-05
6.313877e-05
6.1602886e-05
6.0041578e-05
5.8459519e-05
5.6861254e-05
5.5251176e-05
5.3633516e-05
5.2012324e-05
5.0391467e-05
4.877463e-05
4.7165303e-05
4.5566775e-05
4.398212e-05
4.24142e-05
4.086566e-05
3.9338932e-05
3.7836232e-05
3.6359563e-05
3.491072e-05
3.3491294e-05
3.2102673e-05
3.0746053e-05
2.9422446e-05
2.8132685e-05
2.6877438e-05
2.5657211e-05
2.4472362e-05
2.3323108e-05
2.220953e-05
2.1131584e-05
2.0089109e-05
1.9081828e-05
1.8109365e-05
1.7171243e-05
1.62669e-05
1.5395698e-05
1.455693e-05
1.3749834e-05
1.2973602e-05
1.2227392e-05
1.1510325e-05
1.0821497e-05
1.0159966e-05
9.5247591e-06
8.9148644e-06
8.329229e-06
7.7667566e-06
7.2263055e-06
6.706689e-06
6.2066821e-06
5.7250317e-06
5.260473e-06
4.8117414e-06
4.377583e-06
3.9567232e-06
3.5478788e-06
3.1496681e-06
2.7608984e-06
2.3802104e-06
2.0054818e-06
1.6358357e-06
1.2658257e-06
9.0386029e-07
5.1565739e-07
2.2129099e-07
-9.3210586e-05
-9.1382394e-05
-8.9574425e-05
-8.7782621e-05
-8.5960739e-05
-8.4094548e-05
-8.2192546e-05
-8.0260792e-05
-7.8298485e-05
-7.6303632e-05
-7.4275847e-05
-7.2215907e-05
-7.0123822e-05
-6.800123e-05
-6.5845187e-05
-6.3680036e-05
-6.1535411e-05
-5.9347099e-05
-5.7034833e-05
-5.4640109e-05
-5.2258641e-05
-4.9902605e-05
-4.7526e-05
-4.5111022e-05
-4.2666077e-05
-4.0199077e-05
-3.7710863e-05
-3.5200707e-05
-3.2669466e-05
-3.0119141e-05
-2.7551728e-05
-2.4968753e-05
-2.2371753e-05
-1.97626e-05
-1.7143378e-05
-1.4516229e-05
-1.1883349e-05
-9.2470577e-06
-6.6098032e-06
-3.9740785e-06
-1.342499e-06
1.2820931e-06
3.8967477e-06
6.4984954e-06
9.0843014e-06
1.1651014e-05
1.4195376e-05
1.6714058e-05
1.9203669e-05
2.1660758e-05
2.408182e-05
2.6463306e-05
2.8801639e-05
3.1093225e-05
3.3334466e-05
3.552177e-05
3.7651571e-05
3.9720341e-05
4.1724607e-05
4.3660966e-05
4.5526104e-05
4.731681e-05
4.9029993e-05
5.0662704e-05
5.221215e-05
5.3675711e-05
5.5050957e-05
5.6335665e-05
5.7527835e-05
5.8625702e-05
5.9627751e-05
6.053273e-05
6.1339661e-05
6.204785e-05
6.2656891e-05
6.316668e-05
6.3577411e-05
6.3889584e-05
6.4104004e-05
6.4221778e-05
6.4244315e-05
6.4173315e-05
6.4010764e-05
6.3758926e-05
6.3420329e-05
6.2997749e-05
6.24942e-05
6.1912912e-05
6.1257317e-05
6.0531025e-05
5.9737805e-05
5.8881565e-05
5.7966326e-05
5.6996204e-05
5.597538e-05
5.4908086e-05
5.379857e-05
5.2651081e-05
5.146984e-05
5.0259013e-05
4.9022686e-05
4.7764824e-05
4.6489282e-05
4.5199848e-05
4.3900223e-05
4.2593969e-05
4.1284473e-05
3.9974965e-05
3.8668518e-05
3.7368044e-05
3.6076279e-05
3.4795778e-05
3.3528917e-05
3.2277888e-05
3.1044697e-05
2.9831164e-05
2.8638928e-05
2.7469447e-05
2.6324007e-05
2.5203728e-05
2.4109567e-05
2.3042326e-05
2.2002656e-05
2.0991068e-05
2.0007937e-05
1.9053512e-05
1.8127916e-05
1.7231161e-05
1.6363146e-05
1.5523675e-05
1.4712459e-05
1.3929125e-05
1.3173229e-05
1.2444262e-05
1.1741658e-05
1.1064799e-05
1.0413019e-05
9.7856053e-06
9.181797e-06
8.6007855e-06
8.0417129e-06
7.5036715e-06
6.985703e-06
6.4868004e-06
6.0059125e-06
5.5419511e-06
5.0938033e-06
4.6603335e-06
4.2404108e-06
3.8328383e-06
3.4364594e-06
3.0496254e-06
2.6714829e-06
2.3015593e-06
1.9373947e-06
1.5773077e-06
1.2162272e-06
8.6271904e-07
4.843547e-07
1.9976618e-07
-8.9402021e-05
-8.8058804e-05
-8.6689471e-05
-8.529433e-05
-8.3872577e-05
-8.2422764e-05
-8.0947544e-05
-7.9439203e-05
-7.7932348e-05
-7.6392658e-05
-7.4774138e-05
-7.3137228e-05
-7.149459e-05
-6.9827723e-05
-6.8127691e-05
-6.6397194e-05
-6.4639351e-05
-6.285422e-05
-6.1041191e-05
-5.9200487e-05
-5.7332706e-05
-5.5438198e-05
-5.3517203e-05
-5.1569881e-05
-4.9597468e-05
-4.7599271e-05
-4.5586562e-05
-4.3573782e-05
-4.1506081e-05
-3.937754e-05
-3.7251498e-05
-3.5125899e-05
-3.2980801e-05
-3.0812433e-05
-2.862648e-05
-2.6426782e-05
-2.4214238e-05
-2.1989628e-05
-1.9754455e-05
-1.7510716e-05
-1.5260665e-05
-1.3006274e-05
-1.0749393e-05
-8.4921256e-06
-6.236827e-06
-3.9859275e-06
-1.7418827e-06
4.9277372e-07
2.7154015e-06
4.923268e-06
7.1135693e-06
9.2834356e-06
1.1429934e-05
1.3550075e-05
1.5640819e-05
1.7699091e-05
1.9721788e-05
2.1705788e-05
2.3647965e-05
2.5545196e-05
2.7394375e-05
2.9192429e-05
3.0936336e-05
3.2623135e-05
3.424994e-05
3.5813953e-05
3.7312485e-05
3.8742967e-05
4.0102968e-05
4.1390209e-05
4.2602575e-05
4.3738134e-05
4.4795146e-05
4.5772082e-05
4.6667626e-05
4.7480696e-05
4.8210448e-05
4.8856284e-05
4.941786e-05
4.9895094e-05
5.0288163e-05
5.0597511e-05
5.0823847e-05
5.096814e-05
5.1031622e-05
5.1015773e-05
5.0922322e-05
5.0753232e-05
5.0510692e-05
5.0197102e-05
4.9815063e-05
4.9367362e-05
4.8856952e-05
4.8286939e-05
4.7660562e-05
4.6981174e-05
4.625222e-05
4.5477221e-05
4.4659738e-05
4.3803371e-05
4.2911722e-05
4.1988191e-05
4.1036037e-05
4.005866e-05
3.9059604e-05
3.8042354e-05
3.7010226e-05
3.5966393e-05
3.4913924e-05
3.3855784e-05
3.2794823e-05
3.1733755e-05
3.067516e-05
2.9621465e-05
2.8574944e-05
2.7537705e-05
2.6511699e-05
2.5498716e-05
2.4500389e-05
2.3518195e-05
2.2553463e-05
2.1607368e-05
2.0680936e-05
1.9775048e-05
1.8890454e-05
1.8027767e-05
1.7187478e-05
1.6369952e-05
1.5575441e-05
1.4804087e-05
1.4055935e-05
1.333093e-05
1.2628937e-05
1.1949738e-05
1.1293043e-05
1.0658497e-05
1.004568e-05
9.4541125e-06
8.8832556e-06
8.3325122e-06
7.8012271e-06
7.2886876e-06
6.7941243e-06
6.3167126e-06
5.8555773e-06
5.4097961e-06
4.97841e-06
4.5604144e-06
4.154805e-06
3.7605218e-06
3.3767829e-06
3.0024593e-06
2.6361088e-06
2.2763485e-06
1.9210727e-06
1.5694245e-06
1.2166363e-06
8.7131873e-07
4.9998196e-07
2.1779734e-07
-8.3005043e-05
-8.1984507e-05
-8.0942454e-05
-7.9879306e-05
-7.8794389e-05
-7.7687124e-05
-7.6557267e-05
-7.5404651e-05
-7.4229052e-05
-7.3030189e-05
-7.1807843e-05
-7.0561892e-05
-6.9292174e-05
-6.7998428e-05
-6.6680656e-05
-6.5338273e-05
-6.3972921e-05
-6.2579957e-05
-6.1181083e-05
-5.97602e-05
-5.8279204e-05
-5.6770569e-05
-5.5255617e-05
-5.3723466e-05
-5.216453e-05
-5.0579404e-05
-4.8971096e-05
-4.73405e-05
-4.5687344e-05
-4.4011875e-05
-4.2314843e-05
-4.059686e-05
-3.8858384e-05
-3.7100258e-05
-3.5322806e-05
-3.3528794e-05
-3.1715233e-05
-2.9912128e-05
-2.8086975e-05
-2.6200834e-05
-2.4309654e-05
-2.2429215e-05
-2.0543514e-05
-1.8644756e-05
-1.6736752e-05
-1.4824232e-05
-1.2909125e-05
-1.0992499e-05
-9.0760516e-06
-7.1619612e-06
-5.2524384e-06
-3.3496557e-06
-1.4558456e-06
4.2665877e-07
2.2954443e-06
4.1480405e-06
5.9819215e-06
7.794506e-06
9.5832263e-06
1.1345511e-05
1.3078652e-05
1.4779854e-05
1.6446382e-05
1.8075573e-05
1.9664771e-05
2.1211315e-05
2.271258e-05
2.4166002e-05
2.5569086e-05
2.6919416e-05
2.8214665e-05
2.9452613e-05
3.0631157e-05
3.1748328e-05
3.2802304e-05
3.3791415e-05
3.4714165e-05
3.5569236e-05
3.6355502e-05
3.7072035e-05
3.7718117e-05
3.8293244e-05
3.8797136e-05
3.9229736e-05
3.9591219e-05
3.9881992e-05
4.010269e-05
4.0254174e-05
4.0337526e-05
4.0354042e-05
4.0305227e-05
4.0192792e-05
4.0018641e-05
3.9784866e-05
3.9493733e-05
3.9147678e-05
3.8749284e-05
3.8301294e-05
3.7806548e-05
3.7268128e-05
3.6688531e-05
3.6069842e-05
3.5414815e-05
3.4726781e-05
3.4008834e-05
3.3263879e-05
3.2494877e-05
3.170483e-05
3.0896681e-05
3.0073282e-05
2.9237413e-05
2.8391793e-05
2.7539066e-05
2.6681758e-05
2.5822254e-05
2.4962799e-05
2.4105511e-05
2.3252377e-05
2.2405249e-05
2.1565848e-05
2.0735763e-05
1.9916439e-05
1.910919e-05
1.8315197e-05
1.753552e-05
1.6771085e-05
1.6022692e-05
1.5291019e-05
1.4576629e-05
1.3879971e-05
1.3201388e-05
1.2541124e-05
1.1899326e-05
1.1276054e-05
1.0671284e-05
1.0084914e-05
9.5167684e-06
8.9665993e-06
8.4340904e-06
7.918858e-06
7.4204519e-06
6.9383567e-06
6.4719929e-06
6.0207192e-06
5.5838373e-06
5.1605912e-06
4.7501916e-06
4.3517529e-06
3.964422e-06
3.5868141e-06
3.218741e-06
2.8601278e-06
2.5089391e-06
2.1629738e-06
1.8205331e-06
1.4812715e-06
1.1406404e-06
8.0679158e-07
4.4986557e-07
1.8266159e-07
-7.4233817e-05
-7.3472616e-05
-7.2694189e-05
-7.1899203e-05
-7.1087059e-05
-7.0257138e-05
-6.9409168e-05
-6.8542975e-05
-6.7658324e-05
-6.6754939e-05
-6.5832549e-05
-6.4890907e-05
-6.3929802e-05
-6.2949032e-05
-6.1948389e-05
-6.0927671e-05
-5.98867e-05
-5.8825312e-05
-5.7743367e-05
-5.6640711e-05
-5.5517233e-05
-5.4372924e-05
-5.3207746e-05
-5.2021616e-05
-5.0814501e-05
-4.9586441e-05
-4.8337516e-05
-4.7067821e-05
-4.5777466e-05
-4.4466577e-05
-4.3135362e-05
-4.178413e-05
-4.0413208e-05
-3.902293e-05
-3.7613676e-05
-3.6185904e-05
-3.4740115e-05
-3.3276886e-05
-3.1796683e-05
-3.0300216e-05
-2.8788607e-05
-2.7262675e-05
-2.5723054e-05
-2.4170623e-05
-2.2606509e-05
-2.1031879e-05
-1.94479e-05
-1.7855803e-05
-1.6256922e-05
-1.4652678e-05
-1.3044565e-05
-1.1434147e-05
-9.823064e-06
-8.2130323e-06
-6.6058435e-06
-5.003349e-06
-3.40748e-06
-1.8201246e-06
-2.4323765e-07
1.320822e-06
2.8696855e-06
4.4013095e-06
5.913634e-06
7.4043684e-06
8.8711322e-06
1.0311594e-05
1.1723459e-05
1.3104427e-05
1.4452188e-05
1.5764456e-05
1.7038984e-05
1.8273574e-05
1.946608e-05
2.0614427e-05
2.1716618e-05
2.2770749e-05
2.3775021e-05
2.4727748e-05
2.5627374e-05
2.6472479e-05
2.7261794e-05
2.7994207e-05
2.8668778e-05
2.9284746e-05
2.9841528e-05
3.033872e-05
3.0776093e-05
3.1153599e-05
3.147138e-05
3.1729776e-05
3.1929336e-05
3.2070805e-05
3.215512e-05
3.2183414e-05
3.2156987e-05
3.2077394e-05
3.1946204e-05
3.1765811e-05
3.1536865e-05
3.1268462e-05
3.09603e-05
3.0605466e-05
3.0205417e-05
2.9767499e-05
2.929629e-05
2.8793554e-05
2.8260869e-05
2.7700538e-05
2.7115177e-05
2.6507348e-05
2.5879581e-05
2.5234452e-05
2.4574537e-05
2.3902302e-05
2.3220078e-05
2.2530099e-05
2.1834512e-05
2.1135334e-05
2.0434517e-05
1.9733965e-05
1.9035437e-05
1.8340515e-05
1.7650668e-05
1.6967286e-05
1.6291657e-05
1.562494e-05
1.4968172e-05
1.4322279e-05
1.3688079e-05
1.306628e-05
1.2457485e-05
1.1862192e-05
1.1280807e-05
1.0713639e-05
1.016091e-05
9.6227578e-06
9.0992371e-06
8.5903252e-06
8.0959229e-06
7.6158561e-06
7.1498772e-06
6.6976661e-06
6.2588314e-06
5.8329122e-06
5.4193828e-06
5.0176503e-06
4.627096e-06
4.2470562e-06
3.8771088e-06
3.5164778e-06
3.1641968e-06
2.81918e-06
2.4799554e-06
2.1452419e-06
1.8135805e-06
1.4846857e-06
1.1536775e-06
8.2974453e-07
4.8056039e-07
2.1205973e-07
-6.5527958e-05
-6.4966604e-05
-6.4391857e-05
-6.3804053e-05
-6.3202895e-05
-6.2587963e-05
-6.1958974e-05
-6.1315719e-05
-6.0657967e-05
-5.9985469e-05
-5.9297974e-05
-5.8595242e-05
-5.7877041e-05
-5.714314e-05
-5.6393314e-05
-5.5627343e-05
-5.4845017e-05
-5.4046133e-05
-5.3230498e-05
-5.239793e-05
-5.1548244e-05
-5.068127e-05
-4.9796872e-05
-4.8894943e-05
-4.7975372e-05
-4.7038059e-05
-4.6082925e-05
-4.5109922e-05
-4.4119023e-05
-4.3110226e-05
-4.2083549e-05
-4.103906e-05
-3.9976796e-05
-3.8897019e-05
-3.779943e-05
-3.6685754e-05
-3.5551995e-05
-3.4417436e-05
-3.3262401e-05
-3.2064341e-05
-3.0858027e-05
-2.964775e-05
-2.8423874e-05
-2.7183081e-05
-2.5927709e-05
-2.4659911e-05
-2.3380322e-05
-2.208931e-05
-2.0787652e-05
-1.9476361e-05
-1.8156475e-05
-1.6829006e-05
-1.5495145e-05
-1.4155805e-05
-1.2813205e-05
-1.1466238e-05
-1.0129022e-05
-8.7990756e-06
-7.4462652e-06
-6.0851665e-06
-4.7428205e-06
-3.415295e-06
-2.0946871e-06
-7.816361e-07
5.1975483e-07
1.8067295e-06
3.0777629e-06
4.3312484e-06
5.5652054e-06
6.7775634e-06
7.9663209e-06
9.1295167e-06
1.026519e-05
1.1371383e-05
1.244617e-05
1.3487661e-05
1.4494018e-05
1.5463455e-05
1.6394256e-05
1.7284776e-05
1.8133458e-05
1.8938831e-05
1.9699535e-05
2.0414409e-05
2.1082541e-05
2.1703191e-05
2.2275723e-05
2.2799547e-05
2.3274096e-05
2.3698912e-05
2.4073747e-05
2.4398571e-05
2.4673535e-05
2.4898939e-05
2.5075254e-05
2.5203027e-05
2.5283148e-05
2.5316037e-05
2.5308792e-05
2.5271321e-05
2.5194342e-05
2.5066366e-05
2.4891959e-05
2.4671779e-05
2.4413785e-05
2.4122615e-05
2.3799364e-05
2.3445053e-05
2.3061515e-05
2.2650785e-05
2.2215041e-05
2.1756892e-05
2.1278933e-05
2.0783293e-05
2.0271866e-05
1.9746671e-05
1.9209795e-05
1.866302e-05
1.8108114e-05
1.7547083e-05
1.6981795e-05
1.6413872e-05
1.5844858e-05
1.5276269e-05
1.4709536e-05
1.4145968e-05
1.3586755e-05
1.303299e-05
1.2485671e-05
1.1945697e-05
1.141387e-05
1.0890891e-05
1.0377373e-05
9.8738366e-06
9.3807129e-06
8.8983484e-06
8.4270062e-06
7.9668678e-06
7.518035e-06
7.0805306e-06
6.6542992e-06
6.2392065e-06
5.835042e-06
5.4415163e-06
5.0582756e-06
4.6848466e-06
4.3207519e-06
3.9650123e-06
3.6179963e-06
3.2801867e-06
2.9497494e-06
2.6247705e-06
2.3042702e-06
1.9875074e-06
1.6730832e-06
1.3607198e-06
1.046392e-06
7.3766262e-07
4.0808567e-07
1.6287959e-07
-5.5722075e-05
-5.5316657e-05
-5.4900953e-05
-5.4475555e-05
-5.4040149e-05
-5.3594279e-05
-5.3137695e-05
-5.2670239e-05
-5.2191717e-05
-5.1701902e-05
-5.1200566e-05
-5.0687494e-05
-5.0162469e-05
-4.9625278e-05
-4.9075705e-05
-4.8513538e-05
-4.7938567e-05
-4.7350588e-05
-4.6749398e-05
-4.61348e-05
-4.5506603e-05
-4.4864622e-05
-4.4208678e-05
-4.3538603e-05
-4.2854235e-05
-4.2155425e-05
-4.1442033e-05
-4.0713933e-05
-3.9971011e-05
-3.9213171e-05
-3.8440329e-05
-3.7652423e-05
-3.6849407e-05
-3.6031258e-05
-3.5197974e-05
-3.4349577e-05
-3.3486112e-05
-3.2607658e-05
-3.1714277e-05
-3.0806112e-05
-2.9883431e-05
-2.8946425e-05
-2.7995265e-05
-2.7030215e-05
-2.6051617e-05
-2.5059848e-05
-2.4055305e-05
-2.3038434e-05
-2.2009732e-05
-2.0969751e-05
-1.991909e-05
-1.88584e-05
-1.7788388e-05
-1.6709811e-05
-1.5623483e-05
-1.4530208e-05
-1.3430743e-05
-1.2325925e-05
-1.1217027e-05
-1.0105771e-05
-8.9934389e-06
-7.8807223e-06
-6.7685946e-06
-5.6585314e-06
-4.5520917e-06
-3.4507035e-06
-2.3557742e-06
-1.2688033e-06
-1.9136772e-07
8.7492665e-07
1.9284589e-06
2.9675848e-06
3.9906368e-06
4.9959318e-06
5.9817815e-06
6.9464983e-06
7.8884026e-06
8.8058297e-06
9.6971386e-06
1.0560721e-05
1.1395017e-05
1.2198553e-05
1.2970106e-05
1.3708648e-05
1.4413006e-05
1.5081863e-05
1.5713834e-05
1.6307548e-05
1.6861925e-05
1.7376251e-05
1.7849947e-05
1.8282429e-05
1.8673084e-05
1.9021526e-05
1.9327042e-05
1.9591289e-05
1.9816723e-05
2.0003306e-05
2.0154557e-05
2.0267938e-05
2.0344042e-05
2.0383439e-05
2.0385611e-05
2.0347777e-05
2.0271235e-05
2.0158238e-05
2.0010046e-05
1.9827548e-05
1.9611819e-05
1.9364859e-05
1.9088987e-05
1.8787778e-05
1.8464386e-05
1.8120354e-05
1.7756991e-05
1.7376097e-05
1.6978777e-05
1.65665e-05
1.6142069e-05
1.5707222e-05
1.5262951e-05
1.481062e-05
1.4351946e-05
1.3888567e-05
1.3421937e-05
1.2953402e-05
1.2484239e-05
1.2015651e-05
1.1548753e-05
1.1084568e-05
1.0624032e-05
1.0167999e-05
9.7172367e-06
9.2724303e-06
8.8341814e-06
8.4030096e-06
7.9793542e-06
7.5635749e-06
7.1559518e-06
6.7566852e-06
6.365894e-06
5.9836146e-06
5.6098039e-06
5.2443406e-06
4.8870491e-06
4.537707e-06
4.1962144e-06
3.8622711e-06
3.5354534e-06
3.21509e-06
2.9001149e-06
2.5896115e-06
2.2828302e-06
1.9789935e-06
1.676571e-06
1.3756071e-06
1.0729789e-06
7.7567208e-07
4.5193574e-07
2.0070257e-07
-4.7800728e-05
-4.7508825e-05
-4.7209263e-05
-4.6902185e-05
-4.6587551e-05
-4.6265136e-05
-4.5934713e-05
-4.5596106e-05
-4.5249145e-05
-4.4893653e-05
-4.452944e-05
-4.4156321e-05
-4.3774108e-05
-4.3382615e-05
-4.2981653e-05
-4.2571033e-05
-4.2150568e-05
-4.1720069e-05
-4.1279349e-05
-4.0828222e-05
-4.0366506e-05
-3.9894018e-05
-3.941058e-05
-3.8916017e-05
-3.8410157e-05
-3.7892835e-05
-3.736389e-05
-3.6823169e-05
-3.6270523e-05
-3.5705814e-05
-3.5128912e-05
-3.4539697e-05
-3.393806e-05
-3.3323903e-05
-3.2697144e-05
-3.2057713e-05
-3.1405556e-05
-3.0740637e-05
-3.006294e-05
-2.9372447e-05
-2.8669169e-05
-2.7953172e-05
-2.7224542e-05
-2.6483373e-05
-2.5729776e-05
-2.4963903e-05
-2.4185938e-05
-2.3396098e-05
-2.2594634e-05
-2.1781816e-05
-2.095801e-05
-2.0123444e-05
-1.9279047e-05
-1.842431e-05
-1.7568467e-05
-1.672686e-05
-1.5882713e-05
-1.4994227e-05
-1.4055318e-05
-1.3117849e-05
-1.2210243e-05
-1.1308336e-05
-1.0396336e-05
-9.4772606e-06
-8.5570299e-06
-7.6373274e-06
-6.7180511e-06
-5.7998426e-06
-4.8840565e-06
-3.9720701e-06
-3.0651145e-06
-2.1644174e-06
-1.2712787e-06
-3.8704975e-07
4.8689861e-07
1.3491809e-06
2.1983956e-06
3.0331268e-06
3.8519314e-06
4.6532629e-06
5.4346631e-06
6.186987e-06
6.906173e-06
7.6011128e-06
8.2766983e-06
8.9371026e-06
9.5838306e-06
1.0207873e-05
1.0800639e-05
1.1360512e-05
1.1888737e-05
1.2385948e-05
1.2851996e-05
1.3286868e-05
1.369084e-05
1.4065372e-05
1.440866e-05
1.4717246e-05
1.4984466e-05
1.5204301e-05
1.5386625e-05
1.5541492e-05
1.566602e-05
1.5762649e-05
1.5827183e-05
1.5859045e-05
1.5861469e-05
1.5834599e-05
1.5768108e-05
1.5657593e-05
1.5517795e-05
1.5360542e-05
1.5182357e-05
1.498072e-05
1.4754986e-05
1.4515667e-05
1.4256718e-05
1.396994e-05
1.3669972e-05
1.3359457e-05
1.3036275e-05
1.2700679e-05
1.2354753e-05
1.2000463e-05
1.1639127e-05
1.1271838e-05
1.0899773e-05
1.0524148e-05
1.0146113e-05
9.7667297e-06
9.3869864e-06
9.0078135e-06
8.6300754e-06
8.2545642e-06
7.8819996e-06
7.5130284e-06
7.1482259e-06
6.7880954e-06
6.4330683e-06
6.0834993e-06
5.7396556e-06
5.401711e-06
5.0697542e-06
4.7437616e-06
4.4236457e-06
4.1089957e-06
3.8002632e-06
3.4986216e-06
3.2027989e-06
2.9112376e-06
2.6233472e-06
2.3387487e-06
2.0567332e-06
1.7765332e-06
1.4969786e-06
1.2180178e-06
9.3635652e-07
6.5870682e-07
3.6264285e-07
1.4389217e-07
-3.872455e-05
-3.8521297e-05
-3.8312335e-05
-3.8098158e-05
-3.7878608e-05
-3.7653373e-05
-3.7422275e-05
-3.718521e-05
-3.6942054e-05
-3.6692655e-05
-3.6436857e-05
-3.6174509e-05
-3.5905459e-05
-3.5629555e-05
-3.5346639e-05
-3.5056554e-05
-3.475914e-05
-3.4454239e-05
-3.4141688e-05
-3.3821327e-05
-3.3492994e-05
-3.3156527e-05
-3.2811766e-05
-3.2458549e-05
-3.2096717e-05
-3.1726113e-05
-3.1346579e-05
-3.0957964e-05
-3.0560116e-05
-3.0152889e-05
-2.9736141e-05
-2.9309732e-05
-2.8873532e-05
-2.8427415e-05
-2.7971261e-05
-2.7504961e-05
-2.7028411e-05
-2.6541521e-05
-2.6044208e-05
-2.5536404e-05
-2.501805e-05
-2.4489105e-05
-2.394954e-05
-2.3399345e-05
-2.2838525e-05
-2.2267105e-05
-2.1685131e-05
-2.109267e-05
-2.0489811e-05
-1.9876669e-05
-1.9253385e-05
-1.8620125e-05
-1.7977085e-05
-1.7324491e-05
-1.6662596e-05
-1.5991641e-05
-1.531183e-05
-1.4623499e-05
-1.3927294e-05
-1.3223955e-05
-1.2513892e-05
-1.1797303e-05
-1.1074632e-05
-1.0346589e-05
-9.613904e-06
-8.8772464e-06
-8.1373068e-06
-7.3948514e-06
-6.650706e-06
-5.9057335e-06
-5.16083e-06
-4.4169333e-06
-3.6750226e-06
-2.936117e-06
-2.2012711e-06
-1.4715745e-06
-7.481486e-07
-3.2144051e-08
6.7527779e-07
1.37299e-06
2.0598773e-06
2.7347743e-06
3.396595e-06
4.0443128e-06
4.6767374e-06
5.2924872e-06
5.8906399e-06
6.4702518e-06
7.0303109e-06
7.5700009e-06
8.0886772e-06
8.5857449e-06
9.0607494e-06
9.513297e-06
9.9435939e-06
1.0350029e-05
1.07299e-05
1.1080368e-05
1.1398437e-05
1.1682121e-05
1.1931749e-05
1.2152741e-05
1.234732e-05
1.2514831e-05
1.2652166e-05
1.2754259e-05
1.2826904e-05
1.2882402e-05
1.2921076e-05
1.2934692e-05
1.2919355e-05
1.2875986e-05
1.2806804e-05
1.2714114e-05
1.259884e-05
1.2461874e-05
1.2303785e-05
1.2125692e-05
1.1929737e-05
1.1717079e-05
1.1488264e-05
1.1244198e-05
1.0986215e-05
1.0717183e-05
1.0438757e-05
1.015172e-05
9.8569253e-06
9.5554506e-06
9.2483858e-06
8.936743e-06
8.6214805e-06
8.3035241e-06
7.9837595e-06
7.6630202e-06
7.3420834e-06
7.0216677e-06
6.7024341e-06
6.384981e-06
6.0698534e-06
5.7575395e-06
5.4484435e-06
5.1428788e-06
4.8410786e-06
4.5432133e-06
4.2494028e-06
3.9597766e-06
3.6744498e-06
3.3932979e-06
3.1157325e-06
2.8412522e-06
2.5695552e-06
2.3002175e-06
2.0325748e-06
1.7659192e-06
1.499362e-06
1.2330389e-06
9.6303477e-07
6.9610423e-07
4.0446534e-07
1.7788358e-07
-3.306876e-05
-3.292433e-05
-3.2775818e-05
-3.2623154e-05
-3.2466462e-05
-3.2305685e-05
-3.2140667e-05
-3.1971272e-05
-3.1797393e-05
-3.1618925e-05
-3.1435752e-05
-3.1247753e-05
-3.1054805e-05
-3.0856786e-05
-3.0653572e-05
-3.0445036e-05
-3.0231048e-05
-3.001148e-05
-2.9786198e-05
-2.9555069e-05
-2.931796e-05
-2.9074734e-05
-2.8825255e-05
-2.8569386e-05
-2.8306988e-05
-2.8037923e-05
-2.7762055e-05
-2.7479244e-05
-2.7189354e-05
-2.6892249e-05
-2.6587795e-05
-2.6275858e-05
-2.5956308e-05
-2.5629018e-05
-2.5293861e-05
-2.4950719e-05
-2.4599474e-05
-2.4240015e-05
-2.3872236e-05
-2.3496038e-05
-2.3111329e-05
-2.2718023e-05
-2.2316046e-05
-2.1905331e-05
-2.1485823e-05
-2.1057477e-05
-2.0620263e-05
-2.0174161e-05
-1.9719169e-05
-1.9255299e-05
-1.8782579e-05
-1.8301056e-05
-1.7810797e-05
-1.7311888e-05
-1.6804437e-05
-1.6288579e-05
-1.5764456e-05
-1.5232178e-05
-1.4691862e-05
-1.4143737e-05
-1.3588171e-05
-1.3025549e-05
-1.245618e-05
-1.188037e-05
-1.1298484e-05
-1.071095e-05
-1.0118224e-05
-9.5207822e-06
-8.9191331e-06
-8.3138208e-06
-7.7054227e-06
-7.0945474e-06
-6.4818306e-06
-5.8679409e-06
-5.2535603e-06
-4.6394457e-06
-4.0263107e-06
-3.4158651e-06
-2.8125698e-06
-2.2176815e-06
-1.6279264e-06
-1.0421967e-06
-4.616087e-07
1.1229751e-07
6.7841031e-07
1.2361539e-06
1.7852032e-06
2.3240332e-06
2.8510544e-06
3.3649521e-06
3.8644726e-06
4.3482474e-06
4.8147641e-06
5.2623267e-06
5.6891281e-06
6.0931093e-06
6.4754298e-06
6.8390545e-06
7.184283e-06
7.5100433e-06
7.8154186e-06
8.099519e-06
8.3613541e-06
8.6005903e-06
8.8149542e-06
9.0027525e-06
9.1681803e-06
9.3129621e-06
9.4373762e-06
9.5395702e-06
9.6161558e-06
9.666905e-06
9.6927697e-06
9.6944952e-06
9.6750273e-06
9.6359139e-06
9.5775817e-06
9.5003905e-06
9.4050826e-06
9.2927289e-06
9.1643322e-06
9.0207636e-06
8.8629312e-06
8.6920888e-06
8.5093139e-06
8.3155253e-06
8.111654e-06
7.8986734e-06
7.6775559e-06
7.4492465e-06
7.214664e-06
6.9746997e-06
6.7302133e-06
6.4820265e-06
6.230921e-06
5.9776367e-06
5.7228791e-06
5.467322e-06
5.2116308e-06
4.9563357e-06
4.7018395e-06
4.4485003e-06
4.1965844e-06
3.9463616e-06
3.6976711e-06
3.4517689e-06
3.208814e-06
2.967734e-06
2.7280763e-06
2.4898102e-06
2.2527408e-06
2.0164521e-06
1.7803975e-06
1.5440381e-06
1.3064715e-06
1.0676137e-06
8.2455076e-07
5.8376572e-07
3.2547749e-07
1.3287447e-07
-2.4996927e-05
-2.4901925e-05
-2.4803918e-05
-2.4703359e-05
-2.4600156e-05
-2.4494088e-05
-2.438504e-05
-2.4272964e-05
-2.4157791e-05
-2.4039432e-05
-2.3917793e-05
-2.3792783e-05
-2.3664313e-05
-2.3532289e-05
-2.3396614e-05
-2.3257192e-05
-2.3113922e-05
-2.2966703e-05
-2.2815432e-05
-2.2660005e-05
-2.2500313e-05
-2.233625e-05
-2.2167705e-05
-2.1994568e-05
-2.1816725e-05
-2.1634064e-05
-2.144647e-05
-2.1253827e-05
-2.1056018e-05
-2.0852929e-05
-2.0644441e-05
-2.0430439e-05
-2.0210804e-05
-1.9985422e-05
-1.9754179e-05
-1.9516967e-05
-1.9273675e-05
-1.9024193e-05
-1.8768412e-05
-1.850623e-05
-1.8237544e-05
-1.7962259e-05
-1.7680281e-05
-1.7391523e-05
-1.7095904e-05
-1.6793348e-05
-1.6483786e-05
-1.6167159e-05
-1.5843413e-05
-1.5512508e-05
-1.5174409e-05
-1.4829095e-05
-1.4476558e-05
-1.4116801e-05
-1.374984e-05
-1.3375709e-05
-1.2994454e-05
-1.2606142e-05
-1.2210855e-05
-1.1808698e-05
-1.1399793e-05
-1.0984284e-05
-1.0562333e-05
-1.0134129e-05
-9.6998816e-06
-9.2598284e-06
-8.8142303e-06
-8.3633749e-06
-7.9075762e-06
-7.4471756e-06
-6.9825417e-06
-6.5140711e-06
-6.0421871e-06
-5.5673408e-06
-5.090009e-06
-4.6106948e-06
-4.1299238e-06
-3.648243e-06
-3.1662057e-06
-2.684341e-06
-2.2031807e-06
-1.7233196e-06
-1.2453972e-06
-7.7009398e-07
-2.9822646e-07
1.6938255e-07
6.3149683e-07
1.0870405e-06
1.5351299e-06
1.9748783e-06
2.4053246e-06
2.8254597e-06
3.2342466e-06
3.6306104e-06
4.013424e-06
4.3814892e-06
4.7337771e-06
5.070723e-06
5.3930716e-06
5.7001714e-06
5.9909254e-06
6.2645973e-06
6.5207656e-06
6.7590622e-06
6.9790773e-06
7.1805005e-06
7.363179e-06
7.5270061e-06
7.6718297e-06
7.7974332e-06
7.9036162e-06
7.990387e-06
8.0578501e-06
8.1062476e-06
8.1362259e-06
8.1482765e-06
8.1428356e-06
8.1203655e-06
8.0814078e-06
8.0266247e-06
7.956781e-06
7.8726857e-06
7.775085e-06
7.6633408e-06
7.537785e-06
7.39953e-06
7.2496645e-06
7.08908e-06
6.9186215e-06
6.7391584e-06
6.5515619e-06
6.3566762e-06
6.1553139e-06
5.9482533e-06
5.7362335e-06
5.5199319e-06
5.2999838e-06
5.076904e-06
4.8519697e-06
4.6259458e-06
4.3991858e-06
4.1720399e-06
3.9448816e-06
3.7180265e-06
3.4916306e-06
3.2659793e-06
3.0411707e-06
2.8171712e-06
2.5940238e-06
2.3716365e-06
2.1497127e-06
1.9278905e-06
1.7057701e-06
1.4830024e-06
1.2588737e-06
1.0328975e-06
8.0211555e-07
5.7264284e-07
3.2425957e-07
1.3511379e-07
-2.2328167e-05
-2.2259344e-05
-2.2188441e-05
-2.2115172e-05
-2.203981e-05
-2.1962446e-05
-2.1882966e-05
-2.1801256e-05
-2.1717253e-05
-2.1630907e-05
-2.1542155e-05
-2.1450926e-05
-2.1357148e-05
-2.126075e-05
-2.1161659e-05
-2.10598e-05
-2.0955096e-05
-2.084747e-05
-2.073684e-05
-2.0623126e-05
-2.0506243e-05
-2.0386107e-05
-2.026263e-05
-2.0135726e-05
-2.0005303e-05
-1.9871271e-05
-1.9733538e-05
-1.9592008e-05
-1.9446588e-05
-1.9297181e-05
-1.914369e-05
-1.8986016e-05
-1.8824061e-05
-1.8657726e-05
-1.8486911e-05
-1.8311516e-05
-1.8131443e-05
-1.7946592e-05
-1.7756862e-05
-1.7562157e-05
-1.7362378e-05
-1.715743e-05
-1.6947218e-05
-1.6731652e-05
-1.651064e-05
-1.6284098e-05
-1.605194e-05
-1.581409e-05
-1.5570471e-05
-1.5321014e-05
-1.5065654e-05
-1.4804334e-05
-1.4537003e-05
-1.4263617e-05
-1.398414e-05
-1.3698546e-05
-1.3406819e-05
-1.3108953e-05
-1.2804953e-05
-1.2494837e-05
-1.2178638e-05
-1.18564e-05
-1.1528186e-05
-1.1194072e-05
-1.0854155e-05
-1.0508546e-05
-1.0157379e-05
-9.8008072e-06
-9.439005e-06
-9.0721698e-06
-8.7005238e-06
-8.3243133e-06
-7.943812e-06
-7.5593208e-06
-7.1711719e-06
-6.7797287e-06
-6.3853889e-06
-5.9885861e-06
-5.5897911e-06
-5.189505e-06
-4.7882499e-06
-4.3865646e-06
-3.9850206e-06
-3.5839921e-06
-3.183763e-06
-2.7849103e-06
-2.3881072e-06
-1.9939909e-06
-1.6031857e-06
-1.2163445e-06
-8.3414712e-07
-4.572855e-07
-8.6453693e-08
2.7765525e-07
6.3435962e-07
9.8299983e-07
1.3229614e-06
1.6536718e-06
1.9745573e-06
2.2850173e-06
2.5844584e-06
2.8723181e-06
3.1480657e-06
3.4111914e-06
3.661221e-06
3.8977076e-06
4.1202998e-06
4.3287261e-06
4.5228061e-06
4.7023482e-06
4.8672466e-06
5.0174393e-06
5.1529325e-06
5.2738679e-06
5.3774014e-06
5.462737e-06
5.531987e-06
5.5862881e-06
5.62564e-06
5.650035e-06
5.6597974e-06
5.6553653e-06
5.6371496e-06
5.60556e-06
5.561143e-06
5.5045339e-06
5.4363578e-06
5.357218e-06
5.2677314e-06
5.168538e-06
5.0602891e-06
4.9436366e-06
4.819232e-06
4.6877236e-06
4.5497518e-06
4.4059327e-06
4.2568577e-06
4.1030877e-06
3.945328e-06
3.7842132e-06
3.6203263e-06
3.4540942e-06
3.2858734e-06
3.1159697e-06
2.9449649e-06
2.7723073e-06
2.5974167e-06
2.4206122e-06
2.2426874e-06
2.0637344e-06
1.8833844e-06
1.7012542e-06
1.5169594e-06
1.3301052e-06
1.1398741e-06
9.4602751e-07
7.4548355e-07
5.4352292e-07
3.1829437e-07
1.4061558e-07
-1.4560686e-05
-1.4520926e-05
-1.4479644e-05
-1.4437266e-05
-1.4393745e-05
-1.4348914e-05
-1.4302705e-05
-1.4255103e-05
-1.4206079e-05
-1.4155585e-05
-1.4103569e-05
-1.4049986e-05
-1.3994786e-05
-1.3937922e-05
-1.3879341e-05
-1.3818991e-05
-1.3756817e-05
-1.3692765e-05
-1.3626778e-05
-1.3558796e-05
-1.3488761e-05
-1.3416611e-05
-1.3342284e-05
-1.3265716e-05
-1.3186841e-05
-1.3105592e-05
-1.3021902e-05
-1.2935701e-05
-1.2846919e-05
-1.2755482e-05
-1.2661319e-05
-1.2564354e-05
-1.2464513e-05
-1.236172e-05
-1.2255893e-05
-1.2146952e-05
-1.2034817e-05
-1.1919407e-05
-1.1800643e-05
-1.1678444e-05
-1.155273e-05
-1.1423419e-05
-1.1290431e-05
-1.1153686e-05
-1.1013106e-05
-1.0868611e-05
-1.0720126e-05
-1.0567575e-05
-1.0410885e-05
-1.0249985e-05
-1.0084808e-05
-9.9152872e-06
-9.7413624e-06
-9.5629763e-06
-9.3800757e-06
-9.1926133e-06
-9.0005469e-06
-8.8038408e-06
-8.6024659e-06
-8.3964008e-06
-8.1856321e-06
-7.9701555e-06
-7.7499758e-06
-7.5251088e-06
-7.2955808e-06
-7.0614304e-06
-6.8227089e-06
-6.5794809e-06
-6.3318259e-06
-6.0798384e-06
-5.8236292e-06
-5.5633263e-06
-5.2990755e-06
-5.0310419e-06
-4.7594104e-06
-4.4843871e-06
-4.2062001e-06
-3.9251006e-06
-3.6413638e-06
-3.35529e-06
-3.0672056e-06
-2.7774654e-06
-2.4864522e-06
-2.1945715e-06
-1.9021703e-06
-1.6095651e-06
-1.3171794e-06
-1.0254903e-06
-7.3497818e-07
-4.4613188e-07
-1.5945814e-07
1.2451812e-07
4.0525989e-07
6.8222091e-07
9.548498e-07
1.2225927e-06
1.4848996e-06
1.7412291e-06
1.9910528e-06
2.2338489e-06
2.4690972e-06
2.6962826e-06
2.9149043e-06
3.1244804e-06
3.3245498e-06
3.5146731e-06
3.6944359e-06
3.8634497e-06
4.0213492e-06
4.1677965e-06
4.302469e-06
4.4250866e-06
4.5353633e-06
4.6330803e-06
4.7180205e-06
4.7902042e-06
4.8499469e-06
4.897385e-06
4.9325393e-06
4.9554938e-06
4.9664274e-06
4.9655654e-06
4.9531555e-06
4.9294649e-06
4.8947815e-06
4.8494313e-06
4.7937871e-06
4.7282596e-06
4.6532865e-06
4.5693277e-06
4.4768633e-06
4.3763909e-06
4.2684247e-06
4.1534997e-06
4.0321879e-06
3.9050735e-06
3.7726787e-06
3.6355009e-06
3.4932136e-06
3.3460607e-06
3.1958457e-06
3.0434793e-06
2.8890887e-06
2.7327717e-06
2.574759e-06
2.41523e-06
2.2543429e-06
2.0922127e-06
1.9288972e-06
1.7643029e-06
1.5982514e-06
1.430523e-06
1.2608331e-06
1.0889271e-06
9.1440023e-07
7.3745201e-07
5.5698319e-07
3.7886262e-07
1.9620568e-07
6.9811931e-08
-1.5623843e-05
-1.5589299e-05
-1.5553672e-05
-1.5516549e-05
-1.5478283e-05
-1.5439047e-05
-1.5398755e-05
-1.5357305e-05
-1.5314661e-05
-1.5270806e-05
-1.5225708e-05
-1.5179327e-05
-1.5131622e-05
-1.5082555e-05
-1.5032086e-05
-1.4980173e-05
-1.4926773e-05
-1.4871843e-05
-1.4815338e-05
-1.4757211e-05
-1.4697416e-05
-1.4635903e-05
-1.4572622e-05
-1.4507524e-05
-1.4440555e-05
-1.4371661e-05
-1.430079e-05
-1.4227883e-05
-1.4152885e-05
-1.4075737e-05
-1.3996379e-05
-1.3914751e-05
-1.3830791e-05
-1.3744436e-05
-1.3655623e-05
-1.3564286e-05
-1.347036e-05
-1.3373778e-05
-1.3274473e-05
-1.3172377e-05
-1.306742e-05
-1.2959535e-05
-1.2848651e-05
-1.2734699e-05
-1.2617609e-05
-1.2497311e-05
-1.2373735e-05
-1.2246814e-05
-1.2116477e-05
-1.1982659e-05
-1.1845292e-05
-1.1704313e-05
-1.1559657e-05
-1.1411263e-05
-1.1259073e-05
-1.1103031e-05
-1.0943083e-05
-1.0779181e-05
-1.0611278e-05
-1.0439334e-05
-1.0263312e-05
-1.0083181e-05
-9.898916e-06
-9.7104983e-06
-9.5179163e-06
-9.3211661e-06
-9.1202519e-06
-8.9151869e-06
-8.7059938e-06
-8.4927054e-06
-8.2753659e-06
-8.0540305e-06
-7.8287677e-06
-7.599658e-06
-7.3667951e-06
-7.1302858e-06
-6.8902515e-06
-6.6468271e-06
-6.4001653e-06
-6.1504338e-06
-5.8978186e-06
-5.6425206e-06
-5.3847581e-06
-5.1247628e-06
-4.8627826e-06
-4.5990805e-06
-4.3339404e-06
-4.0676628e-06
-3.8005662e-06
-3.5329838e-06
-3.2652666e-06
-2.9977794e-06
-2.7309025e-06
-2.465028e-06
-2.2005607e-06
-1.9379152e-06
-1.6775153e-06
-1.4197918e-06
-1.1651815e-06
-9.1412588e-07
-6.6706884e-07
-4.2445528e-07
-1.8672723e-07
4.56763e-08
2.7232705e-07
4.9279794e-07
7.0669665e-07
9.1359724e-07
1.1132049e-06
1.3050269e-06
1.489006e-06
1.6644424e-06
1.8316937e-06
1.9898256e-06
2.1396494e-06
2.2814801e-06
2.4137095e-06
2.5354812e-06
2.6468281e-06
2.7478574e-06
2.8385061e-06
2.9186864e-06
2.9883865e-06
3.0476532e-06
3.096566e-06
3.135234e-06
3.1638024e-06
3.1824498e-06
3.1913865e-06
3.1908552e-06
3.1811372e-06
3.1625655e-06
3.1355347e-06
3.1005407e-06
3.0580106e-06
3.0082488e-06
2.9515394e-06
2.8881952e-06
2.818519e-06
2.7428767e-06
2.6618563e-06
2.5758466e-06
2.4850649e-06
2.3897082e-06
2.2899408e-06
2.1861465e-06
2.0793884e-06
1.9695825e-06
1.855688e-06
1.7371723e-06
1.6139524e-06
1.4858963e-06
1.3526428e-06
1.2137438e-06
1.0683319e-06
9.1596867e-07
7.5231604e-07
5.8017642e-07
3.6646798e-07
1.7733867e-07
-6.5172213e-06
-6.5051609e-06
-6.4922898e-06
-6.4792609e-06
-6.465942e-06
-6.4521083e-06
-6.4377221e-06
-6.4228173e-06
-6.4073937e-06
-6.3914223e-06
-6.3748757e-06
-6.3577338e-06
-6.3399775e-06
-6.3215852e-06
-6.3025332e-06
-6.2827981e-06
-6.2623555e-06
-6.2411804e-06
-6.2192471e-06
-6.1965288e-06
-6.1729982e-06
-6.1486271e-06
-6.1233863e-06
-6.097246e-06
-6.0701756e-06
-6.0421434e-06
-6.013117e-06
-5.9830633e-06
-5.9519481e-06
-5.9197365e-06
-5.8863927e-06
-5.8518802e-06
-5.8161616e-06
-5.7791986e-06
-5.7409522e-06
-5.7013829e-06
-5.66045e-06
-5.6181124e-06
-5.5743284e-06
-5.5290556e-06
-5.4822509e-06
-5.433871e-06
-5.3838719e-06
-5.3322094e-06
-5.278839e-06
-5.223716e-06
-5.1667956e-06
-5.1080331e-06
-5.0473837e-06
-4.9848032e-06
-4.9202477e-06
-4.8536738e-06
-4.7850388e-06
-4.7143011e-06
-4.6414201e-06
-4.5663566e-06
-4.4890728e-06
-4.4095329e-06
-4.3277029e-06
-4.2435514e-06
-4.1570492e-06
-4.0681707e-06
-3.9768926e-06
-3.8831961e-06
-3.7870657e-06
-3.6884905e-06
-3.587464e-06
-3.4839852e-06
-3.3780581e-06
-3.2696932e-06
-3.1589069e-06
-3.0457227e-06
-2.9301711e-06
-2.8122907e-06
-2.6921278e-06
-2.5697381e-06
-2.4451855e-06
-2.3185445e-06
-2.1898988e-06
-2.0593436e-06
-1.9269838e-06
-1.7929368e-06
-1.6573271e-06
-1.520288e-06
-1.3819657e-06
-1.242523e-06
-1.1021346e-06
-9.6098628e-07
-8.1927342e-07
-6.7720148e-07
-5.349855e-07
-3.9285255e-07
-2.5103889e-07
-1.0979086e-07
3.0637617e-08
1.6998408e-07
3.0797726e-07
4.4433572e-07
5.7877311e-07
7.1099904e-07
8.4072052e-07
9.6764211e-07
1.091468e-06
1.2119029e-06
1.3286542e-06
1.4414322e-06
1.5499548e-06
1.6539392e-06
1.7531257e-06
1.8472316e-06
1.9360394e-06
2.0192493e-06
2.0967032e-06
2.1680826e-06
2.2332874e-06
2.2922348e-06
2.3447613e-06
2.3907156e-06
2.4300171e-06
2.4626429e-06
2.4885864e-06
2.5078514e-06
2.5204623e-06
2.5264673e-06
2.5259324e-06
2.5189326e-06
2.505547e-06
2.485847e-06
2.4598794e-06
2.4276504e-06
2.389059e-06
2.3439856e-06
2.2918525e-06
2.2345889e-06
2.1737912e-06
2.1097835e-06
2.0426023e-06
1.972586e-06
1.900312e-06
1.8260786e-06
1.7489569e-06
1.6687912e-06
1.5860326e-06
1.5010717e-06
1.4140912e-06
1.3252323e-06
1.2347085e-06
1.1425026e-06
1.0484546e-06
9.5243399e-07
8.5431546e-07
7.5378896e-07
6.5096323e-07
5.4657011e-07
4.4080454e-07
3.3396776e-07
2.2715497e-07
1.2550071e-07
3.7224271e-08
-6.3882054e-09
-1.2625968e-05
-1.2602838e-05
-1.2579116e-05
-1.2554017e-05
-1.2528064e-05
-1.2501587e-05
-1.2474506e-05
-1.2446693e-05
-1.2418117e-05
-1.2388783e-05
-1.235868e-05
-1.2327783e-05
-1.2296064e-05
-1.22635e-05
-1.223007e-05
-1.2195749e-05
-1.2160512e-05
-1.2124332e-05
-1.2087183e-05
-1.2049038e-05
-1.2009869e-05
-1.1969647e-05
-1.1928342e-05
-1.1885924e-05
-1.1842362e-05
-1.1797623e-05
-1.1751675e-05
-1.1704484e-05
-1.1656015e-05
-1.1606232e-05
-1.15551e-05
-1.1502581e-05
-1.1448636e-05
-1.1393227e-05
-1.1336313e-05
-1.1277854e-05
-1.1217808e-05
-1.1156131e-05
-1.1092782e-05
-1.1027714e-05
-1.0960884e-05
-1.0892244e-05
-1.0821748e-05
-1.0749349e-05
-1.0674998e-05
-1.0598646e-05
-1.0520243e-05
-1.043974e-05
-1.0357086e-05
-1.0272229e-05
-1.0185119e-05
-1.0095703e-05
-1.0003931e-05
-9.9097503e-06
-9.8131094e-06
-9.7139572e-06
-9.6122427e-06
-9.5079155e-06
-9.4009262e-06
-9.2912261e-06
-9.1787678e-06
-9.0635054e-06
-8.9453942e-06
-8.8243921e-06
-8.7004583e-06
-8.5735555e-06
-8.4436481e-06
-8.3107046e-06
-8.1746962e-06
-8.0355985e-06
-7.8933908e-06
-7.7480577e-06
-7.5995881e-06
-7.447977e-06
-7.2932248e-06
-7.135339e-06
-6.9743328e-06
-6.8102296e-06
-6.6430497e-06
-6.472858e-06
-6.2996384e-06
-6.1238851e-06
-5.9461274e-06
-5.7660195e-06
-5.5832337e-06
-5.397854e-06
-5.2100961e-06
-5.0201133e-06
-4.8280224e-06
-4.6339597e-06
-4.4380886e-06
-4.2405857e-06
-4.0416371e-06
-3.8414392e-06
-3.6402016e-06
-3.4381455e-06
-3.2355042e-06
-3.0325213e-06
-2.8294518e-06
-2.6265588e-06
-2.4241151e-06
-2.2224002e-06
-2.0217005e-06
-1.8223062e-06
-1.6245131e-06
-1.4286123e-06
-1.2349094e-06
-1.04367e-06
-8.5523488e-07
-6.6977332e-07
-4.8773541e-07
-3.090772e-07
-1.3443129e-07
3.6507982e-08
2.0304271e-07
3.6482907e-07
5.2223487e-07
6.7460561e-07
8.2071578e-07
9.6009547e-07
1.0925898e-06
1.21801e-06
1.3361281e-06
1.4467282e-06
1.5496288e-06
1.6446726e-06
1.7317288e-06
1.810688e-06
1.8814688e-06
1.9440127e-06
1.9982882e-06
2.0443006e-06
2.0820178e-06
2.1117601e-06
2.1338284e-06
2.1483637e-06
2.1554692e-06
2.1552739e-06
2.1479217e-06
2.1335583e-06
2.1123399e-06
2.0844906e-06
2.0502831e-06
2.0099601e-06
1.9638038e-06
1.9119016e-06
1.8536448e-06
1.7889327e-06
1.7180306e-06
1.6410962e-06
1.5580516e-06
1.4685824e-06
1.3721982e-06
1.2680828e-06
1.1544548e-06
1.0283508e-06
8.8509961e-07
7.1749206e-07
5.1068196e-07
2.6769019e-07
)
;

boundaryField
{
    corpo
    {
        type            zeroGradient;
    }
    esterno
    {
        type            freestreamPressure;
        freestreamValue uniform 0;
        supersonic      false;
        value           nonuniform List<scalar> 
440
(
6.8988042e-05
6.8987007e-05
6.8984409e-05
6.8980079e-05
6.89738e-05
6.8965336e-05
6.8954429e-05
6.8940813e-05
6.8917282e-05
6.8832735e-05
6.8811072e-05
6.8785551e-05
6.875555e-05
6.8720679e-05
6.868045e-05
6.8562425e-05
6.844126e-05
6.8385943e-05
6.8322913e-05
6.8251186e-05
6.8116611e-05
6.7869933e-05
6.7775874e-05
6.7669896e-05
6.7549738e-05
6.7174727e-05
6.7001566e-05
6.6848869e-05
6.6642884e-05
6.6147818e-05
6.5954056e-05
6.573581e-05
6.5182224e-05
6.4846165e-05
6.4571208e-05
6.3892413e-05
6.3507301e-05
6.3080556e-05
6.2285228e-05
6.187692e-05
6.1023391e-05
6.0398808e-05
5.9590418e-05
5.8748486e-05
5.7912681e-05
5.6958738e-05
5.6036583e-05
5.5091726e-05
5.4566994e-05
5.368444e-05
5.3333289e-05
5.2978087e-05
5.2598201e-05
5.1687271e-05
5.1130184e-05
5.0717856e-05
5.0275069e-05
4.9394634e-05
4.8675508e-05
4.8202148e-05
4.7695741e-05
4.670553e-05
4.5979698e-05
4.5440347e-05
4.4857839e-05
4.3635549e-05
4.3040052e-05
4.2434337e-05
4.1524635e-05
4.0499088e-05
3.9844396e-05
3.913166e-05
3.7804403e-05
3.7094027e-05
3.6343665e-05
3.5114662e-05
3.4200618e-05
3.3396946e-05
3.2207257e-05
3.1178454e-05
3.0319772e-05
2.909266e-05
2.800523e-05
2.707169e-05
2.5760845e-05
2.469332e-05
2.3708812e-05
2.2306043e-05
2.1301947e-05
2.0181714e-05
1.8889727e-05
1.7862173e-05
1.660303e-05
1.5462964e-05
1.4367823e-05
1.3088513e-05
1.2041738e-05
1.0833896e-05
9.7321938e-06
8.6273833e-06
7.4912576e-06
6.4579087e-06
5.3376283e-06
4.3417083e-06
3.306521e-06
2.3417871e-06
1.394197e-06
4.8784424e-07
-3.8255841e-07
-1.2152658e-06
-2.0107723e-06
-2.768896e-06
-3.4989684e-06
-4.1947152e-06
-4.8554104e-06
-5.502679e-06
-6.1102742e-06
-6.7788263e-06
-7.377141e-06
-8.0355776e-06
-8.4084131e-06
-8.4268403e-06
-8.3990961e-06
-8.3854563e-06
-8.374177e-06
-8.3605062e-06
-8.3565298e-06
-8.3323573e-06
-8.3286565e-06
-8.3113467e-06
-8.2986563e-06
-8.2920304e-06
-8.2674785e-06
-8.2624343e-06
-8.2461515e-06
-8.2297726e-06
-8.2240111e-06
-8.1998944e-06
-8.1900234e-06
-8.1820701e-06
-8.1553164e-06
-8.1485587e-06
-8.1368548e-06
-8.112873e-06
-8.1056384e-06
-8.0923807e-06
-8.0691333e-06
-8.0615024e-06
-8.0490356e-06
-8.0243344e-06
-8.0163733e-06
-8.007169e-06
-7.9786742e-06
-7.970449e-06
-7.9621665e-06
-7.9373842e-06
-7.9239366e-06
-7.9154614e-06
-7.8994899e-06
-7.8769815e-06
-7.8683596e-06
-7.859693e-06
-7.8342238e-06
-7.821011e-06
-7.8122799e-06
-7.8018871e-06
-7.7735452e-06
-7.7647698e-06
-7.755992e-06
-7.7430665e-06
-7.7173054e-06
-7.7085323e-06
-7.6997611e-06
-7.6882161e-06
-7.6612327e-06
-7.652522e-06
-7.643833e-06
-7.6351056e-06
-7.6083932e-06
-7.59695e-06
-7.5883605e-06
-7.5797414e-06
-7.5633378e-06
-7.5418711e-06
-7.5333922e-06
-7.5249177e-06
-7.5164226e-06
-7.4947672e-06
-7.4790041e-06
-7.4706991e-06
-7.4623959e-06
-7.4540913e-06
-7.4329392e-06
-7.4172092e-06
-7.4091258e-06
-7.4010534e-06
-7.3929811e-06
-7.3786571e-06
-7.3566941e-06
-7.3488816e-06
-7.3356942e-06
-7.3060072e-06
-7.2854664e-06
-7.2588818e-06
-7.2319468e-06
-7.2137189e-06
-7.1796375e-06
-7.1638378e-06
-7.1374132e-06
-7.1127196e-06
-7.0974738e-06
-7.0666935e-06
-7.0477525e-06
-7.0331821e-06
-7.0025377e-06
-6.9849757e-06
-6.971124e-06
-6.9457248e-06
-6.9244833e-06
-6.9113638e-06
-6.8970647e-06
-6.8663066e-06
-6.8539364e-06
-6.8418002e-06
-6.8265579e-06
-6.7988227e-06
-6.7874256e-06
-6.7762504e-06
-6.7652382e-06
-6.7388843e-06
-6.724824e-06
-6.7145975e-06
-6.704528e-06
-6.694635e-06
-6.6682884e-06
-6.656622e-06
-6.6474856e-06
-6.6384985e-06
-6.62967e-06
-6.6174952e-06
-6.593818e-06
-6.5856826e-06
-6.5777298e-06
-6.5699134e-06
-6.5622507e-06
-6.5547606e-06
-6.5386991e-06
-6.5216984e-06
-6.5148189e-06
-6.508091e-06
-6.5014943e-06
-6.4950402e-06
-6.4887338e-06
-6.4825716e-06
-6.4716053e-06
-6.4522175e-06
-6.4465718e-06
-6.4410591e-06
-6.4356522e-06
-6.4303642e-06
-6.4252029e-06
-6.4201647e-06
-6.4152446e-06
-6.4104384e-06
-6.4057495e-06
-6.3877084e-06
-6.378447e-06
-6.374169e-06
-6.3699819e-06
-6.3658843e-06
-6.3618854e-06
-6.3579857e-06
-6.354181e-06
-6.350468e-06
-6.346845e-06
-6.3433106e-06
-6.3398624e-06
-6.3364994e-06
-6.3332184e-06
-6.3300275e-06
-6.3130225e-06
-6.3014574e-06
-6.2895964e-06
-6.2770473e-06
-6.2640709e-06
-6.2508323e-06
-6.2372921e-06
-6.2233857e-06
-6.2090973e-06
-6.1944305e-06
-6.1793793e-06
-6.1639307e-06
-6.1480712e-06
-6.1317896e-06
-6.1150746e-06
-6.0979142e-06
-6.0802955e-06
-6.0622056e-06
-6.0436313e-06
-6.0245589e-06
-6.0049745e-06
-5.9848635e-06
-5.9642112e-06
-5.9430023e-06
-5.9212213e-06
-5.898852e-06
-5.8758781e-06
-5.8522825e-06
-5.828048e-06
-5.8031569e-06
-5.7775908e-06
-5.7513312e-06
-5.7243588e-06
-5.6966543e-06
-5.6681975e-06
-5.638968e-06
-5.6089449e-06
-5.5781069e-06
-5.5464321e-06
-5.5138984e-06
-5.4804832e-06
-5.4461634e-06
-5.4109155e-06
-5.3747159e-06
-5.3375402e-06
-5.2993641e-06
-5.2601628e-06
-5.2199112e-06
-5.1785839e-06
-5.1361556e-06
-5.0926004e-06
-5.0478926e-06
-5.0020064e-06
-4.954916e-06
-4.9065954e-06
-4.8570192e-06
-4.8061618e-06
-4.7539981e-06
-4.7005032e-06
-4.645653e-06
-4.5894236e-06
-4.5317922e-06
-4.4727364e-06
-4.412235e-06
-4.3502679e-06
-4.2868162e-06
-4.2218622e-06
-4.15539e-06
-4.0873855e-06
-4.0178362e-06
-3.946732e-06
-3.8740649e-06
-3.7998297e-06
-3.7240236e-06
-3.646647e-06
-3.5677036e-06
-3.4871999e-06
-3.4051477e-06
-3.3215571e-06
-3.2364605e-06
-3.1498501e-06
-3.0619727e-06
-2.9730931e-06
-2.8830383e-06
-2.7916446e-06
-2.698954e-06
-2.6050742e-06
-2.5100819e-06
-2.4140355e-06
-2.3170032e-06
-2.2190667e-06
-2.1203143e-06
-2.020839e-06
-1.9207391e-06
-1.8201193e-06
-1.7190902e-06
-1.6177685e-06
-1.516276e-06
-1.4147402e-06
-1.3132926e-06
-1.2120698e-06
-1.1112112e-06
-1.0108603e-06
-9.1116217e-07
-8.122646e-07
-7.143132e-07
-6.1746076e-07
-5.2184007e-07
-4.2762156e-07
-3.3488986e-07
-2.4387002e-07
-1.5454005e-07
-6.7216271e-08
1.8254159e-08
1.0152228e-07
1.8241617e-07
2.6111975e-07
3.3730576e-07
4.1036143e-07
4.8005181e-07
5.4629948e-07
6.0901001e-07
6.6806942e-07
7.2336981e-07
7.7482043e-07
8.2234254e-07
8.6587085e-07
9.053506e-07
9.407411e-07
9.720131e-07
9.9915088e-07
1.0221571e-06
1.0410157e-06
1.0558867e-06
1.0669207e-06
1.0741882e-06
1.0777409e-06
1.077643e-06
1.0739667e-06
1.0667848e-06
1.0561754e-06
1.0422505e-06
1.0251465e-06
1.0049848e-06
9.8190637e-07
9.5595498e-07
9.2682635e-07
8.9447002e-07
8.5901873e-07
8.2055131e-07
7.7902877e-07
7.3429391e-07
6.8610156e-07
6.3404363e-07
5.7722941e-07
5.1417716e-07
4.425513e-07
3.5874723e-07
2.5534184e-07
1.3384554e-07
)
;
    }
    uscita
    {
        type            fixedValue;
        value           uniform 0;
    }
    front
    {
        type            wedge;
    }
    back
    {
        type            wedge;
    }
    defaultFaces
    {
        type            empty;
    }
}


// ************************************************************************* //
