/*--------------------------------*- C++ -*----------------------------------*\
  =========                 |
  \\      /  F ield         | OpenFOAM: The Open Source CFD Toolbox
   \\    /   O peration     | Website:  https://openfoam.org
    \\  /    A nd           | Version:  14
     \\/     M anipulation  |
\*---------------------------------------------------------------------------*/
FoamFile
{
    format      ascii;
    class       volScalarField;
    location    "5600";
    object      p;
}
// * * * * * * * * * * * * * * * * * * * * * * * * * * * * * * * * * * * * * //

dimensions      [0 2 -2 0 0 0 0];

internalField   nonuniform List<scalar> 
48400
(
0.4999921
0.49860903
0.49391612
0.48827365
0.47979958
0.46967093
0.45739985
0.44300231
0.4268064
0.40905918
0.39005808
0.37012547
0.34958535
0.32874291
0.30787401
0.28721586
0.26696274
0.24726074
0.22825039
0.21002327
0.19273387
0.17654995
0.16110138
0.14601133
0.13129016
0.11860548
0.10693558
0.095644221
0.084883474
0.074577311
0.064516
0.055851465
0.048490878
0.040930565
0.033321975
0.025770218
0.020681109
0.014843738
0.0086029033
0.0037203044
-0.00074129557
-0.0060201236
-0.0099185327
-0.013868646
-0.018467009
-0.02130436
-0.02562736
-0.028393522
-0.031327206
-0.031109353
-0.034017135
-0.03400045
-0.035457466
-0.037528442
-0.037270565
-0.039752445
-0.04007205
-0.040954961
-0.043709303
-0.042934321
-0.0446955
-0.046469713
-0.046335198
-0.048200058
-0.049406194
-0.049620618
-0.051424205
-0.052521963
-0.052785078
-0.054425229
-0.055816471
-0.055881663
-0.057228246
-0.059309088
-0.058976105
-0.060139934
-0.061786437
-0.062649937
-0.063071354
-0.064257846
-0.065940005
-0.066426124
-0.067080983
-0.068205048
-0.069692899
-0.070541947
-0.070975708
-0.072008223
-0.073104237
-0.074538391
-0.075077442
-0.075696904
-0.076639962
-0.077609807
-0.078620219
-0.079920636
-0.080264129
-0.0809677
-0.081749403
-0.082535346
-0.08332726
-0.084070547
-0.084861773
-0.085580494
-0.086438678
-0.086681332
-0.087222066
-0.08770222
-0.08815428
-0.088555182
-0.08890742
-0.089205937
-0.089440683
-0.089611157
-0.08971406
-0.089744034
-0.089717796
-0.089585884
-0.089439891
-0.089116215
0.49998931
0.49860793
0.49391729
0.48827787
0.47980856
0.46968474
0.45741927
0.44302764
0.42683749
0.40909562
0.39009921
0.3701704
0.34963307
0.32879241
0.30792431
0.28726607
0.26701213
0.24730864
0.22829629
0.21006705
0.19277331
0.17658658
0.16113691
0.14604565
0.13132101
0.11863222
0.10696016
0.095667229
0.084904858
0.074597386
0.064533905
0.055866299
0.048504217
0.04094366
0.033334623
0.0257804
0.020689564
0.014852739
0.0086108871
0.0037267395
-0.00073486571
-0.0060142984
-0.0099137733
-0.013863687
-0.018462869
-0.021300578
-0.025623767
-0.028390141
-0.031325471
-0.031106243
-0.034013774
-0.033998855
-0.035453577
-0.037526458
-0.037268249
-0.039749518
-0.040070849
-0.040951379
-0.043707341
-0.042933426
-0.044692227
-0.046468208
-0.0463337
-0.0481974
-0.049404987
-0.049618985
-0.05142187
-0.05252089
-0.05278365
-0.054422975
-0.055815402
-0.055880691
-0.057225906
-0.059307893
-0.058975587
-0.060138176
-0.061784891
-0.062649168
-0.063070443
-0.064256252
-0.065938815
-0.066425527
-0.067080091
-0.068203773
-0.069691783
-0.070541354
-0.070975067
-0.072007323
-0.073103204
-0.074537601
-0.075077002
-0.075696338
-0.076639296
-0.077609148
-0.078619481
-0.079920123
-0.080263824
-0.080967288
-0.081748989
-0.082534951
-0.083326896
-0.084070203
-0.084861456
-0.085580182
-0.086438466
-0.086681193
-0.087221899
-0.087702077
-0.088154158
-0.088555082
-0.088907339
-0.089205874
-0.089440637
-0.089611124
-0.089714037
-0.089744018
-0.089717786
-0.089585874
-0.089439881
-0.089116196
0.4999859
0.49860651
0.49391845
0.48828247
0.47981848
0.46969999
0.45744073
0.44305567
0.42687188
0.40913591
0.39014462
0.37021993
0.34968561
0.32884682
0.30797952
0.28732111
0.26706621
0.24736104
0.22834645
0.21011503
0.19281595
0.17662621
0.16117571
0.14608327
0.1313548
0.11866142
0.106987
0.095692363
0.084928222
0.074619316
0.06455348
0.055882522
0.048518788
0.040957955
0.033348432
0.025791544
0.0206988
0.014862566
0.0086196183
0.0037337789
-0.00072784318
-0.0060079219
-0.009908565
-0.013858266
-0.018458329
-0.021296442
-0.025619824
-0.028386441
-0.031323543
-0.03110286
-0.034010071
-0.033997103
-0.03544933
-0.037524254
-0.037265724
-0.039746293
-0.040069522
-0.040947474
-0.043705153
-0.042932444
-0.044688647
-0.046466531
-0.04633206
-0.048194483
-0.04940364
-0.049617196
-0.051419301
-0.052519691
-0.052782083
-0.054420497
-0.055814203
-0.055879619
-0.057223343
-0.05930655
-0.058975005
-0.060136245
-0.061783178
-0.0626483
-0.063069432
-0.064254497
-0.065937485
-0.066424851
-0.067079099
-0.068202362
-0.069690535
-0.070540676
-0.070974345
-0.072006318
-0.073102052
-0.074536704
-0.075076492
-0.075695695
-0.076638543
-0.077608401
-0.078618647
-0.079919525
-0.080263459
-0.080966809
-0.081748506
-0.082534487
-0.083326466
-0.084069794
-0.084861075
-0.085579805
-0.086438194
-0.086681007
-0.087221679
-0.087701884
-0.088153988
-0.088554934
-0.088907213
-0.089205767
-0.089440547
-0.089611048
-0.089713973
-0.089743961
-0.089717735
-0.089585824
-0.08943983
-0.089116136
0.49998253
0.49860537
0.49392015
0.48828816
0.47983025
0.46971767
0.45746538
0.44308769
0.42691099
0.40918153
0.39019582
0.37027555
0.34974439
0.32890747
0.30804085
0.28738206
0.26712591
0.24741874
0.22840149
0.21016807
0.19286261
0.17666929
0.16121831
0.1461248
0.13139212
0.11869359
0.10701651
0.095719983
0.084953889
0.0746434
0.064575009
0.055900383
0.048534795
0.040973638
0.033363578
0.025803825
0.020708952
0.014873347
0.0086292263
0.0037415328
-0.00072012959
-0.0060008919
-0.0099028219
-0.013852304
-0.018453304
-0.021291886
-0.025615457
-0.028382358
-0.031321345
-0.031099166
-0.034005933
-0.033995153
-0.035444665
-0.037521754
-0.037262956
-0.039742693
-0.040068023
-0.040943202
-0.043702652
-0.042931346
-0.044684702
-0.046464613
-0.046330242
-0.048191243
-0.049402096
-0.049615214
-0.051416438
-0.052518309
-0.052780338
-0.054417741
-0.055812814
-0.055878411
-0.057220508
-0.059304988
-0.058974326
-0.060134096
-0.061781239
-0.062647282
-0.06306828
-0.064252532
-0.065935954
-0.066424046
-0.067077962
-0.068200767
-0.069689099
-0.07053986
-0.070973497
-0.07200516
-0.073100731
-0.074535641
-0.075075861
-0.075694925
-0.076637652
-0.077607515
-0.078617664
-0.079918782
-0.080262983
-0.080966208
-0.0817479
-0.082533901
-0.083325915
-0.084069265
-0.084860574
-0.085579306
-0.086437802
-0.086680716
-0.087221351
-0.087701583
-0.08815371
-0.088554681
-0.088906981
-0.089205556
-0.089440354
-0.089610871
-0.089713808
-0.089743804
-0.089717584
-0.089585675
-0.089439681
-0.089115975
0.49997901
0.49860451
0.49392271
0.48829563
0.47984514
0.46973949
0.45749551
0.44312662
0.4269583
0.40923646
0.39025717
0.37034188
0.34981414
0.32897911
0.30811297
0.28745343
0.26719554
0.24748581
0.22846513
0.21022978
0.19291688
0.17671894
0.16126764
0.14617312
0.13143567
0.11873104
0.10705075
0.095751996
0.084983612
0.074671272
0.064599985
0.055921136
0.048553338
0.040991769
0.033381081
0.025818117
0.020720721
0.014885811
0.0086403832
0.0037505504
-0.00071119586
-0.0059927064
-0.0098961323
-0.013845383
-0.018447421
-0.021286585
-0.02561034
-0.028377598
-0.031318659
-0.031094929
-0.034001021
-0.033992851
-0.035439265
-0.03751872
-0.03725976
-0.039738422
-0.040066216
-0.040938284
-0.043699586
-0.042930042
-0.044680112
-0.046462261
-0.046328113
-0.048187433
-0.049400194
-0.04961289
-0.051413054
-0.052516597
-0.052778281
-0.05441449
-0.055811081
-0.05587696
-0.057217192
-0.059303031
-0.058973469
-0.060131561
-0.061778898
-0.062645989
-0.063066879
-0.064250197
-0.065934061
-0.066423009
-0.067076568
-0.068198846
-0.069687324
-0.070538791
-0.070972422
-0.07200373
-0.073099108
-0.074534277
-0.075075008
-0.075693926
-0.076636512
-0.077606379
-0.078616409
-0.079917772
-0.080262301
-0.080965386
-0.081747069
-0.08253309
-0.083325142
-0.084068514
-0.084859853
-0.085578581
-0.086437185
-0.08668023
-0.087220818
-0.08770108
-0.088153232
-0.088554229
-0.088906552
-0.089205149
-0.089439967
-0.0896105
-0.089713451
-0.089743457
-0.089717244
-0.089585336
-0.089439344
-0.089115622
0.49997508
0.49860391
0.49392633
0.48830547
0.47986423
0.46976687
0.45753301
0.44317489
0.42701674
0.40930402
0.39033231
0.37042275
0.34989878
0.32906563
0.30819965
0.28753881
0.26727845
0.24756537
0.22854016
0.21030287
0.19298169
0.17677763
0.16132589
0.14623033
0.13148747
0.11877552
0.10709127
0.095789786
0.085018646
0.074704091
0.064629492
0.055945711
0.048575204
0.041013094
0.033401662
0.025835079
0.020734613
0.014900472
0.0086535856
0.0037612401
-0.00070066349
-0.0059829864
-0.0098881873
-0.013837201
-0.018440386
-0.0212803
-0.025604214
-0.028371936
-0.031315278
-0.031090005
-0.033995043
-0.033990077
-0.035432906
-0.037514929
-0.037256016
-0.039733231
-0.040063983
-0.040932541
-0.04369571
-0.042928463
-0.044674676
-0.04645929
-0.046325571
-0.048182857
-0.049397782
-0.049610116
-0.051408961
-0.05251441
-0.052775807
-0.054410573
-0.05580885
-0.055875181
-0.057213243
-0.059300498
-0.058972357
-0.060128512
-0.061775994
-0.062644297
-0.063065131
-0.064247361
-0.065931651
-0.06642163
-0.067074813
-0.068196477
-0.069685067
-0.070537348
-0.07097102
-0.072001917
-0.07309706
-0.074532471
-0.075073822
-0.075692593
-0.076635012
-0.077604882
-0.078614762
-0.079916361
-0.080261307
-0.080964234
-0.081745902
-0.082531942
-0.083324034
-0.084067429
-0.0848588
-0.085577514
-0.086436222
-0.086679442
-0.08721997
-0.087700263
-0.088152441
-0.088553466
-0.088905814
-0.089204435
-0.089439274
-0.089609825
-0.089712791
-0.089742806
-0.089716602
-0.089584697
-0.089438707
-0.089114963
0.49997035
0.4986035
0.49393114
0.48831817
0.47988853
0.4698012
0.45757979
0.443235
0.42708936
0.40938776
0.39042516
0.37052233
0.35000261
0.32917132
0.30830506
0.28764215
0.26737834
0.24766086
0.2286297
0.2103902
0.19306036
0.17684829
0.16139543
0.14629859
0.13154954
0.11882875
0.10713956
0.095834706
0.085060205
0.074742974
0.064664585
0.055975019
0.048601159
0.041038323
0.033426006
0.025855366
0.02075112
0.014917822
0.0086693195
0.0037740038
-0.00068816918
-0.005971357
-0.0098786828
-0.013827464
-0.018431904
-0.021272798
-0.025596821
-0.028365152
-0.03131097
-0.031084272
-0.033987695
-0.033986712
-0.035425382
-0.037510143
-0.037251616
-0.039726863
-0.040061201
-0.040925813
-0.043690755
-0.042926539
-0.0446682
-0.046455498
-0.046322523
-0.048177321
-0.049394694
-0.049606785
-0.051403976
-0.052511592
-0.052772814
-0.05440582
-0.055805953
-0.055872984
-0.057208514
-0.059297198
-0.058970908
-0.060124824
-0.061772369
-0.062642068
-0.063062936
-0.064243896
-0.065928562
-0.066419791
-0.067072591
-0.068193538
-0.069682181
-0.0705354
-0.070969183
-0.071999607
-0.073094464
-0.074530079
-0.075072186
-0.075690813
-0.076633037
-0.077602908
-0.078612601
-0.079914412
-0.080259888
-0.080962637
-0.081744285
-0.082530342
-0.083322475
-0.084065893
-0.084857297
-0.085575984
-0.086434785
-0.086678236
-0.08721869
-0.087699016
-0.088151222
-0.088552276
-0.088904651
-0.089203297
-0.089438159
-0.089608729
-0.089711712
-0.089741738
-0.089715543
-0.089583641
-0.089437655
-0.089113881
0.49996422
0.49860298
0.49393713
0.48833411
0.47991898
0.46984383
0.45763781
0.44330959
0.42717949
0.40949165
0.39054024
0.37064556
0.35013082
0.32930145
0.30843444
0.28776853
0.2675
0.24777675
0.22873802
0.21049536
0.19315685
0.17693467
0.16147922
0.1463804
0.13162422
0.11889272
0.10719736
0.09588832
0.08510969
0.074789199
0.064706471
0.056010102
0.048632075
0.041068272
0.033454895
0.02587972
0.020770803
0.014938419
0.0086881362
0.0037892974
-0.00067329937
-0.005957394
-0.0098672739
-0.013815839
-0.018421642
-0.021263817
-0.02558787
-0.028356994
-0.031305476
-0.031077587
-0.033978645
-0.03398262
-0.035416457
-0.0375041
-0.037246436
-0.039719035
-0.040057731
-0.040917918
-0.043684434
-0.04292419
-0.044660469
-0.046450671
-0.046318858
-0.048170612
-0.049390753
-0.049602781
-0.051397899
-0.05250798
-0.052769186
-0.05440005
-0.055802216
-0.055870268
-0.05720285
-0.059292933
-0.058969031
-0.06012036
-0.061767856
-0.062639164
-0.063060184
-0.064239667
-0.065924631
-0.06641737
-0.067069786
-0.068189901
-0.069678516
-0.070532814
-0.070966801
-0.071996681
-0.073091195
-0.074526957
-0.07506998
-0.075688475
-0.076630471
-0.077600342
-0.078609802
-0.079911788
-0.08025793
-0.080960482
-0.081742103
-0.082528177
-0.083320353
-0.084063794
-0.084855231
-0.085573876
-0.086432753
-0.086676506
-0.087216868
-0.08769723
-0.088149465
-0.08855055
-0.088902953
-0.089201626
-0.089436513
-0.089607105
-0.089710106
-0.089740144
-0.089713961
-0.089582063
-0.089436084
-0.08911227
0.49995609
0.49860141
0.49394412
0.48835334
0.47995619
0.46989582
0.45770875
0.4434011
0.42729034
0.4096197
0.39068227
0.37079778
0.3502892
0.32946214
0.30859397
0.28792408
0.26764935
0.24791863
0.22887072
0.21062274
0.19327541
0.17704106
0.16158063
0.14647853
0.13171401
0.11896958
0.1072666
0.09595236
0.085168653
0.074844186
0.06475647
0.056052099
0.04866892
0.041103842
0.033489187
0.025908943
0.020794277
0.014962878
0.0087106331
0.0038076158
-0.00065560189
-0.00594064
-0.0098535868
-0.013801965
-0.018409242
-0.02125307
-0.025577049
-0.028347181
-0.031298513
-0.03106978
-0.03396755
-0.033977656
-0.03540588
-0.037496533
-0.037240334
-0.039709456
-0.040053424
-0.040908652
-0.043676459
-0.042921321
-0.04465125
-0.046444586
-0.04631445
-0.048162503
-0.049385776
-0.049597975
-0.051390529
-0.05250341
-0.052764801
-0.054393074
-0.055797466
-0.055866923
-0.057196077
-0.059287506
-0.058966626
-0.060114966
-0.061762283
-0.062635442
-0.063056756
-0.064234526
-0.065919692
-0.066414244
-0.067066275
-0.068185429
-0.069673923
-0.07052946
-0.070963758
-0.071993013
-0.073087122
-0.074522961
-0.075067087
-0.075685461
-0.076627195
-0.077597065
-0.078606243
-0.079908357
-0.080255326
-0.080957656
-0.081739245
-0.082525334
-0.083317555
-0.08406102
-0.084852491
-0.085571079
-0.08643001
-0.086674148
-0.087214397
-0.0876948
-0.088147065
-0.088548184
-0.088900617
-0.08919932
-0.089434234
-0.089604849
-0.089707871
-0.089737924
-0.089711754
-0.089579862
-0.089433893
-0.08911003
0.49994482
0.49859739
0.49395162
0.48837548
0.48000017
0.46995763
0.45779365
0.44351127
0.42742446
0.4097753
0.39085553
0.37098408
0.35048356
0.32965971
0.30879037
0.28811563
0.26783321
0.248093
0.22903462
0.21077776
0.19342058
0.17717218
0.1617034
0.14659603
0.13182174
0.11906181
0.10734946
0.096028808
0.085238869
0.074909549
0.064816073
0.056102294
0.048712795
0.041146063
0.033529857
0.025943928
0.020822244
0.014991896
0.0087374769
0.003829514
-0.00063456714
-0.0059205887
-0.0098372038
-0.013785437
-0.018394312
-0.021240238
-0.025564022
-0.028335395
-0.031289751
-0.031060649
-0.033954048
-0.033971653
-0.035393377
-0.037487164
-0.037233154
-0.039697822
-0.040048116
-0.040897794
-0.043666535
-0.042917828
-0.044640291
-0.046437017
-0.046309165
-0.048152756
-0.049379571
-0.049592212
-0.051381636
-0.052497698
-0.052759513
-0.054384685
-0.055791519
-0.055862823
-0.057188002
-0.059280706
-0.058963585
-0.060108474
-0.061755462
-0.06263075
-0.063052522
-0.064228311
-0.065913568
-0.066410282
-0.067061928
-0.068179975
-0.069668241
-0.0705252
-0.070959934
-0.071988471
-0.073082107
-0.074517943
-0.075063385
-0.075681652
-0.076623083
-0.077592955
-0.078601795
-0.079903981
-0.080251959
-0.080954039
-0.081735591
-0.082521697
-0.083313965
-0.084057454
-0.084848962
-0.085567472
-0.086426434
-0.08667105
-0.087211163
-0.087691612
-0.08814391
-0.088545066
-0.088897532
-0.089196267
-0.089431212
-0.089601854
-0.089704899
-0.089734968
-0.089708815
-0.089576931
-0.089430976
-0.089107051
0.49992809
0.49858967
0.49395851
0.48839964
0.48005031
0.47002899
0.45789268
0.44364083
0.42758327
0.40996069
0.39106315
0.37120853
0.35071888
0.32989998
0.3090301
0.28835017
0.26805882
0.24830705
0.22923698
0.21096679
0.19359729
0.17733307
0.16185176
0.14673651
0.13195077
0.11917227
0.10744849
0.096119947
0.085322393
0.07498717
0.064887017
0.056162188
0.048765
0.041196151
0.033578042
0.025985716
0.020855534
0.015026291
0.0087694427
0.0038556423
-0.00060959902
-0.0058966552
-0.0098176401
-0.01376579
-0.018376405
-0.021224954
-0.025548402
-0.028321321
-0.031278847
-0.031049937
-0.033937709
-0.033964396
-0.035378624
-0.037475667
-0.037224699
-0.039683784
-0.040041611
-0.04088509
-0.04365433
-0.042913586
-0.044627315
-0.04642771
-0.046302849
-0.04814111
-0.049371923
-0.049585321
-0.05137096
-0.052490636
-0.052753159
-0.054374646
-0.05578416
-0.055857829
-0.057178416
-0.059272301
-0.058959792
-0.060100702
-0.06174719
-0.062624924
-0.063047343
-0.06422085
-0.065906067
-0.066405344
-0.0670566
-0.068173379
-0.069661295
-0.070519883
-0.070955195
-0.071982906
-0.073075998
-0.074511736
-0.075058738
-0.075676911
-0.076617995
-0.077587871
-0.078596315
-0.079898506
-0.080247703
-0.0809495
-0.08173101
-0.082517133
-0.083309451
-0.084052965
-0.084844511
-0.085562924
-0.086421887
-0.08666709
-0.087207038
-0.087687541
-0.088139874
-0.08854107
-0.088893573
-0.089192345
-0.089427324
-0.089597995
-0.089701067
-0.089731157
-0.089705023
-0.089573149
-0.089427212
-0.089103214
0.49990334
0.49857746
0.4939632
0.48842452
0.48010546
0.47010899
0.45800523
0.44378952
0.42776697
0.41017669
0.3913067
0.37147359
0.3509986
0.33018737
0.30931855
0.28863385
0.26833301
0.24856795
0.22948478
0.21119684
0.19381109
0.17752908
0.16203037
0.14690413
0.13210494
0.11930424
0.10756653
0.096228326
0.085421481
0.075079101
0.064971203
0.056233423
0.048826942
0.041255423
0.033634978
0.026035443
0.020895048
0.015066954
0.0088073793
0.0038867122
-0.0005800466
-0.0058681958
-0.0097943636
-0.013742516
-0.018355028
-0.021206813
-0.02552975
-0.028304642
-0.03126548
-0.031037375
-0.033918049
-0.033955646
-0.035361262
-0.037461667
-0.037214756
-0.03966694
-0.040033681
-0.040870252
-0.043639455
-0.042908451
-0.044612
-0.046416363
-0.046295327
-0.048127258
-0.049362584
-0.04957712
-0.051358221
-0.052481998
-0.052745563
-0.054362699
-0.055775158
-0.055851788
-0.057167086
-0.059262032
-0.058955115
-0.060091442
-0.061737236
-0.062617777
-0.063041059
-0.06421194
-0.065896969
-0.066399266
-0.067050127
-0.068165453
-0.069652884
-0.070513337
-0.070949387
-0.071976149
-0.073068617
-0.074504151
-0.075052991
-0.075671084
-0.076611768
-0.077581653
-0.078589635
-0.079891754
-0.080242413
-0.080943884
-0.081725346
-0.082511489
-0.083303861
-0.0840474
-0.084838986
-0.08555728
-0.08641621
-0.086662125
-0.087201875
-0.08768244
-0.088134813
-0.088536054
-0.088888598
-0.08918741
-0.089422428
-0.089593133
-0.089696237
-0.089726352
-0.089700243
-0.089568384
-0.089422469
-0.089098386
0.4998686
0.49855915
0.49396395
0.48844862
0.48016422
0.47019649
0.45813032
0.44395658
0.42797507
0.41042313
0.39158651
0.37178019
0.35132441
0.33052447
0.30965927
0.28897123
0.26866125
0.2488821
0.22978409
0.2114751
0.1940683
0.17776631
0.16224455
0.14710375
0.13228874
0.1194615
0.10770688
0.0963569
0.085538761
0.075187713
0.065070825
0.056317886
0.048900222
0.041325373
0.033702065
0.026094403
0.020941795
0.015114881
0.0088522463
0.0039235236
-0.0005451786
-0.0058344808
-0.0097667703
-0.013715033
-0.018329616
-0.021185355
-0.025507577
-0.028284951
-0.031249261
-0.031022694
-0.033894528
-0.033945141
-0.035340892
-0.037444739
-0.037203087
-0.039646842
-0.040024074
-0.040852957
-0.043621464
-0.04290226
-0.044593982
-0.046402626
-0.046286391
-0.048110848
-0.049351265
-0.04956739
-0.05134309
-0.052471519
-0.052736517
-0.054348538
-0.055764239
-0.055844517
-0.057153734
-0.059249594
-0.0589494
-0.060080451
-0.061725326
-0.062609091
-0.063033482
-0.064201347
-0.065886014
-0.066391861
-0.067042318
-0.06815598
-0.069642767
-0.070505359
-0.070942333
-0.071967997
-0.073059754
-0.07449496
-0.07504596
-0.075663988
-0.07660421
-0.077574108
-0.078581555
-0.079883516
-0.080235916
-0.080937016
-0.081718421
-0.082504585
-0.083297016
-0.084040584
-0.084832211
-0.08555036
-0.08640922
-0.086655992
-0.087195504
-0.087676142
-0.088128559
-0.088529851
-0.088882441
-0.0891813
-0.089416362
-0.089587106
-0.089690249
-0.089720395
-0.089694316
-0.089562476
-0.08941659
-0.089092408
0.49982165
0.49853239
0.49395903
0.48847016
0.48022506
0.47029029
0.45826703
0.44414134
0.42820713
0.41069981
0.39190254
0.37212855
0.35169688
0.33091238
0.31005404
0.28936493
0.26904706
0.24925413
0.23013959
0.21180837
0.19437557
0.17805161
0.16250152
0.14734091
0.13250724
0.11964849
0.10787345
0.096509242
0.085677452
0.075315911
0.065188563
0.056417894
0.048986813
0.04140783
0.033781023
0.026164178
0.020997013
0.015171288
0.0089052095
0.0039670495
-0.00050410979
-0.0057946297
-0.0097341296
-0.013682641
-0.018299484
-0.021160022
-0.025481288
-0.02826174
-0.031229698
-0.031005571
-0.033866504
-0.033932553
-0.035317036
-0.037424375
-0.037189402
-0.039622957
-0.040012476
-0.040832819
-0.043599831
-0.042894809
-0.044572831
-0.046386088
-0.046275795
-0.048091465
-0.049337623
-0.049555871
-0.051325178
-0.052458879
-0.052725772
-0.054331805
-0.055751077
-0.055835803
-0.057138038
-0.059234622
-0.05894246
-0.060067446
-0.061711134
-0.062598599
-0.06302439
-0.064188792
-0.065872889
-0.066382896
-0.067032955
-0.068144707
-0.06963066
-0.070495702
-0.070933827
-0.071958225
-0.073049163
-0.074483894
-0.075037428
-0.075655416
-0.076595102
-0.077565014
-0.078571842
-0.079873541
-0.080228009
-0.080928686
-0.081710024
-0.082496211
-0.083288706
-0.084032305
-0.084823975
-0.085541954
-0.086400699
-0.086648498
-0.087187726
-0.087668447
-0.088120915
-0.088522265
-0.088874907
-0.089173819
-0.089408932
-0.089579723
-0.089682909
-0.089713092
-0.089687048
-0.089555234
-0.089409383
-0.089085089
0.49975933
0.49849451
0.49394634
0.48848703
0.48028628
0.47038913
0.45841457
0.44434346
0.42846324
0.41100712
0.39225542
0.37251942
0.35211684
0.33135196
0.31050391
0.28981632
0.26949231
0.24968671
0.2305544
0.21220182
0.19473875
0.1783906
0.16281012
0.14762319
0.13276629
0.11987017
0.10807066
0.096689473
0.08584133
0.075467135
0.065327597
0.056536206
0.049089072
0.041504981
0.033873904
0.026246666
0.021062191
0.015237627
0.0089676622
0.004018456
-0.00045578593
-0.0057475969
-0.0096955727
-0.013644514
-0.018263829
-0.021130159
-0.025450187
-0.028234413
-0.031206208
-0.030985628
-0.033833236
-0.033917487
-0.03528914
-0.03739997
-0.037173359
-0.039594666
-0.039998517
-0.040809396
-0.043573937
-0.042885858
-0.044548056
-0.046366262
-0.046263252
-0.048068631
-0.049321251
-0.049542261
-0.051304032
-0.052443701
-0.052713044
-0.054312081
-0.055735274
-0.055825401
-0.057119634
-0.059216673
-0.058934074
-0.060052117
-0.061694282
-0.062585984
-0.063013532
-0.064173965
-0.065857231
-0.0663721
-0.067021773
-0.068131341
-0.069616234
-0.070484082
-0.070923622
-0.071946564
-0.073036565
-0.074470645
-0.075027145
-0.075645123
-0.07658419
-0.07755412
-0.078560234
-0.079861548
-0.080218455
-0.080918645
-0.081699907
-0.082486122
-0.083278686
-0.084022321
-0.084814035
-0.085531814
-0.086390391
-0.086639409
-0.087178301
-0.08765912
-0.088111645
-0.088513061
-0.088865763
-0.089164736
-0.089399908
-0.089570752
-0.08967399
-0.089704217
-0.089678216
-0.089546434
-0.089400625
-0.089076205
0.49967782
0.49844189
0.49392302
0.48849665
0.48034584
0.47049157
0.45857211
0.44456281
0.4287439
0.41134617
0.39264674
0.37295469
0.35258628
0.33184518
0.31101068
0.29032706
0.26999858
0.2501815
0.23103137
0.21265737
0.19516302
0.17878598
0.16317687
0.14795994
0.13307372
0.12013243
0.10830355
0.09690219
0.08603466
0.075645327
0.065491627
0.05667605
0.049209763
0.041619389
0.033983121
0.026344117
0.021139093
0.015315607
0.0090412494
0.0040791251
-0.00039896337
-0.0056921497
-0.0096500735
-0.013599682
-0.018221705
-0.021094995
-0.025413457
-0.028202275
-0.031178096
-0.030962428
-0.033793867
-0.033899478
-0.035256565
-0.037370812
-0.037154551
-0.039561247
-0.039981751
-0.040782177
-0.043543056
-0.042875121
-0.044519096
-0.046342574
-0.046248435
-0.048041799
-0.049301667
-0.049526225
-0.051279134
-0.052425536
-0.052698007
-0.054288898
-0.055716375
-0.055813011
-0.057098105
-0.05919525
-0.058923977
-0.060034096
-0.061674343
-0.062570888
-0.063000612
-0.064156509
-0.065838632
-0.066359164
-0.067008464
-0.068115538
-0.06959912
-0.070470174
-0.07091143
-0.071932696
-0.073021634
-0.074454862
-0.075014815
-0.075632817
-0.076571171
-0.077541124
-0.078546422
-0.079847206
-0.08020698
-0.08090661
-0.081687784
-0.082474031
-0.083266673
-0.084010347
-0.084802107
-0.085519653
-0.086377999
-0.086628461
-0.087166953
-0.087647887
-0.088100476
-0.088501967
-0.088854738
-0.08915378
-0.089389021
-0.089559927
-0.089663226
-0.089693505
-0.089667555
-0.089535815
-0.089390056
-0.089065495
0.49957257
0.49837045
0.49388546
0.48849576
0.48040114
0.47059575
0.45873858
0.44479917
0.42904981
0.41171849
0.39307877
0.37343725
0.35310851
0.33239554
0.31157781
0.29090036
0.2705687
0.25074066
0.23157588
0.21317259
0.19565181
0.1792395
0.16360393
0.14835891
0.13343917
0.12044315
0.10857846
0.09715266
0.086262197
0.075854898
0.06568487
0.05684116
0.049352095
0.041754049
0.034111499
0.026459181
0.021229809
0.01540724
0.0091279149
0.0041506949
-0.00033217098
-0.0056268315
-0.009596417
-0.013547
-0.018171992
-0.021053622
-0.025370134
-0.028164503
-0.03114453
-0.03093546
-0.033747406
-0.03387797
-0.035218577
-0.037336057
-0.037132499
-0.039521857
-0.039961649
-0.040750574
-0.043506329
-0.042862258
-0.044485317
-0.046314349
-0.046230949
-0.048010343
-0.049278308
-0.049507357
-0.051249895
-0.052403868
-0.052680268
-0.054261713
-0.055693863
-0.055798273
-0.05707296
-0.059169788
-0.058911856
-0.060012942
-0.061650823
-0.062552896
-0.06298527
-0.064135998
-0.065816619
-0.066343726
-0.066992674
-0.068096904
-0.069578883
-0.070453597
-0.070896915
-0.071916253
-0.07300399
-0.074436129
-0.075000094
-0.07561816
-0.076555693
-0.077525675
-0.078530042
-0.079830124
-0.080193258
-0.080892245
-0.081673318
-0.082459603
-0.083252331
-0.08399605
-0.084787855
-0.085505134
-0.086363175
-0.086615338
-0.087153358
-0.087634426
-0.088087089
-0.088488666
-0.088841516
-0.089140638
-0.089375959
-0.089546937
-0.089650307
-0.089680649
-0.089654761
-0.089523073
-0.089377374
-0.089052658
0.49943807
0.498275
0.49382907
0.48848014
0.48044868
0.47069907
0.45891231
0.44505192
0.42938144
0.41212564
0.3935541
0.37397055
0.35368769
0.33300771
0.31221023
0.29154116
0.2712074
0.25136857
0.23219068
0.21375308
0.19620811
0.17975578
0.16409108
0.14882337
0.13387083
0.1208115
0.10890364
0.097447999
0.08652969
0.07610088
0.065912049
0.057035753
0.049519724
0.041912401
0.034262318
0.026594975
0.0213368
0.015514898
0.009229958
0.0042351094
-0.00025366595
-0.0055499141
-0.0095331571
-0.013485113
-0.018113363
-0.021004962
-0.025319083
-0.028120125
-0.031104507
-0.030904116
-0.033692693
-0.033852299
-0.035174339
-0.037294705
-0.037106637
-0.039475509
-0.03993757
-0.040713912
-0.043462743
-0.042846835
-0.044445979
-0.046280793
-0.046210317
-0.047973533
-0.049250516
-0.049485165
-0.051215624
-0.052378091
-0.052659364
-0.054229893
-0.055667124
-0.055780779
-0.057043638
-0.059139613
-0.058897345
-0.059988151
-0.061623137
-0.062531511
-0.062967092
-0.064111937
-0.065790626
-0.066325354
-0.066973984
-0.068074974
-0.069555008
-0.070433897
-0.070879685
-0.071896806
-0.072983185
-0.074413957
-0.074982575
-0.075600756
-0.076537343
-0.077507359
-0.078510669
-0.079809847
-0.080176909
-0.080875158
-0.081656116
-0.082442444
-0.083235267
-0.083979039
-0.08477089
-0.085487863
-0.086345512
-0.086599674
-0.087137138
-0.087618363
-0.088071111
-0.088472787
-0.088825727
-0.089124942
-0.089360356
-0.089531419
-0.089634872
-0.089665292
-0.089639478
-0.089507856
-0.089362225
-0.08903734
0.49926767
0.49814911
0.49374799
0.48844437
0.48048387
0.47079791
0.45909074
0.44531972
0.42973872
0.41256885
0.3940752
0.37455825
0.35432847
0.33368711
0.31291389
0.29225572
0.27192102
0.25207164
0.23287624
0.21441023
0.19683493
0.18034022
0.16464105
0.14935314
0.13437287
0.12124531
0.10928763
0.097796956
0.086844972
0.076389873
0.066178765
0.05726464
0.049716722
0.042098303
0.034439306
0.026755115
0.021462942
0.015641348
0.0093500882
0.0043346716
-0.00016138769
-0.0054593474
-0.0094585715
-0.013412414
-0.018044235
-0.020947731
-0.025258953
-0.028067988
-0.03105682
-0.030867663
-0.033628369
-0.033821652
-0.035122885
-0.037245569
-0.03707629
-0.039421052
-0.039908735
-0.040671415
-0.0434111
-0.042828284
-0.044400185
-0.046240955
-0.046185946
-0.047930492
-0.049217496
-0.049459071
-0.051175509
-0.052347477
-0.052634749
-0.054192696
-0.055635417
-0.055760034
-0.057009489
-0.059103922
-0.058879997
-0.059959138
-0.061590597
-0.062506143
-0.062945587
-0.06408375
-0.065759992
-0.066303534
-0.066951898
-0.068049205
-0.069526893
-0.070410539
-0.070859272
-0.07187385
-0.072958698
-0.074387774
-0.07496178
-0.075580141
-0.076515638
-0.077485693
-0.078487807
-0.079785842
-0.080157487
-0.08085489
-0.081635716
-0.082422096
-0.083215024
-0.083958859
-0.084750753
-0.085467381
-0.086324534
-0.086581041
-0.087117851
-0.087599259
-0.088052105
-0.088453896
-0.088806942
-0.089106264
-0.089341786
-0.089512949
-0.089616502
-0.089647013
-0.089621288
-0.089489749
-0.089344198
-0.089019131
0.49905326
0.49798478
0.49363483
0.4883815
0.48050066
0.47088742
0.4592702
0.44560023
0.43012078
0.41304875
0.39464418
0.3752038
0.35503553
0.33443946
0.31369536
0.29305116
0.272717
0.25285712
0.23364079
0.21514854
0.19753741
0.18099759
0.16525995
0.14994951
0.13494572
0.12174905
0.10973761
0.098207865
0.087216903
0.07673037
0.066492672
0.05753401
0.049947877
0.042316073
0.034646584
0.026943688
0.021611515
0.015789766
0.0094914628
0.0044520879
-5.2913885e-05
-0.0053527078
-0.0093706128
-0.013326995
-0.017962727
-0.020880398
-0.025188136
-0.028006725
-0.031000016
-0.03082521
-0.033552835
-0.033785037
-0.035063095
-0.037187235
-0.037040651
-0.039357146
-0.039874187
-0.040622189
-0.043349991
-0.042805932
-0.044346914
-0.046193684
-0.046157113
-0.047880179
-0.049178276
-0.04942834
-0.051128562
-0.05231114
-0.052605752
-0.054149248
-0.055597865
-0.055735433
-0.056969755
-0.059061776
-0.058859269
-0.059925224
-0.061552405
-0.062476091
-0.062920171
-0.064050771
-0.065723944
-0.066277657
-0.066925838
-0.068018966
-0.069493838
-0.070382893
-0.070835129
-0.071846793
-0.072929921
-0.074356911
-0.074937142
-0.075555768
-0.076490013
-0.077460113
-0.078460876
-0.079757483
-0.080134467
-0.080830902
-0.081611579
-0.082398021
-0.083191066
-0.083934976
-0.08472691
-0.08544315
-0.086299685
-0.086558938
-0.087094981
-0.087576606
-0.088029563
-0.088431488
-0.088784656
-0.089084104
-0.089319754
-0.089491034
-0.089594705
-0.089625328
-0.089599709
-0.089468274
-0.089322815
-0.088997555
0.49878508
0.49777211
0.49348031
0.48828277
0.48049124
0.47096111
0.45944555
0.44588986
0.43052566
0.41356507
0.39526246
0.37591025
0.35581339
0.33527055
0.31456146
0.29393513
0.27360353
0.25373346
0.23449569
0.21597466
0.19832413
0.18173524
0.16595491
0.15061858
0.13559111
0.12232322
0.11025685
0.098687229
0.087653645
0.077131084
0.066862888
0.057852179
0.050219982
0.042571181
0.034888933
0.027165282
0.021786157
0.015963694
0.0096576738
0.0045904805
7.4561895e-05
-0.005227158
-0.0092668651
-0.013226611
-0.017866604
-0.020801143
-0.02510472
-0.027934706
-0.030932349
-0.03077568
-0.033464212
-0.033741222
-0.03499366
-0.037118025
-0.03699874
-0.039282226
-0.039832761
-0.04056519
-0.043277758
-0.042778964
-0.044285018
-0.046137618
-0.046122977
-0.04782141
-0.049131693
-0.049392109
-0.051073624
-0.052268005
-0.052571523
-0.054098474
-0.055553419
-0.055706212
-0.056923499
-0.059012059
-0.058834487
-0.059885586
-0.061507619
-0.062440523
-0.062890144
-0.064012215
-0.065681579
-0.066246999
-0.066895114
-0.067983519
-0.069455024
-0.070350215
-0.070806606
-0.071814942
-0.072896144
-0.074320588
-0.074907995
-0.075526996
-0.076459806
-0.077429957
-0.0784292
-0.079724043
-0.08010723
-0.080802566
-0.081583074
-0.082369589
-0.083162764
-0.083906765
-0.084698735
-0.085414545
-0.086270317
-0.086532778
-0.087067926
-0.087549804
-0.08800289
-0.088404972
-0.088758283
-0.089057879
-0.089293679
-0.089465099
-0.089568909
-0.089599667
-0.089574175
-0.089442871
-0.089297518
-0.088972056
0.49845131
0.4974989
0.49327283
0.48813712
0.48044566
0.4710105
0.45960984
0.44618333
0.43094998
0.41411638
0.39593055
0.37667998
0.35666615
0.33618601
0.31551911
0.29491553
0.27458927
0.25470994
0.23544999
0.21689805
0.19920495
0.18256217
0.16673435
0.15136864
0.13631452
0.12297009
0.11084584
0.099237418
0.088160594
0.077599787
0.067298297
0.05822808
0.050541502
0.042871359
0.035173042
0.027425638
0.02199111
0.016167053
0.0098526911
0.0047533433
0.0002241982
-0.005079445
-0.0091445231
-0.013108645
-0.017753234
-0.020707817
-0.025006442
-0.027849995
-0.030851721
-0.030717772
-0.033360288
-0.033688681
-0.034913045
-0.037035932
-0.036949366
-0.039194465
-0.039783032
-0.040499191
-0.043192442
-0.042746356
-0.044213162
-0.046071139
-0.046082537
-0.047752831
-0.049076368
-0.049349404
-0.051009397
-0.052216795
-0.052531088
-0.054039136
-0.055500808
-0.055671459
-0.056869609
-0.058953432
-0.05880482
-0.059839203
-0.061455074
-0.062398433
-0.06285463
-0.063967113
-0.065631818
-0.066210686
-0.066858894
-0.067941977
-0.069409487
-0.070311627
-0.07077293
-0.071777476
-0.072856538
-0.074277894
-0.074873553
-0.075493067
-0.076424237
-0.077394448
-0.078391992
-0.079684667
-0.080075049
-0.080769139
-0.081549461
-0.082336064
-0.083129385
-0.083873497
-0.084665495
-0.085380831
-0.08623567
-0.086501872
-0.08703598
-0.087518158
-0.087971393
-0.088373658
-0.088727137
-0.089026907
-0.089262886
-0.089434472
-0.089538448
-0.089569371
-0.089544031
-0.089412889
-0.089267657
-0.08894199
0.4980377
0.49715016
0.49299799
0.48793081
0.4803513
0.47102465
0.45975379
0.44647329
0.43138847
0.41469962
0.39664765
0.37751437
0.35759725
0.33719109
0.3165751
0.29600045
0.27568326
0.25579625
0.23651378
0.21792911
0.2001901
0.18348844
0.16760819
0.15220889
0.13712471
0.12369658
0.11150852
0.099859142
0.088738467
0.078140182
0.067805799
0.058670315
0.050920725
0.043225111
0.035507458
0.027732864
0.022232448
0.016404801
0.01008111
0.0049445767
0.00039943772
-0.0049059611
-0.0090004327
-0.012970131
-0.017619574
-0.02059792
-0.02489065
-0.027750316
-0.030755624
-0.030649929
-0.03323849
-0.033625518
-0.03481947
-0.036938566
-0.036891077
-0.039091727
-0.039723254
-0.040422752
-0.043091724
-0.042706822
-0.044129792
-0.045992314
-0.046034563
-0.04767286
-0.049010651
-0.049299039
-0.050934374
-0.052155998
-0.05248334
-0.053969866
-0.055438517
-0.055630114
-0.056806875
-0.058884307
-0.058769265
-0.05978492
-0.061393411
-0.062348601
-0.062812593
-0.063914297
-0.065573345
-0.066167656
-0.066816156
-0.06789323
-0.069356036
-0.070266065
-0.070733161
-0.071733385
-0.072810095
-0.074227743
-0.074832874
-0.075453077
-0.07638238
-0.077352664
-0.078348327
-0.079638356
-0.080037067
-0.080729754
-0.081509872
-0.082296585
-0.083090067
-0.083834316
-0.084626333
-0.085341155
-0.086194857
-0.086465414
-0.086998319
-0.08748085
-0.087934259
-0.08833674
-0.088690419
-0.088990395
-0.089226587
-0.08939837
-0.089502545
-0.089533667
-0.08950851
-0.089377571
-0.089232477
-0.088906609
0.49752705
0.49670758
0.49263803
0.48764676
0.48019232
0.47098961
0.45986533
0.44674974
0.43183351
0.41530967
0.3974112
0.37841341
0.35860904
0.33829033
0.31773588
0.29719788
0.27689472
0.25700253
0.23769775
0.21907889
0.20129082
0.18452515
0.16858686
0.15314988
0.13803269
0.12451256
0.11225277
0.10055632
0.089389136
0.07875184
0.068386411
0.059183961
0.051364701
0.043640399
0.035900643
0.028096166
0.022518246
0.016684146
0.010349424
0.0051691901
0.00060429488
-0.0047026999
-0.0088311629
-0.012807834
-0.01746222
-0.020468628
-0.024754311
-0.02763304
-0.030641097
-0.030570312
-0.03309587
-0.033549415
-0.034710894
-0.036823098
-0.036822117
-0.038971541
-0.039651293
-0.040334207
-0.042972869
-0.042658751
-0.044033108
-0.045898829
-0.045977539
-0.047579631
-0.048932556
-0.049239564
-0.050846765
-0.052083794
-0.052426914
-0.053889061
-0.055364771
-0.055580895
-0.056733929
-0.058802839
-0.058726612
-0.059721471
-0.061321102
-0.062289589
-0.062762836
-0.063852481
-0.065504633
-0.066116642
-0.06676571
-0.067836008
-0.069293271
-0.070212242
-0.070686165
-0.071681454
-0.072755568
-0.07416881
-0.074784817
-0.075405926
-0.076333098
-0.077303461
-0.078297067
-0.079583919
-0.079992253
-0.080683369
-0.081463271
-0.082250124
-0.08304379
-0.083788215
-0.08458024
-0.085294514
-0.08614684
-0.086422457
-0.086953976
-0.087436928
-0.08789054
-0.088293276
-0.088647192
-0.088947413
-0.08918386
-0.089355878
-0.089460292
-0.089491657
-0.089466719
-0.089336035
-0.089191095
-0.088865043
0.49689867
0.49614895
0.49217124
0.48726406
0.47994909
0.47088776
0.4599289
0.44699945
0.43227447
0.4159387
0.3982163
0.37937512
0.35970238
0.33948718
0.31900717
0.29851551
0.2782329
0.25833918
0.2390132
0.2203591
0.20251899
0.18568423
0.16968212
0.15420284
0.13904963
0.12542924
0.11308793
0.1013375
0.090119324
0.079438078
0.06904088
0.059768605
0.051875089
0.044121984
0.036359703
0.028524389
0.022856777
0.017013252
0.010666261
0.0054345956
0.00084471874
-0.0044644309
-0.0086326417
-0.012618189
-0.017277475
-0.020316884
-0.024594082
-0.027495235
-0.030504708
-0.030476807
-0.032929162
-0.033457597
-0.034585048
-0.036686235
-0.036740381
-0.038831094
-0.039564563
-0.04023166
-0.0428327
-0.042600143
-0.043921071
-0.045787934
-0.045909617
-0.047470976
-0.04883969
-0.049169218
-0.050744462
-0.051997988
-0.052360141
-0.053794803
-0.055277449
-0.055522226
-0.056649127
-0.058706853
-0.058675371
-0.05964733
-0.061236347
-0.062219703
-0.062703927
-0.063780202
-0.065423953
-0.066056138
-0.066706179
-0.06776891
-0.069219628
-0.070148649
-0.070630624
-0.071620311
-0.072691551
-0.074099551
-0.074728021
-0.075350318
-0.076275058
-0.077245499
-0.078236843
-0.079519908
-0.079939363
-0.080628724
-0.081408397
-0.082195425
-0.082989305
-0.083733967
-0.084526004
-0.085239719
-0.086090393
-0.086371882
-0.08690181
-0.087385266
-0.087839125
-0.088242165
-0.088596364
-0.088896878
-0.08913363
-0.089305931
-0.08941063
-0.089442293
-0.089417619
-0.08928725
-0.089142485
-0.08881628
0.49612766
0.49544742
0.49157124
0.48675721
0.47959743
0.4706971
0.45992475
0.44720518
0.43269699
0.4165755
0.39905507
0.38039498
0.36087602
0.34078346
0.32039357
0.29996029
0.27970671
0.25981667
0.24047166
0.22178206
0.2038875
0.18697865
0.17090654
0.15537987
0.14018751
0.1264591
0.11402525
0.1022143
0.090938762
0.080207553
0.069775197
0.06042688
0.052452406
0.04466891
0.036885966
0.029022991
0.023255046
0.017399777
0.011040437
0.0057492751
0.001128591
-0.0041833712
-0.0083985472
-0.012396308
-0.017060884
-0.020139259
-0.02440635
-0.027333762
-0.030342619
-0.030367091
-0.03273494
-0.033346849
-0.034439536
-0.036524257
-0.036643405
-0.038667297
-0.039459996
-0.040113025
-0.042667614
-0.042528557
-0.043791438
-0.045656407
-0.045828573
-0.047344424
-0.048729205
-0.049085898
-0.05062503
-0.051895955
-0.052281017
-0.053684846
-0.055174002
-0.055452176
-0.056550516
-0.058593757
-0.058613707
-0.05956067
-0.061136982
-0.062136904
-0.062634128
-0.063695682
-0.065329246
-0.065984346
-0.066635906
-0.067690249
-0.069133273
-0.070073523
-0.070564979
-0.071548364
-0.072616475
-0.074018219
-0.074660893
-0.075284754
-0.07620674
-0.077177267
-0.078166121
-0.079444643
-0.079876929
-0.080564344
-0.081343777
-0.082131025
-0.082925149
-0.083670111
-0.084462144
-0.085175307
-0.086024032
-0.086312333
-0.086840441
-0.087324509
-0.087778683
-0.088182102
-0.088536645
-0.088837511
-0.089074633
-0.089247277
-0.089352322
-0.08938435
-0.089359995
-0.08923002
-0.089085448
-0.088759144
0.49518417
0.49457085
0.49080628
0.48609543
0.47910789
0.47039047
0.45982812
0.44734485
0.43308214
0.41720464
0.39991577
0.3814651
0.36212587
0.34217871
0.32189793
0.30153803
0.28132441
0.2614452
0.24208485
0.2233605
0.20540967
0.18842216
0.17227388
0.15669425
0.14145938
0.12761522
0.1150775
0.10319843
0.091858423
0.081070994
0.070598362
0.061166626
0.053102094
0.045283014
0.037479224
0.029590782
0.023713573
0.017848186
0.011478527
0.0061216387
0.001463609
-0.0038509703
-0.0081205252
-0.012134583
-0.016805526
-0.019930733
-0.024186545
-0.027145007
-0.030150568
-0.030238582
-0.032509759
-0.033213502
-0.034271952
-0.036333145
-0.036528412
-0.03847696
-0.03933409
-0.039976141
-0.042473714
-0.042441094
-0.04364185
-0.045500572
-0.045731792
-0.047197273
-0.0485978
-0.04898716
-0.050485746
-0.051774606
-0.052187175
-0.053556624
-0.055051408
-0.055368414
-0.056435845
-0.058460492
-0.058539362
-0.059459351
-0.061020442
-0.062038727
-0.062551332
-0.063596785
-0.065218041
-0.065899079
-0.066552892
-0.067597978
-0.069031988
-0.069984747
-0.070487348
-0.071463681
-0.072528437
-0.073922748
-0.074581538
-0.075207447
-0.07612633
-0.077096981
-0.078083153
-0.079356206
-0.079803233
-0.080488532
-0.081267729
-0.082055262
-0.082849664
-0.08359499
-0.084386965
-0.085099589
-0.085946016
-0.086242215
-0.086768252
-0.087253055
-0.087707618
-0.088111503
-0.08846647
-0.088767768
-0.089005349
-0.089178433
-0.089283917
-0.089316396
-0.089292426
-0.089162941
-0.089018587
-0.088692271
0.49403248
0.49348104
0.48983854
0.48524192
0.47844495
0.46993462
0.45960833
0.44739065
0.43340548
0.41780545
0.40078191
0.38257331
0.36344414
0.34366938
0.32352067
0.30325267
0.28309298
0.26323428
0.24386424
0.22510731
0.20709957
0.1900294
0.17379867
0.1581601
0.1428793
0.12891207
0.11625826
0.10430206
0.092890551
0.082039696
0.071521046
0.061998761
0.053832985
0.045971041
0.038144322
0.030229049
0.02423359
0.018355695
0.011977086
0.0065573596
0.0018556768
-0.0034600255
-0.0077908314
-0.011824949
-0.016502659
-0.019683617
-0.023927363
-0.026923337
-0.029922898
-0.030087391
-0.032249514
-0.033052669
-0.034079478
-0.03610851
-0.036392184
-0.038256926
-0.039182896
-0.039818815
-0.042246967
-0.042334384
-0.043470016
-0.045316431
-0.045616322
-0.047026757
-0.048441806
-0.048870277
-0.050323726
-0.051630435
-0.052075899
-0.053407314
-0.054906181
-0.055268199
-0.05630262
-0.058303548
-0.058449613
-0.059340942
-0.060883749
-0.061922231
-0.06245302
-0.063481008
-0.065087411
-0.06579769
-0.066454748
-0.067489661
-0.068913126
-0.069879762
-0.07039546
-0.071363933
-0.072425121
-0.073810645
-0.07448766
-0.07511624
-0.076031632
-0.077002461
-0.07798581
-0.079252314
-0.079716228
-0.080399259
-0.081178232
-0.081966149
-0.082760876
-0.083506666
-0.084298533
-0.085010655
-0.085854345
-0.086159676
-0.086683384
-0.087169067
-0.087624088
-0.088028527
-0.088384016
-0.088685848
-0.088923995
-0.089097626
-0.089203657
-0.0892367
-0.089213204
-0.089084345
-0.088940258
-0.088614069
0.49263011
0.49213302
0.48862333
0.48415313
0.47756617
0.4692894
0.45922784
0.44730798
0.43363597
0.41835098
0.40163105
0.38370203
0.36481825
0.34524784
0.32525883
0.30510556
0.28501754
0.26519218
0.24582066
0.22703525
0.2089713
0.19181555
0.17549652
0.15979272
0.14446235
0.13036527
0.11758235
0.10553888
0.094048328
0.083126347
0.072555602
0.062935305
0.054656073
0.046742991
0.038889174
0.030944317
0.024821895
0.018923154
0.012538163
0.0070519439
0.002302767
-0.0030090145
-0.0074052163
-0.011462514
-0.016144653
-0.019390093
-0.023620301
-0.026660773
-0.029651034
-0.02990627
-0.031947739
-0.032856031
-0.033856851
-0.03584415
-0.036229552
-0.038003099
-0.039001028
-0.039637974
-0.041982738
-0.042204029
-0.043273603
-0.045099738
-0.045478809
-0.046830162
-0.048257273
-0.04873227
-0.050136091
-0.051459641
-0.051944212
-0.05323402
-0.054734506
-0.055148449
-0.056148249
-0.058119076
-0.058341284
-0.059202809
-0.060723574
-0.061784001
-0.062336256
-0.063345518
-0.064934005
-0.06567705
-0.066338685
-0.067362482
-0.068773594
-0.069755517
-0.070286594
-0.071246345
-0.072303758
-0.073678935
-0.074376477
-0.075008546
-0.075920012
-0.076891087
-0.077871524
-0.079130221
-0.079613432
-0.080294078
-0.08107284
-0.08186127
-0.082656386
-0.083402787
-0.084194503
-0.084906217
-0.085746651
-0.086062516
-0.086583629
-0.087070373
-0.087525959
-0.087931064
-0.088287191
-0.088589676
-0.08882852
-0.0890028
-0.08910949
-0.089143244
-0.089120339
-0.088992278
-0.088848495
-0.088522618
0.49092684
0.49047446
0.48710852
0.48277803
0.47642148
0.4684068
0.45864123
0.44705443
0.43373484
0.41880678
0.40243363
0.38482704
0.36622959
0.34690113
0.32710497
0.30709436
0.28710036
0.26732512
0.2479636
0.22915634
0.21103898
0.19379623
0.17738361
0.16160809
0.14622451
0.13199179
0.11906619
0.10692396
0.095346123
0.084344461
0.073714848
0.063989191
0.055583891
0.047609842
0.039723594
0.031746946
0.025486804
0.019557305
0.01316984
0.0076060484
0.0028050627
-0.0025008257
-0.0069652662
-0.011049288
-0.015728069
-0.019045626
-0.023260156
-0.026350342
-0.029325915
-0.029686898
-0.031598437
-0.032614028
-0.033597323
-0.035531561
-0.036031559
-0.037708736
-0.038779513
-0.039427409
-0.041673849
-0.042042145
-0.043048468
-0.04484472
-0.045314134
-0.046603884
-0.048039192
-0.048569141
-0.049919514
-0.051257897
-0.051788754
-0.05303385
-0.054532356
-0.055005748
-0.055970142
-0.057903055
-0.058210788
-0.059042284
-0.060536414
-0.061620264
-0.062197807
-0.063187305
-0.064754183
-0.065533612
-0.066201588
-0.067213317
-0.068609902
-0.069608461
-0.07015756
-0.0711077
-0.072161132
-0.073524154
-0.074244683
-0.074881315
-0.075788371
-0.076759757
-0.077737245
-0.078986648
-0.079491834
-0.080170041
-0.080948602
-0.081737711
-0.0825333
-0.083280506
-0.084072033
-0.084783506
-0.085620092
-0.08594808
-0.086466328
-0.086954343
-0.087410646
-0.08781657
-0.088173483
-0.088476771
-0.088716478
-0.088891554
-0.088999051
-0.089033698
-0.089011529
-0.088884472
-0.088741003
-0.08841568
0.48886387
0.48844518
0.48523398
0.48105758
0.47495252
0.46723018
0.45779436
0.44657872
0.43365444
0.41912961
0.40315156
0.38591603
0.36765206
0.34860956
0.32904575
0.30921181
0.28933972
0.26963625
0.25030034
0.23148122
0.21331588
0.19598682
0.17947659
0.16362304
0.14818252
0.13380962
0.12072756
0.10847377
0.096799645
0.085709032
0.075012922
0.06517435
0.056629747
0.048583392
0.040658888
0.032647943
0.026239084
0.020267989
0.013877214
0.0082289762
0.0033688352
-0.0019336282
-0.0064694362
-0.010585109
-0.01525826
-0.018652951
-0.022848724
-0.025989799
-0.028942779
-0.029423956
-0.031201275
-0.032320858
-0.033297933
-0.035165726
-0.035789828
-0.037368426
-0.038508926
-0.039180107
-0.041313236
-0.041838296
-0.042788071
-0.044542707
-0.045113235
-0.046341504
-0.047779437
-0.048373438
-0.049667991
-0.051018234
-0.051603948
-0.052802509
-0.054294368
-0.05483525
-0.055764882
-0.057650767
-0.058053525
-0.05885639
-0.060318593
-0.061426976
-0.062034242
-0.063003319
-0.064544169
-0.065363489
-0.066040114
-0.067038858
-0.068418309
-0.069434647
-0.070004802
-0.07094446
-0.071993708
-0.073342471
-0.07408851
-0.0747311
-0.075633187
-0.0766049
-0.07757943
-0.078817741
-0.079347821
-0.080023652
-0.080802012
-0.081592011
-0.082388174
-0.083136439
-0.083927722
-0.084639204
-0.085471253
-0.085813157
-0.086328278
-0.086817799
-0.087275016
-0.087681958
-0.088039851
-0.088344138
-0.088584927
-0.088761001
-0.088869504
-0.088905265
-0.088884004
-0.08875821
-0.088615102
-0.088290685
0.48637326
0.48597696
0.48293134
0.47892439
0.47309218
0.46569364
0.4566235
0.4458198
0.43333715
0.41926619
0.40373679
0.38692701
0.36905041
0.35034505
0.33106037
0.31144419
0.29172852
0.27212445
0.25283498
0.23401822
0.21581386
0.19840215
0.18179205
0.16585459
0.15035353
0.13583759
0.12258564
0.11020613
0.098425885
0.087236381
0.076465183
0.066506155
0.057808497
0.049676488
0.041706769
0.033658857
0.027091314
0.021065282
0.014668866
0.0089320295
0.0040023453
-0.0013000959
-0.0059114944
-0.010064945
-0.014734954
-0.018211289
-0.022387467
-0.025582913
-0.028512543
-0.029116354
-0.030758913
-0.031970099
-0.032955396
-0.034746004
-0.035499401
-0.036983186
-0.038185928
-0.038894099
-0.040901153
-0.041586367
-0.04249101
-0.04418961
-0.044868621
-0.046038388
-0.047470531
-0.048136761
-0.04937507
-0.050731729
-0.051380683
-0.052532658
-0.05401191
-0.05462841
-0.055526148
-0.057354848
-0.057861418
-0.05863962
-0.060064574
-0.061198377
-0.061840671
-0.062789415
-0.064299231
-0.065161698
-0.065850127
-0.066835216
-0.068194681
-0.069229777
-0.069824526
-0.070752952
-0.071797798
-0.073129861
-0.073903843
-0.074554166
-0.075450618
-0.076422566
-0.077394125
-0.078619142
-0.079177216
-0.079850923
-0.08062906
-0.081420199
-0.082217036
-0.082966666
-0.083757587
-0.084469379
-0.085296045
-0.085653846
-0.086165622
-0.086656908
-0.087115293
-0.08752351
-0.08788264
-0.08818818
-0.088430332
-0.088607654
-0.088717408
-0.088754562
-0.088734421
-0.088610216
-0.08846755
-0.088144533
0.48337777
0.48299367
0.48012404
0.47630262
0.4707645
0.46372176
0.45505487
0.44470608
0.43271439
0.41915199
0.40412993
0.38780677
0.37037853
0.35206928
0.33311864
0.31376948
0.29425263
0.27478278
0.25556697
0.23677228
0.21854241
0.20105546
0.18434596
0.16831993
0.15275502
0.13809511
0.12466085
0.11214026
0.10024316
0.088944177
0.07808825
0.068001283
0.059136535
0.050903542
0.042880083
0.034792049
0.028056723
0.021960072
0.015555212
0.0097261117
0.0047151199
-0.00059051488
-0.0052820816
-0.0094815221
-0.014150156
-0.01771436
-0.02187298
-0.025128666
-0.028031507
-0.028760209
-0.030279071
-0.03156498
-0.03257324
-0.034281525
-0.035161345
-0.036562059
-0.037815853
-0.038570416
-0.040443982
-0.041279953
-0.042156148
-0.043785542
-0.044575262
-0.04569439
-0.047111431
-0.047855854
-0.049040752
-0.050396102
-0.0511149
-0.052222512
-0.053681018
-0.054379162
-0.055249939
-0.057009805
-0.057625834
-0.058385412
-0.059766756
-0.06092527
-0.061608451
-0.062538192
-0.06401163
-0.064919924
-0.065624503
-0.066595783
-0.067932585
-0.06898778
-0.0696115
-0.070528385
-0.071568676
-0.072881414
-0.073685592
-0.074345997
-0.075236133
-0.076208242
-0.077177013
-0.078386203
-0.078975478
-0.079647582
-0.080425394
-0.081217922
-0.082015484
-0.082766799
-0.083557094
-0.08426947
-0.085089654
-0.085465509
-0.085973807
-0.086467139
-0.086927012
-0.087336816
-0.087697501
-0.088004586
-0.088248414
-0.088427269
-0.088538565
-0.088577459
-0.088558713
-0.088436525
-0.088294416
-0.08797348
0.47979139
0.47941183
0.47672777
0.47310835
0.46788494
0.46122964
0.45300446
0.44315506
0.43170595
0.41871024
0.40425892
0.38848928
0.37157762
0.35373172
0.33517897
0.31615527
0.29688873
0.27759654
0.25848946
0.2397433
0.22150717
0.20395753
0.18715292
0.17103553
0.15540409
0.14060173
0.12697472
0.11429685
0.10227113
0.090851515
0.079900144
0.069677808
0.060631954
0.052280589
0.044192905
0.036061054
0.029149977
0.022964582
0.016546835
0.010622159
0.0055178193
0.00020377588
-0.0045717417
-0.0088257645
-0.013495406
-0.017153208
-0.021298845
-0.024620018
-0.027487316
-0.028347813
-0.029765719
-0.031106768
-0.032149929
-0.033775752
-0.034770146
-0.036102803
-0.037394214
-0.038204902
-0.039946847
-0.040918924
-0.041786325
-0.043338721
-0.044235117
-0.045315316
-0.046710222
-0.047533473
-0.048670992
-0.050015915
-0.050805337
-0.051872864
-0.053301188
-0.054083128
-0.054935277
-0.056615769
-0.057342468
-0.058092266
-0.059423853
-0.060603843
-0.06133308
-0.062246656
-0.063677923
-0.064632674
-0.065358216
-0.066315542
-0.067625718
-0.068700714
-0.069357691
-0.070263001
-0.0712985
-0.072589224
-0.073425438
-0.074099122
-0.074982488
-0.075955047
-0.076922185
-0.078113218
-0.078737032
-0.079408534
-0.080185865
-0.080980026
-0.081778341
-0.082531693
-0.083321013
-0.084034367
-0.084846753
-0.085242937
-0.085747755
-0.08624337
-0.086705081
-0.087116793
-0.087479357
-0.087788233
-0.088033983
-0.088214659
-0.088327844
-0.088368926
-0.088351935
-0.088232317
-0.088090931
-0.087772968
0.47552074
0.47514174
0.47265161
0.46925052
0.46436127
0.45812366
0.45037848
0.44107347
0.43021981
0.41785137
0.4040381
0.38889429
0.37257447
0.35526754
0.337186
0.3185564
0.29960198
0.28054091
0.26158699
0.24292427
0.22470849
0.20711501
0.19022468
0.1740164
0.15831704
0.14337648
0.12954922
0.1166977
0.10453064
0.092978826
0.081920297
0.071555218
0.062314659
0.053825546
0.045660785
0.037480484
0.030387133
0.024092702
0.017655265
0.011632587
0.006422164
0.0010923898
-0.0037699866
-0.0080887334
-0.012762403
-0.016518755
-0.020657335
-0.024048136
-0.026879864
-0.027868021
-0.02920783
-0.03058178
-0.031670139
-0.033219917
-0.034315199
-0.035598444
-0.03691406
-0.03779214
-0.039411528
-0.040502325
-0.041381385
-0.042853577
-0.043845477
-0.044900131
-0.046265383
-0.047164519
-0.048263986
-0.049591292
-0.050451015
-0.051486574
-0.052878307
-0.053742305
-0.054586217
-0.05618083
-0.057014655
-0.057764698
-0.059043348
-0.060239866
-0.061016343
-0.061916784
-0.063299571
-0.06429764
-0.06504905
-0.06599326
-0.067272634
-0.068365034
-0.069059023
-0.069953195
-0.070983199
-0.072249135
-0.073117937
-0.073808553
-0.074684782
-0.075656984
-0.076622908
-0.077792822
-0.078453705
-0.079126035
-0.079902532
-0.080698504
-0.081497624
-0.082253516
-0.083041868
-0.083757575
-0.084561232
-0.084980205
-0.085481776
-0.085979779
-0.086443649
-0.086857536
-0.087222237
-0.087533136
-0.087781066
-0.087963824
-0.088079291
-0.088123084
-0.088108261
-0.087991842
-0.087851336
-0.087537408
0.47046744
0.47008922
0.46779974
0.46463254
0.46009515
0.45430294
0.44707452
0.43835805
0.42815257
0.41647301
0.40336765
0.38892635
0.37327987
0.35659566
0.33906838
0.3209123
0.30234329
0.28357831
0.26483308
0.24629883
0.22813893
0.21052868
0.19356896
0.17727479
0.1615081
0.14643684
0.13240614
0.11936545
0.10704349
0.095347639
0.084169364
0.073654208
0.064206266
0.05555836
0.047300923
0.039066152
0.031785767
0.025360194
0.018893184
0.012770793
0.0074411289
0.0020860511
-0.0028657388
-0.00726027
-0.011942097
-0.01580169
-0.019940376
-0.023405311
-0.026202122
-0.027308984
-0.028597743
-0.029986856
-0.031127424
-0.032611489
-0.033790484
-0.035044373
-0.03637239
-0.03732164
-0.03883194
-0.04001587
-0.040925827
-0.042320248
-0.043393115
-0.044439461
-0.045769533
-0.046740994
-0.047815412
-0.049119922
-0.050049624
-0.051064672
-0.052415881
-0.053355873
-0.054201983
-0.055707856
-0.056638372
-0.057400262
-0.058623999
-0.059831575
-0.060657185
-0.061549119
-0.062880893
-0.063918007
-0.064699788
-0.065632895
-0.066879085
-0.067986485
-0.068720694
-0.069604919
-0.070627645
-0.071866268
-0.072764722
-0.07347431
-0.074342924
-0.075312899
-0.076276859
-0.077422241
-0.078120868
-0.078795755
-0.079570621
-0.080368101
-0.081167629
-0.081926372
-0.082713029
-0.083431667
-0.084225101
-0.084668775
-0.085167542
-0.085667809
-0.086134152
-0.08655058
-0.086917748
-0.087231598
-0.087482969
-0.087668443
-0.087786636
-0.087833611
-0.087821224
-0.087708524
-0.087568867
-0.087260167
0.4645314
0.46415807
0.46207405
0.45915472
0.4549845
0.44966167
0.44298362
0.43489735
0.42539076
0.41446081
0.40213394
0.38847447
0.37358771
0.35761719
0.3407365
0.32314443
0.30504641
0.28665533
0.26818701
0.24983844
0.23178101
0.21419088
0.19718674
0.18081844
0.1649886
0.14979776
0.1355659
0.12232284
0.10983203
0.097980259
0.086669051
0.075996511
0.066329924
0.057501039
0.049132307
0.040835127
0.033364908
0.026784944
0.02027469
0.014051268
0.0085892484
0.0031966641
-0.0018469331
-0.0063289316
-0.011024734
-0.014991695
-0.019139241
-0.022682861
-0.025447081
-0.026661072
-0.027926522
-0.029317075
-0.030511027
-0.031942452
-0.033187383
-0.034430554
-0.035761952
-0.036782763
-0.038202666
-0.039454625
-0.040412639
-0.041737425
-0.042874305
-0.043927622
-0.045221365
-0.046256765
-0.047318959
-0.048596276
-0.049589314
-0.050594984
-0.051902706
-0.052909811
-0.053770549
-0.055190235
-0.056202662
-0.056991302
-0.058161967
-0.059373959
-0.060251955
-0.061142191
-0.062423378
-0.063494621
-0.064310353
-0.065234564
-0.066445829
-0.067564558
-0.068340146
-0.069216976
-0.070230563
-0.071441305
-0.07236736
-0.073098125
-0.073959285
-0.074925962
-0.075888054
-0.077007374
-0.077743
-0.078423025
-0.079195168
-0.079993162
-0.080791711
-0.081552339
-0.082335269
-0.083055606
-0.083836368
-0.08430495
-0.084801079
-0.085302416
-0.08577069
-0.086189319
-0.086558754
-0.086875492
-0.087130556
-0.087318934
-0.08744016
-0.087490928
-0.087481416
-0.087373292
-0.087234706
-0.08693372
0.45761491
0.45725346
0.45537754
0.45271762
0.44892678
0.44409238
0.43799341
0.43057448
0.42181332
0.41169041
0.40021084
0.38741275
0.37337482
0.35821436
0.34208081
0.32515388
0.30762502
0.28969943
0.27159053
0.25349885
0.23560349
0.21808262
0.20107024
0.18464848
0.16876477
0.15346986
0.13904608
0.12559179
0.11291862
0.1008993
0.089441763
0.078604552
0.068709968
0.059677597
0.051175837
0.042805689
0.035144792
0.028387056
0.021815577
0.015489623
0.0098827158
0.0044375873
-0.00070044573
-0.0052820026
-0.0099996161
-0.014077479
-0.018244155
-0.021871181
-0.024607341
-0.0259145
-0.027182373
-0.02856686
-0.029811217
-0.031205484
-0.032500036
-0.033748147
-0.035077973
-0.036167116
-0.037517834
-0.038813805
-0.039830756
-0.041098394
-0.042281289
-0.043354122
-0.04461409
-0.045702928
-0.046765817
-0.048014765
-0.049063164
-0.050071854
-0.051336811
-0.052400526
-0.05328754
-0.054626361
-0.055704126
-0.056531055
-0.057653647
-0.058862492
-0.059791443
-0.060686473
-0.061917742
-0.06301551
-0.06386837
-0.064787853
-0.065964629
-0.067091117
-0.067908946
-0.06878315
-0.069787715
-0.070970867
-0.07192332
-0.072678992
-0.073534295
-0.074496476
-0.075456579
-0.076549418
-0.077319125
-0.078007134
-0.078775977
-0.07957372
-0.080370736
-0.081132645
-0.081910714
-0.082632097
-0.083399104
-0.083891996
-0.084386621
-0.084887891
-0.085357089
-0.085777136
-0.086148093
-0.086466333
-0.086723529
-0.086913453
-0.087036423
-0.08709009
-0.087082381
-0.086978401
-0.086839931
-0.086548021
0.44962725
0.44928607
0.44761855
0.44522633
0.44182318
0.43749023
0.4319923
0.42527114
0.41729529
0.40803071
0.39746239
0.38560233
0.37250198
0.35825074
0.3429709
0.32681946
0.30996998
0.29261565
0.27496403
0.25721631
0.23955801
0.22216987
0.20519881
0.18875612
0.17283585
0.15745782
0.14285942
0.1291917
0.1163246
0.10412692
0.09251003
0.081500991
0.071371423
0.06211385
0.053454452
0.044997407
0.03714662
0.03018884
0.023533574
0.017102513
0.011339373
0.005823882
0.00058800349
-0.004105279
-0.0088548475
-0.013046709
-0.017244293
-0.020959723
-0.023674688
-0.025059637
-0.026351714
-0.027729672
-0.029018369
-0.030391077
-0.031721424
-0.032986113
-0.034313436
-0.035464673
-0.036768408
-0.038088289
-0.039168939
-0.040396303
-0.0416091
-0.042710344
-0.043942749
-0.045073825
-0.046148562
-0.047370958
-0.048464854
-0.049487199
-0.050712571
-0.051820363
-0.052742773
-0.054009894
-0.05513533
-0.056009345
-0.057092532
-0.058291119
-0.059268029
-0.060175658
-0.061360455
-0.062477101
-0.063369675
-0.064289425
-0.065432728
-0.066562544
-0.067422486
-0.068298526
-0.069293566
-0.070449272
-0.071424342
-0.072206701
-0.073058035
-0.074014475
-0.074972876
-0.076040295
-0.076841154
-0.077540542
-0.078307056
-0.079104861
-0.079901236
-0.080665048
-0.081438741
-0.08216113
-0.082914448
-0.083429853
-0.08392416
-0.084425207
-0.08489481
-0.085315359
-0.085686378
-0.086004751
-0.086263009
-0.086453999
-0.086577693
-0.086633285
-0.086626501
-0.086526811
-0.086388158
-0.08610519
0.44048968
0.44017698
0.43871569
0.43659547
0.43358361
0.42975816
0.42487478
0.41887286
0.41171284
0.40334864
0.39374713
0.38289498
0.3708167
0.35757275
0.3432559
0.32799694
0.31194741
0.29528364
0.27820294
0.26090334
0.24357429
0.22639919
0.20953536
0.19311915
0.17719053
0.16175741
0.14701116
0.13313728
0.12006893
0.10768381
0.095895702
0.084708067
0.074339253
0.064836914
0.055993107
0.047431199
0.039392204
0.032214611
0.025448649
0.018907654
0.012978554
0.0073724249
0.0020338487
-0.0027830476
-0.0075771787
-0.01188595
-0.016127556
-0.019936767
-0.022639786
-0.024087129
-0.025419528
-0.026796864
-0.028122793
-0.029488096
-0.030844249
-0.03213316
-0.033460678
-0.034666136
-0.035944264
-0.037273558
-0.038416413
-0.039622211
-0.040852087
-0.041986012
-0.043199657
-0.044362257
-0.045457231
-0.046657981
-0.047787072
-0.048831627
-0.050024014
-0.051163489
-0.052127744
-0.053336108
-0.054492118
-0.055418271
-0.056473294
-0.057655781
-0.058675381
-0.059602752
-0.060746194
-0.061873388
-0.06280597
-0.063731253
-0.064843168
-0.06597185
-0.066872548
-0.067755306
-0.068741329
-0.069870541
-0.070864389
-0.071675472
-0.072526045
-0.073476116
-0.074433034
-0.075476426
-0.076304778
-0.077018716
-0.077783647
-0.078580915
-0.079376535
-0.080141777
-0.080910928
-0.081633775
-0.082374031
-0.082910442
-0.083406524
-0.083907393
-0.084377884
-0.08479954
-0.085171155
-0.085490158
-0.085749164
-0.085941486
-0.086066358
-0.086123116
-0.086116212
-0.086019356
-0.085878812
-0.08560348
0.43014043
0.42986314
0.42860321
0.42675484
0.42413242
0.42081268
0.41654754
0.41127523
0.40494965
0.39751545
0.38892406
0.3791386
0.36815783
0.35601335
0.34276682
0.32851983
0.31339804
0.2975556
0.28117441
0.26444461
0.24755586
0.23069296
0.21402092
0.19769676
0.18180308
0.16635264
0.15149597
0.13743539
0.12416583
0.11158756
0.099618674
0.088246612
0.077637321
0.067874343
0.058818541
0.050129412
0.041903589
0.034490234
0.027583241
0.020923896
0.014820863
0.0091020575
0.0036537525
-0.0012981599
-0.0061519112
-0.01058068
-0.014880463
-0.018789316
-0.021491889
-0.022987756
-0.024370087
-0.025757286
-0.027114694
-0.028484235
-0.02986033
-0.031177468
-0.03251032
-0.03376186
-0.03503312
-0.036363762
-0.037562373
-0.038764792
-0.040003965
-0.041170936
-0.042376111
-0.043561563
-0.044682072
-0.045868603
-0.047023405
-0.04809573
-0.049264239
-0.050424021
-0.051432698
-0.05259757
-0.053769076
-0.054747942
-0.055787631
-0.056950599
-0.058005806
-0.058958966
-0.060068485
-0.061198697
-0.062169858
-0.063106501
-0.064190794
-0.065314246
-0.066253006
-0.067147412
-0.068125728
-0.06922971
-0.070237979
-0.07107868
-0.07193168
-0.072874737
-0.073829827
-0.074850961
-0.075702664
-0.076433861
-0.077198439
-0.077994875
-0.078789941
-0.079556693
-0.080321736
-0.081044938
-0.081773295
-0.082328853
-0.082828923
-0.083329494
-0.083800831
-0.084223546
-0.084595719
-0.084915124
-0.085174856
-0.085368409
-0.085494616
-0.085552568
-0.085545972
-0.085452001
-0.085309783
-0.085041813
0.41853977
0.41830277
0.41723657
0.41565517
0.41341424
0.41059011
0.40693606
0.40239107
0.39690432
0.39041431
0.38286036
0.37418466
0.36436261
0.35339808
0.34132129
0.32820264
0.31413856
0.29925587
0.28371529
0.26769349
0.25137518
0.23494408
0.21856957
0.20242433
0.18662794
0.1712111
0.15629384
0.14208095
0.12862159
0.11585045
0.1036951
0.092134664
0.081286994
0.071252759
0.061958591
0.053115787
0.044702681
0.03704237
0.029962323
0.023171422
0.016887876
0.011033596
0.0054657008
0.00036788921
-0.0045627713
-0.0091153188
-0.013488187
-0.017503155
-0.020218652
-0.021752135
-0.023187804
-0.02459723
-0.02598352
-0.027366233
-0.028760178
-0.030106963
-0.031451505
-0.032742169
-0.03402158
-0.035351823
-0.036597028
-0.037811382
-0.039057508
-0.040255117
-0.041461852
-0.042664331
-0.043812594
-0.044993656
-0.046166671
-0.047269133
-0.048424376
-0.049595643
-0.050647676
-0.051785448
-0.052961235
-0.053989291
-0.055026728
-0.056169969
-0.057252589
-0.058235646
-0.059320413
-0.060447464
-0.061453659
-0.06240698
-0.063468703
-0.064583356
-0.065556061
-0.066466577
-0.0674394
-0.068519966
-0.06953829
-0.070408556
-0.07126763
-0.072203875
-0.073156881
-0.074158168
-0.075029022
-0.075779566
-0.076545568
-0.07734102
-0.078135593
-0.078903776
-0.07966493
-0.080388084
-0.081105568
-0.081677951
-0.082183896
-0.082684239
-0.083156364
-0.083580314
-0.083953276
-0.084273282
-0.08453399
-0.084728997
-0.084856774
-0.084916153
-0.084910042
-0.084818951
-0.084675136
-0.084413609
0.40567464
0.40548054
0.40459767
0.40327357
0.40139991
0.39905273
0.39599142
0.39215772
0.38749835
0.38194892
0.37544041
0.36789755
0.35927576
0.34955373
0.33873128
0.32684707
0.31396603
0.30018316
0.2856321
0.27046993
0.25487014
0.23901115
0.22306243
0.20720674
0.19159336
0.17627884
0.16136556
0.14705207
0.13342998
0.12047602
0.10813486
0.096385532
0.085305347
0.074995914
0.065440876
0.056415137
0.047810895
0.039897393
0.032613027
0.02567196
0.019201773
0.013189645
0.0074891054
0.0022348114
-0.0027918677
-0.0074732443
-0.01193457
-0.016062871
-0.018805907
-0.020370058
-0.021857766
-0.02330085
-0.024717231
-0.026120072
-0.027532788
-0.028909339
-0.030271941
-0.031596874
-0.032895353
-0.034228525
-0.035511011
-0.03674818
-0.038003618
-0.039228537
-0.040445383
-0.04166231
-0.042838305
-0.044022766
-0.045209393
-0.046341654
-0.047494377
-0.048671797
-0.049763065
-0.050889336
-0.052062897
-0.053133332
-0.05418009
-0.055306741
-0.056408544
-0.05742312
-0.058493301
-0.059613256
-0.060649335
-0.061623694
-0.062669262
-0.063772844
-0.064774378
-0.065704656
-0.066675138
-0.067734785
-0.068759014
-0.069657648
-0.070526417
-0.071456715
-0.072407177
-0.073391171
-0.074276921
-0.075047914
-0.07581743
-0.076611902
-0.077405965
-0.078175526
-0.07893318
-0.079656036
-0.080364013
-0.080950944
-0.081464536
-0.081965158
-0.082438076
-0.082863467
-0.083237414
-0.08355813
-0.083819876
-0.084016388
-0.084145795
-0.084206695
-0.084201176
-0.084112922
-0.083967639
-0.083711866
0.39156256
0.39141183
0.3906993
0.38961834
0.38809147
0.3861943
0.38369636
0.3805441
0.37668408
0.37205239
0.36657558
0.36016509
0.35276065
0.34431953
0.33481388
0.32425169
0.31266582
0.30011624
0.28670423
0.2725611
0.25784208
0.24271452
0.22734245
0.21191225
0.19659425
0.18147334
0.16664671
0.15230404
0.13856642
0.12545442
0.11293798
0.10100507
0.08970284
0.079122146
0.06929065
0.060052477
0.051248779
0.04308004
0.035563669
0.028448877
0.021784987
0.015594149
0.0097448441
0.0043233565
-0.00081970612
-0.0056367866
-0.010202192
-0.014451931
-0.017237631
-0.018829795
-0.020365878
-0.021851118
-0.023301905
-0.024730981
-0.026165585
-0.027571916
-0.028958164
-0.030314947
-0.031639775
-0.032982438
-0.034295034
-0.035561236
-0.036831354
-0.038081106
-0.039314501
-0.040546128
-0.041748686
-0.042944375
-0.044143109
-0.045303096
-0.04646281
-0.04764479
-0.048769441
-0.049897409
-0.051067159
-0.052171614
-0.053236459
-0.054352605
-0.055466677
-0.056511864
-0.057577581
-0.058689259
-0.059749166
-0.060747302
-0.061783913
-0.06287575
-0.063900292
-0.064852619
-0.065824531
-0.066866457
-0.067892938
-0.068817637
-0.069699387
-0.070625414
-0.071572981
-0.072542433
-0.073439258
-0.074230911
-0.075006322
-0.075800214
-0.076593783
-0.077364703
-0.078119341
-0.078841676
-0.079541566
-0.080140664
-0.080663174
-0.081164761
-0.081638405
-0.082065346
-0.082440465
-0.082762029
-0.083024929
-0.083223091
-0.083354302
-0.083416932
-0.083412247
-0.083326842
-0.083180335
-0.082929594
0.37625444
0.37614563
0.37558828
0.37473223
0.37352603
0.37204441
0.37007034
0.36755656
0.36445171
0.36069545
0.35621385
0.35090953
0.34471146
0.33756034
0.32940483
0.32022524
0.31002384
0.29882426
0.28669163
0.27372603
0.26005732
0.24583491
0.23121052
0.2163665
0.20148472
0.18667582
0.17204084
0.15776265
0.14398068
0.13075579
0.11808939
0.10598772
0.094480221
0.083641195
0.073527657
0.064051198
0.055035507
0.046612088
0.03884214
0.031526921
0.024659871
0.018271624
0.012255075
0.0066550417
0.0013746102
-0.003587264
-0.0082725108
-0.012652798
-0.015496128
-0.017117597
-0.018698512
-0.020230899
-0.02172186
-0.023183302
-0.024644489
-0.02608147
-0.027495931
-0.028884349
-0.03024017
-0.031600143
-0.032939133
-0.03423691
-0.035528022
-0.036802045
-0.038056502
-0.039305065
-0.040533036
-0.041746131
-0.042958161
-0.044143381
-0.045317496
-0.046505713
-0.047657816
-0.04879724
-0.049965679
-0.051096113
-0.052184238
-0.053297701
-0.054419503
-0.055492316
-0.056562462
-0.057667454
-0.058745224
-0.059767958
-0.060802945
-0.061884261
-0.06292603
-0.063901152
-0.06487858
-0.065906778
-0.066932742
-0.06788033
-0.068777677
-0.06970186
-0.070646453
-0.071604085
-0.072508715
-0.073320256
-0.074103877
-0.074897948
-0.075691033
-0.076463236
-0.07721538
-0.077937029
-0.078630298
-0.079239308
-0.07977157
-0.080275089
-0.080749531
-0.081178169
-0.081554729
-0.081877353
-0.082141564
-0.08234152
-0.082474689
-0.082539222
-0.082535582
-0.082452958
-0.082305466
-0.082058988
0.35983564
0.35976578
0.35934678
0.35869408
0.35777771
0.35667089
0.35517262
0.35324296
0.35083448
0.34789316
0.34434812
0.34009766
0.33506521
0.32918035
0.32237372
0.31460273
0.30584258
0.29608183
0.28534786
0.27370572
0.2612537
0.24811622
0.23442485
0.22034908
0.20607192
0.19172315
0.17741138
0.16331646
0.14958865
0.13632206
0.12355197
0.11131095
0.099624302
0.088550168
0.078161793
0.068429767
0.059187639
0.050510964
0.042473573
0.034931217
0.027848363
0.021246198
0.015042707
0.0092517278
0.0038129358
-0.0013051654
-0.0061261477
-0.01064714
-0.013562457
-0.015217541
-0.016841762
-0.01842361
-0.019960236
-0.021460364
-0.022953967
-0.024423903
-0.025870438
-0.027291932
-0.028681915
-0.030066748
-0.031432019
-0.032762017
-0.034079783
-0.035379584
-0.036658439
-0.037927222
-0.039180281
-0.040415255
-0.041643564
-0.042852246
-0.044045849
-0.04524415
-0.046419138
-0.047576181
-0.04874839
-0.049898732
-0.051012011
-0.052130886
-0.053258859
-0.054355302
-0.055436671
-0.056538823
-0.057629649
-0.058676014
-0.059716028
-0.060789865
-0.06184385
-0.062840943
-0.063827725
-0.064846817
-0.065870609
-0.066837339
-0.067751892
-0.068677164
-0.069619161
-0.070567557
-0.071477447
-0.072307307
-0.073101158
-0.073896589
-0.074689342
-0.075462772
-0.076213024
-0.07693396
-0.077622073
-0.078238982
-0.078781313
-0.07928785
-0.079763267
-0.080193695
-0.080571942
-0.080895841
-0.081161511
-0.081363396
-0.081498679
-0.081565305
-0.081562961
-0.081483082
-0.081334931
-0.08109206
0.34242518
0.34239016
0.34209162
0.34161834
0.3409575
0.34018015
0.3391031
0.3376942
0.33591133
0.33370886
0.33102194
0.3277487
0.32381198
0.31913593
0.31363937
0.30726289
0.29996016
0.29168843
0.28243864
0.27223957
0.26115378
0.24927464
0.23670577
0.22359409
0.21011277
0.19640121
0.18257363
0.16880879
0.15526354
0.14205733
0.12925733
0.11692759
0.10510205
0.093828537
0.083187738
0.073196708
0.063716457
0.054788123
0.046477507
0.038685215
0.031371352
0.024540525
0.018130548
0.012135142
0.0065175162
0.0012295504
-0.0037432575
-0.0084161697
-0.011416899
-0.013111743
-0.014780594
-0.016413189
-0.017999795
-0.019544709
-0.021077226
-0.022584025
-0.0240664
-0.025523546
-0.026950372
-0.028366557
-0.029760809
-0.031123564
-0.032472347
-0.0338009
-0.035107145
-0.036399809
-0.037678807
-0.038938866
-0.040187258
-0.041419034
-0.042635355
-0.04384848
-0.045043982
-0.046221956
-0.0474039
-0.048570938
-0.049708954
-0.050840222
-0.05197557
-0.053091868
-0.054188793
-0.055293198
-0.056394172
-0.057461962
-0.058512254
-0.059583007
-0.060645645
-0.061662662
-0.062661894
-0.063676883
-0.064698173
-0.065680227
-0.066612459
-0.06754194
-0.068482324
-0.069423901
-0.070337292
-0.071183349
-0.071988903
-0.072787182
-0.073579947
-0.074354569
-0.075103554
-0.075823876
-0.076508208
-0.077131318
-0.077683546
-0.078194193
-0.078670933
-0.079103255
-0.079483456
-0.079808903
-0.08007623
-0.080280213
-0.080417797
-0.080486731
-0.080485965
-0.080408807
-0.080260374
-0.080020575
0.32417297
0.32416789
0.32397156
0.32365239
0.32321081
0.32271498
0.32200052
0.32104303
0.31980653
0.31825508
0.31633196
0.31393875
0.31100194
0.30744562
0.30318305
0.29814479
0.29226988
0.28549034
0.27776495
0.26908808
0.25948544
0.24901566
0.23774802
0.22579749
0.21331629
0.20044225
0.1872883
0.17402983
0.16082713
0.14781762
0.13509507
0.12275584
0.11085252
0.099431746
0.088578605
0.078343863
0.068623209
0.059446651
0.050864721
0.042807343
0.035247099
0.028174382
0.021539884
0.015326
0.009510091
0.0040369485
-0.0011040247
-0.0059411146
-0.0090396378
-0.010781193
-0.012498628
-0.014183875
-0.015823787
-0.017418851
-0.018996841
-0.020545722
-0.022068182
-0.023564383
-0.025030906
-0.026483809
-0.027911355
-0.029308434
-0.030691567
-0.032052472
-0.033389274
-0.034709557
-0.03601647
-0.037304215
-0.038576571
-0.039832552
-0.041073787
-0.042306345
-0.043522241
-0.044722814
-0.045919996
-0.047103282
-0.048264732
-0.049413473
-0.050559308
-0.051692979
-0.052807666
-0.053919556
-0.055029929
-0.056116588
-0.057180672
-0.058253361
-0.059322933
-0.060357232
-0.06137093
-0.062386773
-0.063406548
-0.064400547
-0.065349848
-0.066286421
-0.067226791
-0.068163825
-0.069079708
-0.069939595
-0.070757633
-0.071560397
-0.072353799
-0.073129655
-0.073877997
-0.074597956
-0.075279777
-0.075907779
-0.076469342
-0.076985078
-0.077463665
-0.077898012
-0.078280426
-0.078607723
-0.078876932
-0.079083186
-0.079223263
-0.079294719
-0.07929583
-0.0792214
-0.079073124
-0.078836055
0.30525497
0.30527454
0.30516247
0.30497181
0.30471278
0.30444996
0.30403808
0.30345996
0.30268602
0.30169056
0.30042627
0.29880078
0.29674766
0.29419533
0.29105732
0.28726082
0.28273765
0.27740227
0.27118801
0.26405991
0.25600927
0.24705975
0.2372428
0.22663406
0.2153547
0.20352952
0.19126016
0.17871148
0.16604234
0.15340129
0.14090129
0.1286673
0.11677612
0.10528256
0.094278177
0.083838025
0.073891719
0.06447698
0.055633518
0.047306455
0.039488199
0.032162596
0.025288343
0.01884243
0.012810478
0.007136117
0.0018105168
-0.0032038698
-0.0064116218
-0.0082068682
-0.0099786011
-0.011719906
-0.01341625
-0.015065987
-0.016695519
-0.018292403
-0.019859915
-0.021399315
-0.022908921
-0.024403136
-0.025868857
-0.027303125
-0.028723592
-0.030120513
-0.031491337
-0.032843002
-0.034180679
-0.035498675
-0.036798619
-0.038081068
-0.039349191
-0.040605194
-0.041843101
-0.043067493
-0.044284337
-0.045485443
-0.046669393
-0.047838814
-0.048999014
-0.050149353
-0.051282693
-0.052406565
-0.053527421
-0.054630922
-0.055710696
-0.056790145
-0.057866756
-0.05891585
-0.05994489
-0.060966017
-0.06198634
-0.062989788
-0.063954745
-0.064900691
-0.065843115
-0.066777823
-0.06769587
-0.068567301
-0.069397908
-0.070206743
-0.071001694
-0.071778954
-0.072527253
-0.073247241
-0.073927688
-0.074559664
-0.075129729
-0.075651299
-0.076132386
-0.076568953
-0.076953827
-0.077283305
-0.077554661
-0.07776339
-0.077906172
-0.077980393
-0.07798371
-0.077912084
-0.077764482
-0.077530036
0.28586688
0.28590574
0.28586085
0.28577383
0.28566165
0.28558478
0.28541661
0.28514636
0.28475071
0.28421393
0.2834985
0.28251993
0.28122097
0.27953772
0.27738865
0.27470346
0.27141375
0.26742455
0.26265208
0.25703956
0.2505497
0.24317484
0.23490919
0.22578538
0.21588616
0.2053132
0.19414628
0.18252882
0.17061012
0.15854219
0.14644841
0.13447456
0.12272184
0.11125994
0.10019146
0.08961127
0.079478522
0.069849792
0.060764815
0.052176384
0.044096969
0.036512014
0.029387122
0.022697753
0.016434648
0.01054361
0.0050173285
-0.00018789357
-0.0035154524
-0.0053709086
-0.0072034127
-0.0090056349
-0.0107621
-0.012470592
-0.014157018
-0.015807855
-0.017425925
-0.019013315
-0.020570047
-0.022109891
-0.023618659
-0.025093979
-0.02655503
-0.027991572
-0.029400077
-0.030786922
-0.032158768
-0.033509878
-0.034840795
-0.036152657
-0.037449936
-0.038732814
-0.039995347
-0.041245104
-0.042485021
-0.043706586
-0.04491315
-0.046105181
-0.047283435
-0.048451345
-0.049603854
-0.050743106
-0.051876646
-0.052996033
-0.054092278
-0.055182492
-0.056267637
-0.057329815
-0.05837421
-0.059404147
-0.060427758
-0.061439325
-0.062418198
-0.063375004
-0.064321762
-0.065256384
-0.066176859
-0.067057895
-0.06790057
-0.068716787
-0.069514407
-0.070293431
-0.071042275
-0.0717628
-0.072442881
-0.073078275
-0.073655896
-0.074183756
-0.074668063
-0.075107139
-0.075494721
-0.075826725
-0.076100533
-0.076311969
-0.07645769
-0.076534936
-0.076540816
-0.076472147
-0.076325804
-0.076094125
0.2662166
0.2662696
0.26627618
0.26626953
0.26627083
0.26633595
0.26635605
0.26632568
0.26622726
0.26605423
0.26577847
0.26532427
0.26464457
0.26368515
0.26237273
0.260644
0.2584361
0.25565227
0.25220023
0.24801012
0.24302434
0.23721095
0.2305318
0.22297767
0.21458989
0.20544029
0.19557806
0.18511347
0.17417536
0.16290956
0.15143966
0.13992113
0.12847446
0.1171861
0.10617329
0.095550096
0.085301156
0.075505768
0.066215014
0.057389351
0.049059008
0.041216758
0.033837155
0.026897322
0.020392063
0.014271201
0.0085296409
0.0031203654
-0.00033672074
-0.0022581726
-0.0041578016
-0.006026591
-0.007847673
-0.0096190347
-0.011367104
-0.013077408
-0.014751638
-0.016392222
-0.018000695
-0.019590569
-0.0211471
-0.022667844
-0.024173203
-0.025653028
-0.027102951
-0.028528796
-0.029938524
-0.031325997
-0.032691205
-0.034035733
-0.035364866
-0.036677723
-0.037967902
-0.039245152
-0.04051096
-0.041755931
-0.042986309
-0.04420238
-0.045401729
-0.04658914
-0.047761637
-0.048918717
-0.050067515
-0.051203008
-0.052316074
-0.053420015
-0.054515946
-0.055590598
-0.056650002
-0.057691277
-0.058721116
-0.059740665
-0.060731884
-0.061700261
-0.062653509
-0.06359029
-0.06451392
-0.065403106
-0.066256962
-0.067081444
-0.067882938
-0.068664303
-0.069414288
-0.070135939
-0.070816543
-0.071455104
-0.07203936
-0.072573667
-0.073061888
-0.073503855
-0.073894404
-0.074229281
-0.074505884
-0.074720294
-0.074869216
-0.074949775
-0.07495861
-0.074893152
-0.074748737
-0.074520225
0.24651619
0.24657859
0.24662268
0.24667541
0.24676009
0.2469277
0.24708583
0.24723326
0.24735736
0.24745952
0.24752011
0.2474723
0.24727927
0.24689718
0.24626291
0.24532297
0.24402404
0.24227379
0.23997915
0.23706582
0.23346506
0.22912978
0.22399778
0.21802401
0.2112106
0.20359761
0.1951993
0.18608352
0.17634752
0.16611995
0.15551302
0.14467806
0.13374522
0.12281399
0.11201553
0.10148333
0.091225305
0.081342628
0.071905661
0.062887442
0.054334903
0.046251309
0.038623601
0.031433958
0.024681903
0.01832266
0.012354392
0.0067294119
0.0031342977
0.001142013
-0.00083033342
-0.0027712959
-0.0046619064
-0.0065004446
-0.0083145451
-0.010089241
-0.011824901
-0.013523893
-0.015189002
-0.016833472
-0.018442362
-0.020013044
-0.021566808
-0.023093751
-0.024588874
-0.026057519
-0.027508941
-0.028936297
-0.030339157
-0.031719702
-0.033083719
-0.03442957
-0.035750481
-0.037057819
-0.038352137
-0.039623388
-0.040879544
-0.042121159
-0.043344042
-0.044553304
-0.045747172
-0.046924012
-0.048090566
-0.049243329
-0.050373725
-0.051493493
-0.052602612
-0.053690148
-0.054764331
-0.055818572
-0.05685731
-0.057885605
-0.058888115
-0.059868198
-0.0608297
-0.06177078
-0.062698623
-0.063595077
-0.064459109
-0.065292297
-0.066098803
-0.066883277
-0.067635037
-0.068358455
-0.069040372
-0.069682083
-0.070272183
-0.070812852
-0.071305573
-0.071750889
-0.072144696
-0.072482794
-0.072762561
-0.072980256
-0.073132674
-0.073216874
-0.073229096
-0.073167215
-0.073025482
-0.072800766
0.22697387
0.22704152
0.22711109
0.22720495
0.22734688
0.2275828
0.22783518
0.22810589
0.22838643
0.22868463
0.2289881
0.2292385
0.2294084
0.22946414
0.22935329
0.22903343
0.22846291
0.22755811
0.2262312
0.2244106
0.22202505
0.21902169
0.2153244
0.21086181
0.20560389
0.19956219
0.19271731
0.18509083
0.17674041
0.16776748
0.15826133
0.14835401
0.13817252
0.12782041
0.11743622
0.10717014
0.097051765
0.087200779
0.077710244
0.068571724
0.059850164
0.05156138
0.043708198
0.036281584
0.029287837
0.022689255
0.016488509
0.010639774
0.0069001146
0.0048334019
0.0027840152
0.00076614657
-0.0011985704
-0.0031084673
-0.004992621
-0.006835982
-0.0086376759
-0.01039985
-0.012126331
-0.013829922
-0.015495612
-0.017120614
-0.018726948
-0.020304909
-0.021848977
-0.023364109
-0.024860955
-0.026331788
-0.027775705
-0.029195614
-0.030597693
-0.031979573
-0.033334281
-0.034674566
-0.036000063
-0.03730036
-0.038584687
-0.039853688
-0.041102234
-0.042335714
-0.043552779
-0.044751163
-0.045937699
-0.047109404
-0.048258012
-0.049395142
-0.050519585
-0.051621082
-0.052710197
-0.053778438
-0.054828217
-0.055866541
-0.056879974
-0.057871672
-0.058842708
-0.059790005
-0.060723325
-0.061626716
-0.062500026
-0.063341987
-0.064154437
-0.06494289
-0.065697117
-0.066422963
-0.067106901
-0.067751906
-0.068347254
-0.068894041
-0.069391688
-0.069840836
-0.07023823
-0.070579895
-0.070863214
-0.071084546
-0.071240797
-0.071329006
-0.071345096
-0.07128728
-0.071149063
-0.07092897
0.20778686
0.20785633
0.20794143
0.20806116
0.20823849
0.20851429
0.20882423
0.20917226
0.20955311
0.20997954
0.21044496
0.21089877
0.21132167
0.21168917
0.21195909
0.21209996
0.21208227
0.2118334
0.21127466
0.21034225
0.20896917
0.20710486
0.2046691
0.20157529
0.19777126
0.19324742
0.18795737
0.18187924
0.17502896
0.1674747
0.15927409
0.15052594
0.14134038
0.1318129
0.12207709
0.11229212
0.10250549
0.092849632
0.083439421
0.074288824
0.065483033
0.057052576
0.049019294
0.041386685
0.034170864
0.027343619
0.020913772
0.014839818
0.010952397
0.0088094982
0.0066806485
0.0045828503
0.0025407165
0.00055617937
-0.0014012466
-0.0033166149
-0.0051879491
-0.0070171829
-0.0088090795
-0.010575817
-0.012302305
-0.013985596
-0.015648383
-0.017281101
-0.018877722
-0.020442864
-0.021988675
-0.023506472
-0.024994796
-0.02645734
-0.027900661
-0.029321624
-0.030713121
-0.032089254
-0.033448633
-0.034780623
-0.036095612
-0.037394081
-0.038670284
-0.039930149
-0.041172389
-0.042394086
-0.043602561
-0.044795009
-0.045963054
-0.047118854
-0.048260402
-0.049377245
-0.050481898
-0.051564934
-0.052627364
-0.053677144
-0.054701742
-0.055705015
-0.056686437
-0.057641517
-0.058581607
-0.059492043
-0.060373984
-0.061224551
-0.062043603
-0.062836897
-0.063594322
-0.064323265
-0.065009864
-0.065658406
-0.066258608
-0.066811209
-0.067314035
-0.06776747
-0.068168812
-0.068514395
-0.068801662
-0.06902702
-0.069187486
-0.069280125
-0.069300624
-0.069247474
-0.069113686
-0.068899196
0.18913618
0.18920473
0.18929734
0.18943056
0.18962571
0.18991867
0.19025663
0.19064477
0.19108022
0.19157916
0.19213948
0.19271735
0.19330008
0.19387095
0.19439695
0.19485649
0.19523131
0.19546047
0.19547627
0.19522539
0.19464954
0.19370605
0.19231863
0.19039583
0.18787404
0.18473187
0.18090611
0.17634011
0.1710125
0.16495828
0.15820005
0.15079406
0.14282221
0.1343597
0.12552002
0.11645856
0.10723286
0.097978879
0.088828086
0.079816722
0.071050747
0.062577283
0.054439702
0.046657501
0.039260071
0.032231872
0.025590108
0.019300157
0.015267339
0.013049316
0.010841405
0.0086633264
0.0065427588
0.0044821709
0.0024498807
0.00046066573
-0.001482484
-0.0033812896
-0.0052414107
-0.0070742765
-0.0088646898
-0.010609484
-0.012331962
-0.014022667
-0.015675024
-0.01729327
-0.018891137
-0.020458981
-0.02199474
-0.023502889
-0.024990369
-0.026453235
-0.027884259
-0.029298929
-0.030694747
-0.032060888
-0.033408901
-0.034738955
-0.03604474
-0.037332958
-0.038602303
-0.039849076
-0.041081262
-0.042296192
-0.043485084
-0.044660819
-0.045820946
-0.046954523
-0.048075608
-0.04917419
-0.050250451
-0.051312979
-0.052349354
-0.053364356
-0.054356726
-0.055320764
-0.056268797
-0.057186673
-0.0580769
-0.058935827
-0.059761867
-0.060560743
-0.061322092
-0.062054781
-0.062744616
-0.063396983
-0.064001826
-0.064559949
-0.065068062
-0.065526161
-0.065931823
-0.066281675
-0.066573288
-0.066803088
-0.066968199
-0.067065745
-0.067091252
-0.067043477
-0.066915101
-0.066707299
0.17117983
0.17124548
0.17133948
0.17147665
0.17167612
0.171969
0.17231234
0.17271187
0.17316642
0.17369427
0.17429652
0.17493514
0.17560254
0.17628823
0.1769669
0.17762526
0.1782546
0.17880511
0.17922028
0.17945798
0.17947071
0.17922664
0.17865867
0.17767862
0.17622075
0.17426077
0.17172961
0.16854796
0.16466663
0.16009338
0.15481906
0.1488552
0.14224961
0.13504869
0.12733198
0.11923651
0.11081837
0.10220411
0.093532072
0.084855523
0.076297508
0.067921593
0.059793672
0.051951724
0.044441532
0.037263779
0.030446884
0.023965982
0.019798569
0.017510689
0.015228297
0.012973565
0.010777104
0.0086421787
0.0065362116
0.0044737922
0.0024589411
0.00049019831
-0.0014389457
-0.0033390921
-0.0051949458
-0.0070030186
-0.0087871118
-0.010537866
-0.012248125
-0.013921663
-0.015573824
-0.017194018
-0.018779545
-0.020335646
-0.02186963
-0.023376729
-0.024849581
-0.02630507
-0.027739549
-0.029141987
-0.030525102
-0.031888681
-0.033225822
-0.034544109
-0.03584226
-0.037115715
-0.038373157
-0.039612096
-0.0408232
-0.04202006
-0.043199983
-0.044351513
-0.045489997
-0.046604881
-0.047695863
-0.048772174
-0.049821057
-0.050848116
-0.051851843
-0.052825651
-0.053782567
-0.054708387
-0.055606801
-0.056473864
-0.057307062
-0.058112068
-0.058877986
-0.059615014
-0.060308593
-0.060965071
-0.061574473
-0.062137884
-0.062651288
-0.063114327
-0.063524655
-0.063879126
-0.064175475
-0.064410154
-0.064580381
-0.064683368
-0.064714544
-0.064672942
-0.06455102
-0.064351063
0.15404948
0.15411105
0.15420209
0.15433619
0.15453016
0.15481059
0.15514288
0.15553279
0.15598027
0.1565046
0.15710902
0.15776041
0.15845489
0.15918666
0.15993667
0.16069811
0.1614698
0.16221173
0.16287771
0.1634361
0.16385033
0.16410001
0.16412975
0.16385981
0.16322895
0.16221665
0.16075734
0.15876136
0.15616351
0.15295383
0.14909999
0.14457415
0.13939117
0.13356658
0.12713793
0.12021178
0.11283101
0.10509825
0.097145548
0.089032973
0.080891638
0.072797356
0.064836073
0.057064394
0.049546173
0.042301377
0.035372582
0.028747802
0.024468543
0.022122102
0.019775813
0.017453828
0.015189294
0.012986534
0.010812489
0.0086815645
0.0065988072
0.0045631259
0.0025672872
0.00060159646
-0.001318601
-0.0031893783
-0.0050348686
-0.0068458074
-0.008614444
-0.010343962
-0.012051263
-0.013724834
-0.01536132
-0.016966671
-0.018548538
-0.020101333
-0.021617528
-0.023115374
-0.024590063
-0.026030349
-0.027450087
-0.028848658
-0.030218534
-0.031568202
-0.032896456
-0.034197852
-0.035481761
-0.036745896
-0.037980335
-0.039199316
-0.040399984
-0.041570414
-0.042727125
-0.04385898
-0.044965338
-0.04605616
-0.047118179
-0.048157662
-0.049173047
-0.050157132
-0.051123569
-0.052057776
-0.052964409
-0.053839435
-0.054679804
-0.055491262
-0.056262241
-0.057004093
-0.05770183
-0.058362668
-0.058976614
-0.059545138
-0.060063771
-0.060531919
-0.060947203
-0.061306619
-0.061608082
-0.061848077
-0.06202392
-0.062132929
-0.062170489
-0.06213593
-0.062021544
-0.061830634
0.13784839
0.13790485
0.13799005
0.13811629
0.13829808
0.13855787
0.13886801
0.13923396
0.13965632
0.14015452
0.14073302
0.14136292
0.14204281
0.14277029
0.14353114
0.14432337
0.14515124
0.14598296
0.14678121
0.14752329
0.14818251
0.1487488
0.14917882
0.14940364
0.14937026
0.14906569
0.14843402
0.14738554
0.14584992
0.14380964
0.14122011
0.13802473
0.13421262
0.12977307
0.12470176
0.11906908
0.11289678
0.10625165
0.099246017
0.091933855
0.08444099
0.076846525
0.06924899
0.061719855
0.054339557
0.047148261
0.040204602
0.033512419
0.029160849
0.026775329
0.024383769
0.022011721
0.019694153
0.01743669
0.015206377
0.013017396
0.01087579
0.0087810066
0.0067253095
0.004700002
0.0027203961
0.00079099137
-0.0011124353
-0.0029807211
-0.0048055268
-0.0065892854
-0.0083503265
-0.010076255
-0.011763034
-0.013417233
-0.015046791
-0.016645317
-0.018205078
-0.019745611
-0.021260965
-0.022739668
-0.024196642
-0.025630851
-0.027034127
-0.028415825
-0.02977484
-0.031104853
-0.032415888
-0.033705882
-0.034964318
-0.036206017
-0.037427982
-0.038617869
-0.039793301
-0.040942543
-0.042064649
-0.043170361
-0.044245883
-0.045298024
-0.046325211
-0.047319795
-0.04829606
-0.04923891
-0.050153773
-0.051036586
-0.051884013
-0.052702015
-0.053478335
-0.054225324
-0.054927505
-0.055592864
-0.056211348
-0.056784836
-0.057308597
-0.057781919
-0.058202364
-0.058567006
-0.058873929
-0.059119667
-0.059301638
-0.059417281
-0.059461979
-0.059435375
-0.059329634
-0.059148995
0.12265543
0.12270624
0.12278379
0.12289915
0.12306461
0.12329889
0.1235801
0.12391314
0.12429899
0.12475649
0.12529075
0.12587639
0.12651359
0.12720223
0.12793174
0.12870343
0.12952519
0.13037182
0.1312133
0.132034
0.13281541
0.13355582
0.13422273
0.13475845
0.13511945
0.13530129
0.13526057
0.13491446
0.13419567
0.13308721
0.13154236
0.12948823
0.12689848
0.12374535
0.11999022
0.11566932
0.11078167
0.10535314
0.099466854
0.093159076
0.086536185
0.079668737
0.072655851
0.065575354
0.058518082
0.051541371
0.044719032
0.038072087
0.033709662
0.031315416
0.028907866
0.02651322
0.024167206
0.021877019
0.019610583
0.017381809
0.015197653
0.013058311
0.01095587
0.0088827379
0.0068540742
0.0048751092
0.0029218629
0.0010033779
-0.00087145767
-0.0027041286
-0.0045141722
-0.0062883814
-0.0080220112
-0.009722098
-0.01139678
-0.013038909
-0.014640488
-0.016222196
-0.017776979
-0.019293138
-0.020786542
-0.022255737
-0.023691911
-0.025105213
-0.026494649
-0.027853039
-0.029191005
-0.030506718
-0.031789087
-0.033053435
-0.034296637
-0.035505966
-0.036700076
-0.037866656
-0.039004454
-0.040124987
-0.041213972
-0.04227868
-0.043317531
-0.04432251
-0.045308532
-0.046259973
-0.047182902
-0.048073221
-0.04892743
-0.049751824
-0.050533504
-0.051285712
-0.051992433
-0.052662338
-0.053285286
-0.053863572
-0.054392307
-0.054870767
-0.055296476
-0.055666554
-0.055979232
-0.056231106
-0.056419707
-0.056542604
-0.056595212
-0.056577497
-0.056481518
-0.056312386
0.10853929
0.10858423
0.10865317
0.10875598
0.1089029
0.10910937
0.10935817
0.10965361
0.10999676
0.11040544
0.11088489
0.11141282
0.11199026
0.11261854
0.11328978
0.11400737
0.11478131
0.11559155
0.11641389
0.11723795
0.1180516
0.11885918
0.11963718
0.12033822
0.12092782
0.12140925
0.1217517
0.12188275
0.121743
0.12132088
0.12057465
0.11942636
0.11784415
0.11579345
0.11321337
0.11011366
0.10647517
0.10228612
0.097597796
0.092422446
0.086836727
0.080891906
0.074674271
0.068256425
0.061729157
0.055159243
0.048630422
0.042178939
0.037891692
0.035532055
0.033150805
0.030773702
0.028435822
0.026146168
0.023874491
0.021634339
0.019433428
0.017272953
0.015145241
0.013043917
0.010983841
0.0089711534
0.0069825524
0.0050269366
0.0031136707
0.0012424481
-0.00060715348
-0.0024212243
-0.0041942862
-0.0059336259
-0.0076474536
-0.0093279246
-0.010966705
-0.012585398
-0.014175916
-0.015726323
-0.01725327
-0.018754882
-0.020221712
-0.021664589
-0.023082621
-0.02446779
-0.025831229
-0.027171348
-0.028476506
-0.029762434
-0.031025897
-0.032253808
-0.033465756
-0.034648906
-0.035801684
-0.036936341
-0.038038158
-0.039114817
-0.040164724
-0.04117954
-0.04217478
-0.043134331
-0.044064821
-0.044962099
-0.045822561
-0.046652887
-0.047439623
-0.048196813
-0.048907903
-0.04958216
-0.050209344
-0.050792151
-0.051325601
-0.051809032
-0.052239969
-0.052615568
-0.052934197
-0.053192521
-0.053388194
-0.053518927
-0.053580189
-0.053572269
-0.053487138
-0.053330724
0.095546995
0.09558629
0.095646529
0.095736384
0.095864254
0.096042722
0.096258387
0.09651497
0.096813534
0.097170497
0.097590904
0.0980552
0.098564826
0.099121887
0.099720455
0.10036514
0.10106682
0.10180945
0.10257335
0.10335193
0.10413768
0.10493888
0.10573898
0.1064994
0.10719349
0.10783038
0.10839019
0.10881178
0.10904555
0.10908711
0.10890337
0.10841917
0.10760449
0.10642631
0.10481365
0.10275979
0.10023549
0.097200637
0.09367891
0.089659276
0.085185381
0.080283582
0.075017083
0.069442534
0.063638923
0.057671667
0.051625205
0.045545178
0.041440315
0.039170321
0.036869824
0.034562844
0.032282054
0.030038299
0.027804112
0.025592503
0.023411681
0.021264053
0.019142649
0.017042393
0.01497764
0.01295561
0.010954205
0.0089821479
0.0070491574
0.0051563551
0.0032828684
0.0014431523
-0.00035657176
-0.0021235569
-0.0038659111
-0.0055751792
-0.0072426031
-0.0088904073
-0.010509563
-0.012087895
-0.013642602
-0.01517139
-0.01666419
-0.018132357
-0.01957508
-0.020983526
-0.022369219
-0.023730798
-0.025056108
-0.026361166
-0.027642641
-0.028887113
-0.030114982
-0.031312942
-0.032479093
-0.033626341
-0.034739589
-0.035826877
-0.036886593
-0.037910101
-0.038913456
-0.039880117
-0.040817205
-0.041720518
-0.042586362
-0.043421814
-0.044212947
-0.044974538
-0.04568952
-0.046367675
-0.046998669
-0.047585572
-0.048123357
-0.048611462
-0.049047452
-0.049428535
-0.049753208
-0.050018213
-0.050221334
-0.050360433
-0.050431047
-0.050433785
-0.050360542
-0.050218013
0.083892615
0.083926639
0.083978613
0.084056185
0.084166072
0.084318694
0.084503328
0.084723267
0.084979353
0.08528666
0.08564994
0.086051671
0.086493541
0.086978033
0.0875005
0.088066107
0.088686016
0.089346999
0.09003275
0.090739279
0.091462197
0.092212148
0.092977562
0.093726734
0.094439145
0.09512795
0.095781766
0.096349575
0.096791125
0.09710905
0.097279582
0.097234258
0.096949012
0.096397507
0.095507841
0.094266282
0.092641648
0.090577172
0.088077742
0.085115282
0.081704659
0.077848564
0.073583615
0.068944678
0.063990376
0.05877459
0.053372187
0.047829336
0.04401643
0.041894095
0.039732935
0.037554017
0.035385872
0.033240898
0.031095074
0.028960581
0.026845678
0.024754055
0.022679829
0.020619171
0.018585652
0.016587656
0.014604784
0.012645528
0.010719757
0.0088302388
0.0069561385
0.0051122532
0.0033055077
0.0015290082
-0.00022505364
-0.0019477398
-0.0036297594
-0.005293605
-0.0069294303
-0.0085248089
-0.010097212
-0.011643924
-0.013154281
-0.014639968
-0.016100219
-0.017525423
-0.01892734
-0.020304813
-0.021645206
-0.022964684
-0.024259828
-0.025516908
-0.026756977
-0.027966322
-0.029142711
-0.030299604
-0.031421578
-0.032516967
-0.033584142
-0.034614189
-0.035623616
-0.036595518
-0.037537455
-0.03844517
-0.039314892
-0.040154066
-0.040948366
-0.04171322
-0.04243111
-0.043112251
-0.043746228
-0.044336449
-0.044877861
-0.045370029
-0.045810582
-0.046196795
-0.046527294
-0.046798903
-0.04700954
-0.047157219
-0.047237559
-0.047251463
-0.047190762
-0.047062789
0.073620616
0.073649903
0.073694318
0.073760617
0.073854149
0.073983528
0.074140144
0.07432684
0.07454425
0.074806086
0.075116734
0.075460427
0.075838861
0.076254643
0.076704018
0.077192263
0.077730299
0.078307028
0.078908664
0.079532887
0.080177353
0.080853781
0.081554093
0.082251914
0.082931255
0.083607478
0.084275313
0.084892288
0.08542606
0.085884643
0.086252498
0.086469333
0.086517931
0.086380232
0.085989185
0.085330061
0.084375302
0.08306184
0.08138443
0.079306089
0.076820992
0.073914271
0.070598691
0.066887669
0.062816618
0.058422133
0.053762025
0.048875198
0.045442671
0.043516814
0.041545505
0.03954596
0.037541388
0.035545244
0.033537293
0.031528375
0.029526246
0.027535775
0.025552416
0.023573362
0.021610997
0.019674804
0.017746544
0.015834292
0.013947761
0.012091479
0.010245222
0.0084237585
0.006634615
0.0048716156
0.0031274475
0.001411312
-0.0002668968
-0.0019294531
-0.0035659361
-0.0051636944
-0.0067400801
-0.0082920056
-0.0098082889
-0.011300671
-0.012768401
-0.014201176
-0.015610768
-0.016996201
-0.018344431
-0.019671557
-0.020974108
-0.022238096
-0.023484971
-0.024700741
-0.025882834
-0.027045101
-0.028171894
-0.029271733
-0.030342976
-0.031376472
-0.032389033
-0.033363508
-0.034307794
-0.035217598
-0.036089081
-0.036929985
-0.037725688
-0.038492132
-0.03921146
-0.039894216
-0.040529946
-0.041122335
-0.041666335
-0.042161629
-0.042605931
-0.042996595
-0.043332373
-0.04361018
-0.043828062
-0.043984185
-0.044074257
-0.044099444
-0.044051543
-0.043938438
0.064565962
0.064591088
0.064628812
0.064685094
0.06476417
0.064873138
0.065005076
0.065162403
0.065345562
0.065566937
0.065830506
0.066122076
0.066443218
0.0667965
0.067178816
0.067595289
0.068056279
0.068552342
0.06907164
0.069612894
0.070175072
0.070770103
0.071392316
0.072019497
0.072638986
0.073266961
0.073902315
0.074509563
0.075062712
0.075573336
0.076032388
0.076387692
0.076628214
0.076743696
0.076674592
0.076408242
0.07592338
0.075157797
0.074102554
0.072718694
0.070988083
0.068885665
0.066406406
0.063546625
0.060320575
0.056746626
0.052862461
0.048694956
0.045701381
0.044006498
0.042262054
0.040480969
0.038680564
0.036874748
0.035047059
0.033206505
0.031359773
0.02951264
0.027661959
0.025805607
0.023954348
0.022118534
0.020282374
0.01845328
0.016640433
0.014850089
0.013063141
0.011293895
0.0095503095
0.0078272261
0.0061179833
0.0044317842
0.0027791489
0.0011385086
-0.00047941989
-0.0020618134
-0.0036255016
-0.0051670923
-0.0066749829
-0.0081606775
-0.009623415
-0.011052302
-0.012458885
-0.013842332
-0.015189279
-0.016515526
-0.017817582
-0.019081262
-0.02032813
-0.02154405
-0.022726098
-0.023888339
-0.025015005
-0.02611468
-0.02718571
-0.02821875
-0.029230752
-0.030204441
-0.031147939
-0.032056939
-0.032927535
-0.033767687
-0.034562579
-0.03532851
-0.036047413
-0.036730054
-0.037365986
-0.037959112
-0.038504408
-0.039001669
-0.039448697
-0.039842938
-0.04018326
-0.040466679
-0.040691366
-0.040855629
-0.04095528
-0.040991713
-0.040956726
-0.04085866
0.056579414
0.056600915
0.056632795
0.056680304
0.056746778
0.056838051
0.056948551
0.057080312
0.057233618
0.057419588
0.05764179
0.057887453
0.058157963
0.058455756
0.058778214
0.059130157
0.059521219
0.05994327
0.06038602
0.060848824
0.061331475
0.061845572
0.062387096
0.062937121
0.063485435
0.064048101
0.0646267
0.065191392
0.065721141
0.066229517
0.066712226
0.067124439
0.067460039
0.067715133
0.067838315
0.067820067
0.067645918
0.067258591
0.066649364
0.06578193
0.064632635
0.063172677
0.061385986
0.059257731
0.056785971
0.053973555
0.050839085
0.047396129
0.044864395
0.043416971
0.041918837
0.040378566
0.038807693
0.037219999
0.035602542
0.033962114
0.032303863
0.030634108
0.028951009
0.027252746
0.025548057
0.023847795
0.022138734
0.020427327
0.018721807
0.01702996
0.015334202
0.013647892
0.011979168
0.010324092
0.0086767445
0.0070460188
0.0054430092
0.0038473091
0.0022696059
0.00072279628
-0.00080903782
-0.0023222931
-0.0038050797
-0.0052683739
-0.006711385
-0.0081227617
-0.0095135743
-0.010883105
-0.012217775
-0.013532837
-0.014824811
-0.016079391
-0.01731795
-0.018526347
-0.019701302
-0.020856897
-0.021977356
-0.023071195
-0.024136748
-0.025164519
-0.026171422
-0.02714018
-0.028079028
-0.028983657
-0.029850102
-0.030686445
-0.03147778
-0.032240596
-0.032956751
-0.033637117
-0.03427131
-0.034863387
-0.035408367
-0.035906139
-0.036354599
-0.036751281
-0.03709517
-0.037383381
-0.037614208
-0.037786092
-0.03789496
-0.037942398
-0.037920248
-0.03783721
0.049534154
0.049552516
0.049579349
0.049619271
0.049674891
0.049750993
0.049843086
0.049952868
0.050080491
0.050235893
0.050422253
0.050628087
0.050854575
0.051103979
0.051374054
0.051669248
0.051998393
0.05235443
0.052728338
0.053119844
0.053529242
0.053967487
0.054431691
0.054905575
0.055380749
0.055872575
0.056384267
0.056890541
0.057374193
0.057849604
0.058315754
0.058734182
0.059102343
0.059421053
0.059646606
0.059772569
0.059790539
0.059649941
0.05934411
0.058841786
0.058118377
0.057145851
0.055902874
0.054369076
0.05253211
0.050383798
0.047927458
0.045164916
0.043084281
0.041882671
0.040632017
0.039336939
0.03800381
0.036645801
0.035253086
0.033830077
0.0323801
0.030909636
0.029417969
0.02790323
0.026371858
0.024834771
0.023281245
0.021716509
0.020147449
0.018583044
0.017007501
0.01543275
0.013866795
0.012306997
0.010748188
0.0091986102
0.0076697909
0.006142864
0.0046281271
0.0031383988
0.0016590081
0.00019364113
-0.0012456994
-0.0026691993
-0.0040760401
-0.0054545758
-0.006815168
-0.008157188
-0.0094669666
-0.010758968
-0.012029764
-0.01326501
-0.014485574
-0.015677464
-0.01683704
-0.017978194
-0.019085266
-0.020166564
-0.021220403
-0.022237188
-0.023233606
-0.024192504
-0.025122107
-0.026018119
-0.02687652
-0.027705415
-0.028489906
-0.029246503
-0.02995712
-0.03063262
-0.031262737
-0.031851614
-0.032394335
-0.03289086
-0.033339172
-0.0337369
-0.034083128
-0.034375075
-0.034611152
-0.034789922
-0.034907439
-0.034965442
-0.034955859
-0.034887654
0.04331901
0.043334667
0.043357175
0.043390588
0.043436933
0.043500125
0.043576541
0.043667588
0.043773315
0.043902573
0.044058174
0.044229814
0.044418465
0.044626195
0.044851059
0.045097105
0.045372346
0.045670618
0.045983967
0.046312324
0.046656277
0.047025969
0.047419293
0.047822143
0.048227504
0.04864971
0.049092875
0.049535424
0.049963122
0.050390328
0.050818158
0.051213561
0.051576412
0.051910721
0.052179584
0.052379117
0.05250574
0.0525159
0.052405487
0.052149013
0.051723543
0.051104363
0.050268951
0.049195656
0.047866831
0.046267907
0.044391731
0.042231482
0.040564756
0.039592373
0.038574872
0.037513568
0.03641063
0.035278302
0.034109415
0.032906081
0.03166975
0.030406743
0.029117253
0.02779912
0.026456396
0.025099645
0.023720458
0.022322653
0.020911482
0.019496679
0.018064377
0.016624674
0.015185107
0.013744289
0.012297741
0.010852723
0.0094209661
0.007985415
0.0065556085
0.0051440826
0.003737663
0.0023399574
0.00096286468
-0.00040280323
-0.0017562288
-0.0030856714
-0.0044005873
-0.0057004262
-0.0069715833
-0.0082275147
-0.0094648889
-0.010669428
-0.011861192
-0.013026494
-0.014161343
-0.015279238
-0.016364759
-0.017425869
-0.018460863
-0.019460099
-0.020439842
-0.0213832
-0.022298254
-0.023180738
-0.024026579
-0.0248438
-0.025617619
-0.026364383
-0.027066197
-0.027733799
-0.02835709
-0.028940237
-0.029478402
-0.029971593
-0.030417873
-0.030814963
-0.031162031
-0.031456402
-0.031696591
-0.031881276
-0.032006642
-0.032074549
-0.032077049
-0.032023274
0.037837427
0.037850759
0.037869582
0.037897448
0.037935924
0.037988198
0.038051352
0.038126545
0.038213745
0.03832081
0.038450221
0.038592748
0.03874917
0.038921355
0.03910761
0.039311581
0.039540481
0.03978891
0.040049826
0.040323266
0.040609973
0.04091921
0.041249414
0.041588292
0.041929898
0.042287375
0.042665245
0.043044988
0.043414689
0.043788154
0.044167799
0.044525144
0.044861589
0.045183122
0.045458637
0.045686143
0.045865581
0.045959968
0.045967534
0.045868276
0.045642082
0.045268557
0.044726435
0.043995444
0.043056393
0.041892115
0.040489499
0.038836505
0.037530161
0.036760419
0.035950941
0.035100508
0.034208168
0.033285071
0.032326254
0.031331815
0.03030148
0.029241189
0.028151842
0.027030877
0.025880082
0.024709333
0.023512267
0.022291243
0.021049739
0.019797791
0.01852348
0.017234806
0.015938549
0.014634426
0.013318542
0.011996892
0.010681133
0.0093561689
0.0080304401
0.0067159633
0.0054012044
0.0040895126
0.0027924359
0.0015019159
0.00021871293
-0.0010455702
-0.0022993435
-0.003542146
-0.0047606171
-0.0059670292
-0.0071582034
-0.0083200601
-0.0094715669
-0.01059951
-0.011699576
-0.012784674
-0.013839758
-0.014872323
-0.015880642
-0.016855083
-0.017811307
-0.018732808
-0.019627404
-0.020490871
-0.021319088
-0.022119892
-0.022878717
-0.02361157
-0.02430088
-0.02495714
-0.025570473
-0.026144999
-0.026675974
-0.027163428
-0.027605498
-0.027999986
-0.028346129
-0.028641358
-0.028884278
-0.029073672
-0.029205861
-0.029282788
-0.02929667
-0.029256713
0.033004804
0.033016143
0.033031841
0.033055007
0.033086837
0.033129928
0.033181923
0.033243775
0.033315392
0.033403733
0.033510979
0.033628878
0.033758038
0.033900136
0.03405369
0.034221957
0.034411397
0.034617267
0.034833317
0.035059633
0.035297025
0.035553869
0.035828981
0.03611161
0.036396658
0.036696026
0.037014327
0.037335587
0.037649732
0.037969695
0.038298611
0.038611871
0.038911752
0.039205309
0.039466294
0.039694018
0.039890801
0.040025458
0.04009805
0.040093308
0.039994212
0.039784711
0.039445974
0.038960436
0.038309706
0.037476613
0.036445608
0.035202356
0.034196264
0.033597784
0.032965597
0.032296708
0.031588069
0.030849696
0.030078415
0.029272719
0.028430912
0.027558431
0.026656711
0.025722807
0.024756532
0.023766856
0.022749177
0.021704474
0.020634482
0.019549134
0.018438396
0.017308086
0.016164017
0.015006805
0.013833022
0.012647224
0.011460696
0.010260337
0.0090532264
0.0078506238
0.0066426716
0.0054322863
0.004230411
0.0030301668
0.0018321817
0.00064767146
-0.00053065611
-0.001702459
-0.0028548209
-0.0039987133
-0.0051311777
-0.0062384833
-0.0073382729
-0.0084179707
-0.0094729911
-0.010515487
-0.011530926
-0.012526227
-0.013499644
-0.014441632
-0.015367069
-0.016259969
-0.01712777
-0.017966304
-0.018771415
-0.019550652
-0.020289768
-0.021004257
-0.021676998
-0.022318126
-0.022918035
-0.023480731
-0.024001582
-0.024480612
-0.024916017
-0.025305679
-0.025648883
-0.025943161
-0.026187199
-0.026379865
-0.026517628
-0.026602472
-0.026626819
-0.026599853
0.028746961
0.028756595
0.028769654
0.028788854
0.0288151
0.028850499
0.02889315
0.028943831
0.029002411
0.029075035
0.029163615
0.029260794
0.02936703
0.029483818
0.029609859
0.029748049
0.029904141
0.030073969
0.030251981
0.030438274
0.030633673
0.030845693
0.031073422
0.031307435
0.031543323
0.031791765
0.032057261
0.032325986
0.032589352
0.032859253
0.033139149
0.033407726
0.033667694
0.033926532
0.034162037
0.034374355
0.034567276
0.034714577
0.034817601
0.034864915
0.034842408
0.034737888
0.034535313
0.034220233
0.033776264
0.033187719
0.032438967
0.031515474
0.030750597
0.030291551
0.0298048
0.02928624
0.028731595
0.028149779
0.027539035
0.026896705
0.026220039
0.02551393
0.024780208
0.024015646
0.023218484
0.022396688
0.021547122
0.020669583
0.019764242
0.018840611
0.017890417
0.01691739
0.015926274
0.014918369
0.01389061
0.012846062
0.011795376
0.01072739
0.0096476687
0.0085665109
0.007475681
0.0063775217
0.0052821416
0.004183816
0.0030829616
0.0019901654
0.0008992551
-0.00018958817
-0.0012640974
-0.0023338933
-0.0033963101
-0.0044381328
-0.0054755072
-0.0064966555
-0.0074967956
-0.008487192
-0.0094539673
-0.010403385
-0.011333699
-0.012235528
-0.01312282
-0.013980237
-0.014814737
-0.015622232
-0.016398542
-0.017150838
-0.017865292
-0.018556724
-0.019208589
-0.019830555
-0.020413334
-0.02096076
-0.021468321
-0.021936012
-0.022362082
-0.022744478
-0.023082517
-0.023373827
-0.023617161
-0.023811462
-0.023953345
-0.024044801
-0.02407849
-0.024063485
0.024998588
0.025006765
0.025017603
0.025033469
0.025055042
0.025084024
0.025118883
0.025160252
0.025207973
0.025267463
0.025340393
0.025420218
0.025507272
0.02560288
0.025705904
0.025818907
0.025946993
0.0260865
0.026232499
0.02638508
0.026545047
0.026719103
0.026906533
0.027099066
0.027292864
0.027497443
0.02771707
0.027939751
0.028158116
0.028382958
0.028617807
0.02884417
0.029064897
0.029287459
0.029493021
0.029682222
0.029859654
0.030003265
0.030115206
0.030187034
0.030207165
0.030166594
0.030051974
0.029851826
0.029552216
0.029139598
0.028599602
0.027918764
0.027342033
0.026993101
0.026621983
0.026223998
0.025794304
0.025340789
0.024862786
0.024356914
0.023819735
0.02325561
0.022666647
0.022049479
0.021401209
0.020728795
0.020030295
0.019304582
0.01855054
0.017777044
0.016977425
0.016153555
0.015309121
0.014445897
0.013561115
0.012656417
0.011741626
0.010807391
0.009857736
0.0089018581
0.0079330223
0.006952912
0.0059706239
0.0049815051
0.0039856967
0.0029929483
0.0019981507
0.0010012817
1.3769622e-05
-0.00097267098
-0.0019557356
-0.0029228942
-0.0038886936
-0.0048422964
-0.0057788213
-0.0067085564
-0.0076184163
-0.0085139652
-0.0093934822
-0.01024784
-0.011089941
-0.011905216
-0.012700069
-0.013470514
-0.014212373
-0.014932365
-0.015617175
-0.016280811
-0.016907413
-0.017506094
-0.01806793
-0.018596524
-0.019087499
-0.019540803
-0.019954721
-0.020327263
-0.020657759
-0.020943928
-0.021184578
-0.021378709
-0.021523087
-0.021619676
-0.021661403
-0.021657146
0.021702039
0.021708973
0.021717947
0.021731022
0.021748696
0.021772345
0.02180073
0.021834369
0.021873084
0.021921642
0.0219815
0.022046851
0.022117924
0.022195893
0.022279757
0.022371777
0.022476467
0.022590609
0.022709832
0.022834208
0.022964502
0.023106664
0.023260125
0.02341762
0.023575801
0.023743097
0.023923474
0.024106515
0.024285862
0.024471213
0.024666002
0.024854168
0.025038522
0.025226245
0.025401321
0.025564646
0.025721138
0.025852235
0.025960522
0.026039826
0.026080675
0.026076564
0.026016535
0.025891699
0.025690544
0.0254018
0.025012967
0.024512259
0.024078917
0.023814872
0.023533428
0.023229721
0.022898811
0.022547648
0.022176373
0.021781236
0.021358442
0.020911853
0.020443756
0.019950786
0.019429322
0.018885371
0.018317942
0.017725251
0.017105227
0.016465978
0.015802255
0.015114403
0.014405134
0.013676526
0.012926068
0.012154151
0.011369649
0.010564856
0.0097423451
0.0089101432
0.0080628563
0.0072014879
0.0063340173
0.0054567447
0.0045695003
0.0036810435
0.0027872289
0.0018878014
0.00099319615
9.6393062e-05
-0.00080071807
-0.0016864468
-0.00257371
-0.0034527224
-0.0043186149
-0.0051806567
-0.0060266784
-0.0068615361
-0.007683566
-0.0084839929
-0.0092745953
-0.010041688
-0.010791068
-0.011518882
-0.012220991
-0.0129036
-0.013554001
-0.014185275
-0.014782354
-0.015353718
-0.015890847
-0.016397073
-0.016868169
-0.017304012
-0.017702924
-0.018062966
-0.01838347
-0.018662239
-0.018898123
-0.019090171
-0.019235296
-0.019335405
-0.019383721
-0.019388844
0.018806293
0.018812166
0.01881958
0.018830324
0.018844759
0.018863989
0.018887017
0.018914261
0.018945539
0.018985031
0.019034009
0.019087331
0.019145145
0.019208483
0.019276468
0.01935109
0.019436327
0.019529354
0.0196263
0.019727218
0.019832821
0.01994837
0.020073404
0.020201548
0.02032987
0.020465805
0.020612988
0.020762362
0.020908428
0.021059828
0.021219805
0.021374407
0.021526294
0.021682195
0.021828459
0.021966088
0.022100011
0.022214573
0.022312531
0.022389401
0.022437436
0.022452033
0.022424252
0.022347329
0.02221193
0.022008904
0.02172776
0.021358567
0.021032617
0.020832824
0.020619607
0.020388192
0.020133836
0.019862642
0.019575322
0.019268033
0.018936874
0.018585262
0.018215569
0.017824555
0.017408224
0.016971728
0.016514801
0.016035264
0.015530401
0.015007506
0.014462558
0.013894731
0.013305904
0.012698317
0.012069702
0.011419434
0.010755388
0.010071318
0.0093685213
0.0086538637
0.007923113
0.0071766338
0.006421258
0.0056541051
0.0048746937
0.0040907083
0.0032988456
0.0024986074
0.0016993337
0.00089516061
8.7534165e-05
-0.00071281983
-0.0015172185
-0.0023170011
-0.0031074232
-0.0038967355
-0.0046737849
-0.0054427421
-0.0062020384
-0.0069433457
-0.0076772848
-0.0083911485
-0.0090901052
-0.0097704708
-0.010428184
-0.011068902
-0.01168061
-0.012275375
-0.012839013
-0.013379316
-0.013888212
-0.014368727
-0.014816797
-0.015232223
-0.015613353
-0.015958302
-0.016266389
-0.0165355
-0.016764518
-0.016952524
-0.017096588
-0.017198525
-0.017251878
-0.017264903
0.016266076
0.016271047
0.016277158
0.016285962
0.016297713
0.016313295
0.016331904
0.016353879
0.016379037
0.016411039
0.016450991
0.016494353
0.016541206
0.016592457
0.016647339
0.016707597
0.016776727
0.016852255
0.016930756
0.017012265
0.017097439
0.017190911
0.017292305
0.017396032
0.017499519
0.017609303
0.017728675
0.017849765
0.017967802
0.018090443
0.018220686
0.018346412
0.018470072
0.018597859
0.018718115
0.018831852
0.018943809
0.019040761
0.019125456
0.019194654
0.019242002
0.019264307
0.019254291
0.019206868
0.019114559
0.018970044
0.018764728
0.018490448
0.018243969
0.018092185
0.017930172
0.017753414
0.017557536
0.017347884
0.017125542
0.016886765
0.016627738
0.016351475
0.016060359
0.01575136
0.015420382
0.015071824
0.014705957
0.014320413
0.013912116
0.013487548
0.013043719
0.012578979
0.012094533
0.01159268
0.011071389
0.010529271
0.0099732231
0.0093982628
0.008804637
0.0081981201
0.007575462
0.0069364754
0.0062868827
0.0056244887
0.004948532
0.0042656063
0.003573121
0.00287035
0.0021654937
0.0014537131
0.00073601078
2.2064966e-05
-0.00069792194
-0.0014164387
-0.0021289684
-0.0028427783
-0.0035477992
-0.0042475653
-0.0049406386
-0.0056192251
-0.0062927923
-0.0069496841
-0.0075944442
-0.0082235957
-0.0088332021
-0.0094283565
-0.009997812
-0.010552575
-0.011079414
-0.011585408
-0.012062964
-0.012514785
-0.01293699
-0.013329296
-0.013690083
-0.014017515
-0.014310892
-0.014568185
-0.0147883
-0.014970346
-0.015111546
-0.015213601
-0.015270398
-0.015289782
0.014041135
0.014045338
0.014050365
0.014057559
0.014067093
0.014079672
0.01409465
0.014112301
0.014132443
0.014158278
0.014190764
0.014225906
0.014263732
0.014305035
0.014349149
0.014397598
0.014453446
0.01451453
0.014577827
0.014643355
0.014711712
0.014786969
0.014868812
0.014952348
0.015035322
0.015123459
0.015219716
0.015317253
0.015411933
0.0155105
0.015615685
0.015716967
0.015816566
0.015920098
0.016017599
0.016110033
0.016201832
0.016281804
0.016352577
0.016411818
0.016454298
0.016477851
0.016476545
0.016446591
0.016382032
0.016277067
0.016124765
0.015918525
0.015730442
0.01561425
0.015490329
0.015354524
0.015202907
0.015040143
0.014867536
0.014681564
0.01447862
0.014261357
0.014032107
0.013788099
0.013525338
0.013247569
0.012955438
0.012646552
0.012317698
0.011974581
0.01161506
0.011236958
0.010840969
0.010429366
0.010000358
0.0095520382
0.0090903802
0.0086114737
0.008114763
0.0076050363
0.0070798561
0.0065385973
0.0059859615
0.0054203144
0.0048406694
0.0042525722
0.003654022
0.0030440993
0.0024298775
0.0018074039
0.0011772658
0.00054805856
-8.8611043e-05
-0.00072635878
-0.0013609789
-0.0019988149
-0.0026309122
-0.0032602326
-0.0038854987
-0.0044995213
-0.005110652
-0.0057083316
-0.0062965064
-0.0068719407
-0.0074308713
-0.0079778333
-0.0085024069
-0.0090145188
-0.009501952
-0.0099710567
-0.010414756
-0.010835424
-0.011229378
-0.011596258
-0.011934477
-0.012242255
-0.012518872
-0.012762381
-0.012971714
-0.013145999
-0.013282613
-0.01338313
-0.013441792
-0.013465988
0.012095615
0.012099164
0.01210329
0.012109152
0.012116861
0.012126978
0.012138983
0.012153096
0.012169144
0.012189918
0.01221625
0.01224463
0.012275048
0.012308197
0.012343495
0.012382273
0.012427212
0.01247642
0.012527237
0.012579667
0.012634249
0.012694549
0.012760305
0.012827238
0.012893374
0.012963712
0.013040887
0.013118965
0.013194353
0.013272968
0.013357266
0.013438125
0.013517527
0.01360051
0.013678554
0.013752546
0.013826544
0.01389107
0.013948562
0.013997348
0.014033107
0.014054408
0.014056404
0.01403629
0.013989333
0.01391096
0.013795636
0.013638077
0.013492811
0.01340292
0.013307224
0.013201971
0.013083701
0.012956474
0.012821694
0.012676132
0.012516461
0.012345016
0.012164021
0.011970991
0.011762161
0.011540717
0.011307546
0.011060339
0.010795917
0.010519268
0.010228918
0.0099224159
0.0096000829
0.0092641106
0.0089129389
0.0085443612
0.0081635081
0.0077673611
0.007354797
0.0069297441
0.0064904235
0.0060358941
0.0055699565
0.0050914267
0.0045991602
0.004097741
0.0035856463
0.0030618129
0.0025322457
0.001993744
0.0014465304
0.00089812735
0.00034141069
-0.00021829836
-0.00077716335
-0.0013406798
-0.0019009987
-0.0024605826
-0.0030183335
-0.0035677149
-0.004116027
-0.0046538223
-0.0051844934
-0.0057050743
-0.0062120197
-0.0067093289
-0.0071874514
-0.0076552479
-0.0081015493
-0.0085319925
-0.0089400386
-0.0093277418
-0.0096916382
-0.010031296
-0.010345174
-0.010631554
-0.010889698
-0.011117748
-0.01131466
-0.011479581
-0.011610045
-0.011707482
-0.011766508
-0.011794016
0.010397531
0.010400524
0.010403903
0.010408666
0.010414877
0.010422982
0.010432561
0.010443791
0.010456512
0.010473149
0.010494422
0.010517259
0.010541619
0.010568107
0.010596218
0.01062711
0.010663121
0.010702602
0.010743218
0.01078496
0.010828313
0.01087639
0.010928971
0.010982322
0.011034717
0.011090507
0.011152029
0.01121414
0.011273721
0.011335942
0.011402993
0.011466974
0.011529638
0.011595466
0.011657169
0.011715544
0.011774255
0.011825265
0.011870794
0.011909645
0.011938236
0.011955652
0.011957923
0.011942981
0.011907066
0.011846579
0.011757126
0.011634505
0.011520706
0.011450276
0.011375501
0.011293041
0.011199891
0.011099571
0.010993501
0.010878774
0.010752384
0.010616373
0.010472827
0.010319548
0.010153076
0.0099761196
0.0097897024
0.0095916707
0.0093789959
0.0091560077
0.0089217541
0.0086736934
0.0084118897
0.0081384128
0.0078519235
0.0075500882
0.0072372882
0.0069112308
0.0065704317
0.00621809
0.0058529488
0.0054738667
0.0050838755
0.0046821461
0.0042674455
0.0038435073
0.0034091908
0.0029633438
0.0025109953
0.0020495718
0.001578997
0.0011057687
0.0006238875
0.00013770759
-0.00034933566
-0.00084197258
-0.0013334161
-0.0018257027
-0.0023179202
-0.0028042087
-0.0032908981
-0.0037696374
-0.0042433193
-0.0047092663
-0.005164189
-0.0056115849
-0.0060427947
-0.006465652
-0.0068700485
-0.0072609385
-0.0076323371
-0.007985997
-0.0083186894
-0.0086299272
-0.0089182234
-0.0091819346
-0.0094203109
-0.0096315911
-0.0098147564
-0.0099689762
-0.010091944
-0.010184941
-0.010242966
-0.010272389
0.0089183203
0.0089208422
0.0089236035
0.0089274609
0.0089324476
0.008938913
0.0089465203
0.0089554126
0.0089654383
0.0089787051
0.0089958345
0.0090141409
0.0090335664
0.0090546355
0.0090769112
0.0091013985
0.0091301307
0.0091616757
0.009193987
0.0092270469
0.0092612891
0.0092994235
0.0093412639
0.0093835599
0.009424803
0.0094687732
0.0095175298
0.0095666214
0.0096133448
0.0096622013
0.0097151286
0.0097652973
0.0098142424
0.0098659212
0.0099141028
0.0099594899
0.01000535
0.010044868
0.010080034
0.010109993
0.010131765
0.010144797
0.010145825
0.010133328
0.010104317
0.010055958
0.0099847744
0.0098874328
0.0097969175
0.0097409685
0.0096817707
0.0096163836
0.0095422258
0.0094623376
0.0093780954
0.0092869209
0.0091861345
0.0090775203
0.0089629987
0.0088406484
0.0087073514
0.0085654088
0.0084158994
0.0082568643
0.0080854962
0.0079055363
0.0077164218
0.0075156545
0.0073031324
0.0070807764
0.0068474518
0.0066008288
0.0063446328
0.0060771509
0.0057967059
0.0055058914
0.0052038553
0.0048893546
0.004564784
0.0042295887
0.0038825095
0.0035265519
0.0031608758
0.0027842938
0.0024009704
0.0020088491
0.0016076249
0.0012028479
0.00078949978
0.00037108343
-4.9374518e-05
-0.00047592335
-0.00090276618
-0.0013315817
-0.0017616389
-0.0021877532
-0.0026153755
-0.0030372078
-0.0034557014
-0.003868476
-0.0042725243
-0.0046708845
-0.0050557889
-0.0054341034
-0.0057967705
-0.0061481063
-0.0064826858
-0.0068019866
-0.0071030284
-0.0073852864
-0.0076473423
-0.0078876372
-0.008105421
-0.008299035
-0.0084674946
-0.008609994
-0.0087243894
-0.0088118147
-0.0088676531
-0.0088977425
0.0076324615
0.0076345835
0.0076368349
0.0076399501
0.0076439383
0.0076490734
0.0076550846
0.0076620872
0.0076699417
0.0076804732
0.0076942176
0.0077088357
0.0077242564
0.007740934
0.0077584914
0.007777799
0.0078006212
0.0078257155
0.0078512942
0.0078773334
0.0079042181
0.0079343019
0.0079674265
0.0080007681
0.0080330119
0.0080674324
0.0081058359
0.0081443771
0.0081807156
0.0082187581
0.0082602076
0.0082991706
0.0083369838
0.0083771202
0.0084142558
0.0084490037
0.00848425
0.0085142165
0.0085406666
0.0085629904
0.0085787047
0.0085874997
0.0085866871
0.0085751512
0.0085505072
0.0085105225
0.0084524496
0.0083736446
0.0083005461
0.0082554741
0.0082079711
0.0081554721
0.0080957758
0.0080314997
0.0079639381
0.0078908292
0.0078098131
0.0077224418
0.0076304582
0.0075321975
0.0074248925
0.0073104961
0.0071900844
0.0070619087
0.0069234212
0.0067778405
0.0066248859
0.0064621906
0.0062895543
0.0061087334
0.0059187764
0.0057174501
0.0055079115
0.0052889022
0.0050586812
0.0048193466
0.0045703527
0.0043104337
0.0040414675
0.0037631074
0.0034741187
0.0031768995
0.002870843
0.0025547733
0.0022321086
0.0019012137
0.001561624
0.0012180352
0.00086627376
0.00050911481
0.0001491881
-0.00021695598
-0.00058441953
-0.00095458456
-0.0013268868
-0.0016967942
-0.002068973
-0.0024371127
-0.0028032813
-0.0031653927
-0.0035207371
-0.003871939
-0.0042121023
-0.0045471983
-0.0048691899
-0.0051818077
-0.0054801824
-0.0057655474
-0.00603518
-0.0062885365
-0.0065242803
-0.0067409485
-0.0069378028
-0.0071132948
-0.0072664818
-0.0073965892
-0.0075016386
-0.0075826205
-0.0076353051
-0.0076649962
0.0065171425
0.0065189256
0.0065207573
0.0065232652
0.0065264423
0.0065305018
0.0065352266
0.0065407088
0.0065468216
0.0065551422
0.006566131
0.0065777563
0.0065899395
0.0066030732
0.0066168325
0.0066319698
0.0066500118
0.0066698834
0.0066900274
0.0067104155
0.0067313882
0.0067549838
0.0067810678
0.0068071925
0.0068322147
0.0068589636
0.0068890169
0.0069190591
0.0069470677
0.0069764226
0.0070086121
0.0070385605
0.007067426
0.0070982396
0.0071264569
0.007152608
0.0071792227
0.0072014032
0.007220698
0.007236673
0.0072472549
0.0072522982
0.0072495813
0.0072382874
0.0072165099
0.0071824845
0.00713404
0.0070690775
0.007009197
0.0069724003
0.0069337804
0.0068911163
0.0068425419
0.0067903032
0.0067355896
0.0066764349
0.0066107804
0.0065399706
0.0064655676
0.0063861393
0.0062992591
0.0062065827
0.006109143
0.0060054015
0.005893084
0.0057749486
0.0056509112
0.0055187898
0.0053783333
0.0052311272
0.0050763805
0.0049120153
0.0047407008
0.0045615278
0.0043727841
0.0041761669
0.0039713562
0.0037571209
0.0035349279
0.0033045836
0.0030649161
0.0028178271
0.002562888
0.0022989717
0.0020288655
0.0017512741
0.0014656346
0.00117589
0.00087858498
0.00057588949
0.0002700618
-4.1824204e-05
-0.00035566806
-0.00067260742
-0.00099222395
-0.0013105989
-0.0016317064
-0.0019501414
-0.0022676433
-0.0025824081
-0.0028920269
-0.0031987563
-0.0034965344
-0.0037905187
-0.0040736433
-0.004349112
-0.0046125959
-0.0048651164
-0.0051042128
-0.0053293406
-0.0055392562
-0.0057326024
-0.0059086653
-0.0060660134
-0.0062037548
-0.0063211527
-0.0064163955
-0.0064903394
-0.0065391381
-0.0065675706
0.0055519763
0.0055534727
0.0055549594
0.0055569721
0.0055594926
0.0055626861
0.0055663783
0.0055706431
0.0055753661
0.0055819065
0.0055906596
0.0055998655
0.0056094423
0.0056197283
0.0056304445
0.0056422396
0.0056564313
0.0056720915
0.0056878677
0.0057037293
0.0057199756
0.0057383677
0.0057587906
0.0057791281
0.0057983888
0.0058190108
0.0058423664
0.0058656031
0.0058869766
0.0059094021
0.0059341741
0.0059569304
0.0059786697
0.006002025
0.0060231219
0.0060424157
0.006062109
0.0060780536
0.0060915989
0.0061024365
0.0061088337
0.0061107519
0.0061063514
0.0060950353
0.0060752748
0.0060456715
0.0060045082
0.0059501156
0.0059004403
0.0058700375
0.0058382623
0.0058032035
0.0057632867
0.0057204328
0.0056757155
0.005627438
0.0055738182
0.0055160167
0.005455418
0.0053907971
0.0053200471
0.0052445699
0.0051653291
0.0050809867
0.0049895397
0.0048933428
0.0047924426
0.0046848688
0.004570352
0.0044503072
0.0043240812
0.0041897847
0.0040496696
0.0039030902
0.0037484258
0.0035870505
0.0034188057
0.003242534
0.0030593794
0.002869258
0.0026710859
0.0024663656
0.0022548029
0.0020353456
0.0018102563
0.0015785122
0.0013395029
0.0010965194
0.00084671187
0.00059175823
0.00033357933
6.970269e-05
-0.00019646456
-0.00046585955
-0.00073818603
-0.0010100875
-0.0012849337
-0.001558134
-0.0018311483
-0.0021024351
-0.0023698793
-0.0026354139
-0.0028937591
-0.0031493427
-0.0033960069
-0.0036364872
-0.0038669714
-0.0040883007
-0.0042982747
-0.0044963637
-0.004681426
-0.0048522176
-0.0050080604
-0.0051476448
-0.0052701373
-0.005374846
-0.0054601263
-0.0055267112
-0.0055711299
-0.0055976553
0.0047187529
0.0047200067
0.0047212108
0.0047228208
0.0047248119
0.0047273109
0.0047301783
0.0047334731
0.0047370928
0.0047422063
0.0047491516
0.0047564091
0.0047638965
0.0047719047
0.0047801946
0.0047893242
0.0048004279
0.0048127064
0.0048249885
0.0048372426
0.0048497309
0.0048639705
0.0048798634
0.0048955846
0.0049102764
0.0049260348
0.0049440486
0.0049618693
0.0049779956
0.0049949349
0.0050138077
0.0050308735
0.0050469905
0.0050644352
0.0050799099
0.005093803
0.0051080217
0.0051190558
0.0051280744
0.0051348583
0.0051379591
0.0051374048
0.0051316699
0.0051203189
0.0051021223
0.0050759687
0.0050404976
0.0049943788
0.0049527324
0.0049273546
0.0049009391
0.0048718495
0.0048387631
0.0048033175
0.0047664678
0.0047267589
0.0046826585
0.0046351643
0.0045854915
0.0045325977
0.0044746683
0.0044128882
0.0043481373
0.0042792627
0.0042045188
0.0041259098
0.0040435633
0.0039557287
0.0038621399
0.0037640464
0.0036609119
0.0035510489
0.0034363545
0.0033163782
0.0031896279
0.003057219
0.0029191037
0.0027742219
0.0026234664
0.0024668287
0.0023033275
0.002134148
0.0019590952
0.0017772087
0.0015903201
0.0013976234
0.0011985001
0.0009956844
0.00078683272
0.00057323119
0.00035650105
0.00013456056
-8.9776006e-05
-0.00031728135
-0.00054775703
-0.00077835153
-0.0010119112
-0.0012445649
-0.0014775363
-0.0017095221
-0.0019386859
-0.0021666777
-0.0023889379
-0.0026092476
-0.0028222837
-0.0030303711
-0.0032301821
-0.0034224075
-0.0036050996
-0.0037777568
-0.0039393445
-0.0040887364
-0.0042252993
-0.0043478484
-0.0044556149
-0.0045479578
-0.0046233971
-0.004682556
-0.004722327
-0.0047465024
0.004001221
0.0040022698
0.0040032429
0.0040045265
0.0040060924
0.004008037
0.0040102486
0.0040127745
0.0040155237
0.0040194984
0.0040249873
0.0040306819
0.004036502
0.0040426969
0.0040490623
0.0040560772
0.0040647153
0.0040742902
0.0040837906
0.004093185
0.0041027022
0.0041136458
0.0041259319
0.004137991
0.004149083
0.0041610051
0.0041747836
0.0041883215
0.0042003297
0.0042129587
0.0042271744
0.004239777
0.004251501
0.0042643071
0.0042753927
0.0042850881
0.004295036
0.0043022699
0.0043077973
0.0043114625
0.0043120547
0.0043096413
0.0043029559
0.0042916815
0.0042748265
0.0042515052
0.004220638
0.0041811618
0.0041459541
0.0041245956
0.0041024479
0.0040781169
0.0040504946
0.004020973
0.0039903918
0.0039575097
0.0039210165
0.003881767
0.0038408185
0.0037972878
0.0037496224
0.0036988227
0.0036456779
0.003589202
0.0035278879
0.0034634356
0.0033960179
0.0033241001
0.0032474317
0.0031671063
0.0030826849
0.0029926825
0.0028986943
0.0028004119
0.0026964915
0.0025878408
0.0024744845
0.0023554713
0.0022315
0.0021026111
0.0019679314
0.0018283965
0.0016838831
0.0015335308
0.0013788204
0.0012191172
0.0010538232
0.00088520248
0.00071133165
0.00053319047
0.00035213892
0.00016642986
-2.162242e-05
-0.0002126557
-0.00040654672
-0.00060088961
-0.0007980805
-0.00099487463
-0.0011922968
-0.0013892548
-0.0015841697
-0.0017784462
-0.0019681764
-0.0021565742
-0.002339072
-0.0025176379
-0.0026893914
-0.0028548993
-0.0030124544
-0.0031615925
-0.0033013881
-0.0034308336
-0.0035493477
-0.0036558701
-0.0037497014
-0.0038302555
-0.0038962132
-0.003948101
-0.0039831589
-0.0040047291
0.0033848966
0.0033857722
0.0033865564
0.0033875761
0.0033888019
0.003390306
0.0033919991
0.0033939191
0.0033959856
0.0033990558
0.0034033758
0.0034078218
0.0034123177
0.0034170764
0.0034219239
0.0034272702
0.003433949
0.0034413722
0.0034486695
0.00345581
0.0034629927
0.0034713346
0.003480764
0.0034899347
0.0034982101
0.003507127
0.0035175682
0.0035277421
0.0035365447
0.0035458152
0.0035563828
0.0035655169
0.0035738443
0.0035830469
0.0035907476
0.0035972261
0.0036038907
0.0036082382
0.0036111327
0.0036124634
0.003611219
0.0036074874
0.0036002169
0.0035891773
0.0035735669
0.003552678
0.0035256523
0.0034916383
0.0034616893
0.0034436003
0.0034249075
0.0034044279
0.0033812363
0.0033565123
0.0033309868
0.0033036057
0.0032732546
0.003240663
0.003206744
0.0031707519
0.0031313666
0.0030894308
0.0030456425
0.0029991639
0.0029487036
0.0028956993
0.0028403439
0.0027813061
0.0027183584
0.0026524501
0.0025832224
0.0025093843
0.0024322751
0.0023516878
0.0022664328
0.0021772511
0.0020842116
0.0019864747
0.0018845894
0.0017786259
0.0016678185
0.001552907
0.0014338189
0.0013097952
0.0011820333
0.0010500331
0.00091323593
0.0007735123
0.00062928567
0.00048129978
0.00033068991
0.00017599409
1.9109477e-05
-0.00014049084
-0.00030273893
-0.00046561664
-0.00063113499
-0.00079658772
-0.00096283242
-0.0011289605
-0.0012936263
-0.0014580219
-0.0016188212
-0.0017787446
-0.0019338992
-0.0020859452
-0.0022324087
-0.0023737548
-0.0025085012
-0.002636227
-0.0027561144
-0.0028672721
-0.0029691754
-0.0030608854
-0.0031417742
-0.0032113135
-0.0032683379
-0.003313291
-0.0033437405
-0.0033626124
0.0028568889
0.0028576188
0.0028582499
0.0028590567
0.0028600114
0.0028611672
0.0028624527
0.0028638981
0.0028654329
0.0028677883
0.0028711736
0.0028746266
0.002878076
0.0028817033
0.0028853608
0.0028893983
0.0028945278
0.0029002469
0.0029058085
0.0029111835
0.002916544
0.0029228446
0.0029300239
0.0029369306
0.0029430186
0.0029495986
0.0029574274
0.0029649781
0.0029713077
0.0029779846
0.0029857181
0.002992184
0.0029979151
0.0030043495
0.0030094744
0.0030135262
0.0030177072
0.0030199084
0.0030208679
0.0030205069
0.0030179812
0.0030133871
0.003005851
0.0029952064
0.0029808038
0.0029620762
0.0029383404
0.0029089124
0.0028833286
0.0028679406
0.0028520873
0.0028347689
0.002815215
0.0027944224
0.0027730215
0.0027501214
0.0027247781
0.0026976122
0.0026694069
0.0026395346
0.0026068788
0.0025721479
0.0025359519
0.0024975827
0.0024559414
0.0024122399
0.0023666743
0.0023181005
0.0022663167
0.0022121408
0.0021552799
0.0020946231
0.0020312929
0.0019651534
0.0018951664
0.0018219385
0.0017455623
0.0016653068
0.001581606
0.0014945452
0.0014034609
0.0013089405
0.0012109461
0.0011088168
0.0010035219
0.0008946668
0.0007817432
0.00066629384
0.00054702756
0.00042450841
0.00029968055
0.00017132379
4.0990306e-05
-9.1755626e-05
-0.00022688495
-0.00036271282
-0.00050092246
-0.00063926575
-0.00077845986
-0.00091775343
-0.001056008
-0.0011942327
-0.0013296138
-0.0014644453
-0.0015954293
-0.0017239624
-0.0018479347
-0.0019677289
-0.0020820689
-0.0021905801
-0.0022925478
-0.0023871927
-0.0024740478
-0.0025522908
-0.002621365
-0.0026808006
-0.0027295776
-0.002768069
-0.0027941476
-0.0028103598
0.0024057495
0.0024063574
0.0024068648
0.0024075006
0.0024082403
0.0024091222
0.002410089
0.0024111652
0.0024122889
0.0024140825
0.0024167234
0.0024193901
0.0024220169
0.0024247581
0.0024274885
0.0024305061
0.002434417
0.0024387931
0.0024429954
0.0024469965
0.002450945
0.0024556541
0.0024610717
0.0024662156
0.0024706188
0.0024753963
0.0024811946
0.0024867157
0.0024911561
0.00249585
0.0025014017
0.0025058377
0.0025096102
0.0025139439
0.0025171385
0.002519393
0.0025217298
0.0025223754
0.0025219577
0.0025204205
0.0025170599
0.0025119728
0.0025044338
0.0024943229
0.0024811128
0.0024643488
0.0024434857
0.0024179733
0.0023960627
0.0023829353
0.0023694467
0.0023547553
0.0023382207
0.0023206831
0.0023026823
0.0022834679
0.002262244
0.0022395364
0.0022160129
0.002191147
0.0021639984
0.0021351619
0.0021051649
0.0020734121
0.0020389733
0.0020028678
0.0019652834
0.0019252447
0.0018825763
0.0018379779
0.0017912106
0.0017413267
0.0016892655
0.0016349397
0.0015774537
0.0015173057
0.001454598
0.0013887011
0.0013199604
0.0012484664
0.00117365
0.0010959796
0.00101544
0.00093146251
0.00084483281
0.00075523857
0.00066222725
0.00056706982
0.00046870907
0.00036757359
0.00026444624
0.00015831107
5.0436569e-05
-5.953778e-05
-0.00017160881
-0.00028437549
-0.00039924319
-0.00051435028
-0.00063029606
-0.00074646199
-0.00086189132
-0.00097743564
-0.0010907276
-0.0012036952
-0.0013135598
-0.001421493
-0.0015257071
-0.0016265176
-0.0017228351
-0.0018143311
-0.0019003881
-0.0019803314
-0.0020537515
-0.0021199352
-0.002178395
-0.0022287185
-0.0022700212
-0.0023026163
-0.0023246578
-0.0023383487
0.0020213344
0.0020218398
0.0020222468
0.0020227461
0.002023316
0.0020239835
0.002024703
0.0020254939
0.0020263025
0.0020276571
0.0020297074
0.0020317545
0.0020337384
0.0020357899
0.0020378032
0.0020400314
0.0020429891
0.0020463127
0.0020494569
0.0020523966
0.0020552594
0.0020587365
0.0020627834
0.0020665647
0.0020696821
0.0020730817
0.0020773138
0.002081278
0.0020842917
0.0020874862
0.0020913749
0.0020942866
0.0020966035
0.0020993655
0.0021011392
0.0021020919
0.0021030897
0.0021026439
0.002101287
0.0020989785
0.0020951328
0.0020898419
0.0020825043
0.0020730336
0.0020610015
0.0020460424
0.0020277209
0.0020055936
0.0019868073
0.0019755918
0.001964094
0.0019516075
0.0019376018
0.0019227827
0.0019076096
0.0018914525
0.0018736429
0.0018546252
0.0018349652
0.0018142226
0.0017916092
0.0017676228
0.001742716
0.0017163898
0.0016878614
0.0016579856
0.0016269354
0.0015938852
0.0015586846
0.0015219285
0.0014834222
0.001442363
0.0013995357
0.0013548856
0.0013076478
0.0012582324
0.0012067419
0.0011526397
0.0010962023
0.0010375188
0.00097610551
0.00091233759
0.00084621424
0.00077725065
0.00070608498
0.00063246904
0.00055600685
0.00047774473
0.0003968169
0.0003135505
0.0002285931
0.0001411006
5.2109247e-05
-3.8679424e-05
-0.00013127829
-0.00022452609
-0.00031959359
-0.00041494302
-0.00051107476
-0.00060748135
-0.00070336322
-0.00079943703
-0.00089372053
-0.00098782904
-0.0010794326
-0.0011695118
-0.0012565609
-0.001340841
-0.0014214283
-0.0014980395
-0.0015701458
-0.001637169
-0.0016987544
-0.0017542895
-0.0018033523
-0.0018455851
-0.0018802276
-0.0019075431
-0.0019259408
-0.0019373166
0.0016946755
0.001695095
0.0016954207
0.0016958114
0.0016962477
0.0016967486
0.0016972774
0.0016978496
0.001698419
0.0016994325
0.0017010164
0.0017025775
0.001704062
0.0017055803
0.0017070431
0.0017086649
0.0017108815
0.0017133847
0.0017157108
0.001717837
0.0017198725
0.0017224031
0.0017253907
0.001728127
0.0017302733
0.0017326301
0.0017356644
0.0017384458
0.0017403958
0.0017424712
0.0017451066
0.0017468905
0.0017481453
0.0017497507
0.0017505013
0.0017505373
0.0017505899
0.001749412
0.0017474537
0.0017446854
0.0017406208
0.0017353445
0.001728358
0.0017195997
0.001708721
0.001695428
0.0016793723
0.001660196
0.0016440878
0.0016345023
0.0016246945
0.0016140736
0.0016022008
0.0015896679
0.0015768631
0.0015632597
0.0015482979
0.001532352
0.0015158993
0.0014985725
0.0014797132
0.0014597377
0.0014390306
0.0014171759
0.0013935177
0.0013687708
0.0013430905
0.0013157819
0.0012867178
0.0012564013
0.0012246733
0.0011908587
0.0011556119
0.0011188993
0.0010800734
0.0010394726
0.0009971935
0.00095278258
0.00090646275
0.00085831746
0.00080793873
0.00075562863
0.00070139462
0.00064482689
0.00058644489
0.00052605044
0.00046330202
0.00039906057
0.00033261675
0.00026422204
0.00019441105
0.00012248378
4.9286842e-05
-2.5426951e-05
-0.00010167939
-0.00017851053
-0.0002568937
-0.00033556112
-0.00041493015
-0.00049458551
-0.00057386219
-0.0006533616
-0.00073143091
-0.00080941967
-0.00088538249
-0.00096013845
-0.0010324257
-0.001102461
-0.0011694667
-0.0012332009
-0.0012932152
-0.0013490186
-0.0014003075
-0.0014465602
-0.0014874158
-0.0015225674
-0.0015513671
-0.0015740363
-0.0015892143
-0.0015985242
0.0014178664
0.0014182138
0.001418474
0.0014187784
0.0014191104
0.0014194825
0.0014198654
0.0014202715
0.0014206611
0.0014214113
0.0014226285
0.0014238106
0.0014249095
0.0014260185
0.0014270623
0.0014282223
0.0014298664
0.0014317341
0.0014334323
0.0014349404
0.0014363517
0.001438161
0.0014403362
0.0014422781
0.0014436996
0.0014452763
0.0014474032
0.0014492955
0.0014504645
0.0014517173
0.0014534204
0.0014543848
0.0014548818
0.0014556533
0.0014556877
0.0014551024
0.0014545127
0.0014528759
0.0014505714
0.0014475773
0.0014434903
0.0014383866
0.0014318533
0.0014238469
0.0014140837
0.0014023268
0.0013882975
0.0013717065
0.001357906
0.0013497175
0.0013413529
0.0013323195
0.0013222551
0.0013116545
0.0013008443
0.0012893851
0.0012768101
0.0012634336
0.0012496561
0.001235172
0.0012194336
0.0012027878
0.0011855598
0.0011674038
0.0011477722
0.0011272618
0.0011060086
0.0010834309
0.0010594225
0.0010344064
0.0010082525
0.00098039651
0.00095138296
0.00092119157
0.00088927839
0.0008559229
0.0008212129
0.00078476762
0.00074676803
0.00070728962
0.00066599046
0.00062311508
0.00057867506
0.0005323265
0.00048449315
0.00043501583
0.00038360363
0.00033096465
0.00027651734
0.00022045679
0.00016322365
0.0001042384
4.4192987e-05
-1.7117364e-05
-7.9718392e-05
-0.00014281841
-0.00020722501
-0.00027189462
-0.00033717498
-0.00040272683
-0.00046799939
-0.00053349591
-0.00059784342
-0.00066216639
-0.00072484678
-0.00078656724
-0.00084627548
-0.00090415195
-0.00095954576
-0.001012253
-0.0010618966
-0.0011080627
-0.0011504942
-0.001188751
-0.0012225268
-0.0012515617
-0.0012753075
-0.0012939509
-0.0013063351
-0.0013138431
0.001183957
0.0011842443
0.0011844517
0.001184688
0.0011849387
0.0011852119
0.0011854842
0.0011857654
0.0011860215
0.00118657
0.0011875001
0.0011883881
0.0011891916
0.0011899889
0.0011907169
0.0011915284
0.0011927331
0.0011941117
0.0011953317
0.0011963749
0.0011973204
0.0011985854
0.0012001425
0.0012014864
0.0012023745
0.0012033753
0.001204822
0.0012060544
0.0012066607
0.0012073199
0.0012083399
0.0012087221
0.001208694
0.0012088794
0.0012084314
0.001207448
0.0012064453
0.0012045534
0.0012020911
0.001199042
0.0011950723
0.0011902491
0.0011842313
0.0011769882
0.0011682888
0.0011579423
0.0011457252
0.0011314038
0.0011195975
0.0011126106
0.0011054831
0.0010978054
0.0010892796
0.001080318
0.0010711939
0.0010615422
0.0010509746
0.0010397543
0.0010282161
0.0010161061
0.0010029704
0.00098909757
0.00097476056
0.00095967292
0.00094337968
0.00092637731
0.00090878318
0.0008901127
0.00087027798
0.00084963298
0.00082807138
0.00080512361
0.00078124224
0.00075641494
0.00073018773
0.00070279181
0.00067430451
0.00064440823
0.00061325074
0.00058089856
0.00054706674
0.00051195423
0.00047557403
0.00043763937
0.00039849661
0.00035801718
0.0003159558
0.00027289469
0.0002283567
0.00018249483
0.00013567172
8.7408334e-05
3.8270528e-05
-1.1911363e-05
-6.3163771e-05
-0.00011483507
-0.0001675941
-0.00022058296
-0.000274091
-0.00032784143
-0.00038137971
-0.00043512578
-0.00048794294
-0.0005407658
-0.0005922532
-0.00064297291
-0.00069205122
-0.00073963864
-0.00078519346
-0.0008285455
-0.00086937985
-0.0009073506
-0.00094224215
-0.00097368583
-0.0010014246
-0.0010252402
-0.0010446725
-0.0010598793
-0.0010698839
-0.0010758595
0.0009868575
0.00098709452
0.00098725947
0.00098744215
0.00098763004
0.00098782792
0.0009880171
0.0009882054
0.00098836383
0.00098875895
0.00098946525
0.00099012647
0.00099070527
0.00099126723
0.00099175971
0.00099231099
0.0009931812
0.00099418587
0.00099504496
0.00099574229
0.00099634494
0.00099720335
0.00099829433
0.00099919307
0.00099969517
0.0010002777
0.0010012206
0.0010019702
0.0010021806
0.0010024212
0.0010029501
0.0010029305
0.001002553
0.0010023403
0.0010015852
0.0010003694
0.00099912417
0.0009971256
0.00099464073
0.0009916569
0.00098789855
0.00098342403
0.0009779517
0.00097146023
0.00096376149
0.00095470179
0.00094410191
0.00093177288
0.00092169161
0.00091573953
0.00090967456
0.00090315723
0.00089594278
0.00088837416
0.00088067895
0.0008725545
0.00086367911
0.00085427246
0.00084461296
0.00083449073
0.00082353033
0.00081197153
0.00080004214
0.00078750558
0.00077398514
0.00075989302
0.00074532882
0.00072989079
0.00071350677
0.00069647162
0.00067869827
0.00065979803
0.00064014623
0.000619735
0.00059818777
0.00057569596
0.00055232604
0.00052781459
0.00050228297
0.0004757885
0.00044809492
0.00041936486
0.00038961105
0.00035859567
0.00032660239
0.00029352667
0.00025916361
0.00022399171
0.00018761921
0.00015016748
0.00011193456
7.2525043e-05
3.2401938e-05
-8.5753431e-06
-5.0431926e-05
-9.2632397e-05
-0.00013572975
-0.00017901945
-0.00022274199
-0.00026667168
-0.00031043463
-0.00035438032
-0.00039757043
-0.00044077999
-0.00048290074
-0.000524404
-0.00056456711
-0.00060351589
-0.00064080167
-0.0006762837
-0.00070970083
-0.0007407658
-0.00076929947
-0.00079499516
-0.00081763884
-0.00083704903
-0.00085284189
-0.00086515086
-0.00087315533
-0.00087784612
0.00082124845
0.00082144363
0.00082157454
0.00082171513
0.00082185467
0.00082199562
0.00082212306
0.00082224317
0.00082233139
0.00082261083
0.00082314361
0.00082363094
0.00082404027
0.00082442639
0.00082474537
0.00082510473
0.00082572223
0.00082644327
0.00082703259
0.00082747599
0.00082783008
0.00082838847
0.00082913156
0.00082970317
0.00082993162
0.00083021612
0.00083079128
0.00083119396
0.00083113431
0.00083108853
0.00083127236
0.00083098662
0.00083039031
0.00082992018
0.00082898709
0.00082765907
0.00082629542
0.000824295
0.0008218809
0.0008190431
0.00081555464
0.00081146551
0.00080654371
0.00080077456
0.00079400487
0.00078611082
0.00077694861
0.00076636543
0.00075777582
0.00075271502
0.00074756306
0.00074203937
0.00073594335
0.00072955949
0.0007230765
0.00071624426
0.00070879693
0.00070091743
0.00069283644
0.00068438069
0.00067524082
0.00066561552
0.00065569391
0.00064528121
0.00063406659
0.00062239148
0.0006103393
0.00059757836
0.00058404992
0.00056999856
0.00055535286
0.00053979254
0.00052362825
0.00050685444
0.00048916042
0.00047070476
0.00045154346
0.00043145915
0.00041055196
0.0003888704
0.00036621947
0.00034273262
0.00031842139
0.00029308952
0.00026696967
0.00023997636
0.00021193975
0.00018325294
0.00015359403
0.00012306044
9.1896818e-05
5.9777181e-05
2.7080618e-05
-6.3093757e-06
-4.041553e-05
-7.4798578e-05
-0.00010991504
-0.00014518684
-0.0001808136
-0.00021661143
-0.00025227359
-0.00028809025
-0.00032328883
-0.00035851072
-0.00039284256
-0.00042667496
-0.00045941222
-0.00049115969
-0.00052154742
-0.00055045993
-0.00057768204
-0.0006029767
-0.00062619629
-0.00064708745
-0.00066547347
-0.00068120487
-0.00069396373
-0.00070386349
-0.00071021893
-0.00071386458
0.00068249968
0.00068266006
0.00068276374
0.00068287142
0.00068297398
0.00068307229
0.00068315442
0.00068322528
0.00068326409
0.00068345712
0.000683856
0.00068421087
0.00068449357
0.00068474972
0.00068494278
0.00068516258
0.0006855909
0.00068609855
0.00068648846
0.00068674828
0.00068692559
0.00068726571
0.00068775207
0.00068808692
0.00068812649
0.00068820393
0.00068851517
0.00068867387
0.0006884379
0.00068820444
0.0006881531
0.00068770134
0.00068698151
0.0006863574
0.00068533942
0.00068398411
0.00068258986
0.00068065866
0.00067837637
0.00067573481
0.00067254751
0.00066885683
0.00066447201
0.00065938308
0.00065346534
0.00064661908
0.00063872886
0.00062967113
0.00062236926
0.00061807522
0.00061370714
0.00060903384
0.00060389125
0.00059851477
0.00059306023
0.00058732149
0.00058107956
0.00057448628
0.00056773209
0.00056067429
0.00055305873
0.0005450497
0.00053680344
0.00052816001
0.00051886383
0.00050919704
0.00049922867
0.00048868599
0.00047752154
0.00046593735
0.00045387479
0.00044107104
0.00042778275
0.00041400532
0.0003994837
0.00038434931
0.00036864847
0.00035220263
0.00033509477
0.00031736525
0.00029885379
0.00027967031
0.00025982463
0.00023915552
0.00021785407
0.00019584994
0.00017300335
0.00014963709
0.00012548646
0.00010063056
7.5269988e-05
4.9136256e-05
2.2539936e-05
-4.6155353e-06
-3.2350021e-05
-6.0303576e-05
-8.8852622e-05
-0.00011752314
-0.00014648068
-0.00017557546
-0.0002045564
-0.00023366397
-0.00026226341
-0.00029088461
-0.00031877655
-0.00034626252
-0.0003728529
-0.00039863602
-0.00042330802
-0.00044677487
-0.00046886018
-0.0004893694
-0.00050818175
-0.00052508901
-0.00053994618
-0.00055263091
-0.00056288091
-0.00057079219
-0.00057579428
-0.00057858662
0.00056659492
0.00056672641
0.00056680834
0.00056689039
0.00056696485
0.00056703153
0.00056708091
0.00056711684
0.00056712187
0.00056725102
0.00056754708
0.00056780177
0.00056799083
0.00056815215
0.00056825541
0.00056837545
0.00056866357
0.00056901209
0.00056925649
0.00056938605
0.00056944066
0.00056962462
0.00056992401
0.00057009063
0.00057000446
0.00056994271
0.00057006849
0.00057006042
0.00056971684
0.00056936804
0.0005691631
0.00056861797
0.00056784258
0.00056713894
0.00056610127
0.00056477646
0.00056341152
0.00056159485
0.00055948089
0.00055706275
0.00055418761
0.000550891
0.0005470164
0.00054255712
0.0005374117
0.00053149989
0.00052472897
0.00051699909
0.00051080616
0.00050717035
0.00050347409
0.00049952745
0.00049519651
0.00049067559
0.00048609281
0.00048127878
0.00047605361
0.00047054304
0.00046490366
0.00045901823
0.0004526786
0.00044602034
0.00043917186
0.00043200224
0.00042430197
0.00041630369
0.00040806388
0.00039935916
0.00039015145
0.00038060699
0.00037067758
0.0003601484
0.00034923113
0.00033792131
0.00032601059
0.00031360788
0.00030075085
0.00028729347
0.00027330472
0.00025881772
0.00024370118
0.00022804592
0.0002118599
0.00019501117
0.00017765685
0.00015973876
0.00014114251
0.00012213313
0.0001024927
8.2286169e-05
6.1677864e-05
4.0446775e-05
1.8847538e-05
-3.199922e-06
-2.5712542e-05
-4.8395622e-05
-7.1559299e-05
-9.4815023e-05
-0.0001183
-0.00014189228
-0.00016538669
-0.00018898228
-0.00021215837
-0.00023535221
-0.0002579474
-0.00028021125
-0.00030174236
-0.00032261489
-0.00034258015
-0.00036156209
-0.00037941695
-0.00039598586
-0.00041117082
-0.00042480179
-0.00043676076
-0.00044694875
-0.00045515101
-0.00046144988
-0.0004653737
-0.00046750872
0.00047006308
0.00047017062
0.0004702352
0.00047029736
0.0004703506
0.00047039409
0.0004704202
0.00047043198
0.00047041479
0.00047049728
0.0004707148
0.00047089425
0.00047101489
0.00047110806
0.00047114868
0.00047119891
0.00047138428
0.00047161533
0.00047175512
0.00047179441
0.00047176651
0.00047184107
0.00047200637
0.00047205618
0.00047189058
0.00047173957
0.00047173848
0.00047162074
0.00047121889
0.0004708068
0.00047050775
0.00046992073
0.00046913677
0.00046840578
0.00046739234
0.00046613525
0.00046483831
0.00046316219
0.00046123486
0.00045905033
0.00045648373
0.00045356454
0.00045016459
0.0004462795
0.00044182673
0.00043674172
0.00043094999
0.00042437088
0.00041912984
0.0004160575
0.00041293553
0.00040960835
0.0004059669
0.0004021712
0.00039832615
0.00039429293
0.00038992422
0.00038532387
0.00038062015
0.00037571698
0.00037044438
0.00036491397
0.00035923083
0.00035328804
0.00034691444
0.00034030141
0.00033349465
0.00032631188
0.00031872278
0.00031086363
0.00030269474
0.0002940412
0.00028507729
0.00027579829
0.00026603477
0.000255877
0.00024535509
0.00023435007
0.00022291949
0.00021109011
0.00019875471
0.00018598859
0.00017279786
0.00015907487
0.00014494903
0.00013037186
0.0001152503
9.9801908e-05
8.3847048e-05
6.7439603e-05
5.0714109e-05
3.3488636e-05
1.5972173e-05
-1.9017545e-06
-2.0147327e-05
-3.8523367e-05
-5.7285335e-05
-7.6114749e-05
-9.5125306e-05
-0.00011421776
-0.00013322465
-0.00015231063
-0.00017104912
-0.00018980063
-0.00020805999
-0.00022604805
-0.00024343643
-0.00026028746
-0.00027639815
-0.00029170739
-0.00030609841
-0.000319442
-0.00033165897
-0.00034261084
-0.0003522018
-0.00036035174
-0.00036688471
-0.00037187001
-0.00037491699
-0.00037651335
0.00038991538
0.00039000309
0.00039005386
0.00039010062
0.00039013797
0.00039016467
0.00039017462
0.00039017021
0.00039013922
0.00039018811
0.00039034594
0.00039046933
0.00039054065
0.00039058573
0.00039058387
0.00039058656
0.00039069761
0.00039084289
0.00039090881
0.00039088744
0.00039080651
0.00039080641
0.00039087731
0.00039084837
0.00039063671
0.00039043253
0.00039034771
0.00039016184
0.00038973627
0.00038929738
0.00038894674
0.00038835314
0.00038759174
0.00038686864
0.00038590731
0.00038473985
0.00038353377
0.00038201005
0.00038027444
0.00037832158
0.00037604974
0.00037348311
0.00037051701
0.00036714859
0.00036331073
0.00035895156
0.00035401119
0.00034842451
0.00034399745
0.00034140576
0.00033877311
0.00033597241
0.00033291507
0.00032973254
0.00032651031
0.00032313498
0.00031948623
0.00031564964
0.00031172986
0.00030764833
0.00030326668
0.00029867663
0.00029396371
0.00028904089
0.00028376875
0.00027830442
0.0002726844
0.00026676052
0.00026050887
0.0002540407
0.00024732331
0.00024021479
0.00023285841
0.00022524902
0.00021724944
0.0002089345
0.00020032784
0.00019133287
0.00018199778
0.00017234384
0.00016228373
0.00015188007
0.00014113726
0.00012996771
0.00011847816
0.00010662799
9.4341789e-05
8.1798284e-05
6.8849055e-05
5.5539252e-05
4.1979011e-05
2.8018466e-05
1.3829373e-05
-6.4354075e-07
-1.5411993e-05
-3.027862e-05
-4.5453892e-05
-6.0676689e-05
-7.6041265e-05
-9.1466863e-05
-0.00010681693
-0.00012222765
-0.00013734981
-0.00015248058
-0.00016720633
-0.00018170957
-0.00019572205
-0.00020929632
-0.00022226714
-0.00023458572
-0.00024615776
-0.00025687872
-0.0002666852
-0.0002754653
-0.00028314216
-0.00028965226
-0.00029485319
-0.00029880542
-0.00030118923
-0.00030241307
0.00032358807
0.00032365939
0.00032369917
0.00032373406
0.00032375958
0.0003237743
0.00032377334
0.00032375856
0.00032371983
0.00032374489
0.00032385759
0.00032393957
0.0003239759
0.00032398781
0.00032395826
0.00032392973
0.00032398779
0.00032407123
0.00032408612
0.00032402572
0.00032391297
0.0003238637
0.00032386963
0.00032378974
0.00032355548
0.00032332364
0.00032318635
0.00032296193
0.00032253599
0.00032209502
0.00032172238
0.00032114535
0.00032042582
0.00031973314
0.00031883998
0.00031777283
0.00031666885
0.00031529926
0.00031375119
0.00031201968
0.00031002216
0.00030777826
0.00030520266
0.00030229351
0.00029899627
0.00029526929
0.00029106439
0.00028632903
0.00028259499
0.00028041165
0.00027819427
0.00027583942
0.00027327528
0.00027060953
0.00026791156
0.00026508898
0.00026204388
0.00025884655
0.00025558204
0.00025218629
0.00024854698
0.00024473938
0.00024083271
0.00023675633
0.00023239704
0.00022788361
0.00022324477
0.00021836057
0.0002132123
0.00020789046
0.000202368
0.00019653026
0.00019049488
0.00018425616
0.00017770355
0.00017089915
0.00016386106
0.00015651116
0.00014888994
0.00014101399
0.00013281235
0.00012433735
0.00011559177
0.0001065045
9.7163829e-05
8.7535417e-05
7.7558426e-05
6.7379809e-05
5.6876609e-05
4.6087014e-05
3.5101205e-05
2.3795568e-05
1.2311495e-05
6.0292276e-07
-1.1339739e-05
-2.3354917e-05
-3.5616154e-05
-4.7909222e-05
-6.0312321e-05
-7.2759753e-05
-8.5140196e-05
-9.7566387e-05
-0.00010975249
-0.00012194349
-0.00013380092
-0.0001454756
-0.00015674868
-0.00016766442
-0.00017808856
-0.00018798228
-0.00019726949
-0.00020586568
-0.00021372002
-0.00022074186
-0.000226869
-0.00023205015
-0.00023616853
-0.000239274
-0.00024110117
-0.00024198666
0.00026889041
0.00026894819
0.00026897924
0.000269005
0.00026902179
0.00026902811
0.00026902008
0.00026899912
0.00026895685
0.00026896537
0.00026904411
0.00026909576
0.00026910775
0.00026909743
0.00026905083
0.00026900289
0.00026902383
0.00026906329
0.00026904392
0.00026895997
0.00026883036
0.00026875027
0.00026871277
0.00026860183
0.00026836098
0.00026811899
0.0002679514
0.00026770898
0.00026729767
0.00026687056
0.00026649573
0.00026594942
0.00026528243
0.0002646333
0.00026381576
0.00026285163
0.00026185272
0.000260632
0.00025926104
0.00025773514
0.00025598755
0.00025403395
0.000251805
0.00024929948
0.00024647306
0.00024329234
0.00023971847
0.00023570916
0.00023256224
0.00023072414
0.00022885763
0.00022687874
0.00022472937
0.00022249755
0.00022023927
0.00021787953
0.00021533889
0.00021267498
0.00020995657
0.00020713157
0.00020410915
0.0002009509
0.00019771255
0.00019433691
0.00019073242
0.00018700438
0.00018317503
0.00017914764
0.00017490778
0.00017052874
0.00016598809
0.00016119355
0.00015624166
0.00015112609
0.00014575823
0.00014018971
0.00013443392
0.00012842788
0.00012220584
0.00011578037
0.00010909393
0.00010219043
9.5071252e-05
8.7678752e-05
8.0086159e-05
7.22642e-05
6.4163978e-05
5.5906501e-05
4.7389555e-05
3.8645728e-05
2.9748909e-05
2.0596935e-05
1.1306443e-05
1.8389387e-06
-7.8133937e-06
-1.7518144e-05
-2.741863e-05
-3.7338892e-05
-4.7343914e-05
-5.7380264e-05
-6.7357156e-05
-7.7368088e-05
-8.7178989e-05
-9.6992058e-05
-0.00010653031
-0.00011591859
-0.00012497842
-0.00013374733
-0.00014211645
-0.0001500552
-0.00015750265
-0.00016439102
-0.00017068028
-0.00017629803
-0.00018119531
-0.0001853328
-0.00018861756
-0.00019109495
-0.00019255107
-0.00019327006
0.00022395823
0.00022400483
0.00022402895
0.0002240477
0.00022405809
0.00022405866
0.0002240463
0.00022402209
0.00022397914
0.00022397643
0.00022402973
0.00022405936
0.0002240548
0.00022403016
0.00022397402
0.00022391499
0.00022391045
0.00022391912
0.00022387756
0.0002237809
0.00022364465
0.00022354669
0.0002234812
0.00022335313
0.00022311612
0.0002228755
0.00022269287
0.00022244616
0.00022205834
0.00022165454
0.00022129005
0.00022078202
0.00022017199
0.00021957272
0.00021883215
0.00021796823
0.00021707158
0.00021598985
0.00021478163
0.00021344235
0.00021191831
0.00021022181
0.00020829666
0.00020614198
0.00020372173
0.00020100917
0.00019797288
0.00019457889
0.00019192661
0.00019037886
0.00018880723
0.00018714381
0.0001853417
0.00018347263
0.00018158152
0.00017960772
0.00017748702
0.00017526655
0.00017300161
0.00017064995
0.0001681384
0.00016551731
0.00016283119
0.00016003391
0.00015705168
0.0001539705
0.00015080711
0.00014748391
0.00014398996
0.00014038436
0.00013664837
0.00013270809
0.00012864274
0.00012444534
0.00012004526
0.00011548558
0.00011077569
0.000105865
0.00010078265
9.5537857e-05
9.0083988e-05
8.4458134e-05
7.8660436e-05
7.2644216e-05
6.6470444e-05
6.0113927e-05
5.3535496e-05
4.6835021e-05
3.9927158e-05
3.2839954e-05
2.5634047e-05
1.822473e-05
1.0708504e-05
3.0530729e-06
-4.7479371e-06
-1.2585799e-05
-2.0579185e-05
-2.858328e-05
-3.6652226e-05
-4.4742568e-05
-5.2780161e-05
-6.0842784e-05
-6.8738476e-05
-7.6634433e-05
-8.4303756e-05
-9.1849956e-05
-9.9127416e-05
-0.00010616791
-0.00011288308
-0.00011924878
-0.000125216
-0.00013072994
-0.00013575852
-0.00014024287
-0.0001441429
-0.00014742609
-0.00015001479
-0.00015194428
-0.00015303355
-0.0001535128
0.00018721249
0.00018724986
0.00018726847
0.00018728184
0.00018728757
0.00018728429
0.00018726952
0.00018724405
0.00018720227
0.00018719217
0.00018722646
0.00018724024
0.00018722474
0.00018719137
0.00018713082
0.00018706641
0.00018704479
0.00018703225
0.00018697702
0.00018687498
0.00018673877
0.0001866318
0.00018654915
0.00018641334
0.00018618648
0.00018595429
0.00018576671
0.00018552435
0.00018516439
0.00018478862
0.00018444164
0.0001839747
0.00018342162
0.00018287366
0.00018220717
0.00018143689
0.00018063579
0.00017968026
0.00017861807
0.00017744469
0.00017611719
0.00017464494
0.00017298259
0.0001711294
0.00016905608
0.00016674119
0.0001641593
0.00016128312
0.0001590451
0.00015774013
0.00015641488
0.00015501468
0.00015350175
0.00015193439
0.00015034834
0.00014869477
0.00014692204
0.00014506854
0.00014317848
0.00014121769
0.00013912748
0.00013694898
0.00013471737
0.00013239561
0.00012992448
0.00012737417
0.00012475673
0.00012201031
0.00011912684
0.00011615368
0.00011307508
0.00010983217
0.00010649002
0.00010304097
9.9429142e-05
9.5690613e-05
9.183139e-05
8.7811013e-05
8.365446e-05
7.9368101e-05
7.4914211e-05
7.0324319e-05
6.5597495e-05
6.069596e-05
5.5670723e-05
5.0499874e-05
4.515212e-05
3.971018e-05
3.4102373e-05
2.8353055e-05
2.2512128e-05
1.650903e-05
1.0423927e-05
4.2295756e-06
-2.0792525e-06
-8.4130026e-06
-1.4870331e-05
-2.1331705e-05
-2.7842416e-05
-3.4367124e-05
-4.0845144e-05
-4.7341493e-05
-5.3698375e-05
-6.0054534e-05
-6.6223787e-05
-7.2292343e-05
-7.814134e-05
-8.3797993e-05
-8.9190828e-05
-9.4301202e-05
-9.909029e-05
-0.00010351463
-0.00010754972
-0.00011114947
-0.00011428355
-0.00011692901
-0.00011902626
-0.00012061109
-0.00012154233
-0.0001220202
0.00015732033
0.00015735007
0.00015736429
0.00015737353
0.00015737591
0.00015737015
0.00015735428
0.00015732889
0.00015728938
0.00015727464
0.00015729477
0.00015729724
0.0001572748
0.00015723659
0.00015717505
0.00015710908
0.00015707636
0.0001570495
0.0001569865
0.00015688388
0.00015675187
0.00015664175
0.00015654939
0.00015641195
0.00015619865
0.00015597882
0.00015579265
0.00015555963
0.00015522884
0.00015488258
0.00015455647
0.00015413022
0.00015363122
0.00015313273
0.00015253473
0.00015184929
0.00015113464
0.00015029099
0.00014935712
0.0001483284
0.00014717081
0.00014589118
0.00014445306
0.0001428557
0.00014107526
0.00013909458
0.00013689303
0.00013444866
0.00013255498
0.00013145161
0.00013033068
0.00012914848
0.00012787475
0.0001265567
0.00012522245
0.0001238329
0.00012234674
0.00012079521
0.00011921329
0.00011757345
0.00011582891
0.00011401321
0.00011215381
0.00011022109
0.00010816781
0.0001060512
0.00010387933
0.00010160328
9.921735e-05
9.675923e-05
9.4215545e-05
9.1539747e-05
8.8785326e-05
8.5943956e-05
8.2971831e-05
7.9899319e-05
7.6729579e-05
7.3430385e-05
7.0023354e-05
6.6512471e-05
6.286721e-05
5.9114623e-05
5.5252847e-05
5.125128e-05
4.7152895e-05
4.2938395e-05
3.8582826e-05
3.4155067e-05
2.9594431e-05
2.4922294e-05
2.0179889e-05
1.5308056e-05
1.037376e-05
5.3538582e-06
2.4401808e-07
-4.881668e-06
-1.010567e-05
-1.5328895e-05
-2.0589435e-05
-2.5858523e-05
-3.1086269e-05
-3.6327402e-05
-4.1451592e-05
-4.6574582e-05
-5.1542939e-05
-5.6428808e-05
-6.1134711e-05
-6.5683929e-05
-7.0018218e-05
-7.4122823e-05
-7.796633e-05
-8.151321e-05
-8.4743304e-05
-8.7618228e-05
-9.0111702e-05
-9.2202801e-05
-9.3838231e-05
-9.5042125e-05
-9.5686981e-05
-9.5929376e-05
0.00013315977
0.00013318322
0.00013319394
0.00013320002
0.00013319998
0.00013319272
0.00013317664
0.00013315215
0.00013311555
0.00013309807
0.00013310766
0.00013310214
0.00013307555
0.00013303512
0.00013297476
0.00013290968
0.00013287002
0.00013283369
0.00013276688
0.00013266663
0.00013254115
0.00013243158
0.00013233442
0.00013219908
0.00013200072
0.00013179497
0.00013161385
0.00013139262
0.00013109026
0.0001307728
0.00013046839
0.00013008037
0.00012963082
0.00012917796
0.00012864136
0.00012803092
0.00012739254
0.00012664613
0.00012582302
0.00012491838
0.00012390554
0.00012278911
0.00012153994
0.00012015712
0.00011862116
0.00011691832
0.00011503176
0.00011294365
0.00011133335
0.00011039574
0.00010944248
0.000108439
0.00010736126
0.00010624737
0.00010511906
0.00010394525
0.00010269314
0.00010138808
0.00010005739
9.8679015e-05
9.7215931e-05
9.5695499e-05
9.4138716e-05
9.2522058e-05
9.0808113e-05
8.9043521e-05
8.7232939e-05
8.5338103e-05
8.3355259e-05
8.131413e-05
7.9203227e-05
7.6986086e-05
7.4706786e-05
7.2356308e-05
6.9900721e-05
6.7365797e-05
6.4752252e-05
6.2034542e-05
5.9231611e-05
5.6345422e-05
5.3351251e-05
5.027259e-05
4.7106746e-05
4.3828885e-05
4.0475552e-05
3.7029479e-05
3.3470821e-05
2.9857331e-05
2.613711e-05
2.2329151e-05
1.846771e-05
1.4502762e-05
1.0490654e-05
6.4115403e-06
2.2617524e-06
-1.8969837e-06
-6.1342149e-06
-1.0367239e-05
-1.4628387e-05
-1.8894255e-05
-2.3123514e-05
-2.7362891e-05
-3.1503859e-05
-3.5644072e-05
-3.965623e-05
-4.3601585e-05
-4.7399879e-05
-5.1071696e-05
-5.4569852e-05
-5.7883487e-05
-6.098826e-05
-6.3856615e-05
-6.6474356e-05
-6.881287e-05
-7.0854354e-05
-7.2587513e-05
-7.3975208e-05
-7.5049227e-05
-7.5718062e-05
-7.6129965e-05
0.00011379623
0.00011381443
0.00011382233
0.00011382594
0.00011382416
0.000113816
0.0001138002
0.00011377702
0.00011374351
0.00011372449
0.00011372609
0.00011371482
0.00011368582
0.0001136447
0.00011358661
0.00011352364
0.00011347964
0.00011343693
0.00011336857
0.00011327205
0.00011315385
0.00011304662
0.00011294737
0.00011281579
0.00011263196
0.0001124401
0.00011226531
0.00011205604
0.00011177955
0.0001114883
0.00011120407
0.00011085001
0.00011044374
0.00011003086
0.00010954724
0.000109001
0.00010842769
0.00010776358
0.00010703378
0.0001062332
0.00010534129
0.00010436071
0.00010326832
0.00010206306
0.00010072894
9.9254979e-05
9.762724e-05
9.5831132e-05
9.4452557e-05
9.365015e-05
9.2833318e-05
9.1975149e-05
9.1056723e-05
9.0108658e-05
8.9147357e-05
8.8148331e-05
8.7085806e-05
8.5980303e-05
8.4852783e-05
8.3685644e-05
8.2449909e-05
8.1167889e-05
7.9855189e-05
7.8493284e-05
7.7052824e-05
7.5571813e-05
7.405197e-05
7.246379e-05
7.0805141e-05
6.9099177e-05
6.7335888e-05
6.5487045e-05
6.3589143e-05
6.1632411e-05
5.9591012e-05
5.7487078e-05
5.5319199e-05
5.3067261e-05
5.0748134e-05
4.8362024e-05
4.5888878e-05
4.334939e-05
4.0740102e-05
3.8040824e-05
3.5282986e-05
3.2450869e-05
2.9528744e-05
2.6565487e-05
2.3516137e-05
2.039783e-05
1.7239288e-05
1.3997667e-05
1.0720931e-05
7.3918373e-06
4.007155e-06
6.1896424e-07
-2.8322425e-06
-6.2766008e-06
-9.74195e-06
-1.32092e-05
-1.6643595e-05
-2.0085843e-05
-2.3444196e-05
-2.6802345e-05
-3.0053213e-05
-3.324952e-05
-3.6324165e-05
-3.9295255e-05
-4.2123624e-05
-4.4800477e-05
-4.730554e-05
-4.9615258e-05
-5.1716771e-05
-5.3584164e-05
-5.5198984e-05
-5.654665e-05
-5.7587085e-05
-5.8335286e-05
-5.8693147e-05
-5.8766828e-05
9.8463132e-05
9.8476969e-05
9.8482564e-05
9.8484213e-05
9.8481111e-05
9.8472434e-05
9.8457169e-05
9.8435434e-05
9.8404925e-05
9.8385081e-05
9.8380506e-05
9.8364983e-05
9.8334609e-05
9.8293647e-05
9.8238233e-05
9.8177864e-05
9.8131088e-05
9.8083929e-05
9.801519e-05
9.7922754e-05
9.7811622e-05
9.7707307e-05
9.760722e-05
9.7479665e-05
9.7308881e-05
9.7129456e-05
9.6960664e-05
9.6761999e-05
9.6507669e-05
9.6238677e-05
9.5971474e-05
9.5645768e-05
9.5275418e-05
9.4895403e-05
9.4455214e-05
9.3961438e-05
9.3440901e-05
9.28435e-05
9.218912e-05
9.1472272e-05
9.0677512e-05
8.9805725e-05
8.8838775e-05
8.7775409e-05
8.6602622e-05
8.5311833e-05
8.3891552e-05
8.2330336e-05
8.1138509e-05
8.0445126e-05
7.9738146e-05
7.8996869e-05
7.8206563e-05
7.7391754e-05
7.6564349e-05
7.5705338e-05
7.4794762e-05
7.3849179e-05
7.2884241e-05
7.1886012e-05
7.0832154e-05
6.974087e-05
6.8623239e-05
6.7464843e-05
6.6242962e-05
6.4988622e-05
6.3700967e-05
6.2357687e-05
6.0958027e-05
5.9519744e-05
5.8033904e-05
5.6478971e-05
5.4885405e-05
5.3242579e-05
5.153123e-05
4.9770639e-05
4.7957552e-05
4.607627e-05
4.4142125e-05
4.2153871e-05
4.0095181e-05
3.7984552e-05
3.5817825e-05
3.3578463e-05
3.1293911e-05
2.894961e-05
2.6533015e-05
2.4086141e-05
2.1569315e-05
1.899821e-05
1.6397336e-05
1.3729234e-05
1.1035453e-05
8.3007201e-06
5.5219594e-06
2.7440043e-06
-8.520089e-08
-2.9055936e-06
-5.741679e-06
-8.5778679e-06
-1.1384396e-05
-1.4197738e-05
-1.6938942e-05
-1.968139e-05
-2.2333757e-05
-2.4942711e-05
-2.7451815e-05
-2.987808e-05
-3.2189663e-05
-3.4380963e-05
-3.64372e-05
-3.8341254e-05
-4.0086195e-05
-4.1655328e-05
-4.3039915e-05
-4.4238078e-05
-4.5228851e-05
-4.6045638e-05
-4.6632897e-05
-4.7111457e-05
8.6518307e-05
8.652851e-05
8.6532259e-05
8.6532431e-05
8.6528452e-05
8.6519637e-05
8.6505198e-05
8.6485122e-05
8.645765e-05
8.6437735e-05
8.6428661e-05
8.641034e-05
8.6379678e-05
8.6339787e-05
8.6287639e-05
8.6230557e-05
8.6182638e-05
8.6132987e-05
8.6065248e-05
8.5977611e-05
8.5873828e-05
8.5773431e-05
8.5674156e-05
8.5551509e-05
8.5393178e-05
8.5225697e-05
8.5063436e-05
8.4875098e-05
8.4640657e-05
8.4391551e-05
8.4139713e-05
8.3838608e-05
8.3498962e-05
8.3146822e-05
8.2742921e-05
8.2292568e-05
8.1815251e-05
8.1272083e-05
8.0678633e-05
8.0028947e-05
7.9311741e-05
7.852628e-05
7.7658201e-05
7.6705596e-05
7.5657428e-05
7.4506679e-05
7.3243265e-05
7.1858305e-05
7.0805788e-05
7.0194418e-05
6.9570711e-05
6.8918579e-05
6.8226463e-05
6.7513824e-05
6.6788747e-05
6.603683e-05
6.5242967e-05
6.442037e-05
6.3580127e-05
6.271137e-05
6.1797374e-05
6.0853e-05
5.9885398e-05
5.8883604e-05
5.7830454e-05
5.6751288e-05
5.5642785e-05
5.4488793e-05
5.328988e-05
5.205926e-05
5.0788783e-05
4.9462629e-05
4.8106468e-05
4.6708597e-05
4.5255493e-05
4.3764286e-05
4.2229807e-05
4.063984e-05
3.9008456e-05
3.7332964e-05
3.5600167e-05
3.3827193e-05
3.2009122e-05
3.0132215e-05
2.8221061e-05
2.6261732e-05
2.4244164e-05
2.2205447e-05
2.0109471e-05
1.7970979e-05
1.5811443e-05
1.3597095e-05
1.1364866e-05
9.1008135e-06
6.8018137e-06
4.5074114e-06
2.1708372e-06
-1.5517252e-07
-2.4927266e-06
-4.8290285e-06
-7.1380427e-06
-9.4531961e-06
-1.1705124e-05
-1.3959296e-05
-1.6136263e-05
-1.8277678e-05
-2.0334753e-05
-2.232271e-05
-2.4213984e-05
-2.6003338e-05
-2.7677133e-05
-2.9218669e-05
-3.061887e-05
-3.1858359e-05
-3.2921737e-05
-3.3796072e-05
-3.4445715e-05
-3.4875549e-05
-3.4997744e-05
-3.4880327e-05
7.7405768e-05
7.7412858e-05
7.7415022e-05
7.7413996e-05
7.7409364e-05
7.740055e-05
7.7386951e-05
7.7368419e-05
7.7343703e-05
7.7323952e-05
7.7311281e-05
7.7290832e-05
7.7260197e-05
7.7221479e-05
7.717236e-05
7.7118363e-05
7.7069798e-05
7.7018361e-05
7.6951796e-05
7.6868528e-05
7.6771281e-05
7.6674563e-05
7.6576369e-05
7.6458242e-05
7.6310797e-05
7.6153856e-05
7.5997643e-05
7.581856e-05
7.5601452e-05
7.5369847e-05
7.5131795e-05
7.4852257e-05
7.453953e-05
7.421208e-05
7.3839885e-05
7.3427399e-05
7.2987876e-05
7.2491434e-05
7.195043e-05
7.135804e-05
7.0706308e-05
6.9993465e-05
6.9208309e-05
6.8348293e-05
6.740384e-05
6.6368819e-05
6.5232388e-05
6.3984941e-05
6.3036276e-05
6.2483398e-05
6.1919306e-05
6.1332661e-05
6.0713864e-05
6.0077843e-05
5.9429511e-05
5.8758285e-05
5.8052935e-05
5.7323772e-05
5.6577915e-05
5.580681e-05
5.4998129e-05
5.416428e-05
5.3309429e-05
5.2425819e-05
5.1500954e-05
5.0555436e-05
4.95834e-05
4.8573574e-05
4.7527414e-05
4.6454136e-05
4.5346085e-05
4.4192101e-05
4.3013888e-05
4.1798357e-05
4.0537166e-05
3.9246834e-05
3.7921371e-05
3.6552751e-05
3.5153726e-05
3.3718047e-05
3.2233961e-05
3.0718182e-05
2.9165494e-05
2.7564605e-05
2.5938064e-05
2.4271951e-05
2.2558479e-05
2.0831234e-05
1.9056275e-05
1.7248297e-05
1.5426405e-05
1.3559428e-05
1.1681214e-05
9.7786237e-06
7.8487661e-06
5.9271817e-06
3.9710016e-06
2.027646e-06
7.66866e-08
-1.8711632e-06
-3.7928484e-06
-5.7196999e-06
-7.5899093e-06
-9.4634394e-06
-1.1270399e-05
-1.3049523e-05
-1.475897e-05
-1.6414286e-05
-1.7993506e-05
-1.9495002e-05
-2.0910811e-05
-2.2231275e-05
-2.3455431e-05
-2.4575736e-05
-2.5591407e-05
-2.6510166e-05
-2.7325364e-05
-2.8078729e-05
-2.8746243e-05
-2.9440996e-05
7.0700952e-05
7.0705314e-05
7.0705979e-05
7.0703629e-05
7.069803e-05
7.0688713e-05
7.06752e-05
7.0657204e-05
7.0633945e-05
7.0613173e-05
7.0595958e-05
7.0572034e-05
7.0539556e-05
7.0499688e-05
7.0450727e-05
7.0396586e-05
7.0344189e-05
7.0287496e-05
7.0217823e-05
7.0133744e-05
7.003705e-05
6.993774e-05
6.9834013e-05
6.9712738e-05
6.9567116e-05
6.9410894e-05
6.9250576e-05
6.9069484e-05
6.8856862e-05
6.8628998e-05
6.8390465e-05
6.8116859e-05
6.7814231e-05
6.749412e-05
6.7135336e-05
6.674176e-05
6.6321055e-05
6.5851943e-05
6.5344131e-05
6.4788535e-05
6.4178234e-05
6.3508932e-05
6.2774389e-05
6.1972662e-05
6.1097934e-05
6.0149926e-05
5.9121958e-05
5.8007188e-05
5.7165613e-05
5.6668708e-05
5.6156437e-05
5.562427e-05
5.5065854e-05
5.4492793e-05
5.3906912e-05
5.3300907e-05
5.2667725e-05
5.2016501e-05
5.1351636e-05
5.0665762e-05
4.9947927e-05
4.9207501e-05
4.8445881e-05
4.7658227e-05
4.683791e-05
4.6004113e-05
4.5149336e-05
4.4264952e-05
4.3352543e-05
4.2418574e-05
4.1454804e-05
4.0452534e-05
3.9431377e-05
3.8375579e-05
3.7271582e-05
3.6132591e-05
3.4953413e-05
3.373889e-05
3.2513254e-05
3.126656e-05
2.9979396e-05
2.8664923e-05
2.7318891e-05
2.5931961e-05
2.4525714e-05
2.3086535e-05
2.1606979e-05
2.0118678e-05
1.8589743e-05
1.7033641e-05
1.5468184e-05
1.3864048e-05
1.2252327e-05
1.0620908e-05
8.966367e-06
7.3215982e-06
5.6467941e-06
3.9851232e-06
2.3178186e-06
6.5390155e-07
-9.8518281e-07
-2.6290779e-06
-4.2207143e-06
-5.8154665e-06
-7.3495322e-06
-8.8584247e-06
-1.0303617e-05
-1.1698582e-05
-1.3022135e-05
-1.4270659e-05
-1.5433767e-05
-1.6497826e-05
-1.7454368e-05
-1.8285329e-05
-1.8974175e-05
-1.9505619e-05
-1.9841338e-05
-1.997748e-05
-1.9818257e-05
-1.9402195e-05
6.614539e-05
6.6147452e-05
6.6146872e-05
6.6143624e-05
6.6137515e-05
6.6128182e-05
6.6115229e-05
6.6098283e-05
6.6076948e-05
6.6055866e-05
6.60353e-05
6.6009068e-05
6.5975807e-05
6.5935826e-05
6.5887905e-05
6.5834382e-05
6.5779173e-05
6.5718394e-05
6.5646535e-05
6.5562235e-05
6.5466188e-05
6.5364141e-05
6.5254687e-05
6.5129578e-05
6.4984073e-05
6.482578e-05
6.4658029e-05
6.4470699e-05
6.4256554e-05
6.402421e-05
6.3775621e-05
6.3496173e-05
6.3188159e-05
6.2856949e-05
6.248984e-05
6.2088094e-05
6.1654509e-05
6.1176903e-05
6.0662738e-05
6.010912e-05
5.9511837e-05
5.8859808e-05
5.8141662e-05
5.7352804e-05
5.6488811e-05
5.5551714e-05
5.4542285e-05
5.3470303e-05
5.2688568e-05
5.2236898e-05
5.1768717e-05
5.1277702e-05
5.076131e-05
5.0229489e-05
4.9680142e-05
4.9108171e-05
4.8509914e-05
4.7892575e-05
4.7256075e-05
4.6594469e-05
4.5903651e-05
4.519323e-05
4.4458889e-05
4.3695705e-05
4.2901578e-05
4.2093151e-05
4.1262869e-05
4.0411682e-05
3.9546043e-05
3.867017e-05
3.7773013e-05
3.6846339e-05
3.5902556e-05
3.4940714e-05
3.3964313e-05
3.2974469e-05
3.1952307e-05
3.0872372e-05
2.9757649e-05
2.8629391e-05
2.7482781e-05
2.6323148e-05
2.513795e-05
2.392013e-05
2.2693178e-05
2.1441366e-05
2.0158992e-05
1.8876982e-05
1.7562169e-05
1.6229019e-05
1.4894625e-05
1.3528949e-05
1.2162178e-05
1.0781866e-05
9.3836516e-06
7.9991486e-06
6.588565e-06
5.1925786e-06
3.7924582e-06
2.3949941e-06
1.0204508e-06
-3.6164652e-07
-1.6977936e-06
-3.0433496e-06
-4.3392841e-06
-5.6216041e-06
-6.8567591e-06
-8.0608682e-06
-9.2183368e-06
-1.0330594e-05
-1.1396334e-05
-1.2415929e-05
-1.3389015e-05
-1.431241e-05
-1.5193887e-05
-1.6051924e-05
-1.6894432e-05
-1.7786308e-05
-1.8721526e-05
-1.9879314e-05
6.3545719e-05
6.354603e-05
6.3544605e-05
6.3541181e-05
6.3535605e-05
6.3527683e-05
6.3517189e-05
6.3503873e-05
6.348764e-05
6.3470474e-05
6.3451939e-05
6.3429223e-05
6.3401684e-05
6.3369338e-05
6.3331604e-05
6.3289551e-05
6.3244387e-05
6.3193684e-05
6.3134849e-05
6.3067364e-05
6.2991518e-05
6.2909572e-05
6.281939e-05
6.2716802e-05
6.2599833e-05
6.2472424e-05
6.2333742e-05
6.2177821e-05
6.2001243e-05
6.1808674e-05
6.1598012e-05
6.1360457e-05
6.1097819e-05
6.0810615e-05
6.048931e-05
6.0133968e-05
5.974134e-05
5.9301942e-05
5.8819002e-05
5.8293198e-05
5.7728016e-05
5.7119616e-05
5.6462783e-05
5.5745478e-05
5.4951808e-05
5.4062662e-05
5.3053826e-05
5.1892866e-05
5.0970877e-05
5.0450809e-05
4.9932189e-05
4.9407284e-05
4.8869389e-05
4.8322578e-05
4.7765675e-05
4.7198516e-05
4.6616848e-05
4.6021757e-05
4.5411645e-05
4.4786443e-05
4.4145352e-05
4.3493009e-05
4.2821296e-05
4.2131298e-05
4.142357e-05
4.0693371e-05
3.9921041e-05
3.9121824e-05
3.8301405e-05
3.744932e-05
3.6565753e-05
3.5667913e-05
3.4758744e-05
3.3809422e-05
3.2838501e-05
3.1854424e-05
3.083451e-05
2.9784254e-05
2.8718649e-05
2.7626172e-05
2.6509429e-05
2.5384314e-05
2.4233565e-05
2.3057512e-05
2.1876287e-05
2.0667855e-05
1.943921e-05
1.8214411e-05
1.6954426e-05
1.5685687e-05
1.4418268e-05
1.3123429e-05
1.1836219e-05
1.0540281e-05
9.2396308e-06
7.9626595e-06
6.6704638e-06
5.408598e-06
4.1568022e-06
2.9273088e-06
1.7393373e-06
5.6223873e-07
-5.5777211e-07
-1.6776818e-06
-2.7364793e-06
-3.7686407e-06
-4.7392494e-06
-5.6625712e-06
-6.5205711e-06
-7.3121861e-06
-8.0365933e-06
-8.6868228e-06
-9.2278211e-06
-9.6442639e-06
-9.9305248e-06
-1.0071389e-05
-1.0017772e-05
-9.7647739e-06
-9.2131862e-06
-8.5347387e-06
6.2657577e-05
6.2656568e-05
6.2654047e-05
6.2649853e-05
6.2643775e-05
6.2635585e-05
6.2625036e-05
6.2611868e-05
6.2595894e-05
6.2577424e-05
6.2556417e-05
6.2531667e-05
6.250258e-05
6.2468775e-05
6.2429785e-05
6.2385721e-05
6.2337276e-05
6.2283412e-05
6.2222059e-05
6.2152273e-05
6.2073925e-05
6.1988602e-05
6.1896432e-05
6.17927e-05
6.1675218e-05
6.1546801e-05
6.1411178e-05
6.1260468e-05
6.1090415e-05
6.0906623e-05
6.0713754e-05
6.0496848e-05
6.0258228e-05
6.0008405e-05
5.9732198e-05
5.9429959e-05
5.9115684e-05
5.8769714e-05
5.8390741e-05
5.7977621e-05
5.7515066e-05
5.7020316e-05
5.648374e-05
5.5911565e-05
5.5305997e-05
5.4669068e-05
5.4013368e-05
5.3340648e-05
5.287826e-05
5.2523191e-05
5.2145863e-05
5.1763245e-05
5.1355087e-05
5.0923838e-05
5.0489271e-05
5.0040948e-05
4.9560597e-05
4.9055525e-05
4.8547486e-05
4.8026995e-05
4.7468665e-05
4.6884815e-05
4.6304025e-05
4.5709564e-05
4.5069227e-05
4.4409713e-05
4.3760295e-05
4.3078545e-05
4.2351478e-05
4.1611556e-05
4.0862888e-05
4.006351e-05
3.9238035e-05
3.8419201e-05
3.7558202e-05
3.6660412e-05
3.5760965e-05
3.4829103e-05
3.3852204e-05
3.2856213e-05
3.1824549e-05
3.075378e-05
2.9668844e-05
2.8546189e-05
2.7389805e-05
2.6221733e-05
2.5008035e-05
2.377159e-05
2.2524994e-05
2.1239375e-05
1.9938706e-05
1.8615775e-05
1.7273598e-05
1.5921256e-05
1.4538427e-05
1.3155404e-05
1.1752488e-05
1.0344762e-05
8.9281486e-06
7.496901e-06
6.0741102e-06
4.6309684e-06
3.2251183e-06
1.8109839e-06
4.3703282e-07
-9.3321627e-07
-2.266252e-06
-3.5800656e-06
-4.8589135e-06
-6.1100811e-06
-7.3381084e-06
-8.5136735e-06
-9.6447709e-06
-1.07624e-05
-1.188223e-05
-1.301495e-05
-1.4172448e-05
-1.5351495e-05
-1.6543892e-05
-1.7652793e-05
-0.089073454
-0.087551175
-0.0867457
-0.085991827
-0.083960286
-0.083231844
-0.080764149
-0.079679273
-0.076979035
-0.075837087
-0.072744483
-0.071014349
-0.068444686
-0.065789475
-0.063821527
-0.060740664
-0.0580636
-0.055670762
-0.052926696
-0.049880344
-0.047180559
-0.044495404
-0.041914481
-0.038767385
-0.03599236
-0.033229055
-0.030493703
-0.02778787
-0.025100435
-0.02246886
-0.019686336
-0.017085461
-0.014509043
-0.011965467
-0.0094875024
-0.0070607929
-0.004680402
-0.0023486804
-7.2112596e-05
0.0021418518
0.0042988384
0.0064005684
0.0084438481
0.010423726
0.012340939
0.014179359
0.016013872
0.017753903
0.019431473
0.021043793
0.022593208
0.024084145
0.025517088
0.026897203
0.028214223
0.029461978
0.030653813
0.031795092
0.032878627
0.03395795
0.034875415
0.035795747
0.036666221
0.037507214
0.038304104
0.038945438
0.039626203
0.040270365
0.040912292
0.041325857
0.041826975
0.042339285
0.042728591
0.043009438
0.043346259
0.043793975
0.043828417
0.04406185
0.044395639
0.044375452
0.044581915
0.044719629
0.044612211
0.044173404
0.043657334
0.043081111
0.042115452
0.041155935
0.040115654
0.03871072
0.037538173
0.035815374
0.034410542
0.032458876
0.030776567
0.02857932
0.026497286
0.024101004
0.021470759
0.018774703
0.015524795
0.012062575
0.0082631093
0.0037210879
-0.001252572
-0.0071267588
-0.01325419
-0.02191615
-0.027187219
-0.043820534
-0.030308731
0.025793377
0.081775546
0.1061377
0.0882261
0.076652638
0.070448115
0.064846792
0.059287301
0.054348301
0.050160863
0.046525104
0.043318585
0.040484629
0.037979153
0.035756402
0.033774493
0.032000804
0.030406867
0.028969325
0.027669038
0.0264877
0.025411932
0.024428859
0.02352892
0.022703156
0.021944029
0.021243744
0.020596434
0.019996897
0.019440097
0.018922251
0.018440365
0.01799114
0.017571885
0.017179753
0.016811505
0.016465458
0.016140801
0.015835404
0.015548266
0.015276151
0.015019273
0.01477282
0.014539492
0.014308869
0.014092493
0.01382769
0.013655119
0.012994756
-0.089073437
-0.087551164
-0.086745688
-0.085991829
-0.083960295
-0.083231865
-0.080764184
-0.079679321
-0.076979094
-0.075837166
-0.072744589
-0.071014451
-0.06844483
-0.06578961
-0.063821689
-0.060740868
-0.058063789
-0.055670966
-0.052926944
-0.049880604
-0.047180814
-0.044495664
-0.04191478
-0.038767709
-0.035992675
-0.03322938
-0.030494036
-0.027788212
-0.025100783
-0.022469226
-0.019686712
-0.017085832
-0.01450942
-0.011965847
-0.009487882
-0.0070611736
-0.0046807836
-0.0023490617
-7.249159e-05
0.0021414758
0.0042984654
0.0064001989
0.0084434835
0.010423367
0.012340588
0.014179011
0.016013528
0.01775357
0.019431149
0.021043479
0.022592902
0.024083848
0.0255168
0.026896925
0.028213956
0.029461722
0.030653567
0.031794857
0.032878396
0.033957737
0.03487522
0.035795556
0.036666038
0.037507038
0.038303951
0.0389453
0.039626064
0.040270228
0.040912184
0.041325768
0.041826873
0.042339195
0.042728531
0.043009387
0.043346185
0.043793938
0.043828412
0.044061805
0.044395624
0.044375469
0.044581923
0.044719658
0.04461227
0.044173485
0.043657422
0.043081223
0.042115584
0.041156071
0.040115813
0.038710887
0.037538353
0.035815567
0.034410744
0.032459092
0.030776792
0.028579564
0.026497536
0.024101278
0.021471045
0.018775011
0.015525135
0.012062934
0.0082635068
0.0037215294
-0.0012520807
-0.0071262324
-0.013253555
-0.021915577
-0.02718628
-0.043820468
-0.030306639
0.025793751
0.081777021
0.10613751
0.088227147
0.076653376
0.070448639
0.064847276
0.059287763
0.054348724
0.050161247
0.046525459
0.043318917
0.040484943
0.037979452
0.035756688
0.03377477
0.032001073
0.030407131
0.028969586
0.027669297
0.026487959
0.025412192
0.024429122
0.023529186
0.022703427
0.021944307
0.02124403
0.020596731
0.019997206
0.019440421
0.018922591
0.018440723
0.01799152
0.01757229
0.017180186
0.016811971
0.016465965
0.016141355
0.015836016
0.015548947
0.015276918
0.01502015
0.01477384
0.014540707
0.014310361
0.014094402
0.013830321
0.013658672
0.012995568
-0.089073377
-0.087551116
-0.086745639
-0.085991793
-0.083960272
-0.08323185
-0.080764191
-0.079679338
-0.076979129
-0.075837215
-0.072744676
-0.071014529
-0.068444956
-0.065789729
-0.063821834
-0.060741063
-0.058063969
-0.05567116
-0.052927187
-0.049880863
-0.047181068
-0.044495923
-0.041915081
-0.038768041
-0.035992995
-0.033229712
-0.030494378
-0.027788563
-0.025101141
-0.022469605
-0.019687102
-0.017086218
-0.014509812
-0.011966242
-0.0094882778
-0.0070615711
-0.0046811824
-0.0023494604
-7.2888391e-05
0.0021410818
0.0042980742
0.0063998112
0.0084431008
0.010422991
0.012340219
0.014178645
0.016013167
0.01775322
0.019430809
0.021043148
0.022592581
0.024083536
0.025516497
0.026896632
0.028213675
0.029461454
0.030653309
0.03179461
0.032878154
0.033957513
0.034875015
0.035795356
0.036665847
0.037506854
0.038303791
0.038945156
0.039625919
0.040270086
0.040912071
0.041325677
0.041826767
0.042339103
0.04272847
0.043009337
0.043346109
0.043793901
0.04382841
0.04406176
0.044395611
0.044375491
0.044581934
0.044719691
0.044612336
0.044173576
0.043657521
0.043081346
0.04211573
0.041156221
0.040115987
0.038711069
0.037538551
0.035815779
0.034410966
0.03245933
0.030777038
0.028579832
0.026497811
0.024101578
0.021471358
0.018775347
0.015525507
0.012063328
0.0082639417
0.0037220129
-0.0012515428
-0.0071256569
-0.013252861
-0.021914951
-0.027185246
-0.043820401
-0.030304446
0.025794049
0.081778544
0.10613731
0.088228304
0.076654186
0.070449221
0.064847815
0.059288278
0.054349198
0.050161679
0.046525859
0.043319294
0.0404853
0.037979793
0.035757017
0.033775089
0.032001386
0.030407439
0.028969891
0.027669601
0.026488264
0.0254125
0.024429433
0.023529503
0.022703751
0.02194464
0.021244374
0.020597088
0.019997579
0.019440812
0.018923003
0.018441159
0.017991983
0.017572784
0.017180716
0.016812544
0.016466587
0.016142037
0.015836768
0.015549786
0.015277864
0.015021231
0.014775097
0.014542205
0.014312198
0.014096762
0.013833581
0.013663557
0.013007153
-0.089073212
-0.087550979
-0.086745497
-0.085991663
-0.083960169
-0.083231747
-0.080764127
-0.079679277
-0.076979101
-0.075837192
-0.072744712
-0.071014548
-0.068445035
-0.065789805
-0.063821933
-0.060741228
-0.058064119
-0.055671323
-0.052927407
-0.049881107
-0.047181307
-0.044496169
-0.041915371
-0.038768372
-0.035993316
-0.033230046
-0.030494724
-0.027788922
-0.025101509
-0.022469995
-0.019687509
-0.01708662
-0.014510224
-0.011966658
-0.0094886959
-0.0070619923
-0.0046816063
-0.0023498853
-7.3312137e-05
0.0021406602
0.0042976547
0.0063993946
0.0084426888
0.010422584
0.012339822
0.01417825
0.016012775
0.017752841
0.019430439
0.021042788
0.022592231
0.024083195
0.025516165
0.026896311
0.028213368
0.029461159
0.030653025
0.031794338
0.032877887
0.033957265
0.034874789
0.035795134
0.036665634
0.037506648
0.038303612
0.038944995
0.039625756
0.040269926
0.040911942
0.041325573
0.041826647
0.042338995
0.042728398
0.043009277
0.04334602
0.043793852
0.043828404
0.044061705
0.044395589
0.04437551
0.044581941
0.044719722
0.0446124
0.044173667
0.043657621
0.043081471
0.042115881
0.041156376
0.040116168
0.03871126
0.037538757
0.035816001
0.034411196
0.032459579
0.030777295
0.028580114
0.026498098
0.024101894
0.021471688
0.018775701
0.015525901
0.012063744
0.0082644012
0.0037225266
-0.001250971
-0.0071250453
-0.013252124
-0.021914284
-0.027184148
-0.043820329
-0.030302138
0.025794286
0.081780122
0.10613707
0.088229558
0.076655026
0.070449829
0.064848381
0.059288819
0.054349697
0.050162135
0.046526284
0.043319695
0.040485682
0.03798016
0.035757373
0.033775437
0.032001728
0.030407778
0.02897023
0.027669941
0.026488607
0.025412849
0.024429789
0.023529868
0.022704127
0.021945028
0.021244778
0.02059751
0.019998021
0.019441279
0.018923497
0.018441684
0.017992543
0.017573384
0.017181361
0.016813242
0.016467348
0.01614287
0.015837688
0.015550811
0.015279017
0.015022545
0.014776618
0.014544001
0.014314372
0.014099502
0.013837251
0.013668934
0.013020659
-0.089072848
-0.08755067
-0.086745175
-0.085991351
-0.083959911
-0.083231468
-0.080763922
-0.079679057
-0.076978946
-0.075837019
-0.072744637
-0.071014439
-0.068445008
-0.065789782
-0.063821925
-0.060741314
-0.058064191
-0.055671407
-0.052927561
-0.049881299
-0.047181496
-0.044496366
-0.041915618
-0.038768677
-0.035993611
-0.03323036
-0.030495055
-0.02778927
-0.025101869
-0.022470383
-0.019687921
-0.01708703
-0.014510646
-0.011967088
-0.0094891308
-0.0070624329
-0.0046820521
-0.0023503345
-7.3762161e-05
0.0021402106
0.0042972056
0.006398947
0.0084422446
0.010422145
0.012339391
0.01417782
0.016012348
0.017752426
0.019430033
0.021042392
0.022591845
0.024082819
0.025515799
0.026895955
0.028213026
0.029460832
0.030652709
0.031794035
0.032877588
0.033956985
0.034874534
0.035794884
0.036665394
0.037506414
0.038303407
0.038944813
0.039625571
0.040269742
0.040911791
0.041325453
0.041826507
0.042338867
0.04272831
0.043009206
0.043345914
0.043793787
0.043828394
0.044061637
0.044395553
0.044375525
0.044581941
0.044719747
0.044612463
0.044173761
0.043657723
0.0430816
0.042116041
0.041156539
0.040116358
0.038711463
0.037538973
0.03581624
0.034411441
0.032459848
0.030777569
0.028580419
0.026498407
0.024102236
0.021472046
0.018776083
0.015526331
0.012064197
0.0082648994
0.0037230882
-0.0012503457
-0.0071243774
-0.013251319
-0.021913555
-0.027182941
-0.043820263
-0.030299579
0.025794526
0.081781892
0.10613679
0.08823095
0.076655947
0.070450523
0.064849032
0.059289448
0.05435029
0.050162688
0.046526812
0.043320204
0.040486178
0.037980647
0.035757855
0.033775917
0.03200221
0.030408265
0.028970723
0.027670444
0.026489123
0.025413379
0.024430337
0.023530435
0.022704717
0.021945645
0.021245424
0.02059819
0.019998739
0.019442039
0.018924305
0.018442545
0.017993464
0.017574372
0.017182423
0.016814392
0.016468599
0.016144239
0.015839193
0.01555248
0.01528088
0.015024645
0.014779018
0.014546785
0.014317657
0.014103499
0.013842328
0.013676123
0.013036627
-0.089072164
-0.087550085
-0.086744566
-0.085990745
-0.083959398
-0.083230904
-0.08076348
-0.079678572
-0.076978572
-0.075836592
-0.07274437
-0.071014109
-0.068444791
-0.065789581
-0.063821723
-0.060741248
-0.058064114
-0.055671336
-0.052927577
-0.049881377
-0.047181573
-0.044496453
-0.041915758
-0.038768904
-0.035993829
-0.033230604
-0.030495323
-0.027789562
-0.025102178
-0.022470725
-0.019688301
-0.017087411
-0.014511045
-0.0119675
-0.0094895515
-0.007062864
-0.0046824926
-0.0023507824
-7.4214272e-05
0.0021397558
0.0042967482
0.0063984885
0.0084417871
0.01042169
0.012338943
0.014177373
0.016011898
0.017751989
0.019429605
0.021041973
0.022591435
0.024082419
0.025515408
0.026895574
0.028212659
0.029460479
0.030652369
0.031793708
0.032877264
0.03395668
0.034874259
0.035794613
0.036665133
0.037506157
0.03830318
0.038944614
0.039625368
0.040269537
0.04091162
0.041325323
0.041826353
0.042338721
0.04272821
0.043009129
0.043345794
0.043793703
0.043828386
0.044061559
0.044395503
0.044375541
0.044581937
0.04471977
0.044612526
0.04417386
0.043657831
0.043081736
0.042116213
0.041156713
0.040116562
0.038711684
0.037539205
0.035816502
0.034411704
0.032460144
0.030777865
0.028580755
0.026498743
0.024102611
0.02147244
0.018776499
0.015526807
0.012064697
0.0082654462
0.0037237115
-0.0012496515
-0.0071236396
-0.013250427
-0.021912749
-0.027181577
-0.043820218
-0.03029672
0.025794812
0.081783966
0.10613656
0.088232515
0.07665703
0.070451419
0.064849884
0.059290284
0.05435111
0.050163482
0.046527593
0.04332098
0.040486954
0.037981428
0.035758644
0.03377672
0.032003029
0.030409103
0.028971585
0.027671332
0.026490041
0.02541433
0.024431325
0.023531464
0.022705792
0.021946769
0.021246605
0.020599433
0.020000051
0.019443428
0.018925779
0.018444113
0.017995135
0.017576158
0.017184336
0.016816453
0.01647083
0.016146662
0.015841837
0.015555384
0.015284087
0.015028214
0.014783033
0.014551352
0.014322911
0.014109679
0.013849812
0.013686785
0.013056487
-0.089071038
-0.087549118
-0.086743556
-0.085989727
-0.083958528
-0.083229936
-0.080762703
-0.079677711
-0.076977887
-0.075835799
-0.072743821
-0.071013456
-0.068444291
-0.065789115
-0.063821229
-0.060740947
-0.058063807
-0.055671024
-0.052927375
-0.049881269
-0.047181465
-0.044496356
-0.041915717
-0.038768988
-0.035993906
-0.033230717
-0.030495469
-0.02778974
-0.025102378
-0.022470967
-0.019688598
-0.017087713
-0.014511373
-0.011967848
-0.009489915
-0.0070632439
-0.0046828879
-0.0023511905
-7.4631757e-05
0.0021393309
0.0042963165
0.0063980514
0.0084413474
0.01042125
0.012338507
0.014176936
0.016011454
0.017751556
0.019429178
0.021041555
0.022591025
0.024082016
0.025515013
0.026895187
0.028212286
0.029460121
0.030652022
0.031793374
0.032876933
0.033956363
0.034873979
0.035794336
0.036664866
0.037505891
0.038302944
0.038944414
0.039625162
0.040269325
0.040911439
0.041325198
0.041826198
0.042338567
0.042728107
0.043009062
0.043345673
0.043793608
0.043828397
0.044061485
0.044395444
0.044375572
0.044581942
0.044719801
0.0446126
0.044173977
0.043657956
0.043081889
0.042116411
0.04115691
0.040116791
0.038711936
0.037539462
0.035816802
0.034411996
0.032460483
0.030778193
0.028581139
0.026499121
0.024103036
0.021472889
0.018776963
0.01552735
0.012065264
0.008266058
0.0037244175
-0.0012488663
-0.007122812
-0.013249425
-0.02191185
-0.027179994
-0.043820211
-0.030293545
0.025795168
0.081786442
0.10613645
0.088234297
0.076658335
0.070452624
0.064851046
0.059291435
0.054352271
0.050164639
0.046528755
0.043322154
0.040488146
0.037982642
0.035759886
0.033777992
0.032004335
0.030410449
0.028972973
0.027672768
0.026491527
0.02541587
0.024432926
0.023533132
0.022707533
0.02194859
0.021248513
0.020601438
0.020002163
0.019445657
0.018928135
0.01844661
0.017997786
0.017578981
0.017187344
0.016819677
0.016474296
0.016150401
0.015845886
0.01555979
0.015288903
0.015033508
0.014788902
0.014557916
0.014330298
0.014118147
0.013859701
0.013700889
0.013077995
-0.089069359
-0.087547671
-0.086742043
-0.085988191
-0.083957207
-0.083228459
-0.080761503
-0.079676374
-0.076976805
-0.075834539
-0.07274291
-0.071012388
-0.068443426
-0.065788304
-0.063820357
-0.060740339
-0.058063199
-0.055670397
-0.052926882
-0.049880908
-0.047181109
-0.04449601
-0.041915429
-0.038768875
-0.035993789
-0.033230646
-0.030495441
-0.027789755
-0.025102422
-0.022471059
-0.019688769
-0.017087894
-0.014511589
-0.011968092
-0.0094901825
-0.0070635353
-0.0046832019
-0.0023515241
-7.4980949e-05
0.0021389686
0.0042959417
0.0063976662
0.0084409548
0.010420852
0.012338112
0.014176537
0.01601104
0.01775115
0.019428777
0.021041159
0.022590635
0.024081632
0.025514635
0.026894815
0.028211926
0.029459776
0.030651688
0.031793054
0.032876611
0.033956051
0.034873712
0.03579407
0.03666461
0.03750563
0.038302713
0.038944231
0.03962497
0.040269119
0.04091126
0.041325096
0.041826058
0.042338417
0.042728016
0.043009022
0.043345565
0.043793509
0.043828445
0.04406143
0.044395384
0.044375632
0.044581968
0.044719853
0.044612697
0.044174126
0.043658111
0.043082069
0.042116649
0.041157145
0.040117059
0.038712237
0.037539758
0.035817158
0.034412331
0.032460884
0.03077857
0.028581592
0.026499558
0.024103531
0.021473414
0.018777495
0.015527984
0.012065921
0.0082667529
0.003725228
-0.0012479683
-0.0071218772
-0.013248293
-0.021910845
-0.027178151
-0.043820251
-0.030290078
0.025795558
0.081789367
0.10613653
0.088236336
0.07665983
0.070454161
0.064852559
0.059292934
0.054353804
0.050166189
0.046530331
0.04332376
0.040489787
0.037984323
0.03576161
0.033779764
0.032006159
0.030412329
0.028974915
0.027674776
0.026493605
0.025418025
0.024435165
0.023535463
0.022709964
0.02195113
0.02125117
0.020604224
0.02000509
0.019448737
0.018931382
0.01845004
0.018001416
0.017582829
0.017191427
0.016824031
0.016478952
0.016155392
0.015851252
0.015565583
0.015295174
0.015040327
0.014796366
0.014566138
0.014339374
0.014128328
0.013871224
0.013716691
0.013097899
-0.08906702
-0.08754565
-0.086739929
-0.085986037
-0.083955349
-0.083226373
-0.080759796
-0.079674464
-0.076975249
-0.075832719
-0.072741566
-0.071010822
-0.068442123
-0.065787081
-0.063819029
-0.060739358
-0.058062225
-0.055669388
-0.052926036
-0.049880241
-0.047180451
-0.044495364
-0.041914841
-0.038768518
-0.03599343
-0.033230348
-0.030495198
-0.027789567
-0.02510227
-0.022470963
-0.01968878
-0.017087921
-0.014511662
-0.011968202
-0.0094903254
-0.007063711
-0.0046834088
-0.0023517587
-7.523861e-05
0.0021386908
0.0042956449
0.0063973527
0.0084406284
0.010420516
0.012337774
0.014176192
0.016010671
0.017750788
0.019428414
0.021040799
0.022590278
0.024081279
0.025514285
0.026894469
0.02821159
0.029459455
0.030651377
0.031792756
0.032876308
0.03395575
0.034873467
0.035793825
0.036664375
0.037505382
0.038302492
0.038944072
0.0396248
0.040268927
0.040911086
0.041325024
0.04182594
0.042338276
0.04272794
0.043009018
0.043345477
0.043793403
0.043828541
0.0440614
0.044395324
0.04437573
0.044582022
0.044719932
0.044612821
0.044174314
0.043658304
0.043082282
0.042116935
0.041157423
0.040117371
0.038712594
0.037540097
0.035817581
0.034412715
0.032461358
0.030779
0.028582125
0.02650006
0.024104105
0.021474025
0.018778097
0.015528718
0.012066671
0.0082675284
0.0037261437
-0.0012469586
-0.0071208417
-0.013247039
-0.021909746
-0.027176058
-0.043820313
-0.030286335
0.025795904
0.081792753
0.10613682
0.088238703
0.076661459
0.070456022
0.064854443
0.059294801
0.054355728
0.050168154
0.046532346
0.043325824
0.040491904
0.037986497
0.035763847
0.033782067
0.032008534
0.03041478
0.028977448
0.027677397
0.026496318
0.025420838
0.024438087
0.023538503
0.02271313
0.021954433
0.021254619
0.020607832
0.020008871
0.019452705
0.018935554
0.018454432
0.018006046
0.017587719
0.017196594
0.016829515
0.016484786
0.016161608
0.01585789
0.015572695
0.015302804
0.015048541
0.014805247
0.014575792
0.014349845
0.014139863
0.013883923
0.013732999
0.013115144
-0.089063908
-0.087542957
-0.086737112
-0.085983158
-0.083952858
-0.083223572
-0.080757493
-0.079671882
-0.076973134
-0.075830241
-0.072739709
-0.07100867
-0.068440301
-0.065785368
-0.063817164
-0.060737936
-0.058060819
-0.055667927
-0.052924772
-0.04987921
-0.047179434
-0.04449436
-0.041913893
-0.038767868
-0.035992781
-0.033229775
-0.030494695
-0.027789132
-0.02510188
-0.022470639
-0.019688595
-0.01708776
-0.01451156
-0.01196815
-0.0094903162
-0.0070637454
-0.0046834846
-0.0023518721
-7.5384245e-05
0.0021385163
0.0042954432
0.0063971267
0.0084403824
0.010420253
0.012337505
0.014175913
0.016010356
0.017750475
0.019428097
0.021040481
0.022589959
0.024080961
0.025513969
0.02689415
0.028211279
0.029459159
0.03065109
0.031792483
0.032876024
0.033955461
0.034873244
0.0357936
0.036664159
0.037505145
0.038302279
0.038943937
0.03962465
0.040268745
0.040910914
0.041324983
0.041825842
0.042338138
0.042727875
0.043009051
0.043345405
0.043793284
0.043828686
0.044061393
0.044395254
0.044375864
0.044582099
0.044720032
0.044612966
0.044174536
0.043658527
0.04308252
0.042117264
0.041157738
0.040117718
0.038713002
0.037540468
0.035818066
0.034413136
0.0324619
0.03077947
0.028582731
0.026500617
0.024104748
0.021474711
0.018778755
0.015529542
0.012067504
0.0082683729
0.0037271585
-0.0012458429
-0.0071197124
-0.013245671
-0.021908561
-0.027173721
-0.043820345
-0.030282292
0.025796141
0.08179661
0.10613731
0.088241518
0.076663204
0.070458207
0.064856731
0.059297077
0.054358087
0.050170581
0.046534851
0.0433284
0.040494555
0.037989229
0.035766664
0.033784973
0.032011534
0.03041788
0.028980653
0.027680713
0.026499752
0.025424397
0.02444178
0.023542339
0.022717119
0.021958586
0.021258946
0.020612347
0.020013589
0.019457641
0.018940725
0.018459858
0.018011746
0.017593716
0.017202901
0.016836178
0.016491834
0.016169076
0.015865809
0.01558112
0.01531177
0.015058111
0.014815486
0.014586801
0.014361618
0.014152644
0.01389759
0.013749235
0.013130098
-0.089059897
-0.087539481
-0.086733475
-0.085979437
-0.083949634
-0.08321994
-0.080754497
-0.079668518
-0.076970369
-0.075826996
-0.072737256
-0.071005834
-0.068437874
-0.065783085
-0.063814671
-0.060735998
-0.058058904
-0.055665937
-0.052923017
-0.049877749
-0.047177992
-0.044492934
-0.04191252
-0.038766869
-0.035991786
-0.033228876
-0.030493882
-0.027788405
-0.025101207
-0.022470043
-0.019688176
-0.017087374
-0.014511248
-0.0119679
-0.009490123
-0.0070636085
-0.0046834012
-0.0023518376
-7.5392731e-05
0.002138469
0.004295359
0.0063970092
0.0084402365
0.010420082
0.012337322
0.014175716
0.016010111
0.017750229
0.019427841
0.021040219
0.022589693
0.024080692
0.025513697
0.026893871
0.028211005
0.029458898
0.030650836
0.03179224
0.032875768
0.033955188
0.03487305
0.0357934
0.036663967
0.037504923
0.038302077
0.038943831
0.039624523
0.040268575
0.040910742
0.041324976
0.041825766
0.042338002
0.042727822
0.043009121
0.04334535
0.043793144
0.043828885
0.044061406
0.044395167
0.044376035
0.044582198
0.044720151
0.044613127
0.044174788
0.043658777
0.043082777
0.042117632
0.041158084
0.040118097
0.038713459
0.037540865
0.035818611
0.034413586
0.032462509
0.030779975
0.028583409
0.026501223
0.024105458
0.021475474
0.018779466
0.01553046
0.012068426
0.0082692913
0.0037282842
-0.0012446081
-0.0071184765
-0.013244174
-0.021907273
-0.02717113
-0.043820298
-0.030277928
0.025796171
0.081800921
0.10613799
0.088244902
0.076665021
0.070460681
0.06485942
0.059299768
0.054360883
0.050173471
0.04653785
0.043331497
0.04049775
0.037992529
0.035770074
0.033788496
0.032015175
0.030421644
0.028984546
0.027684741
0.026503922
0.025428716
0.024446256
0.023546982
0.02272194
0.021963596
0.021264154
0.020617767
0.020019237
0.019463534
0.018946881
0.018466296
0.018018488
0.017600782
0.017210301
0.016843963
0.016500032
0.016177719
0.015874921
0.015590761
0.015321965
0.01506891
0.014826944
0.014598986
0.014374442
0.014166267
0.013911328
0.013764029
0.013143633
-0.089054848
-0.087535102
-0.086728893
-0.085974744
-0.083945565
-0.08321535
-0.080750705
-0.079664253
-0.076966858
-0.075822871
-0.07273412
-0.071002212
-0.068434754
-0.065780149
-0.063811459
-0.060733469
-0.058056408
-0.055663341
-0.052920701
-0.049875798
-0.047176065
-0.044491025
-0.041910663
-0.038765475
-0.035990399
-0.033227606
-0.030492717
-0.027787344
-0.025100212
-0.022469137
-0.01968749
-0.017086731
-0.014510697
-0.011967427
-0.0094897206
-0.0070632766
-0.0046831362
-0.0023516345
-7.5244504e-05
0.002138567
0.0042954095
0.0063970163
0.0084402061
0.010420018
0.01233724
0.014175616
0.016009946
0.017750058
0.019427655
0.021040022
0.022589486
0.024080479
0.025513477
0.026893638
0.028210772
0.029458678
0.030650621
0.031792036
0.032875545
0.033954936
0.034872892
0.035793231
0.036663806
0.037504721
0.038301889
0.038943762
0.039624427
0.040268424
0.040910574
0.041325014
0.041825719
0.042337874
0.042727787
0.04300924
0.043345316
0.043792984
0.04382915
0.044061447
0.044395064
0.044376253
0.044582323
0.044720296
0.044613312
0.04417508
0.043659062
0.043083057
0.042118049
0.041158469
0.040118511
0.038713973
0.037541291
0.035819226
0.034414071
0.032463195
0.030780518
0.028584172
0.026501888
0.024106247
0.021476326
0.018780237
0.015531487
0.012069449
0.0082702927
0.0037295346
-0.0012432426
-0.0071171258
-0.013242546
-0.021905875
-0.0271683
-0.043820123
-0.03027322
0.025795862
0.08180562
0.10613879
0.08824897
0.076666836
0.070463363
0.064862453
0.059302827
0.05436407
0.050176775
0.046541296
0.043335069
0.040501447
0.037996357
0.035774039
0.033792601
0.032019422
0.030426038
0.028989092
0.027689445
0.026508789
0.025433755
0.024451474
0.023552389
0.022727546
0.021969411
0.021270186
0.02062403
0.020025751
0.019470317
0.01895395
0.018473672
0.018026191
0.017608833
0.017218703
0.016852776
0.016509281
0.016187429
0.015885108
0.015601489
0.015333222
0.015080721
0.014839329
0.014611883
0.014387586
0.014179561
0.013923773
0.013776555
0.013155799
-0.089048598
-0.087529678
-0.086723217
-0.085968928
-0.083940519
-0.083209654
-0.080745995
-0.079658949
-0.076962488
-0.07581773
-0.072730197
-0.070997686
-0.068430836
-0.06577646
-0.06380742
-0.060730264
-0.058053245
-0.05566005
-0.052917743
-0.049873286
-0.047173582
-0.044488565
-0.041908254
-0.038763632
-0.035988565
-0.033225913
-0.030491153
-0.027785905
-0.025098854
-0.022467883
-0.019686506
-0.0170858
-0.014509878
-0.011966704
-0.0094890853
-0.0070627286
-0.0046826712
-0.0023512463
-7.4925397e-05
0.0021388226
0.0042956047
0.0063971562
0.0084402975
0.010420066
0.012337263
0.014175614
0.016009863
0.017749964
0.019427537
0.021039888
0.022589336
0.024080319
0.025513307
0.026893447
0.028210577
0.029458495
0.030650441
0.031791865
0.032875349
0.033954696
0.034872764
0.035793089
0.036663671
0.03750453
0.038301709
0.038943724
0.039624355
0.040268283
0.040910402
0.041325092
0.041825694
0.042337743
0.042727763
0.043009404
0.043345298
0.043792792
0.043829481
0.04406151
0.044394934
0.044376517
0.044582475
0.044720463
0.044613517
0.044175413
0.043659383
0.043083363
0.042118519
0.041158895
0.040118965
0.038714551
0.037541748
0.03581992
0.034414592
0.032463969
0.030781102
0.02858503
0.026502613
0.02410712
0.021477274
0.018781069
0.015532632
0.012070578
0.0082713754
0.0037309136
-0.0012417444
-0.0071156618
-0.013240793
-0.021904365
-0.02716527
-0.043819769
-0.030268136
0.025795061
0.081810607
0.10613956
0.088253821
0.076668544
0.070466142
0.064865735
0.059306165
0.05436756
0.050180407
0.046545106
0.043339037
0.040505571
0.038000641
0.035778487
0.033797215
0.032024204
0.030430992
0.028994221
0.027694754
0.026514284
0.02543944
0.024457358
0.02355848
0.022733854
0.021975945
0.021276951
0.020631047
0.020033043
0.019477904
0.018961845
0.0184819
0.018034768
0.017617777
0.01722801
0.016862511
0.016519447
0.016198037
0.015896164
0.015613027
0.015345117
0.015092956
0.014851821
0.014624421
0.014399821
0.014191308
0.013934507
0.013786831
0.013166683
-0.089040947
-0.087523034
-0.086716264
-0.085961801
-0.083934334
-0.083202667
-0.080740214
-0.079652431
-0.076957114
-0.075811403
-0.072725356
-0.070992103
-0.068425987
-0.065771893
-0.063802417
-0.060726267
-0.0580493
-0.055655948
-0.052914034
-0.049870116
-0.047170449
-0.044485461
-0.0419052
-0.038761261
-0.035986206
-0.033223727
-0.03048912
-0.027784023
-0.02509707
-0.02246622
-0.019685171
-0.017084531
-0.014508745
-0.011965688
-0.0094881771
-0.0070619275
-0.0046819721
-0.0023506419
-7.4406668e-05
0.0021392618
0.0042959683
0.0063974503
0.0084405302
0.010420242
0.012337404
0.014175724
0.016009871
0.017749955
0.019427497
0.021039823
0.022589248
0.024080217
0.025513188
0.026893299
0.028210419
0.029458347
0.030650291
0.031791723
0.032875173
0.033954459
0.03487266
0.035792963
0.03666355
0.037504339
0.03830152
0.038943706
0.039624293
0.040268135
0.040910204
0.041325197
0.041825674
0.042337588
0.042727727
0.043009595
0.043345276
0.04379254
0.043829865
0.044061577
0.044394749
0.044376812
0.044582632
0.044720632
0.044613722
0.044175769
0.043659721
0.043083671
0.042119023
0.041159344
0.040119439
0.038715179
0.037542218
0.035820686
0.034415134
0.032464827
0.030781713
0.028585977
0.02650339
0.024108071
0.021478314
0.018781954
0.015533895
0.01207181
0.0082725315
0.0037324202
-0.0012401168
-0.0071140897
-0.013238927
-0.02190274
-0.027162089
-0.043819196
-0.030262633
0.025793608
0.081815744
0.10614013
0.088259535
0.076670009
0.070468878
0.064869143
0.05930966
0.054371236
0.050184249
0.046549167
0.043343294
0.040510015
0.038005278
0.035783318
0.03380224
0.032029424
0.030436408
0.028999835
0.02770057
0.026520306
0.025445673
0.024463806
0.023565151
0.022740756
0.021983084
0.021284338
0.020638718
0.02004102
0.019486203
0.01897047
0.018490873
0.018044089
0.017627455
0.017238032
0.016872916
0.016530177
0.016209084
0.015907511
0.015624608
0.015356755
0.015104626
0.014863373
0.014635695
0.014410579
0.014201467
0.013943866
0.013794998
0.013176665
-0.08903166
-0.087514963
-0.08670782
-0.085953144
-0.083926818
-0.083194171
-0.080733182
-0.079644493
-0.076950568
-0.075803692
-0.07271944
-0.070985286
-0.068420047
-0.065766297
-0.063796285
-0.060721341
-0.058044438
-0.055650896
-0.052909446
-0.049866175
-0.04716655
-0.044481601
-0.041901389
-0.038758269
-0.035983228
-0.033220957
-0.030486536
-0.027781619
-0.025094783
-0.022464073
-0.01968342
-0.017082861
-0.014507239
-0.011964324
-0.009486944
-0.0070608249
-0.0046809935
-0.0023497787
-7.3648707e-05
0.0021399216
0.0042965347
0.0063979306
0.0084409336
0.010420575
0.012337691
0.014175972
0.016009991
0.017750051
0.019427552
0.021039843
0.022589237
0.024080185
0.025513131
0.026893202
0.028210304
0.029458238
0.030650177
0.031791613
0.03287502
0.033954223
0.034872581
0.035792853
0.036663442
0.037504142
0.038301317
0.038943706
0.039624236
0.040267972
0.040909969
0.041325324
0.04182565
0.042337396
0.042727671
0.043009811
0.04334524
0.043792206
0.0438303
0.044061633
0.044394484
0.044377126
0.044582776
0.044720778
0.044613898
0.044176118
0.043660041
0.043083943
0.042119529
0.041159781
0.040119898
0.038715827
0.037542662
0.035821492
0.034415658
0.032465735
0.030782311
0.028586985
0.026504185
0.024109075
0.021479424
0.018782865
0.015535262
0.012073129
0.0082737426
0.0037340457
-0.0012383689
-0.0071124175
-0.013236965
-0.021900998
-0.027158826
-0.043818371
-0.030256665
0.02579133
0.081820898
0.10614031
0.08826617
0.076671052
0.070471409
0.064872528
0.059313161
0.054374946
0.050188156
0.046553339
0.043347701
0.040514647
0.038010136
0.035788404
0.03380755
0.032034956
0.030442162
0.029005811
0.02770677
0.026526731
0.025452325
0.024470689
0.023572269
0.022748114
0.021990692
0.021292228
0.020646933
0.020049565
0.019495066
0.018979645
0.018500353
0.018053829
0.01763746
0.017248266
0.016883368
0.016540775
0.01621982
0.015918341
0.015635416
0.015367487
0.015115242
0.014873764
0.014645759
0.014420104
0.014210335
0.013951892
0.013801086
0.013186202
-0.089020464
-0.087505231
-0.086697636
-0.085942704
-0.083917751
-0.083183917
-0.080724691
-0.079634902
-0.076942657
-0.075794366
-0.072712272
-0.070977029
-0.068412835
-0.065759504
-0.06378884
-0.060715334
-0.058038509
-0.055644736
-0.052903833
-0.049861333
-0.047161759
-0.044476861
-0.041896695
-0.038754553
-0.035979528
-0.033217507
-0.030483306
-0.027778605
-0.025091909
-0.022461362
-0.019681182
-0.017080722
-0.014505297
-0.011962552
-0.0094853314
-0.0070593699
-0.0046796883
-0.0023486131
-7.2611157e-05
0.0021408391
0.0042973378
0.0063986281
0.0084415363
0.010421091
0.012338147
0.014176379
0.016010242
0.017750268
0.019427715
0.02103996
0.022589315
0.024080234
0.025513145
0.026893164
0.02821024
0.029458178
0.030650105
0.031791541
0.032874893
0.03395399
0.034872531
0.035792763
0.03666335
0.037503939
0.038301098
0.038943728
0.039624185
0.040267794
0.040909692
0.041325479
0.041825622
0.04233716
0.04272759
0.043010052
0.043345183
0.043791775
0.043830788
0.044061673
0.044394121
0.044377454
0.044582895
0.04472089
0.044614032
0.044176449
0.043660328
0.04308416
0.042120021
0.04116018
0.040120309
0.038716462
0.037543035
0.0358223
0.034416109
0.032466647
0.030782839
0.028588008
0.026504944
0.02411008
0.021480556
0.018783748
0.015536686
0.012074487
0.0082749612
0.003735757
-0.0012365305
-0.0071106668
-0.013234943
-0.021899145
-0.027155611
-0.043817255
-0.030250201
0.025788038
0.081826125
0.10613988
0.088273775
0.076671446
0.070473542
0.064875716
0.059316485
0.054378505
0.050191946
0.046557444
0.043352086
0.040519296
0.038015049
0.035793582
0.033812984
0.032040643
0.030448099
0.029011993
0.027713198
0.026533402
0.02545924
0.024477847
0.023579672
0.022755766
0.021998618
0.021300486
0.020655522
0.020058444
0.019504157
0.018988938
0.018509809
0.018063411
0.017647186
0.017258083
0.016893266
0.016550753
0.016229866
0.015928394
0.015645405
0.015377385
0.01512496
0.014883223
0.014654785
0.014428449
0.014217837
0.013958519
0.013805221
0.013195872
-0.089007045
-0.087493559
-0.086685424
-0.085930185
-0.083906879
-0.083171615
-0.080714504
-0.079623385
-0.076933156
-0.075783163
-0.072703647
-0.070967098
-0.068404144
-0.065751316
-0.063779866
-0.060708067
-0.058031334
-0.055637289
-0.052897027
-0.049855443
-0.047155928
-0.044471095
-0.041890974
-0.038749993
-0.035974988
-0.033213264
-0.030479327
-0.027774881
-0.025088352
-0.022457994
-0.019678379
-0.017078038
-0.014502849
-0.011960307
-0.0094832769
-0.007057505
-0.0046780033
-0.002347096
-7.1248697e-05
0.0021420559
0.0042984156
0.0063995774
0.0084423699
0.010421817
0.012338798
0.014176969
0.016010643
0.017750625
0.019428002
0.021040188
0.022589494
0.024080375
0.025513238
0.026893191
0.028210231
0.029458167
0.030650077
0.031791507
0.032874792
0.033953753
0.034872509
0.035792688
0.036663269
0.037503722
0.038300853
0.038943766
0.039624133
0.040267588
0.040909358
0.041325657
0.041825581
0.042336864
0.04272747
0.043010313
0.043345094
0.04379122
0.043831328
0.044061683
0.044393635
0.044377793
0.044582979
0.044720955
0.04461411
0.044176751
0.043660571
0.043084306
0.042120485
0.041160523
0.040120652
0.038717067
0.037543309
0.035823091
0.034416455
0.032467546
0.030783261
0.028589017
0.026505622
0.02411104
0.021481657
0.018784533
0.015538109
0.012075825
0.0082761201
0.003737499
-0.0012346569
-0.0071088919
-0.013232934
-0.021897222
-0.027152635
-0.043815792
-0.030243226
0.025783548
0.081831611
0.10613849
0.088282402
0.076670903
0.070475051
0.064878509
0.059319418
0.054381694
0.050195398
0.046561266
0.043356233
0.04052375
0.038019811
0.035798647
0.033818343
0.032046289
0.030454023
0.02901819
0.027719662
0.02654013
0.025466227
0.02448509
0.023587168
0.022763521
0.022006689
0.021308891
0.020664136
0.02006718
0.019512951
0.018997826
0.018518773
0.018072479
0.017656369
0.017267326
0.016902589
0.01656016
0.016239303
0.015937801
0.015654716
0.015386499
0.015133764
0.01489165
0.014662632
0.0144355
0.014223895
0.013963734
0.013807601
0.013205869
-0.088991034
-0.087479629
-0.086670849
-0.085915245
-0.083893903
-0.083156929
-0.080702341
-0.079609623
-0.076921806
-0.075769772
-0.072693326
-0.070955217
-0.068393731
-0.065741505
-0.063769113
-0.060699334
-0.058022711
-0.055628344
-0.052888835
-0.049848332
-0.047148886
-0.044464137
-0.041884059
-0.038744452
-0.035969468
-0.033208098
-0.030474473
-0.02777033
-0.025084001
-0.022453863
-0.019674917
-0.01707472
-0.014499811
-0.011957511
-0.0094807087
-0.0070551635
-0.004675877
-0.0023451708
-6.9509278e-05
0.0021436195
0.0042998114
0.006400818
0.0084434699
0.010422787
0.012339674
0.01417777
0.016011216
0.017751141
0.019428429
0.021040543
0.022589789
0.024080617
0.025513419
0.02689329
0.028210281
0.02945821
0.030650093
0.031791512
0.032874715
0.033953507
0.034872511
0.035792623
0.036663192
0.03750348
0.038300569
0.038943815
0.039624069
0.040267341
0.040908946
0.041325849
0.041825512
0.042336487
0.042727293
0.043010583
0.043344955
0.043790508
0.043831914
0.044061646
0.044392995
0.044378129
0.044583006
0.044720948
0.044614104
0.044177002
0.043660742
0.043084348
0.042120896
0.041160783
0.040120898
0.038717623
0.037543453
0.035823851
0.034416668
0.032468414
0.030783543
0.02858999
0.026506185
0.024111926
0.021482698
0.01878518
0.015539504
0.012077105
0.0082771692
0.0037392279
-0.0012328034
-0.0071071599
-0.01323101
-0.021895294
-0.027150031
-0.043813864
-0.030235743
0.025777734
0.081836904
0.10613568
0.088292139
0.076669083
0.070475675
0.064880685
0.059321713
0.054384251
0.05019825
0.046564546
0.043359888
0.040527756
0.03802417
0.035803355
0.033823386
0.032051656
0.030459702
0.02902417
0.027725936
0.026546688
0.025473062
0.024492194
0.023594534
0.022771168
0.022014663
0.021317024
0.02067229
0.020075347
0.019521186
0.019006174
0.018527233
0.018081067
0.017665067
0.017276072
0.016911394
0.016568976
0.016248059
0.015946439
0.015663158
0.015394636
0.01514147
0.014898878
0.014669165
0.014441176
0.014228492
0.013967569
0.013808414
0.013215886
-0.088972003
-0.087463066
-0.086653521
-0.085897487
-0.083878479
-0.083139465
-0.080687879
-0.07959325
-0.076908304
-0.075753837
-0.072681033
-0.070941068
-0.068381313
-0.065729806
-0.063756293
-0.060688897
-0.058012401
-0.055617657
-0.05287903
-0.049839801
-0.047140435
-0.044455793
-0.041875756
-0.038737769
-0.035962809
-0.033201859
-0.030468604
-0.027764818
-0.025078728
-0.022448845
-0.019670689
-0.017070664
-0.014496087
-0.011954074
-0.0094775443
-0.0070522696
-0.0046732396
-0.002342773
-6.7333694e-05
0.0021455841
0.0043015744
0.0064023943
0.0084448767
0.010424036
0.012340806
0.014178812
0.016011983
0.017751834
0.019429015
0.021041041
0.022590213
0.024080969
0.025513695
0.026893465
0.028210393
0.029458307
0.030650153
0.031791553
0.032874655
0.033953239
0.034872533
0.035792559
0.03666311
0.037503199
0.038300228
0.038943863
0.039623979
0.040267033
0.040908431
0.041326044
0.041825395
0.042336001
0.042727033
0.043010845
0.04334474
0.043789599
0.043832535
0.044061537
0.044392158
0.044378443
0.044582946
0.044720837
0.044613978
0.044177167
0.043660805
0.043084242
0.042121219
0.041160918
0.040121
0.038718088
0.037543413
0.035824539
0.034416689
0.032469211
0.030783627
0.02859089
0.026506585
0.024112698
0.021483645
0.01878565
0.015540849
0.012078298
0.0082780693
0.0037409197
-0.0012310005
-0.0071054991
-0.013229211
-0.021893392
-0.027147836
-0.043811328
-0.030227827
0.025770395
0.081840712
0.10613132
0.088303143
0.076665591
0.070475121
0.064882
0.059323094
0.054385874
0.050200197
0.046566982
0.043362748
0.040531016
0.038027833
0.035807416
0.033827828
0.032056466
0.030464863
0.029029667
0.027731757
0.02655282
0.025479493
0.024498912
0.023601528
0.022778462
0.022022148
0.021324463
0.020679762
0.02008291
0.019528891
0.019014017
0.018535185
0.018089103
0.017673154
0.017284142
0.016919455
0.016576972
0.01625591
0.015954089
0.01567052
0.015401615
0.015147925
0.014904792
0.014674307
0.01444544
0.014231639
0.013970068
0.013807785
0.01322577
-0.088949453
-0.087443436
-0.086632984
-0.085876446
-0.083860204
-0.083118769
-0.080670744
-0.079573835
-0.076892301
-0.075734943
-0.072666446
-0.070924281
-0.068366565
-0.065715912
-0.063741071
-0.060676478
-0.058000131
-0.055604946
-0.052867352
-0.04982962
-0.047130345
-0.044445839
-0.041865842
-0.03872976
-0.035954826
-0.033194374
-0.030461556
-0.027758191
-0.025072384
-0.022442798
-0.019665575
-0.017065753
-0.01449157
-0.011949896
-0.0094736902
-0.007048737
-0.0046700117
-0.0023398298
-6.4655258e-05
0.0021480103
0.0043037594
0.0064043557
0.0084466346
0.010425604
0.012342231
0.014180126
0.016012968
0.017752729
0.019429779
0.0210417
0.022590776
0.024081441
0.025514072
0.026893718
0.028210565
0.029458457
0.030650254
0.031791624
0.032874605
0.033952934
0.034872563
0.035792483
0.036663007
0.037502859
0.038299806
0.038943894
0.039623842
0.040266639
0.040907779
0.041326222
0.041825207
0.042335372
0.042726659
0.043011079
0.043344421
0.043788442
0.043833171
0.044061322
0.044391074
0.044378709
0.044582761
0.04472058
0.044613686
0.044177205
0.043660712
0.043083934
0.042121404
0.041160872
0.040120898
0.038718412
0.037543119
0.035825103
0.034416445
0.032469883
0.030783437
0.028591658
0.026506748
0.024113292
0.021484435
0.018785866
0.015542085
0.012079348
0.0082787606
0.0037425391
-0.0012292821
-0.0071039286
-0.013227589
-0.021891516
-0.02714616
-0.043808107
-0.030219527
0.025760691
0.081842214
0.10612579
0.088315644
0.076659967
0.070473055
0.064882192
0.059323257
0.054386227
0.05020089
0.046568229
0.04336447
0.040533187
0.038030461
0.035810498
0.033831345
0.032060401
0.030469194
0.029034378
0.02773683
0.026558238
0.025485238
0.02450497
0.023607881
0.022785088
0.02202878
0.021331095
0.020686541
0.020089833
0.019535926
0.019021153
0.018542383
0.018096335
0.017680379
0.01729129
0.016926533
0.016583929
0.016262654
0.015960572
0.015676648
0.015407303
0.015153025
0.014909318
0.014678015
0.014448284
0.014233365
0.013971282
0.013805812
0.013235583
-0.088922806
-0.087420234
-0.086608714
-0.085851587
-0.083838615
-0.083094313
-0.080650502
-0.079550885
-0.07687339
-0.075712611
-0.072649194
-0.070904431
-0.068349109
-0.065699467
-0.06372306
-0.060661758
-0.057985582
-0.055589888
-0.052853501
-0.049817523
-0.047118352
-0.044434019
-0.041854061
-0.038720214
-0.035945309
-0.033185444
-0.03045314
-0.027750271
-0.025064802
-0.02243556
-0.019659434
-0.017059854
-0.014486137
-0.011944863
-0.00946904
-0.0070444681
-0.0046661039
-0.0023362595
-6.1399456e-05
0.0021509656
0.0043064268
0.0064067564
0.008448792
0.010427534
0.012343986
0.014181746
0.016014196
0.017753846
0.019430743
0.021042535
0.022591489
0.024082041
0.025514555
0.026894051
0.028210796
0.029458654
0.030650387
0.031791714
0.032874551
0.033952572
0.034872588
0.035792376
0.036662863
0.037502434
0.038299273
0.038943886
0.03962363
0.040266126
0.04090695
0.04132636
0.041824912
0.042334556
0.04272613
0.043011254
0.043343958
0.043786974
0.043833799
0.044060959
0.044389679
0.044378889
0.044582402
0.044720125
0.04461317
0.044177062
0.043660404
0.043083355
0.042121392
0.041160578
0.040120518
0.038718528
0.037542485
0.035825477
0.034415844
0.032470358
0.030782876
0.028592221
0.026506584
0.024113622
0.021484987
0.018785734
0.015543136
0.012080176
0.0082791577
0.0037440238
-0.0012277116
-0.007102501
-0.013226226
-0.021889674
-0.027145266
-0.0438041
-0.030210743
0.025747399
0.081842085
0.10611933
0.088329842
0.076651643
0.070469094
0.064880994
0.059321884
0.054384943
0.050199947
0.0465679
0.043364668
0.040533884
0.038031673
0.035812226
0.033833568
0.032063102
0.030472348
0.029037964
0.027740826
0.026562621
0.025489986
0.024510061
0.023613297
0.022790721
0.022034426
0.021336848
0.02069244
0.020095852
0.01954202
0.019027316
0.018548569
0.01810252
0.017686515
0.017297306
0.016932434
0.016589669
0.016268133
0.015965748
0.015681422
0.015411605
0.015156696
0.014912408
0.014680271
0.014449712
0.014233715
0.01397127
0.013802597
0.013245369
-0.088891388
-0.087392875
-0.086580098
-0.085822285
-0.083813171
-0.083065486
-0.080626648
-0.079523823
-0.076851102
-0.075686284
-0.072628848
-0.070881022
-0.068328509
-0.065680063
-0.063701815
-0.060644368
-0.057968389
-0.055572108
-0.052837131
-0.049803204
-0.047104152
-0.044420037
-0.041840117
-0.038708889
-0.035934014
-0.033174842
-0.030443144
-0.027740858
-0.025055789
-0.022426947
-0.019652108
-0.017052815
-0.014479647
-0.011938844
-0.0094634744
-0.0070393537
-0.0046614165
-0.0023319711
-5.74837e-05
0.0021545241
0.004309643
0.0064096553
0.0084514007
0.010429872
0.012346111
0.014183706
0.016015693
0.017755211
0.019431924
0.021043559
0.02259236
0.024082772
0.025515143
0.026894457
0.028211077
0.029458888
0.030650539
0.031791808
0.032874474
0.033952122
0.034872583
0.03579221
0.036662648
0.037501886
0.038298587
0.038943808
0.039623307
0.040265452
0.040905889
0.041326422
0.041824468
0.042333497
0.042725392
0.043011327
0.043343299
0.043785117
0.04383438
0.044060395
0.044387892
0.044378935
0.044581807
0.044719402
0.044612356
0.044176669
0.043659804
0.043082417
0.042121106
0.041159948
0.040119767
0.038718352
0.037541403
0.035825575
0.034414773
0.032470547
0.030781829
0.028592483
0.026505979
0.024113584
0.021485201
0.018785135
0.015543911
0.012080687
0.0082791583
0.0037452954
-0.0012263653
-0.0071012825
-0.013225218
-0.021887891
-0.027145465
-0.043799032
-0.030201397
0.025730233
0.081840963
0.10611141
0.088345671
0.076639828
0.070462738
0.064878119
0.059318647
0.054381643
0.050196966
0.046565587
0.043362923
0.040532684
0.038031047
0.035812182
0.033834089
0.03206417
0.030473934
0.029040046
0.027743376
0.026565612
0.025493389
0.024513847
0.023617445
0.022795091
0.022038954
0.021341466
0.02069718
0.020100693
0.019546919
0.019032268
0.018553521
0.018107452
0.017691368
0.017302011
0.016936996
0.016594047
0.016272216
0.015969504
0.015684751
0.01541445
0.015158892
0.01491404
0.014681079
0.014449748
0.014232746
0.013970089
0.013798233
0.01325515
-0.088854417
-0.087360679
-0.086546429
-0.085787817
-0.083783247
-0.083031579
-0.080598602
-0.079491986
-0.076824894
-0.07565532
-0.072604912
-0.070853484
-0.068304262
-0.065657226
-0.063676819
-0.060623882
-0.05794813
-0.055551175
-0.052817845
-0.049786312
-0.047087397
-0.044403556
-0.041823673
-0.038695505
-0.035920664
-0.033162308
-0.030431322
-0.027729719
-0.025045127
-0.02241675
-0.019643417
-0.017044465
-0.014471943
-0.011931694
-0.0094568592
-0.0070332716
-0.0046558387
-0.0023268641
-5.2817296e-05
0.0021587668
0.0043134795
0.0064131152
0.0084545155
0.010432665
0.012348644
0.014186042
0.016017485
0.017756847
0.019433339
0.021044777
0.022593392
0.024083633
0.025515831
0.026894925
0.028211391
0.02945914
0.030650687
0.031791879
0.032874342
0.033951544
0.034872517
0.035791948
0.036662323
0.037501168
0.038297693
0.038943615
0.039622821
0.04026456
0.040904527
0.041326359
0.041823814
0.042332124
0.042724376
0.043011242
0.043342379
0.043782777
0.043834862
0.044059558
0.044385616
0.04437878
0.044580895
0.044718326
0.04461115
0.044175938
0.043658817
0.043081013
0.042120446
0.041158873
0.040118526
0.038717777
0.037539743
0.03582529
0.034413094
0.032470337
0.030780149
0.028592328
0.026504794
0.024113048
0.021484953
0.018783929
0.015544297
0.012080765
0.008278641
0.0037462618
-0.001225331
-0.0071003486
-0.013224671
-0.021886202
-0.027147067
-0.043792503
-0.030191532
0.02570904
0.081838095
0.10610132
0.088363064
0.076623638
0.070453272
0.064873178
0.059313194
0.054375944
0.050191539
0.046560864
0.043358798
0.040529141
0.038028134
0.035809922
0.033832468
0.032063172
0.030473531
0.029040211
0.027744081
0.026566823
0.02549507
0.024515965
0.023619969
0.022797933
0.022042051
0.02134469
0.020700507
0.020104119
0.019550401
0.0190358
0.018557042
0.018110949
0.017694772
0.017305254
0.016940083
0.016596942
0.016274802
0.015971758
0.015686572
0.015415794
0.015159593
0.014914211
0.014680459
0.014448428
0.014230511
0.013967792
0.013792818
0.013264961
-0.088810981
-0.087322855
-0.086506882
-0.085747346
-0.083748118
-0.08299177
-0.080565686
-0.079454603
-0.076794138
-0.075618978
-0.072576811
-0.070821159
-0.068275785
-0.065630411
-0.063647481
-0.06059981
-0.05792432
-0.055526595
-0.052795184
-0.049766442
-0.047067684
-0.044384186
-0.04180434
-0.038679745
-0.035904941
-0.033147546
-0.030417396
-0.027716595
-0.025032567
-0.02240473
-0.01963316
-0.01703461
-0.014462849
-0.011923249
-0.0094490454
-0.0070260867
-0.0046492481
-0.0023208283
-4.7301671e-05
0.0021637809
0.0043180123
0.0064172018
0.008458192
0.010435959
0.012351626
0.01418879
0.016019597
0.017758772
0.019434996
0.021046193
0.022594581
0.024084614
0.025516603
0.026895435
0.028211713
0.029459379
0.030650798
0.031791889
0.032874113
0.033950784
0.034872342
0.035791536
0.03666183
0.037500217
0.038296522
0.038943247
0.039622105
0.040263376
0.040902777
0.041326104
0.041822875
0.042330346
0.042722992
0.043010922
0.043341114
0.043779834
0.043835174
0.044058358
0.044382729
0.04437834
0.044579563
0.044716786
0.044609435
0.044174755
0.04365732
0.043079005
0.042119289
0.041157216
0.040116648
0.038716669
0.037537337
0.035824484
0.034410633
0.032469585
0.030777659
0.028591606
0.026502858
0.024111854
0.021484089
0.018781943
0.015544155
0.01208027
0.0082774615
0.0037468134
-0.0012247137
-0.0070997836
-0.013224704
-0.021884641
-0.027150433
-0.043784027
-0.030181233
0.025682769
0.081832552
0.10608869
0.088382385
0.076602267
0.070439905
0.064865548
0.059305069
0.054367424
0.050183247
0.046553308
0.043351856
0.040522807
0.038022479
0.035804985
0.033828247
0.032059657
0.030470694
0.02903803
0.02774252
0.026565847
0.025494637
0.024516035
0.023620501
0.022798909
0.022043348
0.021346235
0.020702194
0.020105918
0.019552274
0.019037726
0.018558966
0.018112858
0.017696584
0.017306911
0.016941587
0.016598265
0.016275819
0.015972455
0.01568685
0.015415619
0.0151588
0.014912937
0.014678452
0.014445813
0.014227018
0.013964475
0.013786476
0.013274802
-0.088760021
-0.087278482
-0.086460502
-0.085699899
-0.083706945
-0.082945108
-0.080527123
-0.079410784
-0.076758107
-0.075576402
-0.072543882
-0.070783288
-0.068242409
-0.065598988
-0.063613117
-0.060571589
-0.0578964
-0.0554978
-0.052768625
-0.049743131
-0.047044553
-0.044361484
-0.041781678
-0.038661244
-0.035886484
-0.033130218
-0.030401049
-0.027701187
-0.025017829
-0.02239062
-0.019621107
-0.017023035
-0.014452167
-0.011913329
-0.0094398678
-0.0070176502
-0.0046415114
-0.0023137445
-4.0830963e-05
0.0021696585
0.0043233203
0.0064219816
0.0084624853
0.010439801
0.012355095
0.014191984
0.016022048
0.017760997
0.019436894
0.021047799
0.022595914
0.024085695
0.025517432
0.026895951
0.028212001
0.029459561
0.030650821
0.031791783
0.032873728
0.033949767
0.034871993
0.035790902
0.036661095
0.037498948
0.038294978
0.038942624
0.039621068
0.040261804
0.040900526
0.04132557
0.041821548
0.042328047
0.042721128
0.043010267
0.043339392
0.04377614
0.043835219
0.044056678
0.04437908
0.044377501
0.044577679
0.044714643
0.04460706
0.044172976
0.043655159
0.043076223
0.042117476
0.041154804
0.040113951
0.038714858
0.037533983
0.035822987
0.034407177
0.032468113
0.030774142
0.028590134
0.026499963
0.024109807
0.021482422
0.018778973
0.015543315
0.012079034
0.0082754492
0.0037468214
-0.0012246361
-0.0070996801
-0.013225455
-0.021883073
-0.027155991
-0.043772974
-0.03017054
0.025650246
0.081823726
0.10607339
0.088404174
0.076574935
0.070421945
0.064854609
0.059293592
0.054355507
0.050171603
0.046542484
0.043341673
0.040513249
0.03801364
0.035796929
0.033820982
0.032053184
0.03046499
0.029033074
0.027738277
0.026562278
0.025491697
0.024513681
0.023618682
0.022797614
0.022042504
0.02134577
0.020701978
0.020105858
0.019552352
0.019037895
0.018559161
0.018113056
0.0176967
0.017306891
0.01694143
0.016597953
0.016275222
0.015971566
0.015685575
0.015413926
0.015156533
0.01491025
0.014675115
0.01444196
0.014222274
0.013960272
0.013779287
0.013284655
-0.088700304
-0.08722649
-0.086406179
-0.085644347
-0.083658752
-0.082890491
-0.080482007
-0.079359496
-0.076715964
-0.075526604
-0.072505357
-0.070738997
-0.068203359
-0.065562235
-0.063572945
-0.060538568
-0.057863727
-0.055464136
-0.052737565
-0.049715846
-0.047017478
-0.044334946
-0.041755181
-0.038639589
-0.03586488
-0.033109941
-0.030381923
-0.027683161
-0.025000596
-0.022374118
-0.019607004
-0.017009498
-0.014439679
-0.011901733
-0.0094291445
-0.0070077995
-0.004632484
-0.0023054846
-3.3293218e-05
0.0021764953
0.0043294834
0.0064275206
0.008467451
0.010444239
0.01235909
0.014195654
0.016024846
0.017763517
0.01943902
0.021049575
0.022597363
0.02408684
0.025518274
0.026896421
0.028212195
0.029459622
0.030650685
0.031791483
0.032873104
0.033948395
0.034871381
0.035789948
0.036660016
0.037497249
0.038292941
0.038941636
0.039619592
0.040259719
0.040897631
0.041324636
0.041819702
0.042325079
0.042718635
0.043009143
0.043337073
0.043771514
0.043834867
0.044054368
0.044374482
0.044376116
0.044575076
0.044711721
0.044603837
0.04417042
0.043652139
0.043072454
0.042114807
0.041151423
0.040110207
0.038712133
0.037529431
0.035820584
0.034402469
0.032465702
0.030769332
0.028587686
0.026495854
0.024106669
0.021479725
0.018774773
0.015541574
0.012076858
0.0082724049
0.0037461341
-0.0012252397
-0.0071001401
-0.01322709
-0.021881049
-0.027164401
-0.043758682
-0.030159215
0.025610106
0.081810957
0.10605526
0.088429033
0.076540641
0.07039867
0.064840015
0.059278085
0.054339363
0.050155968
0.046527916
0.043327835
0.040500063
0.038001215
0.035785348
0.033810271
0.032043352
0.030456018
0.029024948
0.027730965
0.026555741
0.025485888
0.024508552
0.023614177
0.022793704
0.022039154
0.021342937
0.020699553
0.020103716
0.01955037
0.019036173
0.018557504
0.018111456
0.017695057
0.017305144
0.016939568
0.016595979
0.016272994
0.015969087
0.01568276
0.015410737
0.015152831
0.014906192
0.014670506
0.014436865
0.014216274
0.013955231
0.013771357
0.013294654
-0.088630395
-0.087165632
-0.086342624
-0.085579381
-0.083602407
-0.082826643
-0.080429292
-0.079299547
-0.076666739
-0.075468441
-0.072460351
-0.070687281
-0.068157741
-0.065519316
-0.063526064
-0.060500001
-0.057825564
-0.055424859
-0.052701316
-0.049683977
-0.046985857
-0.044303992
-0.041724275
-0.038614307
-0.035839661
-0.033086282
-0.030359612
-0.027662137
-0.024980515
-0.022354886
-0.019590564
-0.01699373
-0.014425142
-0.011888239
-0.0094166772
-0.006996359
-0.0046220114
-0.0022959138
-2.4572608e-05
0.0021843877
0.0043365813
0.0064338854
0.0084731454
0.010449316
0.012363637
0.014199817
0.016027984
0.017766315
0.019441347
0.021051484
0.022598878
0.024087991
0.025519064
0.02689677
0.028212212
0.029459469
0.030650293
0.031790886
0.032872128
0.03394654
0.034870385
0.035788544
0.036658458
0.037494976
0.038290254
0.03894014
0.039617522
0.04025696
0.040893911
0.041323145
0.041817166
0.042321255
0.042715327
0.043007375
0.043333976
0.043765728
0.043833944
0.044051237
0.044368702
0.044373992
0.044571542
0.044707796
0.044599532
0.044166854
0.043648018
0.043067434
0.042111033
0.041146805
0.040105133
0.03870823
0.037523374
0.035817008
0.03439619
0.032462076
0.030762909
0.028583982
0.026490227
0.024102151
0.021475723
0.018769053
0.015538688
0.012073507
0.0082680974
0.0037445763
-0.0012266851
-0.0071012732
-0.013229805
-0.021878229
-0.0271765
-0.043740498
-0.030146845
0.025560289
0.081793392
0.10603383
0.088457972
0.076497814
0.070369161
0.064821417
0.059258159
0.054318237
0.050135652
0.046509024
0.043309884
0.040482866
0.037984844
0.035769906
0.033795779
0.032029829
0.030443448
0.029013323
0.02772026
0.026545918
0.025476899
0.024500348
0.023606701
0.022786912
0.022032998
0.02133739
0.020694587
0.020099214
0.019546237
0.019032329
0.018553704
0.018107961
0.017691592
0.017301629
0.016935992
0.016592356
0.016269149
0.01596504
0.01567844
0.015406092
0.015147749
0.014900829
0.014664643
0.014430413
0.014209008
0.013949403
0.013763036
0.013305073
-0.088548621
-0.087094457
-0.086268337
-0.085503478
-0.083536595
-0.082752083
-0.080367761
-0.079229555
-0.076609308
-0.075400594
-0.07240784
-0.070626978
-0.068104523
-0.065469273
-0.063471443
-0.060455026
-0.057781061
-0.055379112
-0.052659089
-0.049646828
-0.046949
-0.044267968
-0.041688306
-0.03858486
-0.035810297
-0.033058749
-0.03033366
-0.027637691
-0.024957186
-0.022332544
-0.019571469
-0.016975434
-0.01440829
-0.011872607
-0.009402251
-0.0069831404
-0.0046099307
-0.0022848924
-1.4552055e-05
0.0021934336
0.0043446954
0.0064411423
0.0084796171
0.010455061
0.01236875
0.01420447
0.016031432
0.017769353
0.019443826
0.021053463
0.022600387
0.024089063
0.025519704
0.026896888
0.028211932
0.029458978
0.030649511
0.031789847
0.032870653
0.033944031
0.034868844
0.035786519
0.036656244
0.037491942
0.038286715
0.038937946
0.039614656
0.04025332
0.040889134
0.041320893
0.041813723
0.042316339
0.042710965
0.043004736
0.043329869
0.043758503
0.043832223
0.044047041
0.044361453
0.044370885
0.044566807
0.044702589
0.044593848
0.044161991
0.04364249
0.043060834
0.042105842
0.041140621
0.040098382
0.038702821
0.037515438
0.035811929
0.034387956
0.032456899
0.030754487
0.028578682
0.026482714
0.024095905
0.021470082
0.018761468
0.015534365
0.012068706
0.0082622583
0.0037419486
-0.0012291549
-0.0071031948
-0.013233724
-0.021874574
-0.027193186
-0.043717541
-0.030133389
0.025498365
0.081770026
0.10600813
0.088492231
0.076445003
0.070332286
0.064798297
0.059233415
0.054291829
0.050110007
0.046485131
0.043287217
0.04046123
0.037964192
0.035750329
0.033777245
0.032012363
0.030427029
0.028997957
0.027705925
0.026532577
0.025464504
0.02448885
0.023596043
0.022777044
0.022023849
0.021328922
0.02068679
0.020092038
0.019539719
0.019026119
0.018547836
0.018102407
0.017685964
0.017296172
0.016930685
0.016587071
0.016263688
0.01595946
0.015672681
0.01540006
0.015141364
0.01489423
0.014657556
0.01442261
0.014200549
0.013942938
0.013754642
0.013315999
-0.088452998
-0.087011274
-0.08618158
-0.085414875
-0.083459788
-0.082665097
-0.080296001
-0.079147918
-0.076542369
-0.075321542
-0.072346636
-0.07055675
-0.068042513
-0.065411003
-0.063407897
-0.06040265
-0.057729244
-0.055325921
-0.052609982
-0.0496036
-0.046906121
-0.044226123
-0.041646532
-0.038550639
-0.035776184
-0.033026785
-0.03030355
-0.027609344
-0.024930164
-0.022306671
-0.019549366
-0.016954282
-0.014388831
-0.011854575
-0.0093856353
-0.0069679456
-0.0045960738
-0.0022722784
-3.1105837e-06
0.0022037346
0.0043539049
0.0064493476
0.0084869006
0.01046149
0.01237442
0.014209586
0.016035137
0.017772568
0.019446377
0.021055416
0.022601779
0.024089933
0.025520062
0.026896628
0.028211195
0.029457979
0.03064816
0.031788177
0.032868481
0.033940648
0.034866547
0.035783649
0.036653145
0.037487904
0.038282066
0.03893481
0.039610735
0.040248532
0.04088301
0.041317613
0.041809091
0.04231003
0.042705249
0.043000933
0.043324459
0.043749493
0.043829409
0.044041475
0.04435238
0.044366476
0.044560534
0.044695748
0.044586417
0.044155466
0.043635177
0.043052248
0.042098846
0.04113246
0.040089525
0.038695502
0.037505164
0.03580494
0.034377302
0.032449759
0.0307436
0.02857137
0.026472875
0.024087512
0.021462407
0.018751612
0.015528265
0.012062132
0.0082545753
0.0037380295
-0.0012328589
-0.0071060255
-0.013238738
-0.021870114
-0.027215472
-0.043688648
-0.030119019
0.025422042
0.081739724
0.10597725
0.088532418
0.07638158
0.070286771
0.064769986
0.059203304
0.054259754
0.050078529
0.046455626
0.043259243
0.040434567
0.037938861
0.035726311
0.033754428
0.03199075
0.030406586
0.028978692
0.027687812
0.026515578
0.025448574
0.024473934
0.023582083
0.02276399
0.022011618
0.021317458
0.020676065
0.020082036
0.019530398
0.019017375
0.01853981
0.018094604
0.017678321
0.017288917
0.016923466
0.016579773
0.016256446
0.015952349
0.015665491
0.015392668
0.015133685
0.014886355
0.014649207
0.01441358
0.014191014
0.013936057
0.013746239
0.013327303
-0.088341206
-0.08691407
-0.086080274
-0.085311506
-0.08337022
-0.082563707
-0.080212368
-0.079052784
-0.076464406
-0.075229528
-0.072275357
-0.070475054
-0.067970332
-0.065343233
-0.06333406
-0.060341727
-0.057668997
-0.055264168
-0.052552966
-0.049553379
-0.046856321
-0.04417761
-0.041598111
-0.038510949
-0.035736642
-0.032989765
-0.030268705
-0.027576561
-0.024898954
-0.022276798
-0.019523863
-0.016929914
-0.014366448
-0.011833861
-0.0093665864
-0.0069505688
-0.0045802666
-0.0022579229
9.878168e-06
0.0022153872
0.0043642756
0.00645854
0.0084950088
0.010468587
0.012380604
0.014215107
0.016039017
0.017775858
0.019448881
0.021057208
0.022602902
0.024090432
0.025519951
0.026895791
0.028209788
0.029456246
0.030646003
0.031785625
0.032865353
0.033936109
0.034863216
0.035779645
0.036648859
0.037482551
0.038275978
0.038930411
0.039605426
0.040242258
0.040875173
0.041312959
0.041802914
0.042301953
0.042697796
0.042995592
0.043317374
0.043738273
0.043825117
0.044034149
0.044341045
0.044360361
0.044552299
0.044686832
0.044576781
0.044146825
0.043625607
0.043041176
0.04208956
0.041121819
0.040078039
0.038685774
0.037491999
0.035795539
0.034363668
0.03244015
0.030729694
0.028561544
0.026460189
0.02407647
0.021452233
0.018739008
0.015519988
0.012053403
0.0082447054
0.0037325685
-0.0012380115
-0.0071098734
-0.013244792
-0.021864882
-0.027244318
-0.043652422
-0.030103762
0.02532887
0.081701138
0.10594073
0.088578359
0.076307092
0.07023112
0.064735676
0.059167224
0.05422125
0.050040853
0.046420182
0.043225477
0.040402342
0.037908317
0.035697262
0.033726985
0.031964748
0.030381975
0.02895542
0.027665837
0.026494858
0.025429058
0.024455558
0.023564789
0.022747733
0.021996304
0.021303015
0.020662446
0.020069215
0.019518301
0.019006
0.018529109
0.018084446
0.017668826
0.017279823
0.016914373
0.016570817
0.016247889
0.015943762
0.015656471
0.015383563
0.0151244
0.014876835
0.014639249
0.014403405
0.014180696
0.013928948
0.013737859
0.013339016
-0.088210522
-0.086800461
-0.085961997
-0.085190948
-0.083265791
-0.082445579
-0.08011497
-0.078942043
-0.076373668
-0.07512252
-0.072192399
-0.070380106
-0.067886375
-0.06526449
-0.063248366
-0.060270934
-0.057599032
-0.055192573
-0.052486859
-0.049495114
-0.046798575
-0.044121461
-0.041542093
-0.038465004
-0.035690901
-0.032946981
-0.030228475
-0.027538744
-0.024863005
-0.022242405
-0.01949453
-0.016901941
-0.0143408
-0.011810167
-0.0093448473
-0.0069307918
-0.0045623234
-0.0022416714
2.4532988e-05
0.0022284713
0.0043758535
0.0064687322
0.0085039198
0.010476302
0.012387226
0.014220936
0.016042939
0.017779075
0.019451165
0.021058645
0.022603541
0.024090328
0.025519124
0.026894108
0.028207427
0.029453484
0.030642729
0.031781866
0.032860932
0.03393005
0.034858493
0.035774132
0.036643004
0.037475487
0.038268032
0.038924342
0.039598304
0.040234067
0.040865165
0.041306489
0.04179474
0.042291634
0.042688127
0.042988235
0.043308142
0.04372432
0.043818855
0.044024576
0.044326909
0.044352025
0.044541575
0.044675293
0.04456437
0.044135503
0.043613196
0.043027002
0.04207739
0.041108081
0.040063281
0.038673025
0.037475273
0.035783116
0.034346381
0.032427461
0.030712108
0.028548601
0.026444039
0.024062182
0.021439015
0.01872312
0.015509063
0.012042077
0.0082322911
0.0037252829
-0.0012448187
-0.0071148379
-0.013252044
-0.021858695
-0.027280619
-0.043607246
-0.030087658
0.025216175
0.081652683
0.10589821
0.088629615
0.076220524
0.070163519
0.064694412
0.059124409
0.05417555
0.049996398
0.046378375
0.043185496
0.040364097
0.037871864
0.035662717
0.033694478
0.031933973
0.030352943
0.028927959
0.027639903
0.026470374
0.025405938
0.024433729
0.023544192
0.022728316
0.021977962
0.021285667
0.020646035
0.020053692
0.019503577
0.018992061
0.018515867
0.018071928
0.017656981
0.017268444
0.016903506
0.01656056
0.016238068
0.015933769
0.015646158
0.01537343
0.015114325
0.014865794
0.014627252
0.01439198
0.014169527
0.013921497
0.013729617
0.013351089
-0.088057675
-0.086667646
-0.085823929
-0.085050344
-0.083144011
-0.082308001
-0.080001581
-0.078813192
-0.076268115
-0.074998219
-0.07209593
-0.070269849
-0.067788787
-0.06517307
-0.063149006
-0.060188731
-0.057517863
-0.055109664
-0.052410303
-0.049427599
-0.046731706
-0.044056577
-0.041477401
-0.038411905
-0.035638094
-0.032897634
-0.030182131
-0.027495225
-0.024821704
-0.02220292
-0.019460897
-0.016869942
-0.014311525
-0.011783172
-0.0093201408
-0.0069083795
-0.0045420551
-0.0022233796
4.0954448e-05
0.002243046
0.0043886529
0.0064798936
0.0085135677
0.010484541
0.012394159
0.014226926
0.016046717
0.017782006
0.019452994
0.021059464
0.022603411
0.024089313
0.025517252
0.026891232
0.028203742
0.029449306
0.030637935
0.031776476
0.032854786
0.033922008
0.034851915
0.035766635
0.036635088
0.037466208
0.038257703
0.03891608
0.039588831
0.040223416
0.040852412
0.041297641
0.041783999
0.042278484
0.04267564
0.042978258
0.043296173
0.04370699
0.043809993
0.044012147
0.044309309
0.044340819
0.044527701
0.04466045
0.044548481
0.0441208
0.043597225
0.043008971
0.042061602
0.04109049
0.040044473
0.038656508
0.037454181
0.035766925
0.034324639
0.032410954
0.030690063
0.028531819
0.026423698
0.024043952
0.021422117
0.018703335
0.01549494
0.012027679
0.0082169399
0.0037158721
-0.001253495
-0.0071209938
-0.013260525
-0.021851218
-0.027325299
-0.043551308
-0.030070813
0.025081102
0.081592491
0.10584943
0.088685712
0.076120271
0.070081796
0.064645038
0.059073944
0.054121691
0.049944217
0.046329419
0.04313883
0.040319252
0.037829101
0.035622489
0.033656675
0.03189828
0.030319011
0.028895951
0.027609794
0.02644197
0.025379138
0.024408442
0.023520322
0.022705787
0.021956655
0.021265497
0.020626944
0.020035614
0.019486396
0.018975735
0.018500311
0.018057157
0.017642899
0.017254934
0.016890658
0.016548333
0.016226204
0.015922276
0.01563516
0.015362827
0.015103912
0.014854565
0.014615388
0.014381183
0.014158742
0.013913917
0.013721007
0.0133628
-0.087878732
-0.086512248
-0.085662652
-0.084886255
-0.083001931
-0.082147797
-0.079869513
-0.078663294
-0.076145347
-0.074853949
-0.07198378
-0.07014196
-0.067675493
-0.065067021
-0.063033901
-0.060093335
-0.057423767
-0.055013741
-0.052321729
-0.049349441
-0.046654364
-0.043981699
-0.041402812
-0.038350627
-0.035577239
-0.032840824
-0.030128859
-0.027445264
-0.024774374
-0.022157714
-0.019422447
-0.016833459
-0.014278222
-0.011752525
-0.0092921703
-0.0068830971
-0.0045192879
-0.0022029243
5.9218839e-05
0.002259134
0.0044026383
0.006491945
0.0085238383
0.010493157
0.012401217
0.014232855
0.016050087
0.017784358
0.019454046
0.021059314
0.02260213
0.024086979
0.025513903
0.026886704
0.028198253
0.029443213
0.030631103
0.031768915
0.032846362
0.033911399
0.034842892
0.035756548
0.036624488
0.037454081
0.038244328
0.038904962
0.039576331
0.040209622
0.040836202
0.041285699
0.041769977
0.042261766
0.042659587
0.0429649
0.043280725
0.043685498
0.043797735
0.043996102
0.044287436
0.044325923
0.044509865
0.044641458
0.044528248
0.044101852
0.043576811
0.042986165
0.042041297
0.041068129
0.040020669
0.038635317
0.037427758
0.035746066
0.03429749
0.032389741
0.030662642
0.028510341
0.026398321
0.024020987
0.021400795
0.018678951
0.015476992
0.012009709
0.008198222
0.0037040318
-0.0012642399
-0.0071283402
-0.013270211
-0.021841975
-0.027379425
-0.043482565
-0.030053405
0.024920696
0.081518379
0.10579444
0.088745757
0.076004589
0.06998344
0.064586152
0.059014701
0.054058428
0.049883122
0.046272433
0.043084777
0.040267425
0.037779998
0.035576284
0.033613137
0.031857267
0.030280203
0.028859709
0.027575262
0.026409301
0.025348465
0.02437955
0.023493067
0.022680087
0.021932383
0.021242543
0.020605227
0.020015063
0.019466866
0.018957173
0.018482627
0.018040331
0.017626824
0.017239498
0.016875899
0.016534213
0.016212535
0.015909174
0.015622611
0.015350687
0.015092005
0.014843312
0.014604862
0.014371859
0.014149432
0.013907814
0.013713818
0.013375816
-0.087668866
-0.086330098
-0.085473984
-0.084694519
-0.082835952
-0.081961111
-0.079715509
-0.078488897
-0.076002451
-0.07468653
-0.071853374
-0.069993796
-0.067544038
-0.064944116
-0.062900758
-0.059982755
-0.057314769
-0.054902846
-0.052219329
-0.049259017
-0.046564977
-0.043895375
-0.041316924
-0.038279988
-0.035507216
-0.03277553
-0.030067743
-0.027388025
-0.024720263
-0.022106098
-0.019378601
-0.016791979
-0.014240453
-0.011717853
-0.0092606379
-0.0068547247
-0.0044938716
-0.0021802147
7.9357166e-05
0.0022766977
0.0044177163
0.0065047502
0.0085345544
0.01050193
0.01240813
0.014238412
0.01605269
0.017785736
0.019453891
0.021057728
0.022599199
0.024082795
0.025508519
0.026879939
0.028190347
0.029434565
0.030621572
0.031758493
0.032834953
0.033897485
0.034830673
0.035743107
0.036610418
0.037438307
0.038227081
0.038890152
0.039559953
0.040191827
0.040815652
0.041269766
0.041751782
0.042240566
0.042639033
0.04294721
0.043260872
0.043658886
0.043781075
0.043975495
0.044260299
0.044306314
0.044487057
0.044617278
0.044502608
0.044077598
0.043550872
0.042957467
0.042015379
0.041039887
0.039990735
0.038608354
0.037394856
0.035719457
0.034263815
0.032362765
0.030628779
0.028483157
0.026366933
0.023992363
0.021374197
0.018649194
0.015454497
0.011987617
0.0081757042
0.0036894527
-0.0012771974
-0.0071368035
-0.013281538
-0.021830024
-0.027444029
-0.04339867
-0.030035671
0.024732013
0.081427913
0.10573306
0.08880848
0.075871694
0.069865627
0.064515975
0.058945308
0.053984409
0.049811878
0.046206415
0.043022455
0.040208123
0.037724095
0.035523625
0.033563492
0.031810382
0.030236376
0.028818883
0.027536465
0.026373156
0.02531407
0.024346664
0.023461999
0.02265094
0.021904977
0.021216679
0.020580774
0.019991972
0.01944497
0.018936404
0.018462869
0.018021559
0.017608899
0.017222277
0.0168594
0.016518407
0.016197264
0.01589449
0.01560843
0.015336979
0.015078677
0.014830849
0.014593134
0.014361385
0.014139876
0.013903168
0.01370941
0.013390828
-0.087422027
-0.086115933
-0.085252739
-0.084470006
-0.082641603
-0.081743236
-0.079535509
-0.078285751
-0.075835815
-0.074492168
-0.071701584
-0.06982215
-0.067391438
-0.064801759
-0.062746951
-0.059854684
-0.057188723
-0.054774885
-0.052101107
-0.049154457
-0.04646174
-0.043795924
-0.041218115
-0.0381986
-0.03542673
-0.032700571
-0.029997726
-0.027322558
-0.024658523
-0.022047288
-0.019328701
-0.016744957
-0.014197767
-0.01167878
-0.009225253
-0.0068230642
-0.0044656944
-0.0021552121
0.00010133887
0.0022956353
0.0044337264
0.006518094
0.0085454476
0.010510541
0.012414519
0.014243176
0.016054051
0.017785621
0.019451969
0.0210541
0.022593971
0.024076078
0.025500381
0.026870185
0.028179238
0.02942255
0.030608499
0.031744336
0.032819668
0.033879342
0.034814311
0.035725351
0.036591888
0.037417886
0.03820493
0.038870598
0.039538639
0.040168961
0.040789669
0.041248713
0.041728303
0.042213755
0.042612824
0.042924001
0.043235462
0.043625985
0.043758758
0.043949157
0.044226693
0.04428072
0.044458043
0.044586633
0.044470263
0.044046737
0.043518095
0.042921524
0.041982518
0.041004427
0.039953306
0.038574304
0.037354117
0.035685801
0.034222299
0.032328776
0.03058724
0.028449088
0.026328424
0.02395701
0.021341368
0.018613188
0.015426687
0.011960832
0.0081489635
0.0036718319
-0.0012924185
-0.0071462423
-0.013294976
-0.021814301
-0.027519493
-0.043297206
-0.030017902
0.024512399
0.081318209
0.10566411
0.088873334
0.075719334
0.069725069
0.064432334
0.058864268
0.053898088
0.049729057
0.046130115
0.042950887
0.040140431
0.037660381
0.03546379
0.033507442
0.031757636
0.030186999
0.028772255
0.027493035
0.026332898
0.025275704
0.024310775
0.023428193
0.022618681
0.021874117
0.021187404
0.020553151
0.019965983
0.019420443
0.018913195
0.018440796
0.018000638
0.01758899
0.0172032
0.016841149
0.016500955
0.016180417
0.015878254
0.015592756
0.015321842
0.015064032
0.014816965
0.014579945
0.014349611
0.014129471
0.013897826
0.013704986
0.013404455
-0.087131018
-0.085863418
-0.084992692
-0.084206401
-0.082413165
-0.081488232
-0.079324263
-0.078048578
-0.075640883
-0.074266173
-0.071524344
-0.069622974
-0.067213977
-0.064636705
-0.062569253
-0.059706353
-0.057043177
-0.054627432
-0.051964835
-0.049033852
-0.046342824
-0.043681534
-0.041104552
-0.03810486
-0.03533429
-0.032614558
-0.029917572
-0.027247765
-0.024588187
-0.0219804
-0.019272034
-0.01669183
-0.014149696
-0.011634925
-0.0091857517
-0.0067879691
-0.0044347018
-0.0021279326
0.00012507429
0.0023157745
0.0044504179
0.0065316552
0.0085561296
0.010518544
0.012419873
0.014246577
0.016053541
0.017783328
0.019447554
0.021047653
0.022585619
0.024065954
0.025488574
0.026856487
0.028163934
0.02940614
0.030590825
0.031725345
0.032799386
0.033855817
0.034792614
0.035702081
0.036567664
0.037391572
0.038176598
0.038844988
0.039511069
0.040139695
0.040756907
0.041221135
0.041698164
0.04217994
0.042579533
0.042893809
0.043203069
0.043585376
0.043729227
0.043915642
0.044185156
0.044247567
0.044421305
0.044547963
0.044429633
0.044007687
0.043476884
0.042876711
0.041941109
0.040960146
0.03990676
0.038531592
0.037303946
0.035643563
0.034171421
0.032286303
0.03053661
0.028406768
0.026281534
0.023913726
0.021301246
0.018569982
0.0153928
0.011928773
0.0081175755
0.0036509841
-0.0013098241
-0.0071563385
-0.013310419
-0.021793994
-0.027604302
-0.043177038
-0.030000676
0.02425969
0.081185795
0.10558569
0.088940572
0.075544559
0.06955791
0.064332596
0.058769833
0.053797629
0.049632958
0.046042069
0.042868882
0.04006322
0.037587838
0.035395934
0.033444153
0.031698504
0.030131564
0.028719978
0.027444148
0.026286612
0.02523275
0.024271638
0.023391342
0.022583325
0.021840466
0.02115586
0.020523256
0.019937062
0.019392697
0.018886764
0.018415612
0.017976826
0.017566471
0.017181774
0.016820735
0.016481499
0.016161663
0.015860183
0.015575412
0.015305155
0.015047968
0.014801704
0.014565525
0.014336799
0.01411832
0.01389158
0.013700419
0.013417051
-0.086788598
-0.085565988
-0.084687123
-0.083896334
-0.08214364
-0.081188958
-0.079075195
-0.077770901
-0.075411695
-0.074002501
-0.071316174
-0.069391055
-0.067006752
-0.064444695
-0.06236352
-0.059534089
-0.056874808
-0.054457376
-0.051807888
-0.048895044
-0.046206127
-0.043550254
-0.040974529
-0.037997314
-0.035228446
-0.032515995
-0.029825919
-0.027162429
-0.024508167
-0.02190446
-0.019207811
-0.016631977
-0.01409574
-0.011585917
-0.0091419083
-0.0067493293
-0.0044008747
-0.0020984502
0.00015039016
0.0023368403
0.0044674254
0.0065449871
0.0085660753
0.010525338
0.012423508
0.014247855
0.016050337
0.017777969
0.019439707
0.021037388
0.022573086
0.024051315
0.025471947
0.026837653
0.028143194
0.029384045
0.030567219
0.031700144
0.032772702
0.033825476
0.034764093
0.0356718
0.036536208
0.037357817
0.038140503
0.038811688
0.039475613
0.040102382
0.040715715
0.041185294
0.041659666
0.042137408
0.042537409
0.042854825
0.043161928
0.043535338
0.043690562
0.043873169
0.044133914
0.044204922
0.044374995
0.044499369
0.044378805
0.043958534
0.04342532
0.042821081
0.041889225
0.040905139
0.039849177
0.038478352
0.03724248
0.035590934
0.034109423
0.032233637
0.030475283
0.028354633
0.026224854
0.023861171
0.02125266
0.018518595
0.01535201
0.011890857
0.008081199
0.0036269307
-0.0013291789
-0.0071664645
-0.013327555
-0.021768401
-0.027695704
-0.043037752
-0.029984863
0.023972464
0.081026922
0.10549402
0.089010973
0.075344191
0.069359628
0.064213454
0.058659864
0.053680883
0.049521561
0.045940558
0.042774891
0.039975128
0.037505465
0.035319076
0.03337265
0.031631835
0.030069107
0.028661577
0.027389218
0.026234888
0.025184868
0.024226736
0.02334911
0.022543856
0.021803743
0.021121588
0.020490694
0.019905543
0.01936271
0.018858512
0.018388863
0.017950896
0.017541128
0.017157223
0.016797173
0.016458983
0.016139928
0.015839297
0.015555526
0.015286183
0.015029914
0.01478468
0.014549512
0.014322648
0.014106261
0.013884475
0.013695823
0.013430111
-0.086384082
-0.085212811
-0.08432627
-0.083530824
-0.081825803
-0.080838795
-0.078781521
-0.077445542
-0.075140742
-0.073693674
-0.07107
-0.069119868
-0.066763417
-0.064220057
-0.062124099
-0.059332564
-0.056678933
-0.054260468
-0.051626534
-0.048734727
-0.046048737
-0.04339973
-0.040826161
-0.037874266
-0.0351077
-0.032403601
-0.029721757
-0.027065583
-0.024417433
-0.021818433
-0.019135144
-0.016564716
-0.014035356
-0.011531347
-0.0090934676
-0.0067070237
-0.0043642426
-0.0020669317
0.00017700859
0.0023584455
0.0044842535
0.0065574859
0.0085745825
0.010530136
0.012424547
0.014246041
0.016043391
0.017768408
0.019427229
0.021022033
0.022555031
0.024030763
0.025449048
0.026812176
0.028115459
0.029354663
0.030536035
0.031667034
0.032737875
0.03378655
0.034726897
0.035632656
0.036495618
0.037314706
0.038094699
0.038768679
0.039430262
0.040054991
0.040664068
0.041139046
0.041610719
0.042084065
0.042484306
0.04280484
0.043109874
0.043473783
0.043640419
0.043819551
0.044070831
0.044150434
0.044316867
0.044438553
0.04431547
0.043896967
0.043361101
0.042752317
0.041824571
0.040837149
0.039778299
0.038412386
0.037167565
0.035525797
0.034034304
0.032168805
0.030401455
0.028290912
0.026156826
0.02379788
0.021194343
0.018458016
0.015303431
0.011846559
0.008039671
0.0035998282
-0.0013499914
-0.0071756569
-0.013345536
-0.021737791
-0.027790267
-0.042878342
-0.029971635
0.023651182
0.080836922
0.10538432
0.089082675
0.075116499
0.069125246
0.064070799
0.058531734
0.05354523
0.049392343
0.045823419
0.042667093
0.039874558
0.037411756
0.035231989
0.033291701
0.031556374
0.029998806
0.028595941
0.027327665
0.026177419
0.025130986
0.024175916
0.023301782
0.022499778
0.021762232
0.021082246
0.020453551
0.019870865
0.01933056
0.018828292
0.018360176
0.017922942
0.017513927
0.017131096
0.016772395
0.016435071
0.016116687
0.015816872
0.015533534
0.015264564
0.015009099
0.014764957
0.014530699
0.014305756
0.014091815
0.013875107
0.01368937
0.013443077
-0.085916698
-0.084798293
-0.083902179
-0.083099176
-0.081447487
-0.08042608
-0.078432126
-0.077063146
-0.074820163
-0.073333641
-0.070779588
-0.068803168
-0.066476685
-0.063955531
-0.061843715
-0.059094775
-0.056449423
-0.054030882
-0.05141524
-0.048547859
-0.045866243
-0.043226081
-0.040655969
-0.037732798
-0.034970006
-0.032275889
-0.029603893
-0.026956189
-0.024315159
-0.021721778
-0.019053619
-0.016489681
-0.013968069
-0.01147079
-0.0090401696
-0.0066609701
-0.0043249069
-0.0020336179
0.00020457041
0.0023800764
0.004500227
0.00656834
0.0085807346
0.010531941
0.01242188
0.014239897
0.016031379
0.017753212
0.019408622
0.021000001
0.022529777
0.024002539
0.025418048
0.02677817
0.028078788
0.029315995
0.030495222
0.031623903
0.032692748
0.033736867
0.034678763
0.035582384
0.036443569
0.037259885
0.038036802
0.038713476
0.03937255
0.039995033
0.040599496
0.041079771
0.041548763
0.042017357
0.042417613
0.042741161
0.043044258
0.043398188
0.043575961
0.043752117
0.043993329
0.044081259
0.044244202
0.044362748
0.044236864
0.043820222
0.043281482
0.042667677
0.041744426
0.040753529
0.039691493
0.038331125
0.037076728
0.035445707
0.033943795
0.032089559
0.030313121
0.028213626
0.026075754
0.023722272
0.021124951
0.018387236
0.015246221
0.011795465
0.0079930204
0.0035700172
-0.0013713715
-0.0071825831
-0.01336175
-0.021703663
-0.027882601
-0.042698042
-0.029963155
0.023298794
0.080610275
0.10525196
0.089147504
0.074862533
0.068850086
0.063899595
0.058382073
0.053387569
0.049242194
0.045687993
0.042543227
0.03975946
0.037304831
0.035133066
0.033200038
0.031471176
0.02991965
0.028522191
0.0272589
0.026113184
0.025070756
0.024119531
0.02324911
0.022450338
0.021715571
0.021038194
0.020412064
0.019832145
0.019294151
0.018793625
0.018327186
0.017891618
0.017484441
0.017103389
0.016745974
0.016409141
0.016091855
0.015792974
0.015509954
0.015241229
0.01498657
0.014743812
0.01451148
0.014288813
0.014076988
0.013865981
0.013683348
0.013455449
-0.085386668
-0.084321143
-0.083416523
-0.082603938
-0.081007416
-0.079946672
-0.078017455
-0.076613074
-0.074437494
-0.072910585
-0.070433156
-0.068431698
-0.06613812
-0.063644937
-0.06151743
-0.058815376
-0.056180747
-0.053762262
-0.051166969
-0.048327661
-0.045652296
-0.043023354
-0.040458629
-0.037568298
-0.034811562
-0.032129354
-0.029469383
-0.026832164
-0.024200126
-0.021613822
-0.018962769
-0.016406703
-0.013894016
-0.0114046
-0.0089824047
-0.0066114744
-0.0042831552
-0.0019988889
0.00023255984
0.0024010203
0.0045144442
0.0065765071
0.0085833706
0.010529481
0.012414074
0.014227835
0.016012629
0.017730604
0.019382039
0.020969324
0.022495238
0.023964463
0.025376692
0.026733316
0.028030775
0.029265557
0.030442227
0.031568137
0.032634656
0.033673761
0.0346169
0.035518196
0.036377212
0.037190488
0.037963929
0.038643076
0.039299487
0.039919474
0.040518994
0.041004281
0.041470676
0.041934185
0.042334164
0.042660534
0.042961857
0.043305506
0.043493787
0.043667614
0.043898315
0.043993996
0.044153732
0.044268646
0.044139691
0.043725011
0.043183219
0.042563943
0.041645594
0.040651193
0.039585714
0.038231593
0.036967153
0.035347859
0.033835359
0.031993363
0.030208077
0.028120596
0.025979812
0.023632678
0.021043096
0.018305282
0.015179627
0.011737331
0.0079415409
0.0035382169
-0.0013919434
-0.0071851142
-0.013373955
-0.021665255
-0.027966363
-0.042496576
-0.029961412
0.022918966
0.080340646
0.10509037
0.089195243
0.074583471
0.068529204
0.063693232
0.058206328
0.053204347
0.049067494
0.045530951
0.042400432
0.039627406
0.037182661
0.035020487
0.033096086
0.031374951
0.029830444
0.028439323
0.027181866
0.02604136
0.025003672
0.024056762
0.023190291
0.022395128
0.021663679
0.020989263
0.020365932
0.019788748
0.019253044
0.018754758
0.018290437
0.017856705
0.01745111
0.017071363
0.016714705
0.016378977
0.01606334
0.015765526
0.015483638
0.015216296
0.014962755
0.014721494
0.014491955
0.014271497
0.014061548
0.013856258
0.013676419
0.013463362
-0.084796467
-0.083784322
-0.082871909
-0.082045212
-0.080502178
-0.079399514
-0.077536376
-0.076098635
-0.073991819
-0.072421196
-0.070020753
-0.067994678
-0.065735526
-0.063276758
-0.06113451
-0.058484364
-0.05586522
-0.053448215
-0.05087688
-0.048070679
-0.045403426
-0.04278722
-0.040229168
-0.037374888
-0.034626367
-0.031958139
-0.029313244
-0.026689496
-0.02406897
-0.021491713
-0.018860475
-0.016314842
-0.013813071
-0.011332884
-0.0089205889
-0.0065592621
-0.0042401675
-0.0019641098
0.00025968905
0.0024200881
0.0045256364
0.0065805963
0.0085809573
0.010521064
0.012399252
0.014207818
0.015985022
0.017698341
0.019345118
0.020927511
0.02244881
0.02391384
0.025322209
0.026674748
0.027968458
0.029200305
0.030373921
0.031496533
0.032560314
0.033593932
0.034537863
0.035436654
0.036293062
0.037103011
0.037872559
0.038553817
0.039207437
0.039824655
0.040418961
0.040908777
0.041372703
0.04183082
0.042230142
0.042559041
0.042858772
0.043192058
0.043389853
0.043562109
0.043782081
0.043884611
0.044041541
0.044152313
0.044020051
0.043607449
0.043062499
0.042437362
0.04152435
0.040526571
0.039457469
0.038110374
0.036835666
0.035229071
0.033706178
0.031877393
0.030083927
0.028009455
0.025867068
0.023527371
0.02094738
0.018211271
0.015103041
0.011672153
0.0078858979
0.0035056389
-0.0014096599
-0.0071805821
-0.013379662
-0.021615001
-0.028038148
-0.042273959
-0.029964434
0.022511986
0.080020741
0.10489167
0.089215923
0.074277446
0.068156611
0.063443949
0.057999005
0.052990918
0.048863931
0.045348542
0.04223549
0.039475556
0.037042743
0.034891951
0.032977844
0.031265915
0.029729612
0.028345938
0.027095216
0.025960762
0.024928557
0.0239866
0.023124612
0.022333566
0.021605871
0.02093487
0.020314696
0.019740309
0.019207143
0.018711203
0.018249008
0.017817295
0.017413574
0.017035344
0.016680138
0.016346234
0.016031986
0.015735104
0.015454309
0.015188465
0.014936121
0.014696151
0.014468233
0.014249651
0.01404234
0.01384165
0.013665298
0.013462734
-0.084141343
-0.083182142
-0.082264567
-0.081422591
-0.079933296
-0.078790893
-0.07699241
-0.075521994
-0.073478819
-0.071862318
-0.069538448
-0.067493684
-0.065268986
-0.062847401
-0.060687126
-0.058089427
-0.055490885
-0.053077695
-0.05053497
-0.047767891
-0.045112607
-0.042512088
-0.039963426
-0.037149522
-0.034412832
-0.031760718
-0.029133327
-0.026525151
-0.023917686
-0.021351013
-0.018742501
-0.016210722
-0.013722272
-0.011253306
-0.0088537661
-0.006504501
-0.0041968611
-0.0019304715
0.00028457185
0.0024353668
0.0045314572
0.0065782202
0.0085712105
0.010504367
0.012374941
0.014177165
0.015945765
0.017653476
0.019294789
0.020871371
0.022387175
0.023847251
0.025251078
0.026598844
0.027888148
0.029116452
0.030286439
0.03140514
0.03246567
0.033493323
0.034437443
0.03533353
0.036186833
0.036993116
0.037758342
0.038441209
0.039091945
0.03970612
0.040295004
0.040788665
0.041250287
0.041702774
0.042101002
0.042432042
0.042730361
0.043053439
0.04325939
0.043430862
0.043640169
0.043748341
0.043902956
0.044009094
0.043873349
0.043462979
0.04291487
0.042283587
0.041376382
0.040375567
0.039302785
0.037963576
0.036678716
0.035085774
0.033553152
0.031738542
0.029938087
0.027877676
0.025735501
0.023404609
0.020836441
0.018104464
0.015016083
0.011600259
0.0078272479
0.0034741128
-0.0014215173
-0.0071655722
-0.01337285
-0.021544261
-0.02809419
-0.042036373
-0.029957845
0.022083219
0.079639699
0.10464261
0.089197029
0.073939474
0.067725764
0.063142786
0.057753235
0.052741452
0.048626097
0.045136055
0.042044345
0.039300329
0.036881828
0.034744613
0.032842802
0.031141763
0.029615132
0.028240187
0.026997315
0.025869913
0.024844044
0.023907794
0.023050951
0.022264596
0.021541171
0.020874044
0.020257404
0.0196862
0.019155958
0.018662695
0.018202939
0.017773537
0.01737187
0.016995502
0.016642065
0.016309674
0.015996716
0.015701119
0.015421687
0.015157236
0.01490648
0.014668166
0.014441643
0.014225466
0.014021162
0.013824317
0.013651003
0.013455121
-0.083414972
-0.082507349
-0.08158843
-0.080731021
-0.079295559
-0.078117587
-0.076381263
-0.074882133
-0.072899489
-0.071241741
-0.068992346
-0.066932613
-0.064737139
-0.062350392
-0.060171122
-0.057628762
-0.055057085
-0.052649282
-0.050134768
-0.047407089
-0.044767272
-0.042185691
-0.039650893
-0.036883665
-0.034165082
-0.031532721
-0.028926867
-0.026337852
-0.023745797
-0.021191896
-0.018609383
-0.016094863
-0.013621359
-0.011164775
-0.0087811646
-0.0064463462
-0.0041519369
-0.001897002
0.00030714257
0.0024456417
0.0045301993
0.006567211
0.0085513687
0.010476273
0.012337788
0.014132278
0.015891135
0.017592111
0.019227041
0.02079673
0.022305995
0.023760238
0.025158728
0.026500948
0.027785108
0.029009172
0.030174882
0.031288966
0.032345647
0.033366874
0.034310413
0.035203579
0.036053241
0.03685545
0.037615925
0.038299739
0.038947496
0.039558347
0.040141669
0.040638325
0.041097828
0.041544566
0.041941219
0.04227393
0.042571008
0.0428843
0.04309679
0.043268237
0.043467284
0.043579642
0.043732411
0.043833474
0.043694171
0.043286252
0.042735141
0.042097592
0.041196722
0.040193492
0.039117162
0.037786794
0.036492339
0.03491399
0.033372878
0.031573427
0.02976779
0.027722593
0.025583024
0.023262672
0.020709004
0.017984323
0.014918687
0.011522408
0.0077673823
0.0034462148
-0.0014234982
-0.0071343514
-0.013346226
-0.021448133
-0.028125018
-0.041782285
-0.029930868
0.021630806
0.079188833
0.10432889
0.089126654
0.073559416
0.067228027
0.062778077
0.057459464
0.052448814
0.048347206
0.044887134
0.041821539
0.039097041
0.036695801
0.034574864
0.032687746
0.030999642
0.029484459
0.02811978
0.026886105
0.025766935
0.024748435
0.023818808
0.022967926
0.022186979
0.021468459
0.02080577
0.020193162
0.019625614
0.019098699
0.018608473
0.018151489
0.017724655
0.017325308
0.016951046
0.016599609
0.01626903
0.015957661
0.015663729
0.01538593
0.015123017
0.014873817
0.014637114
0.014412339
0.014198459
0.013996562
0.013802644
0.013629834
0.013439521
-0.082610689
-0.081752662
-0.080836683
-0.07996411
-0.078581734
-0.077373584
-0.075696387
-0.07417491
-0.072250169
-0.070558336
-0.068379165
-0.066311011
-0.06414194
-0.061790965
-0.059597627
-0.057108157
-0.054564544
-0.052159568
-0.049668137
-0.04698382
-0.044366575
-0.041806568
-0.039288916
-0.036567235
-0.033870883
-0.031260731
-0.02868131
-0.026117303
-0.023546279
-0.02101066
-0.018459577
-0.015967719
-0.013512938
-0.011069024
-0.0087037017
-0.0063875386
-0.0041086862
-0.0018674399
0.0003234846
0.0024476845
0.0045191444
0.0065443383
0.0085174509
0.01043256
0.012283239
0.01406831
0.015816183
0.017509184
0.019136665
0.020698145
0.022199602
0.02364697
0.025039228
0.026375026
0.027653191
0.02887224
0.030032916
0.031141589
0.03219374
0.033208098
0.034150169
0.035040197
0.035885664
0.036683323
0.037438627
0.03812257
0.038767257
0.039374515
0.039952211
0.040450857
0.040908382
0.041349374
0.041743938
0.042077792
0.042373799
0.042678021
0.04289533
0.043067394
0.043256952
0.043371914
0.043523279
0.043618966
0.043476126
0.043070971
0.042517236
0.04187355
0.040979635
0.039974977
0.038895501
0.037575045
0.036272111
0.034709305
0.033161619
0.031378379
0.029570067
0.027541422
0.025407492
0.023099904
0.020563928
0.017850573
0.014811203
0.01143991
0.007708856
0.0034258859
-0.0014137397
-0.0070778622
-0.01328625
-0.021320011
-0.028118508
-0.041506769
-0.029882561
0.02115682
0.078661192
0.10393895
0.08898573
0.073119611
0.066651641
0.062336021
0.057105578
0.052103672
0.048018795
0.044594039
0.041560411
0.038859944
0.036479583
0.034378189
0.03250867
0.030835998
0.029334413
0.027981857
0.026758999
0.025649472
0.024639578
0.023717666
0.022873717
0.022099035
0.021386185
0.020728624
0.020120665
0.01955733
0.019034235
0.018547492
0.018093684
0.017669769
0.01727308
0.01690124
0.016552061
0.01622358
0.015914146
0.015622134
0.015346147
0.015084961
0.014837485
0.014602576
0.014379709
0.014167996
0.013968111
0.013776402
0.013604135
0.013416853
-0.081721166
-0.080910222
-0.0800017
-0.079114993
-0.077784164
-0.076552446
-0.074930785
-0.073394229
-0.071524112
-0.069806392
-0.067692664
-0.065624537
-0.063480922
-0.061168243
-0.058966558
-0.056527125
-0.054015377
-0.051614377
-0.04914686
-0.046509157
-0.043915272
-0.041375219
-0.038869543
-0.036192192
-0.033528306
-0.030943333
-0.028395254
-0.025857969
-0.023309924
-0.020796186
-0.018279985
-0.015817002
-0.013385362
-0.010970436
-0.0086170829
-0.0063270084
-0.0040694926
-0.0018448563
0.00032949286
0.0024362291
0.0044931688
0.0065055378
0.0084656513
0.010368262
0.01220526
0.013978508
0.015713825
0.017397623
0.019016679
0.020568565
0.022060782
0.023500094
0.024885106
0.026213448
0.027484607
0.028697738
0.029852452
0.030954829
0.032001645
0.033008672
0.033948303
0.034834939
0.035675665
0.036468256
0.037218006
0.037901184
0.038542732
0.039146148
0.039718233
0.040217776
0.040673393
0.041108752
0.041500722
0.041835156
0.042130216
0.042426334
0.042646773
0.042819889
0.043001086
0.043117123
0.043267512
0.043357762
0.043211678
0.042809794
0.042254046
0.04160465
0.040718461
0.039713819
0.038631988
0.037322677
0.036013058
0.034466818
0.032915241
0.031149432
0.029341714
0.027331266
0.0252067
0.022914734
0.020400254
0.017703249
0.014694498
0.011354759
0.0076551504
0.0034183838
-0.0013854241
-0.006987597
-0.013180132
-0.02114744
-0.028058283
-0.041201507
-0.029808587
0.0206662
0.078048713
0.10345656
0.088744742
0.072598633
0.0659828
0.061800543
0.056676187
0.051693948
0.047630424
0.044247242
0.041252623
0.038581817
0.036226805
0.034148924
0.032300541
0.030646343
0.029160966
0.02782279
0.026612711
0.025514536
0.024514744
0.023601863
0.022766015
0.021998632
0.021292378
0.020640781
0.020038221
0.019479779
0.018961127
0.018478432
0.018028315
0.017607777
0.017214174
0.016845152
0.016498581
0.016172527
0.015865348
0.015575489
0.015301566
0.015042367
0.01479687
0.014564015
0.014343186
0.014133545
0.013935495
0.013745661
0.013573802
0.013388184
-0.080738776
-0.079971973
-0.079075507
-0.07817657
-0.076895045
-0.075647222
-0.074077213
-0.072533261
-0.070714415
-0.068979757
-0.066926721
-0.064867382
-0.062748811
-0.0604767
-0.058273141
-0.055881662
-0.053406652
-0.051014159
-0.048572152
-0.045982557
-0.043415394
-0.040896294
-0.038404368
-0.035775721
-0.033146542
-0.030586388
-0.028065393
-0.025551188
-0.023032995
-0.020546671
-0.018069239
-0.015640503
-0.013232355
-0.010851169
-0.0085123891
-0.0062542759
-0.0040299224
-0.0018236839
0.00032933204
0.0024060184
0.0044365224
0.0064324223
0.0083828839
0.010272874
0.012094464
0.013853766
0.015574331
0.017246905
0.018856193
0.020396934
0.021878542
0.023308761
0.024685743
0.026005797
0.027269133
0.028475593
0.029623418
0.030718592
0.031759171
0.032758352
0.033694491
0.034577389
0.035412801
0.036199676
0.036943444
0.037624899
0.0382632
0.038862593
0.039429212
0.039928616
0.040382331
0.040812284
0.041201245
0.041535688
0.041829902
0.042119075
0.042341151
0.042515542
0.042689757
0.042805567
0.042955282
0.043040278
0.042891779
0.042493992
0.041937256
0.041283048
0.040405568
0.039402861
0.038319946
0.037023232
0.035709525
0.034181067
0.032629126
0.030882286
0.029079245
0.027089116
0.024978382
0.022705702
0.020217259
0.017542761
0.014570076
0.011269787
0.007611097
0.0034281905
-0.0013209527
-0.0068553361
-0.013018135
-0.020911085
-0.027922167
-0.040851987
-0.029701318
0.020163169
0.077341139
0.10285287
0.088369873
0.071970487
0.065203303
0.061151957
0.056151679
0.05120388
0.047168908
0.043834809
0.04088763
0.038253561
0.035929532
0.033880062
0.032057164
0.030425186
0.028959221
0.027638179
0.026443268
0.025358516
0.024370631
0.023468361
0.022642008
0.021883157
0.021184596
0.020539942
0.019943659
0.019390903
0.018877412
0.018399411
0.017953571
0.017536938
0.017146903
0.016781141
0.016437574
0.016114304
0.015809718
0.015522299
0.015250705
0.014993716
0.014750365
0.014519602
0.014300788
0.014093103
0.013896739
0.013708594
0.013537189
0.013352915
-0.079655471
-0.078929601
-0.078049675
-0.077141353
-0.075906324
-0.074650447
-0.073128242
-0.071584823
-0.06981415
-0.068071978
-0.066075156
-0.064033126
-0.061940179
-0.059710512
-0.057512524
-0.055167395
-0.052733695
-0.050355361
-0.047940638
-0.04540044
-0.04286491
-0.040369859
-0.037896061
-0.035316919
-0.032725873
-0.030193628
-0.027700214
-0.025215217
-0.022730825
-0.020273414
-0.017832479
-0.015430736
-0.013050253
-0.010698427
-0.0083946183
-0.0061729145
-0.0039848062
-0.0017908069
0.00035042247
0.0023999288
0.0043858126
0.0063479338
0.0082826556
0.010152499
0.011949945
0.01369085
0.01539438
0.017052241
0.018648256
0.02017389
0.021641809
0.02306054
0.024427583
0.025737617
0.026991897
0.028190833
0.029330811
0.03041807
0.031451758
0.032442888
0.033374935
0.034254126
0.035083968
0.035864613
0.036602104
0.037280972
0.0379159
0.03851118
0.039072525
0.039570777
0.040022392
0.040447225
0.04083287
0.041166797
0.041460272
0.041743791
0.041966376
0.042142109
0.042310887
0.042425608
0.042574816
0.042655014
0.042505513
0.042113092
0.041557021
0.040899518
0.040032161
0.039033951
0.037951898
0.036669485
0.035355106
0.033845949
0.03229805
0.030572241
0.028778825
0.026811829
0.024720203
0.022471474
0.020014515
0.017369966
0.01444019
0.011188853
0.0075834121
0.0034611011
-0.0012079401
-0.0066646278
-0.012778594
-0.020585862
-0.027682197
-0.040435214
-0.029548336
0.019650867
0.07652381
0.10209056
0.087818308
0.071198193
0.064286784
0.060365601
0.055507595
0.050613287
0.046617768
0.043342023
0.040452207
0.037863563
0.035577512
0.033562439
0.03177032
0.030165159
0.028722555
0.027422059
0.026245278
0.025176535
0.024202823
0.023313164
0.022498085
0.021749354
0.021059908
0.020423483
0.019834639
0.019288626
0.01878126
0.018308835
0.017868083
0.017456104
0.017070332
0.016708482
0.016368524
0.016048605
0.015747157
0.015462689
0.01519389
0.014939538
0.014698699
0.014470324
0.014253775
0.014048212
0.013853701
0.013667316
0.013496639
0.013313691
-0.078462859
-0.077774679
-0.076915477
-0.076001578
-0.074809921
-0.073554299
-0.072076459
-0.070541444
-0.068816351
-0.067076194
-0.065131696
-0.063115027
-0.061049489
-0.05886392
-0.056679623
-0.054379869
-0.051991683
-0.049633921
-0.047248948
-0.044759587
-0.042261019
-0.039794084
-0.037343603
-0.03481387
-0.032265557
-0.029765297
-0.027302238
-0.024850468
-0.02240232
-0.019978065
-0.017574187
-0.015204437
-0.012859201
-0.01054391
-0.0082762869
-0.0060790626
-0.0039151327
-0.001751001
0.0003641914
0.0023874083
0.0043326966
0.0062608121
0.0081790046
0.010031617
0.011792278
0.013497341
0.015179353
0.016818037
0.018395696
0.019898583
0.021346537
0.022750226
0.024104023
0.025400528
0.026642772
0.027831772
0.028961212
0.030038412
0.031063187
0.03204484
0.032971531
0.033846644
0.034670422
0.035444213
0.036175263
0.036851068
0.037482927
0.038074662
0.038631587
0.039128331
0.039577907
0.039998255
0.040380682
0.04071387
0.041006827
0.041286093
0.041508547
0.041685599
0.041850483
0.041963626
0.042112317
0.04218853
0.042040037
0.041654815
0.04110163
0.040443163
0.039588016
0.038597643
0.037519316
0.036253301
0.03494267
0.033454881
0.031916341
0.030214307
0.028436283
0.026496106
0.02442973
0.022210821
0.01979192
0.01718623
0.014307982
0.011116858
0.0075803997
0.0035343138
-0.0010384158
-0.0063949229
-0.012433502
-0.020138705
-0.027300168
-0.039915061
-0.029327251
0.019133222
0.075574009
0.10111828
0.087034169
0.070232203
0.063196366
0.059409406
0.054712458
0.049895556
0.045955937
0.042751121
0.039931006
0.037398839
0.035159744
0.033186526
0.031431622
0.029858804
0.028444251
0.02716828
0.026013028
0.024963206
0.024006179
0.023131313
0.02232942
0.021592494
0.020913659
0.020286789
0.019706564
0.019168342
0.018668033
0.018202012
0.017767077
0.017360394
0.01697945
0.016622008
0.01628608
0.015969882
0.015671877
0.01539061
0.015124778
0.014873196
0.014634915
0.014408918
0.01419454
0.013990971
0.013798215
0.013613442
0.013443827
0.013262895
-0.077152397
-0.076498841
-0.07566407
-0.074749277
-0.073597874
-0.072350685
-0.070914519
-0.069395446
-0.067714115
-0.065985297
-0.064090224
-0.062106294
-0.06007114
-0.057931239
-0.055768994
-0.053514556
-0.05117566
-0.0488456
-0.046493746
-0.04405685
-0.041600713
-0.039166778
-0.036745119
-0.03426551
-0.031764722
-0.029301225
-0.026872574
-0.024457584
-0.022048767
-0.019661767
-0.017296843
-0.014963227
-0.012657
-0.01038215
-0.0081521844
-0.0059835959
-0.0038531246
-0.0017367848
0.00033337674
0.0023253954
0.0042548979
0.0061604081
0.008050461
0.0098742299
0.0115936
0.013261948
0.014923371
0.016543783
0.01810346
0.019582645
0.021000044
0.022383281
0.023718208
0.024994617
0.026218813
0.02739271
0.028506023
0.029569294
0.030582149
0.031551921
0.032471586
0.033341544
0.034157651
0.034922766
0.035645994
0.036317072
0.036944736
0.037532437
0.038085088
0.038579704
0.039026821
0.039443133
0.039822728
0.040155478
0.040448748
0.040725869
0.040948848
0.041127956
0.041291024
0.041403187
0.041551501
0.041625129
0.041480762
0.041105328
0.040557724
0.03990155
0.039061287
0.038083025
0.03701231
0.035765397
0.034464105
0.033000544
0.031477675
0.029803138
0.028047256
0.02613876
0.024104744
0.021922891
0.019549931
0.016993636
0.014177515
0.011060996
0.0076037187
0.0036689092
-0.00079145853
-0.0060189893
-0.01194696
-0.019524031
-0.026721855
-0.039237079
-0.029003301
0.018619492
0.07445906
0.099855787
0.085936477
0.069011342
0.061886951
0.058244972
0.053728096
0.049016136
0.045153732
0.042035208
0.039299164
0.036837057
0.034656527
0.032734944
0.031025784
0.029492807
0.028112829
0.026867036
0.025738229
0.024711625
0.02377506
0.022918336
0.022132619
0.021410188
0.020744396
0.020129291
0.019559708
0.019031144
0.018539622
0.018081615
0.017654001
0.017254023
0.016879228
0.016527436
0.016196692
0.015885394
0.015592024
0.015315083
0.015053253
0.014805388
0.014570536
0.014347671
0.014136075
0.013935086
0.01374465
0.013561996
0.013393685
0.013213909
-0.075715495
-0.075093877
-0.074286663
-0.073376376
-0.072262471
-0.071031418
-0.069635262
-0.068139137
-0.066500743
-0.064792138
-0.06294486
-0.061000225
-0.058999536
-0.056907037
-0.05477517
-0.052567149
-0.050280985
-0.047986153
-0.045671662
-0.043289029
-0.040880777
-0.038485444
-0.036098649
-0.033670832
-0.031222203
-0.028800987
-0.026411404
-0.024037228
-0.021671686
-0.019326317
-0.017003962
-0.014711108
-0.012447098
-0.010215002
-0.0080249649
-0.0058893115
-0.0037948396
-0.0017235083
0.00030555387
0.0022665611
0.0041678451
0.006035314
0.0078774758
0.009658878
0.011359045
0.013013324
0.014643819
0.01623086
0.017752458
0.01919416
0.020581475
0.021946421
0.023264092
0.024519802
0.025726357
0.026882646
0.027974861
0.029017515
0.030010814
0.030961384
0.03186885
0.032729133
0.033532251
0.034284027
0.034996974
0.035662023
0.036284917
0.036868538
0.037417215
0.037909357
0.038353136
0.038765157
0.039141519
0.03947306
0.039766019
0.040041556
0.040265291
0.040446609
0.040609121
0.040721141
0.040870546
0.04094334
0.040808971
0.040447825
0.039909775
0.039260493
0.038438747
0.037478019
0.036419736
0.035195522
0.033910073
0.032474631
0.030974794
0.029332748
0.027606873
0.025736293
0.023742951
0.021606974
0.019289528
0.016795099
0.014054353
0.011030362
0.0076658931
0.0038758839
-0.00043991928
-0.0055002849
-0.011270261
-0.018677303
-0.025868407
-0.038316678
-0.028524634
0.018123592
0.073130634
0.098186834
0.084401026
0.067441923
0.060294422
0.056820766
0.052512239
0.047945629
0.044192834
0.041181343
0.038545836
0.036168771
0.034059331
0.032199321
0.030544052
0.029057809
0.027718207
0.026507417
0.025409073
0.02440907
0.023495857
0.022659775
0.021892427
0.02118643
0.020535384
0.019933507
0.019375807
0.018857953
0.018376101
0.017926837
0.017507136
0.017114339
0.016746057
0.016400164
0.016074451
0.015767831
0.015478957
0.015206246
0.014948312
0.014704014
0.014472399
0.014252501
0.014043577
0.013844963
0.013656563
0.013476215
0.013310279
0.01313554
-0.074143775
-0.073551952
-0.072774808
-0.071874895
-0.070796445
-0.069588481
-0.06823185
-0.066765063
-0.065169871
-0.063489722
-0.061690031
-0.059790433
-0.057829221
-0.055786295
-0.053692858
-0.051533603
-0.049303449
-0.047051478
-0.044779497
-0.042453324
-0.040098349
-0.037747818
-0.035402366
-0.033028784
-0.030636719
-0.028263734
-0.02591852
-0.023589922
-0.021272135
-0.018973371
-0.01669793
-0.014450647
-0.012232716
-0.010046935
-0.0079010629
-0.0058040868
-0.003749218
-0.0017236072
0.00026162633
0.0021869879
0.0040546672
0.0058825403
0.0076783786
0.0094203573
0.011092592
0.012713335
0.014300312
0.015848228
0.017339372
0.018761707
0.020132027
0.021466829
0.022752314
0.023969189
0.025133182
0.026258271
0.027335316
0.02836311
0.029338229
0.030269631
0.031168236
0.032021258
0.032808323
0.033539951
0.034234533
0.034886176
0.035498309
0.036073187
0.036613589
0.037098463
0.037534151
0.037939897
0.038313104
0.038644378
0.038938168
0.039213578
0.039440452
0.039625709
0.039789436
0.03990513
0.04005126
0.040120716
0.040003018
0.03966124
0.039137478
0.038501299
0.037703825
0.03676783
0.035728451
0.034532024
0.033270105
0.031868369
0.030400053
0.028797156
0.027110085
0.025285059
0.023341996
0.021262322
0.019011922
0.016593844
0.013944611
0.011035118
0.0077958411
0.0041686335
4.059791e-05
-0.0047980899
-0.010342095
-0.017509743
-0.024623076
-0.037021053
-0.027787438
0.017648719
0.071474462
0.095954799
0.082275272
0.065417042
0.058334369
0.055035636
0.050954672
0.046583591
0.042988918
0.040118567
0.03761107
0.035344713
0.033329172
0.031549902
0.029964808
0.028539454
0.02725251
0.026087252
0.025028358
0.024062664
0.023179495
0.022369937
0.021626205
0.020941432
0.020309584
0.019725084
0.019183145
0.018679635
0.018210861
0.017773536
0.017364756
0.016981992
0.016623035
0.01628586
0.015968537
0.015669571
0.01538759
0.015121219
0.014869193
0.014630398
0.014403889
0.014188756
0.013984156
0.013789068
0.013603102
0.01342367
0.013256725
0.013078802
-0.072429328
-0.071865798
-0.071120675
-0.070237172
-0.069193124
-0.06801431
-0.066697913
-0.065266244
-0.06371561
-0.062071465
-0.060320583
-0.058471093
-0.056555036
-0.054564514
-0.052517124
-0.050410189
-0.048239393
-0.046037802
-0.043814315
-0.041547424
-0.039251031
-0.036951947
-0.034654673
-0.032338619
-0.030007452
-0.027688908
-0.025393938
-0.023116135
-0.020850934
-0.018604065
-0.016380342
-0.014183788
-0.012016566
-0.0098814884
-0.0077844164
-0.0057318705
-0.0037210736
-0.0017440135
0.00019319629
0.0020769615
0.0039064944
0.005693332
0.0074434343
0.0091443313
0.010783153
0.012368775
0.013915474
0.015421571
0.016872861
0.018261035
0.019596003
0.020889981
0.022140368
0.023336574
0.024485051
0.025589319
0.026643423
0.027644944
0.028583675
0.029472724
0.030335324
0.031160872
0.031931821
0.032652948
0.033334873
0.033975789
0.034580451
0.035152279
0.035690286
0.036167857
0.036589617
0.036981431
0.037344157
0.037669301
0.037959363
0.038229696
0.038456736
0.038642165
0.038802755
0.0389276
0.039072779
0.039134623
0.03904309
0.038727328
0.038222361
0.037605207
0.036838204
0.035934636
0.034921452
0.033758917
0.03252951
0.031169208
0.02974257
0.028188013
0.026550343
0.024780948
0.022899748
0.020889258
0.018719899
0.01639494
0.013857119
0.011080518
0.0080100677
0.004576386
0.00068817974
-0.0038577212
-0.0090809624
-0.01589696
-0.022810927
-0.035118377
-0.026578855
0.017204299
0.069237734
0.09279942
0.079273728
0.062834058
0.056029538
0.052944866
0.049104836
0.044970962
0.0415728
0.038864564
0.036498837
0.034356258
0.032446106
0.030756584
0.029249
0.027890978
0.026662381
0.02554755
0.02453226
0.023604418
0.022754396
0.021974109
0.021256336
0.020594671
0.019983396
0.019417246
0.018891804
0.0184032
0.017947891
0.017522709
0.017124884
0.016752105
0.016402354
0.016073646
0.015764478
0.015472673
0.015196699
0.014935498
0.014688021
0.014453204
0.014230088
0.014018333
0.013816792
0.013625152
0.013442755
0.013268352
0.013107452
0.012938463
-0.070565036
-0.070028964
-0.069317369
-0.06845618
-0.06744663
-0.066302142
-0.065027752
-0.063636477
-0.062132747
-0.060531482
-0.058831928
-0.057037179
-0.055172331
-0.053237837
-0.051243637
-0.049193612
-0.04708584
-0.044941883
-0.042773536
-0.040569526
-0.038336968
-0.036096244
-0.033854295
-0.031599945
-0.029334112
-0.027076325
-0.024837943
-0.022616582
-0.02040917
-0.018219712
-0.016052929
-0.013912496
-0.011801026
-0.009721341
-0.0076779475
-0.0056756854
-0.003714159
-0.0017890359
9.657029e-05
0.0019337024
0.003720158
0.0054623497
0.0071644487
0.0088197675
0.01041939
0.011967181
0.013472366
0.014934769
0.01634578
0.017699963
0.019002079
0.020260266
0.021474252
0.022636422
0.023747313
0.024810661
0.025826599
0.026795712
0.027714852
0.028593158
0.029439857
0.030244957
0.030997286
0.031697964
0.032350271
0.032956491
0.033524904
0.03406228
0.034573084
0.035040122
0.035460834
0.035849123
0.03620713
0.036531141
0.03682472
0.037098273
0.037336066
0.037526219
0.037678568
0.037808725
0.037934466
0.037978424
0.037913178
0.037626068
0.037144094
0.036553169
0.035825578
0.034964468
0.033985608
0.032864477
0.031676772
0.030366325
0.028991633
0.027495549
0.025918653
0.024216387
0.022409879
0.020483391
0.018411546
0.01619952
0.013797126
0.011174609
0.0083174756
0.0051271898
0.0015424473
-0.0026189034
-0.0073882122
-0.013669456
-0.020173278
-0.032217969
-0.024489439
0.016968316
0.066238506
0.088183732
0.07469669
0.059052912
0.052837827
0.050110342
0.046646459
0.042894837
0.039801312
0.037327905
0.03516262
0.033195302
0.031433014
0.029867037
0.028464602
0.027197059
0.026045858
0.024996769
0.024037388
0.023157487
0.022349275
0.021606133
0.020922375
0.020292347
0.019709566
0.019168838
0.018666409
0.018198776
0.017762502
0.017354539
0.016971996
0.016613032
0.016276312
0.015960036
0.015662359
0.01538152
0.015116153
0.014865098
0.014627164
0.014401111
0.014185862
0.013980511
0.013784033
0.013595403
0.013413805
0.013236592
0.013068299
0.012887682
-0.068544945
-0.06803612
-0.067359282
-0.06652592
-0.065552104
-0.064446374
-0.063216603
-0.061870625
-0.060416971
-0.058864879
-0.057220239
-0.055484679
-0.053677212
-0.051803168
-0.049868889
-0.047881153
-0.045840571
-0.043761181
-0.041655045
-0.039518365
-0.037354937
-0.035179588
-0.033000331
-0.030812684
-0.028616856
-0.026426141
-0.024251037
-0.022092199
-0.01994815
-0.017821841
-0.015717567
-0.01363883
-0.011588413
-0.00956911
-0.0075845405
-0.005638441
-0.0037316827
-0.0018624473
-3.2409211e-05
0.0017527263
0.0034903669
0.0051834723
0.0068347625
0.0084409315
0.0099963664
0.011501862
0.012962667
0.014379608
0.015748206
0.017064554
0.018330452
0.019550485
0.020725458
0.021851419
0.022928212
0.023958819
0.024944289
0.025884003
0.026776252
0.02762415
0.028431572
0.029196491
0.029915342
0.030589635
0.031222981
0.031819203
0.032382599
0.032914816
0.033412829
0.033865924
0.034272474
0.034639765
0.034969094
0.035261201
0.035522913
0.035763122
0.035982787
0.036173935
0.036333155
0.036482887
0.036620759
0.036664061
0.036622006
0.036360358
0.035901025
0.035336734
0.034652729
0.03384043
0.032900292
0.031829288
0.030694443
0.029446627
0.028137339
0.026714119
0.025212434
0.023592365
0.021876285
0.020050661
0.018094881
0.016017697
0.013776149
0.011347
0.008731811
0.0058405006
0.0026365013
-0.0010235994
-0.0051552797
-0.010593849
-0.016289242
-0.027667676
-0.021083066
0.016599154
0.062060681
0.082196248
0.0691213
0.054802604
0.049150552
0.046601065
0.043546751
0.040289712
0.03755561
0.035330508
0.033380337
0.031610309
0.030016918
0.028591842
0.02731078
0.026150588
0.025093203
0.024124113
0.023231967
0.022409012
0.021649967
0.020947476
0.020298259
0.019701759
0.019149474
0.018636116
0.01815884
0.017714359
0.017299267
0.016910419
0.016545016
0.016201061
0.01587715
0.015571902
0.015284018
0.015012261
0.014755674
0.014513414
0.014284459
0.014067677
0.013862164
0.013666588
0.013480672
0.013303238
0.01313448
0.012971483
0.01281885
0.012659075
-0.066364661
-0.065883393
-0.06524242
-0.064441835
-0.063505981
-0.062442913
-0.061260946
-0.059964931
-0.058565146
-0.057068063
-0.055482698
-0.05381081
-0.052066829
-0.050258337
-0.048390423
-0.046470864
-0.044502213
-0.042494031
-0.040457358
-0.038393254
-0.036304406
-0.034201412
-0.032092307
-0.02997706
-0.027856252
-0.025738879
-0.02363393
-0.021544052
-0.019469271
-0.017412027
-0.015376079
-0.013364782
-0.011380951
-0.0094273149
-0.0075069164
-0.0056227774
-0.0037763674
-0.0019674728
-0.00019726631
0.0015306632
0.0032139401
0.0048534708
0.0064507244
0.0080041308
0.0095102989
0.010968708
0.01238205
0.013751322
0.015074249
0.016348236
0.017573688
0.01875318
0.019887879
0.020976389
0.022018195
0.023014646
0.023966348
0.02487315
0.025734588
0.026552421
0.027329361
0.028066447
0.028761829
0.029415126
0.030027501
0.030600787
0.031136854
0.031636802
0.032100047
0.032524391
0.032910583
0.03326477
0.033589854
0.033886109
0.034155833
0.034401141
0.034618302
0.034800404
0.034944915
0.035053285
0.03516544
0.035215524
0.035159068
0.034907178
0.034480468
0.033953816
0.0333282
0.032577871
0.031678726
0.030660249
0.029581075
0.028404478
0.027169901
0.025830958
0.024413971
0.022889726
0.021281092
0.019576746
0.017761008
0.015845405
0.013795756
0.011601116
0.0092638638
0.0067310905
0.0039916205
0.00096196556
-0.002305083
-0.0064168378
-0.010377043
-0.01934414
-0.014425222
0.014080047
0.051193614
0.069060639
0.059515677
0.049315662
0.044917301
0.042520262
0.040039657
0.037521659
0.03529982
0.033394992
0.031704311
0.030167947
0.028771486
0.027505344
0.026355753
0.025309061
0.024350126
0.023465667
0.022642595
0.021878205
0.021175436
0.020528679
0.019930629
0.019375848
0.018858665
0.018377343
0.017929701
0.01751241
0.017123134
0.016759386
0.016418257
0.016096885
0.015793125
0.015505644
0.015233331
0.01497498
0.01473025
0.014498506
0.014278285
0.014068358
0.01386796
0.013676428
0.013492857
0.013316203
0.013145484
0.01297919
0.012815642
0.012653687
-0.064021775
-0.063568768
-0.062964779
-0.062201283
-0.061306333
-0.060289535
-0.059158876
-0.057917329
-0.056575622
-0.055139033
-0.053617783
-0.052014205
-0.050339651
-0.048602283
-0.046806994
-0.044961761
-0.043070311
-0.041139761
-0.039179763
-0.037194117
-0.035185527
-0.033161741
-0.031130206
-0.029093561
-0.027053179
-0.025015357
-0.02298747
-0.020973211
-0.01897386
-0.01699172
-0.015030072
-0.013092078
-0.011180521
-0.0092980262
-0.0074472646
-0.0056307962
-0.0038503391
-0.0021066002
-0.0004006797
0.0012650939
0.0028887487
0.00447008
0.0060095811
0.0075064464
0.0089586975
0.010365496
0.011727974
0.013046798
0.014320908
0.015548819
0.016730459
0.017867157
0.018959848
0.020008161
0.021011641
0.02197087
0.022886549
0.023759147
0.024588936
0.02537705
0.026124825
0.026833108
0.027501191
0.028128774
0.028716795
0.029266635
0.029780357
0.030259463
0.030704579
0.031114838
0.031490465
0.031833285
0.032144069
0.03242311
0.032671897
0.032891777
0.03308181
0.033242035
0.033373654
0.033478007
0.033625663
0.033709724
0.033641483
0.033379802
0.032964138
0.032435272
0.031832775
0.031138822
0.03029691
0.02934666
0.02833308
0.027244767
0.026108916
0.024880761
0.023565754
0.022151486
0.020662496
0.019092974
0.017437087
0.015705927
0.013877023
0.011948523
0.0099314667
0.007809712
0.0055988595
0.0033036353
0.0010214277
-0.0012425886
-0.0026368573
-0.0024546219
0.005578351
0.02246335
0.038563536
0.045229208
0.043875382
0.040389912
0.038037614
0.036492789
0.034959264
0.033313459
0.03172465
0.030281153
0.028966935
0.027751436
0.026624636
0.025590357
0.024648537
0.023781931
0.022967683
0.022199854
0.021465962
0.020767409
0.020123296
0.019532027
0.018982747
0.018466435
0.017987283
0.017546694
0.017136758
0.016752905
0.016393132
0.016052656
0.015728261
0.01542046
0.015129948
0.014855973
0.014597439
0.014352926
0.014125916
0.013917876
0.01372288
0.013537796
0.013363127
0.013200104
0.013049309
0.012911649
0.012787259
0.012680542
0.012582541
0.012527233
-0.061516299
-0.061092505
-0.060526693
-0.059803975
-0.058953264
-0.057986208
-0.05691048
-0.055727769
-0.054448561
-0.053077679
-0.051625595
-0.050095138
-0.048495737
-0.046835286
-0.045118762
-0.043354057
-0.041545454
-0.039698802
-0.03782249
-0.035921575
-0.033999149
-0.032061248
-0.030114517
-0.028162968
-0.026208752
-0.024256635
-0.022312593
-0.020380677
-0.018463063
-0.016562125
-0.014680795
-0.012822004
-0.010988455
-0.0091826567
-0.0074070293
-0.0056638356
-0.0039548578
-0.0022812718
-0.0006442429
0.00095456295
0.0025135508
0.0040320028
0.0055097802
0.00694634
0.0083405131
0.0096914989
0.010999584
0.012265058
0.013487465
0.014666034
0.015800575
0.016891693
0.01794
0.01894559
0.01990837
0.020828724
0.021707267
0.02254453
0.023340899
0.024097099
0.024813745
0.025491719
0.02613136
0.026732965
0.027297312
0.027825289
0.028318477
0.028777906
0.029204008
0.029596236
0.029955273
0.030282341
0.030578439
0.03084463
0.031082689
0.031293929
0.031477939
0.031635405
0.031766764
0.031869529
0.032007076
0.032085732
0.03199703
0.031748315
0.031376004
0.030904912
0.030354692
0.029687495
0.028888856
0.027993565
0.027015353
0.025975426
0.024905303
0.023777671
0.022582266
0.021310105
0.019971196
0.018561777
0.017093494
0.015575737
0.014000302
0.012373332
0.010714762
0.0090410089
0.0073988595
0.0058550566
0.0045389914
0.0036194145
0.0037061537
0.0052905923
0.0096114506
0.017379923
0.026400316
0.033522502
0.036670061
0.036390884
0.03513459
0.03403624
0.032956859
0.031722704
0.030425966
0.029182596
0.028017966
0.026918131
0.025869932
0.024892058
0.024031981
0.02328378
0.022561581
0.021835176
0.021148671
0.020516484
0.019930514
0.019380428
0.018856343
0.018341167
0.017860277
0.017438896
0.017046788
0.016684488
0.01636649
0.016068978
0.015772146
0.015480798
0.01520306
0.014940291
0.014690687
0.014452778
0.014226142
0.014010612
0.013804937
0.01360786
0.013418516
0.013236153
0.013059897
0.012888824
0.012722025
0.012558869
0.012398552
0.01223898
-0.05885112
-0.058457603
-0.057931229
-0.057252414
-0.056449352
-0.055535428
-0.054518223
-0.053398537
-0.052186262
-0.050886034
-0.049508148
-0.048055696
-0.04653693
-0.044959159
-0.043327378
-0.041649289
-0.039929338
-0.03817269
-0.036386751
-0.034576947
-0.032746712
-0.030901152
-0.029046143
-0.027186231
-0.025324111
-0.023463761
-0.021610102
-0.019767135
-0.017937552
-0.016123871
-0.014328793
-0.012555025
-0.01080515
-0.0090815546
-0.007386478
-0.0057219836
-0.0040898248
-0.0024913824
-0.00092789079
0.00059929545
0.0020888611
0.0035399074
0.0049519438
0.0063244628
0.0076566938
0.0089479619
0.01019818
0.011407364
0.01257528
0.013701548
0.014786015
0.015828956
0.016830756
0.017791668
0.018711823
0.019591519
0.020431208
0.021231392
0.02199254
0.022715322
0.023400172
0.024047966
0.024659344
0.025234763
0.025774759
0.026279869
0.026751331
0.027190089
0.027596761
0.027971376
0.028315063
0.028628961
0.028913695
0.029170012
0.029399236
0.029602266
0.029778465
0.029928808
0.030054413
0.030153616
0.030290031
0.030372898
0.030294271
0.030072013
0.0297318
0.029289139
0.028751258
0.028111192
0.027372846
0.026554566
0.025675489
0.024754546
0.023793979
0.022777212
0.021694073
0.020542215
0.019330587
0.018075785
0.016789439
0.015478941
0.014149721
0.012815889
0.01149956
0.010236707
0.0090880496
0.0081808888
0.0075833265
0.0073452016
0.0079028136
0.0096806617
0.013052012
0.018203336
0.024068879
0.028562562
0.030514614
0.030466491
0.029766415
0.029085187
0.02839058
0.027584086
0.026708162
0.025836204
0.024995902
0.024188896
0.023418633
0.022692365
0.02201015
0.021360601
0.02073338
0.020132836
0.019567281
0.019035976
0.018534173
0.018059424
0.017611401
0.017190179
0.016798303
0.016434568
0.016092156
0.015767956
0.015460866
0.015167736
0.014887225
0.014620445
0.014368433
0.014130548
0.013905593
0.013692742
0.013491472
0.013301298
0.013121606
0.012951695
0.012790942
0.012638818
0.012494834
0.012358389
0.012229054
0.012105892
0.011989812
0.011875788
-0.056032402
-0.05567023
-0.055184565
-0.054552291
-0.053800115
-0.052942593
-0.05198736
-0.050934634
-0.049793561
-0.048568634
-0.047269771
-0.045900129
-0.044467179
-0.042977613
-0.041436286
-0.039850639
-0.038225062
-0.036564291
-0.034874997
-0.033162524
-0.031430457
-0.029683402
-0.02792661
-0.026164679
-0.024400578
-0.022637887
-0.020880804
-0.019133089
-0.017397644
-0.015677095
-0.013974001
-0.012290868
-0.010630135
-0.0089940691
-0.0073847595
-0.0058041231
-0.0042538462
-0.002735368
-0.0012499544
0.00020118214
0.0016169033
0.002996281
0.0043386574
0.0056434946
0.0069101926
0.0081381895
0.0093272629
0.010477271
0.011588029
0.012659347
0.013691147
0.014683573
0.015636859
0.016551263
0.017427001
0.018264367
0.019063746
0.019825618
0.020550481
0.021238964
0.021891392
0.02250852
0.023091029
0.023639478
0.024154398
0.024636255
0.025086163
0.025505037
0.02589353
0.026251802
0.026580945
0.026881903
0.027155036
0.027400963
0.027620954
0.027815956
0.027985602
0.028131224
0.028254168
0.028353093
0.028490927
0.028584037
0.02852327
0.028325805
0.028017058
0.027610717
0.027114355
0.02653303
0.025870131
0.025134322
0.024339923
0.02349557
0.022604905
0.021666341
0.020680699
0.019652451
0.018592076
0.017511353
0.016419329
0.015325815
0.014244042
0.013193287
0.012201318
0.011308272
0.010567037
0.010044156
0.0098066115
0.0099664089
0.010717905
0.012198672
0.014429936
0.017277957
0.020261239
0.022710959
0.024247029
0.024985655
0.025265964
0.025288231
0.025116619
0.024777519
0.024318014
0.023790341
0.023228689
0.022650797
0.022067932
0.021489107
0.020923106
0.020386294
0.019882731
0.019399796
0.01893347
0.018486741
0.018060965
0.017655898
0.017267723
0.01689476
0.016540231
0.016204982
0.015888122
0.015588389
0.015304875
0.015036578
0.014781976
0.014539557
0.014308386
0.014087771
0.013877032
0.013675475
0.013482436
0.013297293
0.013119458
0.012948364
0.012783484
0.012624268
0.012470134
0.012320683
0.012175943
0.012035375
0.011900162
0.011760251
-0.053069976
-0.052740115
-0.052296316
-0.051712743
-0.051014305
-0.050216195
-0.049326101
-0.048343895
-0.04727794
-0.04613254
-0.044917132
-0.043634809
-0.04229244
-0.040896156
-0.039450558
-0.037962736
-0.036436919
-0.034877505
-0.03329059
-0.031681243
-0.030053018
-0.028410204
-0.026757567
-0.025099526
-0.023439103
-0.021779636
-0.020124846
-0.0184782
-0.016842603
-0.015220702
-0.013614957
-0.012027705
-0.010461231
-0.0089176754
-0.0073989998
-0.0059069979
-0.0044432738
-0.003009249
-0.0016061817
-0.00023521025
0.0011026321
0.0024064425
0.0036755045
0.0049092531
0.0061071518
0.0072687095
0.0083936653
0.0094818046
0.010532939
0.011546956
0.012523825
0.013463644
0.014366561
0.015232802
0.016062612
0.016856294
0.017614194
0.01833675
0.019024427
0.019677808
0.020297171
0.020883207
0.021436598
0.021957951
0.022447797
0.022906546
0.023335176
0.023734506
0.02410515
0.024447319
0.024762085
0.025050369
0.025312527
0.025549164
0.025761481
0.025950361
0.026115516
0.026258209
0.026379675
0.026478723
0.026619378
0.026724275
0.026683643
0.026514659
0.026244026
0.025884309
0.025441084
0.024920246
0.024326526
0.023667351
0.022954487
0.022196247
0.021400715
0.020571324
0.01971163
0.018825799
0.01792173
0.017008903
0.01609843
0.015203484
0.014340036
0.013528183
0.012793492
0.012168641
0.011693229
0.011414529
0.011387058
0.011671511
0.012324175
0.013375233
0.014807764
0.016535625
0.018367284
0.020023045
0.021257253
0.021992242
0.0223154
0.022366162
0.02224412
0.021998759
0.021662239
0.02126554
0.020834545
0.020386544
0.01993272
0.019481324
0.019038514
0.01860772
0.018188996
0.017781765
0.01738757
0.017008038
0.016642782
0.016291611
0.015955747
0.015636246
0.015333037
0.015045305
0.014771979
0.014511942
0.014264357
0.014028583
0.013803996
0.01359001
0.013385829
0.013190973
0.013005149
0.01282823
0.012660133
0.012500559
0.012349155
0.012205643
0.012071484
0.011948203
0.011829823
0.01170922
0.011593084
0.011488528
0.011391956
0.011300116
-0.049977757
-0.04968106
-0.049280086
-0.048746906
-0.048104563
-0.047368481
-0.046546302
-0.045637696
-0.044650269
-0.043588081
-0.042460017
-0.041269029
-0.040021453
-0.038722919
-0.037377709
-0.03599249
-0.034571265
-0.033118116
-0.031638653
-0.030137598
-0.028618353
-0.027084937
-0.02554172
-0.023992852
-0.022441261
-0.020890086
-0.019342709
-0.017802316
-0.016271696
-0.014753434
-0.013249894
-0.011763258
-0.010295665
-0.0088491222
-0.0074254708
-0.006026392
-0.0046534011
-0.0033078656
-0.0019910064
-0.00070390783
0.00055246475
0.0017772479
0.0029697206
0.0041293105
0.0052555037
0.0063478462
0.0074060707
0.0084299385
0.0094192494
0.01037391
0.011293908
0.012179329
0.013030273
0.013846933
0.014629543
0.0153784
0.016093817
0.016776187
0.017425943
0.018043631
0.01862951
0.019184213
0.019708383
0.020202608
0.020667392
0.021103112
0.021510653
0.021890777
0.022244075
0.022570793
0.022871953
0.023148419
0.023400521
0.023628803
0.023834352
0.024017977
0.024179473
0.024320046
0.024440907
0.024541043
0.024686789
0.02480615
0.024790114
0.024655187
0.024427042
0.024116893
0.023729036
0.023270452
0.022748498
0.022170697
0.021546953
0.020884643
0.020191515
0.019471772
0.01873066
0.01797373
0.017209686
0.016448734
0.015702669
0.014984637
0.014309398
0.013694415
0.0131605
0.012731101
0.012436258
0.012303311
0.012344585
0.012596473
0.013084622
0.013793209
0.014690963
0.015712259
0.016750837
0.017679997
0.018401275
0.018886974
0.019173003
0.019313149
0.019344089
0.019285125
0.019151695
0.018960781
0.018728198
0.018466132
0.018183565
0.017887555
0.017583911
0.017277212
0.016971564
0.016668739
0.016376389
0.016102938
0.01583525
0.015561663
0.015289957
0.01502829
0.014777647
0.014538859
0.014312231
0.014094827
0.013885235
0.013683493
0.013489643
0.013303349
0.013124166
0.012951727
0.012785708
0.012625814
0.012471767
0.012323259
0.012179973
0.012041612
0.01190791
0.011778597
0.011653366
0.011532037
0.01141463
0.011301102
0.011191023
0.011084836
-0.046843131
-0.046579459
-0.046220947
-0.045738158
-0.045152371
-0.044478947
-0.043725347
-0.042891118
-0.041983161
-0.041005261
-0.039965708
-0.038867276
-0.037715798
-0.03651645
-0.035273172
-0.033992167
-0.032677176
-0.031331973
-0.029961725
-0.028570799
-0.027162376
-0.025740207
-0.024308316
-0.022870561
-0.021429702
-0.019988674
-0.01855059
-0.017118387
-0.015694683
-0.014281941
-0.01288241
-0.011498135
-0.010131108
-0.0087832081
-0.0074561581
-0.0061515324
-0.0048707558
-0.0036151258
-0.0023858089
-0.0011838379
-1.0125335e-05
0.0011345057
0.0022493532
0.0033338531
0.004387504
0.005409872
0.0064006902
0.0073597161
0.0082867405
0.0091816676
0.010044488
0.010875272
0.011674094
0.012441115
0.013176546
0.013880666
0.014553754
0.015196169
0.015808307
0.01639067
0.016943498
0.017467366
0.017962866
0.018430555
0.018870909
0.019284283
0.019671486
0.020033223
0.020370047
0.020682202
0.02097063
0.021236133
0.021479027
0.021699828
0.02189954
0.022078917
0.022237815
0.022377352
0.022498651
0.022600805
0.022753008
0.022889238
0.022900538
0.022802058
0.022617886
0.022358749
0.022028944
0.021635927
0.021187667
0.020691208
0.020154957
0.019585461
0.018990409
0.018375402
0.017747364
0.017112945
0.016480753
0.015859968
0.01526079
0.014694456
0.014173054
0.013710207
0.01332071
0.013019867
0.012823485
0.01274518
0.012795673
0.012983806
0.013307977
0.013753968
0.014296092
0.01489559
0.015502993
0.016066218
0.016542184
0.016906918
0.017156946
0.017302039
0.01735644
0.017334508
0.017249997
0.017115834
0.016943534
0.016742802
0.016521556
0.016286221
0.016041985
0.015792956
0.01554228
0.015292251
0.015044596
0.014800236
0.014559554
0.014323795
0.014094787
0.013873502
0.013659969
0.013454022
0.013255535
0.013064381
0.012880499
0.012703832
0.012534257
0.012371596
0.01221566
0.012066258
0.011923225
0.011786247
0.011654938
0.011529079
0.011408551
0.011293229
0.011182944
0.01107756
0.010976999
0.010881053
0.010789458
0.010701997
0.010618543
0.010538584
-0.043739387
-0.043507542
-0.043189981
-0.042756256
-0.04222593
-0.041614098
-0.040927944
-0.040166919
-0.039337276
-0.038442515
-0.037490317
-0.036483261
-0.035426695
-0.034325373
-0.0331829
-0.032005
-0.030795135
-0.029556776
-0.028294674
-0.027012847
-0.025714234
-0.024402311
-0.02308078
-0.021753208
-0.02042216
-0.019090359
-0.017760679
-0.016435829
-0.015118243
-0.013810229
-0.012513906
-0.011231183
-0.0099639162
-0.008713855
-0.0074826083
-0.0062716471
-0.0050823063
-0.003915808
-0.0027732561
-0.0016556295
-0.00056379291
0.00050147046
0.0015394861
0.0025497073
0.0035316456
0.0044848811
0.0054091468
0.0063042033
0.0071698358
0.0080059406
0.008812499
0.0095895683
0.0103372
0.011055528
0.011744738
0.012405081
0.013036806
0.013640234
0.014215723
0.014763731
0.015284477
0.015778482
0.01624629
0.016688414
0.017105298
0.01749727
0.017865067
0.018209335
0.018530589
0.018829067
0.019105632
0.019361025
0.019595552
0.019809699
0.020004382
0.020180291
0.020337321
0.020476496
0.020598842
0.020703565
0.020863101
0.021017273
0.021056751
0.020995369
0.020855591
0.020647739
0.020376078
0.020047785
0.01967068
0.019251629
0.018798429
0.018317357
0.017816023
0.017300424
0.016777588
0.016253916
0.015737094
0.015234978
0.014756116
0.014309661
0.013904843
0.01355143
0.013259076
0.0130368
0.01289266
0.012832856
0.012860251
0.012973483
0.013166923
0.013429176
0.013742343
0.014083133
0.01442505
0.014741711
0.01501113
0.015219966
0.015364844
0.015449918
0.015482551
0.015470295
0.015420036
0.015338091
0.015230297
0.015101929
0.01495755
0.014801016
0.014635573
0.014463962
0.014288466
0.014110969
0.013933037
0.013755995
0.013580794
0.013407904
0.013237648
0.013070505
0.012906988
0.012747448
0.012592088
0.012441001
0.01229419
0.012151616
0.012013229
0.011878959
0.011748721
0.011622411
0.011499923
0.011381138
0.01126594
0.011154214
0.01104585
0.010940735
0.010838756
0.010739815
0.010643837
0.010550735
0.010460407
0.010372778
0.01028773
0.010205418
-0.040680025
-0.040478599
-0.04020029
-0.039814039
-0.039337693
-0.038785947
-0.038165652
-0.037476182
-0.036723178
-0.035909856
-0.035043287
-0.034125844
-0.033162409
-0.032157331
-0.031113888
-0.030037327
-0.028930825
-0.027797552
-0.026641859
-0.025467425
-0.02427694
-0.023073602
-0.021860801
-0.02064182
-0.019419019
-0.018194905
-0.016972123
-0.015753169
-0.014540288
-0.013335619
-0.012141144
-0.01095863
-0.0097897994
-0.0086362785
-0.007499562
-0.0063810193
-0.0052818963
-0.0042033373
-0.0031463798
-0.0021119465
-0.0011008543
-0.00011384622
0.00084843433
0.0017854624
0.002696765
0.0035819351
0.0044407056
0.0052728415
0.0060781252
0.0068564435
0.0076077651
0.0083321312
0.0090295728
0.0097001972
0.010344164
0.010961696
0.011553009
0.012118386
0.012658146
0.013172706
0.013662261
0.014127278
0.014568249
0.014985644
0.015379868
0.015751223
0.016100377
0.016427917
0.01673432
0.017019815
0.017285181
0.017531097
0.017757852
0.017965901
0.018156078
0.018329013
0.018484635
0.01862388
0.01874769
0.018855372
0.019022902
0.019195266
0.019262912
0.019238484
0.019142636
0.018985097
0.018770038
0.018504286
0.018195385
0.017849995
0.017475398
0.017077433
0.016663191
0.016238388
0.015809634
0.015382821
0.014964727
0.014561933
0.014181266
0.013829664
0.013513587
0.013239486
0.013013153
0.012839266
0.012721366
0.012661204
0.012658196
0.012709185
0.012808477
0.012947358
0.013114381
0.013296254
0.013479173
0.013650285
0.013799028
0.01391826
0.014004421
0.014056883
0.01407687
0.01406668
0.014029277
0.013967971
0.013886156
0.013787154
0.013674072
0.013549715
0.013416576
0.013276842
0.013132391
0.012984809
0.012835437
0.012685399
0.012535624
0.01238689
0.012239876
0.012095171
0.011953243
0.011814426
0.011678966
0.011547049
0.011418811
0.011294344
0.011173702
0.011056909
0.01094396
0.010834827
0.010729469
0.010627822
0.010529811
0.010435351
0.010344356
0.010256728
0.010172373
0.010091147
0.010012841
0.0099373213
0.0098645198
0.0097943593
0.0097267593
0.0096614831
-0.037678596
-0.037505946
-0.037264903
-0.03692417
-0.036499882
-0.036006229
-0.035449702
-0.034829605
-0.034150997
-0.033416811
-0.032633519
-0.031803285
-0.030930536
-0.030019232
-0.029072337
-0.028094626
-0.027088994
-0.026058316
-0.025006555
-0.02393706
-0.022852274
-0.02175512
-0.020648681
-0.019535963
-0.018419124
-0.017300451
-0.016182368
-0.015067163
-0.013956894
-0.012853531
-0.011758905
-0.010674648
-0.0096023454
-0.008543503
-0.0074995032
-0.0064716147
-0.0054609952
-0.0044687102
-0.003495729
-0.0025429166
-0.0016110414
-0.00070080472
0.00018718291
0.0010524205
0.0018944529
0.0027128866
0.0035074557
0.0042779293
0.0050240888
0.0057458115
0.006443053
0.0071158369
0.0077641743
0.0083881473
0.0089878888
0.0095635932
0.010115442
0.01064368
0.011148591
0.011630546
0.012089718
0.012526519
0.012941391
0.013334757
0.013706986
0.014058349
0.014389446
0.014700807
0.01499287
0.015265848
0.015520442
0.015757264
0.015976588
0.016178834
0.016364754
0.016534918
0.016689281
0.016828685
0.016953981
0.017064565
0.017239839
0.017430013
0.017525063
0.017536445
0.017482982
0.017373743
0.017212777
0.017006498
0.01676198
0.016485472
0.016183669
0.015861916
0.015526689
0.015183222
0.014837492
0.014494637
0.014160342
0.013839812
0.013538192
0.013260478
0.01301093
0.012793609
0.012611793
0.012467598
0.012362242
0.01229562
0.012266093
0.012270408
0.012303967
0.012360787
0.012433828
0.012515414
0.01259792
0.012674415
0.01273911
0.012787804
0.012818014
0.012828873
0.012820734
0.012794774
0.012752659
0.012696246
0.012627414
0.012548025
0.012459857
0.012364544
0.012263559
0.012158213
0.012049652
0.011938858
0.011826683
0.011713854
0.011600981
0.011488571
0.011377038
0.011266722
0.011157903
0.011050795
0.010945571
0.010842365
0.010741278
0.01064238
0.010545716
0.010451313
0.010359181
0.010269321
0.010181724
0.010096367
0.010013225
0.0099322651
0.0098534563
0.0097767623
0.0097021452
0.0096295652
0.0095589827
0.0094903596
0.0094236531
0.0093588318
0.0092958301
0.0092347049
-0.034748472
-0.034602739
-0.034396719
-0.034099232
-0.033724714
-0.033286749
-0.032791451
-0.032238071
-0.031631108
-0.030973218
-0.030270286
-0.029524271
-0.028739161
-0.02791854
-0.027065067
-0.026183066
-0.02527515
-0.024343907
-0.023392927
-0.022425239
-0.021443045
-0.020448996
-0.019445881
-0.018436434
-0.017422612
-0.01640649
-0.015390272
-0.014376044
-0.013365683
-0.012360987
-0.01136364
-0.010375132
-0.0093969171
-0.0084303811
-0.0074767955
-0.0065373294
-0.005613053
-0.0047049533
-0.0038139304
-0.0029407906
-0.0020862529
-0.0012509759
-0.00043553572
0.00035959203
0.0011339718
0.0018872252
0.0026190885
0.0033293357
0.0040177482
0.0046841953
0.0053286191
0.005951026
0.006551408
0.0071298231
0.0076863783
0.0082212388
0.0087345534
0.0092265305
0.0096974159
0.010147537
0.010577044
0.010986298
0.011375687
0.011745591
0.01209634
0.012428174
0.012741627
0.013037173
0.01331521
0.013575933
0.013819965
0.014047858
0.014259863
0.014456366
0.014638039
0.014805396
0.01495841
0.015097837
0.015224442
0.015337702
0.015520225
0.015727108
0.015847964
0.01589312
0.015879605
0.015815775
0.015705464
0.015554587
0.015369633
0.015156346
0.014920808
0.014667829
0.014403192
0.014131491
0.013857897
0.013586685
0.013322472
0.01306926
0.012830852
0.012610786
0.012411778
0.01223633
0.012086221
0.011962209
0.011864468
0.011792284
0.011743968
0.011716898
0.011707885
0.011713107
0.011728331
0.011749131
0.01177129
0.01179109
0.011805412
0.011811905
0.01180899
0.011795824
0.011772142
0.011738138
0.011694344
0.011641495
0.011580421
0.011512047
0.011437335
0.011357236
0.011272656
0.011184457
0.011093426
0.011000271
0.010905634
0.010810095
0.010714162
0.010618283
0.010522844
0.010428186
0.0103346
0.010242321
0.010151549
0.01006245
0.0099751605
0.0098897854
0.0098064058
0.0097250808
0.0096458509
0.0095687401
0.0094937618
0.0094209105
0.0093501706
0.0092815201
0.0092149304
0.009150366
0.0090877861
0.0090271453
0.0089683963
0.0089114893
0.0088563729
0.0088029927
0.0087512951
0.0087011523
-0.031902723
-0.031781854
-0.031608378
-0.03135156
-0.031024166
-0.030639082
-0.030202043
-0.029712257
-0.029173694
-0.028588737
-0.027962705
-0.027297354
-0.026596254
-0.025862623
-0.025098834
-0.024308772
-0.02349478
-0.022659171
-0.021805173
-0.020935508
-0.020052145
-0.019157473
-0.018253995
-0.017344185
-0.016429801
-0.015512711
-0.014594908
-0.013678283
-0.012764533
-0.011855288
-0.010952086
-0.010056277
-0.009169187
-0.0082920825
-0.0074261262
-0.0065723884
-0.0057318534
-0.0049054297
-0.0040939482
-0.0032981562
-0.0025187226
-0.0017562624
-0.0010113158
-0.00028433224
0.0004242741
0.0011141412
0.0017850095
0.0024366583
0.0030688706
0.0036815087
0.004274503
0.0048478431
0.0054015031
0.0059355187
0.0064499716
0.0069449985
0.0074207172
0.0078773006
0.0083149584
0.0087339759
0.009134479
0.0095167785
0.0098812145
0.010228121
0.010557789
0.01087043
0.011166512
0.011446456
0.011710617
0.011959172
0.012192672
0.012411604
0.0126162
0.012806807
0.012984023
0.013148303
0.013299635
0.01343869
0.013566151
0.013681565
0.013870268
0.01409203
0.014236365
0.014312499
0.014335712
0.0143136
0.014249707
0.014149396
0.014018524
0.013862267
0.013686053
0.01349411
0.01329149
0.013082105
0.012870328
0.012659632
0.012453712
0.012255606
0.012068094
0.011893671
0.011734034
0.011590737
0.011464751
0.011356213
0.011264947
0.011190218
0.011130683
0.011084454
0.011049464
0.011023336
0.011003537
0.010987478
0.010972764
0.010957326
0.010939395
0.010917595
0.010890933
0.010858814
0.010820977
0.010777449
0.010728491
0.010674496
0.01061592
0.010553283
0.010487141
0.010418047
0.010346532
0.010273103
0.010198224
0.010122306
0.010045726
0.0099688254
0.0098919002
0.0098152087
0.009738974
0.0096633899
0.0095886227
0.0095148003
0.0094420332
0.0093704159
0.009300025
0.0092309206
0.0091631493
0.0090967468
0.009031739
0.0089681439
0.0089059759
0.0088452369
0.0087859234
0.0087280305
0.0086715504
0.0086164716
0.0085627796
0.0085104572
0.0084594865
0.0084098484
0.0083615203
0.0083144827
0.008268701
0.0082241647
-0.029153797
-0.029055576
-0.028911963
-0.028692974
-0.028409741
-0.028074385
-0.027692253
-0.027262531
-0.026788688
-0.026272841
-0.025719764
-0.025131018
-0.024509775
-0.023858906
-0.023180507
-0.022478047
-0.021753613
-0.021009249
-0.020247844
-0.019471824
-0.018682935
-0.017883314
-0.017075193
-0.016260791
-0.01544168
-0.014619527
-0.01379612
-0.012973161
-0.012152174
-0.011334628
-0.010521914
-0.0097152502
-0.0089158321
-0.0081248129
-0.0073432475
-0.0065721097
-0.005812299
-0.0050646464
-0.0043299138
-0.0036087897
-0.0029018927
-0.002209793
-0.0015329944
-0.00087191928
-0.00022695879
0.00040154288
0.001013332
0.0016081942
0.0021859156
0.0027463538
0.0032894284
0.0038151136
0.0043233679
0.0048142061
0.0052876865
0.0057439183
0.0061829902
0.006605042
0.0070102485
0.0073988544
0.0077709623
0.0081268356
0.0084667669
0.0087910466
0.0090999287
0.0093935949
0.0096724504
0.0099368649
0.010187153
0.010423472
0.0106463
0.010856068
0.011052982
0.011237354
0.011409709
0.011570448
0.011719567
0.011857657
0.011985325
0.012102177
0.012295641
0.01252987
0.012694742
0.012798418
0.012854479
0.012869746
0.01284742
0.012792288
0.012709547
0.012603775
0.012479735
0.012341074
0.012192139
0.012036202
0.011876911
0.011717046
0.01155955
0.011406723
0.011260623
0.011123054
0.010995102
0.010877807
0.010771766
0.010676909
0.010593047
0.010519647
0.01045579
0.010400224
0.010351701
0.01030882
0.010270111
0.010234081
0.010199385
0.010164889
0.010129603
0.01009274
0.010053692
0.010012055
0.0099675975
0.0099202417
0.0098700481
0.0098171548
0.0097617327
0.009704011
0.0096442592
0.0095827632
0.0095198113
0.0094556954
0.009390693
0.0093250587
0.0092590379
0.009192862
0.009126742
0.0090608681
0.0089954114
0.0089305266
0.0088663523
0.0088029973
0.0087405599
0.0086791269
0.0086187712
0.0085595516
0.0085015153
0.0084446994
0.008389132
0.0083348325
0.008281817
0.0082300885
0.008179644
0.0081304786
0.0080825837
0.0080359464
0.0079905506
0.0079463768
0.0079034048
0.0078616123
0.007820975
0.007781467
0.0077430589
0.0077056808
-0.026513391
-0.026435481
-0.026318892
-0.026134667
-0.025892366
-0.025603283
-0.025272381
-0.024898835
-0.024485647
-0.024034679
-0.023550184
-0.023033538
-0.022487535
-0.021914718
-0.021316922
-0.020697225
-0.020057465
-0.019399439
-0.01872571
-0.018038423
-0.017339117
-0.016629685
-0.015912104
-0.015188351
-0.014459818
-0.01372798
-0.012994431
-0.012260692
-0.01152812
-0.010798028
-0.010071669
-0.0093501267
-0.0086344763
-0.0079257584
-0.0072249234
-0.0065328509
-0.0058503576
-0.0051781983
-0.0045170665
-0.0038675925
-0.0032303447
-0.0026058482
-0.0019945695
-0.0013969031
-0.00081321598
-0.00024383311
0.00031099974
0.00085107522
0.0013761847
0.001886183
0.0023809807
0.0028605387
0.0033248019
0.0037737666
0.0042074692
0.0046259936
0.0050294019
0.0054178032
0.0057913392
0.0061502163
0.006494515
0.0068244543
0.0071402818
0.0074422464
0.0077305661
0.0080053937
0.008267076
0.0085159326
0.0087522389
0.0089761318
0.0091880226
0.0093882852
0.0095771034
0.0097547509
0.0099216844
0.010078253
0.010224458
0.010360816
0.010487857
0.010605243
0.010801697
0.011045471
0.011227424
0.011354681
0.011439202
0.011487029
0.011500996
0.011485306
0.011444501
0.011382564
0.011303619
0.011210764
0.0111077
0.010997132
0.010882082
0.010764775
0.01064757
0.01053224
0.010420354
0.010313281
0.010211767
0.01011659
0.010028205
0.0099465256
0.0098714693
0.0098027428
0.0097397915
0.0096818389
0.0096281941
0.0095780722
0.0095306475
0.0094850647
0.0094405776
0.0093965782
0.009352521
0.0093079653
0.0092625543
0.009216045
0.0091682885
0.0091192283
0.0090688933
0.0090173567
0.0089647016
0.0089110516
0.0088565584
0.0088013842
0.0087456924
0.0086896505
0.0086334161
0.0085771289
0.0085209263
0.0084649377
0.0084092805
0.008354059
0.0082993662
0.0082452869
0.0081918969
0.0081392505
0.0080873981
0.0080363856
0.0079862511
0.0079370246
0.0078887302
0.0078413865
0.0077950075
0.0077496033
0.0077051835
0.0076617481
0.0076192937
0.0075778174
0.0075373146
0.007497778
0.0074591985
0.0074215649
0.0073848658
0.0073490886
0.0073142185
0.0072802418
0.0072471362
0.0072148717
-0.023992136
-0.02393212
-0.023839613
-0.023686922
-0.023482113
-0.023235612
-0.022951998
-0.022630452
-0.022273543
-0.021882888
-0.021462251
-0.021012828
-0.020537063
-0.020037189
-0.019514798
-0.018972597
-0.018412196
-0.017835155
-0.017243734
-0.016639816
-0.01602474
-0.015400175
-0.014767854
-0.014129526
-0.013486414
-0.012839812
-0.012191129
-0.011541714
-0.010892766
-0.010245448
-0.0096008792
-0.0089600202
-0.008323826
-0.0076932301
-0.007069082
-0.0064521698
-0.0058432302
-0.0052429432
-0.0046519357
-0.0040707803
-0.0034999959
-0.0029400621
-0.0023914079
-0.0018543993
-0.0013293782
-0.00081664868
-0.00031644694
0.00017102796
0.00064557454
0.0011070468
0.0015553487
0.0019904296
0.0024122235
0.0028207106
0.0032159081
0.0035978763
0.0039666537
0.0043223213
0.0046649908
0.0049948325
0.0053119063
0.0056163904
0.0059084903
0.0061884158
0.0064563511
0.0067124211
0.0069569185
0.0071901157
0.0074122502
0.0076234386
0.0078240296
0.0080143445
0.008194543
0.0083648632
0.0085256971
0.008677345
0.0088198105
0.0089535386
0.0090789896
0.0091958735
0.0093933065
0.0096433373
0.0098385389
0.0099850556
0.01009331
0.010168589
0.010213347
0.010231221
0.010226128
0.010201485
0.010160824
0.010106746
0.010042382
0.0099699575
0.0098919825
0.0098102512
0.0097266843
0.0096426871
0.0095595073
0.009478249
0.0093994809
0.0093238627
0.00925182
0.0091833306
0.0091184472
0.0090570891
0.0089989869
0.0089437054
0.0088909237
0.0088402521
0.0087912663
0.0087434994
0.0086965622
0.0086501574
0.0086040034
0.00855787
0.0085115558
0.008464921
0.0084178743
0.0083703759
0.0083224367
0.0082740891
0.0082253597
0.0081763033
0.0081269966
0.0080775241
0.0080279734
0.007978439
0.0079290108
0.0078797673
0.0078307903
0.0077821602
0.0077339516
0.0076862319
0.0076390627
0.007592502
0.0075466032
0.0075014023
0.0074569344
0.0074132328
0.0073703249
0.0073282325
0.0072869724
0.0072465577
0.0072069977
0.0071682985
0.0071304666
0.0070934994
0.0070573914
0.0070221379
0.0069877329
0.006954168
0.0069214332
0.0068895168
0.006858407
0.0068280908
0.0067985541
0.0067697819
0.0067417555
0.0067144298
-0.02159944
-0.021554878
-0.021483465
-0.021358974
-0.021188072
-0.020980292
-0.020739835
-0.020465897
-0.020160655
-0.019825493
-0.019463714
-0.01907635
-0.018665516
-0.018233158
-0.017780642
-0.017310333
-0.016823624
-0.016321859
-0.015807014
-0.015280727
-0.014744153
-0.014198751
-0.013646027
-0.013087516
-0.012524283
-0.011957453
-0.01138826
-0.010817891
-0.010247397
-0.009677801
-0.0091100939
-0.0085451174
-0.0079837143
-0.0074267155
-0.0068748738
-0.0063288895
-0.0057894221
-0.0052570795
-0.0047324234
-0.0042159702
-0.0037081901
-0.0032095176
-0.002720344
-0.0022410065
-0.0017718208
-0.0013130694
-0.00086497679
-0.0004277327
-1.5296692e-06
0.00041348775
0.00081721927
0.0012096046
0.0015905697
0.0019600815
0.0023181404
0.0026647857
0.0030000352
0.0033239453
0.0036366001
0.0039381369
0.0042285972
0.0045081217
0.0047768778
0.0050350389
0.005282757
0.0055201319
0.0057474063
0.0059648084
0.0061725401
0.006370698
0.0065595736
0.0067394387
0.0069104298
0.0070727504
0.007226733
0.0073726319
0.0075104508
0.0076405689
0.0077633809
0.0078786385
0.0080748767
0.0083276428
0.0085320409
0.0086932953
0.0088203932
0.0089178986
0.0089879029
0.0090335091
0.0090580511
0.0090644311
0.0090556455
0.0090338622
0.009001724
0.0089610635
0.0089139749
0.0088619262
0.0088065116
0.0087488806
0.0086900713
0.0086310222
0.0085722148
0.0085142573
0.0084575861
0.0084022584
0.0083484405
0.0082962106
0.0082455001
0.0081961035
0.008147935
0.0081008502
0.0080546702
0.0080091637
0.0079641546
0.0079195314
0.0078751738
0.0078309849
0.0077868681
0.0077427612
0.0076986269
0.0076544572
0.0076102752
0.0075661119
0.0075219827
0.0074779216
0.0074339774
0.0073902022
0.007346648
0.007303372
0.007260426
0.0072178512
0.0071756926
0.0071339956
0.0070928009
0.0070521447
0.0070120597
0.0069725771
0.0069337262
0.0068955216
0.0068579794
0.0068211159
0.0067849442
0.0067494736
0.0067147107
0.00668066
0.0066473242
0.006614704
0.0065828023
0.0065516137
0.0065211313
0.0064913499
0.0064622638
0.0064338658
0.0064061473
0.006379099
0.0063527116
0.006326975
0.0063018783
0.0062774104
0.0062535556
0.0062302823
-0.019343219
-0.019311705
-0.019258417
-0.019158755
-0.019018103
-0.01884509
-0.018643545
-0.018412693
-0.018154354
-0.017869695
-0.017561592
-0.017230924
-0.016879505
-0.016509015
-0.016120612
-0.015716344
-0.015297407
-0.014864946
-0.014420674
-0.013966004
-0.013501921
-0.013029688
-0.012550605
-0.012066005
-0.011576809
-0.011083984
-0.010588603
-0.010091701
-0.0095941896
-0.0090969604
-0.0086008853
-0.0081066944
-0.0076151245
-0.0071269096
-0.0066427103
-0.0061631437
-0.0056887953
-0.0052202042
-0.004757869
-0.0043022518
-0.0038537752
-0.0034128294
-0.0029797679
-0.0025548995
-0.0021385128
-0.0017308679
-0.001332176
-0.00094261638
-0.00056237096
-0.00019158063
0.00016965209
0.00052125983
0.00086316321
0.0011953185
0.0015177122
0.001830365
0.0021332777
0.002426485
0.0027100469
0.0029840706
0.0032485814
0.0035036869
0.0037495199
0.0039862203
0.0042139112
0.0044326692
0.0046426916
0.0048441663
0.0050372621
0.0052220564
0.0053987891
0.0055676862
0.005728862
0.005882488
0.0060288415
0.0061681349
0.0063003706
0.0064258671
0.006544959
0.0066574343
0.0068502466
0.0071021456
0.0073116235
0.0074830574
0.0076241115
0.0077386778
0.0078285059
0.0078962116
0.0079446019
0.0079761175
0.0079932845
0.007997902
0.0079921978
0.0079776867
0.0079561283
0.0079287435
0.0078968791
0.0078615038
0.0078235128
0.0077837352
0.0077426094
0.0077007175
0.0076585146
0.0076161272
0.0075738043
0.0075317333
0.0074899813
0.0074484944
0.0074073334
0.0073665058
0.0073259834
0.0072856795
0.0072455466
0.0072055837
0.0071657681
0.0071260847
0.0070865021
0.0070470071
0.0070075984
0.0069682904
0.0069291162
0.0068901093
0.0068512818
0.0068126587
0.0067742755
0.0067361684
0.0066983721
0.0066609256
0.0066238627
0.0065872074
0.006550988
0.0065152341
0.0064799721
0.006445225
0.0064110137
0.0063773589
0.0063442804
0.0063117849
0.0062798814
0.0062485802
0.006217889
0.0061878127
0.0061583542
0.0061295149
0.0061012949
0.0060736929
0.0060467102
0.0060203403
0.0059945755
0.00596941
0.0059448381
0.0059208524
0.0058974448
0.0058746063
0.0058523283
0.0058306017
0.0058094164
0.0057887623
0.0057686257
0.0057489736
-0.017229753
-0.01720897
-0.017170918
-0.017092755
-0.016978697
-0.016836483
-0.016669576
-0.016477241
-0.016260978
-0.016021756
-0.015762058
-0.01548262
-0.015184985
-0.014870588
-0.014540399
-0.014196179
-0.013838939
-0.013469647
-0.013089774
-0.012700527
-0.012302736
-0.011897487
-0.011485889
-0.011069092
-0.010647882
-0.010223083
-0.0097956168
-0.0093663809
-0.0089361582
-0.0085057179
-0.0080758203
-0.0076470926
-0.0072201727
-0.0067957034
-0.0063742593
-0.0059563786
-0.0055425774
-0.0051333286
-0.0047290712
-0.0043302149
-0.0039371363
-0.0035501825
-0.00316967
-0.0027958793
-0.0024290715
-0.0020694837
-0.0017173126
-0.0013727261
-0.0010358937
-0.00070695099
-0.00038600037
-7.3113983e-05
0.00023162598
0.00052816814
0.00081648751
0.0010965893
0.0013684604
0.0016321173
0.0018875991
0.0021349865
0.0023742908
0.0026055909
0.0028289886
0.0030445943
0.0032525047
0.003452776
0.003645565
0.0038310232
0.0040092889
0.0041804223
0.0043446167
0.0045020572
0.004652837
0.004797098
0.0049350678
0.0050669211
0.0051926575
0.0053125413
0.005426852
0.0055354093
0.0057226037
0.0059701008
0.0061806318
0.0063578076
0.0065080896
0.0066347556
0.0067392462
0.0068237412
0.0068905806
0.0069417999
0.0069795172
0.0070052209
0.0070207879
0.0070274763
0.0070267725
0.0070197063
0.0070074301
0.0069907776
0.0069705379
0.006947458
0.0069219494
0.0068945717
0.0068657889
0.0068357767
0.0068048338
0.0067732141
0.0067410694
0.006708441
0.006675476
0.0066422725
0.0066088935
0.0065753408
0.0065416445
0.0065078706
0.0064740569
0.0064402412
0.0064064362
0.0063726636
0.00633895
0.0063053299
0.006271849
0.0062385493
0.0062054476
0.0061725698
0.0061399492
0.0061076173
0.0060756024
0.0060439361
0.0060126437
0.0059817407
0.0059512465
0.0059211818
0.0058915643
0.0058624089
0.0058337286
0.005805537
0.0057778473
0.0057506606
0.0057239806
0.0056978132
0.0056721623
0.0056470294
0.0056224149
0.0055983182
0.0055747379
0.0055516715
0.0055291198
0.0055070762
0.0054855331
0.0054644852
0.0054439274
0.0054238535
0.0054042565
0.005385129
0.0053664638
0.0053482534
0.0053304896
0.0053131643
0.0052962659
0.0052797673
-0.015263501
-0.015251273
-0.015225717
-0.015165826
-0.015074788
-0.014959467
-0.01482298
-0.014664634
-0.01448565
-0.014286815
-0.014070255
-0.013836578
-0.013587081
-0.013322979
-0.013045075
-0.012754864
-0.012453197
-0.012140878
-0.011819162
-0.011489068
-0.011151288
-0.010806747
-0.01045638
-0.01010117
-0.009741781
-0.0093789078
-0.0090133367
-0.008645836
-0.0082770716
-0.0079077013
-0.0075383819
-0.0071696461
-0.0068020408
-0.0064361244
-0.0060723911
-0.0057113058
-0.0053533193
-0.0049988428
-0.0046482585
-0.0043019264
-0.0039601793
-0.0036233226
-0.0032916371
-0.002965375
-0.0026447705
-0.0023300371
-0.0020213561
-0.0017188831
-0.0014227744
-0.0011331578
-0.00085013415
-0.00057377794
-0.00030417171
-4.137188e-05
0.00021458795
0.00046370019
0.0007059411
0.00094131235
0.0011698355
0.0013915682
0.0016065102
0.0018147161
0.002016261
0.002211229
0.0023996937
0.0025816936
0.0027573502
0.0029267829
0.0030901024
0.0032473536
0.0033986889
0.0035442566
0.0036841314
0.003818428
0.0039473301
0.0040709784
0.0041893701
0.0043027207
0.0044112604
0.004514837
0.0046943564
0.004934125
0.0051419142
0.0053206541
0.0054757275
0.0056098605
0.0057242217
0.0058206077
0.0059009502
0.0059669345
0.0060203261
0.0060623536
0.0060945961
0.0061181014
0.0061341289
0.0061435554
0.0061473736
0.0061463093
0.0061410648
0.0061323164
0.0061204523
0.0061060044
0.0060894322
0.0060709404
0.0060508508
0.0060294513
0.0060069419
0.005983421
0.0059590821
0.0059340739
0.0059085125
0.0058824519
0.0058559675
0.0058291625
0.0058021108
0.0057748818
0.0057475153
0.0057200551
0.005692546
0.0056650363
0.0056375809
0.0056102286
0.0055830022
0.0055559307
0.0055290488
0.005502388
0.005475976
0.0054498425
0.0054240111
0.0053984952
0.0053733118
0.0053484792
0.005324013
0.0052999257
0.0052762284
0.005252933
0.005230051
0.0052075824
0.00518553
0.0051638987
0.0051426919
0.005121911
0.005101556
0.0050816265
0.0050621212
0.0050430383
0.005024379
0.0050061373
0.0049883066
0.0049708826
0.0049538611
0.0049372371
0.004921005
0.0049051584
0.0048896916
0.0048745985
0.0048598724
0.0048455064
0.0048314911
0.0048178012
-0.013447018
-0.013441358
-0.013425758
-0.013381092
-0.013309649
-0.01321746
-0.013107306
-0.012978549
-0.01283216
-0.012668771
-0.012490182
-0.012296889
-0.012089969
-0.011870441
-0.011638957
-0.011396779
-0.011144612
-0.010883115
-0.010613349
-0.010336165
-0.010052133
-0.0097620313
-0.0094666422
-0.0091667962
-0.0088630497
-0.0085559799
-0.0082462507
-0.0079345146
-0.0076213312
-0.0073072573
-0.0069928551
-0.0066785719
-0.0063648713
-0.0060522342
-0.0057410809
-0.0054318088
-0.0051248082
-0.0048204327
-0.0045190115
-0.0042208583
-0.003926264
-0.0036354945
-0.003348796
-0.0030663937
-0.0027884951
-0.0025152904
-0.0022469444
-0.0019836002
-0.0017253996
-0.0014724618
-0.0012248836
-0.00098274014
-0.00074611208
-0.00051505832
-0.0002896185
-6.9810273e-05
0.00014433509
0.00035280774
0.00055561491
0.00075279485
0.00094433833
0.0011302797
0.0013106714
0.001485575
0.0016550443
0.0018191031
0.0019778425
0.0021313538
0.0022797239
0.0024229842
0.0025612518
0.0026946433
0.0028232163
0.002947062
0.0030663255
0.0031811179
0.0032914342
0.0033974469
0.0034993429
0.0035969943
0.0037670004
0.0039960456
0.0041976515
0.0043741549
0.004529983
0.0046673747
0.0047872639
0.0048911154
0.0049805084
0.0050568267
0.0051215333
0.0051756381
0.0052204654
0.0052568885
0.005285973
0.0053084685
0.0053252302
0.0053368913
0.0053440766
0.0053473951
0.0053472089
0.0053440145
0.0053382535
0.0053301422
0.0053200046
0.0053081391
0.0052947682
0.0052800211
0.0052641114
0.005247213
0.0052294702
0.0052109669
0.0051918032
0.0051721024
0.0051519587
0.0051314604
0.0051106643
0.0050896282
0.0050684091
0.0050470651
0.0050256578
0.0050042421
0.0049828459
0.0049615027
0.0049402494
0.0049191196
0.0048981421
0.0048773473
0.0048567591
0.0048363912
0.0048162605
0.004796385
0.00477678
0.0047574578
0.0047384294
0.0047197062
0.0047012999
0.0046832106
0.0046654415
0.0046479977
0.0046308831
0.0046140998
0.0045976485
0.0045815297
0.0045657433
0.0045502883
0.004535167
0.0045203751
0.0045059072
0.0044917603
0.004477932
0.0044644185
0.0044512159
0.0044383195
0.0044257251
0.0044134283
0.0044014241
0.0043897073
0.0043782704
0.004367092
-0.011780894
-0.011780043
-0.011772108
-0.011739849
-0.011684792
-0.011612183
-0.011524488
-0.011421121
-0.011302847
-0.011170156
-0.011024561
-0.010866458
-0.010696732
-0.010516227
-0.010325467
-0.010125503
-0.0099169136
-0.009700232
-0.0094763445
-0.0092459558
-0.009009527
-0.0087677073
-0.0085211433
-0.0082705301
-0.0080163279
-0.0077590108
-0.0074991329
-0.007237243
-0.006973806
-0.0067092881
-0.0064441657
-0.0061788098
-0.0059136091
-0.0056489737
-0.0053852572
-0.0051227951
-0.0048619223
-0.0046029397
-0.0043461274
-0.0040917559
-0.0038400773
-0.00359132
-0.003345698
-0.0031034099
-0.0028646375
-0.0026295484
-0.0023982905
-0.0021709939
-0.0019477856
-0.0017287746
-0.0015140528
-0.0013036936
-0.0010977741
-0.00089635346
-0.00069947488
-0.00050716349
-0.00031945527
-0.00013636848
4.2092952e-05
0.00021595124
0.00038519066
0.0005498293
0.00070990107
0.00086544857
0.001016509
0.0011630943
0.0013052703
0.0014431045
0.0015766628
0.0017059659
0.0018311009
0.0019521571
0.0020691779
0.0021822337
0.0022914365
0.0023968724
0.0024985343
0.0025965579
0.0026910921
0.0027820308
0.0029409733
0.0031567321
0.0033491644
0.0035200986
0.0036731268
0.0038100629
0.0039316428
0.0040390471
0.0041335526
0.0042162862
0.0042884505
0.0043508713
0.0044046529
0.0044505209
0.0044893728
0.0045218483
0.0045486806
0.0045704195
0.0045876168
0.004600815
0.0046103461
0.0046166641
0.0046201819
0.0046211142
0.0046197725
0.0046164488
0.0046113705
0.0046046795
0.0045965924
0.004587291
0.0045769311
0.0045656115
0.0045534434
0.0045405576
0.0045270578
0.0045130419
0.0044985757
0.0044837246
0.0044685527
0.0044531236
0.0044375028
0.0044217488
0.0044058942
0.0043899753
0.004374032
0.0043581
0.00434221
0.0043263941
0.0043106778
0.0042950763
0.004279608
0.0042642923
0.0042491454
0.0042341811
0.0042194115
0.0042048492
0.0041905071
0.0041763866
0.0041624924
0.0041488311
0.0041354078
0.0041222258
0.0041092877
0.0040965952
0.0040841497
0.0040719519
0.0040600055
0.0040483078
0.004036855
0.0040256457
0.004014679
0.004003953
0.003993465
0.0039832122
0.0039731919
0.0039634012
0.0039538367
0.0039444948
0.0039353699
0.0039264429
-0.010263783
-0.010266234
-0.010263956
-0.010241562
-0.010199953
-0.010143644
-0.010074803
-0.0099929038
-0.0098985327
-0.0097920643
-0.0096747538
-0.0095469142
-0.009409263
-0.0092624918
-0.009107013
-0.0089436951
-0.0087730048
-0.008595368
-0.0084115181
-0.0082220305
-0.0080272733
-0.0078277826
-0.0076240858
-0.0074167583
-0.0072061768
-0.0069927249
-0.0067768604
-0.00655904
-0.006339645
-0.0061190611
-0.0058976886
-0.0056758307
-0.0054538092
-0.0052319711
-0.0050106097
-0.0047900051
-0.0045704419
-0.004352173
-0.004135434
-0.0039204556
-0.0037074539
-0.003496623
-0.0032881461
-0.0030821972
-0.0028789336
-0.0026785005
-0.0024810294
-0.0022866373
-0.0020954358
-0.0019075236
-0.0017229858
-0.0015418931
-0.001364317
-0.0011903152
-0.0010199323
-0.00085319858
-0.00069015213
-0.00053081685
-0.00037520487
-0.00022330677
-7.5142513e-05
6.929355e-05
0.00021002047
0.00034706543
0.00048045215
0.00061018359
0.00073630476
0.00085886352
0.00097790845
0.0010934512
0.0012055544
0.0013142846
0.001419673
0.0015217726
0.0016206678
0.0017164233
0.0018090311
0.0018985952
0.0019852325
0.0020688556
0.0022155232
0.0024159379
0.0025967269
0.0027592918
0.0029065035
0.0030398107
0.0031597842
0.0032673639
0.0033635699
0.0034493101
0.0035255642
0.0035930017
0.0036525362
0.0037047663
0.0037504424
0.0037901063
0.0038243813
0.0038537401
0.0038786644
0.0038996306
0.003916937
0.0039309904
0.0039421674
0.0039506717
0.0039567924
0.0039608042
0.0039629276
0.0039633054
0.0039621459
0.0039596278
0.003955908
0.0039510899
0.0039452871
0.0039386301
0.003931225
0.0039231726
0.0039145424
0.0039054029
0.0038958214
0.0038858636
0.0038755964
0.0038650799
0.0038543494
0.0038434434
0.0038324032
0.0038212661
0.0038100645
0.0037988316
0.0037875944
0.0037763699
0.0037651778
0.0037540388
0.0037429706
0.0037319883
0.0037211054
0.0037103361
0.0036996944
0.0036891836
0.0036788099
0.0036685813
0.0036585046
0.0036485847
0.0036388256
0.0036292309
0.0036198033
0.0036105454
0.0036014624
0.0035925531
0.0035838156
0.0035752501
0.0035668573
0.0035586367
0.0035505875
0.0035427084
0.0035349982
0.0035274555
0.0035200785
0.0035128652
0.0035058116
0.0034989017
-0.0088924814
-0.0088969901
-0.0088986626
-0.0088839032
-0.0088531113
-0.0088101342
-0.0087568663
-0.00869284
-0.0086184945
-0.0085341066
-0.0084407089
-0.0083385433
-0.0082281844
-0.0081101926
-0.0079848867
-0.0078529761
-0.0077148329
-0.0075707908
-0.0074214511
-0.0072672778
-0.0071085596
-0.0069457346
-0.0067792274
-0.0066095095
-0.0064368848
-0.0062616598
-0.0060842077
-0.005904905
-0.0057240601
-0.0055419885
-0.005359023
-0.0051754077
-0.0049914061
-0.0048073085
-0.004623355
-0.0044397767
-0.004256813
-0.0040746738
-0.0038935547
-0.0037136503
-0.003535144
-0.0033581983
-0.0031829682
-0.0030096046
-0.0028382416
-0.0026690036
-0.0025020057
-0.002337352
-0.0021751393
-0.0020154548
-0.0018583765
-0.0017039708
-0.0015523028
-0.0014034268
-0.0012573873
-0.0011142173
-0.00097395499
-0.00083662753
-0.00070225255
-0.00057083041
-0.00044238332
-0.00031691469
-0.00019441686
-7.4874764e-05
4.1724722e-05
0.00015537812
0.00026611398
0.00037396434
0.00047896348
0.0005811163
0.00068046579
0.00077705963
0.00087091952
0.00096208387
0.0010506144
0.0011365586
0.0012199076
0.0013007396
0.001379144
0.0014550504
0.0015886016
0.0017721639
0.0019394031
0.0020913685
0.002230317
0.0023573876
0.0024730155
0.0025779387
0.0026729611
0.0027588054
0.0028362601
0.0029058628
0.0029683611
0.0030242441
0.0030741319
0.0031184793
0.0031578094
0.0031925235
0.0032230361
0.0032497588
0.003272954
0.003292979
0.0033101696
0.0033247122
0.0033368676
0.0033468862
0.0033549736
0.0033612661
0.0033659567
0.0033692137
0.0033711877
0.0033719805
0.0033717019
0.0033704767
0.0033684083
0.0033655958
0.0033621086
0.0033580148
0.0033533817
0.0033482746
0.0033427593
0.0033368961
0.003330721
0.0033242737
0.0033175958
0.0033107253
0.0033036954
0.0032965402
0.0032892875
0.0032819557
0.0032745659
0.0032671397
0.003259696
0.0032522514
0.0032448206
0.0032374191
0.0032300621
0.0032227548
0.0032155046
0.0032083212
0.0032012128
0.0031941858
0.0031872457
0.0031803975
0.0031736457
0.0031669942
0.0031604495
0.0031540123
0.003147682
0.0031414605
0.0031353497
0.0031293507
0.0031234642
0.0031176902
0.0031120289
0.0031064805
0.0031010444
0.0030957198
0.0030905045
0.0030853847
-0.0076620866
-0.0076676676
-0.0076718885
-0.0076628563
-0.0076405832
-0.0076083159
-0.0075676968
-0.0075183158
-0.0074604943
-0.0073944285
-0.0073209602
-0.0072402723
-0.0071528191
-0.0070590498
-0.0069592053
-0.0068538592
-0.0067433038
-0.0066277962
-0.0065078242
-0.0063837569
-0.0062558168
-0.0061243583
-0.0059897186
-0.005852279
-0.0057122825
-0.0055699695
-0.0054256411
-0.0052796041
-0.0051321043
-0.0049833967
-0.0048337552
-0.0046833732
-0.0045324635
-0.0043812669
-0.0042299771
-0.0040787819
-0.0039278809
-0.003777446
-0.0036276375
-0.0034786174
-0.0033305398
-0.0031835388
-0.0030377439
-0.0028932843
-0.002750273
-0.0026088148
-0.0024690093
-0.0023309478
-0.0021947128
-0.0020603805
-0.0019280206
-0.0017976945
-0.00166946
-0.0015433671
-0.0014194585
-0.0012977681
-0.0011783327
-0.0010611803
-0.00094633197
-0.00083379513
-0.00072359255
-0.00061573374
-0.00051021935
-0.00040704351
-0.00030620103
-0.0002076996
-0.00011152329
-1.7652365e-05
7.3936017e-05
0.00016324194
0.00025029306
0.00033512213
0.00041774329
0.00049818328
0.00057648562
0.00065268391
0.00072676937
0.00079879881
0.00086883939
0.00093683505
0.0010568085
0.0012225749
0.0013749352
0.0015146541
0.001643473
0.0017622719
0.0018713764
0.0019713568
0.002062837
0.0021463838
0.0022226236
0.0022919822
0.0023550634
0.0024122619
0.0024640834
0.0025109046
0.0025531582
0.0025911797
0.00262532
0.0026559288
0.0026832323
0.0027075378
0.0027291388
0.0027482007
0.0027649528
0.0027796178
0.0027923818
0.0028033697
0.0028127552
0.0028206919
0.0028273195
0.0028327338
0.0028370371
0.0028403449
0.0028427546
0.0028443603
0.0028452283
0.002845424
0.0028450119
0.0028440552
0.0028426169
0.002840755
0.0028385055
0.0028359074
0.0028330018
0.0028298262
0.0028264136
0.002822798
0.0028190075
0.002815061
0.0028109804
0.0028067878
0.0028025029
0.0027981429
0.0027937235
0.0027892611
0.0027847719
0.0027802621
0.0027757408
0.0027712184
0.0027667044
0.0027622065
0.0027577315
0.0027532855
0.0027488744
0.0027445031
0.0027401797
0.0027359059
0.0027316826
0.002727513
0.0027234001
0.0027193465
0.0027153539
0.0027114236
0.0027075572
0.0027037558
0.00270002
0.0026963505
0.0026927461
0.0026891958
-0.0065662024
-0.0065721149
-0.0065777764
-0.0065728872
-0.0065571742
-0.00653335
-0.0065028289
-0.006465256
-0.0064208594
-0.0063697717
-0.0063126724
-0.0062496969
-0.0061811996
-0.0061075367
-0.0060288861
-0.0059457065
-0.0058582245
-0.0057666339
-0.0056713267
-0.0055725926
-0.0054705998
-0.0053656318
-0.0052579524
-0.0051478669
-0.0050355667
-0.0049212374
-0.0048051187
-0.0046874581
-0.0045684486
-0.0044482937
-0.0043272163
-0.0042053672
-0.0040829157
-0.0039600598
-0.0038369531
-0.0037137465
-0.0035906045
-0.0034676659
-0.0033450599
-0.0032229204
-0.0031013752
-0.0029805329
-0.0028605005
-0.0027413875
-0.0026232875
-0.0025062875
-0.0023904725
-0.0022759216
-0.0021627038
-0.0020508844
-0.0019405249
-0.001831681
-0.0017244026
-0.0016187348
-0.0015147171
-0.0014123832
-0.0013117668
-0.0012128956
-0.0011157918
-0.0010204678
-0.00092694554
-0.00083523812
-0.00074535187
-0.00065728757
-0.00057104568
-0.00048663623
-0.00040405252
-0.00032328411
-0.00024431698
-0.00016715422
-9.177972e-05
-1.8172265e-05
5.3676563e-05
0.0001237844
0.00019218047
0.0002588877
0.00032389781
0.00038725063
0.00044899516
0.00050908779
0.00061539307
0.00076297186
0.00089968987
0.0010260866
0.0011434778
0.0012525299
0.0013534815
0.0014467654
0.0015328569
0.0016121937
0.0016852651
0.0017524034
0.0018140888
0.0018706352
0.0019224483
0.0019698355
0.002013149
0.0020526645
0.0020886741
0.0021214693
0.0021512411
0.002178249
0.0022027439
0.002224869
0.0022448216
0.0022627948
0.0022789531
0.0022934073
0.0023063098
0.0023177973
0.0023279957
0.0023369922
0.0023448794
0.0023517615
0.0023577274
0.0023628641
0.002367233
0.0023708948
0.00237391
0.0023763376
0.0023782363
0.0023796611
0.0023806464
0.0023812295
0.0023814499
0.0023813435
0.0023809426
0.00238028
0.0023793833
0.0023782716
0.0023769666
0.0023754903
0.0023738627
0.0023721011
0.0023702217
0.0023682412
0.0023661761
0.0023640339
0.0023618241
0.0023595581
0.002357246
0.0023548965
0.0023525171
0.0023501149
0.0023476968
0.0023452687
0.0023428392
0.0023404113
0.0023379871
0.0023355704
0.0023331656
0.002330776
0.0023284044
0.002326053
0.0023237244
0.0023214206
0.0023191434
0.002316894
0.0023146728
0.0023124705
-0.0055971966
-0.0056029182
-0.0056091849
-0.0056071632
-0.0055963823
-0.0055790875
-0.0055564876
-0.0055282804
-0.0054946215
-0.0054555944
-0.005411743
-0.0053631649
-0.0053101332
-0.0052529273
-0.005191675
-0.0051267394
-0.0050582935
-0.0049864807
-0.0049116124
-0.004833913
-0.004753507
-0.0046706188
-0.0045854519
-0.0044982475
-0.0044091549
-0.0043183146
-0.0042259149
-0.0041321535
-0.0040371795
-0.003941153
-0.0038442537
-0.003746597
-0.0036483158
-0.003549571
-0.0034504828
-0.0033511702
-0.0032517677
-0.0031523859
-0.0030531272
-0.0029541007
-0.0028554112
-0.0027571456
-0.0026593906
-0.0025622383
-0.0024657648
-0.0023700413
-0.002275139
-0.002181126
-0.0020880586
-0.0019959919
-0.0019049791
-0.0018150698
-0.0017263064
-0.0016387281
-0.001552371
-0.0014672669
-0.001383446
-0.0013009341
-0.0012197534
-0.0011399192
-0.0010614515
-0.00098436526
-0.00090867022
-0.00083437164
-0.00076147374
-0.00068998739
-0.00061991232
-0.00055124476
-0.0004839773
-0.00041811486
-0.00035364965
-0.00029056908
-0.00022886888
-0.00016853834
-0.00010955906
-5.1916163e-05
4.3829456e-06
5.9364901e-05
0.00011306429
0.00016544803
0.00025833862
0.00038785345
0.0005086979
0.0006212376
0.00072644314
0.0008248077
0.00091650205
0.001001848
0.0010812004
0.0011548906
0.0012232941
0.0012866657
0.0013453808
0.0013996847
0.0014498971
0.001496265
0.0015390695
0.0015785335
0.0016148954
0.001648394
0.0016791871
0.0017074894
0.0017335114
0.0017573742
0.0017792435
0.0017992835
0.0018176361
0.0018343971
0.0018496973
0.0018636552
0.0018763818
0.0018879542
0.0018984539
0.0019079727
0.0019165899
0.0019243838
0.0019314098
0.0019377227
0.0019433776
0.0019484284
0.0019529286
0.0019569287
0.0019604607
0.0019635595
0.001966262
0.0019686018
0.0019706094
0.0019723158
0.0019737474
0.0019749228
0.0019758629
0.0019765891
0.0019771207
0.001977475
0.001977668
0.0019777161
0.0019776359
0.0019774351
0.0019771239
0.0019767139
0.0019762155
0.0019756377
0.0019749887
0.0019742763
0.0019735076
0.0019726894
0.0019718306
0.001970935
0.0019700054
0.0019690465
0.0019680633
0.0019670597
0.0019660393
0.0019650051
0.0019639602
0.0019629075
0.0019618494
0.0019607879
0.0019597243
0.0019586513
-0.0047464857
-0.0047516806
-0.004757956
-0.0047578082
-0.0047506416
-0.0047382977
-0.0047218026
-0.0047009024
-0.0046756983
-0.0046462372
-0.0046129504
-0.0045759069
-0.0045353141
-0.0044913892
-0.0044442211
-0.0043940944
-0.0043411393
-0.004285459
-0.0042272992
-0.0041668311
-0.0041041444
-0.0040394154
-0.0039727983
-0.0039044817
-0.0038345804
-0.0037631987
-0.0036904829
-0.003616589
-0.0035416303
-0.0034657312
-0.003389035
-0.0033116283
-0.0032336137
-0.003155121
-0.0030762423
-0.0029970703
-0.0029177137
-0.0028382592
-0.0027587869
-0.0026793844
-0.002600137
-0.0025211125
-0.0024423803
-0.002364017
-0.0022860835
-0.0022086371
-0.0021317365
-0.0020554394
-0.0019797913
-0.0019048372
-0.0018306228
-0.0017571912
-0.0016845777
-0.0016128157
-0.001541937
-0.0014719713
-0.0014029443
-0.0013348793
-0.0012677975
-0.0012017154
-0.0011366506
-0.0010726183
-0.00100963
-0.00094769361
-0.00088681568
-0.0008270068
-0.00076827085
-0.00071060856
-0.00065401729
-0.00059850274
-0.00054406282
-0.00049069114
-0.00043838625
-0.00038714256
-0.0003369496
-0.00028779832
-0.00023969501
-0.00019262305
-0.000146559
-0.00010152723
-2.149572e-05
9.0534126e-05
0.00019574939
0.00029438524
0.00038713765
0.00047436227
0.00055617789
0.00063281817
0.00070454175
0.00077159434
0.00083425824
0.00089272479
0.00094728197
0.0009981177
0.0010454794
0.0010895614
0.0011305844
0.0011687245
0.0012041732
0.001237122
0.0012676987
0.0012960773
0.0013224312
0.0013468602
0.0013695009
0.00139049
0.001409947
0.0014279532
0.001444618
0.0014600422
0.0014743213
0.001487522
0.0014997143
0.0015109774
0.0015213803
0.001530992
0.0015398611
0.001548036
0.0015555658
0.0015624984
0.0015688815
0.0015747605
0.0015801645
0.0015851252
0.0015896761
0.0015938481
0.0015976692
0.0016011681
0.0016043693
0.0016072903
0.0016099508
0.001612371
0.0016145692
0.0016165618
0.0016183643
0.0016199926
0.0016214623
0.0016227816
0.0016239605
0.0016250105
0.0016259418
0.0016267637
0.0016274845
0.001628112
0.0016286536
0.0016291164
0.0016295094
0.0016298369
0.0016301021
0.0016303103
0.0016304666
0.0016305755
0.0016306409
0.0016306665
0.0016306557
0.0016306119
0.0016305379
0.0016304364
0.0016303092
0.0016301505
-0.0040048306
-0.0040093136
-0.0040152021
-0.0040161823
-0.0040115921
-0.0040029279
-0.0039910548
-0.0039757628
-0.0039571132
-0.0039351266
-0.0039101422
-0.0038822077
-0.0038514784
-0.0038181217
-0.0037821971
-0.0037439255
-0.0037034034
-0.0036607035
-0.0036160176
-0.0035694744
-0.003521137
-0.0034711425
-0.003419606
-0.0033666731
-0.0033124312
-0.003256956
-0.0032003597
-0.0031427642
-0.003084254
-0.0030249245
-0.0029648889
-0.0029042107
-0.0028429679
-0.0027812642
-0.0027191691
-0.0026567533
-0.002594104
-0.0025312881
-0.002468367
-0.0024054105
-0.0023424868
-0.0022796481
-0.002216949
-0.0021544525
-0.0020922066
-0.0020302562
-0.0019686493
-0.0019074344
-0.0018466468
-0.0017863231
-0.0017265017
-0.0016672196
-0.0016085052
-0.0015503863
-0.0014928906
-0.0014360448
-0.0013798702
-0.0013243871
-0.0012696149
-0.0012155702
-0.001162268
-0.0011097225
-0.0010579457
-0.001006947
-0.00095673394
-0.00090731611
-0.00085869977
-0.0008108885
-0.00076388291
-0.0007176887
-0.0006723074
-0.0006277369
-0.00058397754
-0.00054102733
-0.00049888138
-0.00045753469
-0.00041699234
-0.00037724504
-0.00033827777
-0.00030010784
-0.00023213024
-0.00013662337
-4.6384875e-05
3.8725473e-05
0.00011919019
0.00019525801
0.00026700895
0.00033460798
0.00039823865
0.00045807877
0.00051433565
0.00056714997
0.00061673784
0.00066324034
0.00070684481
0.00074770145
0.00078597962
0.00082181607
0.00085536111
0.00088676542
0.00091613046
0.00094359448
0.00096929706
0.00099331905
0.0010157706
0.0010367629
0.001056395
0.0010747338
0.0010918693
0.0011078853
0.0011228622
0.0011368563
0.0011499265
0.0011621396
0.0011735543
0.0011842302
0.0011942088
0.001203532
0.0012122425
0.0012203819
0.0012279919
0.0012351124
0.0012417691
0.0012479901
0.0012538052
0.0012592422
0.001264326
0.0012690828
0.0012735346
0.0012776974
0.0012815894
0.001285229
0.0012886333
0.0012918174
0.0012947958
0.0012975832
0.0013001946
0.0013026377
0.0013049222
0.001307059
0.0013090581
0.0013109283
0.0013126779
0.0013143144
0.0013158454
0.0013172776
0.0013186201
0.0013198771
0.0013210524
0.0013221511
0.0013231786
0.0013241396
0.0013250381
0.0013258781
0.0013266632
0.001327397
0.0013280827
0.0013287232
0.0013293208
0.0013298711
-0.0033626279
-0.003366329
-0.0033715973
-0.0033731687
-0.0033703597
-0.0033643757
-0.003355941
-0.0033448845
-0.0033312394
-0.003315008
-0.0032964554
-0.0032756133
-0.0032525968
-0.003227534
-0.0032004623
-0.003171552
-0.0031408737
-0.0031084768
-0.0030745099
-0.0030390686
-0.0030021956
-0.0029639969
-0.0029245568
-0.0028839865
-0.0028423521
-0.0027997068
-0.0027561356
-0.0027117333
-0.0026665612
-0.0026206917
-0.0025742136
-0.002527172
-0.0024796253
-0.0024316559
-0.0023833148
-0.0023346553
-0.0022857466
-0.0022366395
-0.0021873802
-0.0021380235
-0.0020886236
-0.0020392197
-0.001989854
-0.0019405779
-0.0018914285
-0.0018424403
-0.0017936519
-0.0017451035
-0.0016968221
-0.0016488366
-0.0016011787
-0.0015538799
-0.0015069623
-0.0014604486
-0.0014143623
-0.0013687269
-0.0013235595
-0.0012788773
-0.0012346974
-0.0011910357
-0.0011479044
-0.0011053163
-0.0010632828
-0.0010218139
-0.00098091725
-0.00094060104
-0.00090087257
-0.000861737
-0.00082319697
-0.00078525774
-0.00074792288
-0.00071119299
-0.00067506947
-0.00063955272
-0.00060464161
-0.00057033376
-0.00053663306
-0.00050353538
-0.00047103189
-0.00043913434
-0.00038221667
-0.00030197626
-0.00022573946
-0.00015343224
-8.4733879e-05
-1.9476842e-05
4.2390758e-05
0.00010098157
0.00015642189
0.00020883685
0.00025837476
0.00030513663
0.00034928074
0.00039091074
0.00043016526
0.00046715794
0.00050201598
0.00053484328
0.0005657555
0.00059486867
0.0006222617
0.00064804212
0.00067232009
0.00069515966
0.00071664781
0.00073687339
0.00075591642
0.00077383102
0.00079068965
0.00080656045
0.00082150984
0.00083558426
0.00084883223
0.00086130889
0.00087306331
0.00088414554
0.00089459067
0.00090443388
0.00091371147
0.00092245908
0.00093071214
0.00093850498
0.00094585983
0.0009528011
0.00095935469
0.00096554485
0.00097139353
0.00097692366
0.00098215485
0.00098710141
0.00099177946
0.00099620564
0.0010003952
0.0010043619
0.0010081189
0.0010116797
0.0010150577
0.0010182603
0.0010212966
0.0010241766
0.0010269097
0.0010295041
0.0010319677
0.0010343077
0.0010365311
0.0010386446
0.0010406565
0.0010425712
0.0010443925
0.0010461255
0.0010477753
0.0010493466
0.0010508435
0.0010522698
0.0010536294
0.0010549259
0.0010561625
0.0010573422
0.0010584674
0.0010595353
-0.0028101786
-0.0028131092
-0.0028176473
-0.0028194424
-0.0028178232
-0.0028137518
-0.0028078311
-0.0027999237
-0.0027900434
-0.0027781809
-0.0027645418
-0.0027491467
-0.0027320797
-0.0027134381
-0.0026932439
-0.002671627
-0.0026486385
-0.0026243107
-0.0025987579
-0.0025720501
-0.0025442151
-0.0025153343
-0.0024854683
-0.002454701
-0.0024230819
-0.0023906477
-0.0023574617
-0.0023235969
-0.0022890971
-0.0022540163
-0.0022184236
-0.00218235
-0.0021458388
-0.0021089547
-0.0020717344
-0.0020342171
-0.0019964577
-0.0019584938
-0.0019203595
-0.0018820976
-0.0018437503
-0.0018053467
-0.0017669186
-0.0017285077
-0.001690142
-0.0016518477
-0.001613655
-0.0015755972
-0.0015376942
-0.0014999684
-0.0014624456
-0.0014251522
-0.0013881048
-0.0013513216
-0.001314822
-0.0012786264
-0.0012427482
-0.0012072013
-0.0011720004
-0.0011371603
-0.0011026905
-0.0010686018
-0.0010349049
-0.0010016093
-0.00096872234
-0.00093625067
-0.0009042017
-0.00087258122
-0.00084139305
-0.00081064169
-0.0007803316
-0.00075046499
-0.00072104373
-0.00069206976
-0.00066354423
-0.00063546639
-0.000607839
-0.00058066141
-0.00055392914
-0.00052764971
-0.00048067109
-0.00041423184
-0.00035078094
-0.00029028864
-0.00023255318
-0.00017746688
-0.00012499761
-7.5071592e-05
-2.7605036e-05
1.7487308e-05
6.0308391e-05
0.0001009289
0.00013946164
0.00017598101
0.00021058702
0.00024336378
0.00027440456
0.00030378662
0.00033159698
0.00035792304
0.00038282494
0.00040638449
0.00042868676
0.00044978151
0.00046973596
0.00048861953
0.00050649564
0.00052340715
0.00053941114
0.00055456191
0.00056891314
0.00058250235
0.00059536871
0.00060755678
0.00061910667
0.00063005966
0.00064044461
0.0006502906
0.00065962782
0.00066848602
0.00067689479
0.00068488303
0.00069246954
0.000699675
0.00070652149
0.0007130297
0.00071921849
0.00072510761
0.00073071403
0.00073605022
0.00074113027
0.0007459687
0.00075057892
0.00075497313
0.00075916291
0.00076316024
0.00076697714
0.00077062035
0.00077409801
0.00077741922
0.00078059247
0.00078362533
0.00078652487
0.00078929785
0.00079195075
0.00079448968
0.00079692236
0.00079925297
0.00080148514
0.00080362367
0.0008056735
0.000807639
0.00080952413
0.00081133263
0.00081306817
0.00081473421
0.00081633398
0.0008178704
0.00081934604
0.0008207589
-0.0023379303
-0.0023401554
-0.0023439418
-0.0023457252
-0.0023448694
-0.0023421358
-0.0023380227
-0.0023324217
-0.002325334
-0.0023167435
-0.0023068086
-0.0022955422
-0.0022830049
-0.0022692706
-0.0022543502
-0.0022383423
-0.0022212834
-0.0022031935
-0.0021841603
-0.0021642339
-0.0021434316
-0.0021218158
-0.0020994289
-0.0020763338
-0.0020525672
-0.0020281534
-0.0020031393
-0.0019775806
-0.0019515078
-0.0019249606
-0.0018979924
-0.001870624
-0.0018428865
-0.0018148307
-0.0017864822
-0.0017578695
-0.0017290354
-0.0017000076
-0.0016708106
-0.0016414772
-0.0016120405
-0.001582521
-0.0015529427
-0.0015233389
-0.0014937303
-0.0014641361
-0.0014345801
-0.0014050894
-0.001375678
-0.001346363
-0.0013171651
-0.0012881061
-0.0012591982
-0.0012304553
-0.0012018935
-0.0011735301
-0.001145375
-0.0011174393
-0.0010897354
-0.0010622765
-0.0010350696
-0.0010081238
-0.0009814484
-0.00095505216
-0.0009289418
-0.0009031223
-0.00087760063
-0.0008523826
-0.00082747256
-0.00080287415
-0.00077859195
-0.00075462894
-0.00073098714
-0.00070766931
-0.00068467785
-0.00066201293
-0.00063967629
-0.00061766949
-0.00059599098
-0.00057464516
-0.00053642051
-0.0004822025
-0.00043017444
-0.00038033389
-0.00033256377
-0.0002867993
-0.00024302165
-0.00020118507
-0.00016123639
-0.00012311969
-8.6766009e-05
-5.2127207e-05
-1.9125353e-05
1.2291636e-05
4.2194015e-05
7.0642542e-05
9.7703905e-05
0.00012343431
0.00014789773
0.00017115846
0.00019326147
0.00021426759
0.00023424107
0.00025321982
0.00027125472
0.00028839881
0.00030470132
0.00032019553
0.00033492548
0.00034893355
0.00036226216
0.00037494108
0.00038700126
0.000398478
0.00040940337
0.00041981072
0.00042972331
0.00043916467
0.00044815942
0.00045673186
0.00046490616
0.00047270615
0.00048014739
0.00048724706
0.00049402354
0.00050049412
0.00050667465
0.00051258175
0.0005182298
0.00052362941
0.0005287926
0.00053373179
0.00053845847
0.00054298316
0.0005473159
0.00055146705
0.00055544705
0.00055926188
0.00056291871
0.00056642557
0.00056978993
0.00057301853
0.00057611766
0.00057909338
0.00058195151
0.00058469755
0.00058733837
0.00058987786
0.00059231939
0.00059466737
0.0005969263
0.00059910019
0.00060119273
0.0006032074
0.00060514763
0.00060701664
0.00060881747
0.0006105529
0.00061222542
0.00061383383
-0.0019366669
-0.0019382803
-0.0019413525
-0.0019429867
-0.0019425969
-0.0019407802
-0.0019379462
-0.0019340104
-0.0019289667
-0.0019227954
-0.0019156178
-0.0019074418
-0.0018983106
-0.0018882798
-0.0018773533
-0.0018656053
-0.0018530615
-0.0018397337
-0.0018256885
-0.0018109613
-0.0017955624
-0.0017795389
-0.0017629203
-0.0017457529
-0.0017280642
-0.0017098692
-0.0016912024
-0.0016721061
-0.0016526008
-0.0016327155
-0.0016124912
-0.0015919411
-0.0015710872
-0.0015499692
-0.0015286044
-0.0015070128
-0.0014852282
-0.00146327
-0.0014411558
-0.0014189104
-0.0013965594
-0.0013741169
-0.0013516004
-0.0013290367
-0.0013064405
-0.0012838258
-0.0012612107
-0.0012386173
-0.001216055
-0.0011935366
-0.0011710783
-0.001148698
-0.0011264044
-0.0011042078
-0.0010821212
-0.0010601592
-0.0010383289
-0.0010166387
-0.00099509874
-0.00097372081
-0.00095250983
-0.00093147284
-0.00091061784
-0.00088995269
-0.00086948324
-0.00084921298
-0.00082914811
-0.00080929402
-0.0007896552
-0.00077023439
-0.00075103585
-0.00073206277
-0.00071331705
-0.00069480185
-0.00067652011
-0.00065847235
-0.00064065955
-0.00062308445
-0.0006057474
-0.0005886506
-0.00055798518
-0.00051436917
-0.00047232779
-0.00043187427
-0.00039294925
-0.00035551736
-0.00031956835
-0.00028507606
-0.00025200863
-0.0002203311
-0.00018999924
-0.00016098121
-0.00013322516
-0.00010669554
-8.1344486e-05
-5.712924e-05
-3.4003405e-05
-1.1927013e-05
9.1457757e-06
2.9261135e-05
4.8452043e-05
6.6762669e-05
8.4240355e-05
0.0001009135
0.00011681978
0.00013199884
0.00014648801
0.00016031271
0.00017350619
0.00018610082
0.00019812942
0.00020961514
0.00022058198
0.0002310573
0.00024106625
0.00025063516
0.00025978244
0.00026852676
0.00027688778
0.00028488493
0.00029253757
0.00029986492
0.00030687961
0.00031359562
0.00032002794
0.00032619072
0.00033209698
0.00033776042
0.00034319296
0.00034840344
0.0003534019
0.00035819872
0.00036280354
0.00036722524
0.00037147229
0.00037555347
0.00037947765
0.00038324999
0.00038687668
0.0003903646
0.00039372019
0.00039694929
0.00040005738
0.00040304973
0.00040593143
0.00040870732
0.00041138337
0.00041396305
0.00041644943
0.00041884642
0.00042115802
0.00042338783
0.00042553915
0.00042761513
0.00042961887
0.00043155328
0.00043342112
0.00043522497
0.00043696713
0.00043864704
-0.0015976801
-0.0015987882
-0.0016012188
-0.0016026366
-0.0016025132
-0.0016013133
-0.0015993713
-0.0015966227
-0.0015930571
-0.0015886538
-0.0015835054
-0.0015776162
-0.0015710167
-0.0015637488
-0.0015558118
-0.0015472614
-0.0015381156
-0.0015283803
-0.0015181061
-0.0015073177
-0.0014960202
-0.0014842498
-0.0014720259
-0.0014593827
-0.0014463404
-0.0014329079
-0.0014191102
-0.0014049791
-0.0013905282
-0.0013757782
-0.0013607606
-0.001345483
-0.0013299608
-0.0013142249
-0.0012982865
-0.0012821595
-0.0012658699
-0.0012494316
-0.0012328565
-0.0012161634
-0.0011993718
-0.0011824911
-0.001165534
-0.0011485216
-0.0011314643
-0.0011143717
-0.0010972579
-0.0010801403
-0.0010630251
-0.0010459214
-0.0010288421
-0.0010118016
-0.00099480559
-0.00097786179
-0.00096098039
-0.00094417363
-0.00092744612
-0.00091080428
-0.00089425615
-0.00087781201
-0.00086147506
-0.00084525063
-0.00082914536
-0.00081316608
-0.00079731775
-0.00078160261
-0.00076602588
-0.00075059239
-0.00073530642
-0.00072016996
-0.00070518662
-0.0006903595
-0.00067569028
-0.00066118215
-0.00064683814
-0.00063265882
-0.00061864455
-0.00060479864
-0.00059112252
-0.00057761696
-0.00055335609
-0.00051876213
-0.00048527894
-0.00045292677
-0.00042168378
-0.00039153412
-0.00036247272
-0.00033448652
-0.00030755788
-0.00028166628
-0.00025678493
-0.00023289338
-0.00020995872
-0.00018795731
-0.00016685761
-0.00014663039
-0.00012724431
-0.00010867158
-9.0880251e-05
-7.3838006e-05
-5.7521074e-05
-4.1898184e-05
-2.6935346e-05
-1.2611602e-05
1.1003277e-06
1.4229389e-05
2.6803269e-05
3.884106e-05
5.0367333e-05
6.1406289e-05
7.1982745e-05
8.2114396e-05
9.1819496e-05
0.00010111882
0.00011003165
0.00011857835
0.00012677321
0.00013463079
0.00014216644
0.0001493954
0.00015633284
0.00016299393
0.00016938873
0.00017552842
0.00018142495
0.00018708965
0.00019253301
0.00019776609
0.00020279852
0.00020763756
0.00021229141
0.00021676855
0.0002210769
0.00022522379
0.00022921621
0.00023306143
0.00023676681
0.00024033672
0.00024377637
0.00024709153
0.00025028762
0.00025336958
0.00025634206
0.00025920955
0.00026197639
0.00026464671
0.00026722559
0.00026971606
0.00027212081
0.00027444324
0.0002766868
0.00027885463
0.00028094961
0.00028297452
0.00028493206
0.00028682481
0.00028865522
0.00029042555
0.00029213791
0.00029379216
-0.0013128533
-0.0013135605
-0.0013154385
-0.0013166186
-0.001316633
-0.0013158401
-0.0013145117
-0.0013125991
-0.0013100905
-0.0013069652
-0.0013032937
-0.0012990782
-0.0012943401
-0.0012891105
-0.0012833865
-0.0012772094
-0.0012705918
-0.0012635358
-0.0012560798
-0.0012482407
-0.0012400204
-0.0012314463
-0.0012225312
-0.0012132997
-0.001203767
-0.0011939377
-0.0011838296
-0.0011734669
-0.0011628579
-0.0011520175
-0.0011409695
-0.0011297179
-0.0011182733
-0.0011066597
-0.0010948837
-0.0010829549
-0.0010708934
-0.0010587088
-0.0010464087
-0.0010340075
-0.00102152
-0.0010089521
-0.00099631261
-0.00098361825
-0.00097087624
-0.000958093
-0.00094527892
-0.0009324482
-0.00091960439
-0.00090675383
-0.00089390653
-0.00088107413
-0.00086826001
-0.00085546979
-0.00084271142
-0.000829995
-0.0008173233
-0.00080470098
-0.0007921344
-0.00077963234
-0.00076719665
-0.00075483122
-0.00074254144
-0.0007303331
-0.00071821034
-0.00070617434
-0.00069422938
-0.00068237959
-0.00067062894
-0.00065897872
-0.00064743186
-0.00063599113
-0.00062465794
-0.00061343537
-0.00060232619
-0.00059133089
-0.00058044937
-0.00056968505
-0.00055903991
-0.0005485138
-0.00052957806
-0.00050251268
-0.00047621555
-0.00045070916
-0.00042599427
-0.00040206693
-0.000378925
-0.00035656386
-0.00033497492
-0.00031414722
-0.00029406583
-0.00027471802
-0.00025608419
-0.00023814901
-0.00022089254
-0.00020429544
-0.00018833724
-0.00017299902
-0.00015825921
-0.00014409581
-0.00013049196
-0.00011742609
-0.00010487451
-9.2821939e-05
-8.124905e-05
-7.0135221e-05
-5.9460412e-05
-4.9210476e-05
-3.936763e-05
-2.9914177e-05
-2.083179e-05
-1.2107163e-05
-3.7266466e-06
4.3252002e-06
1.2062865e-05
1.9501728e-05
2.6652729e-05
3.3526996e-05
4.0136314e-05
4.6492367e-05
5.2606811e-05
5.8491353e-05
6.415391e-05
6.9603222e-05
7.4848642e-05
7.9899068e-05
8.4762768e-05
8.9448473e-05
9.3963836e-05
9.8314704e-05
0.00010250764
0.00010654943
0.00011044645
0.00011420461
0.00011782958
0.00012132726
0.00012470359
0.00012796222
0.00013110745
0.00013414401
0.00013707637
0.00013990859
0.00014264455
0.00014528799
0.00014784252
0.00015031161
0.00015269944
0.00015500861
0.00015724144
0.00015940079
0.00016148959
0.00016351049
0.00016546596
0.00016735838
0.00016919005
0.00017096319
0.0001726799
0.00017434217
0.00017595182
0.00017750903
-0.0010747819
-0.0010751854
-0.0010766044
-0.0010775549
-0.0010776291
-0.0010771013
-0.001076191
-0.0010748622
-0.0010731027
-0.0010708935
-0.0010682875
-0.0010652861
-0.0010619037
-0.0010581639
-0.0010540623
-0.0010496295
-0.0010448742
-0.0010397965
-0.0010344251
-0.0010287715
-0.0010228357
-0.0010166385
-0.0010101878
-0.0010035015
-0.00099659072
-0.0009894574
-0.00098211426
-0.00097457943
-0.00096685775
-0.00095895965
-0.00095090338
-0.00094269043
-0.00093432783
-0.00092583422
-0.0009172133
-0.00090847125
-0.00089962374
-0.0008906771
-0.00088163619
-0.00087251169
-0.00086331486
-0.00085404908
-0.00084472051
-0.00083534227
-0.00082591911
-0.00081645516
-0.00080695813
-0.00079743938
-0.00078790063
-0.00077834617
-0.00076878372
-0.00075922258
-0.00074966454
-0.00074011349
-0.0007305756
-0.00072105914
-0.00071156552
-0.000702098
-0.00069266152
-0.00068326352
-0.00067390484
-0.00066458818
-0.00065531782
-0.00064609861
-0.00063693394
-0.00062782416
-0.00061877269
-0.00060978298
-0.00060085855
-0.0005920002
-0.00058321012
-0.0005744907
-0.00056584308
-0.00055727008
-0.00054877413
-0.00054035551
-0.00053201384
-0.00052375235
-0.00051557323
-0.00050747583
-0.00049288979
-0.00047199703
-0.00045162543
-0.00043179599
-0.00041252192
-0.00039380628
-0.00037564837
-0.00035804855
-0.00034100361
-0.00032450866
-0.00030855646
-0.00029313931
-0.00027824663
-0.00026386875
-0.0002499936
-0.00023660893
-0.00022370183
-0.00021125971
-0.0001992685
-0.00018771371
-0.00017658349
-0.00016586342
-0.0001555375
-0.0001455947
-0.00013602163
-0.00012680397
-0.00011792759
-0.00010938213
-0.00010115498
-9.3233406e-05
-8.5604168e-05
-7.8257487e-05
-7.1183401e-05
-6.4370673e-05
-5.7808609e-05
-5.1485865e-05
-4.5394198e-05
-3.952523e-05
-3.3870104e-05
-2.8420037e-05
-2.3166266e-05
-1.8099953e-05
-1.3214961e-05
-8.5045569e-06
-3.9615799e-06
4.20815e-07
4.6490237e-06
8.7297879e-06
1.2669064e-05
1.6471489e-05
2.0142219e-05
2.3686582e-05
2.7109592e-05
3.0415928e-05
3.3610101e-05
3.6696771e-05
3.9680647e-05
4.256473e-05
4.5352494e-05
4.8047733e-05
5.0654037e-05
5.3174715e-05
5.5612913e-05
5.797167e-05
6.025394e-05
6.2462554e-05
6.4600892e-05
6.6671122e-05
6.8675206e-05
7.0615513e-05
7.2494446e-05
7.4314214e-05
7.6076877e-05
7.7784413e-05
7.9438759e-05
8.1041771e-05
8.2595217e-05
8.4100764e-05
8.5559983e-05
8.6973236e-05
-0.0008767275
-0.00087690931
-0.00087795786
-0.00087870211
-0.00087879091
-0.00087843291
-0.00087780447
-0.0008768793
-0.00087564594
-0.00087408719
-0.00087224301
-0.00087011392
-0.00086770971
-0.0008650481
-0.0008621242
-0.00085896061
-0.0008555634
-0.00085193121
-0.00084808589
-0.00084403485
-0.000839777
-0.00083532833
-0.00083069335
-0.00082588485
-0.00082091125
-0.0008157727
-0.00081047819
-0.00080504139
-0.00079946474
-0.00079375555
-0.00078792772
-0.00078198117
-0.0007759205
-0.00076976019
-0.00076350189
-0.00075714952
-0.0007507152
-0.00074420305
-0.00073761589
-0.00073096172
-0.00072424904
-0.00071747954
-0.00071065737
-0.00070379286
-0.000696889
-0.00068994826
-0.00068297633
-0.00067598228
-0.00066896657
-0.000661932
-0.00065488448
-0.00064783143
-0.00064077348
-0.00063371327
-0.00062665552
-0.00061960699
-0.0006125681
-0.00060554104
-0.00059852962
-0.00059154006
-0.0005845725
-0.00057762869
-0.00057071201
-0.00056382644
-0.00055697471
-0.00055015661
-0.00054337477
-0.000536632
-0.00052993141
-0.00052327336
-0.00051665944
-0.00051009161
-0.00050357077
-0.00049709944
-0.00049067963
-0.00048431143
-0.00047799427
-0.00047173107
-0.00046552396
-0.00045937209
-0.0004482767
-0.00043235093
-0.00041677164
-0.00040155749
-0.00038672703
-0.00037228657
-0.000358236
-0.00034457847
-0.0003313137
-0.00031844041
-0.0003059561
-0.00029385622
-0.00028213605
-0.00027078961
-0.00025981006
-0.00024919003
-0.0002389217
-0.00022899688
-0.00021940677
-0.00021014216
-0.0002011948
-0.00019255532
-0.00018421339
-0.00017616103
-0.00016838917
-0.00016088813
-0.00015364827
-0.0001466619
-0.00013992023
-0.00013341428
-0.00012713536
-0.00012107629
-0.00011522945
-0.00010958671
-0.00010414048
-9.8882697e-05
-9.3807185e-05
-8.8907629e-05
-8.4177393e-05
-7.960999e-05
-7.5199057e-05
-7.0938172e-05
-6.6822651e-05
-6.2847378e-05
-5.9006956e-05
-5.5296218e-05
-5.171031e-05
-4.8244139e-05
-4.4893154e-05
-4.1653722e-05
-3.852186e-05
-3.5493472e-05
-3.2564686e-05
-2.9731863e-05
-2.699149e-05
-2.4339948e-05
-2.1773593e-05
-1.9289989e-05
-1.6886378e-05
-1.4559776e-05
-1.2307349e-05
-1.0126469e-05
-8.0146265e-06
-5.9693953e-06
-3.9884145e-06
-2.0694144e-06
-2.0973152e-07
1.5924151e-06
3.338653e-06
5.0309001e-06
6.6710947e-06
8.2610298e-06
9.8023886e-06
1.129679e-05
1.2745817e-05
1.4150992e-05
1.5513769e-05
1.6835526e-05
1.8117571e-05
1.9360378e-05
-0.00071275782
-0.00071278797
-0.00071354618
-0.00071411565
-0.00071419754
-0.00071394888
-0.00071351076
-0.00071286447
-0.00071199969
-0.00071090132
-0.0007095993
-0.00070809383
-0.00070639138
-0.00070450533
-0.00070243079
-0.00070018441
-0.0006977704
-0.00069518676
-0.00069245
-0.00068956478
-0.00068652952
-0.00068335647
-0.00068004794
-0.00067661301
-0.0006730581
-0.00066938231
-0.00066559195
-0.00066169735
-0.00065769942
-0.00065360322
-0.00064941933
-0.00064514678
-0.0006407885
-0.00063635572
-0.00063184881
-0.0006272701
-0.00062262902
-0.00061792809
-0.00061316883
-0.00060835716
-0.00060349954
-0.00059859651
-0.0005936508
-0.00058867055
-0.00058365751
-0.00057861302
-0.00057354123
-0.00056844939
-0.00056333715
-0.00055820623
-0.00055306114
-0.00054790779
-0.00054274605
-0.0005375776
-0.00053240607
-0.00052723695
-0.00052206998
-0.00051690658
-0.00051174964
-0.00050660434
-0.00050147033
-0.00049634868
-0.00049124198
-0.0004861535
-0.00048108541
-0.00047603712
-0.00047101061
-0.00046600812
-0.00046103233
-0.00045608334
-0.00045116219
-0.00044627045
-0.00044140883
-0.00043657952
-0.00043178413
-0.00042702256
-0.00042229417
-0.0004176015
-0.00041294649
-0.00040832829
-0.00039998944
-0.00038799954
-0.00037623562
-0.00036471255
-0.00035345032
-0.00034245659
-0.00033173136
-0.00032127897
-0.00031110051
-0.00030119664
-0.00029156763
-0.00028221076
-0.00027312494
-0.00026430653
-0.00025575197
-0.00024745715
-0.00023941761
-0.00023162806
-0.00022408336
-0.00021677788
-0.00020970585
-0.00020286152
-0.00019623826
-0.00018983123
-0.00018363163
-0.00017764223
-0.00017183268
-0.00016630147
-0.0001609424
-0.00015561652
-0.00015048353
-0.00014558363
-0.00014086102
-0.0001362829
-0.00013184951
-0.00012756344
-0.00012342056
-0.00011941421
-0.00011553922
-0.00011179168
-0.00010816723
-0.00010466095
-0.00010126899
-9.798752e-05
-9.4812641e-05
-9.1740572e-05
-8.8767682e-05
-8.5890188e-05
-8.310466e-05
-8.0408257e-05
-7.7797939e-05
-7.5270614e-05
-7.2823348e-05
-7.0453375e-05
-6.8158026e-05
-6.5934571e-05
-6.3780261e-05
-6.1693148e-05
-5.9671075e-05
-5.771175e-05
-5.5812984e-05
-5.3972732e-05
-5.2189032e-05
-5.0459983e-05
-4.8783735e-05
-4.7158502e-05
-4.558224e-05
-4.4053507e-05
-4.2570973e-05
-4.1133115e-05
-3.9738403e-05
-3.838541e-05
-3.707279e-05
-3.5799243e-05
-3.45635e-05
-3.3364341e-05
-3.2200593e-05
-3.107114e-05
-2.9974918e-05
-2.8911418e-05
-0.00057751522
-0.00057744529
-0.00057798082
-0.00057840675
-0.00057847116
-0.00057829162
-0.00057798071
-0.00057752531
-0.00057691637
-0.00057614087
-0.00057522123
-0.00057415748
-0.00057295381
-0.00057162036
-0.00057015254
-0.00056856258
-0.00056685342
-0.00056502284
-0.00056308329
-0.00056103762
-0.00055888406
-0.00055663203
-0.00055428245
-0.00055184171
-0.00054931474
-0.00054670012
-0.00054400226
-0.00054122896
-0.00053838019
-0.00053545943
-0.00053247477
-0.00052942477
-0.0005263112
-0.00052314284
-0.00051991925
-0.00051664172
-0.00051331758
-0.00050994831
-0.00050653453
-0.00050308066
-0.0004995916
-0.00049606717
-0.00049250912
-0.00048892386
-0.00048531231
-0.00048167505
-0.00047801509
-0.00047433824
-0.00047064366
-0.00046693232
-0.00046320765
-0.00045947436
-0.00045573184
-0.00045198111
-0.00044822495
-0.00044446778
-0.00044070895
-0.0004369493
-0.00043319101
-0.00042943837
-0.00042569075
-0.0004219487
-0.00041821421
-0.00041448992
-0.00041077755
-0.00040707629
-0.00040338758
-0.00039971319
-0.00039605543
-0.00039241418
-0.00038879007
-0.00038518433
-0.00038159751
-0.00037803149
-0.0003744875
-0.0003709653
-0.00036746428
-0.00036398652
-0.00036053378
-0.00035710522
-0.00035090773
-0.00034198042
-0.00033319751
-0.00032457111
-0.00031611978
-0.00030785092
-0.00029976442
-0.00029186501
-0.00028415422
-0.00027663366
-0.00026930493
-0.00026216641
-0.00025521907
-0.00024846068
-0.00024188963
-0.00023550395
-0.00022930125
-0.00022327814
-0.00021743188
-0.0002117592
-0.00020625608
-0.00020091903
-0.00019574446
-0.00019072817
-0.00018586617
-0.00018115459
-0.00017658917
-0.00017216647
-0.00016788221
-0.00016373171
-0.00015971122
-0.00015581724
-0.00015204616
-0.00014839522
-0.0001448703
-0.00014153435
-0.00013839711
-0.00013525267
-0.00013202109
-0.00012885407
-0.00012584787
-0.00012300607
-0.0001202803
-0.00011763251
-0.00011505922
-0.00011256598
-0.00011015226
-0.00010781369
-0.00010554681
-0.00010334964
-0.00010122025
-9.9156403e-05
-9.7155871e-05
-9.5216581e-05
-9.3336524e-05
-9.1513637e-05
-8.9745866e-05
-8.8031648e-05
-8.6369317e-05
-8.4757136e-05
-8.3193437e-05
-8.1676647e-05
-8.0205254e-05
-7.8777788e-05
-7.7392826e-05
-7.6048988e-05
-7.4744742e-05
-7.3478932e-05
-7.2250482e-05
-7.1058207e-05
-6.9900921e-05
-6.8777513e-05
-6.7686924e-05
-6.6628132e-05
-6.560014e-05
-6.4601987e-05
-6.3632746e-05
-6.2691534e-05
-6.1777502e-05
-6.0890145e-05
-0.00046651751
-0.00046639142
-0.0004667611
-0.00046707459
-0.00046712167
-0.00046698892
-0.0004667656
-0.00046644298
-0.00046601348
-0.00046546598
-0.00046481719
-0.00046406711
-0.00046321838
-0.00046227869
-0.00046124393
-0.00046012306
-0.00045891816
-0.00045762701
-0.00045625904
-0.00045481587
-0.00045329575
-0.00045170598
-0.00045004659
-0.00044832205
-0.0004465362
-0.00044468741
-0.00044277873
-0.00044081608
-0.00043879891
-0.00043672956
-0.00043461424
-0.00043245134
-0.00043024186
-0.00042799268
-0.0004257029
-0.00042337314
-0.00042100913
-0.00041861164
-0.00041618073
-0.00041371972
-0.00041123232
-0.00040871795
-0.00040617767
-0.00040361655
-0.00040103496
-0.000398433
-0.00039581284
-0.00039317913
-0.00039053078
-0.00038786826
-0.00038519419
-0.0003825123
-0.00037982173
-0.00037712304
-0.00037441834
-0.0003717112
-0.00036900076
-0.00036628744
-0.00036357289
-0.00036086065
-0.00035814992
-0.00035544093
-0.00035273514
-0.00035003472
-0.00034734101
-0.0003446531
-0.00034197201
-0.00033929912
-0.00033663639
-0.00033398358
-0.00033134101
-0.00032870962
-0.00032608983
-0.00032348324
-0.00032089077
-0.0003183121
-0.00031574661
-0.00031319605
-0.0003106619
-0.00030814349
-0.0003035868
-0.0002970147
-0.0002905332
-0.00028415086
-0.00027788414
-0.0002717399
-0.00026571787
-0.00025982251
-0.00025405529
-0.00024841812
-0.00024291319
-0.00023753942
-0.00023229884
-0.00022719004
-0.00022221252
-0.00021736564
-0.00021264821
-0.00020805808
-0.00020359404
-0.00019925433
-0.0001950361
-0.00019093737
-0.00018695641
-0.00018309008
-0.00017933585
-0.00017569133
-0.00017215413
-0.00016872123
-0.00016538999
-0.00016215781
-0.00015902212
-0.0001559802
-0.00015302943
-0.0001501673
-0.00014739128
-0.00014469909
-0.00014208846
-0.00013955664
-0.00013710085
-0.00013471886
-0.00013240852
-0.00013016779
-0.00012799427
-0.00012588693
-0.00012384215
-0.00012187522
-0.00012002014
-0.00011825903
-0.00011653744
-0.00011483513
-0.00011316674
-0.00011150433
-0.00010983575
-0.00010820985
-0.0001066485
-0.00010514554
-0.00010369139
-0.00010228247
-0.00010091783
-9.9596631e-05
-9.8316219e-05
-9.7080575e-05
-9.5891255e-05
-9.4739181e-05
-9.361893e-05
-9.2530144e-05
-9.1472955e-05
-9.0446588e-05
-8.9449895e-05
-8.8481867e-05
-8.7541652e-05
-8.6628439e-05
-8.5741408e-05
-8.4879761e-05
-8.4042726e-05
-8.3229562e-05
-8.2439552e-05
-8.1672008e-05
-8.0926267e-05
-8.0201864e-05
-0.00037559247
-0.00037543537
-0.00037568348
-0.00037590939
-0.00037593886
-0.00037583587
-0.00037567119
-0.00037543911
-0.00037513322
-0.00037474416
-0.00037428436
-0.00037375388
-0.00037315428
-0.00037249144
-0.00037176177
-0.00037097182
-0.00037012308
-0.0003692135
-0.00036825021
-0.00036723404
-0.00036616339
-0.00036504393
-0.00036387518
-0.00036266025
-0.00036140217
-0.00036009927
-0.00035875367
-0.00035736989
-0.00035594709
-0.00035448686
-0.00035299396
-0.00035146679
-0.00034990586
-0.00034831656
-0.00034669782
-0.0003450498
-0.000343377
-0.00034167976
-0.00033995781
-0.00033821364
-0.00033645007
-0.00033466633
-0.00033286302
-0.00033104415
-0.00032920977
-0.00032735966
-0.00032549541
-0.00032362074
-0.00032173446
-0.00031983673
-0.00031792954
-0.00031601586
-0.00031409471
-0.00031216635
-0.00031023239
-0.00030829571
-0.00030635534
-0.00030441146
-0.00030246529
-0.00030051974
-0.00029857396
-0.00029662795
-0.0002946828
-0.00029274025
-0.00029080136
-0.0002888652
-0.00028693246
-0.00028500423
-0.00028308213
-0.00028116589
-0.00027925559
-0.00027735194
-0.00027545526
-0.0002735669
-0.00027168753
-0.00026981676
-0.00026795404
-0.00026610079
-0.00026425824
-0.00026242582
-0.00025910722
-0.0002543124
-0.00024957325
-0.00024489663
-0.00024029586
-0.00023577653
-0.00023133822
-0.00022698503
-0.00022271812
-0.00021853936
-0.000214451
-0.00021045226
-0.00020654555
-0.00020272995
-0.00019900547
-0.00019537226
-0.00019182982
-0.00018837672
-0.00018501267
-0.00018173684
-0.00017854716
-0.0001754426
-0.00017242256
-0.00016948468
-0.00016662733
-0.00016384919
-0.00016114892
-0.00015852428
-0.00015597353
-0.00015349507
-0.00015108744
-0.00014874861
-0.00014647669
-0.00014427003
-0.00014212696
-0.00014004595
-0.00013802519
-0.00013606275
-0.00013415752
-0.00013230744
-0.00013052106
-0.00012882891
-0.00012722581
-0.00012562395
-0.00012398039
-0.00012234608
-0.00012077968
-0.00011930397
-0.00011789409
-0.00011652196
-0.0001151834
-0.00011388295
-0.00011262149
-0.00011139695
-0.00011020747
-0.00010905204
-0.00010792983
-0.00010683992
-0.00010578125
-0.000104753
-0.00010375389
-0.00010278444
-0.00010184114
-0.00010094321
-0.00010010211
-9.9288089e-05
-9.8480923e-05
-9.768359e-05
-9.6904616e-05
-9.6146454e-05
-9.5407522e-05
-9.4686777e-05
-9.3984291e-05
-9.3300187e-05
-9.2634074e-05
-9.1985767e-05
-9.1345651e-05
-9.0711024e-05
-9.0094535e-05
-8.949451e-05
-0.00030161256
-0.0003014507
-0.00030161276
-0.00030177468
-0.00030179324
-0.00030171413
-0.00030159279
-0.00030142595
-0.00030120867
-0.00030093313
-0.00030060851
-0.00030023485
-0.00029981305
-0.00029934765
-0.00029883554
-0.00029828153
-0.0002976867
-0.00029704921
-0.00029637448
-0.00029566285
-0.00029491287
-0.00029412901
-0.0002933105
-0.0002924595
-0.0002915784
-0.00029066564
-0.00028972267
-0.00028875296
-0.00028775555
-0.00028673151
-0.00028568452
-0.00028461306
-0.00028351735
-0.00028240163
-0.00028126476
-0.00028010666
-0.00027893087
-0.00027773745
-0.00027652597
-0.00027529829
-0.00027405659
-0.00027280001
-0.00027152885
-0.0002702463
-0.0002689522
-0.00026764619
-0.0002663294
-0.00026500483
-0.0002636713
-0.00026232876
-0.00026097873
-0.00025962359
-0.00025826234
-0.00025689503
-0.00025552288
-0.00025414826
-0.00025277015
-0.00025138857
-0.00025000443
-0.00024862012
-0.0002472348
-0.00024584832
-0.0002444615
-0.00024307573
-0.00024169186
-0.00024030896
-0.00023892751
-0.00023754835
-0.00023617284
-0.00023480068
-0.0002334318
-0.00023206672
-0.0002307057
-0.00022934986
-0.00022799968
-0.00022665475
-0.00022531458
-0.0002239803
-0.00022265294
-0.0002213321
-0.00021893815
-0.00021547718
-0.00021204987
-0.00020866034
-0.00020531957
-0.0002020324
-0.00019879828
-0.00019562067
-0.00019250039
-0.00018943911
-0.00018643892
-0.00018349916
-0.00018062229
-0.00017780765
-0.00017505547
-0.00017236634
-0.00016974009
-0.00016717576
-0.0001646736
-0.00016223331
-0.00015985334
-0.00015753324
-0.00015527313
-0.00015307118
-0.00015092634
-0.00014883797
-0.00014680546
-0.00014482708
-0.00014290172
-0.00014102841
-0.00013920642
-0.00013743428
-0.00013571059
-0.00013403433
-0.00013240443
-0.00013082004
-0.00012927976
-0.00012778232
-0.00012632662
-0.00012491166
-0.00012353638
-0.00012219982
-0.00012090067
-0.00011963792
-0.00011841074
-0.00011721827
-0.00011605948
-0.00011493344
-0.00011383917
-0.00011277568
-0.00011174207
-0.00011073753
-0.00010976124
-0.00010881239
-0.00010789022
-0.00010699399
-0.00010612298
-0.00010527668
-0.00010445488
-0.00010366482
-0.00010290844
-0.00010217656
-0.00010146357
-0.00010077049
-0.00010009894
-9.9446637e-05
-9.881267e-05
-9.8194873e-05
-9.7581874e-05
-9.6971266e-05
-9.6374481e-05
-9.5796703e-05
-9.5236321e-05
-9.4691071e-05
-9.4160255e-05
-9.3643769e-05
-9.3141434e-05
-9.265284e-05
-9.2177019e-05
-9.1714753e-05
-0.00024125209
-0.00024109086
-0.00024119276
-0.00024130607
-0.00024131344
-0.00024124882
-0.00024115612
-0.0002410333
-0.00024087624
-0.00024067848
-0.0002404468
-0.0002401813
-0.00023988242
-0.00023955365
-0.0002391924
-0.00023880216
-0.00023838376
-0.00023793557
-0.00023746176
-0.00023696233
-0.00023643607
-0.00023588647
-0.00023531268
-0.00023471614
-0.00023409881
-0.00023345927
-0.00023279851
-0.00023211921
-0.0002314204
-0.0002307028
-0.00022996925
-0.00022921841
-0.00022845029
-0.00022766826
-0.0002268712
-0.00022605892
-0.00022523418
-0.00022439692
-0.00022354661
-0.00022268469
-0.00022181281
-0.00022093014
-0.00022003678
-0.00021913528
-0.00021822537
-0.00021730663
-0.00021637986
-0.00021544749
-0.00021450839
-0.00021356244
-0.00021261076
-0.00021165528
-0.00021069501
-0.00020972993
-0.00020876096
-0.00020778998
-0.00020681606
-0.00020583911
-0.0002048598
-0.00020388009
-0.0002028992
-0.00020191689
-0.00020093377
-0.00019995096
-0.00019896911
-0.00019798739
-0.00019700611
-0.00019602589
-0.00019504787
-0.00019407176
-0.0001930974
-0.00019212516
-0.00019115525
-0.00019018861
-0.00018922554
-0.00018826565
-0.00018730854
-0.00018635509
-0.00018540611
-0.00018446131
-0.00018274747
-0.0001802646
-0.00017780171
-0.00017536238
-0.0001729547
-0.00017058218
-0.00016824423
-0.00016594385
-0.00016368152
-0.00016145864
-0.00015927698
-0.00015713597
-0.00015503786
-0.00015298213
-0.00015096906
-0.00014899941
-0.00014707316
-0.00014518962
-0.00014334929
-0.00014155214
-0.000139797
-0.00013808371
-0.00013641277
-0.00013478273
-0.00013319292
-0.00013164306
-0.00013013301
-0.00012866142
-0.00012722754
-0.00012583082
-0.000124471
-0.00012314697
-0.00012185771
-0.00012060259
-0.00011938093
-0.00011819232
-0.00011703571
-0.00011591015
-0.00011481492
-0.00011374936
-0.00011271281
-0.00011170472
-0.00011072412
-0.00010977022
-0.00010884235
-0.00010793987
-0.00010706212
-0.00010620855
-0.00010537855
-0.00010457134
-0.0001037863
-0.00010302284
-0.0001022804
-0.0001015584
-0.00010085628
-0.00010017353
-9.950969e-05
-9.8864125e-05
-9.8236299e-05
-9.7625733e-05
-9.7031951e-05
-9.6454484e-05
-9.5892879e-05
-9.5346698e-05
-9.4815518e-05
-9.4298912e-05
-9.3796534e-05
-9.3307956e-05
-9.2832761e-05
-9.2370589e-05
-9.1921091e-05
-9.1483912e-05
-9.1058703e-05
-9.064513e-05
-9.0242869e-05
-8.9851604e-05
-8.947103e-05
-8.9100846e-05
-8.8740767e-05
-8.8390488e-05
-0.00019268364
-0.00019254136
-0.00019260308
-0.00019268398
-0.0001926889
-0.00019264044
-0.00019257255
-0.00019248451
-0.00019237329
-0.0001922337
-0.00019207082
-0.00019188475
-0.00019167563
-0.00019144618
-0.00019119424
-0.00019092236
-0.00019063117
-0.00019031928
-0.00018998988
-0.0001896428
-0.00018927701
-0.00018889529
-0.00018849675
-0.00018808238
-0.00018765375
-0.00018720961
-0.00018675064
-0.00018627892
-0.00018579352
-0.00018529493
-0.00018478537
-0.00018426363
-0.00018372964
-0.00018318607
-0.00018263189
-0.00018206682
-0.00018149308
-0.00018091048
-0.00018031852
-0.00017971827
-0.00017911104
-0.00017849601
-0.00017787318
-0.00017724461
-0.00017660997
-0.00017596881
-0.00017532173
-0.00017467067
-0.00017401461
-0.00017335337
-0.00017268781
-0.00017201947
-0.00017134746
-0.00017067167
-0.0001699928
-0.00016931239
-0.00016862958
-0.00016794421
-0.0001672568
-0.00016656895
-0.00016587993
-0.00016518949
-0.00016449807
-0.00016380658
-0.00016311553
-0.00016242417
-0.00016173267
-0.00016104154
-0.0001603517
-0.00015966291
-0.00015897492
-0.00015828802
-0.00015760237
-0.00015691875
-0.00015623737
-0.00015555783
-0.00015487981
-0.00015420399
-0.00015353105
-0.00015286081
-0.00015164439
-0.00014988316
-0.0001481336
-0.00014639717
-0.00014468047
-0.00014298658
-0.00014131486
-0.0001396677
-0.00013804531
-0.00013644884
-0.00013487978
-0.00013333758
-0.00013182425
-0.00013033936
-0.00012888315
-0.00012745646
-0.00012605931
-0.00012469118
-0.00012335271
-0.00012204399
-0.00012076412
-0.00011951311
-0.00011829166
-0.00011709861
-0.00011593349
-0.0001147963
-0.00011368716
-0.00011260499
-0.00011154931
-0.00011051982
-0.00010951657
-0.00010853871
-0.00010758549
-0.00010665654
-0.00010575144
-0.0001048701
-0.00010401169
-0.0001031755
-0.00010236109
-0.00010156802
-0.0001007959
-0.00010004444
-9.9312879e-05
-9.8600631e-05
-9.7907286e-05
-9.7232424e-05
-9.6575585e-05
-9.5936424e-05
-9.531452e-05
-9.4709271e-05
-9.412022e-05
-9.3546985e-05
-9.2989176e-05
-9.2446388e-05
-9.1918227e-05
-9.1404353e-05
-9.0904478e-05
-9.0418098e-05
-8.9944811e-05
-8.9484293e-05
-8.9036222e-05
-8.8600263e-05
-8.8176084e-05
-8.7763366e-05
-8.7361805e-05
-8.6971097e-05
-8.6591034e-05
-8.6221283e-05
-8.5861502e-05
-8.5511422e-05
-8.5170796e-05
-8.4839374e-05
-8.4516901e-05
-8.4203134e-05
-8.3897838e-05
-8.3600782e-05
-8.3311742e-05
-8.3030501e-05
-8.2756845e-05
-8.249054e-05
-0.00015295162
-0.00015281871
-0.00015285424
-0.0001529099
-0.00015290813
-0.00015286686
-0.00015281329
-0.00015274699
-0.00015266529
-0.00015256392
-0.00015244667
-0.00015231365
-0.00015216472
-0.00015200199
-0.00015182369
-0.00015163171
-0.00015142652
-0.00015120698
-0.00015097552
-0.0001507319
-0.00015047527
-0.00015020782
-0.00014992873
-0.00014963866
-0.00014933889
-0.00014902834
-0.0001487075
-0.00014837796
-0.00014803891
-0.00014769065
-0.00014733493
-0.00014697072
-0.00014659789
-0.00014621857
-0.00014583185
-0.00014543742
-0.00014503705
-0.00014463052
-0.00014421737
-0.00014379839
-0.00014337462
-0.00014294533
-0.00014251046
-0.00014207163
-0.00014162853
-0.00014118075
-0.00014072869
-0.00014027392
-0.00013981557
-0.00013935341
-0.00013888812
-0.00013842092
-0.00013795101
-0.00013747827
-0.00013700324
-0.00013652714
-0.00013604922
-0.00013556931
-0.00013508777
-0.00013460592
-0.00013412313
-0.00013363913
-0.00013315425
-0.0001326692
-0.0001321844
-0.00013169918
-0.00013121366
-0.00013072819
-0.00013024356
-0.00012975953
-0.00012927586
-0.00012879275
-0.00012831031
-0.00012782921
-0.00012734954
-0.00012687097
-0.00012639324
-0.00012591687
-0.00012544238
-0.00012496963
-0.0001241109
-0.00012286333
-0.00012162253
-0.00012039041
-0.00011917131
-0.00011796713
-0.00011677729
-0.00011560385
-0.00011444682
-0.00011330708
-0.00011218581
-0.00011108248
-0.00010999879
-0.00010893436
-0.00010788934
-0.00010686454
-0.00010585997
-0.0001048752
-0.00010391086
-0.0001029671
-0.00010204319
-0.00010113919
-0.00010025585
-9.9392223e-05
-9.8547989e-05
-9.7723229e-05
-9.6918206e-05
-9.6132051e-05
-9.5364436e-05
-9.4615203e-05
-9.3884554e-05
-9.3171839e-05
-9.2476482e-05
-9.1798274e-05
-9.1136968e-05
-9.0492621e-05
-8.986459e-05
-8.9252348e-05
-8.8655601e-05
-8.8074095e-05
-8.7507577e-05
-8.6955923e-05
-8.6418524e-05
-8.5894961e-05
-8.5384968e-05
-8.4888272e-05
-8.4404556e-05
-8.3933618e-05
-8.3475177e-05
-8.3028763e-05
-8.2594048e-05
-8.2170782e-05
-8.1758698e-05
-8.1357512e-05
-8.0966948e-05
-8.0586782e-05
-8.0216845e-05
-7.9856735e-05
-7.9506152e-05
-7.916488e-05
-7.8832696e-05
-7.8509361e-05
-7.8194642e-05
-7.7888309e-05
-7.7590151e-05
-7.7299948e-05
-7.7017587e-05
-7.6742811e-05
-7.6475353e-05
-7.6215022e-05
-7.5961645e-05
-7.5715044e-05
-7.5475035e-05
-7.5241439e-05
-7.5014088e-05
-7.4792815e-05
-7.4577458e-05
-7.4367858e-05
-7.4163861e-05
-7.3965268e-05
-0.00012164411
-0.00012153984
-0.00012155884
-0.00012160062
-0.00012160311
-0.00012157595
-0.00012153956
-0.00012149449
-0.00012143907
-0.00012136977
-0.00012128931
-0.00012119791
-0.00012109553
-0.00012098392
-0.00012086159
-0.0001207299
-0.00012058924
-0.00012043864
-0.00012027999
-0.00012011301
-0.00011993698
-0.00011975368
-0.00011956234
-0.00011936338
-0.00011915786
-0.00011894487
-0.00011872472
-0.00011849867
-0.000118266
-0.00011802689
-0.00011778274
-0.00011753266
-0.00011727649
-0.00011701595
-0.00011675022
-0.00011647901
-0.00011620373
-0.00011592416
-0.00011563985
-0.00011535145
-0.00011505975
-0.0001147641
-0.00011446441
-0.00011416201
-0.00011385657
-0.00011354771
-0.00011323573
-0.00011292192
-0.0001126055
-0.00011228622
-0.00011196464
-0.00011164173
-0.00011131681
-0.00011098971
-0.00011066085
-0.00011033127
-0.00011000026
-0.00010966765
-0.00010933373
-0.00010899957
-0.00010866463
-0.00010832864
-0.00010799183
-0.0001076548
-0.00010731788
-0.00010698048
-0.00010664266
-0.00010630469
-0.00010596724
-0.00010563009
-0.000105293
-0.00010495609
-0.00010461948
-0.00010428371
-0.00010394884
-0.00010361455
-0.00010328063
-0.00010294749
-0.00010261555
-0.0001022848
-0.00010168391
-0.00010081384
-9.9947582e-05
-9.9085169e-05
-9.8230406e-05
-9.7385204e-05
-9.6548974e-05
-9.572329e-05
-9.4907988e-05
-9.4103803e-05
-9.331169e-05
-9.2531157e-05
-9.1763637e-05
-9.1008801e-05
-9.026674e-05
-8.9538221e-05
-8.8823243e-05
-8.8121447e-05
-8.7433444e-05
-8.6759407e-05
-8.6098736e-05
-8.5451534e-05
-8.4818565e-05
-8.4199032e-05
-8.3592707e-05
-8.2999747e-05
-8.2420501e-05
-8.1854251e-05
-8.1300762e-05
-8.0759987e-05
-8.0232232e-05
-7.9716983e-05
-7.9213789e-05
-7.8722546e-05
-7.8243131e-05
-7.7775715e-05
-7.7319782e-05
-7.6874924e-05
-7.6440961e-05
-7.6017754e-05
-7.5605169e-05
-7.5203195e-05
-7.4811331e-05
-7.4429268e-05
-7.4056844e-05
-7.3693893e-05
-7.3340203e-05
-7.2995678e-05
-7.2660136e-05
-7.2333198e-05
-7.201463e-05
-7.1704272e-05
-7.140195e-05
-7.1107466e-05
-7.0820632e-05
-7.054131e-05
-7.0269419e-05
-7.0004626e-05
-6.9746706e-05
-6.9495517e-05
-6.9250911e-05
-6.9012722e-05
-6.8780781e-05
-6.855493e-05
-6.833502e-05
-6.8120897e-05
-6.7912516e-05
-6.7709677e-05
-6.7512165e-05
-6.7319844e-05
-6.7132598e-05
-6.6950302e-05
-6.6772823e-05
-6.6600034e-05
-6.6431814e-05
-6.6268043e-05
-6.6108607e-05
-6.595339e-05
-6.5802282e-05
-6.5655138e-05
-9.5496597e-05
-9.5397509e-05
-9.540769e-05
-9.5436387e-05
-9.543281e-05
-9.5407177e-05
-9.5376604e-05
-9.5341106e-05
-9.5298935e-05
-9.5247276e-05
-9.5188274e-05
-9.5122098e-05
-9.5048532e-05
-9.4968898e-05
-9.4881927e-05
-9.4788546e-05
-9.4689045e-05
-9.458262e-05
-9.4470746e-05
-9.435316e-05
-9.4229273e-05
-9.4100504e-05
-9.3966182e-05
-9.3826576e-05
-9.368256e-05
-9.3533384e-05
-9.3379255e-05
-9.3221167e-05
-9.3058505e-05
-9.2891384e-05
-9.2720892e-05
-9.2546314e-05
-9.2367484e-05
-9.2185767e-05
-9.2000487e-05
-9.1811363e-05
-9.1619524e-05
-9.1424772e-05
-9.1226715e-05
-9.1025839e-05
-9.0822776e-05
-9.0616989e-05
-9.0408359e-05
-9.0197939e-05
-8.9985458e-05
-8.9770584e-05
-8.9553516e-05
-8.9335293e-05
-8.9115258e-05
-8.8893214e-05
-8.8669554e-05
-8.8445072e-05
-8.821918e-05
-8.7991739e-05
-8.7763055e-05
-8.7533955e-05
-8.7303852e-05
-8.7072597e-05
-8.6840385e-05
-8.6608085e-05
-8.637524e-05
-8.614161e-05
-8.5907375e-05
-8.5672987e-05
-8.5438719e-05
-8.5204079e-05
-8.4969092e-05
-8.4733963e-05
-8.4499218e-05
-8.4264684e-05
-8.4030135e-05
-8.3795668e-05
-8.3561358e-05
-8.3327649e-05
-8.3094565e-05
-8.286183e-05
-8.2629291e-05
-8.2397245e-05
-8.2166024e-05
-8.1935566e-05
-8.151639e-05
-8.0904896e-05
-8.02957e-05
-7.9690036e-05
-7.9089856e-05
-7.8496035e-05
-7.7908086e-05
-7.7327411e-05
-7.6753788e-05
-7.6187724e-05
-7.5629939e-05
-7.5079969e-05
-7.4538965e-05
-7.400664e-05
-7.3482997e-05
-7.2968697e-05
-7.2463707e-05
-7.1967712e-05
-7.1481229e-05
-7.1004405e-05
-7.0536759e-05
-7.0078352e-05
-6.9629872e-05
-6.9190668e-05
-6.8760562e-05
-6.8339695e-05
-6.7928419e-05
-6.7526149e-05
-6.7132713e-05
-6.6748091e-05
-6.6372599e-05
-6.6005835e-05
-6.5647448e-05
-6.5297389e-05
-6.4955578e-05
-6.4622222e-05
-6.4296911e-05
-6.3979335e-05
-6.3669383e-05
-6.3366978e-05
-6.3072034e-05
-6.2784599e-05
-6.2504272e-05
-6.2230825e-05
-6.1964163e-05
-6.1704181e-05
-6.1450731e-05
-6.120377e-05
-6.0963184e-05
-6.0728675e-05
-6.0500077e-05
-6.027729e-05
-6.0060196e-05
-5.9848661e-05
-5.9642552e-05
-5.9441781e-05
-5.9246317e-05
-5.9055897e-05
-5.8870355e-05
-5.8689599e-05
-5.8513532e-05
-5.8342035e-05
-5.8174992e-05
-5.8012291e-05
-5.7853829e-05
-5.7699495e-05
-5.7549282e-05
-5.7403038e-05
-5.7260595e-05
-5.7121861e-05
-5.6986758e-05
-5.6855198e-05
-5.6727088e-05
-5.6602337e-05
-5.648086e-05
-5.6362573e-05
-5.6247395e-05
-5.6135242e-05
-5.6026041e-05
-5.5919662e-05
-7.5955831e-05
-7.5890447e-05
-7.589453e-05
-7.591958e-05
-7.5925647e-05
-7.5914774e-05
-7.5898894e-05
-7.5879147e-05
-7.585487e-05
-7.5823695e-05
-7.5787042e-05
-7.5745104e-05
-7.5697653e-05
-7.5645995e-05
-7.5589294e-05
-7.5527833e-05
-7.54619e-05
-7.5391091e-05
-7.5316722e-05
-7.5238476e-05
-7.5155812e-05
-7.5069914e-05
-7.4980169e-05
-7.4886743e-05
-7.4790383e-05
-7.4690421e-05
-7.4586998e-05
-7.4480931e-05
-7.4371657e-05
-7.4259245e-05
-7.4144595e-05
-7.4027068e-05
-7.3906499e-05
-7.3784035e-05
-7.3659061e-05
-7.3531304e-05
-7.3401718e-05
-7.3270103e-05
-7.3136091e-05
-7.3000079e-05
-7.2862593e-05
-7.2723135e-05
-7.2581581e-05
-7.2438824e-05
-7.2294603e-05
-7.2148601e-05
-7.2000971e-05
-7.1852601e-05
-7.1702896e-05
-7.1551655e-05
-7.1399207e-05
-7.1246227e-05
-7.1092177e-05
-7.093691e-05
-7.0780684e-05
-7.0624205e-05
-7.0466938e-05
-7.0308727e-05
-7.0149733e-05
-6.9990703e-05
-6.9831225e-05
-6.9671061e-05
-6.9510351e-05
-6.9349485e-05
-6.9188693e-05
-6.9027527e-05
-6.8865985e-05
-6.8704234e-05
-6.8542733e-05
-6.8381329e-05
-6.8219791e-05
-6.8058187e-05
-6.7896585e-05
-6.7735377e-05
-6.7574561e-05
-6.7413874e-05
-6.7253189e-05
-6.7092752e-05
-6.6932834e-05
-6.6773503e-05
-6.6483917e-05
-6.6065843e-05
-6.5648968e-05
-6.523253e-05
-6.4818813e-05
-6.4409094e-05
-6.4002862e-05
-6.3601136e-05
-6.3203596e-05
-6.2810706e-05
-6.2423057e-05
-6.2040219e-05
-6.1663182e-05
-6.1291683e-05
-6.0925683e-05
-6.0565818e-05
-6.0212029e-05
-5.9864035e-05
-5.9522336e-05
-5.9187069e-05
-5.8857815e-05
-5.8534652e-05
-5.8218248e-05
-5.7908033e-05
-5.7603859e-05
-5.7305897e-05
-5.7014526e-05
-5.6729237e-05
-5.6449894e-05
-5.6176523e-05
-5.5909481e-05
-5.5648432e-05
-5.539308e-05
-5.514342e-05
-5.489943e-05
-5.4661367e-05
-5.442888e-05
-5.4201712e-05
-5.3979807e-05
-5.376314e-05
-5.3551682e-05
-5.3345532e-05
-5.3144343e-05
-5.2947937e-05
-5.2756267e-05
-5.2569281e-05
-5.2386882e-05
-5.2209078e-05
-5.2035803e-05
-5.1866804e-05
-5.1701959e-05
-5.1541214e-05
-5.1384496e-05
-5.1231712e-05
-5.1082774e-05
-5.0937639e-05
-5.0796317e-05
-5.0658582e-05
-5.0524304e-05
-5.039343e-05
-5.0265898e-05
-5.0141627e-05
-5.0020536e-05
-4.9902545e-05
-4.9787587e-05
-4.9675584e-05
-4.9566566e-05
-4.9460407e-05
-4.9356968e-05
-4.9256184e-05
-4.9158006e-05
-4.9062376e-05
-4.8969226e-05
-4.8878493e-05
-4.8790115e-05
-4.8704035e-05
-4.8620196e-05
-4.8538538e-05
-4.8459009e-05
-4.8381524e-05
-5.8393774e-05
-5.8321747e-05
-5.8325467e-05
-5.8342506e-05
-5.8339375e-05
-5.8323607e-05
-5.8306536e-05
-5.8287998e-05
-5.8266696e-05
-5.8240775e-05
-5.8211542e-05
-5.8179171e-05
-5.8143373e-05
-5.8105168e-05
-5.8063599e-05
-5.801914e-05
-5.7972053e-05
-5.7921764e-05
-5.7869157e-05
-5.7813964e-05
-5.7755731e-05
-5.7695359e-05
-5.7632303e-05
-5.7566636e-05
-5.7498995e-05
-5.742887e-05
-5.7356334e-05
-5.7282031e-05
-5.7205524e-05
-5.7126828e-05
-5.7046652e-05
-5.696452e-05
-5.688026e-05
-5.6794778e-05
-5.6707601e-05
-5.6618488e-05
-5.652818e-05
-5.6436525e-05
-5.6343232e-05
-5.6248584e-05
-5.6152995e-05
-5.6056089e-05
-5.5957734e-05
-5.5858628e-05
-5.5758565e-05
-5.5657308e-05
-5.5554932e-05
-5.5452141e-05
-5.534847e-05
-5.5243769e-05
-5.5138254e-05
-5.503246e-05
-5.4925966e-05
-5.4818663e-05
-5.4710712e-05
-5.4602676e-05
-5.449413e-05
-5.4384966e-05
-5.4275266e-05
-5.4165622e-05
-5.4055711e-05
-5.394535e-05
-5.3834635e-05
-5.3723844e-05
-5.3613168e-05
-5.3502258e-05
-5.3391112e-05
-5.3279832e-05
-5.3168775e-05
-5.3057828e-05
-5.2946802e-05
-5.2835751e-05
-5.2724713e-05
-5.2613987e-05
-5.2503565e-05
-5.2393245e-05
-5.228294e-05
-5.2172816e-05
-5.2063069e-05
-5.1953677e-05
-5.1754351e-05
-5.1461035e-05
-5.1168645e-05
-5.0878265e-05
-5.0590429e-05
-5.0305377e-05
-5.0022719e-05
-4.9743457e-05
-4.9467292e-05
-4.9194492e-05
-4.8925494e-05
-4.8659891e-05
-4.8398448e-05
-4.814095e-05
-4.7887294e-05
-4.7637986e-05
-4.7392961e-05
-4.7151962e-05
-4.691537e-05
-4.6683288e-05
-4.6455392e-05
-4.6231686e-05
-4.6012725e-05
-4.5798056e-05
-4.5587559e-05
-4.5381336e-05
-4.5179719e-05
-4.4982301e-05
-4.4788983e-05
-4.4599762e-05
-4.4414942e-05
-4.4234267e-05
-4.4057507e-05
-4.3884672e-05
-4.3715725e-05
-4.3550895e-05
-4.3389912e-05
-4.3232584e-05
-4.3078878e-05
-4.2928784e-05
-4.278227e-05
-4.2639439e-05
-4.2500023e-05
-4.2363894e-05
-4.2231029e-05
-4.2101395e-05
-4.1974917e-05
-4.1851611e-05
-4.1731442e-05
-4.1614217e-05
-4.1499852e-05
-4.1388314e-05
-4.1279557e-05
-4.1173516e-05
-4.1070128e-05
-4.096936e-05
-4.0871241e-05
-4.0775597e-05
-4.0682336e-05
-4.0591425e-05
-4.0502825e-05
-4.041648e-05
-4.0332333e-05
-4.025033e-05
-4.0170426e-05
-4.0092558e-05
-4.0016765e-05
-3.9942954e-05
-3.9871023e-05
-3.9800926e-05
-3.9732636e-05
-3.966611e-05
-3.9601303e-05
-3.9538169e-05
-3.9476668e-05
-3.941676e-05
-3.9358405e-05
-3.9301562e-05
-3.9246198e-05
-3.9192227e-05
-4.7147471e-05
-4.7115506e-05
-4.7115901e-05
-4.7135011e-05
-4.7147216e-05
-4.7149264e-05
-4.7147631e-05
-4.7143879e-05
-4.7138145e-05
-4.7128773e-05
-4.7116448e-05
-4.7101344e-05
-4.7083268e-05
-4.7062892e-05
-4.7039379e-05
-4.7013835e-05
-4.6986651e-05
-4.6957044e-05
-4.6925601e-05
-4.6892127e-05
-4.6856295e-05
-4.6818968e-05
-4.6779698e-05
-4.6738492e-05
-4.6695893e-05
-4.6651463e-05
-4.6605322e-05
-4.6558045e-05
-4.650918e-05
-4.6458642e-05
-4.6407046e-05
-4.6353947e-05
-4.6299208e-05
-4.6243653e-05
-4.618681e-05
-4.6128447e-05
-4.606925e-05
-4.6009055e-05
-4.5947572e-05
-4.5885063e-05
-4.5821902e-05
-4.5757708e-05
-4.5692356e-05
-4.5626491e-05
-4.5559904e-05
-4.5492342e-05
-4.5423883e-05
-4.5355178e-05
-4.528577e-05
-4.5215492e-05
-4.5144557e-05
-4.5073458e-05
-4.5001776e-05
-4.4929386e-05
-4.485645e-05
-4.4783491e-05
-4.4710089e-05
-4.4636114e-05
-4.4561656e-05
-4.4487269e-05
-4.4412634e-05
-4.4337556e-05
-4.4262115e-05
-4.4186586e-05
-4.4111138e-05
-4.4035429e-05
-4.3959432e-05
-4.3883249e-05
-4.3807222e-05
-4.3731238e-05
-4.3655097e-05
-4.3578831e-05
-4.3502488e-05
-4.342636e-05
-4.3350423e-05
-4.3274462e-05
-4.31984e-05
-4.3122393e-05
-4.3046615e-05
-4.2971197e-05
-4.2834248e-05
-4.2639072e-05
-4.2444327e-05
-4.2248574e-05
-4.2053425e-05
-4.1859944e-05
-4.166769e-05
-4.1477329e-05
-4.1288486e-05
-4.1101478e-05
-4.0916695e-05
-4.0733759e-05
-4.0553375e-05
-4.0375333e-05
-4.0199516e-05
-4.0026454e-05
-3.9856055e-05
-3.9688076e-05
-3.9522918e-05
-3.936068e-05
-3.920105e-05
-3.9044062e-05
-3.889028e-05
-3.8739273e-05
-3.8590923e-05
-3.8445372e-05
-3.8302977e-05
-3.8163351e-05
-3.8026399e-05
-3.7892158e-05
-3.7760971e-05
-3.76326e-05
-3.7506828e-05
-3.7383684e-05
-3.7263176e-05
-3.7145571e-05
-3.7030614e-05
-3.6918125e-05
-3.6808097e-05
-3.670055e-05
-3.6595494e-05
-3.6493061e-05
-3.6392995e-05
-3.6295183e-05
-3.6199627e-05
-3.6106322e-05
-3.6015223e-05
-3.5926378e-05
-3.5839775e-05
-3.5755231e-05
-3.567268e-05
-3.5592112e-05
-3.5513503e-05
-3.5436811e-05
-3.5361994e-05
-3.5289049e-05
-3.5218028e-05
-3.5148763e-05
-3.5081176e-05
-3.5015254e-05
-3.4950977e-05
-3.4888308e-05
-3.4827204e-05
-3.4767629e-05
-3.4709555e-05
-3.465294e-05
-3.4597843e-05
-3.4544183e-05
-3.4491864e-05
-3.4440854e-05
-3.439114e-05
-3.4342695e-05
-3.4295485e-05
-3.4249479e-05
-3.4204648e-05
-3.4160965e-05
-3.4118402e-05
-3.4076929e-05
-3.4036523e-05
-3.3997139e-05
-3.4469515e-05
-3.4413162e-05
-3.4417872e-05
-3.4429696e-05
-3.4425784e-05
-3.4414361e-05
-3.440385e-05
-3.4393504e-05
-3.4382073e-05
-3.436833e-05
-3.435321e-05
-3.4336867e-05
-3.4319023e-05
-3.4300489e-05
-3.4280786e-05
-3.4260191e-05
-3.4238757e-05
-3.4215977e-05
-3.4192472e-05
-3.4167977e-05
-3.4142165e-05
-3.4115726e-05
-3.4088199e-05
-3.4059589e-05
-3.4030366e-05
-3.4000064e-05
-3.3968638e-05
-3.3936545e-05
-3.3903347e-05
-3.3869013e-05
-3.3834071e-05
-3.3798179e-05
-3.376115e-05
-3.3723596e-05
-3.3685169e-05
-3.3645655e-05
-3.360556e-05
-3.35648e-05
-3.3523171e-05
-3.3480829e-05
-3.3438064e-05
-3.3394636e-05
-3.3350415e-05
-3.330587e-05
-3.3260867e-05
-3.3215257e-05
-3.3169031e-05
-3.3122682e-05
-3.3075897e-05
-3.3028577e-05
-3.298082e-05
-3.2932998e-05
-3.2884824e-05
-3.2836232e-05
-3.2787279e-05
-3.2738359e-05
-3.268918e-05
-3.263968e-05
-3.2589865e-05
-3.2540142e-05
-3.2490294e-05
-3.2440199e-05
-3.2389904e-05
-3.2339568e-05
-3.2289332e-05
-3.2238961e-05
-3.2188453e-05
-3.2137842e-05
-3.2087365e-05
-3.2036958e-05
-3.1986483e-05
-3.1935975e-05
-3.1885439e-05
-3.1835073e-05
-3.1784865e-05
-3.1734678e-05
-3.1684469e-05
-3.1634325e-05
-3.1584347e-05
-3.1534521e-05
-3.1443367e-05
-3.1306283e-05
-3.1169812e-05
-3.1035062e-05
-3.0901673e-05
-3.0769512e-05
-3.0638291e-05
-3.050878e-05
-3.0380687e-05
-3.0254134e-05
-3.0129399e-05
-3.0006132e-05
-2.9884841e-05
-2.9765383e-05
-2.9647597e-05
-2.953186e-05
-2.9418107e-05
-2.9306121e-05
-2.9196166e-05
-2.9088311e-05
-2.8982347e-05
-2.8878215e-05
-2.8776344e-05
-2.8676422e-05
-2.8578365e-05
-2.8482215e-05
-2.838825e-05
-2.8296189e-05
-2.8205976e-05
-2.8117585e-05
-2.8031269e-05
-2.7946864e-05
-2.7864219e-05
-2.7783362e-05
-2.770425e-05
-2.7627088e-05
-2.7551696e-05
-2.7477957e-05
-2.7405868e-05
-2.7335439e-05
-2.7266642e-05
-2.719959e-05
-2.7134105e-05
-2.7070116e-05
-2.7007624e-05
-2.6946628e-05
-2.688708e-05
-2.6829008e-05
-2.6772412e-05
-2.6717172e-05
-2.6663244e-05
-2.6610624e-05
-2.6559296e-05
-2.6509229e-05
-2.6460391e-05
-2.6412766e-05
-2.6366404e-05
-2.6321191e-05
-2.6277076e-05
-2.6234055e-05
-2.6192113e-05
-2.6151225e-05
-2.6111363e-05
-2.6072501e-05
-2.6034623e-05
-2.5997687e-05
-2.5961742e-05
-2.5926734e-05
-2.5892599e-05
-2.5859321e-05
-2.582689e-05
-2.579529e-05
-2.5764496e-05
-2.5734489e-05
-2.570525e-05
-2.567676e-05
-2.5649003e-05
-2.5621955e-05
-2.5595608e-05
-2.55699e-05
-2.9743868e-05
-2.9740369e-05
-2.9740675e-05
-2.9759733e-05
-2.9780518e-05
-2.9794487e-05
-2.9804357e-05
-2.9812316e-05
-2.9819235e-05
-2.9823877e-05
-2.9826542e-05
-2.9827468e-05
-2.9826437e-05
-2.9824111e-05
-2.9820029e-05
-2.9814176e-05
-2.9806707e-05
-2.9797293e-05
-2.9786525e-05
-2.9774449e-05
-2.9760827e-05
-2.974628e-05
-2.9730486e-05
-2.9713362e-05
-2.9695358e-05
-2.9676198e-05
-2.9655844e-05
-2.9634716e-05
-2.9612552e-05
-2.9589353e-05
-2.9565586e-05
-2.9540994e-05
-2.9515395e-05
-2.9489403e-05
-2.9462747e-05
-2.9435222e-05
-2.94073e-05
-2.9378876e-05
-2.9349733e-05
-2.9320015e-05
-2.929e-05
-2.925944e-05
-2.9228189e-05
-2.9196707e-05
-2.9164856e-05
-2.9132469e-05
-2.9099572e-05
-2.9066686e-05
-2.9033448e-05
-2.8999717e-05
-2.8965645e-05
-2.8931627e-05
-2.8897306e-05
-2.886257e-05
-2.8827532e-05
-2.8792618e-05
-2.8757472e-05
-2.8721976e-05
-2.8686184e-05
-2.8650549e-05
-2.8614804e-05
-2.8578775e-05
-2.8542513e-05
-2.8506232e-05
-2.8470073e-05
-2.8433747e-05
-2.8397217e-05
-2.8360551e-05
-2.8324029e-05
-2.8287565e-05
-2.825097e-05
-2.8214261e-05
-2.8177473e-05
-2.8140852e-05
-2.810436e-05
-2.8067806e-05
-2.8031142e-05
-2.7994478e-05
-2.7957939e-05
-2.7921693e-05
-2.7856245e-05
-2.7766317e-05
-2.7676389e-05
-2.7584745e-05
-2.7492927e-05
-2.7401936e-05
-2.731132e-05
-2.7221527e-05
-2.7132161e-05
-2.7043476e-05
-2.6955744e-05
-2.6868622e-05
-2.6782651e-05
-2.6697654e-05
-2.6613464e-05
-2.6530551e-05
-2.6448798e-05
-2.6367982e-05
-2.6288442e-05
-2.6210246e-05
-2.6133139e-05
-2.6057123e-05
-2.5982694e-05
-2.5909492e-05
-2.5837409e-05
-2.576656e-05
-2.569728e-05
-2.5629248e-05
-2.5562377e-05
-2.5496702e-05
-2.543255e-05
-2.536973e-05
-2.5308063e-05
-2.5247584e-05
-2.518831e-05
-2.5130507e-05
-2.5073965e-05
-2.5018538e-05
-2.496424e-05
-2.4911109e-05
-2.4859166e-05
-2.4808557e-05
-2.4759068e-05
-2.4710618e-05
-2.4663227e-05
-2.4616911e-05
-2.4571648e-05
-2.4527503e-05
-2.4484484e-05
-2.4442446e-05
-2.4401347e-05
-2.4361197e-05
-2.4321995e-05
-2.4283719e-05
-2.424635e-05
-2.4209903e-05
-2.4174448e-05
-2.4139847e-05
-2.4106045e-05
-2.4073049e-05
-2.4040857e-05
-2.4009452e-05
-2.3978813e-05
-2.3948921e-05
-2.3919766e-05
-2.3891325e-05
-2.386367e-05
-2.3836742e-05
-2.3810465e-05
-2.3784825e-05
-2.3759823e-05
-2.373545e-05
-2.3711688e-05
-2.3688521e-05
-2.3665935e-05
-2.3643918e-05
-2.3622456e-05
-2.3601536e-05
-2.3581146e-05
-2.3561269e-05
-1.8814422e-05
-1.8764816e-05
-1.8777346e-05
-1.8789648e-05
-1.8785172e-05
-1.8776088e-05
-1.8769982e-05
-1.8765033e-05
-1.875963e-05
-1.8752981e-05
-1.8745969e-05
-1.873872e-05
-1.8730917e-05
-1.8722789e-05
-1.8713787e-05
-1.8704234e-05
-1.8694338e-05
-1.8683761e-05
-1.8672999e-05
-1.8661853e-05
-1.8650098e-05
-1.8638301e-05
-1.8626058e-05
-1.8613341e-05
-1.8600549e-05
-1.8587311e-05
-1.8573643e-05
-1.8559895e-05
-1.8545812e-05
-1.8531391e-05
-1.8517005e-05
-1.8502295e-05
-1.8487131e-05
-1.8472059e-05
-1.8456715e-05
-1.8440912e-05
-1.8425102e-05
-1.8409138e-05
-1.8392794e-05
-1.8376232e-05
-1.8359686e-05
-1.8342864e-05
-1.8325661e-05
-1.8308508e-05
-1.8291227e-05
-1.8273633e-05
-1.8255719e-05
-1.82379e-05
-1.8219872e-05
-1.820153e-05
-1.8182954e-05
-1.8164454e-05
-1.8145768e-05
-1.8126828e-05
-1.810768e-05
-1.8088651e-05
-1.8069479e-05
-1.8050096e-05
-1.8030507e-05
-1.8011052e-05
-1.7991536e-05
-1.7971843e-05
-1.7952004e-05
-1.7932153e-05
-1.7912404e-05
-1.7892549e-05
-1.7872572e-05
-1.7852499e-05
-1.783253e-05
-1.781261e-05
-1.7792602e-05
-1.777253e-05
-1.7752398e-05
-1.7732379e-05
-1.7712448e-05
-1.7692474e-05
-1.7672433e-05
-1.7652383e-05
-1.7632403e-05
-1.7612474e-05
-1.757545e-05
-1.7515932e-05
-1.7456943e-05
-1.7399702e-05
-1.7343294e-05
-1.7287321e-05
-1.7231564e-05
-1.7176727e-05
-1.7122482e-05
-1.7068899e-05
-1.7016161e-05
-1.6963948e-05
-1.6912668e-05
-1.6862185e-05
-1.6812305e-05
-1.6763381e-05
-1.6715317e-05
-1.6667907e-05
-1.6621388e-05
-1.6575807e-05
-1.6530976e-05
-1.6486833e-05
-1.6443769e-05
-1.6401508e-05
-1.6359967e-05
-1.6319185e-05
-1.6279434e-05
-1.6240462e-05
-1.6202217e-05
-1.6164684e-05
-1.6128115e-05
-1.6092369e-05
-1.6057313e-05
-1.6022984e-05
-1.5989354e-05
-1.5956636e-05
-1.5924672e-05
-1.5893363e-05
-1.5862723e-05
-1.5832778e-05
-1.5803514e-05
-1.5775059e-05
-1.5747256e-05
-1.5720051e-05
-1.5693463e-05
-1.5667506e-05
-1.5642151e-05
-1.5617438e-05
-1.5593385e-05
-1.5569894e-05
-1.5546943e-05
-1.5524538e-05
-1.5502677e-05
-1.5481347e-05
-1.5460534e-05
-1.5440225e-05
-1.5420475e-05
-1.5401205e-05
-1.5382391e-05
-1.5364038e-05
-1.5346146e-05
-1.53287e-05
-1.531169e-05
-1.5295102e-05
-1.5278936e-05
-1.526315e-05
-1.5247792e-05
-1.5232837e-05
-1.5218246e-05
-1.5204015e-05
-1.5190145e-05
-1.517663e-05
-1.5163457e-05
-1.5150619e-05
-1.5138108e-05
-1.5125915e-05
-1.5114034e-05
-1.5102454e-05
-1.5091176e-05
-1.5080154e-05
-2.0628916e-05
-2.0652338e-05
-2.0644628e-05
-2.0658553e-05
-2.0684218e-05
-2.070498e-05
-2.0719746e-05
-2.0731968e-05
-2.0743697e-05
-2.075392e-05
-2.0762226e-05
-2.0768863e-05
-2.0773658e-05
-2.0777186e-05
-2.0779189e-05
-2.0779722e-05
-2.0779111e-05
-2.0777022e-05
-2.0773815e-05
-2.0769514e-05
-2.0763744e-05
-2.0756993e-05
-2.0749216e-05
-2.0740277e-05
-2.0730551e-05
-2.0719952e-05
-2.070837e-05
-2.0696135e-05
-2.0683177e-05
-2.0669349e-05
-2.065498e-05
-2.0640049e-05
-2.0624294e-05
-2.0608117e-05
-2.059148e-05
-2.057416e-05
-2.0556431e-05
-2.0538326e-05
-2.0519749e-05
-2.0500682e-05
-2.0481339e-05
-2.0461686e-05
-2.0441523e-05
-2.0421108e-05
-2.0400451e-05
-2.037956e-05
-2.035826e-05
-2.0336879e-05
-2.0315307e-05
-2.0293525e-05
-2.0271471e-05
-2.0249413e-05
-2.022723e-05
-2.0204915e-05
-2.0182352e-05
-2.0159818e-05
-2.0137193e-05
-2.0114494e-05
-2.009159e-05
-2.0068727e-05
-2.0045839e-05
-2.0022893e-05
-1.9999876e-05
-1.9976799e-05
-1.9953794e-05
-1.9930768e-05
-1.9907743e-05
-1.9884653e-05
-1.9861615e-05
-1.9838644e-05
-1.9815681e-05
-1.9792762e-05
-1.9769817e-05
-1.9746946e-05
-1.9724176e-05
-1.9701452e-05
-1.9678768e-05
-1.9656149e-05
-1.9633569e-05
-1.9611229e-05
-1.9571517e-05
-1.9520506e-05
-1.9469573e-05
-1.9416853e-05
-1.9363884e-05
-1.9311783e-05
-1.9260027e-05
-1.9208863e-05
-1.9158024e-05
-1.9107632e-05
-1.9057964e-05
-1.9008691e-05
-1.8960122e-05
-1.8912264e-05
-1.8864884e-05
-1.8818269e-05
-1.8772424e-05
-1.8727153e-05
-1.8682613e-05
-1.8638881e-05
-1.8595881e-05
-1.8553448e-05
-1.8511919e-05
-1.8471137e-05
-1.843106e-05
-1.839162e-05
-1.8353062e-05
-1.8315236e-05
-1.8278131e-05
-1.824165e-05
-1.820599e-05
-1.8171088e-05
-1.8136858e-05
-1.8103341e-05
-1.8070434e-05
-1.8038316e-05
-1.80069e-05
-1.7976127e-05
-1.7946002e-05
-1.791654e-05
-1.7887673e-05
-1.7859528e-05
-1.7832006e-05
-1.7805072e-05
-1.7778738e-05
-1.7753011e-05
-1.7727847e-05
-1.7703262e-05
-1.7679292e-05
-1.7655863e-05
-1.7632957e-05
-1.7610584e-05
-1.758874e-05
-1.7567414e-05
-1.7546583e-05
-1.7526231e-05
-1.7506434e-05
-1.7487107e-05
-1.7468221e-05
-1.7449781e-05
-1.7431788e-05
-1.7414232e-05
-1.7397101e-05
-1.7380383e-05
-1.7364077e-05
-1.7348156e-05
-1.7332693e-05
-1.7317646e-05
-1.7302956e-05
-1.7288612e-05
-1.7274623e-05
-1.7260982e-05
-1.7247681e-05
-1.723471e-05
-1.7222061e-05
-1.7209728e-05
-1.7197703e-05
-1.718598e-05
-1.7174551e-05
-1.7163416e-05
-7.6286477e-06
-7.546396e-06
-7.557645e-06
-7.5833538e-06
-7.5966885e-06
-7.6037103e-06
-7.6107937e-06
-7.6183e-06
-7.6258365e-06
-7.6326485e-06
-7.6390387e-06
-7.6450636e-06
-7.6505573e-06
-7.6559382e-06
-7.660834e-06
-7.6654011e-06
-7.6697386e-06
-7.6735773e-06
-7.677301e-06
-7.6807248e-06
-7.6836773e-06
-7.6865976e-06
-7.6891717e-06
-7.6913765e-06
-7.6935311e-06
-7.6953496e-06
-7.6968423e-06
-7.6982878e-06
-7.6994232e-06
-7.7002408e-06
-7.7010534e-06
-7.7015936e-06
-7.7017648e-06
-7.701992e-06
-7.7019924e-06
-7.7016276e-06
-7.7012453e-06
-7.700735e-06
-7.6999232e-06
-7.6989308e-06
-7.6979443e-06
-7.6967373e-06
-7.695224e-06
-7.6937355e-06
-7.6921471e-06
-7.6903095e-06
-7.6882357e-06
-7.6862748e-06
-7.6841661e-06
-7.6818043e-06
-7.6792824e-06
-7.6768611e-06
-7.6743008e-06
-7.6715179e-06
-7.6685755e-06
-7.6657558e-06
-7.6628192e-06
-7.6596805e-06
-7.6563621e-06
-7.6531646e-06
-7.6499131e-06
-7.6464861e-06
-7.6429003e-06
-7.6392936e-06
-7.6357661e-06
-7.632126e-06
-7.6283342e-06
-7.6244206e-06
-7.6205792e-06
-7.616759e-06
-7.6128237e-06
-7.6087696e-06
-7.604618e-06
-7.6005398e-06
-7.5965029e-06
-7.5923739e-06
-7.5881304e-06
-7.5838093e-06
-7.5795191e-06
-7.5751879e-06
-7.5669647e-06
-7.5469306e-06
-7.525952e-06
-7.506469e-06
-7.4878183e-06
-7.4693619e-06
-7.4508338e-06
-7.4328087e-06
-7.4149844e-06
-7.3974549e-06
-7.3803052e-06
-7.3632785e-06
-7.3467133e-06
-7.3304579e-06
-7.3143368e-06
-7.2986866e-06
-7.2833651e-06
-7.268197e-06
-7.2534147e-06
-7.2390296e-06
-7.224853e-06
-7.2108643e-06
-7.1974104e-06
-7.1842237e-06
-7.1712098e-06
-7.1584441e-06
-7.1461712e-06
-7.1341499e-06
-7.1223098e-06
-7.1106733e-06
-7.0994861e-06
-7.0886053e-06
-7.0779016e-06
-7.0673996e-06
-7.0571139e-06
-7.0472533e-06
-7.0376593e-06
-7.0282322e-06
-7.0189886e-06
-7.009961e-06
-7.0011734e-06
-6.992746e-06
-6.9845215e-06
-6.9764481e-06
-6.9685501e-06
-6.9608475e-06
-6.9533321e-06
-6.9460661e-06
-6.9390651e-06
-6.932225e-06
-6.9255244e-06
-6.9189823e-06
-6.9126054e-06
-6.9063884e-06
-6.9003272e-06
-6.8944448e-06
-6.8888042e-06
-6.8833072e-06
-6.877923e-06
-6.872667e-06
-6.8675479e-06
-6.8625609e-06
-6.8577004e-06
-6.8529614e-06
-6.8483471e-06
-6.8438416e-06
-6.8395021e-06
-6.8352946e-06
-6.8311824e-06
-6.8271677e-06
-6.8232584e-06
-6.8194534e-06
-6.8157479e-06
-6.8121382e-06
-6.8086225e-06
-6.8051984e-06
-6.8018644e-06
-6.7986152e-06
-6.7954559e-06
-6.7923471e-06
-1.8710198e-05
-1.8765629e-05
-1.8728796e-05
-1.8684116e-05
-1.8652342e-05
-1.8625098e-05
-1.8596917e-05
-1.8566984e-05
-1.8537103e-05
-1.8506936e-05
-1.8476653e-05
-1.8446317e-05
-1.8415418e-05
-1.8384751e-05
-1.835378e-05
-1.8322609e-05
-1.8291543e-05
-1.8260027e-05
-1.8228676e-05
-1.819733e-05
-1.816552e-05
-1.8134037e-05
-1.8102482e-05
-1.8070612e-05
-1.8039038e-05
-1.8007387e-05
-1.797552e-05
-1.7943962e-05
-1.7912368e-05
-1.7880558e-05
-1.7849101e-05
-1.7817694e-05
-1.7785984e-05
-1.775471e-05
-1.7723561e-05
-1.7692163e-05
-1.766106e-05
-1.7630192e-05
-1.7599258e-05
-1.7568338e-05
-1.753781e-05
-1.7507407e-05
-1.7476847e-05
-1.7446679e-05
-1.7416771e-05
-1.7386895e-05
-1.7356897e-05
-1.7327407e-05
-1.7298101e-05
-1.7268788e-05
-1.7239456e-05
-1.7210586e-05
-1.7181877e-05
-1.7153188e-05
-1.7124487e-05
-1.7096293e-05
-1.7068296e-05
-1.7040359e-05
-1.7012382e-05
-1.698488e-05
-1.6957655e-05
-1.6930515e-05
-1.690342e-05
-1.6876531e-05
-1.6850078e-05
-1.6823795e-05
-1.6797605e-05
-1.6771463e-05
-1.6745681e-05
-1.6720251e-05
-1.6694956e-05
-1.666977e-05
-1.6644662e-05
-1.6619909e-05
-1.659551e-05
-1.6571252e-05
-1.6547101e-05
-1.6523073e-05
-1.6499317e-05
-1.6475903e-05
-1.6437051e-05
-1.6391934e-05
-1.6343729e-05
-1.6292263e-05
-1.6241409e-05
-1.619237e-05
-1.6144013e-05
-1.6096763e-05
-1.6050066e-05
-1.6004185e-05
-1.5959362e-05
-1.5915072e-05
-1.5871866e-05
-1.5829588e-05
-1.5787803e-05
-1.5747127e-05
-1.570737e-05
-1.5668156e-05
-1.5629864e-05
-1.5592556e-05
-1.5555936e-05
-1.5519841e-05
-1.5484919e-05
-1.5450767e-05
-1.5417181e-05
-1.5384198e-05
-1.5352305e-05
-1.5321124e-05
-1.5290502e-05
-1.5260394e-05
-1.5231263e-05
-1.5202909e-05
-1.5175085e-05
-1.5147814e-05
-1.512106e-05
-1.5095233e-05
-1.5070085e-05
-1.504542e-05
-1.5021248e-05
-1.4997619e-05
-1.4974545e-05
-1.4952276e-05
-1.4930547e-05
-1.4909243e-05
-1.4888395e-05
-1.4868038e-05
-1.4848144e-05
-1.4828818e-05
-1.4810115e-05
-1.4791848e-05
-1.4773961e-05
-1.4756481e-05
-1.4739421e-05
-1.472277e-05
-1.4706514e-05
-1.4690679e-05
-1.4675402e-05
-1.466051e-05
-1.4645933e-05
-1.4631691e-05
-1.4617801e-05
-1.4604252e-05
-1.4591033e-05
-1.4578132e-05
-1.4565554e-05
-1.4553267e-05
-1.4541404e-05
-1.4529904e-05
-1.4518668e-05
-1.4507685e-05
-1.4496972e-05
-1.448653e-05
-1.447635e-05
-1.4466422e-05
-1.445674e-05
-1.44473e-05
-1.4438096e-05
-1.4429125e-05
-1.4420377e-05
-1.4411871e-05
0.013614465
0.012205329
0.011657543
0.011167749
0.010672513
0.010187313
0.0097410177
0.009314677
0.008917001
0.0085351342
0.00817671
0.0078333575
0.0075101746
0.0072002032
0.0069069867
0.0066258809
0.0063590463
0.0061028738
0.0058592663
0.005625428
0.0054024451
0.0051881605
0.0049836122
0.0047867734
0.0045987094
0.0044174438
0.0042442659
0.0040773662
0.0039174782
0.0037634003
0.0036157603
0.0034734062
0.0033371088
0.0032056874
0.0030798321
0.0029582513
0.0028415522
0.0027287074
0.0026201555
0.0025149659
0.0024138059
0.0023160009
0.0022221581
0.0021314816
0.0020444904
0.0019604192
0.001879729
0.0018017295
0.0017268558
0.0016544419
0.0015848745
0.0015174761
0.0014527215
0.0013900866
0.001330146
0.0012724173
0.0012172396
0.0011642084
0.0011134381
0.0010641706
0.0010169091
0.00097142506
0.00092855052
0.0008870383
0.00084626079
0.00080684281
0.00076953475
0.00073371098
0.00069955046
0.00066670105
0.00063566382
0.00060555051
0.00057598121
0.00054757179
0.00052094702
0.00049560692
0.00047142588
0.00044817912
0.00042614256
0.0004049801
0.00038471575
0.00036530681
0.00034693592
0.00032925074
0.00031236315
0.00029636219
0.0002810227
0.00026645108
0.00025301684
0.00024009233
0.00022768392
0.00021578721
0.00020448947
0.00019368702
0.00018346619
0.00017381864
0.000164616
0.00015562586
0.00014714954
0.00013913363
0.0001315916
0.0001244324
0.00011790197
0.00011169878
0.00010548057
9.9480549e-05
9.3898429e-05
8.8646235e-05
8.3762287e-05
7.9079567e-05
7.4681192e-05
7.0506478e-05
6.6417558e-05
6.2476383e-05
5.8846588e-05
5.5450844e-05
5.2267564e-05
4.9238173e-05
4.6383001e-05
4.3663692e-05
4.1099006e-05
3.864875e-05
3.6329416e-05
3.4141033e-05
3.2103006e-05
3.0121757e-05
2.8299142e-05
2.6631452e-05
2.5032788e-05
2.3480657e-05
2.2018993e-05
2.062757e-05
1.9322781e-05
1.8076158e-05
1.6904937e-05
1.5808861e-05
1.4765771e-05
1.3736544e-05
1.2783373e-05
1.1887303e-05
1.1038564e-05
1.0220566e-05
9.4561283e-06
8.7731106e-06
8.1210626e-06
7.427171e-06
6.7771865e-06
6.172423e-06
5.6010369e-06
5.0429909e-06
4.5323206e-06
4.023705e-06
3.4991427e-06
2.9913768e-06
2.5157273e-06
2.0517585e-06
1.5800881e-06
1.1465954e-06
3.9033739e-07
4.941032e-07
0.013642421
0.012231264
0.011663642
0.011172741
0.01067648
0.010195777
0.0097434127
0.0093199914
0.0089185909
0.0085388022
0.0081778256
0.0078359452
0.0075109652
0.0072020548
0.0069075613
0.006627254
0.0063594827
0.0061039396
0.0058596129
0.00562629
0.0054027307
0.0051888813
0.0049838547
0.0047873926
0.0045989203
0.0044179875
0.004244453
0.0040778526
0.0039176471
0.0037638425
0.003615915
0.0034738136
0.0033372522
0.003206067
0.0030799665
0.0029586085
0.0028416792
0.0027290459
0.0026202762
0.0025152884
0.0024139212
0.0023163091
0.0022222683
0.0021317763
0.0020445958
0.0019607008
0.0018798295
0.0018019978
0.0017269514
0.0016546965
0.001584965
0.0015177166
0.0014528069
0.0013903128
0.0013302261
0.0012726291
0.0012173144
0.0011644055
0.0011135076
0.0010643534
0.0010169735
0.00097159389
0.00092860979
0.00088719359
0.00084631523
0.00080698521
0.00076958457
0.0007338411
0.00069959592
0.00066681957
0.0006357052
0.00060565828
0.00057601881
0.00054766961
0.00052098105
0.00049569552
0.0004714569
0.00044825964
0.00042617057
0.0004050531
0.00038474145
0.000365373
0.00034695892
0.00032931056
0.00031238411
0.00029641667
0.00028104174
0.0002665005
0.00025303414
0.00024013714
0.00022769962
0.00021582808
0.00020450376
0.00019372419
0.00018347924
0.0001738525
0.00016462789
0.0001556568
0.00014716042
0.00013916192
0.00013160157
0.00012445832
0.00011791113
0.0001117226
0.00010548898
9.9502477e-05
9.3906197e-05
8.8666485e-05
8.3769467e-05
7.9098332e-05
7.4687872e-05
7.0523914e-05
6.6423765e-05
6.249263e-05
5.8852378e-05
5.5466003e-05
5.227298e-05
4.9252338e-05
4.6388064e-05
4.3676953e-05
4.1103753e-05
3.8661175e-05
3.6333861e-05
3.4152678e-05
3.2107176e-05
3.0132667e-05
2.8303045e-05
2.6641667e-05
2.5036443e-05
2.349021e-05
2.2022409e-05
2.0636491e-05
1.9325966e-05
1.8084481e-05
1.690791e-05
1.5816602e-05
1.4768531e-05
1.3743748e-05
1.2785943e-05
1.1893968e-05
1.1040934e-05
1.0226739e-05
9.4583304e-06
8.7787991e-06
8.1230799e-06
7.4324157e-06
6.7790523e-06
6.1772319e-06
5.6027428e-06
5.0474036e-06
4.5338867e-06
4.0277381e-06
3.5005721e-06
2.9950583e-06
2.5170322e-06
2.0551055e-06
1.5812875e-06
1.1495023e-06
3.9156511e-07
4.962176e-07
0.013651121
0.012240279
0.01166324
0.011172068
0.010675875
0.010194807
0.0097430035
0.0093193724
0.0089183241
0.0085383798
0.0081776399
0.0078356465
0.0075108323
0.0072018404
0.0069074648
0.0066270958
0.0063594106
0.0061038183
0.0058595572
0.0056261933
0.0054026861
0.0051888015
0.0049838178
0.0047873249
0.0045988889
0.0044179287
0.0042444257
0.0040778004
0.0039176228
0.0037637954
0.0036158931
0.0034737704
0.0033372321
0.003206027
0.0030799479
0.002958571
0.0028416617
0.0027290106
0.0026202598
0.0025152548
0.0024139056
0.0023162771
0.0022222535
0.0021317459
0.0020445818
0.0019606718
0.0018798162
0.0018019702
0.0017269389
0.0016546704
0.0015849532
0.0015176921
0.0014527958
0.0013902898
0.0013302158
0.0012726076
0.0012173048
0.0011643855
0.0011134987
0.0010643349
0.0010169653
0.00097157685
0.00092860229
0.00088717796
0.00084630837
0.0008069709
0.00076957832
0.00073382805
0.00069959024
0.00066680772
0.00063570007
0.00060564753
0.00057601418
0.00054765988
0.00052097678
0.0004956866
0.00047145329
0.0004482517
0.00042616709
0.00040504613
0.00038473883
0.00036536647
0.000346956
0.00032930469
0.0003123818
0.0002964113
0.00028103956
0.00026649587
0.00025303223
0.00024013266
0.00022769773
0.00021582427
0.00020450211
0.00019372057
0.00018347777
0.00017384926
0.00016462656
0.00015565385
0.0001471592
0.00013915922
0.00013160048
0.00012445587
0.00011791014
0.00011172036
0.00010548807
9.9500418e-05
9.3905367e-05
8.8664586e-05
8.3768704e-05
7.9096593e-05
7.4687188e-05
7.0522288e-05
6.6423113e-05
6.2491129e-05
5.8851776e-05
5.5464605e-05
5.2272428e-05
4.9251028e-05
4.6387546e-05
4.3675733e-05
4.1103269e-05
3.8660032e-05
3.6333404e-05
3.4151607e-05
3.2106753e-05
3.0131664e-05
2.8302646e-05
2.664073e-05
2.503607e-05
2.348933e-05
2.2022061e-05
2.0635668e-05
1.9325637e-05
1.808372e-05
1.6907606e-05
1.5815879e-05
1.4768243e-05
1.3743091e-05
1.2785681e-05
1.1893341e-05
1.1040682e-05
1.0226172e-05
9.4581046e-06
8.7782625e-06
8.1228637e-06
7.4319317e-06
6.7788589e-06
6.176777e-06
5.6025587e-06
5.0469927e-06
4.5337205e-06
4.0273584e-06
3.5004179e-06
2.9947125e-06
2.5168915e-06
2.0547899e-06
1.5811579e-06
1.1492281e-06
3.9129926e-07
4.958153e-07
0.013656615
0.012246043
0.01166412
0.011171695
0.010675473
0.010194203
0.0097426926
0.0093189752
0.0089181239
0.0085381126
0.0081775015
0.0078354569
0.0075107322
0.0072017034
0.0069073919
0.0066269953
0.0063593572
0.0061037425
0.0058595171
0.0056261342
0.0054026551
0.0051887538
0.004983793
0.0047872853
0.0045988685
0.0044178948
0.0042444084
0.0040777708
0.0039176078
0.003763769
0.0036158798
0.0034737466
0.0033372202
0.0032060051
0.003079937
0.0029585507
0.0028416517
0.0027289915
0.0026202505
0.0025152369
0.0024138969
0.0023162602
0.0022222454
0.0021317299
0.0020445741
0.0019606566
0.0018798091
0.0018019559
0.0017269322
0.001654657
0.001584947
0.0015176794
0.0014527901
0.001390278
0.0013302105
0.0012725966
0.0012172999
0.0011643754
0.0011134943
0.0010643256
0.0010169613
0.00097156836
0.00092859865
0.0008871702
0.00084630508
0.00080696384
0.00076957536
0.00073382164
0.00069958759
0.00066680193
0.00063569771
0.00060564232
0.00057601209
0.00054765517
0.0005209748
0.00049568229
0.0004714518
0.00044824798
0.00042616553
0.00040504292
0.00038473797
0.00036536348
0.00034695472
0.00032930186
0.00031238093
0.00029640891
0.00028103867
0.00026649383
0.00025303153
0.00024013055
0.00022769696
0.00021582261
0.00020450147
0.00019371893
0.00018347723
0.00017384781
0.00016462608
0.00015565255
0.00014715877
0.00013915803
0.00013160011
0.00012445481
0.00011790982
0.00011171941
0.00010548778
9.9499535e-05
9.3905103e-05
8.8663774e-05
8.3768466e-05
7.9095863e-05
7.4686993e-05
7.0521601e-05
6.6422915e-05
6.2490503e-05
5.8851599e-05
5.5464025e-05
5.2272273e-05
4.9250481e-05
4.63874e-05
4.3675228e-05
4.1103134e-05
3.8659558e-05
3.6333274e-05
3.4151164e-05
3.2106638e-05
3.0131249e-05
2.8302534e-05
2.6640343e-05
2.5035967e-05
2.3488965e-05
2.2021963e-05
2.0635324e-05
1.932554e-05
1.8083407e-05
1.690752e-05
1.5815571e-05
1.4768156e-05
1.3742822e-05
1.2785607e-05
1.189307e-05
1.1040603e-05
1.0225936e-05
9.4580404e-06
8.7780307e-06
8.1227929e-06
7.4317298e-06
6.7788018e-06
6.1765786e-06
5.6024976e-06
5.0468183e-06
4.533668e-06
4.0271941e-06
3.5003669e-06
2.9945632e-06
2.5168449e-06
2.054653e-06
1.5811149e-06
1.1491089e-06
3.9111074e-07
4.9550447e-07
0.013661659
0.012250438
0.011665352
0.011171534
0.010675206
0.01019391
0.0097424361
0.0093187636
0.0089179597
0.0085379751
0.0081773887
0.0078353579
0.0075106493
0.0072016305
0.0069073314
0.0066269426
0.0063593137
0.0061037046
0.0058594857
0.0056261065
0.0054026319
0.005188733
0.0049837754
0.0047872692
0.0045988548
0.0044178821
0.0042443974
0.0040777604
0.0039175987
0.0037637603
0.0036158722
0.0034737391
0.0033372135
0.0032059986
0.0030799312
0.002958545
0.0028416466
0.0027289864
0.002620246
0.0025152323
0.0024138929
0.0023162561
0.0022222418
0.0021317262
0.0020445709
0.0019606533
0.0018798062
0.0018019529
0.0017269296
0.0016546543
0.0015849447
0.0015176771
0.0014527881
0.001390276
0.0013302088
0.0012725948
0.0012172984
0.0011643739
0.001113493
0.0010643243
0.0010169602
0.00097156721
0.00092859775
0.00088716924
0.00084630433
0.00080696303
0.00076957475
0.00073382097
0.00069958709
0.00066680139
0.00063569734
0.00060564189
0.00057601181
0.00054765481
0.00052097449
0.00049568194
0.00047145188
0.00044824784
0.00042616534
0.00040504312
0.00038473855
0.00036536342
0.00034695454
0.00032930185
0.00031238125
0.00029640889
0.00028103877
0.00026649412
0.00025303178
0.00024013047
0.00022769698
0.00021582287
0.00020450158
0.00019371898
0.00018347737
0.00017384794
0.00016462624
0.00015565268
0.00014715891
0.00013915815
0.00013160027
0.00012445495
0.00011791
0.00011171956
0.00010548794
9.9499678e-05
9.3905259e-05
8.8663906e-05
8.3768624e-05
7.9096018e-05
7.4687171e-05
7.052173e-05
6.6423059e-05
6.2490642e-05
5.8851741e-05
5.546416e-05
5.2272419e-05
4.9250602e-05
4.6387538e-05
4.3675351e-05
4.1103263e-05
3.8659669e-05
3.6333391e-05
3.4151271e-05
3.2106755e-05
3.0131349e-05
2.8302639e-05
2.6640438e-05
2.5036066e-05
2.348905e-05
2.2022055e-05
2.0635402e-05
1.9325621e-05
1.8083488e-05
1.6907597e-05
1.5815625e-05
1.4768223e-05
1.3742893e-05
1.2785675e-05
1.1893111e-05
1.1040655e-05
1.0225991e-05
9.4580957e-06
8.7780643e-06
8.1228341e-06
7.4317739e-06
6.7788464e-06
6.1766047e-06
5.6025296e-06
5.0468504e-06
4.5337006e-06
4.0272181e-06
3.5003936e-06
2.9945859e-06
2.516869e-06
2.0546719e-06
1.5811368e-06
1.1491251e-06
3.9097346e-07
4.9526804e-07
0.013666204
0.012253766
0.011665956
0.011171356
0.010674889
0.010193574
0.0097421159
0.0093185118
0.0089177513
0.0085378103
0.0081772446
0.0078352387
0.0075105429
0.0072015423
0.0069072533
0.0066268785
0.0063592573
0.0061036585
0.0058594449
0.0056260731
0.0054026018
0.0051887082
0.0049837528
0.0047872504
0.0045988371
0.0044178673
0.0042443832
0.0040777485
0.0039175871
0.0037637504
0.0036158624
0.0034737308
0.0033372052
0.0032059915
0.003079924
0.0029585388
0.0028416403
0.002728981
0.0026202403
0.0025152276
0.0024138879
0.0023162519
0.0022222373
0.0021317225
0.0020445669
0.00196065
0.0018798027
0.0018019501
0.0017269266
0.0016546519
0.001584942
0.001517675
0.0014527857
0.0013902741
0.0013302068
0.0012725933
0.0012172967
0.0011643726
0.0011134916
0.0010643233
0.001016959
0.0009715664
0.00092859676
0.00088716861
0.00084630353
0.00080696255
0.00076957412
0.00073382062
0.0006995866
0.00066680116
0.00063569699
0.00060564176
0.00057601158
0.00054765474
0.00052097419
0.00049568188
0.00047145202
0.00044824799
0.0004261652
0.00040504356
0.00038473925
0.00036536366
0.00034695445
0.00032930201
0.00031238164
0.00029640917
0.00028103894
0.00026649459
0.0002530321
0.00024013059
0.00022769709
0.0002158233
0.00020450177
0.00019371921
0.0001834776
0.00017384822
0.00016462648
0.00015565296
0.00014715913
0.00013915842
0.00013160051
0.00012445523
0.00011791025
0.00011171985
0.00010548817
9.9499943e-05
9.3905481e-05
8.8664152e-05
8.3768841e-05
7.9096282e-05
7.4687411e-05
7.052196e-05
6.6423257e-05
6.2490876e-05
5.8851937e-05
5.5464385e-05
5.2272617e-05
4.9250807e-05
4.6387722e-05
4.3675553e-05
4.1103438e-05
3.8659856e-05
3.6333549e-05
3.4151449e-05
3.2106912e-05
3.0131515e-05
2.8302782e-05
2.6640596e-05
2.5036201e-05
2.3489193e-05
2.202218e-05
2.0635532e-05
1.9325731e-05
1.8083621e-05
1.6907703e-05
1.5815724e-05
1.4768314e-05
1.3743009e-05
1.2785768e-05
1.1893189e-05
1.1040725e-05
1.0226083e-05
9.458173e-06
8.7781298e-06
8.1228903e-06
7.4318493e-06
6.7789081e-06
6.1766567e-06
5.6025753e-06
5.0469079e-06
4.5337465e-06
4.0272642e-06
3.5004316e-06
2.9946288e-06
2.5169036e-06
2.0547091e-06
1.5811682e-06
1.1491569e-06
3.9082466e-07
4.950135e-07
0.013671065
0.012256284
0.011666261
0.011171129
0.010674495
0.010193138
0.0097417104
0.0093181788
0.0089174814
0.0085375891
0.0081770568
0.0078350782
0.0075104037
0.007201423
0.0069071505
0.0066267912
0.0063591826
0.0061035952
0.0058593905
0.0056260267
0.0054025615
0.0051886734
0.0049837221
0.0047872236
0.0045988132
0.0044178461
0.004244364
0.0040777312
0.0039175712
0.003763736
0.0036158491
0.0034737186
0.0033371938
0.003205981
0.003079914
0.0029585295
0.0028416315
0.0027289729
0.0026202325
0.0025152203
0.0024138809
0.0023162454
0.0022222311
0.0021317167
0.0020445614
0.0019606448
0.0018797977
0.0018019455
0.0017269221
0.0016546478
0.0015849382
0.0015176714
0.0014527823
0.001390271
0.0013302038
0.0012725907
0.0012172942
0.0011643704
0.0011134894
0.0010643214
0.0010169572
0.00097156478
0.00092859524
0.00088716726
0.00084630227
0.00080696144
0.00076957309
0.00073381973
0.00069958576
0.00066680047
0.00063569635
0.00060564123
0.0005760111
0.0005476543
0.00052097371
0.00049568151
0.00047145201
0.00044824785
0.0004261649
0.00040504389
0.00038473997
0.00036536366
0.00034695422
0.0003293021
0.00031238205
0.00029640922
0.00028103907
0.00026649502
0.00025303241
0.00024013061
0.00022769715
0.00021582368
0.00020450194
0.00019371935
0.0001834778
0.00017384846
0.00016462671
0.0001556532
0.00014715934
0.00013915865
0.00013160075
0.00012445549
0.00011791052
0.00011172011
0.00010548841
9.950019e-05
9.3905712e-05
8.8664381e-05
8.3769075e-05
7.909654e-05
7.468767e-05
7.052218e-05
6.6423471e-05
6.2491104e-05
5.8852148e-05
5.5464606e-05
5.2272831e-05
4.9251008e-05
4.6387924e-05
4.3675754e-05
4.1103627e-05
3.8660041e-05
3.6333721e-05
3.4151625e-05
3.2107084e-05
3.013168e-05
2.8302938e-05
2.6640753e-05
2.5036347e-05
2.3489335e-05
2.2022315e-05
2.0635662e-05
1.9325852e-05
1.8083753e-05
1.6907817e-05
1.5815819e-05
1.4768414e-05
1.3743124e-05
1.2785868e-05
1.1893265e-05
1.1040803e-05
1.0226173e-05
9.458255e-06
8.7781919e-06
8.1229522e-06
7.4319224e-06
6.7789739e-06
6.1767056e-06
5.6026244e-06
5.0469629e-06
4.5337955e-06
4.0273074e-06
3.5004723e-06
2.9946691e-06
2.5169403e-06
2.0547437e-06
1.5812014e-06
1.1491864e-06
3.9065571e-07
4.9472809e-07
0.013676151
0.01225826
0.011666363
0.011170871
0.010674037
0.010192614
0.0097412195
0.0093177669
0.0089171462
0.0085373111
0.0081768214
0.0078348753
0.0075102284
0.0072012715
0.0069070203
0.0066266796
0.0063590872
0.0061035136
0.0058593206
0.0056259666
0.0054025095
0.005188628
0.0049836825
0.0047871887
0.0045987822
0.0044178183
0.0042443391
0.0040777086
0.0039175507
0.0037637172
0.0036158317
0.0034737025
0.0033371789
0.0032059671
0.0030799011
0.0029585174
0.0028416201
0.0027289621
0.0026202224
0.0025152107
0.0024138719
0.0023162368
0.002222223
0.002131709
0.0020445541
0.001960638
0.0018797913
0.0018019394
0.0017269164
0.0016546424
0.0015849331
0.0015176666
0.0014527779
0.0013902669
0.0013302
0.0012725871
0.0012172908
0.0011643673
0.0011134866
0.0010643187
0.0010169548
0.00097156256
0.00092859322
0.0008871654
0.00084630059
0.0008069599
0.0007695717
0.00073381847
0.00069958463
0.00066679946
0.00063569547
0.00060564044
0.00057601043
0.00054765364
0.00052097303
0.00049568099
0.00047145187
0.00044824762
0.00042616451
0.00040504407
0.00038474061
0.00036536365
0.00034695395
0.00032930202
0.00031238239
0.00029640933
0.00028103916
0.00026649538
0.00025303269
0.00024013061
0.00022769723
0.00021582403
0.00020450211
0.0001937195
0.00018347802
0.00017384869
0.00016462696
0.00015565344
0.00014715958
0.00013915889
0.00013160101
0.00012445576
0.0001179108
0.00011172039
0.00010548868
9.9500456e-05
9.3905972e-05
8.866463e-05
8.3769334e-05
7.9096818e-05
7.4687957e-05
7.0522422e-05
6.6423711e-05
6.2491354e-05
5.8852387e-05
5.546485e-05
5.2273072e-05
4.925123e-05
4.638815e-05
4.3675975e-05
4.1103842e-05
3.8660245e-05
3.6333917e-05
3.415182e-05
3.2107279e-05
3.0131863e-05
2.8303115e-05
2.6640926e-05
2.5036513e-05
2.3489492e-05
2.2022469e-05
2.0635805e-05
1.9325988e-05
1.8083899e-05
1.6907949e-05
1.5815924e-05
1.4768527e-05
1.3743251e-05
1.2785982e-05
1.1893348e-05
1.104089e-05
1.0226273e-05
9.4583493e-06
8.778261e-06
8.1230209e-06
7.4320035e-06
6.7790491e-06
6.176759e-06
5.6026798e-06
5.0470235e-06
4.5338511e-06
4.0273549e-06
3.5005183e-06
2.9947133e-06
2.5169819e-06
2.0547815e-06
1.5812391e-06
1.1492185e-06
3.9047002e-07
4.9441708e-07
0.013680674
0.012259848
0.011666288
0.011170592
0.010673521
0.010192008
0.0097406405
0.0093172723
0.008916739
0.0085369714
0.0081765323
0.0078346256
0.0075100118
0.0072010837
0.0069068582
0.0066265402
0.0063589676
0.006103411
0.0058592323
0.0056258905
0.0054024435
0.0051885705
0.004983632
0.0047871442
0.0045987427
0.004417783
0.0042443073
0.0040776799
0.0039175245
0.0037636932
0.0036158097
0.0034736822
0.00333716
0.0032059495
0.0030798846
0.002958502
0.0028416056
0.0027289485
0.0026202095
0.0025151986
0.0024138604
0.0023162259
0.0022222127
0.0021316993
0.0020445449
0.0019606293
0.0018797831
0.0018019316
0.0017269091
0.0016546355
0.0015849267
0.0015176606
0.0014527723
0.0013902616
0.0013301951
0.0012725825
0.0012172866
0.0011643634
0.001113483
0.0010643154
0.0010169517
0.00097155974
0.00092859065
0.00088716304
0.00084629843
0.00080695793
0.00076956992
0.00073381685
0.00069958317
0.00066679816
0.00063569433
0.00060563941
0.00057600953
0.00054765277
0.0005209722
0.00049568031
0.0004714516
0.00044824724
0.00042616399
0.00040504423
0.00038474128
0.00036536351
0.00034695357
0.00032930199
0.00031238277
0.0002964093
0.00028103925
0.00026649578
0.00025303297
0.00024013059
0.00022769729
0.00021582441
0.00020450229
0.00019371963
0.00018347825
0.00017384895
0.00016462722
0.00015565371
0.00014715983
0.00013915915
0.0001316013
0.00012445606
0.00011791112
0.00011172071
0.00010548898
9.9500752e-05
9.390626e-05
8.8664908e-05
8.3769626e-05
7.9097131e-05
7.468828e-05
7.0522694e-05
6.6423981e-05
6.2491636e-05
5.8852656e-05
5.5465125e-05
5.2273343e-05
4.9251483e-05
4.6388407e-05
4.3676226e-05
4.1104084e-05
3.8660477e-05
3.6334139e-05
3.4152042e-05
3.21075e-05
3.013207e-05
2.8303316e-05
2.6641123e-05
2.5036702e-05
2.3489671e-05
2.2022644e-05
2.0635969e-05
1.9326144e-05
1.8084065e-05
1.6908096e-05
1.5816046e-05
1.4768657e-05
1.3743395e-05
1.278611e-05
1.1893446e-05
1.1040991e-05
1.0226386e-05
9.4584548e-06
8.7783414e-06
8.1231014e-06
7.4320951e-06
6.7791336e-06
6.1768216e-06
5.6027439e-06
5.0470926e-06
4.5339144e-06
4.0274096e-06
3.5005713e-06
2.994764e-06
2.5170296e-06
2.054825e-06
1.5812823e-06
1.1492554e-06
3.9026985e-07
4.940837e-07
0.013684507
0.012261211
0.011666118
0.011170304
0.010672956
0.010191321
0.0097399696
0.0093166875
0.008916251
0.0085365613
0.0081761815
0.0078343215
0.007509747
0.0072008533
0.0069066584
0.0066263677
0.0063588189
0.006103283
0.0058591218
0.005625795
0.0054023604
0.005188498
0.0049835683
0.004787088
0.0045986927
0.0044177384
0.0042442671
0.0040776435
0.0039174914
0.003763663
0.0036157819
0.0034736565
0.0033371362
0.0032059273
0.0030798639
0.0029584826
0.0028415874
0.0027289313
0.0026201934
0.0025151833
0.0024138459
0.0023162123
0.0022221998
0.0021316871
0.0020445334
0.0019606184
0.0018797728
0.0018019219
0.0017269
0.0016546269
0.0015849186
0.0015176531
0.0014527652
0.001390255
0.0013301889
0.0012725768
0.0012172813
0.0011643584
0.0011134784
0.0010643112
0.0010169478
0.00097155619
0.00092858739
0.00088716007
0.00084629571
0.00080695545
0.00076956767
0.0007338148
0.00069958131
0.0006667965
0.00063569285
0.00060563808
0.00057600837
0.00054765166
0.00052097112
0.00049567945
0.00047145114
0.00044824674
0.00042616333
0.00040504425
0.00038474183
0.00036536335
0.00034695314
0.0003293018
0.00031238305
0.00029640932
0.00028103928
0.00026649613
0.00025303321
0.00024013057
0.00022769736
0.00021582476
0.00020450245
0.00019371979
0.00018347849
0.00017384921
0.0001646275
0.00015565399
0.0001471601
0.00013915943
0.00013160161
0.00012445638
0.00011791145
0.00011172105
0.0001054893
9.9501077e-05
9.3906577e-05
8.8665216e-05
8.3769945e-05
7.9097473e-05
7.4688632e-05
7.0522997e-05
6.6424282e-05
6.2491948e-05
5.8852954e-05
5.546543e-05
5.2273644e-05
4.9251764e-05
4.6388691e-05
4.3676506e-05
4.1104355e-05
3.8660736e-05
3.6334387e-05
3.415229e-05
3.2107745e-05
3.0132303e-05
2.830354e-05
2.6641343e-05
2.5036913e-05
2.3489872e-05
2.2022839e-05
2.0636153e-05
1.9326318e-05
1.8084251e-05
1.6908263e-05
1.5816184e-05
1.4768802e-05
1.3743555e-05
1.2786255e-05
1.1893557e-05
1.1041103e-05
1.0226512e-05
9.4585745e-06
8.778433e-06
8.1231906e-06
7.4321983e-06
6.779229e-06
6.1768926e-06
5.602816e-06
5.0471705e-06
4.5339857e-06
4.0274717e-06
3.5006309e-06
2.9948214e-06
2.5170836e-06
2.0548744e-06
1.5813309e-06
1.1492972e-06
3.9005674e-07
4.9372941e-07
0.013687616
0.012262664
0.011666003
0.011170015
0.01067235
0.010190555
0.0097392045
0.0093160052
0.0089156734
0.0085360713
0.0081757601
0.0078339546
0.007509426
0.0072005728
0.006906414
0.0066261557
0.0063586352
0.0061031242
0.0058589842
0.0056256756
0.0054022564
0.0051884071
0.0049834882
0.0047870173
0.0045986298
0.0044176822
0.0042442165
0.0040775978
0.0039174497
0.0037636249
0.0036157469
0.0034736242
0.0033371062
0.0032058995
0.0030798379
0.0029584582
0.0028415645
0.0027289098
0.0026201731
0.0025151642
0.0024138279
0.0023161952
0.0022221836
0.0021316718
0.0020445189
0.0019606047
0.0018797599
0.0018019098
0.0017268885
0.0016546162
0.0015849085
0.0015176436
0.0014527563
0.0013902468
0.0013301812
0.0012725696
0.0012172747
0.0011643523
0.0011134727
0.001064306
0.001016943
0.00097155174
0.00092858331
0.00088715632
0.00084629228
0.00080695232
0.00076956482
0.00073381221
0.00069957896
0.00066679439
0.00063569096
0.00060563638
0.00057600686
0.00054765022
0.00052096977
0.00049567833
0.00047145046
0.00044824601
0.00042616248
0.00040504418
0.00038474233
0.000365363
0.00034695255
0.0003293016
0.00031238331
0.00029640915
0.00028103927
0.00026649646
0.00025303341
0.0002401305
0.00022769738
0.00021582511
0.0002045026
0.00019371991
0.00018347871
0.00017384947
0.00016462778
0.00015565427
0.00014716037
0.00013915972
0.00013160193
0.00012445672
0.00011791181
0.0001117214
0.00010548965
9.9501423e-05
9.3906914e-05
8.8665546e-05
8.3770291e-05
7.9097845e-05
7.4689014e-05
7.0523326e-05
6.6424608e-05
6.2492287e-05
5.885328e-05
5.5465763e-05
5.2273973e-05
4.9252073e-05
4.6389003e-05
4.3676813e-05
4.1104651e-05
3.8661021e-05
3.633466e-05
3.4152563e-05
3.2108016e-05
3.013256e-05
2.8303788e-05
2.6641586e-05
2.5037146e-05
2.3490095e-05
2.2023055e-05
2.0636356e-05
1.9326513e-05
1.8084455e-05
1.6908446e-05
1.5816339e-05
1.4768964e-05
1.3743731e-05
1.2786413e-05
1.1893683e-05
1.1041229e-05
1.0226651e-05
9.4587054e-06
8.7785362e-06
8.1232919e-06
7.4323115e-06
6.7793337e-06
6.1769731e-06
5.6028972e-06
5.0472567e-06
4.5340648e-06
4.027541e-06
3.5006977e-06
2.9948853e-06
2.5171437e-06
2.0549294e-06
1.5813853e-06
1.1493438e-06
3.8983257e-07
4.9335534e-07
0.013689992
0.012264468
0.011666018
0.011169737
0.010671716
0.010189718
0.0097383451
0.0093152199
0.0089149973
0.008535492
0.0081752583
0.0078335155
0.0075090401
0.0072002339
0.0069061171
0.0066258968
0.0063584098
0.0061029284
0.0058588138
0.0056255273
0.0054021267
0.0051882935
0.004983388
0.0047869286
0.0045985508
0.0044176116
0.0042441529
0.0040775403
0.0039173974
0.0037635771
0.0036157029
0.0034735836
0.0033370686
0.0032058646
0.0030798053
0.0029584278
0.0028415359
0.0027288829
0.0026201478
0.0025151403
0.0024138053
0.0023161739
0.0022221635
0.0021316527
0.0020445009
0.0019605878
0.0018797438
0.0018018947
0.0017268743
0.0016546028
0.0015848959
0.0015176318
0.0014527453
0.0013902365
0.0013301716
0.0012725607
0.0012172664
0.0011643446
0.0011134656
0.0010642994
0.001016937
0.00097154618
0.0009285782
0.00088715164
0.00084628799
0.00080694839
0.00076956123
0.00073380895
0.00069957598
0.00066679171
0.00063568855
0.00060563421
0.00057600493
0.00054764839
0.00052096805
0.00049567691
0.00047144947
0.00044824506
0.00042616139
0.00040504384
0.00038474261
0.00036536257
0.00034695183
0.00032930116
0.0003123834
0.000296409
0.00028103915
0.0002664967
0.00025303353
0.00024013038
0.00022769738
0.0002158254
0.00020450271
0.00019372001
0.00018347891
0.00017384971
0.00016462805
0.00015565455
0.00014716065
0.00013916002
0.00013160226
0.00012445707
0.00011791218
0.00011172177
0.00010549001
9.9501785e-05
9.3907272e-05
8.8665897e-05
8.3770655e-05
7.9098236e-05
7.4689418e-05
7.0523679e-05
6.6424959e-05
6.2492652e-05
5.885363e-05
5.5466121e-05
5.2274327e-05
4.9252407e-05
4.638934e-05
4.3677144e-05
4.1104973e-05
3.8661331e-05
3.6334957e-05
3.415286e-05
3.210831e-05
3.0132839e-05
2.8304059e-05
2.6641851e-05
2.50374e-05
2.3490337e-05
2.2023291e-05
2.0636579e-05
1.9326725e-05
1.8084677e-05
1.6908648e-05
1.581651e-05
1.4769141e-05
1.3743923e-05
1.2786587e-05
1.1893821e-05
1.1041367e-05
1.0226804e-05
9.4588499e-06
8.7786504e-06
8.1234024e-06
7.4324362e-06
6.7794494e-06
6.1770618e-06
5.6029864e-06
5.0473515e-06
4.5341521e-06
4.0276176e-06
3.5007712e-06
2.9949558e-06
2.5172101e-06
2.0549903e-06
1.5814453e-06
1.1493952e-06
3.8959948e-07
4.9296358e-07
0.013691682
0.01226658
0.011666124
0.011169479
0.010671067
0.01018882
0.0097373939
0.0093143282
0.0089142151
0.0085348137
0.0081746662
0.0078329943
0.0075085796
0.0071998271
0.0069057588
0.0066255826
0.0063581347
0.0061026881
0.0058586037
0.0056253438
0.0054019657
0.005188152
0.004983263
0.0047868177
0.0045984519
0.0044175231
0.0042440732
0.0040774681
0.0039173317
0.0037635171
0.0036156478
0.0034735329
0.0033370216
0.0032058209
0.0030797645
0.0029583897
0.0028415002
0.0027288494
0.0026201162
0.0025151105
0.0024137772
0.0023161474
0.0022221384
0.0021316291
0.0020444785
0.0019605666
0.0018797239
0.0018018759
0.0017268566
0.0016545861
0.0015848803
0.0015176172
0.0014527316
0.0013902237
0.0013301597
0.0012725496
0.0012172561
0.0011643351
0.0011134568
0.0010642912
0.0010169294
0.00097153924
0.00092857183
0.00088714578
0.00084628262
0.00080694347
0.00076955674
0.00073380485
0.00069957225
0.00066678834
0.00063568551
0.00060563146
0.00057600245
0.00054764606
0.0005209659
0.00049567508
0.00047144812
0.00044824375
0.00042616
0.00040504331
0.00038474272
0.00036536185
0.00034695088
0.00032930063
0.0003123834
0.00029640859
0.00028103893
0.00026649687
0.00025303355
0.00024013016
0.00022769729
0.00021582563
0.00020450277
0.00019372006
0.00018347908
0.00017384993
0.00016462829
0.00015565481
0.0001471609
0.0001391603
0.00013160257
0.00012445742
0.00011791255
0.00011172215
0.00010549037
9.9502157e-05
9.3907639e-05
8.8666259e-05
8.3771036e-05
7.9098647e-05
7.4689842e-05
7.052405e-05
6.6425328e-05
6.2493036e-05
5.8854001e-05
5.5466501e-05
5.2274703e-05
4.9252764e-05
4.63897e-05
4.36775e-05
4.1105317e-05
3.8661663e-05
3.6335277e-05
3.415318e-05
3.2108626e-05
3.013314e-05
2.830435e-05
2.6642136e-05
2.5037674e-05
2.34906e-05
2.2023546e-05
2.0636821e-05
1.9326955e-05
1.8084917e-05
1.6908865e-05
1.5816697e-05
1.4769334e-05
1.374413e-05
1.2786775e-05
1.1893974e-05
1.104152e-05
1.0226968e-05
9.459005e-06
8.7787763e-06
8.123525e-06
7.4325707e-06
6.7795742e-06
6.1771601e-06
5.6030846e-06
5.0474546e-06
4.5342471e-06
4.0277016e-06
3.500852e-06
2.9950328e-06
2.5172828e-06
2.0550569e-06
1.5815109e-06
1.1494515e-06
3.8935992e-07
4.9256503e-07
0.01369265
0.012268888
0.011666295
0.011169257
0.010670422
0.010187876
0.0097363568
0.0093133302
0.0089133209
0.008534028
0.0081739741
0.0078323809
0.0075080342
0.0071993426
0.0069053294
0.0066252036
0.006357801
0.0061023951
0.0058583462
0.0056251177
0.0054017665
0.0051879764
0.0049831074
0.0047866796
0.0045983284
0.0044174124
0.0042439734
0.0040773778
0.0039172495
0.003763442
0.0036155788
0.0034734693
0.0033369627
0.0032057662
0.0030797136
0.0029583421
0.0028414556
0.0027288075
0.0026200768
0.0025150734
0.0024137422
0.0023161143
0.0022221072
0.0021315996
0.0020444507
0.0019605403
0.0018796991
0.0018018525
0.0017268346
0.0016545655
0.0015848608
0.001517599
0.0014527146
0.0013902078
0.0013301448
0.0012725358
0.0012172433
0.0011643232
0.0011134458
0.0010642811
0.0010169201
0.00097153061
0.00092856388
0.00088713848
0.00084627592
0.00080693733
0.00076955113
0.00073379972
0.00069956756
0.0006667841
0.00063568167
0.00060562797
0.00057599932
0.00054764311
0.00052096316
0.00049567275
0.00047144629
0.00044824206
0.00042615823
0.00040504238
0.00038474251
0.00036536092
0.00034694969
0.00032929978
0.00031238314
0.0002964081
0.00028103853
0.00026649685
0.00025303343
0.00024012984
0.00022769711
0.00021582577
0.00020450274
0.00019372005
0.00018347918
0.00017385008
0.00016462848
0.00015565503
0.00014716113
0.00013916055
0.00013160287
0.00012445775
0.0001179129
0.00011172251
0.00010549074
9.9502528e-05
9.3908009e-05
8.8666627e-05
8.3771422e-05
7.9099067e-05
7.4690277e-05
7.0524436e-05
6.6425713e-05
6.2493437e-05
5.885439e-05
5.5466899e-05
5.2275098e-05
4.9253139e-05
4.6390078e-05
4.3677874e-05
4.1105682e-05
3.8662015e-05
3.6335617e-05
3.4153519e-05
3.2108962e-05
3.0133461e-05
2.8304662e-05
2.6642441e-05
2.5037967e-05
2.349088e-05
2.2023819e-05
2.063708e-05
1.9327202e-05
1.8085174e-05
1.6909099e-05
1.5816899e-05
1.4769542e-05
1.3744352e-05
1.2786977e-05
1.189414e-05
1.1041683e-05
1.0227145e-05
9.4591734e-06
8.7789126e-06
8.1236562e-06
7.432716e-06
6.7797093e-06
6.1772666e-06
5.6031909e-06
5.047566e-06
4.53435e-06
4.0277927e-06
3.5009394e-06
2.9951163e-06
2.5173618e-06
2.0551293e-06
1.5815823e-06
1.1495126e-06
3.8911652e-07
4.9217455e-07
0.013692799
0.012271389
0.011666541
0.011169086
0.010669798
0.010186903
0.0097352447
0.00931223
0.0089123121
0.008533128
0.0081731732
0.0078316655
0.0075073938
0.0071987699
0.0069048185
0.0066247497
0.0063573987
0.0061020397
0.0058580321
0.0056248405
0.0054015213
0.0051877594
0.0049829146
0.0047865079
0.0045981747
0.0044172743
0.0042438487
0.0040772649
0.0039171467
0.0037633481
0.0036154925
0.0034733898
0.0033368891
0.003205698
0.00307965
0.0029582827
0.0028413999
0.0027287554
0.0026200277
0.0025150272
0.0024136986
0.0023160732
0.0022220683
0.0021315629
0.0020444161
0.0019605077
0.0018796683
0.0018018235
0.0017268072
0.0016545398
0.0015848367
0.0015175764
0.0014526934
0.001390188
0.0013301264
0.0012725187
0.0012172274
0.0011643085
0.0011134322
0.0010642685
0.0010169084
0.00097151986
0.000928554
0.00088712939
0.00084626756
0.00080692966
0.00076954411
0.0007337933
0.00069956169
0.00066677877
0.00063567683
0.00060562357
0.00057599533
0.0005476394
0.00052095975
0.00049566978
0.00047144389
0.0004482398
0.00042615595
0.00040504108
0.00038474195
0.00036535957
0.00034694815
0.00032929873
0.00031238268
0.00029640725
0.00028103793
0.00026649668
0.00025303313
0.00024012934
0.00022769678
0.00021582578
0.00020450261
0.00019371992
0.00018347919
0.00017385016
0.00016462861
0.00015565518
0.0001471613
0.00013916077
0.00013160313
0.00012445805
0.00011791323
0.00011172286
0.00010549109
9.9502888e-05
9.3908371e-05
8.866699e-05
8.3771809e-05
7.909949e-05
7.4690718e-05
7.0524826e-05
6.6426106e-05
6.2493848e-05
5.8854789e-05
5.546731e-05
5.2275506e-05
4.9253529e-05
4.6390473e-05
4.3678265e-05
4.1106062e-05
3.8662384e-05
3.6335973e-05
3.4153876e-05
3.2109316e-05
3.01338e-05
2.830499e-05
2.6642763e-05
2.5038278e-05
2.3491178e-05
2.2024108e-05
2.0637355e-05
1.9327466e-05
1.8085446e-05
1.6909347e-05
1.5817116e-05
1.4769764e-05
1.3744586e-05
1.2787191e-05
1.1894318e-05
1.1041859e-05
1.0227334e-05
9.4593516e-06
8.77906e-06
8.123799e-06
7.4328703e-06
6.7798529e-06
6.1773823e-06
5.6033058e-06
5.0476852e-06
4.5344602e-06
4.0278909e-06
3.5010338e-06
2.9952061e-06
2.5174469e-06
2.0552072e-06
1.5816591e-06
1.1495785e-06
3.8887219e-07
4.917905e-07
0.013692082
0.012274092
0.011666872
0.01116898
0.010669216
0.010185924
0.0097340742
0.0093110364
0.00891119
0.00853211
0.0081722567
0.0078308397
0.007506649
0.0071980991
0.0069042156
0.0066242104
0.0063569174
0.0061016117
0.0058576516
0.0056245029
0.0054012211
0.0051874925
0.0049826765
0.0047862952
0.0045979838
0.0044171027
0.0042436934
0.0040771241
0.0039170182
0.0037632307
0.0036153846
0.0034732904
0.0033367972
0.0032056127
0.0030795705
0.0029582086
0.0028413305
0.0027286903
0.0026199665
0.0025149697
0.0024136443
0.002316022
0.00222202
0.0021315174
0.0020443731
0.0019604671
0.00187963
0.0018017875
0.0017267733
0.001654508
0.0015848068
0.0015175484
0.0014526672
0.0013901635
0.0013301036
0.0012724975
0.0012172076
0.0011642902
0.0011134152
0.0010642528
0.0010168939
0.0009715065
0.00092854169
0.00088711808
0.00084625716
0.00080692011
0.00076953535
0.00073378528
0.00069955435
0.00066677209
0.00063567076
0.00060561804
0.00057599032
0.00054763472
0.00052095544
0.00049566602
0.00047144074
0.00044823692
0.00042615309
0.00040503917
0.00038474086
0.00036535784
0.00034694621
0.00032929718
0.0003123818
0.0002964062
0.00028103702
0.00026649623
0.00025303257
0.00024012863
0.00022769629
0.00021582561
0.0002045023
0.00019371966
0.00018347909
0.00017385013
0.00016462863
0.00015565526
0.0001471614
0.00013916091
0.00013160334
0.0001244583
0.00011791352
0.00011172317
0.00010549141
9.9503222e-05
9.3908714e-05
8.8667338e-05
8.3772183e-05
7.9099904e-05
7.4691153e-05
7.0525217e-05
6.6426498e-05
6.2494262e-05
5.8855194e-05
5.5467727e-05
5.2275923e-05
4.9253929e-05
4.6390878e-05
4.3678668e-05
4.1106456e-05
3.8662766e-05
3.6336344e-05
3.4154247e-05
3.2109684e-05
3.0134153e-05
2.8305334e-05
2.6643099e-05
2.5038602e-05
2.349149e-05
2.2024412e-05
2.0637645e-05
1.9327743e-05
1.8085732e-05
1.690961e-05
1.5817346e-05
1.4769998e-05
1.3744834e-05
1.2787419e-05
1.1894508e-05
1.1042045e-05
1.0227533e-05
9.4595414e-06
8.7792169e-06
8.1239497e-06
7.4330346e-06
6.780006e-06
6.1775056e-06
5.6034279e-06
5.0478122e-06
4.5345779e-06
4.0279958e-06
3.5011345e-06
2.995302e-06
2.5175378e-06
2.0552905e-06
1.5817413e-06
1.1496489e-06
3.8863008e-07
4.9140453e-07
0.013690582
0.012276995
0.011667291
0.011168955
0.010668697
0.010184964
0.0097328676
0.0093097629
0.0089099615
0.0085309741
0.0081712208
0.0078298971
0.0075057916
0.0071973208
0.006903511
0.0066235753
0.0063563464
0.0061011003
0.0058571939
0.0056240942
0.0054008557
0.0051871662
0.0049823841
0.0047860331
0.0045977478
0.0044168899
0.0042435005
0.0040769489
0.0039168582
0.0037630843
0.0036152501
0.0034731664
0.0033366824
0.0032055062
0.0030794714
0.0029581161
0.0028412439
0.0027286092
0.0026198902
0.002514898
0.0024135767
0.0023159584
0.00222196
0.0021314608
0.0020443196
0.0019604168
0.0018795825
0.0018017428
0.0017267313
0.0016544684
0.0015847697
0.0015175136
0.0014526347
0.0013901332
0.0013300753
0.0012724711
0.0012171831
0.0011642674
0.0011133942
0.0010642333
0.0010168759
0.0009714899
0.00092852639
0.00088710399
0.0008462442
0.0008069082
0.00076952443
0.00073377527
0.00069954518
0.00066676373
0.00063566313
0.00060561108
0.00057598399
0.00054762884
0.00052095005
0.00049566125
0.00047143668
0.00044823317
0.00042614944
0.00040503661
0.00038473918
0.00036535547
0.0003469437
0.00032929524
0.00031238054
0.00029640463
0.00028103578
0.00026649547
0.00025303172
0.00024012764
0.00022769553
0.00021582523
0.00020450181
0.00019371922
0.00018347881
0.00017384995
0.00016462853
0.00015565521
0.00014716139
0.00013916096
0.00013160345
0.00012445847
0.00011791375
0.00011172343
0.00010549167
9.9503513e-05
9.3909019e-05
8.8667654e-05
8.3772532e-05
7.9100298e-05
7.4691573e-05
7.0525593e-05
6.6426881e-05
6.2494669e-05
5.8855593e-05
5.5468143e-05
5.227634e-05
4.925433e-05
4.6391288e-05
4.3679076e-05
4.1106856e-05
3.8663156e-05
3.6336723e-05
3.4154628e-05
3.2110062e-05
3.0134517e-05
2.8305688e-05
2.6643448e-05
2.5038939e-05
2.3491814e-05
2.2024727e-05
2.0637947e-05
1.9328033e-05
1.8086029e-05
1.6909883e-05
1.5817588e-05
1.4770244e-05
1.3745091e-05
1.2787656e-05
1.1894709e-05
1.1042243e-05
1.0227741e-05
9.4597391e-06
8.7793835e-06
8.1241107e-06
7.4332064e-06
6.7801664e-06
6.1776371e-06
5.6035578e-06
5.0479459e-06
4.5347021e-06
4.0281071e-06
3.5012414e-06
2.9954035e-06
2.5176342e-06
2.0553789e-06
1.5818286e-06
1.1497237e-06
3.8839359e-07
4.9101699e-07
0.01368839
0.012280091
0.011667803
0.011169023
0.010668261
0.01018405
0.0097316519
0.0093084298
0.0089086394
0.0085297261
0.0081700658
0.0078288347
0.0075048164
0.0071964282
0.0069026961
0.0066228348
0.0063556754
0.0061004948
0.0058566481
0.0056236037
0.0054004144
0.0051867698
0.0049820273
0.0047857118
0.0045974575
0.0044166274
0.004243262
0.0040767317
0.0039166596
0.0037629023
0.0036150825
0.0034730119
0.0033365393
0.0032053735
0.0030793478
0.0029580008
0.002841136
0.0027285081
0.0026197953
0.0025148087
0.0024134926
0.0023158792
0.0022218852
0.0021313904
0.0020442532
0.0019603542
0.0018795235
0.0018016873
0.001726679
0.0016544194
0.0015847237
0.0015174705
0.0014525943
0.0013900955
0.0013300401
0.0012724384
0.0012171527
0.0011642392
0.001113368
0.0010642091
0.0010168535
0.00097146925
0.00092850737
0.00088708647
0.00084622806
0.00080689336
0.0007695108
0.00073376278
0.00069953372
0.00066675327
0.00063565358
0.00060560235
0.00057597604
0.00054762146
0.00052094326
0.00049565523
0.00047143144
0.00044822841
0.00042614484
0.00040503312
0.00038473667
0.00036535242
0.00034694053
0.00032929258
0.00031237866
0.00029640265
0.00028103404
0.00026649426
0.00025303046
0.0002401263
0.00022769447
0.00021582454
0.00020450103
0.00019371854
0.00018347832
0.00017384957
0.00016462824
0.000155655
0.00014716124
0.00013916088
0.00013160345
0.00012445854
0.00011791388
0.0001117236
0.00010549187
9.9503739e-05
9.3909268e-05
8.8667922e-05
8.3772837e-05
7.9100654e-05
7.469196e-05
7.0525945e-05
6.6427242e-05
6.2495059e-05
5.8855979e-05
5.5468548e-05
5.2276749e-05
4.9254727e-05
4.6391694e-05
4.3679483e-05
4.1107258e-05
3.8663549e-05
3.6337106e-05
3.4155013e-05
3.2110446e-05
3.0134888e-05
2.830605e-05
2.6643804e-05
2.5039284e-05
2.3492147e-05
2.2025052e-05
2.0638257e-05
1.9328331e-05
1.8086336e-05
1.6910167e-05
1.5817839e-05
1.4770499e-05
1.3745358e-05
1.2787903e-05
1.1894919e-05
1.1042447e-05
1.0227959e-05
9.4599464e-06
8.7795575e-06
8.1242778e-06
7.4333863e-06
6.7803346e-06
6.1777749e-06
5.6036937e-06
5.0480862e-06
4.5348325e-06
4.028224e-06
3.5013536e-06
2.9955103e-06
2.5177358e-06
2.055472e-06
1.5819206e-06
1.1498024e-06
3.8816645e-07
4.9062944e-07
0.013685502
0.012283373
0.011668408
0.011169197
0.010667929
0.01018321
0.0097304576
0.0093070638
0.0089072431
0.0085283777
0.0081687977
0.0078276539
0.0075037215
0.0071954169
0.0069017648
0.0066219813
0.0063548955
0.0060997854
0.0058560037
0.0056230204
0.0053998861
0.0051862923
0.0049815951
0.0047853207
0.0045971026
0.0044163052
0.0042429683
0.0040764638
0.003916414
0.0037626769
0.0036148746
0.00347282
0.0033363614
0.0032052084
0.0030791939
0.0029578573
0.0028410016
0.0027283822
0.0026196771
0.0025146976
0.002413388
0.0023157806
0.0022217923
0.0021313028
0.0020441707
0.0019602765
0.0018794503
0.0018016183
0.0017266142
0.0016543585
0.0015846666
0.001517417
0.0014525443
0.0013900487
0.0013299965
0.0012723978
0.0012171149
0.0011642042
0.0011133356
0.0010641791
0.0010168258
0.0009714436
0.00092848371
0.00088706468
0.00084620798
0.00080687489
0.00076949383
0.00073374719
0.00069951941
0.00066674019
0.00063564162
0.00060559141
0.00057596605
0.0005476122
0.00052093477
0.00049564764
0.00047142477
0.00044822228
0.000426139
0.00040502857
0.00038473319
0.00036534839
0.00034693649
0.00032928924
0.00031237613
0.00029639991
0.00028103174
0.00026649254
0.0002530287
0.00024012449
0.00022769298
0.00021582349
0.00020449992
0.00019371753
0.00018347755
0.00017384894
0.00016462772
0.00015565457
0.00014716089
0.00013916063
0.0001316033
0.00012445847
0.00011791388
0.00011172365
0.00010549196
9.9503874e-05
9.3909435e-05
8.8668117e-05
8.3773079e-05
7.9100957e-05
7.46923e-05
7.0526252e-05
6.6427566e-05
6.2495417e-05
5.8856337e-05
5.5468931e-05
5.2277139e-05
4.9255107e-05
4.6392088e-05
4.3679881e-05
4.1107651e-05
3.8663935e-05
3.6337486e-05
3.4155397e-05
3.211083e-05
3.0135259e-05
2.8306414e-05
2.6644163e-05
2.5039633e-05
2.3492485e-05
2.2025382e-05
2.0638574e-05
1.9328637e-05
1.8086649e-05
1.6910455e-05
1.5818098e-05
1.4770762e-05
1.3745631e-05
1.2788155e-05
1.1895136e-05
1.104266e-05
1.0228182e-05
9.4601588e-06
8.7797388e-06
8.1244528e-06
7.4335716e-06
6.7805079e-06
6.1779191e-06
5.6038357e-06
5.0482316e-06
4.5349679e-06
4.028346e-06
3.5014709e-06
2.9956215e-06
2.5178417e-06
2.055569e-06
1.5820167e-06
1.1498846e-06
3.8795275e-07
4.9024383e-07
0.013681873
0.012286839
0.011669107
0.011169485
0.010667718
0.010182472
0.0097293181
0.009305697
0.0089057985
0.0085269481
0.0081674285
0.0078263618
0.0075025101
0.007194287
0.0069007145
0.0066210101
0.0063540002
0.0060989639
0.0058552515
0.0056223341
0.0053992601
0.0051857227
0.0049810762
0.0047848486
0.0045966719
0.0044159126
0.0042426091
0.004076135
0.0039161118
0.0037623989
0.0036146178
0.0034725825
0.0033361409
0.0032050035
0.0030790028
0.002957679
0.0028408346
0.0027282258
0.0026195301
0.0025145595
0.0024132579
0.0023156582
0.0022216769
0.0021311941
0.0020440682
0.0019601799
0.0018793593
0.0018015327
0.0017265337
0.0016542829
0.0015845956
0.0015173505
0.0014524821
0.0013899906
0.0013299423
0.0012723474
0.0012170681
0.0011641607
0.0011132952
0.0010641418
0.0010167913
0.00097141172
0.00092845431
0.00088703758
0.000846183
0.00080685188
0.00076947268
0.00073372776
0.00069950156
0.00066672385
0.00063562667
0.00060557771
0.00057595353
0.00054760061
0.00052092411
0.00049563808
0.00047141628
0.00044821456
0.00042613167
0.00040502257
0.0003847284
0.00036534326
0.00034693139
0.00032928479
0.00031237263
0.00029639646
0.00028102866
0.0002664901
0.00025302628
0.00024012211
0.00022769099
0.00021582194
0.00020449836
0.00019371614
0.00018347641
0.00017384796
0.0001646269
0.00015565388
0.00014716029
0.00013916015
0.00013160294
0.00012445821
0.00011791371
0.00011172356
0.00010549192
9.9503885e-05
9.3909493e-05
8.8668214e-05
8.3773232e-05
7.9101177e-05
7.4692568e-05
7.05265e-05
6.6427834e-05
6.2495726e-05
5.8856653e-05
5.5469276e-05
5.2277496e-05
4.925546e-05
4.6392457e-05
4.3680257e-05
4.1108028e-05
3.8664308e-05
3.6337854e-05
3.4155771e-05
3.2111207e-05
3.0135626e-05
2.8306775e-05
2.664452e-05
2.503998e-05
2.3492822e-05
2.2025712e-05
2.0638892e-05
1.9328944e-05
1.8086964e-05
1.6910749e-05
1.581836e-05
1.4771027e-05
1.3745909e-05
1.2788413e-05
1.1895358e-05
1.1042877e-05
1.0228411e-05
9.4603772e-06
8.7799244e-06
8.1246313e-06
7.4337623e-06
6.7806867e-06
6.1780673e-06
5.6039816e-06
5.0483815e-06
4.5351077e-06
4.0284719e-06
3.501592e-06
2.9957364e-06
2.5179514e-06
2.0556695e-06
1.5821163e-06
1.1499698e-06
3.8775709e-07
4.8986189e-07
0.013677442
0.012290493
0.011669903
0.011169896
0.010667644
0.010181861
0.0097282673
0.0093043655
0.008904338
0.0085254634
0.0081659782
0.0078249722
0.0075011914
0.0071930438
0.0068995474
0.0066199205
0.0063529864
0.0060980252
0.0058543843
0.0056215364
0.0053985267
0.0051850504
0.0049804598
0.0047842843
0.0045961543
0.0044154383
0.0042421732
0.0040757343
0.0039157424
0.003762058
0.0036143022
0.0034722901
0.0033358689
0.0032047504
0.0030787665
0.0029574582
0.0028406277
0.0027280318
0.0026193478
0.0025143882
0.0024130964
0.0023155062
0.0022215336
0.0021310591
0.0020439409
0.0019600601
0.0018792464
0.0018014265
0.0017264339
0.0016541891
0.0015845077
0.0015172681
0.001452405
0.0013899186
0.0013298752
0.0012722849
0.0012170099
0.0011641068
0.0011132452
0.0010640955
0.0010167484
0.00097137212
0.00092841777
0.00088700389
0.00084615193
0.00080682327
0.00076944635
0.00073370356
0.00069947932
0.00066670347
0.00063560799
0.00060556059
0.00057593784
0.00054758611
0.00052091081
0.00049562608
0.00047140554
0.00044820473
0.00042612241
0.00040501487
0.00038472206
0.00036533662
0.00034692491
0.0003292792
0.00031236806
0.00029639186
0.00028102466
0.00026648682
0.00025302307
0.00024011898
0.00022768832
0.00021581979
0.00020449624
0.00019371422
0.0001834748
0.00017384657
0.00016462568
0.00015565282
0.00014715937
0.00013915937
0.0001316023
0.00012445771
0.00011791332
0.00011172326
0.00010549169
9.950373e-05
9.3909399e-05
8.8668175e-05
8.3773264e-05
7.9101291e-05
7.469274e-05
7.0526658e-05
6.6428024e-05
6.2495966e-05
5.8856905e-05
5.5469566e-05
5.2277805e-05
4.9255769e-05
4.6392789e-05
4.3680601e-05
4.1108375e-05
3.8664656e-05
3.63382e-05
3.4156127e-05
3.2111567e-05
3.0135978e-05
2.8307124e-05
2.6644867e-05
2.504032e-05
2.3493153e-05
2.2026038e-05
2.0639207e-05
1.9329249e-05
1.8087278e-05
1.691104e-05
1.5818624e-05
1.4771294e-05
1.3746186e-05
1.2788671e-05
1.1895582e-05
1.1043097e-05
1.0228641e-05
9.4605965e-06
8.7801136e-06
8.1248141e-06
7.4339551e-06
6.7808674e-06
6.178219e-06
5.6041309e-06
5.0485341e-06
4.5352502e-06
4.0286007e-06
3.501716e-06
2.9958539e-06
2.5180638e-06
2.0557724e-06
1.5822186e-06
1.1500571e-06
3.8758468e-07
4.8948569e-07
0.013672165
0.01229432
0.011670797
0.011170435
0.01066772
0.0101814
0.0097273381
0.0093031075
0.0089028989
0.0085239563
0.0081644735
0.0078235066
0.0074997815
0.0071916993
0.0068982715
0.0066187173
0.0063518556
0.0060969683
0.0058533989
0.0056206218
0.0053976788
0.0051842671
0.0049797362
0.0047836172
0.0045955386
0.0044148709
0.0042416491
0.0040752504
0.0039152943
0.0037616432
0.0036139169
0.0034719322
0.0033355354
0.0032044393
0.0030784756
0.0029571859
0.0028403723
0.0027277921
0.0026191224
0.0025141762
0.0024128966
0.0023153179
0.0022213561
0.0021308919
0.0020437833
0.0019599116
0.0018791065
0.0018012949
0.0017263101
0.0016540729
0.0015843986
0.001517166
0.0014523094
0.0013898293
0.0013297918
0.0012722073
0.0012169378
0.0011640398
0.0011131831
0.001064038
0.0010166952
0.00097132294
0.00092837239
0.00088696203
0.00084611332
0.00080678768
0.00076941359
0.00073367344
0.00069945162
0.00066667805
0.00063558468
0.0006055392
0.00057591824
0.000547568
0.00052089415
0.00049561102
0.00047139199
0.00044819238
0.0004261108
0.00040500493
0.0003847137
0.00036532821
0.00034691677
0.00032927195
0.00031236201
0.00029638606
0.00028101944
0.00026648241
0.00025301884
0.00024011492
0.00022768483
0.00021581687
0.00020449341
0.00019371166
0.0001834726
0.00017384462
0.00016462396
0.00015565131
0.00014715804
0.00013915822
0.00013160133
0.00012445689
0.00011791265
0.00011172271
0.00010549122
9.950336e-05
9.3909111e-05
8.866796e-05
8.3773136e-05
7.9101257e-05
7.4692779e-05
7.05267e-05
6.6428107e-05
6.249611e-05
5.8857072e-05
5.5469778e-05
5.2278043e-05
4.9256016e-05
4.6393064e-05
4.3680894e-05
4.1108678e-05
3.8664965e-05
3.6338513e-05
3.4156452e-05
3.2111901e-05
3.0136308e-05
2.8307452e-05
2.6645197e-05
2.5040645e-05
2.3493471e-05
2.2026352e-05
2.0639512e-05
1.9329546e-05
1.8087584e-05
1.6911326e-05
1.5818883e-05
1.4771557e-05
1.3746461e-05
1.2788928e-05
1.1895805e-05
1.1043315e-05
1.0228871e-05
9.4608168e-06
8.7803024e-06
8.124996e-06
7.4341492e-06
6.7810495e-06
6.1783713e-06
5.6042809e-06
5.048688e-06
4.5353943e-06
4.0287308e-06
3.5018414e-06
2.9959729e-06
2.5181778e-06
2.0558767e-06
1.5823225e-06
1.1501456e-06
3.874415e-07
4.8911732e-07
0.013666008
0.012298287
0.011671786
0.011171107
0.010667958
0.010181109
0.0097265612
0.0093019613
0.0089015218
0.0085224648
0.0081629477
0.0078219936
0.0074983042
0.0071902727
0.0068969017
0.0066174115
0.0063506156
0.0060957974
0.0058522965
0.0056195892
0.0053967129
0.005183367
0.0049788982
0.0047828391
0.0045948153
0.0044142003
0.004241026
0.0040746721
0.0039147563
0.0037611431
0.0036134505
0.0034714976
0.0033351291
0.0032040596
0.0030781197
0.0029568524
0.0028400589
0.0027274976
0.002618845
0.002513915
0.0024126502
0.0023150857
0.0022211369
0.0021306854
0.0020435884
0.0019597279
0.0018789335
0.0018011321
0.001726157
0.0016539291
0.0015842636
0.0015170395
0.001452191
0.0013897187
0.0013296886
0.0012721112
0.0012168483
0.0011639568
0.0011131061
0.0010639667
0.0010166292
0.00097126193
0.00092831607
0.00088691007
0.00084606537
0.00080674347
0.00076937289
0.00073363599
0.00069941716
0.00066664642
0.00063555564
0.00060551253
0.00057589376
0.0005475454
0.00052087339
0.00049559217
0.00047137495
0.00044817678
0.00042609622
0.00040499233
0.0003847029
0.00036531747
0.0003469065
0.00032926287
0.00031235427
0.00029637854
0.00028101275
0.00026647667
0.00025301334
0.0002401097
0.00022768026
0.00021581297
0.00020448968
0.00019370828
0.00018346964
0.000173842
0.00016462162
0.00015564922
0.00014715617
0.00013915658
0.00013159991
0.00012445567
0.00011791161
0.00011172181
0.00010549045
9.950271e-05
9.3908567e-05
8.8667513e-05
8.3772798e-05
7.9101036e-05
7.4692647e-05
7.0526585e-05
6.6428048e-05
6.2496126e-05
5.8857122e-05
5.5469886e-05
5.2278188e-05
4.9256178e-05
4.6393264e-05
4.368112e-05
4.110892e-05
3.8665218e-05
3.6338775e-05
3.4156734e-05
3.2112195e-05
3.0136602e-05
2.8307749e-05
2.6645498e-05
2.5040945e-05
2.3493768e-05
2.2026647e-05
2.06398e-05
1.9329828e-05
1.8087877e-05
1.69116e-05
1.5819133e-05
1.4771812e-05
1.3746726e-05
1.2789176e-05
1.1896023e-05
1.1043529e-05
1.0229095e-05
9.4610321e-06
8.7804891e-06
8.1251771e-06
7.4343403e-06
6.7812291e-06
6.178523e-06
5.6044305e-06
5.048841e-06
4.5355377e-06
4.0288606e-06
3.5019669e-06
2.9960916e-06
2.518292e-06
2.055981e-06
1.5824269e-06
1.1502343e-06
3.873346e-07
4.8875807e-07
0.013658916
0.012302371
0.011672872
0.011171917
0.010668366
0.010181005
0.0097259634
0.0093009632
0.0089002479
0.0085210305
0.0081614393
0.0078204673
0.0074967898
0.0071887903
0.0068954606
0.0066160216
0.0063492808
0.0060945235
0.0058510847
0.0056184428
0.0053956304
0.0051823492
0.0049779425
0.0047819445
0.0045939776
0.0044134182
0.0042402947
0.0040739895
0.0039141178
0.0037605466
0.0036128919
0.0034709749
0.0033346387
0.0032035999
0.0030776877
0.0029564465
0.0028396767
0.0027271379
0.0026185058
0.0025135952
0.0024123482
0.0023148005
0.0022208675
0.0021304313
0.0020433486
0.0019595016
0.0018787202
0.0018009313
0.0017259681
0.0016537516
0.001584097
0.0015168833
0.0014520447
0.0013895819
0.001329561
0.0012719923
0.0012167377
0.001163854
0.0011130108
0.0010638783
0.0010165474
0.00097118631
0.00092824625
0.00088684564
0.00084600589
0.00080668861
0.00076932236
0.00073358949
0.00069937435
0.0006666071
0.00063551952
0.00060547934
0.00057586329
0.00054751727
0.00052084751
0.00049556864
0.00047135358
0.00044815727
0.000426078
0.00040497631
0.00038468898
0.00036530397
0.00034689362
0.00032925125
0.00031234424
0.00029636908
0.00028100418
0.00026646919
0.00025300625
0.00024010303
0.00022767439
0.00021580786
0.00020448483
0.00019370387
0.00018346575
0.0001738385
0.00016461848
0.00015564641
0.00014715365
0.00013915433
0.00013159793
0.00012445394
0.0001179101
0.0001117205
0.00010548929
9.9501704e-05
9.39077e-05
8.8666771e-05
8.377219e-05
7.9100566e-05
7.4692289e-05
7.0526269e-05
6.6427805e-05
6.2495975e-05
5.885702e-05
5.5469856e-05
5.2278206e-05
4.9256226e-05
4.639336e-05
4.3681251e-05
4.1109078e-05
3.8665396e-05
3.633897e-05
3.4156953e-05
3.2112433e-05
3.0136846e-05
2.8308001e-05
2.664576e-05
2.5041208e-05
2.3494031e-05
2.2026912e-05
2.0640061e-05
1.9330086e-05
1.8088148e-05
1.6911856e-05
1.5819366e-05
1.4772051e-05
1.3746979e-05
1.2789414e-05
1.189623e-05
1.1043733e-05
1.0229312e-05
9.4612409e-06
8.7806688e-06
8.1253511e-06
7.4345271e-06
6.7814048e-06
6.1786702e-06
5.604576e-06
5.048991e-06
4.5356785e-06
4.028988e-06
3.5020902e-06
2.9962085e-06
2.5184046e-06
2.0560838e-06
1.5825301e-06
1.1503218e-06
3.8727305e-07
4.8840624e-07
0.013650796
0.012306572
0.011674053
0.011172868
0.010668951
0.0101811
0.0097255676
0.0093001461
0.0088991174
0.0085196962
0.0081599908
0.0078189672
0.0074952744
0.0071872846
0.0068939778
0.0066145732
0.0063478737
0.0060931647
0.0058497781
0.0056171937
0.005394439
0.0051812183
0.0049768711
0.0047809332
0.0045930226
0.0044125202
0.004239449
0.004073195
0.0039133702
0.0037598445
0.003612231
0.0034703537
0.0033340535
0.0032030492
0.0030771683
0.0029559573
0.0028392147
0.0027267021
0.002618094
0.0025132064
0.0024119804
0.0023144529
0.0022205385
0.0021301207
0.0020430551
0.0019592243
0.0018784586
0.0018006847
0.001725736
0.0016535333
0.0015838919
0.0015166909
0.0014518644
0.0013894132
0.0013294036
0.0012718455
0.0012166011
0.001163727
0.0011128929
0.0010637691
0.0010164463
0.00097109275
0.00092815983
0.00088676587
0.00084593222
0.00080662065
0.00076925975
0.00073353184
0.00069932127
0.00066655831
0.00063547469
0.00060543813
0.0005758254
0.00054748231
0.00052081536
0.00049553933
0.0004713269
0.00044813283
0.00042605525
0.00040495618
0.00038467131
0.0003652869
0.00034687748
0.00032923677
0.00031233156
0.00029635702
0.00028099333
0.00026645961
0.0002529972
0.00024009454
0.00022766686
0.00021580125
0.0002044786
0.00019369818
0.00018346068
0.00017383393
0.00016461435
0.00015564268
0.00014715029
0.00013915133
0.00013159526
0.00012445156
0.000117908
0.00011171864
0.00010548764
9.9500248e-05
9.390642e-05
8.8665653e-05
8.3771241e-05
7.9099785e-05
7.4691648e-05
7.0525691e-05
6.6427322e-05
6.2495608e-05
5.885672e-05
5.5469647e-05
5.2278061e-05
4.9256125e-05
4.6393322e-05
4.3681261e-05
4.1109124e-05
3.8665472e-05
3.6339072e-05
3.415709e-05
3.2112596e-05
3.0137022e-05
2.8308191e-05
2.6645965e-05
2.504142e-05
2.3494248e-05
2.2027136e-05
2.0640286e-05
1.9330311e-05
1.8088389e-05
1.6912083e-05
1.5819575e-05
1.4772269e-05
1.374721e-05
1.2789631e-05
1.1896421e-05
1.1043923e-05
1.0229515e-05
9.4614359e-06
8.7808383e-06
8.1255167e-06
7.4347037e-06
6.7815713e-06
6.1788107e-06
5.6047153e-06
5.0491346e-06
4.5358137e-06
4.0291105e-06
3.5022092e-06
2.9963211e-06
2.5185137e-06
2.056183e-06
1.5826306e-06
1.1504065e-06
3.8727056e-07
4.8806503e-07
0.013641524
0.012310886
0.011675339
0.011173965
0.010669721
0.010181406
0.0097253931
0.0092995386
0.008898167
0.0085185034
0.0081586451
0.0078175355
0.0074937985
0.0071857932
0.0068924879
0.0066130985
0.0063464236
0.006091747
0.005848399
0.0056158604
0.0053931538
0.0051799856
0.0049756923
0.0047798105
0.0045919533
0.0044115066
0.0042384872
0.0040722853
0.0039125085
0.0037590303
0.0036114603
0.0034696256
0.0033333642
0.0032023977
0.0030765514
0.002955374
0.0028386621
0.0027261793
0.0026175986
0.0025127376
0.0024115361
0.0023140325
0.00222014
0.0021297437
0.0020426984
0.001958887
0.0018781397
0.0018003835
0.0017254524
0.0016532662
0.0015836407
0.001516455
0.0014516434
0.0013892062
0.0013292101
0.0012716651
0.001216433
0.0011635707
0.0011127477
0.0010636344
0.0010163215
0.00097097729
0.00092805313
0.00088666735
0.00084584121
0.00080653664
0.00076918233
0.00073346054
0.0006992556
0.00066649791
0.00063541916
0.00060538706
0.00057577844
0.00054743897
0.00052077548
0.00049550291
0.00047129368
0.00044810243
0.00042602697
0.00040493089
0.00038464892
0.0003652656
0.00034685738
0.00032921849
0.00031231544
0.00029634194
0.00028097959
0.00026644739
0.00025298574
0.00024008384
0.00022765731
0.00021579276
0.00020447063
0.0001936909
0.00018345417
0.00017382802
0.000164609
0.00015563783
0.00014714589
0.00013914737
0.00013159171
0.00012444839
0.00011790517
0.00011171612
0.00010548537
9.9498227e-05
9.3904623e-05
8.8664062e-05
8.3769858e-05
7.9098607e-05
7.4690644e-05
7.0524784e-05
6.6426539e-05
6.2494965e-05
5.8856168e-05
5.5469208e-05
5.2277707e-05
4.9255833e-05
4.6393109e-05
4.368111e-05
4.1109025e-05
3.8665417e-05
3.6339055e-05
3.4157116e-05
3.211266e-05
3.0137107e-05
2.8308299e-05
2.6646095e-05
2.5041565e-05
2.3494404e-05
2.2027303e-05
2.0640458e-05
1.9330489e-05
1.8088586e-05
1.6912272e-05
1.581975e-05
1.4772453e-05
1.3747412e-05
1.2789823e-05
1.1896589e-05
1.104409e-05
1.0229698e-05
9.4616138e-06
8.7809908e-06
8.1256659e-06
7.4348673e-06
6.7817258e-06
6.1789394e-06
5.6048439e-06
5.0492687e-06
4.5359404e-06
4.0292249e-06
3.5023208e-06
2.9964269e-06
2.5186168e-06
2.0562765e-06
1.582726e-06
1.1504864e-06
3.8734446e-07
4.8777473e-07
0.013630942
0.012315289
0.011676761
0.011175218
0.010670684
0.010181932
0.0097254559
0.0092991653
0.0088974294
0.0085174909
0.0081574442
0.0078162151
0.0074924042
0.0071843575
0.0068910301
0.0066116347
0.0063449649
0.0060903029
0.0058469771
0.0056144693
0.0053917983
0.0051786705
0.004974422
0.0047785894
0.0045907793
0.0044103845
0.0042374137
0.0040712622
0.0039115324
0.003758102
0.0036105762
0.0034687857
0.0033325649
0.0032016385
0.0030758291
0.0029546882
0.0028380097
0.0027255599
0.0026170097
0.0025121788
0.0024110049
0.0023135287
0.0022196614
0.0021292901
0.0020422686
0.0019584802
0.0018777543
0.0018000191
0.0017251083
0.001652942
0.0015833352
0.0015161676
0.0014513737
0.0013889533
0.0013289736
0.0012714443
0.0012162271
0.0011633789
0.0011125695
0.001063469
0.0010161682
0.00097083532
0.00092792183
0.00088654605
0.0008457291
0.0008064331
0.00076908687
0.0007333726
0.00069917458
0.00066642336
0.0006353506
0.00060532398
0.0005757204
0.00054738542
0.0005207262
0.00049545783
0.00047125247
0.00044806463
0.0004259919
0.0004048994
0.00038462085
0.00036523896
0.00034683237
0.00032919582
0.00031229528
0.000296323
0.0002809624
0.00026643199
0.0002529713
0.00024007039
0.00022764525
0.00021578199
0.00020446055
0.00019368167
0.00018344585
0.00017382047
0.00016460213
0.00015563158
0.00014714022
0.00013914224
0.00013158708
0.00012444422
0.00011790143
0.00011171276
0.00010548234
9.9495501e-05
9.390218e-05
8.866188e-05
8.3767935e-05
7.9096934e-05
7.4689188e-05
7.052346e-05
6.6425373e-05
6.2493974e-05
5.8855296e-05
5.5468478e-05
5.2277085e-05
4.9255297e-05
4.6392674e-05
4.3680757e-05
4.110874e-05
3.8665193e-05
3.6338883e-05
3.4157002e-05
3.2112594e-05
3.0137075e-05
2.8308299e-05
2.6646127e-05
2.5041619e-05
2.3494478e-05
2.2027396e-05
2.0640563e-05
1.9330606e-05
1.8088727e-05
1.6912408e-05
1.5819878e-05
1.4772596e-05
1.3747573e-05
1.2789978e-05
1.1896724e-05
1.1044229e-05
1.0229852e-05
9.4617649e-06
8.7811211e-06
8.1257954e-06
7.4350104e-06
6.7818615e-06
6.1790525e-06
5.6049578e-06
5.0493888e-06
4.536054e-06
4.0293276e-06
3.5024219e-06
2.9965225e-06
2.5187108e-06
2.0563613e-06
1.5828138e-06
1.1505591e-06
3.8749306e-07
4.8759796e-07
0.013618889
0.012319722
0.011678388
0.011176646
0.01067185
0.010182685
0.0097257697
0.0092990474
0.0088969335
0.0085166937
0.0081564272
0.0078150474
0.007491134
0.0071830199
0.0068896463
0.0066102228
0.0063435371
0.0060888702
0.0058455477
0.0056130537
0.005390403
0.0051773009
0.0049730844
0.0047772906
0.0045895183
0.0044091684
0.0042362399
0.0040701345
0.0039104485
0.0037570638
0.0036095808
0.0034678342
0.0033316538
0.0032007685
0.003074997
0.0029538945
0.0028372513
0.0027248368
0.0026163194
0.0025115213
0.0024103778
0.0023129321
0.0022190932
0.0021287502
0.0020417556
0.0019579938
0.0018772928
0.0017995823
0.0017246946
0.0016525518
0.001582967
0.0015158204
0.001451047
0.0013886467
0.0013286864
0.0012711758
0.0012159765
0.0011631452
0.001112352
0.0010632669
0.0010159807
0.0009706616
0.00092776101
0.00088639737
0.00084559158
0.00080630602
0.00076896965
0.00073326455
0.000699075
0.00066633168
0.00063526626
0.00060524635
0.00057564894
0.00054731948
0.00052066548
0.00049540223
0.00047120157
0.00044801797
0.0004259486
0.00040486027
0.00038458579
0.00036520597
0.00034680144
0.00032916755
0.00031227002
0.00029629949
0.0002809409
0.00026641263
0.00025295323
0.0002400536
0.00022763013
0.00021576839
0.00020444786
0.00019367005
0.00018343534
0.0001738109
0.0001645934
0.00015562363
0.00014713298
0.00013913566
0.00013158113
0.00012443884
0.00011789657
0.00011170837
0.00010547836
9.9491908e-05
9.389894e-05
8.8658966e-05
8.3765341e-05
7.9094645e-05
7.4687166e-05
7.0521622e-05
6.6423734e-05
6.2492548e-05
5.8854027e-05
5.5467383e-05
5.2276129e-05
4.9254455e-05
4.6391957e-05
4.3680146e-05
4.110822e-05
3.8664753e-05
3.6338515e-05
3.4156708e-05
3.2112363e-05
3.0136892e-05
2.8308161e-05
2.6646033e-05
2.5041559e-05
2.3494446e-05
2.2027392e-05
2.064058e-05
1.9330641e-05
1.8088793e-05
1.6912477e-05
1.5819944e-05
1.4772681e-05
1.3747682e-05
1.2790085e-05
1.1896815e-05
1.1044326e-05
1.022997e-05
9.4618829e-06
8.7812198e-06
8.1258951e-06
7.4351278e-06
6.7819733e-06
6.1791427e-06
5.6050509e-06
5.0494898e-06
4.5361506e-06
4.0294141e-06
3.502508e-06
2.9966043e-06
2.5187923e-06
2.0564342e-06
1.5828909e-06
1.1506218e-06
3.87679e-07
4.8750688e-07
0.01360522
0.012324135
0.011680279
0.011178287
0.010673237
0.010183677
0.0097263475
0.0092992044
0.0088967052
0.0085161438
0.0081556303
0.0078140712
0.0074900285
0.0071818221
0.0068883791
0.0066089056
0.0063421824
0.00608749
0.0058441509
0.005611652
0.0053890042
0.0051759113
0.0049717113
0.0047759428
0.0045881963
0.0044078807
0.0042349863
0.0040689188
0.0039092709
0.003755927
0.0036084828
0.0034667778
0.0033306358
0.0031997906
0.0030740562
0.0029529923
0.0028363849
0.0027240069
0.0026155236
0.0025107602
0.0024096489
0.0023122361
0.0022184281
0.0021281164
0.0020411511
0.0019574193
0.001876746
0.001799064
0.0017242027
0.0016520869
0.0015825277
0.001515406
0.0014506555
0.0013882785
0.0013283405
0.001270852
0.0012156738
0.0011628624
0.0011120885
0.0010630218
0.0010157529
0.00097045039
0.00092756524
0.0008862162
0.00084542386
0.00080615085
0.00076882642
0.00073313244
0.00069895319
0.00066621947
0.00063516297
0.00060515124
0.00057556133
0.00054723866
0.00052059105
0.00049533396
0.000471139
0.00044796051
0.00042589537
0.00040481201
0.00038454234
0.00036516518
0.00034676331
0.00032913277
0.00031223877
0.00029627032
0.00028091428
0.00026638855
0.00025293077
0.00024003275
0.0002276113
0.0002157514
0.00020443203
0.00019365551
0.00018342216
0.00017379887
0.00016458241
0.0001556136
0.00014712382
0.00013912732
0.00013157355
0.00012443196
0.00011789034
0.00011170273
0.00010547322
9.9487249e-05
9.3894719e-05
8.8655153e-05
8.3761924e-05
7.90916e-05
7.4684451e-05
7.0519144e-05
6.6421507e-05
6.2490585e-05
5.8852262e-05
5.5465835e-05
5.2274758e-05
4.925323e-05
4.6390892e-05
4.3679215e-05
4.1107406e-05
3.8664044e-05
3.6337899e-05
3.4156187e-05
3.2111925e-05
3.0136518e-05
2.8307849e-05
2.6645779e-05
2.5041351e-05
2.349428e-05
2.2027264e-05
2.0640483e-05
1.9330572e-05
1.8088763e-05
1.6912458e-05
1.5819932e-05
1.4772693e-05
1.3747722e-05
1.2790129e-05
1.189685e-05
1.1044372e-05
1.0230039e-05
9.4619548e-06
8.7812784e-06
8.1259586e-06
7.4352094e-06
6.782052e-06
6.179204e-06
5.605117e-06
5.0495654e-06
4.5362235e-06
4.0294791e-06
3.5025744e-06
2.9966672e-06
2.5188568e-06
2.0564909e-06
1.5829534e-06
1.1506711e-06
3.8787467e-07
4.8739857e-07
0.013589794
0.012328453
0.011682478
0.011180205
0.010674877
0.01018492
0.0097272026
0.0092996555
0.0088967697
0.0085158713
0.008155088
0.0078133231
0.0074891263
0.0071808044
0.0068872697
0.0066077253
0.0063409443
0.0060862061
0.0058428304
0.0056103067
0.005387643
0.0051745415
0.0049703409
0.004774582
0.0045868472
0.0044065522
0.0042336815
0.0040676403
0.0039080226
0.0037547112
0.0036072996
0.003465631
0.0033295234
0.0031987147
0.0030730145
0.0029519876
0.0028354146
0.0027230728
0.0026146231
0.0025098949
0.0024088165
0.0023114381
0.0022176621
0.0021273841
0.0020404496
0.0019567507
0.0018761074
0.0017984569
0.0017236249
0.0016515394
0.0015820091
0.0015149164
0.0014501918
0.0013878418
0.0013279288
0.0012704658
0.0012153119
0.0011625238
0.0011117719
0.0010627269
0.0010154784
0.00097019563
0.00092732884
0.00088599708
0.00084522079
0.00080596272
0.00076865259
0.00073297195
0.00069880509
0.00066608292
0.00063503721
0.00060503539
0.00057545456
0.00054714011
0.00052050022
0.00049525059
0.00047106251
0.00044789027
0.00042583029
0.00040475277
0.00038448882
0.00036511517
0.00034671659
0.00032908992
0.00031220015
0.00029623447
0.0002808814
0.00026635872
0.00025290304
0.00024000702
0.00022758799
0.00021573028
0.00020441239
0.00019363748
0.00018340576
0.00017378387
0.00016456869
0.00015560104
0.00014711234
0.00013911686
0.00013156401
0.00012442328
0.00011788245
0.00011169556
0.00010546668
9.9481296e-05
9.3889309e-05
8.8650247e-05
8.3757501e-05
7.908763e-05
7.4680886e-05
7.0515888e-05
6.6418563e-05
6.2487964e-05
5.8849891e-05
5.5463731e-05
5.2272875e-05
4.9251536e-05
4.6389394e-05
4.3677887e-05
4.1106227e-05
3.8663001e-05
3.6336977e-05
3.4155384e-05
3.2111228e-05
3.0135907e-05
2.8307318e-05
2.6645325e-05
2.5040959e-05
2.3493945e-05
2.2026981e-05
2.0640243e-05
1.9330372e-05
1.8088612e-05
1.6912328e-05
1.5819817e-05
1.477261e-05
1.3747676e-05
1.2790094e-05
1.1896811e-05
1.1044349e-05
1.0230045e-05
9.4619705e-06
8.7812837e-06
8.1259719e-06
7.4352466e-06
6.7820895e-06
6.1792265e-06
5.6051473e-06
5.049608e-06
4.5362662e-06
4.0295157e-06
3.5026146e-06
2.9967058e-06
2.518899e-06
2.0565266e-06
1.5829967e-06
1.1507028e-06
3.8808248e-07
4.8721626e-07
0.013572434
0.012332457
0.01168505
0.011182506
0.010676823
0.010186435
0.0097283505
0.0093004217
0.0088971533
0.0085159074
0.0081548347
0.0078128398
0.0074884655
0.0071800058
0.0068863584
0.0066067237
0.0063398655
0.0060850622
0.0058416309
0.0056090629
0.0053863644
0.0051732354
0.0049690164
0.0047732495
0.0045855105
0.0044052205
0.0042323613
0.0040663326
0.0039067347
0.003753445
0.0036060572
0.003464417
0.0033283377
0.0031975594
0.0030718887
0.0029508937
0.0028343524
0.002722044
0.0026136263
0.0025089312
0.0024078849
0.0023105405
0.0022167965
0.0021265535
0.0020396503
0.0019559858
0.0018753742
0.001797757
0.0017229568
0.0016509039
0.0015814055
0.0015143451
0.0014496491
0.00138733
0.0013274452
0.0012700109
0.0012148846
0.0011621233
0.0011113962
0.001062376
0.001015151
0.00096989122
0.00092704619
0.00088573458
0.00084497713
0.0008057366
0.00076844335
0.00073277854
0.00069862642
0.00066591802
0.0006348852
0.00060489526
0.00057532531
0.00054702078
0.0005203902
0.00049514946
0.00047096962
0.00044780486
0.00042575121
0.00040468061
0.0003844234
0.00036505412
0.00034665969
0.00032903776
0.00031215296
0.00029619059
0.00028084118
0.00026632211
0.000252869
0.00023997547
0.00022755934
0.00021570426
0.00020438822
0.00019361523
0.0001833855
0.00017376532
0.00016455169
0.00015558547
0.00014709808
0.00013910382
0.00013155211
0.00012441242
0.00011787256
0.00011168655
0.00010545844
9.9473781e-05
9.3882459e-05
8.8644017e-05
8.3751865e-05
7.9082544e-05
7.4676296e-05
7.0511686e-05
6.6414748e-05
6.2484541e-05
5.8846783e-05
5.5460951e-05
5.2270369e-05
4.9249268e-05
4.638737e-05
4.3676074e-05
4.1104602e-05
3.8661548e-05
3.6335677e-05
3.4154234e-05
3.2110211e-05
3.0135002e-05
2.8306516e-05
2.6644622e-05
2.5040339e-05
2.3493399e-05
2.2026504e-05
2.0639826e-05
1.9330008e-05
1.808831e-05
1.6912058e-05
1.5819575e-05
1.477241e-05
1.3747519e-05
1.2789958e-05
1.1896681e-05
1.1044242e-05
1.0229972e-05
9.4619119e-06
8.7812229e-06
8.1259245e-06
7.4352254e-06
6.7820729e-06
6.1792006e-06
5.6051327e-06
5.0496082e-06
4.5362698e-06
4.0295163e-06
3.5026216e-06
2.9967129e-06
2.5189124e-06
2.0565351e-06
1.5830152e-06
1.1507118e-06
3.883073e-07
4.869429e-07
0.013553028
0.012335627
0.011688028
0.011185326
0.01067916
0.010188259
0.0097298121
0.0093015282
0.0088978856
0.0085162865
0.0081549084
0.00781266
0.007488086
0.0071794666
0.0068856855
0.0066059421
0.0063389886
0.0060841022
0.0058405976
0.0056079667
0.0053852155
0.0051720402
0.0049677846
0.0047719918
0.0045842313
0.0044039292
0.0042310666
0.0040650357
0.0039054447
0.0037521643
0.0036047896
0.003463167
0.0033271084
0.0031963517
0.0030707043
0.0029497333
0.0028332191
0.0027209386
0.0026125497
0.0025078836
0.0024068666
0.0023095535
0.00221584
0.0021256308
0.002038759
0.0019551278
0.0018745493
0.0017969653
0.0017221984
0.0016501789
0.0015807154
0.0015136896
0.0014490241
0.0013867382
0.0013268852
0.0012694823
0.0012143873
0.0011616561
0.001110957
0.001061964
0.0010147654
0.0009695317
0.0009267121
0.00088542373
0.00084468799
0.00080546771
0.00076819408
0.00073254773
0.00069841289
0.00066572067
0.00063470307
0.00060472721
0.00057517017
0.00054687743
0.0005202579
0.00049502774
0.00047085769
0.00044770188
0.00042565582
0.00040459333
0.00038434408
0.00036498029
0.00034659087
0.00032897444
0.00031209553
0.00029613736
0.00028079223
0.00026627747
0.00025282756
0.00023993705
0.00022752438
0.00021567242
0.00020435866
0.00019358804
0.00018336066
0.00017374254
0.00016453079
0.00015556631
0.00014708051
0.00013908774
0.0001315374
0.00012439897
0.00011786029
0.00011167535
0.00010544817
9.9464399e-05
9.3873889e-05
8.8636203e-05
8.3744772e-05
7.9076115e-05
7.4670469e-05
7.050635e-05
6.6409886e-05
6.2480156e-05
5.8842787e-05
5.5457353e-05
5.2267111e-05
4.9246307e-05
4.6384706e-05
4.3673673e-05
4.1102436e-05
3.8659597e-05
3.6333918e-05
3.4152662e-05
3.2108806e-05
3.0133739e-05
2.8305385e-05
2.6643615e-05
2.5039438e-05
2.3492595e-05
2.2025789e-05
2.0639188e-05
1.9329442e-05
1.8087822e-05
1.6911617e-05
1.5819175e-05
1.4772063e-05
1.3747228e-05
1.2789698e-05
1.1896436e-05
1.1044027e-05
1.0229802e-05
9.4617634e-06
8.7810778e-06
8.1257983e-06
7.4351328e-06
6.7819902e-06
6.1791126e-06
5.6050604e-06
5.0495554e-06
4.5362245e-06
4.0294711e-06
3.5025861e-06
2.9966804e-06
2.5188895e-06
2.0565094e-06
1.5830022e-06
1.150692e-06
3.8855336e-07
4.865577e-07
0.013532952
0.012337924
0.011691105
0.011188747
0.010681999
0.010190448
0.0097316206
0.0093030077
0.0088990027
0.0085170495
0.0081553528
0.0078128288
0.0074880336
0.0071792317
0.006885295
0.0066054243
0.0063383576
0.0060833705
0.0058397761
0.005607065
0.005384244
0.005171005
0.004966695
0.0047708582
0.0045830586
0.0044027268
0.0042298442
0.0040637955
0.0039041962
0.0037509109
0.0036035368
0.0034619192
0.0033258715
0.0031951256
0.0030694933
0.0029485371
0.0028320429
0.0027197829
0.0026114176
0.0025067744
0.0024057827
0.0023084955
0.0022148096
0.0021246303
0.0020377891
0.0019541877
0.0018736425
0.0017960896
0.0017213564
0.0016493688
0.0015799419
0.0015129523
0.0014483185
0.0013860661
0.001326248
0.0012688774
0.0012138174
0.0011611194
0.0011104517
0.0010614881
0.0010143184
0.00096911332
0.00092632244
0.00088506056
0.00084434934
0.00080515199
0.00076790073
0.00073227555
0.0006981606
0.0006654871
0.00063448715
0.00060452775
0.00057498579
0.00054670693
0.0005201004
0.00049488259
0.00047072408
0.00044757877
0.00042554179
0.00040448878
0.00038424877
0.00036489162
0.00034650833
0.0003288985
0.00031202645
0.00029607323
0.00028073325
0.00026622354
0.0002527775
0.00023989065
0.00022748205
0.00021563381
0.00020432282
0.00019355501
0.00018333045
0.00017371481
0.00016450532
0.00015554291
0.00014705904
0.00013906806
0.00013151937
0.00012438246
0.00011784519
0.00011166155
0.00010543551
9.9452802e-05
9.3863275e-05
8.8626508e-05
8.3735949e-05
7.9068093e-05
7.4663177e-05
7.049966e-05
6.6403775e-05
6.2474621e-05
5.883773e-05
5.5452781e-05
5.2262953e-05
4.9242516e-05
4.638128e-05
4.3670568e-05
4.1099619e-05
3.8657047e-05
3.6331608e-05
3.4150581e-05
3.2106932e-05
3.0132044e-05
2.8303854e-05
2.6642241e-05
2.5038198e-05
2.3491478e-05
2.2024784e-05
2.0638285e-05
1.9328629e-05
1.8087105e-05
1.6910964e-05
1.5818583e-05
1.4771537e-05
1.374677e-05
1.2789283e-05
1.189605e-05
1.1043683e-05
1.0229508e-05
9.4615012e-06
8.7808299e-06
8.1255772e-06
7.43495e-06
6.7818238e-06
6.1789488e-06
5.6049174e-06
5.0494363e-06
4.5361178e-06
4.029369e-06
3.502498e-06
2.9965985e-06
2.5188211e-06
2.0564408e-06
1.5829496e-06
1.1506362e-06
3.8882588e-07
4.8603281e-07
0.013513827
0.012342686
0.011693937
0.011192682
0.010685455
0.010193089
0.009733831
0.0093049038
0.0089005507
0.0085182492
0.0081562217
0.0078134004
0.0074883637
0.0071793548
0.0068852382
0.0066052207
0.0063380216
0.0060829152
0.0058392145
0.0056064064
0.0053834994
0.00517018
0.0049657983
0.0047699003
0.0045820443
0.0044016651
0.0042287455
0.0040626625
0.0039030383
0.0037497322
0.0036023446
0.0034607179
0.0033246686
0.0031939213
0.0030682934
0.0029473419
0.0028308583
0.0027186096
0.0026102601
0.0025056324
0.0024046598
0.0023073922
0.0022137283
0.0021235737
0.0020367597
0.0019531834
0.0018726692
0.0017951447
0.0017204432
0.0016484851
0.0015790937
0.0015121411
0.001447539
0.0013853193
0.0013255373
0.0012681991
0.0012131756
0.0011605132
0.0011098797
0.0010609478
0.0010138088
0.00096863471
0.0009258751
0.00088464264
0.00084395856
0.00080478666
0.00076756034
0.00073195895
0.00069786644
0.00066521417
0.00063423435
0.00060429386
0.00057476925
0.00054650637
0.00051991488
0.00049471142
0.00047056626
0.00044743319
0.00042540684
0.00040436477
0.00038413545
0.00036478632
0.00034641025
0.000328808
0.00031194392
0.00029599676
0.00028066275
0.00026615896
0.00025271759
0.00023983509
0.00022743127
0.00021558738
0.00020427974
0.00019351529
0.00018329405
0.00017368135
0.00016447455
0.00015551463
0.00014703305
0.0001390442
0.00013149748
0.00012436237
0.0001178268
0.00011164471
0.00010542004
9.943861e-05
9.3850267e-05
8.8614604e-05
8.3725091e-05
7.9058192e-05
7.4654152e-05
7.0491376e-05
6.6396192e-05
6.2467728e-05
5.8831421e-05
5.5447053e-05
5.2257731e-05
4.9237742e-05
4.6376947e-05
4.3666627e-05
4.1096032e-05
3.8653786e-05
3.6328641e-05
3.4147895e-05
3.2104499e-05
3.0129832e-05
2.8301847e-05
2.6640427e-05
2.5036552e-05
2.3489986e-05
2.2023433e-05
2.063706e-05
1.932752e-05
1.8086115e-05
1.691006e-05
1.5817756e-05
1.4770794e-05
1.3746111e-05
1.2788684e-05
1.1895492e-05
1.1043178e-05
1.0229068e-05
9.4611036e-06
8.7804553e-06
8.1252372e-06
7.434659e-06
6.7815567e-06
6.1786909e-06
5.6046869e-06
5.0492362e-06
4.5359363e-06
4.0291971e-06
3.5023448e-06
2.9964556e-06
2.5186966e-06
2.0563195e-06
1.5828482e-06
1.150536e-06
3.8913207e-07
4.8533288e-07
0.013495178
0.012354616
0.011696853
0.01119694
0.010689607
0.010196288
0.0097365302
0.0093072769
0.0089025906
0.008519955
0.0081575826
0.0078144445
0.007489147
0.0071799029
0.0068855788
0.0066053929
0.0063380395
0.0060827926
0.0058389672
0.0056060441
0.0053830347
0.0051696185
0.0049651483
0.004769172
0.0045812423
0.0044007988
0.0042278247
0.0040616906
0.0039020241
0.0037486805
0.003601264
0.0034596131
0.0033235475
0.0031927852
0.0030671488
0.0029461902
0.0028297062
0.0027174578
0.002609114
0.0025044925
0.0024035302
0.0023062742
0.002212625
0.0021224882
0.0020356953
0.0019521388
0.0018716499
0.0017941504
0.0017194765
0.0016475449
0.0015781849
0.0015112681
0.0014466969
0.0013845079
0.0013247615
0.001267455
0.0012124676
0.0011598416
0.0011092437
0.001060345
0.0010132385
0.00096809715
0.00092537077
0.00088416976
0.00084351507
0.0008043708
0.00076717165
0.00073159641
0.00069752862
0.00066489992
0.00063394258
0.00060402337
0.00057451832
0.00054627362
0.00051969924
0.00049451205
0.00047038217
0.00044726306
0.00042524903
0.00040421941
0.00038400227
0.00036466255
0.00034629502
0.00032870158
0.00031184664
0.00029590646
0.00028057945
0.00026608248
0.0002526466
0.00023976923
0.00022737095
0.00021553214
0.00020422847
0.00019346793
0.00018325059
0.00017364136
0.00016443772
0.00015548072
0.00014700185
0.00013901552
0.00013147113
0.00012433817
0.00011780461
0.00011162436
0.00010540131
9.9421409e-05
9.3834474e-05
8.8600129e-05
8.3711865e-05
7.9046106e-05
7.4643112e-05
7.048123e-05
6.6386887e-05
6.2459247e-05
5.8823643e-05
5.5439974e-05
5.225126e-05
4.9231814e-05
4.637155e-05
4.3661703e-05
4.1091535e-05
3.8649687e-05
3.63249e-05
3.4144493e-05
3.2101406e-05
3.012701e-05
2.8299275e-05
2.6638092e-05
2.5034424e-05
2.3488048e-05
2.2021669e-05
2.0635455e-05
1.9326058e-05
1.8084798e-05
1.6908852e-05
1.5816651e-05
1.4769792e-05
1.3745211e-05
1.2787861e-05
1.1894729e-05
1.1042484e-05
1.022845e-05
9.4605402e-06
8.7799296e-06
8.1247572e-06
7.4342355e-06
6.7811665e-06
6.1783205e-06
5.6043512e-06
5.0489378e-06
4.5356635e-06
4.0289403e-06
3.5021128e-06
2.9962389e-06
2.5185036e-06
2.0561341e-06
1.5826872e-06
1.1503817e-06
3.8948177e-07
4.8441484e-07
0.013475475
0.012374456
0.011700292
0.011201256
0.010694466
0.010200162
0.0097398134
0.0093102066
0.0089052101
0.0085222556
0.0081595178
0.0078160505
0.0074904757
0.0071809607
0.0068863975
0.0066060194
0.0063384846
0.0060830715
0.0058390999
0.005606041
0.0053829107
0.0051693796
0.0049648031
0.004768731
0.0045807102
0.0044001854
0.0042271392
0.0040609366
0.00390121
0.0037478112
0.0036003496
0.003458658
0.0033225602
0.0031917676
0.0030661087
0.0029451295
0.0028286324
0.0027163718
0.0026080219
0.0025033955
0.002402433
0.0023051782
0.0022115348
0.002121407
0.002034627
0.001951083
0.0018706124
0.0017931318
0.0017184797
0.0016465698
0.0015772358
0.0015103504
0.001445808
0.0013836468
0.0013239331
0.0012666573
0.0012117042
0.0011591137
0.0011085507
0.0010596852
0.0010126123
0.00096750485
0.00092481301
0.00088364461
0.00084302085
0.00080390581
0.00076673552
0.00073118832
0.00069714712
0.00066454395
0.00063361113
0.00060371535
0.00057423191
0.00054600735
0.00051945205
0.0004942831
0.00047017035
0.00044706695
0.00042506683
0.00040405124
0.00038384781
0.00036451896
0.00034616119
0.00032857769
0.00031173311
0.00029580116
0.00028048206
0.00026599291
0.00025256344
0.00023969202
0.00022730008
0.00021546711
0.00020416807
0.00019341211
0.00018319926
0.00017359405
0.00016439409
0.00015544051
0.0001469648
0.00013898141
0.00013143974
0.00012430928
0.00011777808
0.00011160002
0.00010537888
9.9400769e-05
9.3815498e-05
8.8582709e-05
8.3695917e-05
7.9031502e-05
7.4629745e-05
7.0468939e-05
6.6375596e-05
6.2448929e-05
5.8814169e-05
5.5431327e-05
5.2243342e-05
4.9224548e-05
4.6364915e-05
4.3655636e-05
4.1085982e-05
3.8644612e-05
3.6320257e-05
3.4140258e-05
3.2097542e-05
3.0123476e-05
2.8296044e-05
2.6635147e-05
2.5031732e-05
2.3485589e-05
2.2019423e-05
2.0633402e-05
1.9324182e-05
1.8083097e-05
1.6907289e-05
1.5815217e-05
1.4768484e-05
1.3744029e-05
1.2786777e-05
1.1893723e-05
1.1041562e-05
1.0227623e-05
9.459783e-06
8.7792231e-06
8.1241075e-06
7.4336564e-06
6.7806315e-06
6.1778146e-06
5.6038893e-06
5.0485224e-06
4.5352821e-06
4.0285821e-06
3.5017862e-06
2.9959337e-06
2.5182286e-06
2.0558718e-06
1.5824544e-06
1.1501622e-06
3.8988842e-07
4.8322613e-07
0.013452945
0.012397033
0.011704131
0.011205351
0.010699921
0.010204787
0.0097437782
0.0093137987
0.0089085056
0.0085252414
0.0081621319
0.007818331
0.0074924638
0.0071826329
0.0068877974
0.006607203
0.0063394504
0.0060838384
0.0058396939
0.005606474
0.005383201
0.005169533
0.0049648301
0.0047686421
0.0045805109
0.0043998877
0.0042267504
0.0040604609
0.0039006555
0.0037471831
0.0035996587
0.0034579092
0.0033217616
0.0031909224
0.0030652253
0.0029442102
0.0028276859
0.0027153991
0.0026070294
0.0025023852
0.0024014106
0.0023041454
0.0022104973
0.0021203678
0.0020335909
0.0019500504
0.0018695895
0.0017921196
0.001717482
0.0016455868
0.0015762723
0.0015094115
0.0014448934
0.0013827555
0.0013230704
0.0012658222
0.0012109004
0.0011583427
0.001107813
0.001058979
0.001011939
0.00096686556
0.00092420843
0.00088307305
0.00084248076
0.00080339578
0.00076625532
0.00073073741
0.00069672407
0.00066414783
0.00063324114
0.00060337048
0.00057391031
0.00054570767
0.00051917322
0.0004940242
0.00046993032
0.00044684419
0.00042485959
0.00040385945
0.00038367114
0.00036435461
0.00034600793
0.0003284356
0.00031160256
0.00029567983
0.00028036974
0.00026588937
0.00025246723
0.00023960259
0.00022721781
0.00021539147
0.00020409778
0.00019334702
0.00018313932
0.00017353874
0.00016434299
0.00015539334
0.00014692127
0.00013894128
0.00013140275
0.00012427519
0.00011774673
0.0001115712
0.00010535228
9.9376259e-05
9.3792928e-05
8.8561959e-05
8.3676892e-05
7.9014048e-05
7.461374e-05
7.0454205e-05
6.6362041e-05
6.2436516e-05
5.8802753e-05
5.5420888e-05
5.2233765e-05
4.9215745e-05
4.6356861e-05
4.3648256e-05
4.1079212e-05
3.8638412e-05
3.6314573e-05
3.413506e-05
3.2092788e-05
3.0119117e-05
2.829205e-05
2.6631498e-05
2.5028387e-05
2.3482524e-05
2.2016615e-05
2.063083e-05
1.9321824e-05
1.808095e-05
1.6905312e-05
1.5813401e-05
1.476682e-05
1.3742514e-05
1.2785385e-05
1.1892434e-05
1.1040377e-05
1.0226549e-05
9.458796e-06
8.778306e-06
8.1232621e-06
7.4328928e-06
6.7799244e-06
6.1771508e-06
5.6032796e-06
5.047969e-06
4.5347721e-06
4.0281044e-06
3.501348e-06
2.9955239e-06
2.5178563e-06
2.0555187e-06
1.5821364e-06
1.1498654e-06
3.9037018e-07
4.8170339e-07
0.013425321
0.012413468
0.011707588
0.011208897
0.010705594
0.010210036
0.0097484554
0.0093181371
0.0089125564
0.0085289973
0.0081655393
0.0078214006
0.0074952302
0.0071850459
0.0068899022
0.0066090705
0.0063410535
0.0060852008
0.0058408503
0.0056074388
0.0053839959
0.0051701628
0.0049653095
0.0047689811
0.0045807169
0.0043999763
0.004226726
0.004060329
0.0039004244
0.0037468584
0.0035992522
0.0034574263
0.0033212095
0.0031903058
0.0030645531
0.0029434852
0.0028269175
0.0027145889
0.0026061844
0.0025015076
0.0024005072
0.0023032184
0.0022095536
0.0021194101
0.0020326249
0.0019490774
0.0018686162
0.0017911474
0.0017165156
0.0016446265
0.0015753232
0.0015084789
0.0014439789
0.0013818581
0.0013221958
0.0012649701
0.0012100752
0.0011575461
0.0011070463
0.0010582407
0.0010112316
0.0009661906
0.00092356702
0.00088246401
0.00084190258
0.0008028475
0.000765737
0.00073024879
0.00069626385
0.00066371524
0.00063283566
0.00060299126
0.0005735555
0.00054537601
0.00051886379
0.00049373622
0.00046966262
0.00044659516
0.00042462741
0.00040364405
0.00038347219
0.00036416929
0.00034583484
0.00032827472
0.00031145435
0.00029554206
0.00028024188
0.00026577125
0.00025235737
0.00023950035
0.00022712356
0.00021530463
0.00020401699
0.00019327212
0.00018307018
0.00017347482
0.00016428387
0.00015533867
0.00014687073
0.00013889461
0.00013135965
0.00012423541
0.00011771009
0.00011153746
0.0001053211
9.9347475e-05
9.3766382e-05
8.8537514e-05
8.3654438e-05
7.8993407e-05
7.459478e-05
7.0436736e-05
6.6345945e-05
6.2421745e-05
5.8789153e-05
5.5408424e-05
5.2222314e-05
4.9205206e-05
4.6347197e-05
4.3639384e-05
4.1071062e-05
3.8630934e-05
3.6307705e-05
3.4128764e-05
3.2087018e-05
3.0113816e-05
2.8287183e-05
2.6627041e-05
2.5024294e-05
2.3478766e-05
2.2013163e-05
2.0627662e-05
1.9318913e-05
1.807829e-05
1.6902859e-05
1.5811143e-05
1.4764745e-05
1.374062e-05
1.2783641e-05
1.1890817e-05
1.1038884e-05
1.0225191e-05
9.4575466e-06
8.7771441e-06
8.1221868e-06
7.4319175e-06
6.7790198e-06
6.1763026e-06
5.6024975e-06
5.0472556e-06
4.5341132e-06
4.0274878e-06
3.5007795e-06
2.9949927e-06
2.5173708e-06
2.0550597e-06
1.581719e-06
1.1494783e-06
3.9095152e-07
4.7977023e-07
0.013393486
0.012417841
0.01170848
0.011210573
0.010710396
0.010215222
0.0097534929
0.0093230691
0.0089173224
0.0085335433
0.0081697948
0.0078253372
0.0074988709
0.0071883303
0.0068928389
0.0066117439
0.0063434244
0.0060872853
0.0058426916
0.0056090514
0.005385404
0.00517137
0.0049663364
0.0047698374
0.0045814138
0.0044005339
0.0042271428
0.0040606132
0.0039005862
0.0037469043
0.0035991954
0.0034572724
0.0033209645
0.0031899768
0.0030641489
0.0029430092
0.0028263798
0.0027139918
0.0026055351
0.0025008091
0.0023997673
0.00230244
0.0022087445
0.0021185735
0.0020317671
0.0019482005
0.0018677275
0.001790249
0.0017156129
0.0016437201
0.0015744187
0.0015075812
0.0014430914
0.0013809802
0.0013213336
0.001264124
0.0012092501
0.0011567439
0.0011062695
0.0010574877
0.0010105057
0.00096549399
0.00092290163
0.0008818291
0.00084129666
0.00080227019
0.00076518882
0.00072972983
0.00069577298
0.00066325189
0.00063239973
0.00060258198
0.00057317107
0.00054501549
0.00051852645
0.00049342129
0.00046936909
0.00044632129
0.00042437154
0.00040340596
0.00038325154
0.00036396348
0.00034564238
0.00032809545
0.00031128874
0.00029538776
0.00028009845
0.00026563842
0.0002522337
0.00023938507
0.00022701701
0.00021520626
0.00020392537
0.000193187
0.00018299148
0.00017340197
0.00016421633
0.00015527609
0.00014681279
0.00013884101
0.00013131007
0.00012418954
0.00011766777
0.00011149843
0.00010528497
9.9314063e-05
9.3735514e-05
8.8509041e-05
8.3628242e-05
7.8969282e-05
7.457258e-05
7.0416256e-05
6.6327046e-05
6.2404365e-05
5.8773128e-05
5.5393714e-05
5.2208778e-05
4.9192729e-05
4.6335736e-05
4.3628846e-05
4.1061362e-05
3.862202e-05
3.6299504e-05
3.4121234e-05
3.2080104e-05
3.0107454e-05
2.8281331e-05
2.6621672e-05
2.5019354e-05
2.3474222e-05
2.2008983e-05
2.0623818e-05
1.9315375e-05
1.8075047e-05
1.6899865e-05
1.5808386e-05
1.4762205e-05
1.3738291e-05
1.2781494e-05
1.1888827e-05
1.1037046e-05
1.0223509e-05
9.4559945e-06
8.7757041e-06
8.1208523e-06
7.4306983e-06
6.7778875e-06
6.1752447e-06
5.6015191e-06
5.0463588e-06
4.5332832e-06
4.0267121e-06
3.5000621e-06
2.9943221e-06
2.5167548e-06
2.0544795e-06
1.5811872e-06
1.1489871e-06
3.916648e-07
4.7733553e-07
0.01335749
0.012415274
0.011707366
0.011209336
0.01071281
0.010218889
0.0097577057
0.0093277724
0.0089222682
0.0085385565
0.0081747063
0.0078300563
0.0075033715
0.0071925301
0.0068967108
0.0066153026
0.0063466746
0.0060902075
0.0058453395
0.0056114341
0.0053875385
0.0051732702
0.0049680209
0.0047713121
0.0045827002
0.0044016554
0.0042280881
0.0040613946
0.003901217
0.0037473939
0.0035995587
0.0034575139
0.0033210905
0.0031899975
0.0030640718
0.0029428384
0.0028261266
0.0027136591
0.0026051306
0.0025003363
0.0023992348
0.0023018522
0.0022081098
0.002117896
0.0020310537
0.0019474545
0.0018669566
0.0017894563
0.0017148045
0.0016428973
0.0015735872
0.0015067462
0.0014422574
0.0013801471
0.0013205082
0.0012633069
0.0012084467
0.0011559568
0.001105502
0.0010567385
0.0010097783
0.00096479134
0.00092222678
0.00088118168
0.00084067509
0.00080167481
0.00076462074
0.00072918954
0.0006952596
0.00066276509
0.00063193991
0.00060214847
0.00057276209
0.0005446304
0.0005181649
0.00049308275
0.00046905258
0.0004460251
0.00042409402
0.00040314699
0.00038301083
0.00036373847
0.00034543149
0.00032789848
0.00031110627
0.0002952176
0.00027993982
0.00026549117
0.00025209641
0.00023925689
0.00022689827
0.00021509637
0.00020382287
0.00019309162
0.00018290309
0.00017331998
0.00016414019
0.00015520541
0.00014674722
0.00013878023
0.00013125373
0.00012413733
0.00011761952
0.00011145386
0.00010524362
9.9275752e-05
9.3700058e-05
8.8476276e-05
8.3598038e-05
7.8941411e-05
7.4546886e-05
7.0392527e-05
6.6305112e-05
6.2384153e-05
5.8754468e-05
5.5376551e-05
5.2192961e-05
4.917813e-05
4.63223e-05
4.3616472e-05
4.1049957e-05
3.8611521e-05
3.6289831e-05
3.4112335e-05
3.2071919e-05
3.0099911e-05
2.8274383e-05
2.6615286e-05
2.5013471e-05
2.3468803e-05
2.2003988e-05
2.0619217e-05
1.9311134e-05
1.8071151e-05
1.6896266e-05
1.5805065e-05
1.4759139e-05
1.3735475e-05
1.2778895e-05
1.1886416e-05
1.1034814e-05
1.0221464e-05
9.4541046e-06
8.7739493e-06
8.1192226e-06
7.4292061e-06
6.7765003e-06
6.1739491e-06
5.600318e-06
5.0452552e-06
4.5322604e-06
4.0257567e-06
3.4991756e-06
2.9934942e-06
2.5159914e-06
2.0537624e-06
1.5805255e-06
1.148378e-06
3.9255238e-07
4.7429077e-07
0.013316433
0.012412437
0.01170586
0.011205081
0.010712005
0.010219985
0.009759579
0.0093307675
0.0089260645
0.008542951
0.0081794644
0.0078349711
0.0075083386
0.0071973966
0.0069013921
0.0066197195
0.0063508181
0.0060940508
0.005848854
0.0056146725
0.0053904813
0.0051759633
0.0049704706
0.004773508
0.0045846799
0.0044034357
0.0042296542
0.0040627615
0.0039023989
0.0037484059
0.0036004174
0.0034582197
0.0033216537
0.0031904328
0.0030643821
0.0029430306
0.0028262126
0.0027136423
0.0026050197
0.0025001351
0.0023989528
0.0023014954
0.0022076875
0.0021174134
0.0020305186
0.0019468712
0.0018663338
0.0017887979
0.0017141179
0.0016421844
0.0015728542
0.0015059982
0.0014415
0.0013793814
0.0013197411
0.0012625399
0.0012076854
0.0011552042
0.0011047623
0.0010560107
0.001009066
0.00096409823
0.00092155719
0.00088053552
0.00084005052
0.00080107294
0.00076404347
0.00072863775
0.00069473271
0.00066226307
0.00063146375
0.00060169751
0.00057233456
0.00054422615
0.00051778398
0.00049272479
0.00046871684
0.00044570981
0.00042379785
0.00040286966
0.00038275209
0.00036349615
0.00034520398
0.00032768542
0.00031090825
0.0002950325
0.0002797669
0.00026533023
0.00025194617
0.00023911636
0.00022676771
0.00021497529
0.00020370975
0.00019298613
0.00018280512
0.00017322899
0.00016405551
0.00015512662
0.00014667398
0.00013871221
0.00013119055
0.00012407866
0.0001175652
0.0001114036
0.0001051969
9.923237e-05
9.3659828e-05
8.8439029e-05
8.3563643e-05
7.890961e-05
7.4517513e-05
7.0365358e-05
6.6279955e-05
6.2360924e-05
5.8732987e-05
5.535676e-05
5.2174697e-05
4.9161245e-05
4.6306735e-05
4.3602115e-05
4.10367e-05
3.8599299e-05
3.6278554e-05
3.4101945e-05
3.2062348e-05
3.0091076e-05
2.8266232e-05
2.6607786e-05
2.5006551e-05
2.3462418e-05
2.1998096e-05
2.0613782e-05
1.9306117e-05
1.8066534e-05
1.6891994e-05
1.5801123e-05
1.4755494e-05
1.3732118e-05
1.2775793e-05
1.188354e-05
1.1032149e-05
1.0219012e-05
9.4518358e-06
8.7718461e-06
8.117268e-06
7.4274082e-06
6.7748273e-06
6.17239e-06
5.59887e-06
5.0439212e-06
4.5310222e-06
4.0246014e-06
3.4981013e-06
2.9924911e-06
2.5150631e-06
2.0528929e-06
1.5797191e-06
1.1476367e-06
3.9366856e-07
4.7050776e-07
0.013273473
0.012407845
0.011702887
0.011197901
0.01070811
0.010218318
0.0097586326
0.0093311036
0.0089276429
0.0085453008
0.0081826985
0.0078388252
0.0075126799
0.0072020794
0.0069062027
0.0066245491
0.0063555522
0.0060986367
0.0058531592
0.0056187373
0.0053942748
0.0051794603
0.0049737334
0.0047764791
0.0045874242
0.0044059506
0.0042319176
0.0040647953
0.0039042117
0.0037500145
0.0036018426
0.0034594578
0.0033227198
0.003191347
0.0030651389
0.002943642
0.0028266913
0.0027139915
0.0026052496
0.0025002495
0.0023989622
0.0023014074
0.0022075127
0.0021171584
0.0020301921
0.0019464789
0.0018658851
0.0017882984
0.0017135758
0.0016416031
0.0015722402
0.0015053571
0.0014408382
0.001378701
0.0013190497
0.0012618397
0.0012069825
0.0011545021
0.0011040658
0.0010553194
0.0010083831
0.00096342827
0.00092090599
0.00087990319
0.00083943463
0.00080047543
0.00076346714
0.00072808389
0.00069420106
0.00066175394
0.00063097883
0.00060123611
0.00057189473
0.00054380824
0.00051738862
0.00049235197
0.0004683659
0.00044537915
0.00042348618
0.0004025769
0.00038247807
0.00036323876
0.00034496173
0.0003274579
0.00031069615
0.00029483396
0.00027958084
0.00026515662
0.00025178385
0.00023896426
0.00022662605
0.00021484359
0.00020358651
0.00019287099
0.00018269795
0.00017312925
0.00016396253
0.00015503992
0.00014659322
0.00013863706
0.0001311206
0.00012401356
0.00011750483
0.00011134764
0.00010514477
9.918386e-05
9.3614757e-05
8.8397216e-05
8.3524951e-05
7.8873761e-05
7.4484338e-05
7.0334632e-05
6.625145e-05
6.2334545e-05
5.8708559e-05
5.533421e-05
5.2153852e-05
4.9141948e-05
4.6288913e-05
4.358565e-05
4.1021476e-05
3.858524e-05
3.6265562e-05
3.4089954e-05
3.2051285e-05
3.0080849e-05
2.8256786e-05
2.6599081e-05
2.4998508e-05
2.3454987e-05
2.1991229e-05
2.060744e-05
1.9300255e-05
1.8061131e-05
1.6886992e-05
1.57965e-05
1.4751215e-05
1.372817e-05
1.2772143e-05
1.1880154e-05
1.1029006e-05
1.0216116e-05
9.4491549e-06
8.7693592e-06
8.1149535e-06
7.4252767e-06
6.7728423e-06
6.1705402e-06
5.5971498e-06
5.0423344e-06
4.529548e-06
4.0232266e-06
3.4968198e-06
2.9912959e-06
2.5139536e-06
2.0518566e-06
1.5787533e-06
1.1467498e-06
3.950819e-07
4.6583553e-07
0.013228682
0.012400843
0.011698622
0.011188682
0.010701754
0.010214093
0.0097552292
0.0093287856
0.0089266799
0.0085451068
0.0081835401
0.007840612
0.0075151049
0.007205307
0.0069099663
0.0066287076
0.006359997
0.0061032374
0.0058577585
0.005623266
0.0053986845
0.0051836249
0.0049777114
0.0047802148
0.0045908921
0.0044092026
0.0042348831
0.0040675255
0.0039067042
0.0037522676
0.0036038831
0.003461284
0.003324344
0.0031927878
0.0030663917
0.0029447238
0.0028276101
0.0027147518
0.0026058627
0.0025007185
0.0023992991
0.0023016218
0.0022076159
0.0021171589
0.0020300998
0.0019463009
0.0018656317
0.0017879769
0.0017131956
0.0016411692
0.0015717602
0.0015048367
0.0014402848
0.0013781182
0.0013184457
0.0012612177
0.0012063489
0.0011538615
0.0011034233
0.001054675
0.0010077399
0.00096279137
0.00092028309
0.00087929439
0.00083883659
0.00079989096
0.00076290001
0.0007275358
0.00069367206
0.0006612447
0.00063049181
0.00060077052
0.00057144827
0.00054338191
0.00051698366
0.00049196858
0.00046800372
0.00044503657
0.00042316238
0.00040227164
0.00038219116
0.00036296867
0.000344707
0.00032721795
0.00031047167
0.00029462331
0.00027938299
0.00026497151
0.00025161057
0.00023880156
0.00022647408
0.000214702
0.0002034538
0.00019274672
0.00018258204
0.00017302124
0.00016386165
0.00015494563
0.00014650523
0.00013855501
0.00013104408
0.0001239422
0.00011743854
0.00011128609
0.00010508731
9.9130269e-05
9.356486e-05
8.8350835e-05
8.3481956e-05
7.8833842e-05
7.4447325e-05
7.0300295e-05
6.6219533e-05
6.2304944e-05
5.86811e-05
5.5308818e-05
5.2130344e-05
4.9120151e-05
4.6268747e-05
4.3566989e-05
4.1004192e-05
3.8569254e-05
3.6250766e-05
3.4076279e-05
3.203865e-05
3.0069149e-05
2.8245964e-05
2.6589096e-05
2.4989272e-05
2.3446443e-05
2.1983322e-05
2.0600129e-05
1.9293489e-05
1.8054884e-05
1.6881204e-05
1.5791148e-05
1.4746253e-05
1.3723584e-05
1.2767899e-05
1.1876217e-05
1.102535e-05
1.021274e-05
9.4460246e-06
8.7664589e-06
8.1122535e-06
7.422782e-06
6.7705174e-06
6.168377e-06
5.5951357e-06
5.0404734e-06
4.5278173e-06
4.0216143e-06
3.4953142e-06
2.9898928e-06
2.5126472e-06
2.0506399e-06
1.577615e-06
1.1457044e-06
3.9687708e-07
4.6009776e-07
0.013184237
0.012389581
0.011692341
0.011177743
0.010693286
0.010207893
0.0097498318
0.0093242953
0.00892328
0.0085426359
0.0081819548
0.0078400306
0.0075152072
0.007206313
0.0069117792
0.0066310504
0.0063629918
0.0061067942
0.0058616418
0.0056273852
0.0054029642
0.0051879323
0.0049819766
0.0047844159
0.0045948823
0.0044130319
0.0042384849
0.0040708564
0.0039098259
0.0037551357
0.0036065292
0.0034637057
0.0033265414
0.0031947693
0.0030681655
0.0029462981
0.0028289927
0.0027159553
0.0026068897
0.0025015694
0.0023999881
0.0023021624
0.0022080194
0.0021174348
0.0020302596
0.0019463532
0.0018655882
0.0017878461
0.0017129883
0.0016408925
0.0015714223
0.0015044446
0.0014398464
0.0013776386
0.0013179342
0.0012606786
0.0012057893
0.0011532871
0.0011028395
0.0010540821
0.001007141
0.00096219229
0.0009196936
0.0008787145
0.00083826159
0.00079932457
0.00076234711
0.00072699841
0.00069315049
0.00066073996
0.00063000731
0.00060030527
0.00057099934
0.00054295087
0.00051657249
0.00049157793
0.0004676333
0.00044468499
0.00042282886
0.0004019562
0.00038189372
0.00036268778
0.00034444139
0.00032696702
0.00031023624
0.00029440207
0.00027917447
0.00026477591
0.00025142724
0.00023862915
0.00022631264
0.00021455122
0.00020331227
0.00019261396
0.00018245793
0.00017290541
0.0001637533
0.00015484415
0.00014641032
0.00013846637
0.00013096124
0.00012386479
0.00011736655
0.00011121915
0.00010502468
9.9071724e-05
9.3510247e-05
8.8299973e-05
8.3434714e-05
7.878989e-05
7.4406497e-05
7.0262366e-05
6.6184205e-05
6.2272105e-05
5.8650591e-05
5.528055e-05
5.2104132e-05
4.9095809e-05
4.6246185e-05
4.3546079e-05
4.0984798e-05
3.8551285e-05
3.6234109e-05
3.4060858e-05
3.2024381e-05
3.0055916e-05
2.8233707e-05
2.6577774e-05
2.4978786e-05
2.3436729e-05
2.1974322e-05
2.0591796e-05
1.928577e-05
1.8047746e-05
1.6874586e-05
1.5785022e-05
1.4740568e-05
1.3718324e-05
1.2763027e-05
1.1871695e-05
1.1021145e-05
1.0208853e-05
9.4424185e-06
8.7631163e-06
8.1091386e-06
7.4199014e-06
6.7678314e-06
6.1658776e-06
5.5928065e-06
5.0383199e-06
4.5258131e-06
4.0197484e-06
3.4935684e-06
2.988268e-06
2.5111302e-06
2.0492314e-06
1.5762924e-06
1.1444885e-06
3.9915714e-07
4.5308949e-07
0.013140115
0.012373195
0.011683519
0.011165205
0.010682853
0.010199978
0.0097428713
0.0093181891
0.0089181187
0.0085383246
0.0081783893
0.0078372614
0.0075132132
0.0072050481
0.0069114088
0.0066312673
0.0063639253
0.0061084334
0.0058638435
0.0056300393
0.0054061466
0.0051914712
0.0049857097
0.0047883079
0.0045988404
0.0044169713
0.0042423831
0.0040745404
0.00391336
0.0037584688
0.0036096395
0.0034666168
0.0033292361
0.0031972356
0.0030704202
0.0029483373
0.0028308196
0.0027175843
0.0026083254
0.0025028078
0.0024010323
0.0023030319
0.0022087272
0.002117991
0.0020306762
0.0019466401
0.0018657579
0.0017879089
0.001712956
0.001640774
0.0015712271
0.0015041804
0.0014395218
0.0013772605
0.0013175129
0.0012602201
0.0012053013
0.0011527768
0.0011023124
0.0010535391
0.0010065848
0.00096162966
0.00091913699
0.00087816358
0.00083770977
0.00079877667
0.00076180916
0.00072647275
0.00069263755
0.00066024111
0.00062952708
0.00059984228
0.00057054973
0.00054251693
0.00051615698
0.00049118173
0.00046725635
0.00044432583
0.0004224873
0.00040163207
0.00038158681
0.00036239726
0.0003441662
0.00032670628
0.0003099907
0.00029417084
0.00027895602
0.00026457051
0.0002512346
0.00023844766
0.00022614222
0.00021439175
0.00020316235
0.00019247308
0.00018232599
0.00017278216
0.00016363783
0.00015473577
0.00014630881
0.00013837139
0.00013087233
0.00012378155
0.00011728907
0.00011114704
0.00010495704
9.9008376e-05
9.3451044e-05
8.8244741e-05
8.3383336e-05
7.8741999e-05
7.4361933e-05
7.0220905e-05
6.614551e-05
6.2236056e-05
5.8617044e-05
5.5249418e-05
5.207522e-05
4.9068919e-05
4.6221218e-05
4.3522902e-05
4.0963265e-05
3.8531303e-05
3.6215556e-05
3.4043659e-05
3.2008442e-05
3.004111e-05
2.8219976e-05
2.6565076e-05
2.4967011e-05
2.3425807e-05
2.1964189e-05
2.0582403e-05
1.9277059e-05
1.8039681e-05
1.68671e-05
1.577809e-05
1.4734127e-05
1.3712353e-05
1.2757494e-05
1.1866558e-05
1.1016368e-05
1.0204427e-05
9.4383079e-06
8.7593101e-06
8.1055915e-06
7.4166127e-06
6.7647624e-06
6.1630251e-06
5.5901462e-06
5.0358576e-06
4.5235197e-06
4.0176157e-06
3.4915694e-06
2.98641e-06
2.5093904e-06
2.0476214e-06
1.5747761e-06
1.1430915e-06
4.0204395e-07
4.4457558e-07
0.013094978
0.012351257
0.011671309
0.011150641
0.010670156
0.010190124
0.0097343051
0.0093105937
0.0089115561
0.0085326702
0.0081734485
0.0078329626
0.0075095391
0.0072019684
0.0069090488
0.0066295333
0.0063627681
0.0061078813
0.0058640735
0.0056307907
0.0054074933
0.005193378
0.0049880218
0.0047909925
0.0046018906
0.0044202309
0.0042458112
0.0040780214
0.0039168207
0.0037618653
0.0036128884
0.0034697349
0.0033321913
0.0032000172
0.0030729843
0.0029507156
0.0028329957
0.0027195501
0.0026100884
0.0025043768
0.0024023971
0.0023041962
0.0022097081
0.002118802
0.0020313286
0.0019471437
0.0018661253
0.0017881511
0.0017130856
0.0016408015
0.0015711628
0.0015040331
0.0014393003
0.0013769728
0.0013171711
0.0012598313
0.0012048744
0.0011523209
0.001101833
0.001053037
0.0010060628
0.00096109552
0.00091860649
0.00087763573
0.00083717549
0.00079824221
0.00076128182
0.00072595508
0.00069213005
0.00065974545
0.00062904912
0.00059938011
0.0005700981
0.00054207895
0.00051573624
0.00049077944
0.00046687237
0.00044395898
0.00042213735
0.0004012991
0.00038127064
0.00036209711
0.00034388128
0.00032643563
0.00030973519
0.00029392999
0.00027872771
0.00026435532
0.00025103267
0.00023825721
0.00022596302
0.00021422369
0.00020300419
0.00019232425
0.00018218634
0.00017265158
0.00016351539
0.00015462063
0.00014620081
0.00013827022
0.00013077748
0.00012369261
0.00011720624
0.00011106989
0.00010488454
9.8940345e-05
9.3387367e-05
8.8185248e-05
8.3327913e-05
7.8690249e-05
7.4313711e-05
7.0175994e-05
6.6103511e-05
6.2196848e-05
5.8580506e-05
5.5215454e-05
5.2043632e-05
4.9039499e-05
4.6193856e-05
4.3497464e-05
4.09396e-05
3.8509305e-05
3.6195101e-05
3.4024668e-05
3.199082e-05
3.0024711e-05
2.8204749e-05
2.655098e-05
2.4953924e-05
2.3413652e-05
2.19529e-05
2.0571925e-05
1.9267332e-05
1.8030663e-05
1.6858723e-05
1.5770325e-05
1.4726906e-05
1.3705652e-05
1.2751278e-05
1.1860786e-05
1.1010992e-05
1.0199444e-05
9.433677e-06
8.7550212e-06
8.1015915e-06
7.4129011e-06
6.761297e-06
6.1598038e-06
5.5871398e-06
5.0330741e-06
4.5209258e-06
4.0152056e-06
3.4893058e-06
2.9843099e-06
2.5074183e-06
2.0458024e-06
1.5730574e-06
1.1415042e-06
4.0567053e-07
4.3429541e-07
0.013048204
0.012323868
0.011655024
0.011133601
0.010654832
0.010177912
0.0097238111
0.009301306
0.0089034931
0.0085256903
0.0081673008
0.0078275179
0.0075047452
0.0071977322
0.0069052862
0.0066262392
0.0063599473
0.0061055828
0.0058624461
0.005629648
0.0054068026
0.0051932588
0.0049884537
0.0047919321
0.0046033243
0.0044220809
0.0042479413
0.0040804669
0.0039194715
0.0037646358
0.0036157053
0.0034725422
0.0033349478
0.0032027176
0.0030755352
0.0029531461
0.0028352785
0.0027216606
0.002612002
0.0025061135
0.0024039603
0.002305556
0.0022108724
0.0021197907
0.0020321512
0.0019478082
0.001866642
0.0017885305
0.0017133399
0.0016409415
0.0015711993
0.001503975
0.0014391563
0.0013767519
0.0013168864
0.0012594913
0.0012044888
0.0011519008
0.0011013839
0.0010525593
0.0010055592
0.00096057478
0.0009180887
0.00087711877
0.00083664695
0.00079771028
0.00076075519
0.00072543651
0.00069161999
0.00065924571
0.00062856732
0.00059891345
0.00056963955
0.0005416326
0.00051530657
0.00049036783
0.00046647867
0.00044358183
0.0004217771
0.00040095563
0.00038094342
0.00036178587
0.00034358558
0.00032615415
0.0003094686
0.00029367834
0.00027848866
0.00026412962
0.00025082095
0.00023805727
0.00022577447
0.00021404662
0.00020283737
0.00019216709
0.00018203867
0.00017251346
0.00016338579
0.00015449856
0.00014608618
0.00013816274
0.00013067659
0.00012359787
0.00011711804
0.00011098773
0.00010480718
9.8867636e-05
9.3319225e-05
8.8121513e-05
8.3268489e-05
7.8634684e-05
7.426188e-05
7.0127681e-05
6.6058249e-05
6.2154513e-05
5.8541004e-05
5.517869e-05
5.2009401e-05
4.9007577e-05
4.6164123e-05
4.3469785e-05
4.0913813e-05
3.8485301e-05
3.6172745e-05
3.4003887e-05
3.1971512e-05
3.0006712e-05
2.8188017e-05
2.6535478e-05
2.4939513e-05
2.3400251e-05
2.1940438e-05
2.0560347e-05
1.9256571e-05
1.8020674e-05
1.6849436e-05
1.5761714e-05
1.4718889e-05
1.36982e-05
1.2744362e-05
1.1854362e-05
1.1005008e-05
1.0193886e-05
9.4285061e-06
8.7502371e-06
8.0971302e-06
7.4087525e-06
6.7574201e-06
6.1562032e-06
5.5837775e-06
5.0299593e-06
4.5180208e-06
4.0125101e-06
3.4867691e-06
2.9819606e-06
2.5052058e-06
2.0437689e-06
1.5711279e-06
1.1397231e-06
4.1016141e-07
4.2198263e-07
0.012996395
0.012289117
0.011632684
0.011112621
0.010635797
0.010162352
0.0097105782
0.0092896626
0.0088933648
0.0085169292
0.0081596356
0.0078207615
0.0074987982
0.0071924515
0.0069005451
0.0066219943
0.0063561197
0.0061021501
0.0058593288
0.0056269191
0.0054045
0.0051914085
0.0049870878
0.0047910264
0.004602857
0.0044220922
0.0042482998
0.0040812638
0.0039206282
0.0037660772
0.0036173809
0.0034743697
0.0033368811
0.0032047196
0.0030775549
0.0029551509
0.0028372348
0.0027235335
0.0026137543
0.0025077422
0.0024054571
0.0023068892
0.0022120378
0.0021208004
0.0020330083
0.0019485159
0.0018672068
0.0017889596
0.0017136426
0.0016411271
0.0015712775
0.0015039537
0.0014390429
0.0013765552
0.0013166202
0.0012591648
0.001204112
0.0011514871
0.001100938
0.0010520803
0.0010050498
0.00096004462
0.00091756338
0.0008765941
0.000836106
0.00079716399
0.00076021377
0.00072490279
0.00069109429
0.0006587299
0.00062807121
0.00059843297
0.00056916513
0.00054116973
0.00051486085
0.00048994073
0.00046606951
0.00044318958
0.000421402
0.00040059761
0.00038060188
0.00036146051
0.00034327621
0.00032585917
0.00030918886
0.00029341427
0.00027823708
0.00026389165
0.00025059788
0.00023784659
0.00022557554
0.00021385944
0.00020266093
0.00019200075
0.00018188219
0.00017236712
0.00016324844
0.00015436899
0.00014596442
0.00013804851
0.00013056929
0.000123497
0.00011702422
0.00011090036
0.00010472476
9.8790092e-05
9.3246489e-05
8.805343e-05
8.3204976e-05
7.8575232e-05
7.4206395e-05
7.0075949e-05
6.6009705e-05
6.2109035e-05
5.8498536e-05
5.5139123e-05
5.1972526e-05
4.8973159e-05
4.6132027e-05
4.3439872e-05
4.0885918e-05
3.8459298e-05
3.6148494e-05
3.3981319e-05
3.1950521e-05
2.998711e-05
2.8169774e-05
2.6518565e-05
2.4923772e-05
2.3385597e-05
2.1926795e-05
2.0547657e-05
1.9244766e-05
1.8009704e-05
1.6839227e-05
1.5752241e-05
1.4710064e-05
1.3689987e-05
1.2736733e-05
1.1847272e-05
1.0998399e-05
1.0187743e-05
9.4227867e-06
8.7449461e-06
8.0921936e-06
7.4041579e-06
6.7531245e-06
6.1522134e-06
5.5800489e-06
5.0265054e-06
4.5147979e-06
4.009523e-06
3.4839516e-06
2.9793569e-06
2.5027468e-06
2.0415171e-06
1.5689964e-06
1.1377495e-06
4.1570269e-07
4.0733146e-07
0.012941416
0.01224883
0.011605388
0.011088288
0.010613385
0.010143483
0.0096945249
0.0092755287
0.0088809584
0.008506122
0.0081501655
0.0078124115
0.0074914363
0.0071859354
0.0068947191
0.0066167637
0.006351372
0.0060978101
0.0058553235
0.0056232655
0.0054011521
0.0051883523
0.0049843203
0.0047885585
0.0046007299
0.0044203054
0.0042468783
0.0040802237
0.0039199492
0.0037657495
0.0036173855
0.0034746515
0.0033374029
0.0032054345
0.0030784289
0.0029561381
0.0028383039
0.0027246427
0.0026148686
0.0025088322
0.0024064845
0.0023078345
0.0022128937
0.0021215594
0.0020336614
0.0019490586
0.0018676378
0.0017892801
0.0017138566
0.0016412393
0.0015712936
0.001503878
0.0014388793
0.0013763108
0.0013163091
0.0012587951
0.0012036933
0.0011510345
0.001100455
0.0010515632
0.0010045004
0.00095947335
0.00091700284
0.00087603646
0.00083552796
0.00079658046
0.00075963653
0.00072433456
0.00069053512
0.0006581815
0.00062754627
0.00059792547
0.00056866222
0.00054067885
0.00051438867
0.00048948886
0.00046563676
0.00044277463
0.00042100553
0.00040021936
0.00038024057
0.00036111618
0.00034294903
0.00032554702
0.00030889234
0.0002931344
0.00027796997
0.00026363882
0.00025036134
0.00023762312
0.00022536426
0.00021366047
0.0002024733
0.00019182381
0.00018171559
0.0001722114
0.00016310231
0.00015423098
0.00014583469
0.00013792676
0.00013045486
0.00012338935
0.00011692425
0.00011080738
0.00010463688
9.8707343e-05
9.3168827e-05
8.7980712e-05
8.3137145e-05
7.8511688e-05
7.4147091e-05
7.0020669e-05
6.5957756e-05
6.2060303e-05
5.8453006e-05
5.5096685e-05
5.1932957e-05
4.8936206e-05
4.6097537e-05
4.3407702e-05
4.0855894e-05
3.8431282e-05
3.6122335e-05
3.3956956e-05
3.1927842e-05
2.9965894e-05
2.8150013e-05
2.6500239e-05
2.4906697e-05
2.3369684e-05
2.1911964e-05
2.0533848e-05
1.9231908e-05
1.799774e-05
1.6828085e-05
1.5741899e-05
1.470042e-05
1.3680998e-05
1.2728379e-05
1.1839508e-05
1.0991158e-05
1.0181003e-05
9.416503e-06
8.7391401e-06
8.0867777e-06
7.3991072e-06
6.7483981e-06
6.1478265e-06
5.5759471e-06
5.0227046e-06
4.5112492e-06
4.006239e-06
3.480847e-06
2.9764937e-06
2.5000354e-06
2.0390397e-06
1.5667391e-06
1.1355218e-06
4.2296175e-07
3.8960391e-07
0.012871865
0.012194982
0.011566818
0.011055315
0.010583231
0.010117592
0.0096725319
0.0092563363
0.0088641385
0.0084914852
0.0081373897
0.0078011935
0.007481572
0.007177246
0.0068869923
0.0066098563
0.0063451528
0.0060921676
0.0058501505
0.005618515
0.0053967458
0.0051842427
0.0049804704
0.0047849399
0.0045973685
0.0044171523
0.0042439699
0.0040775627
0.0039175574
0.0037636484
0.0036155791
0.0034731384
0.0033361801
0.003204481
0.0030777225
0.0029556379
0.0028379866
0.0027244813
0.002614825
0.0025088664
0.0024065655
0.0023079442
0.0022130174
0.0021216796
0.0020337601
0.0019491221
0.0018676557
0.0017892446
0.0017137638
0.001641087
0.0015710805
0.0015036021
0.0014385374
0.0013759059
0.0013158538
0.0012582944
0.0012031554
0.0011504759
0.0010998756
0.0010509552
0.0010038634
0.00095881767
0.0009163703
0.00087541307
0.00083488114
0.00079593054
0.00075899675
0.00072370735
0.00068992012
0.0006575799
0.00062697459
0.00059737468
0.00056811485
0.00054014526
0.00051387693
0.00048900034
0.00046516951
0.0004423274
0.00042057892
0.00039981268
0.00037985242
0.0003607466
0.0003425983
0.00032521225
0.00030857454
0.00029283507
0.0002776836
0.00026336755
0.00025010818
0.00023738416
0.00022513831
0.00021344746
0.00020227242
0.00019163437
0.00018153715
0.0001720448
0.00016294603
0.00015408323
0.00014569583
0.00013779644
0.00013033234
0.000123274
0.0001168174
0.00011070815
0.00010454291
9.8618829e-05
9.3085738e-05
8.7902915e-05
8.306461e-05
7.8443701e-05
7.4083676e-05
6.9961602e-05
6.5902172e-05
6.2008111e-05
5.8404245e-05
5.5051228e-05
5.1890568e-05
4.8896613e-05
4.6060567e-05
4.3373203e-05
4.0823687e-05
3.8401208e-05
3.6094226e-05
3.3930765e-05
3.1903449e-05
2.9943036e-05
2.8128712e-05
2.6480483e-05
2.4888272e-05
2.3352498e-05
2.1895934e-05
2.0518908e-05
1.9217985e-05
1.7984773e-05
1.6815999e-05
1.5730677e-05
1.4689948e-05
1.3671226e-05
1.271929e-05
1.1831057e-05
1.0983269e-05
1.0173655e-05
9.4096475e-06
8.7328087e-06
8.0808697e-06
7.3935917e-06
6.7432346e-06
6.1430333e-06
5.5714616e-06
5.0185494e-06
4.5073682e-06
4.0026518e-06
3.4774475e-06
2.9733652e-06
2.4970664e-06
2.0363318e-06
1.5643551e-06
1.1328964e-06
4.3288144e-07
3.6774798e-07
0.01279959
0.012138338
0.011527009
0.011021821
0.010552042
0.010090122
0.0096488119
0.0092352611
0.0088452441
0.0084747052
0.008122486
0.0077878894
0.0074696866
0.0071666359
0.0068774311
0.0066012105
0.0063373173
0.0060850305
0.0058435914
0.005612482
0.0053911571
0.0051790224
0.0049755651
0.0047802665
0.0045929508
0.0044129244
0.0042399285
0.0040736859
0.0039138484
0.0037601174
0.0036122317
0.003469998
0.0033332727
0.003201824
0.0030753193
0.0029534696
0.002836045
0.002722753
0.0026132779
0.0025074711
0.002405303
0.0023068015
0.002211986
0.0021207455
0.0020329046
0.0019483282
0.0018669079
0.0017885291
0.0017130698
0.001640405
0.001570402
0.0015029169
0.001437833
0.0013751783
0.0013151119
0.0012575371
0.0012023882
0.0011497163
0.0010991177
0.0010501842
0.0010030752
0.00095802103
0.00091561932
0.00087468418
0.00083412862
0.00079518135
0.00075826417
0.00072299336
0.00068922414
0.00065690214
0.00062633668
0.00059676311
0.00056750606
0.00053955338
0.00051331104
0.00048846203
0.00046465591
0.00044183687
0.00042011239
0.00039936903
0.00037942929
0.00036034434
0.00034221747
0.00032484891
0.00030822973
0.00029251121
0.0002773733
0.00026307382
0.00024983508
0.00023712653
0.00022489479
0.00021321778
0.00020205583
0.0001914303
0.00018134492
0.00017186558
0.00016277799
0.00015392422
0.00014554651
0.00013765634
0.00013020063
0.00012314992
0.00011670285
0.000110602
0.00010444214
9.8523883e-05
9.2996597e-05
8.7819476e-05
8.2986898e-05
7.8370829e-05
7.4015775e-05
6.9898437e-05
6.5842649e-05
6.1952169e-05
5.8351988e-05
5.5002527e-05
5.1845171e-05
4.8854219e-05
4.6020979e-05
4.3336256e-05
4.0789191e-05
3.8368984e-05
3.6064086e-05
3.3902682e-05
3.1877292e-05
2.9918484e-05
2.8105825e-05
2.6459267e-05
2.4868467e-05
2.3334013e-05
2.1878679e-05
2.0502817e-05
1.9202981e-05
1.7970786e-05
1.6802951e-05
1.5718563e-05
1.4678636e-05
1.3660652e-05
1.2709453e-05
1.1821908e-05
1.0974726e-05
1.0165687e-05
9.4022025e-06
8.7259429e-06
8.0744644e-06
7.3875993e-06
6.7376202e-06
6.1378236e-06
5.5665838e-06
5.0140297e-06
4.5031458e-06
3.9987539e-06
3.473745e-06
2.9699633e-06
2.4938329e-06
2.0333888e-06
1.561758e-06
1.1297176e-06
4.4549528e-07
3.4171436e-07
0.012688169
0.012050176
0.011459507
0.010963312
0.010498806
0.010043972
0.009609495
0.0092009636
0.0088149442
0.0084480715
0.008099034
0.0077670982
0.0074511968
0.0071501957
0.0068626104
0.006587764
0.006325093
0.0060738816
0.0058333519
0.0056031082
0.0053825605
0.0051710976
0.0049682216
0.0047734723
0.004586517
0.0044068762
0.0042342322
0.0040682796
0.0039086965
0.0037551917
0.0036075074
0.0034654728
0.0033289612
0.0031977436
0.003071475
0.002949859
0.0028326735
0.0027196122
0.0026103359
0.0025047065
0.0024027047
0.0023043668
0.0022097195
0.0021186421
0.0020309516
0.0019465122
0.0018652161
0.0017869486
0.0017115892
0.0016390133
0.0015690874
0.0015016634
0.0014366212
0.0013739995
0.0013139704
0.0012564214
0.0012013002
0.0011486759
0.0010981115
0.001049188
0.0010020803
0.00095703367
0.00091471034
0.00087381559
0.00083324082
0.00079431174
0.00075742067
0.0007221749
0.00068842991
0.00065613146
0.00062561865
0.00059607747
0.00056682213
0.00053889207
0.00051268121
0.00048786397
0.00046408614
0.00044129383
0.00041959758
0.00039888047
0.00037896406
0.00035990313
0.00034180102
0.00032445158
0.00030785318
0.00029215884
0.00027703514
0.00026275413
0.00024953941
0.00023684802
0.00022463195
0.00021296977
0.00020182183
0.00019120991
0.00018113744
0.00017167263
0.00016259699
0.0001537525
0.00014538542
0.00013750526
0.00013005858
0.000123016
0.00011657976
0.00011048829
0.00010433395
9.8421959e-05
9.2900836e-05
8.772983e-05
8.2903513e-05
7.8292604e-05
7.394299e-05
6.9830848e-05
6.5778868e-05
6.1892188e-05
5.8295966e-05
5.4950318e-05
5.1796528e-05
4.880882e-05
4.5978594e-05
4.3296703e-05
4.0752272e-05
3.8334491e-05
3.6031802e-05
3.3872611e-05
3.1849294e-05
2.9892163e-05
2.80813e-05
2.6436551e-05
2.4847241e-05
2.3314195e-05
2.186017e-05
2.0485545e-05
1.9186868e-05
1.7955757e-05
1.6788925e-05
1.570554e-05
1.4666467e-05
1.3649266e-05
1.2698859e-05
1.1812053e-05
1.0965517e-05
1.0157091e-05
9.3941637e-06
8.7185366e-06
8.067553e-06
7.3811218e-06
6.7315503e-06
6.1321888e-06
5.5613033e-06
5.009137e-06
4.498577e-06
3.9945387e-06
3.469732e-06
2.9662798e-06
2.4903304e-06
2.0301987e-06
1.5589532e-06
1.1263727e-06
4.5911605e-07
3.1313186e-07
0.012587076
0.011981618
0.011415158
0.010919923
0.010454103
0.010003091
0.0095736093
0.0091687038
0.008785548
0.0084215699
0.0080752181
0.0077456114
0.0074317803
0.0071328529
0.0068469551
0.0065735059
0.006312016
0.00606182
0.0058220522
0.0055925055
0.0053725932
0.0051617061
0.004959345
0.0047651323
0.0045784844
0.0043992261
0.0042269414
0.0040612954
0.003901985
0.0037487216
0.0036012478
0.0034594113
0.003323114
0.0031921224
0.0030660716
0.0029446698
0.0028277133
0.002714873
0.0026057845
0.0025003264
0.0023984888
0.0023003247
0.0022058705
0.0021149899
0.0020274899
0.0019432348
0.0018621173
0.0017840221
0.001708829
0.0016364133
0.0015666397
0.0014993513
0.0014344234
0.001371917
0.0013120191
0.0012545772
0.0011995583
0.0011470584
0.0010965904
0.0010477249
0.001000659
0.00095565611
0.00091346691
0.00087263266
0.00083204463
0.0007931739
0.00075634593
0.00072115301
0.00068745379
0.00065519558
0.00062476098
0.00059526256
0.00056600859
0.0005381153
0.00051195137
0.0004871778
0.00046343574
0.00044067625
0.00041901535
0.00039833093
0.0003784429
0.00035941172
0.00034134083
0.00032401446
0.00030744036
0.00029177475
0.00027666533
0.00026240537
0.00024922009
0.00023654887
0.00022435136
0.00021270586
0.00020157297
0.00019097572
0.0001809169
0.00017146848
0.00016240579
0.00015357009
0.00014521367
0.00013734363
0.00012990613
0.00012287177
0.00011644764
0.00011036649
0.00010421785
9.8313019e-05
9.2798544e-05
8.7633967e-05
8.2814382e-05
7.8208859e-05
7.3865165e-05
6.9758677e-05
6.5710654e-05
6.1828108e-05
5.8236186e-05
5.4894581e-05
5.1744585e-05
4.8760362e-05
4.5933386e-05
4.3254548e-05
4.0712955e-05
3.8297772e-05
3.5997419e-05
3.3840601e-05
3.1819513e-05
2.9864125e-05
2.8055222e-05
2.6412456e-05
2.4824709e-05
2.3293158e-05
2.1840518e-05
2.0467196e-05
1.916974e-05
1.7939766e-05
1.6773993e-05
1.5691692e-05
1.4653509e-05
1.3637106e-05
1.2687548e-05
1.1801539e-05
1.0955692e-05
1.0147912e-05
9.3855722e-06
8.710642e-06
8.0601903e-06
7.374204e-06
6.725066e-06
6.1261659e-06
5.5556546e-06
5.0038999e-06
4.4936933e-06
3.9900344e-06
3.4654352e-06
2.9623339e-06
2.486579e-06
2.0267821e-06
1.5558533e-06
1.1232839e-06
4.7184306e-07
2.8406989e-07
0.012371486
0.011831153
0.011314189
0.010830271
0.010368851
0.0099266974
0.0095063146
0.0091083863
0.0087310713
0.0083722284
0.0080304326
0.0077048509
0.0073945224
0.0070984611
0.0068154805
0.0065448907
0.0062860339
0.0060382259
0.0058007734
0.0055732171
0.0053550063
0.0051456306
0.0049446371
0.0047516284
0.0045661242
0.0043878849
0.0042165215
0.0040517089
0.0038931533
0.0037405665
0.0035936892
0.0034523971
0.0033166363
0.0031861574
0.0030605637
0.0029395735
0.0028230153
0.0027105262
0.0026017142
0.0024964895
0.0023948554
0.0022968966
0.0022026647
0.0021119988
0.0020246974
0.0019406293
0.0018596884
0.0017817598
0.0017067247
0.0016344604
0.0015648315
0.0014976711
0.0014327983
0.0013703064
0.0013104766
0.0012530993
0.0011981557
0.0011457792
0.0010954039
0.0010465901
0.00099956294
0.00095461488
0.0009126415
0.00087186503
0.00083116914
0.00079230007
0.00075550621
0.00072034986
0.00068668461
0.00065445641
0.00062411815
0.00059465559
0.00056536039
0.00053747593
0.00051134699
0.00048661215
0.00046289903
0.00044016186
0.00041852566
0.00039786179
0.00037798851
0.00035897516
0.00034092635
0.0003236136
0.0003070567
0.0002914137
0.00027630389
0.00026205077
0.00024888593
0.00023622814
0.00022404606
0.00021241609
0.0002012985
0.00019071808
0.00018067556
0.00017124848
0.00016220531
0.00015338415
0.0001450424
0.00013718469
0.00012975734
0.0001227312
0.00011632001
0.00011024819
0.00010410314
9.8205903e-05
9.2698964e-05
8.7541297e-05
8.272864e-05
7.8128105e-05
7.3790264e-05
6.9689082e-05
6.5644073e-05
6.1765402e-05
5.8177959e-05
5.484038e-05
5.1693971e-05
4.8712978e-05
4.5889056e-05
4.3213148e-05
4.067433e-05
3.82617e-05
3.596363e-05
3.3809166e-05
3.1790244e-05
2.9836387e-05
2.8029446e-05
2.6388791e-05
2.4802615e-05
2.3272579e-05
2.1821349e-05
2.0449323e-05
1.9153053e-05
1.7924153e-05
1.6759366e-05
1.5678151e-05
1.4640826e-05
1.3625108e-05
1.2676314e-05
1.1791048e-05
1.0945849e-05
1.0138685e-05
9.3769124e-06
8.702706e-06
8.0527893e-06
7.3672346e-06
6.7185518e-06
6.1201119e-06
5.5499594e-06
4.9986053e-06
4.4887651e-06
3.9854879e-06
3.4610853e-06
2.9583328e-06
2.4827688e-06
2.0233025e-06
1.5525585e-06
1.1202866e-06
4.8380352e-07
2.5538257e-07
0.012192565
0.011672578
0.011199936
0.010728619
0.010275379
0.0098460773
0.0094377577
0.0090486835
0.0086781922
0.0083248443
0.0079878287
0.0076663951
0.0073595167
0.0070659975
0.006785662
0.0065176686
0.0062611592
0.0060154373
0.0057800804
0.0055542553
0.005337463
0.0051293175
0.0049294121
0.0047373608
0.0045527511
0.0043752812
0.0042046193
0.0040404555
0.0038824912
0.003730432
0.0035840076
0.0034431398
0.0033078386
0.0031778239
0.0030526521
0.0029320598
0.0028159175
0.0027037972
0.0025952672
0.0024902791
0.0023888401
0.0022910889
0.0021971003
0.0021066727
0.002019596
0.0019357455
0.0018550163
0.0017772937
0.00170246
0.0016303935
0.0015609584
0.0014939769
0.0014291178
0.0013665693
0.0013068635
0.0012496444
0.0011948626
0.0011427114
0.0010925103
0.0010438088
0.00099687075
0.0009519849
0.00091039481
0.0008699901
0.00082938144
0.00079059407
0.00075388043
0.00071880131
0.00068519832
0.00065300931
0.00062278756
0.00059341222
0.00056411229
0.00053623246
0.00051012996
0.00048544442
0.00046178531
0.00043910398
0.00041753143
0.00039692594
0.00037710071
0.00035813765
0.00034014185
0.00032286682
0.00030636302
0.00029079182
0.00027575467
0.00026158501
0.00024848889
0.00023588214
0.00022374253
0.00021214331
0.00020104845
0.00019048869
0.00018046457
0.0001710402
0.00016198923
0.00015317066
0.00014483742
0.00013698928
0.00012957167
0.00012255547
0.00011616467
0.00011010598
0.00010395982
9.8065839e-05
9.2565286e-05
8.7415881e-05
8.2612591e-05
7.8019155e-05
7.3690734e-05
6.9598308e-05
6.5557013e-05
6.1682317e-05
5.8100652e-05
5.4769114e-05
5.1628147e-05
4.8651757e-05
4.5831857e-05
4.315959e-05
4.0624112e-05
3.8214502e-05
3.5919216e-05
3.3767723e-05
3.1751335e-05
2.9798762e-05
2.7993545e-05
2.6355014e-05
2.4770483e-05
2.3242104e-05
2.1792626e-05
2.0422421e-05
1.9127955e-05
1.7900762e-05
1.6737522e-05
1.5658067e-05
1.462243e-05
1.3608119e-05
1.2660601e-05
1.1776478e-05
1.0932228e-05
1.0125895e-05
9.3648545e-06
8.6915644e-06
8.0423114e-06
7.3572904e-06
6.7092836e-06
6.1115295e-06
5.5419193e-06
4.9910952e-06
4.4817745e-06
3.9790108e-06
3.4549423e-06
2.9526846e-06
2.4774658e-06
2.0184278e-06
1.5479629e-06
1.1161019e-06
4.9412044e-07
2.2733458e-07
0.012155592
0.011630326
0.011127082
0.010638756
0.010183591
0.0097604169
0.0093593921
0.0089766956
0.0086121865
0.0082647541
0.0079335604
0.0076176314
0.0073158814
0.0070273332
0.0067514266
0.0064873098
0.0062341843
0.0059914569
0.005758657
0.0055351241
0.0053204389
0.0051142381
0.0049161124
0.0047256741
0.0045425304
0.0043663642
0.0041968814
0.0040337865
0.0038767775
0.0037255462
0.003579809
0.0034395691
0.0033049035
0.0031754645
0.0030507674
0.0029306057
0.0028149148
0.0027031614
0.0025948937
0.0024901359
0.002388854
0.0022912591
0.0021974579
0.0021071911
0.0020202396
0.0019364878
0.0018558354
0.001778171
0.0017033833
0.0016313553
0.0015619563
0.0014949901
0.0014300157
0.0013674022
0.0013078099
0.0012506199
0.0011958302
0.001143744
0.0010935581
0.0010448241
0.00099785374
0.00095292413
0.00091091323
0.00087026656
0.00082979535
0.00079107809
0.00075437508
0.00071933493
0.00068574786
0.00065354219
0.00062308255
0.00059351098
0.00056430973
0.0005365348
0.00051046742
0.00048578231
0.00046210064
0.00043938731
0.00041779582
0.00039717216
0.00037731785
0.00035833102
0.00034032603
0.0003229884
0.00030640527
0.00029081021
0.00027588696
0.00026181444
0.0002486673
0.00023601254
0.00022384991
0.00021222851
0.00020110969
0.00019052933
0.00018049475
0.00017101894
0.0001619144
0.0001530966
0.00014477317
0.00013693351
0.00012952112
0.00012250516
0.00011613372
0.00011010369
0.00010396782
9.8073629e-05
9.2568837e-05
8.741736e-05
8.2613974e-05
7.8015963e-05
7.3684428e-05
6.9591882e-05
6.5546862e-05
6.166551e-05
5.8078274e-05
5.4744256e-05
5.1602993e-05
4.8627207e-05
4.580837e-05
4.3137407e-05
4.0603298e-05
3.8194756e-05
3.590045e-05
3.3751686e-05
3.173862e-05
2.979011e-05
2.7989565e-05
2.6354207e-05
2.4772113e-05
2.3245131e-05
2.179633e-05
2.042653e-05
1.9132339e-05
1.7905285e-05
1.6742027e-05
1.5661501e-05
1.4624594e-05
1.3609933e-05
1.266217e-05
1.1777954e-05
1.0933641e-05
1.0127276e-05
9.3662395e-06
8.6934004e-06
8.0441683e-06
7.3586577e-06
6.7103549e-06
6.1125258e-06
5.5428566e-06
4.9919872e-06
4.4827178e-06
3.979958e-06
3.4557215e-06
2.9534929e-06
2.4783203e-06
2.0193357e-06
1.5491704e-06
1.1160659e-06
5.0690531e-07
2.0934937e-07
0.01189486
0.011450721
0.010968517
0.010499421
0.010066635
0.0096612942
0.0092736941
0.0089019603
0.0085467502
0.0082074671
0.0078830587
0.0075726116
0.0072753939
0.0069907056
0.0067179672
0.0064565566
0.0062058289
0.0059652393
0.0057343326
0.0055125218
0.0052994067
0.0050946115
0.0048977381
0.0047084328
0.0045263174
0.004351079
0.0041824461
0.0040201377
0.0038638508
0.0037132602
0.0035680066
0.0034282728
0.0032943022
0.0031655446
0.0030413862
0.0029217137
0.0028066131
0.0026952875
0.0025871979
0.0024826412
0.0023815542
0.0022841747
0.0021906508
0.0021006742
0.0020140168
0.001930554
0.0018501824
0.001772791
0.0016982713
0.0016265093
0.0015573791
0.0014906872
0.0014257869
0.0013632668
0.0013040139
0.0012470276
0.0011924317
0.0011406943
0.0010907612
0.0010421706
0.00099531511
0.00095046308
0.00090821814
0.00086764313
0.00082756543
0.00078907694
0.00075251235
0.00071763416
0.00068420213
0.00065212092
0.00062163684
0.0005921585
0.00056324607
0.00053565529
0.00050966491
0.00048502725
0.00046136958
0.00043867294
0.00041712444
0.00039654225
0.00037670264
0.00035773672
0.00033978056
0.00032248796
0.00030589415
0.00029027488
0.00027542049
0.00026135703
0.00024811507
0.00023543352
0.00022330649
0.00021171847
0.00020062549
0.00019007081
0.00018006584
0.00017060489
0.00016153302
0.00015277409
0.00014448649
0.0001366756
0.00012928802
0.00012229676
0.00011590197
0.00010984253
0.00010373529
9.7875344e-05
9.2386761e-05
8.7250382e-05
8.2468062e-05
7.788552e-05
7.3546976e-05
6.9444407e-05
6.5415975e-05
6.1557971e-05
5.7983639e-05
5.4656886e-05
5.1520827e-05
4.8549234e-05
4.5734104e-05
4.3066509e-05
4.0535525e-05
3.8129512e-05
3.5833623e-05
3.3682522e-05
3.16714e-05
2.9735556e-05
2.7943929e-05
2.6304978e-05
2.4721718e-05
2.3195076e-05
2.1746664e-05
2.0377391e-05
1.9083934e-05
1.7857664e-05
1.6695514e-05
1.5612987e-05
1.4574686e-05
1.3562485e-05
1.261693e-05
1.1734736e-05
1.0892243e-05
1.0087497e-05
9.3278748e-06
8.6575122e-06
8.0113339e-06
7.3279365e-06
6.6808941e-06
6.0841434e-06
5.5155273e-06
4.9656643e-06
4.457319e-06
3.9554401e-06
3.4318482e-06
2.9300969e-06
2.4555136e-06
1.9972386e-06
1.5283922e-06
1.0944697e-06
4.9383704e-07
1.8017592e-07
0.011627196
0.011202335
0.010754869
0.01031977
0.0099118871
0.0095244686
0.0091513191
0.0087923142
0.0084484564
0.0081196222
0.0078044644
0.0075020669
0.0072119577
0.0069336655
0.0066666721
0.0064104488
0.0061644483
0.005928155
0.0057011023
0.0054828114
0.0052728729
0.0050709123
0.0048765717
0.0046895224
0.0045094422
0.0043360483
0.0041690992
0.0040083465
0.0038534612
0.0037041347
0.0035597367
0.0034205875
0.0032874782
0.0031596761
0.0030363152
0.002917335
0.0028032459
0.0026928722
0.002584913
0.0024802322
0.0023794045
0.00228245
0.0021892635
0.0020995712
0.0020131698
0.0019299362
0.0018497643
0.0017725584
0.0016982112
0.0016266201
0.0015576664
0.0014912215
0.0014262622
0.0013635056
0.0013043494
0.0012473328
0.0011926878
0.0011411909
0.0010914674
0.0010429778
0.00099618663
0.00095146671
0.00090911767
0.00086842069
0.00082851564
0.0007900885
0.00075348838
0.00071855052
0.00068505464
0.00065292325
0.00062230031
0.00059276241
0.00056395039
0.00053637821
0.00051034777
0.00048568629
0.00046199757
0.00043925361
0.00041769261
0.00039711419
0.0003772489
0.00035824809
0.00034029346
0.00032304562
0.00030645739
0.00029079795
0.0002759754
0.00026192261
0.00024861426
0.00023590183
0.00022378504
0.00021219633
0.00020109093
0.000190519
0.00018049617
0.00017100449
0.0001619128
0.00015315345
0.00014484612
0.00013701529
0.00012961009
0.00012260139
0.00011614444
0.00011003555
0.00010394364
9.8096262e-05
9.2597123e-05
8.7449177e-05
8.2664029e-05
7.8076337e-05
7.3716695e-05
6.9597869e-05
6.5578975e-05
6.173006e-05
5.8150272e-05
5.4812741e-05
5.1665956e-05
4.8684786e-05
4.5861441e-05
4.3186821e-05
4.0649801e-05
3.8239169e-05
3.5939523e-05
3.3781207e-05
3.1763535e-05
2.982946e-05
2.8033018e-05
2.6381926e-05
2.4793855e-05
2.3265691e-05
2.1816156e-05
2.0445836e-05
1.9151425e-05
1.7924075e-05
1.6760921e-05
1.5676098e-05
1.4637035e-05
1.3625916e-05
1.2679908e-05
1.1796729e-05
1.095307e-05
1.0147064e-05
9.3871001e-06
8.7124564e-06
8.0613501e-06
7.3775864e-06
6.7302537e-06
6.1324619e-06
5.5624258e-06
5.0114178e-06
4.4998319e-06
3.995378e-06
3.4721901e-06
2.9702661e-06
2.4947099e-06
2.0349146e-06
1.5650921e-06
1.1278634e-06
5.3227488e-07
2.1666226e-07
0.011450723
0.011049872
0.010625892
0.01020257
0.0098021267
0.0094220305
0.0090572551
0.0087069676
0.0083713109
0.0080496649
0.0077409995
0.0074445907
0.00715996
0.0068866056
0.0066239953
0.0063716229
0.0061290314
0.0058957614
0.0056713611
0.0054554835
0.0052477006
0.0050476427
0.0048549841
0.0046693944
0.0044906111
0.0043183904
0.0041525252
0.003992781
0.0038388015
0.0036902913
0.0035469312
0.0034088613
0.0032763407
0.0031488275
0.0030257775
0.0029071168
0.0027929057
0.002682353
0.002574844
0.0024709826
0.0023710271
0.0022747769
0.0021820633
0.0020927475
0.0020066881
0.0019237706
0.0018438929
0.0017669436
0.0016928287
0.0016214301
0.0015526408
0.0014862566
0.0014217562
0.0013596884
0.0013007457
0.0012440716
0.0011897635
0.0011381429
0.0010883056
0.0010399101
0.00099329805
0.00094871219
0.00090629093
0.00086553411
0.00082582531
0.00078759295
0.00075113063
0.00071629721
0.00068290733
0.00065088762
0.00062030194
0.00059085355
0.0005622663
0.00053486461
0.00050894221
0.00048438183
0.0004607556
0.00043804867
0.00041656934
0.00039606921
0.00037623405
0.00035726632
0.00033939169
0.0003222385
0.00030568591
0.00029002356
0.00027526977
0.00026126765
0.00024793335
0.00023521253
0.00022312402
0.00021156331
0.00020047478
0.00018992015
0.00017992237
0.00017044693
0.00016137604
0.00015265444
0.00014438135
0.00013658106
0.00012920419
0.0001222248
0.00011576099
0.0001096447
0.00010359088
9.7779941e-05
9.2298253e-05
8.7155691e-05
8.2373428e-05
7.7797295e-05
7.3444176e-05
6.9328569e-05
6.5329813e-05
6.1501903e-05
5.7933455e-05
5.4604092e-05
5.1465458e-05
4.8492457e-05
4.5677132e-05
4.3010212e-05
4.0480584e-05
3.8077744e-05
3.5788477e-05
3.3639392e-05
3.1629243e-05
2.9706018e-05
2.7914545e-05
2.6263072e-05
2.4678397e-05
2.3154626e-05
2.1708739e-05
2.0341515e-05
1.904997e-05
1.7825096e-05
1.6664443e-05
1.5580773e-05
1.4543566e-05
1.3535694e-05
1.2591809e-05
1.1710683e-05
1.0869132e-05
1.0065188e-05
9.3079879e-06
8.6317615e-06
7.9796173e-06
7.3003774e-06
6.6566808e-06
6.0612801e-06
5.4932138e-06
4.9444737e-06
4.433475e-06
3.9310601e-06
3.4125393e-06
2.9137449e-06
2.4400625e-06
1.9816203e-06
1.5138064e-06
1.0764169e-06
4.8826581e-07
1.807381e-07
0.011070082
0.010668582
0.010269873
0.0098877294
0.0095229217
0.0091723611
0.0088338854
0.0085070632
0.0081919217
0.0078882058
0.0075954684
0.0073132963
0.0070413455
0.0067792769
0.0065267408
0.0062833931
0.0060488976
0.005822913
0.0056051031
0.0053951556
0.0051927397
0.0049975518
0.004809314
0.0046277524
0.0044526188
0.0042837335
0.0041210336
0.0039642791
0.0038130021
0.0036669053
0.0035258408
0.0033897901
0.0032587788
0.0031325775
0.0030108659
0.0028934589
0.0027802433
0.00267074
0.0025645632
0.0024619283
0.0023629307
0.0022674491
0.0021753936
0.0020866827
0.0020011949
0.0019188072
0.0018394131
0.0017629085
0.0016891969
0.0016181707
0.0015497087
0.0014836602
0.0014197456
0.0013581746
0.001299335
0.0012428599
0.0011886694
0.001136905
0.0010870981
0.0010389409
0.00099257086
0.00094814336
0.00090572319
0.0008649785
0.00082546752
0.00078742234
0.00075108544
0.0007163241
0.00068298601
0.00065100831
0.00062039508
0.00059095232
0.00056249726
0.00053518604
0.00050929408
0.00048475776
0.00046110925
0.0004383577
0.00041690345
0.00039642655
0.00037655823
0.0003575654
0.00033973483
0.00032263137
0.00030606708
0.00029036594
0.00027565492
0.00026167541
0.00024828578
0.00023552726
0.00022344776
0.00021189636
0.00020080243
0.00019024241
0.00018024634
0.0001707621
0.00016168337
0.00015296949
0.00014470125
0.00013689856
0.00012951596
0.00012253048
0.00011602786
0.00010986957
0.0001038201
9.8012781e-05
9.2530491e-05
8.7386024e-05
8.2587862e-05
7.8004869e-05
7.3644093e-05
6.9516199e-05
6.552218e-05
6.1702234e-05
5.8132383e-05
5.4797336e-05
5.1652203e-05
4.8672491e-05
4.5850651e-05
4.3177548e-05
4.0642169e-05
3.8234764e-05
3.5943792e-05
3.3790582e-05
3.1773051e-05
2.9846857e-05
2.8049246e-05
2.6387195e-05
2.4796043e-05
2.32681e-05
2.1818524e-05
2.0447996e-05
1.9153666e-05
1.7926119e-05
1.676318e-05
1.567623e-05
1.4636737e-05
1.3628291e-05
1.2683089e-05
1.1800623e-05
1.0957687e-05
1.0152217e-05
9.3941676e-06
8.7130944e-06
8.05663e-06
7.3781178e-06
6.7339646e-06
6.1369549e-06
5.5670359e-06
5.0167557e-06
4.5023543e-06
3.9972587e-06
3.4786697e-06
2.9789002e-06
2.5033963e-06
2.0426937e-06
1.5737956e-06
1.1319068e-06
5.5287756e-07
2.4068232e-07
0.010822081
0.01044311
0.010081144
0.0097275377
0.009382185
0.0090466027
0.0087214106
0.0084065828
0.0081020088
0.0078075775
0.0075231018
0.0072483296
0.0069829979
0.0067268461
0.0064796034
0.0062409881
0.0060107135
0.0057884923
0.0055740379
0.0053670724
0.0051673218
0.0049745201
0.0047884069
0.0046087238
0.0044351598
0.0042674928
0.0041059864
0.003950572
0.0038005607
0.0036555605
0.003515514
0.0033803259
0.0032499322
0.003124237
0.0030030095
0.0028860301
0.0027732027
0.0026640641
0.0025582371
0.0024559257
0.0023572148
0.002262034
0.0021702875
0.0020818699
0.0019966541
0.001914515
0.0018353461
0.0017590484
0.0016855216
0.001614668
0.0015463605
0.0014804996
0.0014168703
0.0013555345
0.0012967917
0.0012404668
0.0011863984
0.0011346398
0.0010849123
0.0010369151
0.00099067859
0.00094632051
0.00090388049
0.00086313622
0.0008237566
0.00078583633
0.00074954995
0.00071481994
0.00068152325
0.00064958993
0.00061899744
0.00058960844
0.00056128393
0.00053407301
0.00050825564
0.00048381165
0.00046019638
0.00043744021
0.0004160844
0.00039568164
0.00037579677
0.00035682086
0.000339103
0.00032207466
0.00030549433
0.0002897919
0.0002751779
0.00026124473
0.00024780265
0.00023502615
0.00022299368
0.00021147157
0.00020037817
0.00018982424
0.000179849
0.00017037575
0.00016130452
0.00015261284
0.00014436906
0.00013658443
0.00012921677
0.00012224554
0.00011573022
0.00010955717
0.00010353235
9.7751491e-05
9.2290782e-05
8.7160708e-05
8.2360383e-05
7.778389e-05
7.3429941e-05
6.9303546e-05
6.5324925e-05
6.1523631e-05
5.7963222e-05
5.4633159e-05
5.1492294e-05
4.8516568e-05
4.5698971e-05
4.3030438e-05
4.0499852e-05
3.8098033e-05
3.5814822e-05
3.3666995e-05
3.165222e-05
2.9733255e-05
2.793954e-05
2.6276457e-05
2.4687563e-05
2.3163663e-05
2.1717899e-05
2.0350817e-05
1.9059813e-05
1.7835085e-05
1.6674777e-05
1.5589288e-05
1.4551892e-05
1.3546753e-05
1.2603841e-05
1.1723448e-05
1.0882434e-05
1.0078626e-05
9.322707e-06
8.6399998e-06
7.9823471e-06
7.3073291e-06
6.6657445e-06
6.0703033e-06
5.5017185e-06
4.9530214e-06
4.4384467e-06
3.9339713e-06
3.4187085e-06
2.9213775e-06
2.4473194e-06
1.9875297e-06
1.5206204e-06
1.0773065e-06
5.1050711e-07
1.9506758e-07
0.01034023
0.0099994568
0.0096647649
0.009342213
0.0090280761
0.0087213491
0.0084227958
0.0081327456
0.0078510803
0.0075776743
0.0073124478
0.0070552933
0.0068060696
0.0065646229
0.0063307909
0.0061044001
0.0058852685
0.0056732084
0.0054680273
0.0052695314
0.0050775259
0.0048918148
0.0047122045
0.0045385071
0.0043705477
0.0042082144
0.0040514729
0.0039001209
0.0037537877
0.0036122501
0.0034754305
0.0033432405
0.0032155902
0.0030923663
0.0029733855
0.0028584567
0.0027474178
0.00264001
0.0025360388
0.002435533
0.0023384989
0.0022448565
0.0021544999
0.0020673276
0.0019832374
0.0019021281
0.001823906
0.0017484801
0.0016757582
0.0016056471
0.0015380422
0.0014728483
0.0014099355
0.0013493023
0.0012910954
0.001235238
0.0011815857
0.0011301146
0.0010806536
0.001032979
0.00098706886
0.00094299238
0.00090075642
0.00086020527
0.00082110245
0.00078345518
0.00074737774
0.00071283183
0.00067971068
0.00064793928
0.00061747795
0.00058821508
0.00056006775
0.00053303123
0.00050734737
0.00048304314
0.00045946983
0.00043673514
0.00041552424
0.00039521313
0.00037526841
0.00035632821
0.0003387716
0.0003218417
0.0003052111
0.0002895002
0.00027500354
0.00026113954
0.00024763717
0.0002348336
0.00022285447
0.00021137325
0.0002002824
0.0001897334
0.00017978107
0.00017032442
0.00016126303
0.00015259169
0.00014436989
0.00013660145
0.00012924586
0.00012228256
0.0001157503
0.00010955815
0.00010354882
9.7786636e-05
9.2337716e-05
8.7212511e-05
8.2403833e-05
7.7826267e-05
7.347229e-05
6.9343043e-05
6.5375198e-05
6.1587326e-05
5.8030642e-05
5.469995e-05
5.1558688e-05
4.8582789e-05
4.5764978e-05
4.3096054e-05
4.0565139e-05
3.8163771e-05
3.5882935e-05
3.3735434e-05
3.1718614e-05
2.9801239e-05
2.8005831e-05
2.6336453e-05
2.4744432e-05
2.3219446e-05
2.1772604e-05
2.0404331e-05
1.9112426e-05
1.7886618e-05
1.6725323e-05
1.5638197e-05
1.4600043e-05
1.3595344e-05
1.2652186e-05
1.1771635e-05
1.0930472e-05
1.0126324e-05
9.3705039e-06
8.6845269e-06
8.0240641e-06
7.3507164e-06
6.7099991e-06
6.1144118e-06
5.545387e-06
4.9964214e-06
4.4798918e-06
3.9742152e-06
3.4602985e-06
2.9633734e-06
2.4886827e-06
2.02777e-06
1.5607744e-06
1.1143092e-06
5.5729481e-07
2.3619397e-07
0.010001665
0.0096951561
0.0093964891
0.0091026625
0.0088135344
0.0085296962
0.0082518182
0.0079802463
0.0077150759
0.0074563822
0.0072042685
0.0069588066
0.0067200147
0.0064878743
0.0062623433
0.0060433586
0.0058308369
0.0056246772
0.0054247651
0.0052309755
0.0050431755
0.0048612266
0.0046849883
0.0045143212
0.0043490902
0.0041891675
0.0040344418
0.0038847862
0.0037400261
0.0035999892
0.0034645466
0.0033335882
0.0032070043
0.0030846755
0.0029664582
0.002852196
0.0027417409
0.0026349276
0.002531598
0.0024316767
0.0023351258
0.0022418811
0.0021518576
0.0020649699
0.0019811304
0.0019002471
0.0018222285
0.0017469847
0.0016744262
0.0016044631
0.0015370029
0.0014719583
0.0014092626
0.0013488346
0.0012907175
0.0012349026
0.0011812739
0.0011297704
0.0010802892
0.0010326637
0.00098682563
0.00094278848
0.00090053673
0.00085997283
0.00082092368
0.00078333909
0.00074728522
0.00071274377
0.0006796244
0.000647853
0.00061738045
0.00058811076
0.00056001527
0.00053296949
0.00050725117
0.000483141
0.00045959973
0.00043661487
0.00041542285
0.00039538131
0.00037541985
0.0003562466
0.00033869353
0.00032198941
0.00030538972
0.00028951284
0.00027499667
0.00026125095
0.00024774742
0.00023485394
0.00022285373
0.00021141308
0.00020033608
0.00018976495
0.00017979657
0.00017034067
0.00016128597
0.0001526231
0.00014440462
0.00013663664
0.00012927949
0.0001223122
0.00011575652
0.00010953976
0.00010353693
9.7788665e-05
9.2345324e-05
8.7218638e-05
8.2399799e-05
7.7820802e-05
7.346614e-05
6.9331643e-05
6.5368609e-05
6.1589825e-05
5.8036635e-05
5.4704491e-05
5.156028e-05
4.8581701e-05
4.5761752e-05
4.3091402e-05
4.0559614e-05
3.8158027e-05
3.5878729e-05
3.3731258e-05
3.1712523e-05
2.9796515e-05
2.7999801e-05
2.6325174e-05
2.4730919e-05
2.3205729e-05
2.1758764e-05
2.0390242e-05
1.9098381e-05
1.7872328e-05
1.6710838e-05
1.5622871e-05
1.4584371e-05
1.3580311e-05
1.2637378e-05
1.1757031e-05
1.0915744e-05
1.0111205e-05
9.3554915e-06
8.666564e-06
8.0034456e-06
7.331548e-06
6.6916981e-06
6.0960157e-06
5.5265985e-06
4.9774196e-06
4.4592307e-06
3.9526821e-06
3.4403172e-06
2.9441392e-06
2.4692734e-06
2.0078314e-06
1.5412839e-06
1.0926289e-06
5.4527154e-07
2.1937376e-07
0.0094985741
0.0092258268
0.0089553157
0.0086909457
0.0084307245
0.0081738734
0.0079210278
0.0076728188
0.0074295121
0.0071912484
0.0069581808
0.0067304493
0.0065081471
0.0062913264
0.0060800126
0.0058742092
0.0056738991
0.0054790462
0.005289599
0.0051054934
0.0049266549
0.0047530009
0.0045844429
0.0044208887
0.0042622449
0.00410842
0.0039593288
0.0038148792
0.003674948
0.0035393968
0.0034081079
0.0032809859
0.0031579385
0.0030388665
0.0029236579
0.0028121885
0.0027043336
0.0025999644
0.0024989563
0.0024012253
0.0023067225
0.0022153913
0.0021271571
0.0020419386
0.0019596531
0.001880216
0.0018035427
0.0017295511
0.0016581595
0.0015892869
0.0015228522
0.0014587786
0.0013969968
0.0013374424
0.0012801209
0.0012250188
0.0011720494
0.0011211372
0.0010721942
0.0010250955
0.00097976585
0.00093619095
0.00089434727
0.00085415619
0.00081549079
0.00077829241
0.00074258533
0.00070835268
0.00067552138
0.00064402178
0.00061380362
0.00058479408
0.00055695882
0.00053023462
0.00050476239
0.00048058704
0.00045718911
0.00043469589
0.00041359095
0.00039335503
0.00037358302
0.00035485375
0.00033737567
0.00032051265
0.00030402458
0.00028846797
0.00027403008
0.00026018606
0.00024672619
0.00023399402
0.00022205535
0.00021060544
0.00019956027
0.00018907183
0.00017916423
0.0001697332
0.00016070677
0.00015209265
0.00014392405
0.00013619541
0.00012886827
0.00012192665
0.00011537952
0.00010916781
0.00010319468
9.7483058e-05
9.2066401e-05
8.6958687e-05
8.2150008e-05
7.7585028e-05
7.3243411e-05
6.9118507e-05
6.5174626e-05
6.14185e-05
5.7881063e-05
5.4558332e-05
5.1421683e-05
4.8450987e-05
4.5638965e-05
4.2976538e-05
4.0452593e-05
3.8058763e-05
3.5788064e-05
3.3647336e-05
3.1633278e-05
2.9724463e-05
2.7932095e-05
2.6257728e-05
2.4666167e-05
2.3145369e-05
2.1702472e-05
2.0337513e-05
1.9049342e-05
1.7826206e-05
1.6667391e-05
1.558217e-05
1.4546854e-05
1.3545831e-05
1.2605229e-05
1.1727992e-05
1.0889703e-05
1.008713e-05
9.3333655e-06
8.644035e-06
7.9810236e-06
7.3126461e-06
6.6755248e-06
6.0817337e-06
5.5139752e-06
4.9663743e-06
4.4482486e-06
3.9425036e-06
3.4331994e-06
2.9391437e-06
2.4653411e-06
2.0045657e-06
1.5394829e-06
1.0899597e-06
5.5228999e-07
2.2238942e-07
0.0090822865
0.0088441786
0.0086079704
0.0083731873
0.0081398415
0.007908289
0.0076791229
0.0074528419
0.007229756
0.0070101016
0.0067941166
0.006582025
0.0063740117
0.0061702228
0.0059707752
0.0057757612
0.0055852498
0.0053992871
0.0052178994
0.0050410951
0.0048688677
0.0047011972
0.0045380527
0.0043793942
0.0042251747
0.0040753419
0.0039298381
0.0037885967
0.003651537
0.0035185709
0.0033896158
0.0032645957
0.0031434337
0.003026046
0.0029123403
0.0028022169
0.0026955736
0.0025923087
0.002492325
0.0023955433
0.0023019021
0.0022113397
0.0021237856
0.0020391653
0.0019574042
0.0018784272
0.0018021591
0.0017285248
0.0016574497
0.0015888593
0.0015226798
0.0014588399
0.0013972754
0.0013379348
0.0012807925
0.0012258162
0.0011729361
0.0011220767
0.00107316
0.0010260929
0.00098080435
0.00093726021
0.00089542459
0.00085522887
0.00081657821
0.00077941226
0.00074372282
0.00070948768
0.00067664684
0.00064513643
0.00061490477
0.0005858931
0.00055809065
0.00053136831
0.00050585445
0.00048159851
0.0004581951
0.00043575555
0.00041454016
0.00039422778
0.00037454442
0.00035585002
0.00033822752
0.00032129088
0.00030488141
0.00028936969
0.00027481732
0.00026088632
0.00024743419
0.00023471681
0.00022271757
0.00021121421
0.00020015135
0.00018966161
0.00017972928
0.00017026203
0.00016121221
0.00015258818
0.0001444089
0.00013666152
0.0001293131
0.00012235007
0.00011577323
0.00010953202
0.0001035451
9.7827839e-05
9.240186e-05
8.727989e-05
8.2450888e-05
7.7869817e-05
7.3515583e-05
6.9378586e-05
6.5428507e-05
6.1668005e-05
5.812235e-05
5.4788562e-05
5.1641059e-05
4.8660131e-05
4.5838088e-05
4.3166423e-05
4.063404e-05
3.8232689e-05
3.5956788e-05
3.3809529e-05
3.1787051e-05
2.9872289e-05
2.8072204e-05
2.6387206e-05
2.4787862e-05
2.3261506e-05
2.1813246e-05
2.0443169e-05
1.9149408e-05
1.7921866e-05
1.6759435e-05
1.5667712e-05
1.4626836e-05
1.3624697e-05
1.2682112e-05
1.1799847e-05
1.0957061e-05
1.0152273e-05
9.3966532e-06
8.7008955e-06
8.0321151e-06
7.3634457e-06
6.7253174e-06
6.1284587e-06
5.5577703e-06
5.0079732e-06
4.4864224e-06
3.9778487e-06
3.4679955e-06
2.9727188e-06
2.4968535e-06
2.0337611e-06
1.5672461e-06
1.1144867e-06
5.8321485e-07
2.4737958e-07
0.008575487
0.0083667426
0.0081567464
0.007948327
0.0077408217
0.0075338788
0.0073279785
0.0071237009
0.0069214233
0.0067214191
0.0065239561
0.0063292947
0.0061376635
0.0059492546
0.0057642313
0.0055827322
0.0054048724
0.0052307443
0.0050604197
0.0048939516
0.0047313768
0.0045727172
0.0044179818
0.0042671683
0.0041202647
0.0039772506
0.0038380973
0.0037027687
0.0035712195
0.0034433965
0.0033192428
0.0031987004
0.0030817087
0.0029682028
0.0028581124
0.0027513622
0.0026478738
0.0025475687
0.0024503702
0.0023562091
0.0022650249
0.0021767599
0.0020913538
0.0020087432
0.0019288633
0.0018516485
0.0017770318
0.0017049462
0.0016353242
0.0015680991
0.0015032046
0.0014405774
0.0013801555
0.0013218928
0.0012657531
0.0012116968
0.0011596661
0.0011095933
0.0010614089
0.0010150375
0.00097041336
0.00092749137
0.00088622892
0.00084656664
0.00080843048
0.0007717626
0.00073653732
0.00070272815
0.00067028511
0.00063915104
0.00060927587
0.0005806096
0.00055312139
0.00052673728
0.00050151426
0.00047745487
0.00045433071
0.00043219023
0.00041114628
0.00039098122
0.00037156301
0.00035308571
0.00033556826
0.00031875218
0.00030256559
0.00028722817
0.00027274901
0.0002588954
0.00024558503
0.00023298866
0.00022105959
0.00020962539
0.00019866525
0.00018826996
0.00017840735
0.00016900347
0.00016002645
0.00015147843
0.0001433667
0.00013567615
0.00012837999
0.0001214643
0.00011492378
0.0001087157
0.00010277566
9.7103915e-05
9.1722117e-05
8.663768e-05
8.183725e-05
7.7284453e-05
7.2958893e-05
6.8849622e-05
6.493204e-05
6.1204821e-05
5.7685511e-05
5.4373024e-05
5.1245789e-05
4.828419e-05
4.548009e-05
4.2825711e-05
4.0310333e-05
3.7926205e-05
3.566837e-05
3.3536396e-05
3.1526564e-05
2.9625473e-05
2.7836538e-05
2.6159169e-05
2.456885e-05
2.3053225e-05
2.1615301e-05
2.025494e-05
1.8969863e-05
1.7751369e-05
1.6597358e-05
1.5511292e-05
1.4477647e-05
1.3485576e-05
1.2550053e-05
1.1672335e-05
1.083581e-05
1.0038263e-05
9.2883267e-06
8.5939171e-06
7.9280357e-06
7.2671851e-06
6.6351604e-06
6.0419692e-06
5.4751528e-06
4.9296375e-06
4.4108302e-06
3.9053648e-06
3.4006656e-06
2.9096138e-06
2.4368177e-06
1.9763595e-06
1.5131943e-06
1.0620682e-06
5.4128026e-07
2.0219244e-07
0.0081125353
0.0079332276
0.0077525117
0.0075710822
0.0073890386
0.0072065415
0.0070240242
0.0068419509
0.0066606782
0.0064804999
0.0063017019
0.0061245633
0.0059493388
0.0057762554
0.0056055156
0.005437301
0.0052717726
0.0051090706
0.0049493158
0.0047926108
0.0046390415
0.0044886779
0.0043415759
0.0041977779
0.0040573146
0.0039202056
0.0037864602
0.0036560783
0.0035290498
0.0034053559
0.0032849713
0.0031678656
0.0030540044
0.0029433478
0.0028358504
0.0027314614
0.0026301259
0.0025317872
0.0024363881
0.002343874
0.0022541935
0.0021672969
0.0020831328
0.0020016471
0.001922784
0.0018464865
0.0017726963
0.0017013547
0.0016324026
0.0015657813
0.0015014325
0.0014392997
0.0013793288
0.0013214722
0.0012656868
0.0012119303
0.0011601516
0.0011102907
0.0010622845
0.0010160681
0.00097158404
0.00092878331
0.00088761859
0.00084803546
0.00080997225
0.00077337479
0.00073820732
0.00070443748
0.0006720208
0.00064090634
0.00061104592
0.00058239346
0.00055491323
0.00052855358
0.00050332651
0.00047921936
0.00045609414
0.00043395188
0.00041283947
0.00039262564
0.00037322482
0.00035472719
0.00033712596
0.00032027028
0.00030409763
0.00028873773
0.00027417207
0.00026025867
0.00024693287
0.0002342979
0.00022229741
0.00021080908
0.00019982905
0.00018940372
0.00017949206
0.00017004282
0.00016103643
0.00015246285
0.00014432011
0.00013659459
0.00012926468
0.00012231413
0.00011573223
0.00010948419
0.00010352041
9.7824763e-05
9.2421664e-05
8.7311956e-05
8.2481325e-05
7.7901323e-05
7.3551252e-05
6.941813e-05
6.5482573e-05
6.1740754e-05
5.820296e-05
5.4868543e-05
5.1719653e-05
4.8738558e-05
4.5916258e-05
4.3244089e-05
4.0711699e-05
3.8312083e-05
3.6039971e-05
3.3893231e-05
3.1868247e-05
2.9953529e-05
2.8149857e-05
2.6456286e-05
2.4851994e-05
2.3324749e-05
2.1875571e-05
2.0504234e-05
1.920828e-05
1.7979929e-05
1.681664e-05
1.5720114e-05
1.4677464e-05
1.3679032e-05
1.273595e-05
1.1849501e-05
1.1005729e-05
1.0201993e-05
9.4451467e-06
8.7410311e-06
8.0672176e-06
7.4027182e-06
6.7661475e-06
6.1668274e-06
5.5943989e-06
5.0438776e-06
4.5191727e-06
4.0085806e-06
3.500796e-06
3.0061435e-06
2.5290009e-06
2.0642251e-06
1.5974021e-06
1.1421686e-06
6.2491405e-07
2.777527e-07
0.0076116983
0.0074563222
0.0072984016
0.0071396246
0.0069798426
0.0068189448
0.0066572783
0.0064952882
0.0063333173
0.0061716444
0.0060105441
0.0058502908
0.0056911429
0.0055333369
0.0053770903
0.005222603
0.0050700573
0.0049196177
0.0047714311
0.004625628
0.0044823224
0.0043416135
0.0042035861
0.0040683114
0.0039358481
0.0038062435
0.0036795334
0.0035557437
0.0034348905
0.0033169808
0.0032020139
0.0030899824
0.0029808725
0.0028746644
0.0027713325
0.0026708456
0.0025731685
0.0024782625
0.0023860873
0.0022966022
0.0022097666
0.0021255396
0.0020438791
0.001964741
0.001888079
0.0018138457
0.0017419924
0.0016724691
0.0016052254
0.0015402102
0.0014773733
0.0014166649
0.0013580409
0.0013014514
0.0012468496
0.0011941935
0.0011434374
0.0010945295
0.0010474143
0.0010020322
0.00095833672
0.00091628085
0.00087581599
0.00083689129
0.00079945336
0.00076345222
0.00072884746
0.00069560272
0.00066367795
0.00063302818
0.00060360814
0.00057537474
0.00054829154
0.00052231848
0.00049743985
0.00047363604
0.00045082923
0.00042899071
0.00040812511
0.00038816125
0.00036903872
0.00035077599
0.00033335635
0.00031670081
0.00030076289
0.00028558817
0.0002711538
0.00025738363
0.00024423357
0.00023173439
0.0002198374
0.0002084707
0.00019762466
0.00018731193
0.00017749662
0.00016814487
0.00015923793
0.00015076072
0.00014270454
0.00013505628
0.00012779881
0.00012091586
0.00011439321
0.00010820206
0.00010229989
9.666798e-05
9.1323249e-05
8.6265608e-05
8.1481657e-05
7.694636e-05
7.2639102e-05
6.8547198e-05
6.4654633e-05
6.0955796e-05
5.7456941e-05
5.4156867e-05
5.1039733e-05
4.8089278e-05
4.5296144e-05
4.2651519e-05
4.0145917e-05
3.7772636e-05
3.5525896e-05
3.3402538e-05
3.1399164e-05
2.9505871e-05
2.7721156e-05
2.6043476e-05
2.4455818e-05
2.2946133e-05
2.15137e-05
2.0158095e-05
1.8876813e-05
1.7662793e-05
1.6513004e-05
1.542854e-05
1.439822e-05
1.3412948e-05
1.2481669e-05
1.1605643e-05
1.0772389e-05
9.979178e-06
9.2317393e-06
8.5344455e-06
7.8681004e-06
7.2136831e-06
6.5861301e-06
5.9942092e-06
5.428987e-06
4.8854667e-06
4.3666879e-06
3.8624039e-06
3.362084e-06
2.8740179e-06
2.4024105e-06
1.9428417e-06
1.4813607e-06
1.0312233e-06
5.2538723e-07
1.7765545e-07
0.0071336891
0.0070011666
0.0068661579
0.0067295171
0.0065913111
0.0064515751
0.0063105834
0.0061686781
0.0060261449
0.0058832305
0.0057401812
0.0055972464
0.0054546667
0.0053126688
0.0051714666
0.0050312621
0.0048922449
0.0047545912
0.0046184636
0.0044840114
0.0043513706
0.0042206641
0.0040920022
0.0039654829
0.0038411925
0.0037192057
0.0035995867
0.0034823893
0.0033676573
0.0032554255
0.0031457198
0.0030385585
0.0029339525
0.0028319059
0.0027324164
0.0026354757
0.0025410706
0.0024491832
0.0023597926
0.002272875
0.0021884047
0.0021063544
0.0020266945
0.0019493929
0.0018744155
0.0018017259
0.0017312858
0.0016630554
0.0015969936
0.0015330586
0.0014712079
0.0014113996
0.0013535921
0.0012977426
0.0012438105
0.0011917568
0.00114154
0.0010931147
0.0010464321
0.001001442
0.00095809702
0.00091635086
0.00087615824
0.00083747346
0.00080024936
0.00076443989
0.0007300041
0.00069690353
0.00066510355
0.00063456374
0.00060524004
0.00057709078
0.0005500794
0.00052416961
0.0004993374
0.00047555673
0.00045277351
0.00043095756
0.00041009258
0.0003901219
0.00037100252
0.00035273377
0.00033528862
0.00031860784
0.00030266046
0.00028746215
0.00027298547
0.00025917172
0.00024598974
0.00023344714
0.00022150008
0.00021009528
0.00019921039
0.00018885343
0.00017899383
0.00016960207
0.00016065487
0.00015214001
0.00014404602
0.00013635742
0.00012905832
0.00012213274
0.00011556589
0.00010933109
0.00010339127
9.7728107e-05
9.2350879e-05
8.7259039e-05
8.2439515e-05
7.7869562e-05
7.3529408e-05
6.9405955e-05
6.5485302e-05
6.1761838e-05
5.8238213e-05
5.4911157e-05
5.1766251e-05
4.8788956e-05
4.5970207e-05
4.3301045e-05
4.0771953e-05
3.8376265e-05
3.6108385e-05
3.3964236e-05
3.1939817e-05
3.0026639e-05
2.8221592e-05
2.6522178e-05
2.4914624e-05
2.338748e-05
2.1938493e-05
2.0566696e-05
1.9269448e-05
1.8040531e-05
1.6875996e-05
1.5776302e-05
1.4732238e-05
1.3735389e-05
1.2792089e-05
1.1903353e-05
1.1058625e-05
1.0254974e-05
9.4966321e-06
8.7865333e-06
8.1087694e-06
7.4466068e-06
6.8110896e-06
6.210005e-06
5.6360469e-06
5.0843466e-06
4.5568224e-06
4.0449589e-06
3.5386172e-06
3.0442547e-06
2.5658041e-06
2.0995135e-06
1.6319153e-06
1.1760588e-06
6.6886562e-07
3.1038105e-07
0.0066455481
0.0065316863
0.0064151593
0.0062970167
0.0061772115
0.0060556597
0.005932564
0.0058082151
0.0056828532
0.0055566833
0.0054299148
0.0053027651
0.0051754493
0.0050481745
0.0049211401
0.0047945389
0.0046685554
0.0045433652
0.0044191338
0.0042960169
0.0041741597
0.0040536966
0.0039347517
0.0038174382
0.0037018588
0.0035881061
0.0034762625
0.0033664005
0.0032585833
0.0031528652
0.0030492917
0.0029479002
0.0028487205
0.0027517753
0.0026570806
0.0025646459
0.0024744751
0.0023865672
0.0023009165
0.0022175138
0.0021363465
0.0020573993
0.0019806539
0.001906089
0.001833681
0.0017634034
0.0016952277
0.0016291233
0.0015650581
0.0015029985
0.0014429099
0.0013847571
0.0013285046
0.0012741165
0.001221557
0.0011707896
0.0011217766
0.0010744781
0.0010288528
0.00098486067
0.00094245201
0.00090158197
0.00086221026
0.00082429654
0.0007877991
0.00075267593
0.000718888
0.0006863916
0.00065515867
0.00062515491
0.00059633933
0.00056867203
0.0005421171
0.00051664042
0.00049221295
0.00046880624
0.00044638127
0.00042490454
0.00040434879
0.00038467369
0.00036584464
0.000347843
0.00033063963
0.00031419548
0.00029848468
0.00028349794
0.00026920764
0.00025557479
0.00024257376
0.00023019087
0.0002183883
0.00020712769
0.00019639031
0.00018616842
0.00017643388
0.00016715911
0.00015832519
0.00014992009
0.00014192994
0.00013433806
0.00012713006
0.00012028907
0.00011379924
0.00010763638
0.00010176966
9.6182137e-05
9.0876045e-05
8.5849258e-05
8.108917e-05
7.6575488e-05
7.2289861e-05
6.821938e-05
6.4351743e-05
6.0680483e-05
5.7205252e-05
5.3921809e-05
5.0817545e-05
4.7879286e-05
4.5097902e-05
4.2464534e-05
3.9970081e-05
3.7607962e-05
3.537255e-05
3.3259083e-05
3.1263197e-05
2.9377577e-05
2.7598214e-05
2.592183e-05
2.4336893e-05
2.2832664e-05
2.1405899e-05
2.0055275e-05
1.8778092e-05
1.7568697e-05
1.6423008e-05
1.5340484e-05
1.4313459e-05
1.3334623e-05
1.2407886e-05
1.1533766e-05
1.0703721e-05
9.9147793e-06
9.1697738e-06
8.4702683e-06
7.8033654e-06
7.1548133e-06
6.532018e-06
5.9415611e-06
5.3778788e-06
4.8364031e-06
4.3178066e-06
3.8152593e-06
3.3191414e-06
2.8342432e-06
2.3640889e-06
1.905577e-06
1.4458367e-06
9.9769546e-07
5.006544e-07
1.5103872e-07
0.0061715713
0.0060749062
0.0059758093
0.0058749937
0.0057724507
0.0056681213
0.0055621479
0.0054547449
0.0053460945
0.0052363561
0.0051256954
0.0050142891
0.0049023152
0.0047899492
0.004677364
0.00456473
0.0044522138
0.0043399775
0.0042281775
0.0041169636
0.0040064792
0.0038968601
0.0037882345
0.0036807226
0.0035744364
0.0034694796
0.0033659475
0.0032639271
0.0031634973
0.0030647287
0.0029676842
0.0028724191
0.002778981
0.0026874109
0.0025977429
0.0025100047
0.0024242181
0.0023403996
0.0022585605
0.0021787076
0.0021008436
0.0020249676
0.0019510748
0.0018791573
0.0018092038
0.0017412002
0.0016751293
0.0016109717
0.0015487057
0.0014883076
0.0014297521
0.0013730126
0.0013180612
0.0012648692
0.0012134069
0.0011636435
0.0011155471
0.0010690842
0.0010242194
0.00098091578
0.00093913338
0.00089883451
0.0008599833
0.00082254318
0.00078647646
0.00075174539
0.0007183136
0.00068614473
0.00065520588
0.00062546222
0.00059687733
0.00056941578
0.00054304407
0.00051772979
0.0004934429
0.00047015418
0.00044783323
0.00042644847
0.00040596856
0.00038635718
0.00036758352
0.00034962469
0.00033245099
0.00031602982
0.00030033819
0.00028535944
0.0002710657
0.00025742449
0.00024441209
0.00023200895
0.00022018136
0.00020889711
0.00019813915
0.00018789104
0.00017813311
0.00016883012
0.00015996129
0.00015152009
0.00014349471
0.0001358665
0.00012862083
0.00012173973
0.00011520852
0.00010900483
0.00010310089
9.7479911e-05
9.2139658e-05
8.7077095e-05
8.2280312e-05
7.7730342e-05
7.3409638e-05
6.930551e-05
6.5406488e-05
6.1705641e-05
5.8200706e-05
5.4886441e-05
5.1751206e-05
4.878268e-05
4.5971772e-05
4.3309955e-05
4.078831e-05
3.8399786e-05
3.6138639e-05
3.4000017e-05
3.1979313e-05
3.0069722e-05
2.8266456e-05
2.6565462e-05
2.4956802e-05
2.3430653e-05
2.198312e-05
2.0612338e-05
1.9315355e-05
1.8086965e-05
1.6923161e-05
1.5822411e-05
1.4777936e-05
1.3783465e-05
1.284129e-05
1.1951256e-05
1.1106179e-05
1.0303253e-05
9.5442902e-06
8.8295956e-06
8.1482683e-06
7.488186e-06
6.8543191e-06
6.2520311e-06
5.6768424e-06
5.1244726e-06
4.5947706e-06
4.0817136e-06
3.5766946e-06
3.0830828e-06
2.6037771e-06
2.136142e-06
1.6681372e-06
1.2116293e-06
7.1111771e-07
3.478918e-07
0.0056993349
0.0056171308
0.0055326464
0.0054465809
0.0053588743
0.0052694174
0.0051783034
0.0050856991
0.0049917423
0.0048965508
0.0048002508
0.0047029808
0.0046048844
0.0045061055
0.0044067888
0.00430708
0.0042071242
0.0041070657
0.004007046
0.0039072038
0.0038076742
0.0037085878
0.00361007
0.0035122412
0.0034152156
0.0033191013
0.0032239998
0.0031300059
0.0030372079
0.0029456868
0.002855517
0.0027667659
0.0026794943
0.0025937564
0.0025096
0.0024270669
0.0023461927
0.0022670076
0.0021895368
0.0021138001
0.0020398132
0.0019675871
0.0018971291
0.0018284425
0.001761527
0.001696379
0.0016329915
0.001571355
0.001511457
0.0014532828
0.0013968155
0.0013420362
0.0012889246
0.0012374586
0.0011876149
0.0011393687
0.0010926938
0.0010475621
0.0010039441
0.00096180854
0.00092112313
0.000881855
0.00084397139
0.00080743927
0.00077222514
0.00073829599
0.00070561897
0.00067416788
0.00064390308
0.00061478794
0.00058679084
0.00055988128
0.00053402865
0.00050920251
0.00048537217
0.00046250618
0.00044058298
0.00041957412
0.00039944767
0.00038017113
0.00036171507
0.00034405336
0.00032715787
0.0003110015
0.00029556157
0.00028081624
0.00026673907
0.00025330305
0.00024048473
0.0002282606
0.00021660125
0.00020548013
0.00019487874
0.00018477702
0.0001751528
0.00016598012
0.00015724334
0.00014892868
0.00014101828
0.00013349652
0.00012635073
0.00011956199
0.00011311896
0.00010699984
0.00010117901
9.5640566e-05
9.0378306e-05
8.5387972e-05
8.0658603e-05
7.6172913e-05
7.1914493e-05
6.7870757e-05
6.4030649e-05
6.0387074e-05
5.6936397e-05
5.3672606e-05
5.0584866e-05
4.7661567e-05
4.4893698e-05
4.2273129e-05
3.9791485e-05
3.7441689e-05
3.5217787e-05
3.3114572e-05
3.1127252e-05
2.924968e-05
2.7476803e-05
2.5803957e-05
2.4222293e-05
2.2722866e-05
2.1301466e-05
1.995589e-05
1.8683036e-05
1.7477999e-05
1.6336743e-05
1.5257026e-05
1.4232982e-05
1.3259337e-05
1.2337073e-05
1.1465331e-05
1.0638061e-05
9.8527129e-06
9.1102641e-06
8.4100305e-06
7.742753e-06
7.0982094e-06
6.4795231e-06
5.8909033e-06
5.3287588e-06
4.7891774e-06
4.2712985e-06
3.7696677e-06
3.2767699e-06
2.7948714e-06
2.3262722e-06
1.8686777e-06
1.4107996e-06
9.63577e-07
4.7552659e-07
1.2213814e-07
0.0052380537
0.0051689995
0.0050979276
0.005025385
0.004951316
0.0048756141
0.0047983352
0.004719598
0.0046394995
0.0045581212
0.0044755533
0.0043918979
0.0043072635
0.0042217609
0.0041355041
0.0040486096
0.0039611965
0.003873385
0.0037852954
0.0036970481
0.0036087622
0.0035205551
0.003432542
0.0033448352
0.0032575436
0.0031707722
0.0030846215
0.0029991875
0.0029145614
0.002830829
0.0027480708
0.0026663618
0.0025857714
0.0025063635
0.0024281965
0.0023513232
0.0022757911
0.0022016424
0.0021289144
0.0020576395
0.0019878454
0.0019195554
0.0018527888
0.0017875606
0.0017238821
0.001661761
0.0016012013
0.0015422042
0.0014847676
0.0014288866
0.001374554
0.00132176
0.0012704928
0.0012207385
0.0011724814
0.0011257039
0.0010803868
0.0010365089
0.00099404732
0.00095297772
0.00091327418
0.00087490979
0.00083785713
0.00080208847
0.00076757557
0.00073428996
0.00070220302
0.00067128646
0.00064150816
0.00061283812
0.00058524873
0.00055871218
0.00053320002
0.00050868403
0.00048513644
0.00046252953
0.00044083707
0.0004200311
0.00040008307
0.00038096449
0.00036264831
0.00034510882
0.00032831863
0.00031225453
0.00029689585
0.00028221899
0.00026819746
0.00025480617
0.00024202246
0.00022982283
0.00021818055
0.00020707189
0.00019647789
0.00018637833
0.0001767519
0.00016757632
0.00015883829
0.00015051979
0.00014259685
0.00013505587
0.0001278862
0.00012106689
0.00011459232
0.00010844248
0.00010259309
9.7028221e-05
9.1738249e-05
8.6718606e-05
8.1958754e-05
7.7441993e-05
7.3152728e-05
6.9078853e-05
6.5209701e-05
6.1538156e-05
5.8059318e-05
5.4766264e-05
5.1648769e-05
4.8695897e-05
4.5898795e-05
4.3249647e-05
4.0740345e-05
3.8363568e-05
3.6113131e-05
3.3983698e-05
3.1970386e-05
3.0067361e-05
2.8269258e-05
2.6570896e-05
2.4964219e-05
2.3441083e-05
2.1997048e-05
2.0629486e-05
1.9335072e-05
1.8109132e-05
1.6947657e-05
1.5847844e-05
1.4804425e-05
1.3812845e-05
1.2873047e-05
1.1983551e-05
1.1139211e-05
1.0337673e-05
9.5791158e-06
8.862031e-06
8.178466e-06
7.5198465e-06
6.8878754e-06
6.2855881e-06
5.7099925e-06
5.1575234e-06
4.6267685e-06
4.1127135e-06
3.6087586e-06
3.116251e-06
2.6368438e-06
2.1684946e-06
1.7005239e-06
1.2434598e-06
7.484035e-07
3.8295195e-07
0.0047831387
0.0047255277
0.0046661047
0.0046053705
0.0045432533
0.0044796308
0.0044145315
0.0043480424
0.0042802307
0.0042111493
0.0041408591
0.0040694329
0.0039969497
0.0039234922
0.0038491468
0.0037740042
0.0036981586
0.003621707
0.0035447487
0.0034673844
0.003389716
0.0033118455
0.003233875
0.0031559055
0.003078037
0.0030003674
0.0029229924
0.0028460049
0.0027694946
0.0026935476
0.0026182464
0.0025436693
0.0024698903
0.0023969791
0.0023250005
0.0022540152
0.0021840787
0.0021152422
0.0020475523
0.0019810508
0.0019157755
0.0018517596
0.0017890321
0.0017276183
0.0016675391
0.001608812
0.0015514509
0.0014954661
0.0014408649
0.0013876514
0.0013358269
0.0012853899
0.0012363367
0.0011886608
0.001142354
0.0010974056
0.0010538029
0.0010115315
0.0009705749
0.00093091489
0.00089253174
0.00085540442
0.00081951094
0.00078482848
0.00075133345
0.00071900157
0.00068780802
0.00065772779
0.00062873498
0.00060080341
0.0005739072
0.00054802048
0.00052311746
0.00049917291
0.00047616326
0.00045406614
0.00043284832
0.00041248163
0.000392942
0.00037420533
0.00035624665
0.00033904162
0.00032256176
0.00030678736
0.00029170117
0.00027728018
0.00026349911
0.00025033402
0.00023776221
0.00022576044
0.00021430449
0.00020337312
0.00019294702
0.0001830056
0.00017352826
0.00016449524
0.00015589064
0.00014769558
0.0001398902
0.00013246288
0.00012540229
0.00011869129
0.00011231472
0.00010625427
0.00010049122
9.501048e-05
8.9799676e-05
8.4855914e-05
8.0168751e-05
7.5721142e-05
7.1497951e-05
6.7487446e-05
6.3679418e-05
6.0067276e-05
5.6645217e-05
5.3405446e-05
5.033818e-05
4.743312e-05
4.4681809e-05
4.20768e-05
3.9610176e-05
3.7274472e-05
3.5063419e-05
3.2971596e-05
3.099412e-05
2.9125463e-05
2.7360055e-05
2.5692365e-05
2.4115064e-05
2.2620787e-05
2.1205e-05
1.9864743e-05
1.859652e-05
1.7395856e-05
1.6258812e-05
1.5182266e-05
1.4161483e-05
1.319243e-05
1.2274252e-05
1.1405064e-05
1.0580506e-05
9.7983485e-06
9.0580845e-06
8.3576373e-06
7.6902024e-06
7.048602e-06
6.4334317e-06
5.846717e-06
5.2859663e-06
4.7479454e-06
4.2308145e-06
3.7299451e-06
3.2395795e-06
2.7603553e-06
2.2933246e-06
1.8366283e-06
1.380267e-06
9.3412237e-07
4.5228317e-07
9.898793e-08
0.0043387417
0.0042915274
0.0042427199
0.0041927385
0.0041415185
0.0040889436
0.0040350228
0.0039798162
0.0039233676
0.0038657083
0.0038068765
0.0037469206
0.0036858949
0.0036238575
0.0035608706
0.0034970005
0.003432318
0.0033668974
0.0033008159
0.0032341536
0.0031669928
0.0030994176
0.0030315135
0.0029633666
0.0028950634
0.0028266905
0.0027583334
0.0026900771
0.0026220048
0.0025541978
0.0024867353
0.0024196939
0.0023531475
0.0022871666
0.0022218187
0.0021571676
0.0020932735
0.0020301928
0.0019679783
0.0019066786
0.0018463389
0.0017870002
0.0017286997
0.001671471
0.0016153439
0.0015603447
0.001506496
0.0014538173
0.0014023246
0.0013520309
0.0013029461
0.0012550773
0.001208429
0.0011630029
0.0011187984
0.0010758125
0.0010340401
0.00099347376
0.00095410408
0.00091591976
0.00087890776
0.00084305348
0.00080834095
0.00077475305
0.0007422716
0.0007108775
0.00068055086
0.00065127112
0.00062301691
0.00059576613
0.00056949652
0.00054418596
0.00051981229
0.00049635335
0.00047378695
0.00045208996
0.00043123643
0.00041120318
0.00039196868
0.0003735106
0.00035580587
0.00033883164
0.00032256445
0.00030698306
0.00029206699
0.0002777945
0.00026414335
0.00025109197
0.000238619
0.00022670246
0.00021531944
0.00020445255
0.00019408305
0.00018418989
0.00017475278
0.00016575316
0.0001571746
0.00014899993
0.00014121204
0.0001337981
0.00012674501
0.00012004341
0.00011366629
0.00010759687
0.0001018227
9.6330177e-05
9.1102818e-05
8.6140495e-05
8.1434037e-05
7.6966576e-05
7.2723192e-05
6.8692192e-05
6.4863418e-05
6.1230846e-05
5.7787566e-05
5.4524985e-05
5.1433889e-05
4.8504515e-05
4.5728791e-05
4.3099595e-05
4.0609102e-05
3.8249703e-05
3.6015024e-05
3.3899501e-05
3.1898264e-05
3.0006002e-05
2.8217001e-05
2.6525482e-05
2.4924611e-05
2.3407583e-05
2.1969821e-05
2.0608102e-05
1.9318766e-05
1.809744e-05
1.6940196e-05
1.5843668e-05
1.4803508e-05
1.3816063e-05
1.2879847e-05
1.1992623e-05
1.1150599e-05
1.0351591e-05
9.5944961e-06
8.8768288e-06
8.1926934e-06
7.5360071e-06
6.9064948e-06
6.3052981e-06
5.7302781e-06
5.1784541e-06
4.6476199e-06
4.1334423e-06
3.6308693e-06
3.1399714e-06
2.6611972e-06
2.1928288e-06
1.7253217e-06
1.2685964e-06
7.7774675e-07
4.1159995e-07
0.0039037479
0.0038657635
0.0038263657
0.0037859301
0.0037443945
0.0037016437
0.0036576729
0.0036125239
0.003566224
0.0035187889
0.0034702394
0.0034206054
0.0033699222
0.0033182285
0.0032655664
0.0032119825
0.0031575278
0.0031022565
0.0030462269
0.0029895
0.0029321401
0.002874214
0.0028157908
0.0027569414
0.0026977384
0.0026382553
0.0025785665
0.0025187464
0.0024588698
0.0023990105
0.002339242
0.0022796361
0.0022202636
0.002161193
0.002102491
0.002044222
0.0019864476
0.0019292267
0.0018726154
0.0018166667
0.0017614304
0.001706953
0.0016532779
0.0016004451
0.0015484911
0.0014974495
0.0014473502
0.0013982202
0.0013500831
0.0013029595
0.0012568671
0.0012118206
0.0011678319
0.0011249102
0.0010830621
0.0010422919
0.0010026012
0.00096398956
0.00092645423
0.00088999044
0.00085459149
0.00082024892
0.00078695266
0.00075469118
0.00072345167
0.0006932201
0.00066398139
0.00063571947
0.00060841738
0.0005820574
0.00055662127
0.00053209044
0.00050844591
0.00048566832
0.00046373796
0.00044263472
0.00042233769
0.00040282591
0.00038407871
0.0003660753
0.00034879506
0.00033221742
0.00031632576
0.00030109664
0.0002865052
0.00027253138
0.00025915676
0.00024636233
0.00023412817
0.000222434
0.00021125542
0.00020058025
0.00019039191
0.00018066992
0.00017139456
0.00016254786
0.00015411318
0.0001460739
0.00013841434
0.00013112111
0.00012418097
0.0001175807
0.00011129898
0.00010532182
9.9637487e-05
9.4232355e-05
8.9093531e-05
8.4213146e-05
7.958038e-05
7.5181739e-05
7.1004298e-05
6.7036201e-05
6.3267946e-05
5.9695198e-05
5.6309339e-05
5.310056e-05
5.0060079e-05
4.7178617e-05
4.4448764e-05
4.1863802e-05
3.9415923e-05
3.7097463e-05
3.4902106e-05
3.2824172e-05
3.0858839e-05
2.9000967e-05
2.7244742e-05
2.5584276e-05
2.4013214e-05
2.2525261e-05
2.1115866e-05
1.9781616e-05
1.8518743e-05
1.7322975e-05
1.6190433e-05
1.5117638e-05
1.4100582e-05
1.3135874e-05
1.2221573e-05
1.1355244e-05
1.0533539e-05
9.7542654e-06
9.0158724e-06
8.3156647e-06
7.6485371e-06
7.0092844e-06
6.3969704e-06
5.8120288e-06
5.2525902e-06
4.7158883e-06
4.1994603e-06
3.6992683e-06
3.2108893e-06
2.7339459e-06
2.2683485e-06
1.8124657e-06
1.3573487e-06
9.1238084e-07
4.3507683e-07
8.2845876e-08
0.0034812771
0.003451623
0.0034207282
0.0033889146
0.0033561316
0.0033222738
0.0032873274
0.0032513192
0.0032142645
0.0031761681
0.0031370386
0.0030968919
0.0030557488
0.0030136324
0.0029705693
0.0029265899
0.0028817282
0.0028360219
0.0027895119
0.0027422427
0.0026942615
0.0026456188
0.0025963677
0.0025465636
0.0024962642
0.0024455292
0.0023944197
0.0023429981
0.002291328
0.0022394732
0.0021874982
0.0021354672
0.0020834442
0.0020314925
0.0019796744
0.001928051
0.0018766821
0.0018256255
0.0017749372
0.0017246711
0.0016748788
0.0016256093
0.0015769093
0.0015288227
0.0014813907
0.0014346515
0.0013886407
0.001343391
0.0012989323
0.0012552914
0.0012124926
0.0011705573
0.0011295042
0.0010893494
0.0010501064
0.001011786
0.000974397
0.00093794547
0.0009024354
0.0008678686
0.00083424483
0.00080156194
0.00076981601
0.00073900144
0.00070911113
0.00068013654
0.00065206787
0.0006248941
0.00059860316
0.00057318202
0.0005486168
0.00052489293
0.00050199526
0.00047990804
0.00045861501
0.00043809936
0.00041834358
0.00039932964
0.0003810396
0.00036345563
0.00034655982
0.0003303342
0.0003147609
0.00029981967
0.00028549079
0.00027175701
0.00025860137
0.000246006
0.00023395242
0.00022242197
0.0002113953
0.00020085578
0.00019078604
0.00018116816
0.0001719848
0.00016321936
0.00015485588
0.00014687811
0.00013927275
0.00013202735
0.00012512787
0.00011855989
0.0001123067
0.00010635397
0.00010068917
9.5299196e-05
9.0177958e-05
8.5308257e-05
8.0677313e-05
7.627599e-05
7.209396e-05
6.8118663e-05
6.4340154e-05
6.0757167e-05
5.7360514e-05
5.4139535e-05
5.1085593e-05
4.8189291e-05
4.5443924e-05
4.2843011e-05
4.037861e-05
3.8043084e-05
3.5830284e-05
3.373434e-05
3.175059e-05
2.9874066e-05
2.8098842e-05
2.6418953e-05
2.4828402e-05
2.3321252e-05
2.1893028e-05
2.0540211e-05
1.9258913e-05
1.8044902e-05
1.6894323e-05
1.5803634e-05
1.476908e-05
1.3787446e-05
1.2856435e-05
1.1973454e-05
1.113545e-05
1.0340185e-05
9.5857567e-06
8.8693519e-06
8.1864661e-06
7.5325404e-06
6.9061413e-06
6.3071291e-06
5.7337976e-06
5.1835177e-06
4.6536198e-06
4.1403077e-06
3.6396731e-06
3.1509778e-06
2.6736168e-06
2.2060437e-06
1.7396198e-06
1.2841344e-06
7.9687688e-07
4.3080159e-07
0.0030722606
0.0030499747
0.0030265991
0.0030024179
0.0029773889
0.0029514146
0.0029244748
0.0028965858
0.0028677546
0.0028379781
0.0028072561
0.0027755945
0.0027430027
0.0027094925
0.0026750784
0.0026397779
0.0026036118
0.002566604
0.0025287816
0.0024901745
0.002450816
0.0024107419
0.0023699911
0.002328605
0.0022866277
0.0022441052
0.0022010861
0.0021576204
0.0021137603
0.0020695588
0.0020250704
0.0019803503
0.0019354544
0.0018904387
0.0018453595
0.0018002727
0.0017552335
0.0017102969
0.0016655162
0.0016209442
0.0015766317
0.0015326283
0.0014889815
0.001445737
0.0014029385
0.0013606274
0.0013188429
0.0012776217
0.0012369982
0.0011970043
0.0011576694
0.0011190204
0.0010810817
0.0010438752
0.0010074204
0.0009717343
0.00093683158
0.00090272458
0.0008694234
0.00083693594
0.00080526801
0.00077442343
0.00074440409
0.00071521012
0.00068683993
0.00065929036
0.0006325568
0.00060663324
0.00058151242
0.00055718592
0.00053364426
0.00051087707
0.0004888731
0.00046762035
0.00044710609
0.00042731686
0.00040823854
0.00038985647
0.00037215571
0.00035512104
0.00033873696
0.00032298761
0.00030785694
0.00029332844
0.00027938537
0.00026601128
0.00025318986
0.00024090461
0.00022913914
0.00021787711
0.00020710574
0.00019680243
0.00018694866
0.00017752965
0.0001685309
0.0001599373
0.00015173405
0.00014390354
0.000136435
0.00012931827
0.00012253962
0.00011608445
0.00010993772
0.0001040852
9.8514226e-05
9.3213362e-05
8.8173501e-05
8.3380066e-05
7.8822158e-05
7.4491264e-05
7.0377231e-05
6.6468909e-05
6.2756826e-05
5.9234148e-05
5.58925e-05
5.2723293e-05
4.9718318e-05
4.6867922e-05
4.4167199e-05
4.1609868e-05
3.9187233e-05
3.6891455e-05
3.471657e-05
3.2656532e-05
3.0707083e-05
2.8863451e-05
2.7119614e-05
2.5469598e-05
2.3907724e-05
2.2428333e-05
2.1027114e-05
1.9700498e-05
1.844448e-05
1.7254858e-05
1.6127835e-05
1.5059867e-05
1.404744e-05
1.3087471e-05
1.2177407e-05
1.1314557e-05
1.0496079e-05
9.7196922e-06
8.9832601e-06
8.2839509e-06
7.6177499e-06
6.9806091e-06
6.3707549e-06
5.7876077e-06
5.2295566e-06
4.6940711e-06
4.1783663e-06
3.6789014e-06
3.1922009e-06
2.7172269e-06
2.2529483e-06
1.7978461e-06
1.3438116e-06
9.0004043e-07
4.261419e-07
7.524583e-08
0.0026800215
0.0026642332
0.0026475001
0.0026300649
0.0026118969
0.0025929097
0.002573079
0.0025524128
0.0025309119
0.0025085683
0.0024853757
0.0024613325
0.0024364405
0.0024107027
0.0023841245
0.0023567136
0.0023284805
0.0022994383
0.0022696027
0.0022389921
0.0022076275
0.0021755326
0.0021427339
0.0021092602
0.002075143
0.0020404161
0.0020051156
0.0019692798
0.001932949
0.0018961653
0.0018589723
0.0018214152
0.0017835404
0.0017453952
0.0017070278
0.0016684868
0.0016298211
0.0015910799
0.001552312
0.001513566
0.0014748896
0.0014363301
0.0013979336
0.0013597449
0.0013218078
0.0012841642
0.0012468546
0.0012099177
0.0011733902
0.0011373072
0.0011017013
0.0010666032
0.0010320416
0.0009980428
0.00096463103
0.0009318283
0.0008996544
0.00086812699
0.00083726157
0.00080707152
0.00077756819
0.00074876093
0.00072065718
0.00069326251
0.00066658076
0.00064061406
0.000615363
0.00059082662
0.0005670026
0.00054388728
0.00052147582
0.00049976223
0.0004787395
0.00045839968
0.00043873389
0.00041973244
0.00040138487
0.00038368
0.00036660613
0.00035015102
0.00033430205
0.00031904614
0.0003043699
0.00029025947
0.00027670052
0.00026367866
0.00025117967
0.00023918932
0.00022769325
0.00021667689
0.00020612562
0.00019602202
0.00018635107
0.00017709959
0.000168254
0.00015980016
0.0001517241
0.0001440116
0.00013665007
0.00012962723
0.00012293028
0.00011654638
0.00011046237
0.00010466523
9.9142618e-05
9.3884457e-05
8.8881642e-05
8.4122022e-05
7.9594191e-05
7.5288406e-05
7.1194799e-05
6.73049e-05
6.3610849e-05
6.0098819e-05
5.6761845e-05
5.3594247e-05
5.0588625e-05
4.773379e-05
4.5027097e-05
4.2463467e-05
4.0034026e-05
3.7730611e-05
3.5547273e-05
3.3477428e-05
3.1517481e-05
2.9662607e-05
2.7906602e-05
2.6243616e-05
2.4668354e-05
2.3175327e-05
2.1760466e-05
2.042019e-05
1.9150347e-05
1.794674e-05
1.6805645e-05
1.5723536e-05
1.4697088e-05
1.3723319e-05
1.2799486e-05
1.1922825e-05
1.1090628e-05
1.0300556e-05
9.550319e-06
8.8371084e-06
8.1572757e-06
7.5071483e-06
6.88472e-06
6.2890628e-06
5.7185883e-06
5.1708191e-06
4.642907e-06
4.1315334e-06
3.6335542e-06
3.1476839e-06
2.6725013e-06
2.2065641e-06
1.7419369e-06
1.2884957e-06
8.0463251e-07
4.3907683e-07
0.0023066926
0.0022964906
0.0022854777
0.002273863
0.0022616244
0.002248685
0.0022350181
0.0022206258
0.0022055044
0.0021896427
0.0021730301
0.00215566
0.0021375282
0.0021186315
0.0020989686
0.0020785398
0.0020573477
0.0020353969
0.0020126944
0.0019892491
0.0019650723
0.0019401777
0.0019145812
0.0018883012
0.0018613584
0.0018337756
0.001805578
0.001776793
0.0017474501
0.0017175807
0.0016872183
0.001656398
0.0016251564
0.0015935318
0.0015615636
0.0015292925
0.0014967598
0.0014640078
0.0014310793
0.0013980172
0.0013648647
0.0013316649
0.0012984606
0.0012652941
0.0012322072
0.0011992408
0.0011664347
0.0011338278
0.0011014575
0.0010693599
0.0010375697
0.0010061198
0.00097504148
0.0009443643
0.0009141159
0.0008843221
0.00085500678
0.00082619189
0.00079789743
0.00077014148
0.00074294018
0.00071630779
0.00069025667
0.00066479741
0.00063993881
0.00061568797
0.00059205034
0.00056902983
0.00054662884
0.00052484835
0.000503688
0.00048314619
0.00046322013
0.00044390592
0.00042519862
0.00040709234
0.00038958026
0.00037265475
0.00035630741
0.00034052924
0.00032531058
0.00031064127
0.00029651057
0.00028290727
0.00026981972
0.00025723598
0.00024514401
0.0002335315
0.00022238586
0.00021169419
0.00020144346
0.00019162006
0.00018221057
0.00017320205
0.00016458165
0.00015633672
0.00014845466
0.00014092595
0.0001337357
0.00012686897
0.00012031422
0.00011406086
0.00010809757
0.00010241278
9.6993241e-05
9.1830147e-05
8.6916231e-05
8.224077e-05
7.779226e-05
7.3560607e-05
6.953657e-05
6.5711379e-05
6.207634e-05
5.8620933e-05
5.5338758e-05
5.222381e-05
4.9268472e-05
4.6464187e-05
4.3804644e-05
4.1283267e-05
3.889301e-05
3.662706e-05
3.4479324e-05
3.244271e-05
3.0515384e-05
2.869206e-05
2.6965914e-05
2.5331122e-05
2.378274e-05
2.2315379e-05
2.0925408e-05
1.9609285e-05
1.8362711e-05
1.7181511e-05
1.6062042e-05
1.5000782e-05
1.3994598e-05
1.3040598e-05
1.2135891e-05
1.127766e-05
1.0463287e-05
9.6903923e-06
8.9566141e-06
8.2592028e-06
7.5947885e-06
6.9599928e-06
6.3526731e-06
5.7716391e-06
5.2152878e-06
4.6811789e-06
4.166456e-06
3.6680105e-06
3.1829665e-06
2.7098365e-06
2.2468993e-06
1.7927052e-06
1.3398137e-06
8.9729662e-07
4.2616458e-07
7.6662814e-08
0.0019557241
0.0019502361
0.001944066
0.0019373892
0.0019301917
0.0019224074
0.0019140087
0.0019049928
0.0018953534
0.0018850772
0.001874151
0.0018625649
0.0018503105
0.0018373804
0.0018237684
0.0018094696
0.0017944807
0.0017788002
0.0017624281
0.0017453663
0.0017276184
0.0017091901
0.001690089
0.0016703245
0.0016499085
0.0016288544
0.0016071781
0.0015848973
0.0015620319
0.0015386035
0.0015146358
0.0014901545
0.0014651868
0.0014397618
0.00141391
0.0013876633
0.0013610551
0.0013341199
0.001306893
0.0012794108
0.0012517102
0.0012238287
0.0011958042
0.0011676745
0.0011394775
0.0011112511
0.0010830327
0.001054859
0.0010267663
0.0009987901
0.00097096472
0.00094332357
0.00091589884
0.0008887214
0.00086182076
0.00083522494
0.00080896042
0.00078305211
0.00075752324
0.0007323954
0.00070768846
0.00068342062
0.00065960834
0.00063626642
0.00061340796
0.00059104445
0.00056918577
0.00054784023
0.00052701465
0.00050671438
0.00048694339
0.00046770431
0.00044899852
0.00043082618
0.00041318631
0.00039607686
0.00037949477
0.00036343602
0.00034789573
0.0003328682
0.00031834701
0.00030432504
0.00029079452
0.0002777471
0.0002651739
0.00025306559
0.00024141245
0.00023020443
0.00021943114
0.00020908186
0.00019914561
0.000189611
0.00018046639
0.00017170039
0.00016330188
0.00015525983
0.00014756324
0.00014020132
0.00013316154
0.00012643211
0.00012000305
0.00011386454
0.00010800603
0.00010241673
9.7085768e-05
9.200346e-05
8.7160598e-05
8.2547337e-05
7.8153839e-05
7.3970954e-05
6.9989972e-05
6.6201905e-05
6.2599731e-05
5.9175411e-05
5.5921068e-05
5.2829549e-05
4.989332e-05
4.710824e-05
4.4463555e-05
4.1950929e-05
3.9565795e-05
3.7303148e-05
3.5157049e-05
3.3118556e-05
3.1188581e-05
2.9362067e-05
2.7631949e-05
2.5992244e-05
2.44382e-05
2.296421e-05
2.1567298e-05
2.0243796e-05
1.8989216e-05
1.7799492e-05
1.6671139e-05
1.5600632e-05
1.4585055e-05
1.3621605e-05
1.2707251e-05
1.1839133e-05
1.1014683e-05
1.0231502e-05
9.4872192e-06
8.7791607e-06
8.1041604e-06
7.4590682e-06
6.8416699e-06
6.2505736e-06
5.6841295e-06
5.1399193e-06
4.6151138e-06
4.1067898e-06
3.6122677e-06
3.1298943e-06
2.6576795e-06
2.1942593e-06
1.7322474e-06
1.2815704e-06
8.0125225e-07
4.3652652e-07
0.0016295373
0.0016278871
0.001625675
0.0016230478
0.0016199975
0.0016164671
0.0016124295
0.0016078786
0.0016028062
0.0015971982
0.0015910399
0.0015843192
0.0015770251
0.0015691476
0.0015606768
0.0015516044
0.0015419229
0.0015316261
0.0015207093
0.0015091687
0.0014970024
0.0014842098
0.0014707918
0.001456751
0.0014420919
0.0014268204
0.0014109444
0.0013944737
0.0013774195
0.0013597954
0.0013416162
0.0013228991
0.0013036627
0.0012839272
0.0012637149
0.0012430494
0.0012219557
0.0012004605
0.0011785916
0.001156378
0.0011338499
0.0011110383
0.001087975
0.0010646925
0.0010412237
0.001017602
0.00099386079
0.00097003369
0.0009461541
0.00092225519
0.00089836971
0.00087452991
0.00085076732
0.00082711272
0.00080359595
0.00078024586
0.00075709017
0.00073415541
0.00071146685
0.0006890484
0.00066692259
0.00064511054
0.00062363188
0.00060250475
0.00058174582
0.00056137023
0.00054139166
0.00052182229
0.00050267287
0.00048395271
0.00046566975
0.00044783058
0.00043044047
0.00041350348
0.00039702243
0.00038099902
0.00036543383
0.00035032643
0.0003356754
0.0003214784
0.00030773224
0.00029443293
0.00028157572
0.00026915517
0.0002571652
0.00024559914
0.00023444982
0.00022370958
0.00021337035
0.00020342362
0.00019386049
0.0001846717
0.00017584775
0.00016737908
0.00015925615
0.00015146933
0.00014400883
0.00013686488
0.00013002743
0.00012348641
0.00011723214
0.00011125505
0.00010554562
0.00010009428
9.4893541e-05
8.9932745e-05
8.5200271e-05
8.0687166e-05
7.6385574e-05
7.2287462e-05
6.8384884e-05
6.4667748e-05
6.1130935e-05
5.7768401e-05
5.4572185e-05
5.1534838e-05
4.8649467e-05
4.5910054e-05
4.3307606e-05
4.0835756e-05
3.8490225e-05
3.6265661e-05
3.4155906e-05
3.2154675e-05
3.0258144e-05
2.8461204e-05
2.6758557e-05
2.514509e-05
2.3615936e-05
2.2165244e-05
2.0791564e-05
1.9490709e-05
1.8257673e-05
1.7088441e-05
1.5979696e-05
1.4927894e-05
1.3930443e-05
1.2984625e-05
1.208729e-05
1.1235557e-05
1.0426887e-05
9.6588552e-06
8.9291259e-06
8.2351049e-06
7.5737665e-06
6.9421428e-06
6.3379946e-06
5.7597843e-06
5.2058066e-06
4.6736569e-06
4.1605529e-06
3.6637307e-06
3.1806633e-06
2.7095646e-06
2.248261e-06
1.7953563e-06
1.3439522e-06
9.0279994e-07
4.3434841e-07
8.6325388e-08
0.0013310587
0.0013324192
0.0013333307
0.0013339126
0.0013341621
0.0013340314
0.0013334946
0.0013325438
0.0013311696
0.0013293577
0.0013270933
0.0013243631
0.0013211548
0.0013174565
0.0013132567
0.0013085445
0.00130331
0.0012975439
0.001291238
0.0012843849
0.0012769784
0.0012690134
0.0012604859
0.0012513934
0.0012417346
0.0012315096
0.0012207199
0.0012093688
0.0011974607
0.001185002
0.0011720004
0.0011584654
0.0011444081
0.0011298412
0.0011147789
0.0010992372
0.0010832334
0.0010667865
0.0010499168
0.001032646
0.001014997
0.00099699414
0.00097866252
0.00096002842
0.00094111891
0.00092196183
0.00090258562
0.00088301923
0.00086329193
0.00084343324
0.00082347273
0.00080343994
0.00078336425
0.00076327469
0.0007431999
0.00072316794
0.00070320622
0.00068334141
0.00066359928
0.00064400468
0.00062458142
0.00060535224
0.0005863387
0.00056756115
0.00054903873
0.00053078926
0.00051282929
0.00049517407
0.0004778375
0.00046083218
0.00044416944
0.00042785928
0.00041191048
0.00039633055
0.00038112582
0.00036630147
0.00035186152
0.00033780896
0.00032414569
0.00031087268
0.00029798993
0.00028549657
0.00027339089
0.00026167039
0.00025033185
0.00023937135
0.00022878435
0.00021856574
0.00020870986
0.00019921055
0.00019006118
0.00018125472
0.0001727838
0.00016464079
0.00015681788
0.00014930709
0.00014210028
0.00013518919
0.00012856536
0.0001222201
0.00011614484
0.00011033125
0.00010477105
9.9455982e-05
9.4377892e-05
8.9527478e-05
8.4895707e-05
8.0475038e-05
7.6258262e-05
7.2237815e-05
6.8406078e-05
6.4755164e-05
6.1278301e-05
5.7968539e-05
5.4818772e-05
5.1822478e-05
4.8973274e-05
4.6264883e-05
4.3690251e-05
4.124434e-05
3.892194e-05
3.6717218e-05
3.462405e-05
3.264042e-05
3.0756422e-05
2.8967064e-05
2.7269437e-05
2.565959e-05
2.413273e-05
2.2681619e-05
2.1307241e-05
2.0005396e-05
1.8770814e-05
1.759937e-05
1.6487795e-05
1.5432351e-05
1.4430898e-05
1.3480683e-05
1.257842e-05
1.172128e-05
1.0906785e-05
1.0132511e-05
9.3962176e-06
8.695392e-06
8.0270971e-06
7.3885185e-06
6.7774173e-06
6.192156e-06
5.6309818e-06
5.0915075e-06
4.5710162e-06
4.066879e-06
3.5766813e-06
3.0985456e-06
2.6301352e-06
2.1701355e-06
1.7116396e-06
1.2641871e-06
7.8795117e-07
4.2476547e-07
0.0010620443
0.0010656324
0.0010688739
0.001071865
0.0010746062
0.0010770578
0.0010791962
0.0010810122
0.0010824963
0.0010836348
0.0010844131
0.0010848179
0.0010848363
0.001084456
0.0010836643
0.0010824494
0.0010807997
0.0010787043
0.0010761528
0.0010731354
0.0010696431
0.0010656678
0.0010612021
0.0010562396
0.001050775
0.001044804
0.0010383233
0.001031331
0.0010238263
0.0010158099
0.0010072836
0.0009982506
0.00098871573
0.00097868507
0.00096816619
0.00095716813
0.00094570138
0.00093377787
0.00092141094
0.00090861535
0.00089540718
0.00088180383
0.00086782392
0.00085348724
0.0008388147
0.00082382817
0.00080855046
0.00079300519
0.00077721668
0.00076120984
0.00074501007
0.00072864312
0.00071213501
0.00069551186
0.00067879981
0.00066202488
0.0006452129
0.00062838931
0.00061157916
0.00059480694
0.00057809649
0.00056147096
0.00054495267
0.00052856307
0.00051232268
0.00049625101
0.00048036655
0.00046468669
0.00044922771
0.00043400475
0.00041903182
0.00040432174
0.00038988621
0.00037573575
0.00036187975
0.00034832646
0.00033508307
0.00032215564
0.00030954924
0.00029726789
0.00028531467
0.0002736917
0.00026240022
0.00025144062
0.00024081249
0.00023051465
0.00022054522
0.00021090164
0.00020158073
0.00019257872
0.00018389131
0.0001755137
0.00016744066
0.00015966658
0.00015218555
0.00014499139
0.00013807764
0.00013143763
0.00012506444
0.00011895097
0.00011309008
0.00010747463
0.00010209746
9.6951235e-05
9.2028625e-05
8.7322112e-05
8.282415e-05
7.8527517e-05
7.4425175e-05
7.0510264e-05
6.6775907e-05
6.321733e-05
5.9825704e-05
5.6592773e-05
5.3512498e-05
5.057956e-05
4.7788324e-05
4.5132739e-05
4.2605743e-05
4.020415e-05
3.7923216e-05
3.5757228e-05
3.3700648e-05
3.1749161e-05
2.9895267e-05
2.8134975e-05
2.646548e-05
2.4882572e-05
2.3381334e-05
2.1956776e-05
2.0605976e-05
1.9324987e-05
1.8109929e-05
1.6957229e-05
1.5863448e-05
1.4824706e-05
1.3839896e-05
1.2905907e-05
1.2019075e-05
1.117659e-05
1.0376028e-05
9.6149949e-06
8.8914295e-06
8.2028945e-06
7.5465013e-06
6.9195648e-06
6.3198524e-06
5.7456705e-06
5.1952244e-06
4.6661266e-06
4.1557196e-06
3.6614863e-06
3.1811018e-06
2.712619e-06
2.2535974e-06
1.802706e-06
1.3533719e-06
9.1438138e-07
4.4832332e-07
1.0195661e-07
0.00082415705
0.0008292704
0.00083412844
0.00083880662
0.00084330782
0.00084760018
0.00085166249
0.00085548552
0.00085905999
0.00086237328
0.00086541188
0.00086816294
0.00087061408
0.00087275291
0.00087456702
0.00087604418
0.00087717243
0.00087794006
0.00087833574
0.00087834849
0.00087796781
0.00087718368
0.00087598668
0.00087436803
0.00087231963
0.00086983415
0.00086690509
0.00086352683
0.0008596947
0.00085540501
0.00085065516
0.00084544363
0.00083977005
0.00083363526
0.00082704132
0.00081999155
0.00081249054
0.00080454419
0.00079615971
0.0007873456
0.00077811166
0.00076846899
0.00075842992
0.00074800804
0.00073721807
0.0007260759
0.00071459849
0.00070280377
0.00069071063
0.00067833881
0.00066570879
0.00065284174
0.00063975939
0.00062648395
0.00061303799
0.00059944437
0.00058572607
0.00057190617
0.00055800765
0.00054405339
0.00053006596
0.00051606765
0.00050208025
0.00048812506
0.00047422278
0.00046039342
0.00044665625
0.00043302975
0.00041953152
0.00040617828
0.0003929858
0.00037996891
0.00036714141
0.00035451611
0.00034210482
0.00032991829
0.00031796629
0.00030625755
0.00029479982
0.00028359986
0.00027266348
0.00026199555
0.00025160003
0.00024148002
0.00023163777
0.00022207473
0.00021279159
0.0002037883
0.00019506412
0.00018661769
0.00017844702
0.00017054955
0.00016292222
0.0001555615
0.00014846346
0.00014162377
0.00013503778
0.00012870052
0.00012260672
0.0001167509
0.00011112737
0.00010573031
0.00010055378
9.5591716e-05
9.0837948e-05
8.6286172e-05
8.1929937e-05
7.7762888e-05
7.3778895e-05
6.9971988e-05
6.6336239e-05
6.2865861e-05
5.9553798e-05
5.6393711e-05
5.3380439e-05
5.0508956e-05
4.7773902e-05
4.5169753e-05
4.2690806e-05
4.0332166e-05
3.8088834e-05
3.5955914e-05
3.392851e-05
3.2002082e-05
3.0171053e-05
2.8431724e-05
2.6780764e-05
2.5213891e-05
2.3726252e-05
2.2316305e-05
2.0976021e-05
1.9701903e-05
1.8491962e-05
1.734338e-05
1.6252606e-05
1.5214869e-05
1.4230795e-05
1.3297284e-05
1.2410442e-05
1.1567382e-05
1.0765603e-05
1.0002689e-05
9.2768109e-06
8.5855359e-06
7.926001e-06
7.2956951e-06
6.6924013e-06
6.1144286e-06
5.5599687e-06
5.0266206e-06
4.511781e-06
4.0130433e-06
3.5281658e-06
3.0551629e-06
2.5914877e-06
2.135939e-06
1.6817154e-06
1.2392125e-06
7.664199e-07
4.0479539e-07
0.00061774548
0.00062376657
0.00062961068
0.00063533619
0.00064094717
0.00064641839
0.00065173159
0.000656878
0.00066184914
0.00066663381
0.0006712199
0.00067559568
0.00067974968
0.0006836703
0.00068734581
0.00069076449
0.00069391468
0.00069678482
0.00069936349
0.00070163943
0.0007036016
0.00070523926
0.00070654197
0.00070749969
0.00070810281
0.0007083422
0.0007082093
0.00070769612
0.00070679537
0.00070550045
0.00070380556
0.00070170569
0.00069919675
0.00069627555
0.0006929399
0.00068918861
0.00068502156
0.00068043972
0.00067544516
0.00067004114
0.00066423204
0.00065802342
0.00065142202
0.00064443575
0.00063707367
0.00062934599
0.00062126403
0.00061284017
0.00060408784
0.00059502145
0.00058565634
0.00057600871
0.00056609555
0.00055593457
0.00054554413
0.00053494313
0.00052415095
0.00051318732
0.00050207229
0.00049082606
0.00047946895
0.00046802127
0.00045650325
0.00044493495
0.00043333613
0.00042172624
0.00041012429
0.00039854879
0.0003870177
0.00037554833
0.00036415733
0.00035286061
0.00034167331
0.00033060973
0.00031968338
0.00030890686
0.00029829191
0.00028784937
0.00027758918
0.00026752038
0.00025765112
0.00024798865
0.00023853935
0.00022930876
0.00022030155
0.00021152162
0.00020297206
0.0001946552
0.00018657268
0.0001787254
0.00017111366
0.0001637371
0.00015659479
0.00014968529
0.00014300665
0.00013655645
0.00013033187
0.0001243297
0.00011854638
0.00011297803
0.00010762049
0.00010246939
9.7520147e-05
9.2767983e-05
8.820795e-05
8.3834932e-05
7.9643686e-05
7.5628952e-05
7.1785522e-05
6.8108204e-05
6.4591735e-05
6.1230868e-05
5.8020151e-05
5.4954179e-05
5.2027858e-05
4.9236265e-05
4.6574569e-05
4.4038214e-05
4.1623352e-05
3.932285e-05
3.7131404e-05
3.5045151e-05
3.3060127e-05
3.1172264e-05
2.9376017e-05
2.7668413e-05
2.6046806e-05
2.4507293e-05
2.304554e-05
2.1658116e-05
2.0339139e-05
1.908571e-05
1.7895872e-05
1.676661e-05
1.5694367e-05
1.4675667e-05
1.3708395e-05
1.2789701e-05
1.1916742e-05
1.1086933e-05
1.0297599e-05
9.5464858e-06
8.8322482e-06
8.152216e-06
7.5033772e-06
6.8833536e-06
6.2899311e-06
5.7215199e-06
5.1763231e-06
4.6519114e-06
4.1457265e-06
3.6554557e-06
3.1789338e-06
2.7141341e-06
2.2584587e-06
1.8106617e-06
1.3643583e-06
9.2858488e-07
4.652238e-07
1.2110899e-07
0.00044275979
0.00044917598
0.00045548045
0.00046171681
0.00046788993
0.00047398053
0.00047997341
0.00048586067
0.00049163489
0.00049728653
0.00050280517
0.00050818057
0.00051340256
0.00051846079
0.00052334471
0.00052804364
0.00053254684
0.00053684353
0.00054092291
0.0005447742
0.00054838665
0.00055174962
0.0005548526
0.00055768525
0.00056023745
0.00056249933
0.00056446137
0.00056611438
0.0005674496
0.00056845872
0.00056913397
0.00056946812
0.00056945457
0.00056908741
0.00056836143
0.00056727219
0.00056581606
0.00056399028
0.00056179299
0.00055922325
0.00055628108
0.00055296753
0.00054928464
0.00054523549
0.00054082421
0.00053605598
0.00053093703
0.00052547464
0.00051967713
0.00051355379
0.00050711494
0.00050037181
0.00049333653
0.00048602212
0.00047844237
0.00047061182
0.00046254569
0.00045425979
0.00044577048
0.00043709458
0.00042824927
0.00041925202
0.00041012054
0.00040087263
0.00039152617
0.00038209898
0.00037260876
0.00036307305
0.00035350908
0.00034393376
0.0003343636
0.00032481462
0.00031530235
0.0003058417
0.00029644698
0.00028713185
0.00027790924
0.00026879137
0.0002597897
0.00025091492
0.00024217695
0.00023358489
0.00022514708
0.00021687105
0.00020876354
0.00020083052
0.00019307721
0.00018550806
0.00017812683
0.00017093655
0.0001639396
0.0001571377
0.00015053196
0.00014412292
0.00013791055
0.00013189434
0.00012607327
0.0001204459
0.00011501036
0.0001097644
0.00010470545
9.9830604e-05
9.5136696e-05
9.0620299e-05
8.6277756e-05
8.2105207e-05
7.8098618e-05
7.4253837e-05
7.0566636e-05
6.7032725e-05
6.3647743e-05
6.0407285e-05
5.730682e-05
5.4341723e-05
5.1507508e-05
4.8799893e-05
4.6214697e-05
4.3747737e-05
4.1394653e-05
3.9150234e-05
3.7010299e-05
3.4971367e-05
3.3029727e-05
3.1181435e-05
2.9422218e-05
2.7748376e-05
2.6156464e-05
2.464293e-05
2.3204043e-05
2.1836331e-05
2.0535606e-05
1.9298899e-05
1.8123979e-05
1.7007858e-05
1.5947179e-05
1.4940498e-05
1.3982105e-05
1.3069567e-05
1.2201466e-05
1.1375676e-05
1.0589177e-05
9.8396544e-06
9.1267305e-06
8.4477467e-06
7.7995552e-06
7.1798541e-06
6.5862769e-06
6.0174203e-06
5.4714477e-06
4.9458735e-06
4.4382082e-06
3.9462436e-06
3.4679043e-06
3.001166e-06
2.5433722e-06
2.0933993e-06
1.6445982e-06
1.2075964e-06
7.3953339e-07
3.8073289e-07
0.00029786032
0.00030426289
0.00031060545
0.00031692011
0.00032321177
0.00032946607
0.00033567077
0.00034181915
0.00034790503
0.00035392059
0.00035985723
0.00036570633
0.00037145928
0.00037710724
0.00038264113
0.00038805165
0.00039332938
0.00039846475
0.00040344807
0.00040826956
0.00041291936
0.00041738756
0.00042166425
0.00042573953
0.00042960356
0.00043324658
0.00043665896
0.00043983124
0.00044275417
0.00044541875
0.00044781627
0.00044993837
0.00045177707
0.00045332484
0.0004545746
0.00045551983
0.00045615458
0.00045647351
0.00045647195
0.00045614593
0.00045549226
0.00045450849
0.00045319303
0.00045154512
0.00044956488
0.00044725335
0.00044461247
0.00044164513
0.00043835515
0.00043474729
0.00043082728
0.00042660174
0.00042207822
0.00041726518
0.0004121719
0.00040680853
0.00040118599
0.00039531595
0.00038921074
0.00038288338
0.00037634741
0.00036961693
0.00036270644
0.00035563084
0.00034840534
0.00034104535
0.00033356645
0.00032598431
0.0003183146
0.00031057292
0.00030277474
0.00029493534
0.00028706972
0.00027919255
0.00027131814
0.00026346035
0.00025563254
0.00024784756
0.0002401177
0.00023245462
0.00022486939
0.00021737239
0.00020997335
0.00020268132
0.00019550465
0.00018845097
0.00018152726
0.00017473977
0.00016809406
0.00016159505
0.00015524696
0.00014905341
0.00014301737
0.00013714121
0.00013142676
0.00012587527
0.0001204875
0.00011526371
0.00011020369
0.00010530681
0.00010057206
9.5998036e-05
9.1583002e-05
8.7324917e-05
8.3221452e-05
7.9270021e-05
7.5467812e-05
7.181182e-05
6.8298888e-05
6.4925728e-05
6.1688932e-05
5.8584975e-05
5.5610212e-05
5.276092e-05
5.0033393e-05
4.7423982e-05
4.492903e-05
4.2544813e-05
4.0267566e-05
3.8093354e-05
3.6018383e-05
3.4039095e-05
3.215203e-05
3.0353646e-05
2.8641439e-05
2.701084e-05
2.5457433e-05
2.397811e-05
2.2570013e-05
2.1230172e-05
1.995475e-05
1.8740887e-05
1.7587011e-05
1.649055e-05
1.5448381e-05
1.4457817e-05
1.3514687e-05
1.2617027e-05
1.176338e-05
1.0951436e-05
1.0178504e-05
9.4422756e-06
8.7409595e-06
8.072287e-06
7.4338516e-06
6.8234681e-06
6.2386263e-06
5.6785264e-06
5.1411354e-06
4.6237269e-06
4.1238118e-06
3.6392924e-06
3.1682278e-06
2.7086037e-06
2.2577755e-06
1.8145616e-06
1.372735e-06
9.4127043e-07
4.8222651e-07
1.4145477e-07
0.00018135129
0.00018743814
0.00019350422
0.00019957218
0.0002056468
0.00021171788
0.00021777598
0.0002238156
0.00022983182
0.00023581852
0.00024176886
0.00024767593
0.00025353273
0.00025933204
0.00026506637
0.00027072801
0.00027630905
0.00028180139
0.00028719674
0.00029248667
0.00029766256
0.00030271571
0.00030763725
0.00031241828
0.00031704979
0.00032152275
0.00032582812
0.00032995689
0.00033390007
0.00033764878
0.00034119426
0.0003445279
0.00034764127
0.00035052621
0.00035317482
0.0003555795
0.00035773303
0.00035962859
0.00036125981
0.00036262079
0.00036370618
0.00036451118
0.00036503163
0.00036526398
0.0003652054
0.00036485375
0.00036420764
0.00036326647
0.00036203041
0.00036050048
0.00035867848
0.00035656709
0.00035416981
0.000351491
0.00034853584
0.00034531034
0.00034182131
0.00033807636
0.00033408385
0.00032985286
0.00032539315
0.00032071513
0.00031582981
0.00031074873
0.00030548392
0.00030004784
0.00029445332
0.00028871349
0.00028284173
0.00027685158
0.0002707567
0.00026457079
0.00025830753
0.00025198051
0.00024560319
0.00023918881
0.00023275037
0.00022630055
0.00021985166
0.00021341563
0.00020700392
0.00020062752
0.00019429692
0.00018802205
0.00018181229
0.00017567643
0.00016962266
0.00016365859
0.0001577912
0.00015202686
0.00014637133
0.00014082978
0.00013540678
0.0001301063
0.00012493179
0.0001198861
0.0001149716
0.00011019011
0.000105543
0.00010103116
9.6655056e-05
9.2414745e-05
8.83099e-05
8.4339838e-05
8.0503545e-05
7.6799704e-05
7.3226722e-05
6.9782761e-05
6.6465765e-05
6.3273486e-05
6.02035e-05
5.7253226e-05
5.4419939e-05
5.1700799e-05
4.909289e-05
4.6593249e-05
4.4198871e-05
4.1906687e-05
3.9713569e-05
3.7616276e-05
3.561154e-05
3.3696244e-05
3.1867402e-05
3.012203e-05
2.8457166e-05
2.6869163e-05
2.5354707e-05
2.3911177e-05
2.253597e-05
2.122625e-05
1.9978913e-05
1.87911e-05
1.7660382e-05
1.6584237e-05
1.5559959e-05
1.4584989e-05
1.3656288e-05
1.2771993e-05
1.1930363e-05
1.1128994e-05
1.0365871e-05
9.6388899e-06
8.9444523e-06
8.2808552e-06
7.6466765e-06
7.0399759e-06
6.457553e-06
5.8996581e-06
5.3643178e-06
4.8486777e-06
4.3501632e-06
3.8667076e-06
3.3964762e-06
2.9374215e-06
2.4868569e-06
2.0438123e-06
1.6018225e-06
1.1714281e-06
7.0963143e-07
3.5502905e-07
9.0469321e-05
9.6035013e-05
0.00010160769
0.00010720301
0.00011282528
0.00011846753
0.00012412273
0.00012978665
0.00013545557
0.0001411249
0.00014678947
0.00015244394
0.0001580829
0.00016370071
0.00016929146
0.00017484903
0.00018036706
0.00018583902
0.00019125814
0.00019661746
0.00020190985
0.00020712796
0.00021226432
0.00021731126
0.00022226101
0.00022710566
0.0002318372
0.00023644753
0.00024092851
0.00024527196
0.00024946967
0.00025351346
0.00025739522
0.00026110689
0.00026464053
0.00026798834
0.00027114273
0.00027409628
0.00027684186
0.00027937263
0.00028168206
0.00028376401
0.00028561273
0.00028722295
0.00028858984
0.00028970911
0.00029057705
0.0002911905
0.00029154694
0.00029164449
0.00029148196
0.00029105884
0.00029037534
0.00028943241
0.00028823173
0.00028677575
0.00028506764
0.00028311133
0.00028091152
0.00027847359
0.00027580367
0.00027290856
0.00026979572
0.00026647325
0.00026294984
0.00025923472
0.00025533766
0.00025126886
0.00024703894
0.00024265889
0.00023814
0.00023349379
0.00022873199
0.00022386645
0.00021890909
0.00021387185
0.00020876664
0.00020360524
0.00019839932
0.00019316033
0.00018789947
0.00018262767
0.00017735549
0.00017209316
0.00016685047
0.00016163679
0.00015646105
0.00015133165
0.00014625653
0.00014124311
0.00013629826
0.00013142835
0.00012663919
0.00012193609
0.00011732382
0.0001128066
0.00010838819
0.00010407181
9.9860229e-05
9.5755729e-05
9.1760153e-05
8.7874913e-05
8.4101016e-05
8.0439084e-05
7.6889374e-05
7.3451808e-05
7.0125991e-05
6.6911237e-05
6.3806598e-05
6.0810883e-05
5.7922682e-05
5.5140383e-05
5.2462193e-05
4.9886158e-05
4.7410192e-05
4.5032105e-05
4.2749611e-05
4.056033e-05
3.8461786e-05
3.6451407e-05
3.4526582e-05
3.2684727e-05
3.0923283e-05
2.9239641e-05
2.7631158e-05
2.6095064e-05
2.4628602e-05
2.3229175e-05
2.1894278e-05
2.0621362e-05
1.9408367e-05
1.8252528e-05
1.7150382e-05
1.6099495e-05
1.5097809e-05
1.4143259e-05
1.3232791e-05
1.2365067e-05
1.1538743e-05
1.0751666e-05
1.0001595e-05
9.2861287e-06
8.6027096e-06
7.9498771e-06
7.3261219e-06
6.7294635e-06
6.1576425e-06
5.6091828e-06
5.0820537e-06
4.5740203e-06
4.0826562e-06
3.6061563e-06
3.1428705e-06
2.690537e-06
2.246427e-06
1.8096249e-06
1.3741659e-06
9.4877095e-07
4.9608456e-07
1.6014398e-07
2.2441338e-05
2.7366506e-05
3.2316788e-05
3.7302342e-05
4.2327038e-05
4.7386506e-05
5.2475747e-05
5.7591652e-05
6.2731565e-05
6.789223e-05
7.3069918e-05
7.826074e-05
8.3460691e-05
8.866557e-05
9.3870949e-05
9.9072185e-05
0.00010426443
0.00010944263
0.00011460153
0.00011973565
0.00012483935
0.00012990675
0.00013493182
0.0001399083
0.0001448298
0.00014968974
0.00015448139
0.00015919789
0.00016383222
0.0001683773
0.0001728259
0.00017717075
0.00018140451
0.00018551982
0.00018950931
0.0001933656
0.00019708138
0.00020064941
0.00020406255
0.00020731378
0.00021039627
0.00021330336
0.00021602865
0.00021856598
0.00022090952
0.00022305375
0.00022499354
0.00022672416
0.00022824131
0.00022954117
0.00023062044
0.00023147632
0.00023210658
0.00023250958
0.00023268429
0.00023263029
0.00023234782
0.00023183775
0.00023110163
0.00023014166
0.00022896073
0.00022756237
0.00022595076
0.00022413075
0.00022210779
0.00021988792
0.00021747779
0.00021488456
0.00021211593
0.00020918006
0.00020608554
0.00020284136
0.00019945685
0.00019594165
0.00019230562
0.00018855885
0.00018471154
0.00018077403
0.00017675665
0.00017266976
0.00016852366
0.00016432853
0.00016009441
0.00015583115
0.00015154835
0.00014725537
0.00014296123
0.00013867463
0.0001344039
0.00013015697
0.00012594138
0.00012176422
0.00011763216
0.00011355139
0.00010952766
0.00010556627
0.00010167203
9.7849302e-05
9.4101998e-05
9.0433578e-05
8.6847069e-05
8.3345072e-05
7.9929781e-05
7.6602996e-05
7.3366141e-05
7.0220283e-05
6.716615e-05
6.4204153e-05
6.1334408e-05
5.8556752e-05
5.5870769e-05
5.3275805e-05
5.0770988e-05
4.835525e-05
4.6027345e-05
4.3785877e-05
4.1629305e-05
3.9555962e-05
3.7564058e-05
3.5651697e-05
3.3816897e-05
3.2057628e-05
3.037182e-05
2.8757354e-05
2.7212062e-05
2.5733695e-05
2.4319937e-05
2.2968532e-05
2.1677324e-05
2.0444177e-05
1.9266953e-05
1.8143174e-05
1.7070318e-05
1.6046418e-05
1.5069651e-05
1.4138032e-05
1.3249273e-05
1.2401438e-05
1.1592703e-05
1.0821106e-05
1.0084644e-05
9.3811929e-06
8.7091649e-06
8.0668939e-06
7.4525927e-06
6.8643098e-06
6.3013329e-06
5.7600142e-06
5.2383063e-06
4.7348595e-06
4.2471684e-06
3.7737019e-06
3.3133438e-06
2.8637569e-06
2.4221156e-06
1.9877208e-06
1.5542673e-06
1.1320677e-06
6.7851333e-07
3.2987767e-07
-2.6270291e-05
-2.2034493e-05
-1.7763424e-05
-1.3450605e-05
-9.0927976e-06
-4.6925684e-06
-2.5327142e-07
4.2229653e-06
8.7343816e-06
1.3278814e-05
1.7853732e-05
2.2456456e-05
2.7084192e-05
3.1733984e-05
3.6402682e-05
4.1086951e-05
4.578327e-05
5.0487935e-05
5.5197053e-05
5.9906541e-05
6.4612125e-05
6.9309342e-05
7.3993541e-05
7.8659882e-05
8.3303344e-05
8.7918727e-05
9.2500654e-05
9.7043582e-05
0.00010154181
0.00010598947
0.00011038058
0.00011470899
0.00011896848
0.00012315268
0.00012725516
0.00013126941
0.00013518888
0.00013900698
0.0001427171
0.00014631267
0.00014978714
0.00015313403
0.00015634695
0.00015941963
0.00016234596
0.00016512
0.00016773602
0.00017018854
0.00017247234
0.0001745825
0.00017651447
0.00017826402
0.00017982735
0.00018120107
0.00018238224
0.00018336841
0.00018415761
0.00018474841
0.00018513992
0.0001853318
0.00018532428
0.00018511819
0.00018471491
0.00018411645
0.00018332537
0.00018234484
0.0001811786
0.00017983093
0.00017830667
0.00017661119
0.00017475035
0.00017273046
0.00017055831
0.00016824106
0.00016578626
0.00016320177
0.00016049576
0.00015767663
0.00015475298
0.00015173357
0.00014862728
0.00014544302
0.00014218977
0.00013887645
0.00013551192
0.00013210494
0.00012866412
0.00012519789
0.00012171446
0.00011822178
0.00011472753
0.00011123908
0.00010776349
0.00010430744
0.00010087727
9.7478937e-05
9.4118004e-05
9.0799645e-05
8.7528631e-05
8.4309334e-05
8.1145727e-05
7.8041389e-05
7.4999508e-05
7.2022896e-05
6.9113995e-05
6.6274893e-05
6.3507333e-05
6.0812731e-05
5.8192192e-05
5.5646524e-05
5.3176257e-05
5.078166e-05
4.8462758e-05
4.6219347e-05
4.4051016e-05
4.1957164e-05
3.9937012e-05
3.7989622e-05
3.6113905e-05
3.4308639e-05
3.2572482e-05
3.0903997e-05
2.9301667e-05
2.7763896e-05
2.6289011e-05
2.4875256e-05
2.3520816e-05
2.2223871e-05
2.0982613e-05
1.9795207e-05
1.8659772e-05
1.7574361e-05
1.6536992e-05
1.5545782e-05
1.4598967e-05
1.3694713e-05
1.2831823e-05
1.2007667e-05
1.1219873e-05
1.0466766e-05
9.746839e-06
9.057758e-06
8.3988724e-06
7.7688314e-06
7.1659082e-06
6.5883743e-06
6.0346604e-06
5.5021713e-06
4.9892142e-06
4.4944805e-06
4.0156595e-06
3.5506681e-06
3.0977236e-06
2.6547466e-06
2.219504e-06
1.7915387e-06
1.3647031e-06
9.4752034e-07
5.0374024e-07
1.7460097e-07
-5.8683041e-05
-5.5132668e-05
-5.1542615e-05
-4.7909147e-05
-4.4229513e-05
-4.0504999e-05
-3.6737797e-05
-3.2929332e-05
-2.9080666e-05
-2.5193083e-05
-2.1268149e-05
-1.7307586e-05
-1.3313212e-05
-9.2869718e-06
-5.2309608e-06
-1.1474299e-06
2.9612157e-06
7.092413e-06
1.1243439e-05
1.5411406e-05
1.9593263e-05
2.3785787e-05
2.7985587e-05
3.2189098e-05
3.6392582e-05
4.0592131e-05
4.4783666e-05
4.8962936e-05
5.3125526e-05
5.7266853e-05
6.138218e-05
6.5466614e-05
6.9515116e-05
7.3522507e-05
7.748348e-05
8.1392607e-05
8.5244355e-05
8.9033093e-05
9.2753111e-05
9.6398635e-05
9.9963843e-05
0.00010344288
0.0001068299
0.00011011903
0.00011330448
0.00011638047
0.00011934135
0.00012218154
0.0001248956
0.00012747828
0.00012992448
0.00013222934
0.00013438824
0.00013639684
0.00013825108
0.00013994725
0.00014148198
0.00014285229
0.0001440556
0.00014508975
0.00014595304
0.00014664421
0.00014716252
0.00014750768
0.00014767994
0.00014768004
0.00014750926
0.00014716937
0.00014666268
0.00014599199
0.00014516062
0.00014417236
0.00014303148
0.00014174271
0.0001403112
0.0001387425
0.00013704253
0.00013521758
0.00013327422
0.0001312193
0.00012905994
0.00012680341
0.00012445717
0.0001220288
0.00011952596
0.00011695633
0.00011432763
0.0001116475
0.00010892355
0.00010616326
0.00010337396
0.00010056283
9.7736825e-05
9.4902693e-05
9.2066914e-05
8.9235699e-05
8.6414964e-05
8.3610319e-05
8.0827049e-05
7.8070108e-05
7.5344112e-05
7.2653334e-05
7.0001704e-05
6.7392812e-05
6.4829907e-05
6.2315907e-05
5.9853401e-05
5.7444662e-05
5.5091652e-05
5.2796038e-05
5.0559202e-05
4.8382253e-05
4.6266042e-05
4.4211176e-05
4.2218031e-05
4.0286769e-05
3.8417351e-05
3.6609549e-05
3.4862963e-05
3.3177033e-05
3.155105e-05
2.9984179e-05
2.8475466e-05
2.7023852e-05
2.5628177e-05
2.4287187e-05
2.2999551e-05
2.176388e-05
2.0578747e-05
1.944268e-05
1.8354163e-05
1.7311624e-05
1.6313432e-05
1.5357973e-05
1.444371e-05
1.3569124e-05
1.2732696e-05
1.1932458e-05
1.1166677e-05
1.0433984e-05
9.7329724e-06
9.0619062e-06
8.4192947e-06
7.8035628e-06
7.21361e-06
6.6480075e-06
6.1048895e-06
5.5825273e-06
5.0790895e-06
4.5933058e-06
4.1228231e-06
3.6652251e-06
3.2181838e-06
2.779867e-06
2.3486687e-06
1.9250289e-06
1.5023284e-06
1.0904576e-06
6.4759173e-07
3.0705321e-07
-7.8397649e-05
-7.5488377e-05
-7.2539259e-05
-6.9548699e-05
-6.6514727e-05
-6.3437661e-05
-6.0318557e-05
-5.7158084e-05
-5.3956727e-05
-5.0715188e-05
-4.7434381e-05
-4.4115299e-05
-4.0758996e-05
-3.7366631e-05
-3.3939487e-05
-3.0478917e-05
-2.6986328e-05
-2.3463316e-05
-1.9911772e-05
-1.6333743e-05
-1.2731294e-05
-9.1065571e-06
-5.4618378e-06
-1.7996269e-06
1.8774328e-06
5.5665607e-06
9.2648282e-06
1.2969148e-05
1.6676274e-05
2.0382806e-05
2.4085191e-05
2.7779724e-05
3.1462546e-05
3.5129652e-05
3.8776892e-05
4.2399977e-05
4.5994486e-05
4.9555871e-05
5.3079467e-05
5.6560498e-05
5.9994091e-05
6.3375286e-05
6.6699051e-05
6.9960294e-05
7.3153877e-05
7.6274638e-05
7.9317402e-05
8.2277007e-05
8.5148318e-05
8.7926251e-05
9.0605798e-05
9.3182042e-05
9.5650191e-05
9.8005592e-05
0.00010024376
0.00010236042
0.00010435148
0.00010621313
0.0001079418
0.00010953423
0.00011098747
0.00011229891
0.00011346628
0.00011448772
0.00011536173
0.00011608726
0.00011666365
0.00011709069
0.00011736863
0.00011749814
0.00011748037
0.00011731691
0.00011700979
0.00011656152
0.000115975
0.00011525359
0.00011440103
0.00011342146
0.00011231939
0.00011109967
0.00010976747
0.00010832825
0.00010678772
0.00010515183
0.00010342671
0.00010161868
9.9734162e-05
9.7779671e-05
9.5761786e-05
9.3687107e-05
9.1562224e-05
8.939368e-05
8.7187944e-05
8.4951377e-05
8.2690208e-05
8.0410503e-05
7.8118139e-05
7.5818788e-05
7.3517887e-05
7.1220632e-05
6.893195e-05
6.6656503e-05
6.4398672e-05
6.2162562e-05
5.995199e-05
5.7770484e-05
5.5621276e-05
5.3507311e-05
5.1431247e-05
4.9395462e-05
4.740206e-05
4.5452881e-05
4.3549503e-05
4.1693259e-05
3.9885246e-05
3.8126332e-05
3.641717e-05
3.4758212e-05
3.3149715e-05
3.1591757e-05
3.0084249e-05
2.8626949e-05
2.7219471e-05
2.5861298e-05
2.4551794e-05
2.3290207e-05
2.2075686e-05
2.0907294e-05
1.9784023e-05
1.8704796e-05
1.7668473e-05
1.6673847e-05
1.5719658e-05
1.4804626e-05
1.3927474e-05
1.3086899e-05
1.2281565e-05
1.1510042e-05
1.0770885e-05
1.0062768e-05
9.3843323e-06
8.7347118e-06
8.1113248e-06
7.5119117e-06
6.9364419e-06
6.3843584e-06
5.8535464e-06
5.3429477e-06
4.8502117e-06
4.3754309e-06
3.9145146e-06
3.4652733e-06
3.0263089e-06
2.5960537e-06
2.1728911e-06
1.7561919e-06
1.3402294e-06
9.3378335e-07
5.0180637e-07
1.8241341e-07
-8.8112834e-05
-8.5929122e-05
-8.3506411e-05
-8.0988106e-05
-7.8432599e-05
-7.5871032e-05
-7.3321567e-05
-7.0766863e-05
-6.8172939e-05
-6.5532261e-05
-6.2851929e-05
-6.0136118e-05
-5.7384429e-05
-5.4596187e-05
-5.1771908e-05
-4.8912542e-05
-4.6019192e-05
-4.3093142e-05
-4.0135476e-05
-3.7147067e-05
-3.4129012e-05
-3.1082752e-05
-2.8009877e-05
-2.4911999e-05
-2.1790816e-05
-1.864816e-05
-1.5485968e-05
-1.2306335e-05
-9.111574e-06
-5.9041108e-06
-2.6864465e-06
5.3878812e-07
3.7687996e-06
7.0006444e-06
1.0231246e-05
1.3457398e-05
1.6675756e-05
1.9882839e-05
2.3075037e-05
2.6248615e-05
2.9399721e-05
3.2524387e-05
3.561854e-05
3.8678007e-05
4.1698526e-05
4.4675757e-05
4.7605295e-05
5.0482677e-05
5.3303404e-05
5.6062947e-05
5.8756772e-05
6.1380349e-05
6.3929175e-05
6.6398792e-05
6.8784806e-05
7.1082907e-05
7.328889e-05
7.5398681e-05
7.7408353e-05
7.931415e-05
8.1112512e-05
8.2800093e-05
8.4373787e-05
8.5830745e-05
8.7168397e-05
8.8384472e-05
8.9477016e-05
9.0444408e-05
9.1285375e-05
9.1999009e-05
9.258477e-05
9.3042506e-05
9.337245e-05
9.3575231e-05
9.3651872e-05
9.3603791e-05
9.3432798e-05
9.3141085e-05
9.2731221e-05
9.2206138e-05
9.1569115e-05
9.0823767e-05
8.9974018e-05
8.9024086e-05
8.7978454e-05
8.6841849e-05
8.5619214e-05
8.4315679e-05
8.2936532e-05
8.1487189e-05
7.9973167e-05
7.8400048e-05
7.6773451e-05
7.5099004e-05
7.338231e-05
7.1628922e-05
6.9844311e-05
6.8033844e-05
6.6202752e-05
6.4356114e-05
6.2498831e-05
6.0635615e-05
5.8770987e-05
5.6909265e-05
5.5054553e-05
5.3210724e-05
5.1381413e-05
4.9570016e-05
4.7779679e-05
4.6013304e-05
4.4273546e-05
4.2562817e-05
4.0883285e-05
3.9236885e-05
3.7625317e-05
3.605006e-05
3.4512376e-05
3.3013319e-05
3.1553741e-05
3.0134307e-05
2.8755501e-05
2.7417637e-05
2.612087e-05
2.4865205e-05
2.3650511e-05
2.2476523e-05
2.1342861e-05
2.0249033e-05
1.9194453e-05
1.8178443e-05
1.7200246e-05
1.6259024e-05
1.5353876e-05
1.4483844e-05
1.3647935e-05
1.2845113e-05
1.2074303e-05
1.1334362e-05
1.0624097e-05
9.9423397e-06
9.2879395e-06
8.6597107e-06
8.0559903e-06
7.4753658e-06
6.916987e-06
6.3799824e-06
5.8632582e-06
5.3655222e-06
4.8848737e-06
4.4199746e-06
3.9687507e-06
3.5294731e-06
3.1004102e-06
2.6802191e-06
2.2666438e-06
1.8573737e-06
1.4472827e-06
1.0478574e-06
6.1795373e-07
2.8696066e-07
-9.0541956e-05
-8.8639856e-05
-8.6759719e-05
-8.487035e-05
-8.2939499e-05
-8.0966264e-05
-7.8958865e-05
-7.6919397e-05
-7.4846064e-05
-7.2737885e-05
-7.0595295e-05
-6.8419069e-05
-6.6214338e-05
-6.4011464e-05
-6.1824167e-05
-5.9546119e-05
-5.7116909e-05
-5.4651701e-05
-5.2226813e-05
-4.9804879e-05
-4.7343791e-05
-4.4841883e-05
-4.2310717e-05
-3.9754531e-05
-3.7172261e-05
-3.4563518e-05
-3.1929803e-05
-2.9273128e-05
-2.6594959e-05
-2.389659e-05
-2.1179623e-05
-1.8445928e-05
-1.5697459e-05
-1.2936224e-05
-1.0164355e-05
-7.3841222e-06
-4.5978619e-06
-1.8080353e-06
9.8265624e-07
3.771366e-06
6.5552053e-06
9.3312075e-06
1.2096268e-05
1.4847148e-05
1.75805e-05
2.0292885e-05
2.2980771e-05
2.5640534e-05
2.8268471e-05
3.0860805e-05
3.3413704e-05
3.5923283e-05
3.8385621e-05
4.0796775e-05
4.3152792e-05
4.5449725e-05
4.7683649e-05
4.9850677e-05
5.1946977e-05
5.3968795e-05
5.5912466e-05
5.7774441e-05
5.9551303e-05
6.1239783e-05
6.2836787e-05
6.4339411e-05
6.5744958e-05
6.7050961e-05
6.8255199e-05
6.9355713e-05
7.0350822e-05
7.1239138e-05
7.2019579e-05
7.269138e-05
7.32541e-05
7.3707635e-05
7.4052217e-05
7.4288424e-05
7.4417173e-05
7.4439724e-05
7.4357675e-05
7.4172956e-05
7.3887815e-05
7.3504816e-05
7.3026818e-05
7.2456964e-05
7.1798661e-05
7.1055561e-05
7.0231543e-05
6.9330687e-05
6.835725e-05
6.7315644e-05
6.6210409e-05
6.5046185e-05
6.3827685e-05
6.2559668e-05
6.1246908e-05
5.9894166e-05
5.850615e-05
5.7087475e-05
5.5642643e-05
5.4176088e-05
5.2692198e-05
5.1195261e-05
4.9689395e-05
4.8178536e-05
4.6666449e-05
4.5156731e-05
4.3652795e-05
4.2157853e-05
4.0674915e-05
3.9206788e-05
3.775607e-05
3.6325151e-05
3.4916207e-05
3.3531207e-05
3.2171913e-05
3.0839888e-05
2.9536495e-05
2.8262912e-05
2.7020132e-05
2.5808976e-05
2.4630095e-05
2.3483982e-05
2.237098e-05
2.1291291e-05
2.0244982e-05
1.9231997e-05
1.8252167e-05
1.7305213e-05
1.6390762e-05
1.5508345e-05
1.4657413e-05
1.3837342e-05
1.3047447e-05
1.2286982e-05
1.1555144e-05
1.0851068e-05
1.0173836e-05
9.5225131e-06
8.8961381e-06
8.2937565e-06
7.71435e-06
7.1571383e-06
6.6197022e-06
6.1005094e-06
5.6001843e-06
5.1174098e-06
4.650888e-06
4.1974311e-06
3.7577196e-06
3.3302994e-06
2.9128357e-06
2.5037209e-06
2.1002738e-06
1.7009498e-06
1.301007e-06
9.0992526e-07
4.9413597e-07
1.8568488e-07
-8.7515256e-05
-8.6095427e-05
-8.4648057e-05
-8.3172938e-05
-8.1670578e-05
-8.0135858e-05
-7.858918e-05
-7.7008994e-05
-7.537054e-05
-7.3710667e-05
-7.2033319e-05
-7.0327398e-05
-6.8588651e-05
-6.681893e-05
-6.5019775e-05
-6.3191028e-05
-6.1332433e-05
-5.9444305e-05
-5.7526998e-05
-5.5580599e-05
-5.3605317e-05
-5.1601257e-05
-4.9570181e-05
-4.7512411e-05
-4.5458571e-05
-4.3358014e-05
-4.1179867e-05
-3.8997251e-05
-3.6814245e-05
-3.4609111e-05
-3.2375688e-05
-3.011935e-05
-2.7844313e-05
-2.5551463e-05
-2.324128e-05
-2.091502e-05
-1.8574491e-05
-1.6221784e-05
-1.3858754e-05
-1.1487099e-05
-9.1087463e-06
-6.7259061e-06
-4.3408982e-06
-1.9560811e-06
4.2610105e-07
2.8030788e-06
5.172167e-06
7.5305836e-06
9.8754569e-06
1.2203825e-05
1.4512639e-05
1.6798771e-05
1.9059022e-05
2.1290131e-05
2.3488782e-05
2.5651615e-05
2.7775233e-05
2.9856219e-05
3.1891147e-05
3.3876602e-05
3.5809185e-05
3.7685529e-05
3.9502315e-05
4.1256294e-05
4.2944295e-05
4.4563249e-05
4.6110201e-05
4.7582329e-05
4.8976964e-05
5.0291602e-05
5.1523923e-05
5.2671808e-05
5.3733354e-05
5.4706885e-05
5.5590973e-05
5.638444e-05
5.708638e-05
5.7696158e-05
5.8213426e-05
5.8638123e-05
5.8970481e-05
5.9211027e-05
5.9360585e-05
5.9420274e-05
5.93915e-05
5.9275957e-05
5.9075613e-05
5.8792702e-05
5.8429711e-05
5.7989367e-05
5.7474623e-05
5.6888636e-05
5.6234752e-05
5.5516488e-05
5.4737506e-05
5.3901593e-05
5.3012634e-05
5.2074586e-05
5.1091476e-05
5.0067238e-05
4.9005561e-05
4.7910146e-05
4.678494e-05
4.5634013e-05
4.446133e-05
4.3270676e-05
4.2065708e-05
4.0849975e-05
3.9626914e-05
3.839982e-05
3.717184e-05
3.5945964e-05
3.4725015e-05
3.3511648e-05
3.2308349e-05
3.1117427e-05
2.9941009e-05
2.8781034e-05
2.7639261e-05
2.6517272e-05
2.5416477e-05
2.4338115e-05
2.3283259e-05
2.2252828e-05
2.1247583e-05
2.0268141e-05
1.9314978e-05
1.8388436e-05
1.7488734e-05
1.6615972e-05
1.5770141e-05
1.4951126e-05
1.4158719e-05
1.3392621e-05
1.2652453e-05
1.1937763e-05
1.1248024e-05
1.0582644e-05
9.9409656e-06
9.3222819e-06
8.7258393e-06
8.1508392e-06
7.5963831e-06
7.0614233e-06
6.5446073e-06
6.0450336e-06
5.562732e-06
5.0966994e-06
4.6453863e-06
4.2070629e-06
3.7810822e-06
3.3659134e-06
2.9595239e-06
2.560295e-06
2.1660307e-06
1.7761574e-06
1.3848826e-06
1.0026155e-06
5.8971815e-07
2.7040577e-07
-8.1824533e-05
-8.0743272e-05
-7.9639315e-05
-7.8512983e-05
-7.7363572e-05
-7.6190503e-05
-7.4993532e-05
-7.3772461e-05
-7.2527048e-05
-7.1257075e-05
-6.9962292e-05
-6.8642501e-05
-6.7297417e-05
-6.5927256e-05
-6.4531216e-05
-6.3115226e-05
-6.168946e-05
-6.0217612e-05
-5.8693268e-05
-5.7158394e-05
-5.5611521e-05
-5.4038669e-05
-5.2436471e-05
-5.0807988e-05
-4.9155096e-05
-4.7477608e-05
-4.5775341e-05
-4.4048794e-05
-4.2298507e-05
-4.0524831e-05
-3.8728439e-05
-3.6909499e-05
-3.5070613e-05
-3.320892e-05
-3.1355369e-05
-2.9480015e-05
-2.7534217e-05
-2.557159e-05
-2.3619721e-05
-2.1662002e-05
-1.9686468e-05
-1.7695795e-05
-1.5695397e-05
-1.3687535e-05
-1.1673039e-05
-9.6533339e-06
-7.6304787e-06
-5.6066287e-06
-3.5838877e-06
-1.5644158e-06
4.4950571e-07
2.4554903e-06
4.4510707e-06
6.4336972e-06
8.4007869e-06
1.034976e-05
1.2277883e-05
1.4182221e-05
1.6059849e-05
1.7907904e-05
1.9723509e-05
2.1503723e-05
2.3245581e-05
2.4946134e-05
2.6602455e-05
2.8211649e-05
2.9770858e-05
3.1277283e-05
3.2728197e-05
3.412096e-05
3.5453033e-05
3.6721995e-05
3.7925556e-05
3.9061573e-05
4.0128065e-05
4.1123225e-05
4.2045436e-05
4.2893283e-05
4.3665564e-05
4.43613e-05
4.497974e-05
4.5520371e-05
4.5982918e-05
4.6367359e-05
4.6673925e-05
4.6903107e-05
4.705565e-05
4.7132555e-05
4.7135074e-05
4.7064704e-05
4.6923182e-05
4.6712477e-05
4.6434783e-05
4.6092507e-05
4.5688264e-05
4.522487e-05
4.4705329e-05
4.4132861e-05
4.3510424e-05
4.2840144e-05
4.2124528e-05
4.1367154e-05
4.0571834e-05
3.9741917e-05
3.8880614e-05
3.799129e-05
3.7077369e-05
3.6142194e-05
3.518901e-05
3.4220995e-05
3.3241265e-05
3.2252846e-05
3.1258627e-05
3.0261347e-05
2.9263607e-05
2.8267878e-05
2.7276486e-05
2.6291609e-05
2.5315275e-05
2.4349357e-05
2.3395565e-05
2.2455454e-05
2.153043e-05
2.0621754e-05
1.9730542e-05
1.8857761e-05
1.800424e-05
1.7170674e-05
1.6357629e-05
1.556555e-05
1.4794762e-05
1.4045482e-05
1.331782e-05
1.2611789e-05
1.1927309e-05
1.1264215e-05
1.0622256e-05
1.0001106e-05
9.4003616e-06
8.819553e-06
8.258146e-06
7.7155377e-06
7.1910737e-06
6.6839931e-06
6.1937501e-06
5.7188214e-06
5.2590848e-06
4.8137608e-06
4.3816675e-06
3.9613836e-06
3.5517368e-06
3.151542e-06
2.7592944e-06
2.3735488e-06
1.9923586e-06
1.6148774e-06
1.2362414e-06
8.6499252e-07
4.7032522e-07
1.7895626e-07
-7.3468189e-05
-7.2659295e-05
-7.1832193e-05
-7.0987541e-05
-7.0124697e-05
-6.9243018e-05
-6.8342226e-05
-6.7422139e-05
-6.6482496e-05
-6.5523005e-05
-6.4543403e-05
-6.3543452e-05
-6.2522914e-05
-6.1481557e-05
-6.0419164e-05
-5.9335536e-05
-5.8230478e-05
-5.7103801e-05
-5.5955389e-05
-5.4785171e-05
-5.3593015e-05
-5.2378793e-05
-5.1142451e-05
-4.9883981e-05
-4.8603396e-05
-4.7300722e-05
-4.597599e-05
-4.4629292e-05
-4.3260824e-05
-4.1870806e-05
-4.0459461e-05
-3.9027052e-05
-3.7573909e-05
-3.6100413e-05
-3.4606988e-05
-3.3093987e-05
-3.1562013e-05
-3.001202e-05
-2.8444697e-05
-2.686055e-05
-2.526031e-05
-2.3644955e-05
-2.2015519e-05
-2.0373033e-05
-1.8718594e-05
-1.7053403e-05
-1.5378756e-05
-1.3696025e-05
-1.2006659e-05
-1.0312193e-05
-8.6142463e-06
-6.9145193e-06
-5.2147909e-06
-3.5168637e-06
-1.8225115e-06
-1.3393299e-07
1.546398e-06
3.2164189e-06
4.8741753e-06
6.5174119e-06
8.1436682e-06
9.750496e-06
1.1335482e-05
1.2896178e-05
1.4430081e-05
1.5934664e-05
1.74074e-05
1.8845771e-05
2.0247273e-05
2.1609425e-05
2.2929784e-05
2.420596e-05
2.5435625e-05
2.6616529e-05
2.7746512e-05
2.8823516e-05
2.9845604e-05
3.0810964e-05
3.1717915e-05
3.2564912e-05
3.3350563e-05
3.4073653e-05
3.4733162e-05
3.5328275e-05
3.5858383e-05
3.6323079e-05
3.6722162e-05
3.7055646e-05
3.732376e-05
3.7526956e-05
3.7665901e-05
3.7741486e-05
3.7754808e-05
3.7707219e-05
3.7600223e-05
3.7435815e-05
3.7215424e-05
3.6944879e-05
3.6632251e-05
3.6269658e-05
3.5851084e-05
3.5381913e-05
3.4870847e-05
3.4322021e-05
3.3736978e-05
3.3117653e-05
3.2466809e-05
3.1787407e-05
3.1082279e-05
3.0354191e-05
2.9605942e-05
2.8840354e-05
2.8060192e-05
2.7268185e-05
2.6467013e-05
2.5659167e-05
2.4846943e-05
2.4032552e-05
2.321814e-05
2.2405738e-05
2.1597228e-05
2.079436e-05
1.9998761e-05
1.9211932e-05
1.843524e-05
1.766992e-05
1.6917078e-05
1.6177693e-05
1.5452622e-05
1.47426e-05
1.4048243e-05
1.3370059e-05
1.2708446e-05
1.2063699e-05
1.1436015e-05
1.0825497e-05
1.0232157e-05
9.6559218e-06
9.0966326e-06
8.554051e-06
8.0278608e-06
7.5176707e-06
7.023014e-06
6.5433573e-06
6.0781029e-06
5.6266361e-06
5.1885268e-06
4.7629496e-06
4.3488989e-06
3.9453071e-06
3.5511273e-06
3.1652801e-06
2.7864327e-06
2.4132064e-06
2.0437505e-06
1.6772229e-06
1.3094908e-06
9.4954669e-07
5.5861007e-07
2.5457735e-07
-6.5286593e-05
-6.4687177e-05
-6.4073591e-05
-6.3446097e-05
-6.2804397e-05
-6.2148074e-05
-6.1476837e-05
-6.0790457e-05
-6.0088694e-05
-5.9371283e-05
-5.8637964e-05
-5.7888488e-05
-5.712261e-05
-5.634009e-05
-5.5540692e-05
-5.472419e-05
-5.3890364e-05
-5.3039e-05
-5.2169885e-05
-5.1282827e-05
-5.0377669e-05
-4.9454258e-05
-4.8512444e-05
-4.7552091e-05
-4.6573087e-05
-4.5575343e-05
-4.4558791e-05
-4.3523386e-05
-4.2469101e-05
-4.1395961e-05
-4.0303949e-05
-3.9193353e-05
-3.8063956e-05
-3.6919912e-05
-3.5771092e-05
-3.4588904e-05
-3.3366299e-05
-3.2138051e-05
-3.0903844e-05
-2.9652732e-05
-2.8382198e-05
-2.7095026e-05
-2.5793141e-05
-2.447688e-05
-2.3146479e-05
-2.1802639e-05
-2.0446276e-05
-1.9078283e-05
-1.7699619e-05
-1.6311151e-05
-1.4914439e-05
-1.3509755e-05
-1.2106086e-05
-1.0716898e-05
-9.3001453e-06
-7.8483872e-06
-6.4128858e-06
-4.9955168e-06
-3.5811408e-06
-2.166614e-06
-7.5693911e-07
6.43932e-07
2.0344395e-06
3.4132844e-06
4.7785377e-06
6.1279958e-06
7.4595162e-06
8.7710133e-06
1.0060373e-05
1.1325443e-05
1.2564055e-05
1.3774053e-05
1.4953289e-05
1.609964e-05
1.7211006e-05
1.8285317e-05
1.9320626e-05
2.0315207e-05
2.1267488e-05
2.2175866e-05
2.3038599e-05
2.3853912e-05
2.4620192e-05
2.5336068e-05
2.6000417e-05
2.6612311e-05
2.7170956e-05
2.7675693e-05
2.8126024e-05
2.8521635e-05
2.8862388e-05
2.9148311e-05
2.9379606e-05
2.9556588e-05
2.9679862e-05
2.9749965e-05
2.9774086e-05
2.9760651e-05
2.9705492e-05
2.9597447e-05
2.9433275e-05
2.921754e-05
2.8952564e-05
2.8645748e-05
2.8301095e-05
2.7919776e-05
2.7503156e-05
2.7053462e-05
2.6573221e-05
2.6065022e-05
2.5531656e-05
2.4975612e-05
2.4398726e-05
2.3803081e-05
2.3191369e-05
2.2566119e-05
2.1929531e-05
2.1283759e-05
2.0630915e-05
1.9972971e-05
1.9311795e-05
1.8649214e-05
1.7986995e-05
1.7326788e-05
1.6670105e-05
1.6018336e-05
1.5372768e-05
1.4734579e-05
1.4104837e-05
1.3484495e-05
1.28744e-05
1.2275293e-05
1.168781e-05
1.1112487e-05
1.0549764e-05
9.999982e-06
9.4633924e-06
8.9401546e-06
8.4303382e-06
7.9339252e-06
7.4508072e-06
6.9807989e-06
6.5235855e-06
6.0788731e-06
5.6458144e-06
5.2254608e-06
4.8168461e-06
4.4186754e-06
4.0300901e-06
3.6503366e-06
3.2785209e-06
2.913626e-06
2.5544629e-06
2.1998388e-06
1.8481224e-06
1.4988932e-06
1.1478857e-06
8.0284534e-07
4.3629687e-07
1.6700386e-07
-5.5653031e-05
-5.5217899e-05
-5.4771844e-05
-5.4315474e-05
-5.3848437e-05
-5.3370252e-05
-5.2880661e-05
-5.23795e-05
-5.1866566e-05
-5.1341618e-05
-5.080442e-05
-5.0254744e-05
-4.9692367e-05
-4.9117062e-05
-4.8528606e-05
-4.7926778e-05
-4.731136e-05
-4.6682138e-05
-4.6038903e-05
-4.5381451e-05
-4.4709584e-05
-4.4023111e-05
-4.3321851e-05
-4.2605628e-05
-4.187428e-05
-4.1127654e-05
-4.036561e-05
-3.9588021e-05
-3.8794777e-05
-3.7985781e-05
-3.7160957e-05
-3.6320246e-05
-3.5463612e-05
-3.4591037e-05
-3.370252e-05
-3.2798063e-05
-3.1877772e-05
-3.0941818e-05
-2.9990293e-05
-2.9023293e-05
-2.8041007e-05
-2.7043694e-05
-2.6031635e-05
-2.5005135e-05
-2.3964544e-05
-2.2910268e-05
-2.1842757e-05
-2.0762513e-05
-1.9670086e-05
-1.8566078e-05
-1.7451143e-05
-1.6325912e-05
-1.5190969e-05
-1.4047111e-05
-1.2895473e-05
-1.1737462e-05
-1.0574229e-05
-9.4064254e-06
-8.2349033e-06
-7.0609744e-06
-5.8860736e-06
-4.7115435e-06
-3.5387148e-06
-2.3690139e-06
-1.2039602e-06
-4.5123336e-08
1.1058907e-06
2.2474329e-06
3.3778085e-06
4.4952838e-06
5.5980938e-06
6.6844497e-06
7.7525397e-06
8.8005508e-06
9.826656e-06
1.0829209e-05
1.1806795e-05
1.2757811e-05
1.3680196e-05
1.4571592e-05
1.5429914e-05
1.6253619e-05
1.704144e-05
1.7792166e-05
1.8504526e-05
1.9177167e-05
1.9808797e-05
2.0398291e-05
2.0944652e-05
2.1446975e-05
2.1904359e-05
2.2316148e-05
2.2681276e-05
2.3001341e-05
2.3278473e-05
2.351283e-05
2.3707069e-05
2.3860973e-05
2.3968751e-05
2.4033568e-05
2.4058703e-05
2.4042708e-05
2.3982485e-05
2.3879345e-05
2.3735887e-05
2.3553537e-05
2.3333698e-05
2.3077337e-05
2.2786206e-05
2.246154e-05
2.2107729e-05
2.1727783e-05
2.132387e-05
2.0899096e-05
2.0454786e-05
1.999153e-05
1.9511044e-05
1.9015948e-05
1.8508549e-05
1.7990542e-05
1.7463508e-05
1.6929183e-05
1.6389357e-05
1.5845731e-05
1.5299875e-05
1.4753257e-05
1.4207257e-05
1.366317e-05
1.3122192e-05
1.2585424e-05
1.2053872e-05
1.1528448e-05
1.1009972e-05
1.0499168e-05
9.9966707e-06
9.503022e-06
9.0186748e-06
8.5439911e-06
8.0792416e-06
7.6246055e-06
7.1801735e-06
6.7459516e-06
6.3218778e-06
5.9078508e-06
5.5037971e-06
5.1096843e-06
4.7247895e-06
4.3483389e-06
3.9798132e-06
3.6186531e-06
3.264085e-06
2.9152101e-06
2.5709527e-06
2.2303381e-06
1.8914494e-06
1.5551598e-06
1.216415e-06
8.8329381e-07
5.1943401e-07
2.3497719e-07
-4.8187243e-05
-4.787118e-05
-4.7546959e-05
-4.7214654e-05
-4.6874233e-05
-4.652548e-05
-4.616816e-05
-4.5802081e-05
-4.5427065e-05
-4.5042924e-05
-4.4649461e-05
-4.4246481e-05
-4.3833787e-05
-4.3411184e-05
-4.2978474e-05
-4.253546e-05
-4.2081946e-05
-4.1617737e-05
-4.1142636e-05
-4.0656452e-05
-4.0158993e-05
-3.9650072e-05
-3.9129504e-05
-3.8597108e-05
-3.8052709e-05
-3.7496136e-05
-3.6927226e-05
-3.634582e-05
-3.5751771e-05
-3.5144938e-05
-3.4525191e-05
-3.389241e-05
-3.324649e-05
-3.2587335e-05
-3.1914869e-05
-3.1229023e-05
-3.052973e-05
-2.9816961e-05
-2.909073e-05
-2.8351066e-05
-2.7597998e-05
-2.6831582e-05
-2.6051904e-05
-2.5259083e-05
-2.4453272e-05
-2.3634626e-05
-2.2803429e-05
-2.1959712e-05
-2.1104619e-05
-2.0237023e-05
-1.9371859e-05
-1.8524971e-05
-1.765958e-05
-1.673186e-05
-1.5761333e-05
-1.4802861e-05
-1.3869199e-05
-1.2933636e-05
-1.1984235e-05
-1.1025613e-05
-1.0062938e-05
-9.0971544e-06
-8.1280651e-06
-7.1563843e-06
-6.1834163e-06
-5.2104217e-06
-4.2385446e-06
-3.2689613e-06
-2.3029459e-06
-1.3418096e-06
-3.8698404e-07
5.6034964e-07
1.4980927e-06
2.4264285e-06
3.3330056e-06
4.2069951e-06
5.0607039e-06
5.9138506e-06
6.777429e-06
7.6371488e-06
8.4724874e-06
9.2748383e-06
1.004155e-05
1.0776423e-05
1.1485169e-05
1.21678e-05
1.282179e-05
1.3445486e-05
1.4038225e-05
1.4599523e-05
1.5128859e-05
1.5625968e-05
1.6090724e-05
1.6524116e-05
1.6924045e-05
1.7286702e-05
1.7605449e-05
1.7874977e-05
1.8101447e-05
1.8293909e-05
1.8454942e-05
1.8581853e-05
1.8675759e-05
1.8731106e-05
1.8748334e-05
1.8726227e-05
1.8669178e-05
1.857378e-05
1.8444389e-05
1.8287244e-05
1.8114502e-05
1.7904815e-05
1.7649638e-05
1.7377619e-05
1.7090234e-05
1.6781519e-05
1.6452102e-05
1.6105085e-05
1.5741884e-05
1.5363511e-05
1.4971701e-05
1.4568473e-05
1.4155566e-05
1.3734395e-05
1.3306316e-05
1.2872734e-05
1.2435041e-05
1.1994545e-05
1.155247e-05
1.1109971e-05
1.0668138e-05
1.0227983e-05
9.7904416e-06
9.3563693e-06
8.9265437e-06
8.5016639e-06
8.0823497e-06
7.6691338e-06
7.2624523e-06
6.8626379e-06
6.4699381e-06
6.0844616e-06
5.7063231e-06
5.3351109e-06
4.9721361e-06
4.617442e-06
4.2697756e-06
3.9283634e-06
3.5928795e-06
3.2629209e-06
2.9378533e-06
2.6169229e-06
2.2992392e-06
1.9839351e-06
1.6695877e-06
1.3560861e-06
1.0395448e-06
7.2759805e-07
3.9650414e-07
1.5393034e-07
-3.9056829e-05
-3.8835077e-05
-3.8607204e-05
-3.837374e-05
-3.8134489e-05
-3.7889112e-05
-3.7637426e-05
-3.7379326e-05
-3.7114681e-05
-3.6843327e-05
-3.6565103e-05
-3.6279847e-05
-3.5987403e-05
-3.5687609e-05
-3.5380299e-05
-3.506531e-05
-3.4742473e-05
-3.4411623e-05
-3.407259e-05
-3.3725208e-05
-3.3369307e-05
-3.3004719e-05
-3.2631277e-05
-3.2248815e-05
-3.1857167e-05
-3.145617e-05
-3.1045664e-05
-3.0625491e-05
-3.0195497e-05
-2.9755532e-05
-2.930545e-05
-2.8845113e-05
-2.8374387e-05
-2.7893145e-05
-2.740127e-05
-2.6898652e-05
-2.6385192e-05
-2.5860801e-05
-2.5325403e-05
-2.4778933e-05
-2.4221343e-05
-2.3652596e-05
-2.3072677e-05
-2.2481585e-05
-2.187934e-05
-2.1265981e-05
-2.0641571e-05
-2.0006197e-05
-1.9359968e-05
-1.8703019e-05
-1.8035511e-05
-1.7357575e-05
-1.6669311e-05
-1.5971024e-05
-1.5263301e-05
-1.4546669e-05
-1.3821341e-05
-1.3087466e-05
-1.2345451e-05
-1.1595888e-05
-1.0839363e-05
-1.0076427e-05
-9.3076711e-06
-8.5337616e-06
-7.7554191e-06
-6.9734047e-06
-6.1885205e-06
-5.4016171e-06
-4.6135903e-06
-3.8253766e-06
-3.0378997e-06
-2.2520724e-06
-1.4688962e-06
-6.8944817e-07
8.5161982e-08
8.5395728e-07
1.6159394e-06
2.3696782e-06
3.1134032e-06
3.8453087e-06
4.563853e-06
5.2678209e-06
5.9560551e-06
6.6279782e-06
7.2829435e-06
7.9199183e-06
8.5376967e-06
9.1352033e-06
9.711554e-06
1.0266066e-05
1.0797996e-05
1.1307186e-05
1.1790869e-05
1.2243958e-05
1.2667952e-05
1.3066291e-05
1.3434664e-05
1.3764887e-05
1.4054227e-05
1.4306672e-05
1.453088e-05
1.4731539e-05
1.4905207e-05
1.5048301e-05
1.516109e-05
1.5244556e-05
1.5299522e-05
1.532575e-05
1.5321738e-05
1.5290334e-05
1.5235286e-05
1.5152991e-05
1.5042661e-05
1.4907516e-05
1.4740139e-05
1.4537583e-05
1.4316241e-05
1.4084829e-05
1.3836709e-05
1.3568386e-05
1.3281553e-05
1.2979665e-05
1.2665662e-05
1.2340802e-05
1.2005913e-05
1.1662113e-05
1.1310685e-05
1.0952856e-05
1.0589772e-05
1.0222541e-05
9.8522394e-06
9.4798937e-06
9.106475e-06
8.7328941e-06
8.3600016e-06
7.9885872e-06
7.619387e-06
7.2530748e-06
6.8902315e-06
6.5313402e-06
6.1767988e-06
5.8269207e-06
5.481967e-06
5.1420955e-06
4.8076585e-06
4.4785586e-06
4.1543819e-06
3.8348732e-06
3.5198523e-06
3.2089826e-06
2.9017414e-06
2.597503e-06
2.2955372e-06
1.9950974e-06
1.6951363e-06
1.3950409e-06
1.0906651e-06
7.8994027e-07
4.6090591e-07
2.0425439e-07
-3.3898349e-05
-3.3738157e-05
-3.3573569e-05
-3.3404434e-05
-3.3230889e-05
-3.3052899e-05
-3.28703e-05
-3.2682942e-05
-3.2490711e-05
-3.2293496e-05
-3.2091174e-05
-3.1883617e-05
-3.1670695e-05
-3.1452281e-05
-3.1228241e-05
-3.0998443e-05
-3.0762751e-05
-3.0521027e-05
-3.0273135e-05
-3.0018933e-05
-2.9758281e-05
-2.9491036e-05
-2.9217057e-05
-2.89362e-05
-2.8648322e-05
-2.8353279e-05
-2.8050927e-05
-2.7741125e-05
-2.7423731e-05
-2.7098604e-05
-2.6765606e-05
-2.6424601e-05
-2.6075455e-05
-2.5718039e-05
-2.5352225e-05
-2.4977891e-05
-2.4594921e-05
-2.4203204e-05
-2.3802633e-05
-2.3393112e-05
-2.297455e-05
-2.2546867e-05
-2.2109991e-05
-2.1663863e-05
-2.1208432e-05
-2.0743662e-05
-2.0269532e-05
-1.9786032e-05
-1.9293172e-05
-1.8790976e-05
-1.827949e-05
-1.7758779e-05
-1.7228905e-05
-1.6689896e-05
-1.6141807e-05
-1.5584823e-05
-1.5019229e-05
-1.444529e-05
-1.3863218e-05
-1.3273236e-05
-1.2675628e-05
-1.2070729e-05
-1.1458897e-05
-1.0840515e-05
-1.0215994e-05
-9.5858e-06
-8.9503871e-06
-8.3104833e-06
-7.6667871e-06
-7.0256246e-06
-6.3909837e-06
-5.7579111e-06
-5.1240188e-06
-4.4903072e-06
-3.8594329e-06
-3.2214638e-06
-2.5654815e-06
-1.900892e-06
-1.2397457e-06
-5.8510964e-07
6.4187131e-08
7.0870009e-07
1.3436956e-06
1.9609606e-06
2.5605448e-06
3.1483155e-06
3.725289e-06
4.2890161e-06
4.8373246e-06
5.3689587e-06
5.882746e-06
6.3771752e-06
6.8506007e-06
7.3011973e-06
7.7300873e-06
8.1393417e-06
8.5280698e-06
8.8947081e-06
9.2385464e-06
9.5599035e-06
9.856549e-06
1.012291e-05
1.035854e-05
1.057171e-05
1.0764217e-05
1.0941763e-05
1.1104962e-05
1.1249923e-05
1.1364828e-05
1.1442701e-05
1.1488884e-05
1.1506644e-05
1.1498674e-05
1.1467075e-05
1.1412836e-05
1.1337068e-05
1.1241361e-05
1.1126456e-05
1.0992341e-05
1.0839616e-05
1.0669535e-05
1.0483541e-05
1.0282942e-05
1.0068769e-05
9.8420291e-06
9.6038087e-06
9.3552205e-06
9.0973542e-06
8.831274e-06
8.5580242e-06
8.2786238e-06
7.9940593e-06
7.7052805e-06
7.4132027e-06
7.1187132e-06
6.8226828e-06
6.5259504e-06
6.2292029e-06
5.9330093e-06
5.6379023e-06
5.3443471e-06
5.0527538e-06
4.7633048e-06
4.4767476e-06
4.193579e-06
3.9132226e-06
3.6353025e-06
3.3597784e-06
3.0865994e-06
2.8155312e-06
2.5461779e-06
2.2780506e-06
2.01053e-06
1.7429686e-06
1.4742545e-06
1.2040954e-06
9.2926084e-07
6.5708833e-07
3.6554561e-07
1.485117e-07
-2.5505373e-05
-2.5398979e-05
-2.5289318e-05
-2.5176894e-05
-2.5061574e-05
-2.4943106e-05
-2.4821376e-05
-2.4696334e-05
-2.456791e-05
-2.4436007e-05
-2.4300523e-05
-2.4161364e-05
-2.4018434e-05
-2.3871635e-05
-2.3720864e-05
-2.3566019e-05
-2.3406993e-05
-2.3243681e-05
-2.3075974e-05
-2.2903761e-05
-2.2726931e-05
-2.254537e-05
-2.2358963e-05
-2.2167594e-05
-2.1971146e-05
-2.1769501e-05
-2.1562539e-05
-2.135014e-05
-2.1132185e-05
-2.0908553e-05
-2.0679124e-05
-2.0443776e-05
-2.0202392e-05
-1.9954852e-05
-1.9701039e-05
-1.9440837e-05
-1.9174132e-05
-1.8900813e-05
-1.8620771e-05
-1.8333902e-05
-1.8040105e-05
-1.7739283e-05
-1.7431345e-05
-1.7116205e-05
-1.6793784e-05
-1.646401e-05
-1.6126819e-05
-1.5782155e-05
-1.5429972e-05
-1.5070236e-05
-1.4702921e-05
-1.4328015e-05
-1.394552e-05
-1.355545e-05
-1.3157838e-05
-1.275273e-05
-1.2340192e-05
-1.1920306e-05
-1.1493173e-05
-1.1058914e-05
-1.0617672e-05
-1.0169615e-05
-9.7149307e-06
-9.2538336e-06
-8.7865626e-06
-8.3133829e-06
-7.8345861e-06
-7.3504915e-06
-6.8614435e-06
-6.3678094e-06
-5.8699429e-06
-5.3681943e-06
-4.8629865e-06
-4.3548083e-06
-3.8441689e-06
-3.3315821e-06
-2.8176836e-06
-2.3032645e-06
-1.7890538e-06
-1.2756403e-06
-7.6368059e-07
-2.5404281e-07
2.5246333e-07
7.5468003e-07
1.2516881e-06
1.7427225e-06
2.2268721e-06
2.7030887e-06
3.1703137e-06
3.627495e-06
4.0735351e-06
4.5072615e-06
4.9274281e-06
5.3327131e-06
5.7219798e-06
6.0956293e-06
6.4543576e-06
6.7974228e-06
7.1236128e-06
7.4320868e-06
7.7223523e-06
7.9940725e-06
8.2470631e-06
8.4810934e-06
8.6956959e-06
8.8902367e-06
9.0641023e-06
9.2164527e-06
9.3469273e-06
9.455507e-06
9.5429466e-06
9.6093017e-06
9.6549343e-06
9.6802273e-06
9.6855369e-06
9.6712126e-06
9.6377092e-06
9.5858037e-06
9.5164558e-06
9.4305133e-06
9.328911e-06
9.2116698e-06
9.0783271e-06
8.929558e-06
8.766602e-06
8.5905821e-06
8.4024575e-06
8.2031723e-06
7.993696e-06
7.7749929e-06
7.5479964e-06
7.3136037e-06
7.0726665e-06
6.8259826e-06
6.5742653e-06
6.3183812e-06
6.0598501e-06
5.7995493e-06
5.5379371e-06
5.2755146e-06
5.0128281e-06
4.7503399e-06
4.4883737e-06
4.227202e-06
3.96711e-06
3.7082452e-06
3.4507785e-06
3.1948544e-06
2.9403814e-06
2.687077e-06
2.4345938e-06
2.1825454e-06
1.9304411e-06
1.6777569e-06
1.4237103e-06
1.1679847e-06
9.0702844e-07
6.4752166e-07
3.6691525e-07
1.5255479e-07
-2.3511452e-05
-2.3431663e-05
-2.3349575e-05
-2.3264823e-05
-2.3177707e-05
-2.3088338e-05
-2.2996597e-05
-2.2902358e-05
-2.280555e-05
-2.2706119e-05
-2.2604e-05
-2.2499114e-05
-2.2391385e-05
-2.2280736e-05
-2.216709e-05
-2.2050365e-05
-2.193048e-05
-2.1807351e-05
-2.1680893e-05
-2.1551018e-05
-2.1417638e-05
-2.1280662e-05
-2.1139999e-05
-2.0995555e-05
-2.0847236e-05
-2.0694944e-05
-2.0538584e-05
-2.0378055e-05
-2.0213259e-05
-2.0044094e-05
-1.9870459e-05
-1.9692251e-05
-1.9509369e-05
-1.9321708e-05
-1.9129165e-05
-1.8931638e-05
-1.8729023e-05
-1.8521218e-05
-1.8308121e-05
-1.8089633e-05
-1.7865654e-05
-1.7636088e-05
-1.7400839e-05
-1.7159816e-05
-1.691293e-05
-1.6660096e-05
-1.6401232e-05
-1.6136262e-05
-1.5865114e-05
-1.5587723e-05
-1.530403e-05
-1.5013983e-05
-1.4717537e-05
-1.4414659e-05
-1.4105322e-05
-1.378951e-05
-1.346722e-05
-1.313846e-05
-1.2803252e-05
-1.246163e-05
-1.2113647e-05
-1.1759369e-05
-1.1398879e-05
-1.1032283e-05
-1.0659701e-05
-1.0281279e-05
-9.8971824e-06
-9.5076016e-06
-9.1127512e-06
-8.712874e-06
-8.3082371e-06
-7.8991166e-06
-7.4857913e-06
-7.06856e-06
-6.6477511e-06
-6.2237175e-06
-5.7968404e-06
-5.3675784e-06
-4.9364862e-06
-4.504191e-06
-4.0709338e-06
-3.6372315e-06
-3.2037871e-06
-2.7713108e-06
-2.340476e-06
-1.9119345e-06
-1.4863439e-06
-1.0643931e-06
-6.4680123e-07
-2.3430152e-07
1.723705e-07
5.7248028e-07
9.6529987e-07
1.3501182e-06
1.7262582e-06
2.0930715e-06
2.4498958e-06
2.7960427e-06
3.1308351e-06
3.4536405e-06
3.763857e-06
4.0608963e-06
4.3441843e-06
4.613309e-06
4.8679027e-06
5.1078273e-06
5.332647e-06
5.5424738e-06
5.7364307e-06
5.9149458e-06
6.0768302e-06
6.223109e-06
6.3528577e-06
6.4622084e-06
6.5518496e-06
6.6241517e-06
6.6798963e-06
6.7189529e-06
6.7413796e-06
6.7475281e-06
6.7378124e-06
6.71263e-06
6.6724523e-06
6.6178929e-06
6.549631e-06
6.4683393e-06
6.3746846e-06
6.2693525e-06
6.1530504e-06
6.0264975e-06
5.8904172e-06
5.7455342e-06
5.5925714e-06
5.432243e-06
5.2652407e-06
5.092275e-06
4.9141798e-06
4.7316896e-06
4.5455496e-06
4.3563645e-06
4.1646018e-06
3.970718e-06
3.7752721e-06
3.5785241e-06
3.3797029e-06
3.1786351e-06
2.9758121e-06
2.7721546e-06
2.5678304e-06
2.3625084e-06
2.1558203e-06
1.9474307e-06
1.7368954e-06
1.5236918e-06
1.3068089e-06
1.0858509e-06
8.5705581e-07
6.265395e-07
3.6867274e-07
1.6396674e-07
-1.505249e-05
-1.500614e-05
-1.4958094e-05
-1.4908863e-05
-1.4858352e-05
-1.4806358e-05
-1.475281e-05
-1.4697701e-05
-1.4641001e-05
-1.4582654e-05
-1.4522605e-05
-1.4460803e-05
-1.4397198e-05
-1.4331737e-05
-1.4264363e-05
-1.419502e-05
-1.412365e-05
-1.4050194e-05
-1.397459e-05
-1.3896776e-05
-1.3816688e-05
-1.3734261e-05
-1.3649428e-05
-1.3562121e-05
-1.347227e-05
-1.3379803e-05
-1.3284649e-05
-1.3186733e-05
-1.3085981e-05
-1.2982317e-05
-1.2875662e-05
-1.2765939e-05
-1.2653067e-05
-1.2536967e-05
-1.2417557e-05
-1.2294755e-05
-1.2168479e-05
-1.2038645e-05
-1.1905172e-05
-1.1767974e-05
-1.162697e-05
-1.1482076e-05
-1.133321e-05
-1.1180292e-05
-1.102324e-05
-1.0861976e-05
-1.0696422e-05
-1.0526504e-05
-1.0352149e-05
-1.0173287e-05
-9.9898516e-06
-9.8017802e-06
-9.609014e-06
-9.4114992e-06
-9.2091873e-06
-9.0020356e-06
-8.7900077e-06
-8.5730746e-06
-8.3512147e-06
-8.1244153e-06
-7.8926725e-06
-7.6559927e-06
-7.4143929e-06
-7.1679018e-06
-6.9165604e-06
-6.6604232e-06
-6.3995589e-06
-6.1340513e-06
-5.8640004e-06
-5.5895235e-06
-5.3107561e-06
-5.0278531e-06
-4.74099e-06
-4.4503648e-06
-4.1561986e-06
-3.8587374e-06
-3.5582533e-06
-3.2550464e-06
-2.9494466e-06
-2.6418095e-06
-2.3325109e-06
-2.021815e-06
-1.7100804e-06
-1.3977409e-06
-1.0852448e-06
-7.7304645e-07
-4.6162158e-07
-1.5147132e-07
1.5688255e-07
4.6290157e-07
7.660327e-07
1.0657099e-06
1.3613575e-06
1.6523937e-06
1.9382369e-06
2.2183103e-06
2.4920461e-06
2.75888e-06
3.018246e-06
3.2695799e-06
3.5123274e-06
3.7459495e-06
3.9699245e-06
4.1837474e-06
4.3869282e-06
4.5789858e-06
4.7594574e-06
4.9278857e-06
5.083867e-06
5.2269782e-06
5.3569358e-06
5.4733257e-06
5.5759891e-06
5.6645439e-06
5.7391661e-06
5.8001644e-06
5.8476005e-06
5.8814647e-06
5.9018509e-06
5.9089488e-06
5.9029866e-06
5.8842126e-06
5.8528999e-06
5.8093738e-06
5.7540135e-06
5.6872174e-06
5.6094061e-06
5.5210411e-06
5.4226231e-06
5.3146798e-06
5.1977609e-06
5.0724403e-06
4.9393285e-06
4.7990779e-06
4.6523568e-06
4.4995436e-06
4.3403658e-06
4.1746717e-06
4.0047392e-06
3.8319972e-06
3.6567144e-06
3.479008e-06
3.2991873e-06
3.1175701e-06
2.9344058e-06
2.7499719e-06
2.5644619e-06
2.3780028e-06
2.1905518e-06
2.0019704e-06
1.8120646e-06
1.6205895e-06
1.4272279e-06
1.2316513e-06
1.0333088e-06
8.3229783e-07
6.2738355e-07
4.2513286e-07
2.1836082e-07
7.6436525e-08
-1.7135577e-05
-1.7092101e-05
-1.7047393e-05
-1.7000928e-05
-1.6953095e-05
-1.6904101e-05
-1.6853855e-05
-1.6802243e-05
-1.674922e-05
-1.6694768e-05
-1.6638854e-05
-1.6581433e-05
-1.652246e-05
-1.6461891e-05
-1.6399685e-05
-1.6335795e-05
-1.6270175e-05
-1.6202776e-05
-1.613355e-05
-1.6062447e-05
-1.5989415e-05
-1.5914401e-05
-1.5837353e-05
-1.5758216e-05
-1.5676932e-05
-1.5593445e-05
-1.5507696e-05
-1.5419625e-05
-1.5329172e-05
-1.5236275e-05
-1.514087e-05
-1.5042894e-05
-1.4942282e-05
-1.4838966e-05
-1.4732881e-05
-1.4623958e-05
-1.4512129e-05
-1.4397325e-05
-1.4279475e-05
-1.4158508e-05
-1.4034356e-05
-1.3906945e-05
-1.3776206e-05
-1.3642066e-05
-1.3504455e-05
-1.3363303e-05
-1.321854e-05
-1.3070096e-05
-1.2917904e-05
-1.2761896e-05
-1.2602009e-05
-1.2438179e-05
-1.2270344e-05
-1.2098447e-05
-1.1922432e-05
-1.1742247e-05
-1.1557844e-05
-1.1369179e-05
-1.1176212e-05
-1.097891e-05
-1.0777243e-05
-1.0571191e-05
-1.0360736e-05
-1.0145873e-05
-9.9265995e-06
-9.702926e-06
-9.4748704e-06
-9.2424612e-06
-9.005738e-06
-8.7647512e-06
-8.5195623e-06
-8.2702448e-06
-8.0168849e-06
-7.7595806e-06
-7.4984444e-06
-7.2336049e-06
-6.965207e-06
-6.6934115e-06
-6.4183956e-06
-6.1403539e-06
-5.859498e-06
-5.5760574e-06
-5.290281e-06
-5.002437e-06
-4.7128122e-06
-4.4217112e-06
-4.1294572e-06
-3.8363912e-06
-3.5428715e-06
-3.2492728e-06
-2.9559853e-06
-2.6634139e-06
-2.3719765e-06
-2.0821029e-06
-1.7942327e-06
-1.5088142e-06
-1.2263021e-06
-9.4715667e-07
-6.7183901e-07
-4.0080952e-07
-1.3453983e-07
1.2648195e-07
3.8176561e-07
6.3083773e-07
8.7323099e-07
1.1085172e-06
1.3362241e-06
1.5560358e-06
1.7673815e-06
1.9702492e-06
2.1637512e-06
2.3484768e-06
2.5230804e-06
2.6888739e-06
2.8453563e-06
2.9909147e-06
3.1249162e-06
3.2474228e-06
3.3584728e-06
3.457958e-06
3.5457769e-06
3.6218518e-06
3.685886e-06
3.7380056e-06
3.7788543e-06
3.8087266e-06
3.8276816e-06
3.8358423e-06
3.8334472e-06
3.8207949e-06
3.798234e-06
3.7661835e-06
3.7251518e-06
3.6755495e-06
3.6176882e-06
3.5518725e-06
3.4784543e-06
3.397784e-06
3.3105887e-06
3.2174065e-06
3.1185488e-06
3.0142762e-06
2.9048883e-06
2.7905617e-06
2.6718487e-06
2.54987e-06
2.4246902e-06
2.2953075e-06
2.1611949e-06
2.0223114e-06
1.8785968e-06
1.7298785e-06
1.5756439e-06
1.4152118e-06
1.2476182e-06
1.0719641e-06
8.842208e-07
6.8473509e-07
4.3964275e-07
2.1553029e-07
-6.7844957e-06
-6.7697545e-06
-6.7540279e-06
-6.7381053e-06
-6.7218514e-06
-6.7050016e-06
-6.687527e-06
-6.6694811e-06
-6.6508451e-06
-6.631575e-06
-6.6116421e-06
-6.591028e-06
-6.5697122e-06
-6.54767e-06
-6.5248755e-06
-6.5013029e-06
-6.4769259e-06
-6.4517173e-06
-6.425649e-06
-6.3986919e-06
-6.3708165e-06
-6.341992e-06
-6.3121872e-06
-6.2813696e-06
-6.2495063e-06
-6.2165633e-06
-6.1825057e-06
-6.1472978e-06
-6.1109033e-06
-6.0732847e-06
-6.0344038e-06
-5.9942216e-06
-5.9526985e-06
-5.9097937e-06
-5.8654662e-06
-5.8196737e-06
-5.7723737e-06
-5.7235229e-06
-5.6730772e-06
-5.6209924e-06
-5.5672235e-06
-5.5117252e-06
-5.4544519e-06
-5.3953577e-06
-5.3343967e-06
-5.2715227e-06
-5.20669e-06
-5.1398526e-06
-5.0709652e-06
-4.9999829e-06
-4.9268614e-06
-4.8515572e-06
-4.774028e-06
-4.6942325e-06
-4.612131e-06
-4.5276852e-06
-4.4408592e-06
-4.3516188e-06
-4.2599325e-06
-4.1657716e-06
-4.0691105e-06
-3.9699268e-06
-3.8682022e-06
-3.7639223e-06
-3.6570774e-06
-3.5476628e-06
-3.4356789e-06
-3.3211323e-06
-3.2040355e-06
-3.0844078e-06
-2.9622745e-06
-2.8376663e-06
-2.7106221e-06
-2.5811921e-06
-2.449436e-06
-2.3154223e-06
-2.1792287e-06
-2.0409433e-06
-1.9006652e-06
-1.7585046e-06
-1.6145829e-06
-1.4690328e-06
-1.3219992e-06
-1.1736392e-06
-1.0241221e-06
-8.7362915e-07
-7.2235095e-07
-5.7048967e-07
-4.1825933e-07
-2.6588538e-07
-1.1360373e-07
3.8339792e-08
1.8969007e-07
3.4018128e-07
4.89537e-07
6.3747345e-07
7.8370186e-07
9.279277e-07
1.0698532e-06
1.209146e-06
1.3454371e-06
1.478384e-06
1.60768e-06
1.7330198e-06
1.8540863e-06
1.970564e-06
2.0821408e-06
2.188524e-06
2.2894056e-06
2.3845302e-06
2.473559e-06
2.556335e-06
2.632129e-06
2.7004737e-06
2.7618275e-06
2.8164178e-06
2.8640892e-06
2.9046575e-06
2.938038e-06
2.9641969e-06
2.9831146e-06
2.9947889e-06
2.9992423e-06
2.996531e-06
2.9867245e-06
2.9698706e-06
2.9459953e-06
2.9151051e-06
2.8771625e-06
2.8320372e-06
2.7794908e-06
2.7192568e-06
2.6537096e-06
2.5841841e-06
2.5109247e-06
2.4341483e-06
2.3542563e-06
2.2721108e-06
2.1867528e-06
2.0977842e-06
2.0055882e-06
1.9106347e-06
1.8132377e-06
1.7135985e-06
1.6119529e-06
1.5085823e-06
1.4035295e-06
1.2966845e-06
1.1879214e-06
1.0772031e-06
9.6398005e-07
8.491058e-07
7.3306407e-07
6.1561517e-07
4.9646694e-07
3.7595698e-07
2.5563187e-07
1.4065757e-07
4.1312742e-08
-9.8165289e-09
-1.4390696e-05
-1.4359297e-05
-1.4327206e-05
-1.4293489e-05
-1.4258702e-05
-1.4223219e-05
-1.4186961e-05
-1.4149783e-05
-1.4111647e-05
-1.4072558e-05
-1.4032503e-05
-1.3991453e-05
-1.3949377e-05
-1.3906249e-05
-1.3862044e-05
-1.3816733e-05
-1.3770288e-05
-1.372268e-05
-1.3673879e-05
-1.3623854e-05
-1.3572575e-05
-1.3520008e-05
-1.3466121e-05
-1.341088e-05
-1.335425e-05
-1.3296197e-05
-1.3236684e-05
-1.3175673e-05
-1.3113128e-05
-1.3049009e-05
-1.2983277e-05
-1.2915892e-05
-1.2846812e-05
-1.2775995e-05
-1.2703399e-05
-1.2628979e-05
-1.2552692e-05
-1.2474491e-05
-1.2394332e-05
-1.2312167e-05
-1.2227948e-05
-1.2141628e-05
-1.2053157e-05
-1.1962486e-05
-1.1869566e-05
-1.1774345e-05
-1.1676773e-05
-1.1576798e-05
-1.1474369e-05
-1.1369434e-05
-1.1261941e-05
-1.1151839e-05
-1.1039076e-05
-1.09236e-05
-1.0805361e-05
-1.0684307e-05
-1.0560391e-05
-1.0433561e-05
-1.0303772e-05
-1.0170976e-05
-1.003513e-05
-9.8961893e-06
-9.7541137e-06
-9.6088648e-06
-9.4604062e-06
-9.3087065e-06
-9.1537308e-06
-8.995473e-06
-8.8338736e-06
-8.6692351e-06
-8.5020308e-06
-8.3320326e-06
-8.1587863e-06
-7.9822116e-06
-7.8024235e-06
-7.6194974e-06
-7.433456e-06
-7.2443292e-06
-7.0521714e-06
-6.8570506e-06
-6.659042e-06
-6.4582296e-06
-6.2547087e-06
-6.0485867e-06
-5.8399828e-06
-5.6290286e-06
-5.4158678e-06
-5.2006573e-06
-4.9835671e-06
-4.7647803e-06
-4.5444936e-06
-4.3229168e-06
-4.1002732e-06
-3.8767998e-06
-3.6527455e-06
-3.4283786e-06
-3.2039396e-06
-2.9799131e-06
-2.7543713e-06
-2.5259799e-06
-2.2972647e-06
-2.0700532e-06
-1.8446597e-06
-1.6211468e-06
-1.399781e-06
-1.1809334e-06
-9.6493495e-07
-7.521416e-07
-5.4279811e-07
-3.3731565e-07
-1.3580245e-07
6.1241186e-08
2.5387784e-07
4.4160245e-07
6.2356178e-07
7.9921736e-07
9.6823221e-07
1.1302931e-06
1.285082e-06
1.4322957e-06
1.5716531e-06
1.702896e-06
1.8257885e-06
1.9401192e-06
2.0457074e-06
2.1424056e-06
2.2300931e-06
2.3086724e-06
2.3780702e-06
2.4382404e-06
2.4891631e-06
2.5308469e-06
2.5636846e-06
2.5879417e-06
2.6037323e-06
2.6111651e-06
2.6103732e-06
2.6014959e-06
2.5846729e-06
2.560133e-06
2.5281729e-06
2.489102e-06
2.4431858e-06
2.3907979e-06
2.3319485e-06
2.2660375e-06
2.1930545e-06
2.1133691e-06
2.0272366e-06
1.9346885e-06
1.8354997e-06
1.7294593e-06
1.6159991e-06
1.4937773e-06
1.360449e-06
1.2124197e-06
1.0440213e-06
8.4647879e-07
6.0094546e-07
3.1464717e-07
)
;

boundaryField
{
    corpo
    {
        type            zeroGradient;
    }
    esterno
    {
        type            freestreamPressure;
        freestreamValue uniform 0;
        supersonic      false;
        value           nonuniform List<scalar> 
440
(
6.2649329e-05
6.264832e-05
6.2645799e-05
6.2641606e-05
6.2635529e-05
6.262734e-05
6.2616792e-05
6.2603626e-05
6.2581288e-05
6.2503388e-05
6.2482406e-05
6.2457685e-05
6.2428632e-05
6.2394868e-05
6.2355924e-05
6.2246033e-05
6.2132966e-05
6.2079279e-05
6.2018126e-05
6.194857e-05
6.1821445e-05
6.1592005e-05
6.1500425e-05
6.1397357e-05
6.1280627e-05
6.0931848e-05
6.0765161e-05
6.0616036e-05
6.0417514e-05
5.9955844e-05
5.9765986e-05
5.9552466e-05
5.9033756e-05
5.8710296e-05
5.8440063e-05
5.7802446e-05
5.742848e-05
5.7016237e-05
5.6271869e-05
5.587374e-05
5.5067533e-05
5.4464575e-05
5.3692938e-05
5.2887428e-05
5.208318e-05
5.116855e-05
5.0277634e-05
4.9361689e-05
4.8840442e-05
4.8020646e-05
4.7675664e-05
4.7325846e-05
4.6952677e-05
4.6105407e-05
4.5573349e-05
4.5168677e-05
4.4735096e-05
4.3912257e-05
4.3233235e-05
4.2769719e-05
4.2272506e-05
4.1345872e-05
4.0656195e-05
4.0134242e-05
3.9572008e-05
3.8440711e-05
3.7859596e-05
3.7269774e-05
3.6412306e-05
3.5451945e-05
3.4814099e-05
3.4124844e-05
3.2901616e-05
3.2215012e-05
3.1493053e-05
3.0358157e-05
2.9496212e-05
2.8727597e-05
2.7621228e-05
2.6643625e-05
2.5807032e-05
2.466289e-05
2.3641458e-05
2.2746876e-05
2.1534596e-05
2.0521919e-05
1.9572042e-05
1.8277492e-05
1.7305898e-05
1.6236625e-05
1.503117e-05
1.4033853e-05
1.2856065e-05
1.1771594e-05
1.0719087e-05
9.5350077e-06
8.5181779e-06
7.3920267e-06
6.3406496e-06
5.2877282e-06
4.2247947e-06
3.2187294e-06
2.1958949e-06
1.2330496e-06
2.924151e-07
-6.2169823e-07
-1.4886491e-06
-2.3323992e-06
-3.1280565e-06
-3.8909009e-06
-4.6217765e-06
-5.2963959e-06
-5.9323125e-06
-6.537214e-06
-7.1240909e-06
-7.7142855e-06
-8.2667767e-06
-8.8738319e-06
-9.3693881e-06
-9.9450217e-06
-1.0390031e-05
-1.0420812e-05
-1.0380249e-05
-1.0348694e-05
-1.0319457e-05
-1.0289235e-05
-1.0272105e-05
-1.0230446e-05
-1.0213983e-05
-1.018106e-05
-1.0154118e-05
-1.0134866e-05
-1.0094e-05
-1.0077191e-05
-1.0046924e-05
-1.0016804e-05
-9.9998203e-06
-9.9607694e-06
-9.9392524e-06
-9.9202585e-06
-9.8787146e-06
-9.861594e-06
-9.8386753e-06
-9.801133e-06
-9.7840083e-06
-9.7597908e-06
-9.7237297e-06
-9.7066593e-06
-9.6839291e-06
-9.6466706e-06
-9.6296994e-06
-9.611379e-06
-9.5700873e-06
-9.5532605e-06
-9.5365003e-06
-9.5001428e-06
-9.4774991e-06
-9.4609345e-06
-9.4355482e-06
-9.4025033e-06
-9.386165e-06
-9.3698934e-06
-9.3337388e-06
-9.3123221e-06
-9.2963591e-06
-9.2785206e-06
-9.2394631e-06
-9.2237648e-06
-9.2081652e-06
-9.187739e-06
-9.1521859e-06
-9.1368593e-06
-9.1216184e-06
-9.1031713e-06
-9.066543e-06
-9.0516163e-06
-9.0367933e-06
-9.0220023e-06
-8.9860585e-06
-8.9682335e-06
-8.9538589e-06
-8.9395283e-06
-8.9160935e-06
-8.886777e-06
-8.8728477e-06
-8.8590081e-06
-8.8452168e-06
-8.816016e-06
-8.7938223e-06
-8.780468e-06
-8.7671847e-06
-8.7539588e-06
-8.7257125e-06
-8.703899e-06
-8.6911209e-06
-8.6784171e-06
-8.6657697e-06
-8.6458425e-06
-8.617043e-06
-8.6048148e-06
-8.5845241e-06
-8.5434748e-06
-8.5123082e-06
-8.473989e-06
-8.4356913e-06
-8.4079009e-06
-8.3619093e-06
-8.3374362e-06
-8.3008409e-06
-8.2665036e-06
-8.2433518e-06
-8.2023792e-06
-8.1753535e-06
-8.153577e-06
-8.1133641e-06
-8.0884884e-06
-8.0680677e-06
-8.0344514e-06
-8.0058058e-06
-7.9866962e-06
-7.9663572e-06
-7.9271604e-06
-7.9093232e-06
-7.8918795e-06
-7.8709697e-06
-7.8357841e-06
-7.8195398e-06
-7.8036583e-06
-7.7880616e-06
-7.7549118e-06
-7.7360085e-06
-7.7216075e-06
-7.707476e-06
-7.6936248e-06
-7.6609557e-06
-7.6452355e-06
-7.6324992e-06
-7.6200074e-06
-7.607765e-06
-7.5917462e-06
-7.5626072e-06
-7.5513608e-06
-7.540387e-06
-7.529628e-06
-7.5190991e-06
-7.5088184e-06
-7.4887741e-06
-7.4677131e-06
-7.4582945e-06
-7.449095e-06
-7.4400873e-06
-7.4312848e-06
-7.4226936e-06
-7.4143084e-06
-7.4004692e-06
-7.3770443e-06
-7.3693727e-06
-7.3618948e-06
-7.3545749e-06
-7.3474234e-06
-7.340448e-06
-7.3336445e-06
-7.3270065e-06
-7.3205283e-06
-7.3142122e-06
-7.2926817e-06
-7.2812049e-06
-7.2754468e-06
-7.2698206e-06
-7.2643211e-06
-7.258957e-06
-7.2537288e-06
-7.2486312e-06
-7.2436599e-06
-7.2388121e-06
-7.2340854e-06
-7.229477e-06
-7.2249846e-06
-7.2206044e-06
-7.2163455e-06
-7.1954048e-06
-7.1797053e-06
-7.16366e-06
-7.1468016e-06
-7.1294079e-06
-7.1116665e-06
-7.0935378e-06
-7.0749489e-06
-7.0558807e-06
-7.0363362e-06
-7.0163091e-06
-6.995784e-06
-6.9747461e-06
-6.9531821e-06
-6.9310794e-06
-6.908424e-06
-6.8852017e-06
-6.8613978e-06
-6.8369973e-06
-6.811985e-06
-6.7863452e-06
-6.7600618e-06
-6.7331183e-06
-6.7054978e-06
-6.6771831e-06
-6.6481564e-06
-6.6183998e-06
-6.5878946e-06
-6.556622e-06
-6.5245625e-06
-6.4916966e-06
-6.4580039e-06
-6.4234638e-06
-6.3880554e-06
-6.3517572e-06
-6.3145474e-06
-6.2764037e-06
-6.2373035e-06
-6.1972237e-06
-6.156141e-06
-6.1140315e-06
-6.0708713e-06
-6.0266358e-06
-5.9813004e-06
-5.9348399e-06
-5.8872293e-06
-5.8384431e-06
-5.7884555e-06
-5.7372408e-06
-5.6847732e-06
-5.6310267e-06
-5.5759754e-06
-5.5195935e-06
-5.4618554e-06
-5.4027354e-06
-5.3422085e-06
-5.2802497e-06
-5.2168347e-06
-5.1519397e-06
-5.0855416e-06
-5.0176178e-06
-4.9481471e-06
-4.8771089e-06
-4.8044839e-06
-4.7302541e-06
-4.6544037e-06
-4.5769153e-06
-4.4977858e-06
-4.4169854e-06
-4.3346655e-06
-4.2510627e-06
-4.1660629e-06
-4.079439e-06
-3.9911509e-06
-3.901256e-06
-3.8097921e-06
-3.7167705e-06
-3.6222062e-06
-3.5261263e-06
-3.428565e-06
-3.3295597e-06
-3.2291524e-06
-3.1273909e-06
-3.0243288e-06
-2.9200257e-06
-2.8145474e-06
-2.7079658e-06
-2.6003593e-06
-2.491813e-06
-2.3824184e-06
-2.2722737e-06
-2.161484e-06
-2.0501609e-06
-1.9384228e-06
-1.8263943e-06
-1.7142095e-06
-1.6019886e-06
-1.4899741e-06
-1.3772018e-06
-1.2630047e-06
-1.1486457e-06
-1.0350386e-06
-9.2234051e-07
-8.105827e-07
-6.998985e-07
-5.9047339e-07
-4.824729e-07
-3.7607499e-07
-2.7140206e-07
-1.6865967e-07
-6.7901961e-08
3.0620922e-08
1.2694027e-07
2.2080354e-07
3.1178412e-07
3.9961277e-07
4.8412098e-07
5.6515215e-07
6.4254729e-07
7.1615472e-07
7.8583397e-07
8.5145591e-07
9.1290258e-07
9.7006825e-07
1.0228626e-06
1.071212e-06
1.1150559e-06
1.1543457e-06
1.1890446e-06
1.2191297e-06
1.2445911e-06
1.2654329e-06
1.2818516e-06
1.2939799e-06
1.3018751e-06
1.3055912e-06
1.305195e-06
1.3007561e-06
1.2923443e-06
1.280074e-06
1.2640936e-06
1.2445579e-06
1.2215994e-06
1.1954051e-06
1.1659801e-06
1.1330242e-06
1.0965324e-06
1.0566894e-06
1.0136228e-06
9.6734839e-07
9.1775369e-07
8.6473313e-07
8.0800276e-07
7.4689155e-07
6.8022707e-07
6.0621211e-07
5.220126e-07
4.2324095e-07
3.0047383e-07
1.5732416e-07
)
;
    }
    uscita
    {
        type            fixedValue;
        value           uniform 0;
    }
    front
    {
        type            wedge;
    }
    back
    {
        type            wedge;
    }
    defaultFaces
    {
        type            empty;
    }
}


// ************************************************************************* //
